"model_id","wis_scaled_relative_skill","wis","ae_median_scaled_relative_skill","ae_median","interval_coverage_50","interval_coverage_95","n"
"UMass-AR2",1,1611.5916872008,1,2549.1813343728,0.436974789915966,0.915966386554622,119
"UMass-AR6_pooled",1.08130756002807,1742.62627504861,1.01514496922241,2587.78860722421,0.285714285714286,0.857142857142857,119
"UMass-AR6_unpooled",1.04004868518261,1676.13381532441,1.00970070525983,2573.91019115141,0.394957983193277,0.890756302521008,119
