"model_id","location","wis_scaled_relative_skill","wis_scaled_relative_skill__log","wis","wis__log","ae_median_scaled_relative_skill","ae_median_scaled_relative_skill__log","ae_median","ae_median__log","interval_coverage_50","interval_coverage_95","n"
"FluSight-baseline","01",1,1,0.00176934518993033,0.00175295804566281,1,1,0.000708333333333317,0.000706829597791562,1,1,12
"FluSight-baseline","02",1,1,0.0013425421524909,0.00133422848976547,1,1,5e-04,0.000498712552928351,1,1,12
"FluSight-baseline","04",1,1,0.0015882089696578,0.00157631377053419,1,1,0.002075,0.00206456759668948,0.916666666666667,1,12
"FluSight-baseline","05",1,1,0.00132114005188493,0.00131269981069469,1,1,0.000633333333333325,0.000632499492417902,1,1,12
"FluSight-baseline","06",1,1,0.000993534391869459,0.000988058791856537,1,1,0.000325,0.000323877723269996,1,1,12
"FluSight-baseline","08",1,1,0.00134265023862809,0.00133611647559724,1,1,0.001875,0.0018705881024273,1,1,12
"FluSight-baseline","09",1,1,0.00127027779654933,0.00126265124875358,1,1,0.00115,0.00114821826312869,0.916666666666667,1,12
"FluSight-baseline","10",1,1,0.00121517670336177,0.00120760101803774,1,1,0.000725,0.000724343610927771,1,1,12
"FluSight-baseline","11",1,1,0.00107201772943598,0.00106640954296143,1,1,0.000541666666666667,0.000540897393872975,1,1,12
"FluSight-baseline","12",1,1,0.0012112636975665,0.0012046865479477,1,1,0.000875,0.000872274992009578,1,1,12
"FluSight-baseline","13",1,1,0.00104510304185686,0.00103878762206096,1,1,0.000658333333333325,0.000657512354121876,1,1,12
"FluSight-baseline","15",1,1,0.00289897515237995,0.00285240083140073,1,1,0.00476666666666667,0.00469590399260141,0.5,1,12
"FluSight-baseline","16",1,1,0.00109096698982116,0.00108463216901789,1,1,0.00059166666666665,0.000590598279627194,1,1,12
"FluSight-baseline","17",1,1,0.00109640147194804,0.00108990577894397,1,1,0.000433333333333333,0.000432986138157002,1,1,12
"FluSight-baseline","18",1,1,0.0012463813113093,0.0012375317453338,1,1,0.000241666666666667,0.000241529666252803,1,1,12
"FluSight-baseline","19",1,1,0.000885888449821811,0.00088138156150164,1,1,0.000300010375103751,0.000299875456048827,1,1,12
"FluSight-baseline","20",1,1,0.000982478642351271,0.00097678306201635,1,1,0.000233333333333333,0.000233204243229763,1,1,12
"FluSight-baseline","21",1,1,0.00145925807062436,0.00144707683225796,1,1,0.000508333333333325,0.000507807675817169,1,1,12
"FluSight-baseline","22",1,1,0.00138747651741734,0.00137803522027476,1,1,0.000491666666666658,0.000491057873075878,1,1,12
"FluSight-baseline","23",1,1,0.00122804718614522,0.00122110287772523,1,1,0.00114999999999999,0.00114763391604733,0.916666666666667,1,12
"FluSight-baseline","24",1,1,0.00128025809118362,0.00127165915986484,1,1,0.000583333333333325,0.000582519531434422,1,1,12
"FluSight-baseline","25",1,1,0.00119886358061406,0.00119169298242485,1,1,0.000875,0.000873700965742206,1,1,12
"FluSight-baseline","26",1,1,0.000960272893293962,0.000954689180868817,1,1,0.000175,0.000174914626893533,1,1,12
"FluSight-baseline","27",1,1,0.00151282163611273,0.00150216912932767,1,1,0.00150833333333333,0.00150552305018263,1,1,12
"FluSight-baseline","28",1,1,0.00156509054125523,0.00155288613138252,1,1,0.000741666666666667,0.000740098859667075,1,1,12
"FluSight-baseline","30",1,1,0.00109473148815636,0.00108870018314776,1,1,0.000624999999999983,0.000624229013710021,1,1,12
"FluSight-baseline","31",1,1,0.000811413533216121,0.000808096108687824,1,1,4e-04,0.000399747697491701,1,1,12
"FluSight-baseline","32",1,1,0.00149094355860152,0.00147932304650523,1,1,0.002225,0.0022107201712583,0.666666666666667,1,12
"FluSight-baseline","33",1,1,0.00128141314616587,0.00127422813815675,1,1,0.0013,0.00129768546445584,0.916666666666667,1,12
"FluSight-baseline","34",1,1,0.00128715213373727,0.00127914366098189,1,1,0.000966666666666667,0.000964941658899467,1,1,12
"FluSight-baseline","35",1,1,0.00161293581436465,0.0015992806100634,1,1,0.00156666666666665,0.00156208910132036,1,1,12
"FluSight-baseline","36",1,1,0.00102509647586909,0.00102023989900003,1,1,0.00095,0.000948497597998864,1,1,12
"FluSight-baseline","37",1,1,0.00210449284049072,0.00207945065897446,1,1,0.00125,0.00124331185100311,1,1,12
"FluSight-baseline","38",1,1,0.00146935903011565,0.00146041803903988,1,1,0.001625,0.0016209075645863,0.833333333333333,1,12
"FluSight-baseline","39",1,1,0.00108502176886134,0.001078116246998,1,1,0.000183333333333333,0.000183259199595628,1,1,12
"FluSight-baseline","40",1,1,0.00108961573920177,0.00108232242776536,1,1,0.000425,0.000424554240687145,1,1,12
"FluSight-baseline","41",1,1,0.00126591006130241,0.00125842024640736,1,1,0.00134166666666667,0.00133868946858774,0.916666666666667,1,12
"FluSight-baseline","42",1,1,0.00096314333126573,0.00095856938982406,1,1,0.000499999999999983,0.000499434850126937,1,1,12
"FluSight-baseline","44",1,1,0.000979404395475104,0.000974695005432044,1,1,8e-04,0.000799111970063781,1,1,12
"FluSight-baseline","45",1,1,0.00144346797554569,0.00143097810589796,1,1,0.000808333333333325,0.00080728110231483,1,1,12
"FluSight-baseline","46",1,1,0.00115557968745466,0.00115006699629205,1,1,0.00103333333333333,0.00103163143641054,0.916666666666667,1,12
"FluSight-baseline","47",1,1,0.00142747491736945,0.00141617402162439,1,1,0.000633333333333325,0.000632007021484001,1,1,12
"FluSight-baseline","48",1,1,0.00154931464193083,0.00153757232447418,1,1,0.000841666666666658,0.000839167243571387,1,1,12
"FluSight-baseline","49",1,1,0.00104800883939889,0.00104197751225075,1,1,0.000508333333333325,0.000507801017808045,1,1,12
"FluSight-baseline","50",1,1,0.00109327390639956,0.00108673617421613,1,1,0.000641666666666667,0.000641116900930316,0.916666666666667,1,12
"FluSight-baseline","51",1,1,0.00139084726972504,0.00138116539278926,1,1,0.000799999999999992,0.000798550260362932,1,1,12
"FluSight-baseline","53",1,1,0.00172859856978079,0.00171673183423094,1,1,0.00248333333333333,0.00247181108724362,0.583333333333333,1,12
"FluSight-baseline","54",1,1,0.00123266111536459,0.00122485307250087,1,1,0.000424999999999992,0.000424424597100154,1,1,12
"FluSight-baseline","55",1,1,0.000964623852360072,0.00095954476254705,1,1,5e-04,0.000499578716795684,1,1,12
"FluSight-baseline","56",1,1,0.00181707703782254,0.00180114464955176,1,1,0.00219166666666666,0.00217707362390245,0.916666666666667,1,12
"UMass-AR2_fourierK2_nssp","01",0.35223544302681,0.354370768923915,0.000623226086842468,0.000621197090532894,1.16025589200114,1.16012519979685,0.000821847923500785,0.00082001082836026,0.916666666666667,1,12
"UMass-AR2_fourierK2_nssp","02",0.528425424893854,0.529844297529561,0.000709433407367915,0.000706933356903713,1.68072985549469,1.68127616711381,0.000840364927747346,0.000838473529478921,0.75,1,12
"UMass-AR2_fourierK2_nssp","04",0.644153574493018,0.645305752211921,0.00102305048484694,0.00101720434341657,0.787926980506772,0.788108677204377,0.00163494848455155,0.00162710363762597,0.583333333333333,1,12
"UMass-AR2_fourierK2_nssp","05",0.363281454331958,0.364792987547638,0.000479945679424957,0.000478863685696533,1.00070103039171,1.0007156313455,0.000633777319248075,0.000632952128880689,0.916666666666667,1,12
"UMass-AR2_fourierK2_nssp","06",0.389985767329748,0.390659933638612,0.000387464272181705,0.000385994982057722,1.07979242183725,1.0799447875235,0.000350932537097106,0.000349770059040412,0.916666666666667,1,12
"UMass-AR2_fourierK2_nssp","08",0.537090139192203,0.538533994169149,0.000721124203551207,0.000719544142278586,0.631880333851041,0.632200061935686,0.0011847756259707,0.0011825859142107,0.25,1,12
"UMass-AR2_fourierK2_nssp","09",0.346907808479721,0.348351414376926,0.000440669286561378,0.000439846348368102,0.575820976427291,0.575945041634571,0.000662194122891384,0.000661310615363229,0.416666666666667,1,12
"UMass-AR2_fourierK2_nssp","10",0.418590570623814,0.420414726053223,0.000508661509668969,0.00050769325117993,1.0146688973508,1.0146517002981,0.000735634950579327,0.000734956476427931,0.416666666666667,1,12
"UMass-AR2_fourierK2_nssp","11",0.441198254734085,0.442497587750019,0.000472972351271151,0.000471883650314033,1.03897126781224,1.03904033544144,0.000562776103398295,0.000562014209569178,0.75,1,12
"UMass-AR2_fourierK2_nssp","12",0.553745185304211,0.554687650606498,0.000670731440661224,0.000668224750998364,1.30141362328957,1.30115327309737,0.00113873692037838,0.00113496346089425,0.416666666666667,1,12
"UMass-AR2_fourierK2_nssp","13",0.445564164384972,0.447430874309,0.000465660463541143,0.000464785653960102,1.12721457313131,1.12712152992995,0.000742082927311435,0.00074109633052569,0.333333333333333,1,12
"UMass-AR2_fourierK2_nssp","15",1.0882376293892,1.08687807258224,0.00315477384748416,0.0031002119178648,0.999724325320616,0.999670748429767,0.0047653526173616,0.00469435785883818,0.583333333333333,1,12
"UMass-AR2_fourierK2_nssp","16",0.516230003679068,0.517720510655146,0.000563189893169119,0.000561536320416938,1.02742637562679,1.02740587661527,0.000607893938912502,0.000606784143207851,0.916666666666667,1,12
"UMass-AR2_fourierK2_nssp","17",0.20214940345837,0.203131308050974,0.000221636903505176,0.000221393986529204,0.7008932889651,0.700955522200896,0.00030372042521821,0.00030350402457759,0.916666666666667,1,12
"UMass-AR2_fourierK2_nssp","18",0.171607967046353,0.172662955538184,0.000213888962998357,0.000213675888721661,1.14571504760855,1.14568753928665,0.0002768811365054,0.000276717528993901,0.916666666666667,1,12
"UMass-AR2_fourierK2_nssp","19",0.190456237368394,0.191329535296202,0.000168722980881182,0.00016863432458075,0.804973229670071,0.805114506797089,0.000241500320581796,0.000241434079897303,0.666666666666667,0.916666666666667,12
"UMass-AR2_fourierK2_nssp","20",0.276421339230313,0.277745810364053,0.000271578062083918,0.000271297403109613,1.45017678749912,1.45010687720506,0.000338374583749796,0.000338171076900881,0.666666666666667,0.916666666666667,12
"UMass-AR2_fourierK2_nssp","21",0.250985495728882,0.252640376397924,0.000366252610252025,0.000365590035578368,0.895979910011155,0.89600645211469,0.000455456454255663,0.000454998953965548,0.833333333333333,1,12
"UMass-AR2_fourierK2_nssp","22",0.337712766694208,0.339362287927026,0.000468568533420254,0.000467653185196465,1.38344393555551,1.38324125966809,0.000680193268314779,0.000679251510923412,0.583333333333333,1,12
"UMass-AR2_fourierK2_nssp","23",0.427228694513522,0.428620609708445,0.000524656996137825,0.000523389859967324,0.601862478133637,0.602116922399237,0.000692141849853678,0.000691009801571403,0.75,1,12
"UMass-AR2_fourierK2_nssp","24",0.254362455099982,0.255610202952533,0.000325649591235082,0.000325049055939498,0.663014783412225,0.663113962189854,0.000386758623657126,0.000386276834542457,1,1,12
"UMass-AR2_fourierK2_nssp","25",0.258530262219031,0.259673194302466,0.000309942515860999,0.000309450723374094,0.498087863021449,0.498256837796226,0.000435826880143768,0.000435327480370221,0.916666666666667,1,12
"UMass-AR2_fourierK2_nssp","26",0.188339500837578,0.189280971228808,0.000180857317390842,0.000180704495376485,1.36579695016623,1.36573997207712,0.00023901446627909,0.000238887897649453,0.75,1,12
"UMass-AR2_fourierK2_nssp","27",0.428959964391779,0.431034273932572,0.000648939915158029,0.000647486379983676,0.674011748803369,0.674255000190121,0.00101663438777841,0.00101510644448712,0.416666666666667,1,12
"UMass-AR2_fourierK2_nssp","28",0.352863608468467,0.354584949070298,0.000552263495967185,0.000550630049808242,0.982570018726778,0.982592987594228,0.000728739430555694,0.000727215949635353,0.75,1,12
"UMass-AR2_fourierK2_nssp","30",0.459363731489124,0.460685527714071,0.000502879941378145,0.000501548418395833,0.878586133332027,0.878637924916058,0.000549116333332502,0.00054847128527857,0.916666666666667,1,12
"UMass-AR2_fourierK2_nssp","31",0.38331718045033,0.384395146790237,0.000311028747731644,0.000310628222319675,1.06601426701714,1.06596185297901,0.000426405706806857,0.000426115796342345,0.75,1,12
"UMass-AR2_fourierK2_nssp","32",0.710257839386131,0.710777763078177,0.00105895435057898,0.00105146992586498,0.733995527327414,0.734165264986879,0.0016331400483035,0.00162303396034369,0.583333333333333,1,12
"UMass-AR2_fourierK2_nssp","33",0.644732662555447,0.646267119883518,0.000826168909561073,0.0008234917489211,0.900387865785742,0.900348993424118,0.00117050422552146,0.00116836980170392,0.583333333333333,1,12
"UMass-AR2_fourierK2_nssp","34",0.336583060452973,0.337968217621429,0.000433233604441865,0.000432309903183798,0.68180939703206,0.681907863515635,0.000659082417130991,0.000658001305037368,0.5,1,12
"UMass-AR2_fourierK2_nssp","35",0.452632065343815,0.454761377972603,0.000730066468922881,0.000727291053997297,0.650809918036408,0.651005838164818,0.00101960220492369,0.00101692912469319,0.916666666666667,1,12
"UMass-AR2_fourierK2_nssp","36",0.437475483949772,0.43872220993929,0.000448454576876038,0.000447601903157529,0.794094067150979,0.794135501294106,0.00075438936379343,0.000753235615463083,0.333333333333333,1,12
"UMass-AR2_fourierK2_nssp","37",0.405909530487759,0.408146675946067,0.000854233700798437,0.000848720874254287,0.933017397768385,0.933042209277578,0.00116627174721048,0.00116006243628094,0.916666666666667,1,12
"UMass-AR2_fourierK2_nssp","38",0.89324936668328,0.894352809026837,0.00131250402308117,0.00130612897556878,1.19504618947367,1.1946000606116,0.00194195005789471,0.0019363362749006,0.583333333333333,1,12
"UMass-AR2_fourierK2_nssp","39",0.155085895322031,0.15596663950705,0.000168271572467755,0.000168150168042231,1.09483264759156,1.09481928740877,0.000200719318725119,0.000200635706312386,0.833333333333333,1,12
"UMass-AR2_fourierK2_nssp","40",0.293414150461112,0.294910403053416,0.000319708676446944,0.000319188143406034,0.831993493988294,0.832080966178151,0.000353597234945025,0.000353263502785991,0.916666666666667,1,12
"UMass-AR2_fourierK2_nssp","41",0.433879805750808,0.435340776225018,0.000549252811495883,0.000547841646888258,0.666366969851614,0.666528371999947,0.000894042351217582,0.000892274512111259,0.75,1,12
"UMass-AR2_fourierK2_nssp","42",0.265581597432137,0.266465214885057,0.000255793144473663,0.000255425398441706,0.70755527077748,0.707606111877931,0.000353777635388728,0.000353403152434659,0.916666666666667,1,12
"UMass-AR2_fourierK2_nssp","44",0.443748937467251,0.445054162675715,0.000434609659842833,0.00043379206950676,0.728350748497725,0.72844779822409,0.00058268059879818,0.000582111355127476,0.833333333333333,1,12
"UMass-AR2_fourierK2_nssp","45",0.457286338525472,0.460327341429842,0.000660078185316063,0.000658718347132318,1.33558393425815,1.33533291770681,0.00107959701352533,0.00107798902976364,0.333333333333333,1,12
"UMass-AR2_fourierK2_nssp","46",0.763885426113178,0.765053909348506,0.000882730481959034,0.000879863251525929,1.24638083617687,1.24638820039582,0.00128792686404943,0.00128581324949949,0.666666666666667,1,12
"UMass-AR2_fourierK2_nssp","47",0.360994471208831,0.362778642477113,0.000515310552959655,0.000513757689076249,1.0431083511733,1.04309623631164,0.000660635289076412,0.000659244145432493,1,1,12
"UMass-AR2_fourierK2_nssp","48",0.447681038569225,0.449356828252709,0.000693598787970102,0.000690918622934864,1.28771006211836,1.28748281651419,0.00108382263561627,0.00108041340627974,0.583333333333333,1,12
"UMass-AR2_fourierK2_nssp","49",0.39840665329311,0.400095218905586,0.00041753369432651,0.00041689022085866,1.26053453751235,1.26049435694551,0.000640771723235434,0.000640080317398226,0.583333333333333,1,12
"UMass-AR2_fourierK2_nssp","50",0.791459413158124,0.793256851260251,0.000865281924380087,0.0008620609157093,1.88021334517593,1.87872879059121,0.00120647022982122,0.0012044847799124,0.666666666666667,0.916666666666667,12
"UMass-AR2_fourierK2_nssp","51",0.336830355955895,0.338393743965924,0.000468479580941771,0.000467377728302124,0.853182346780015,0.853176361244462,0.000682545877424005,0.000681304205407264,0.666666666666667,1,12
"UMass-AR2_fourierK2_nssp","53",0.503285890238007,0.504345693415742,0.000869979270056271,0.000865826307344084,0.566008404571603,0.566253330993891,0.00140558753801948,0.00139967126173933,0.583333333333333,1,12
"UMass-AR2_fourierK2_nssp","54",0.290469401985817,0.291779919301449,0.000358050337031122,0.000357387530650434,0.803492808338632,0.803628864587383,0.000341484443543912,0.000341079857070555,0.833333333333333,1,12
"UMass-AR2_fourierK2_nssp","55",0.278065082342948,0.27920657147664,0.000268228210936476,0.000267911203329128,0.778239416146937,0.77827801430488,0.000389119708073469,0.000388811131696725,0.666666666666667,1,12
"UMass-AR2_fourierK2_nssp","56",1.23803950171755,1.23431474608343,0.00224961315048823,0.002223179400771,1.1059186683641,1.10636716061119,0.00242380508149797,0.00240864276371848,0.833333333333333,1,12
"UMass-AR2_fourierP_thetaP_nssp","01",0.307737782753364,0.309684382939632,0.000544494365674492,0.000542863730690151,0.97798747481406,0.977972450810501,0.000692741127993276,0.000691259874057615,0.916666666666667,1,12
"UMass-AR2_fourierP_thetaP_nssp","02",0.508069593623985,0.509523643221567,0.000682104845839124,0.000679820960995311,1.64570117300198,1.64625432518053,0.00082285058650099,0.000821007697280124,0.75,1,12
"UMass-AR2_fourierP_thetaP_nssp","04",0.459654536566018,0.460745640246354,0.00073002745791805,0.00072627969743392,0.463718012537641,0.464135079502272,0.000962214876015604,0.000958238245627288,0.833333333333333,1,12
"UMass-AR2_fourierP_thetaP_nssp","05",0.356768869137357,0.358280830031152,0.000471341642283055,0.000470315177757428,1.01408968058178,1.01410034608515,0.000642256797701783,0.000641417954159674,0.916666666666667,1,12
"UMass-AR2_fourierP_thetaP_nssp","06",0.346364918013678,0.347129797887162,0.000344125458183634,0.000342984648717793,1.24179909669931,1.24221570134547,0.000403584706427274,0.000402325993162014,1,1,12
"UMass-AR2_fourierP_thetaP_nssp","08",0.554227772404426,0.555731597191879,0.000744134050873119,0.000742522143018037,0.649875990148348,0.650199847167637,0.00121851748152815,0.00121625609831183,0.25,1,12
"UMass-AR2_fourierP_thetaP_nssp","09",0.38642244999824,0.38804385553856,0.000490863858320958,0.000489964058766917,0.69339795072266,0.693520130528426,0.00079740764333106,0.000796312479720133,0.25,1,12
"UMass-AR2_fourierP_thetaP_nssp","10",0.406860235267012,0.408688312290903,0.000494407079420762,0.00049353242198262,0.993793795286069,0.993789518875873,0.0007205005015824,0.000719845088604722,0.416666666666667,1,12
"UMass-AR2_fourierP_thetaP_nssp","11",0.404116767941641,0.405407981632093,0.000433220339995805,0.000432330940405196,0.952338137404385,0.95246100109656,0.000515849824427375,0.000515183673258774,0.75,1,12
"UMass-AR2_fourierP_thetaP_nssp","12",0.43211195824942,0.43292984820467,0.000523401528311892,0.000521544764337208,0.99605522052648,0.996043243798744,0.00087154831796067,0.000868823612525744,0.5,1,12
"UMass-AR2_fourierP_thetaP_nssp","13",0.373650551863007,0.375275897102141,0.000390503328343522,0.000389831956767526,0.917142321222154,0.917147053261008,0.000603785361471243,0.000603035518065587,0.583333333333333,1,12
"UMass-AR2_fourierP_thetaP_nssp","15",0.792539046485283,0.793112617193495,0.00229755100305174,0.00226227508867714,0.64263125948242,0.643372072942734,0.00306320900353287,0.00302121348606003,0.583333333333333,1,12
"UMass-AR2_fourierP_thetaP_nssp","16",0.431718957324273,0.43311951458049,0.000470991131320792,0.00046977535854341,0.843846909609395,0.843926299424934,0.000499276088185545,0.000498421420572511,1,1,12
"UMass-AR2_fourierP_thetaP_nssp","17",0.2428477058079,0.244018625874541,0.000266258582106987,0.000265957310510628,0.950351715096149,0.950371695731796,0.000411819076541665,0.000411497770348631,0.583333333333333,1,12
"UMass-AR2_fourierP_thetaP_nssp","18",0.192050241600365,0.193224022315906,0.000239367831963131,0.00023912086157702,1.32270823566389,1.32261401284797,0.000319654490285439,0.00031945052110445,0.75,1,12
"UMass-AR2_fourierP_thetaP_nssp","19",0.207928864932046,0.208884267144316,0.000184201779827859,0.000184106741548783,0.901763264518296,0.901889050869471,0.000270538335242917,0.000270454390434926,0.666666666666667,0.916666666666667,12
"UMass-AR2_fourierP_thetaP_nssp","20",0.280986627678628,0.2823353398677,0.00027606336048056,0.000275780377791399,1.55898831345147,1.55885076039819,0.000363763939805343,0.000363530611886801,0.666666666666667,0.916666666666667,12
"UMass-AR2_fourierP_thetaP_nssp","21",0.269794012131345,0.271574728977425,0.00039369908960879,0.000392989498529967,1.06636286980113,1.06631978593694,0.0005420677921489,0.000541485372174497,0.833333333333333,1,12
"UMass-AR2_fourierP_thetaP_nssp","22",0.31400868732017,0.315574334740396,0.00043567967992178,0.000434872547887042,1.26622834636257,1.26610192873735,0.000622562270294921,0.00062172932022303,0.583333333333333,1,12
"UMass-AR2_fourierP_thetaP_nssp","23",0.410323395925152,0.411700421869804,0.000503896491775433,0.000502728569905908,0.576271727828101,0.576508056241725,0.000662712487002311,0.000661620198217526,0.75,1,12
"UMass-AR2_fourierP_thetaP_nssp","24",0.26840842263039,0.269729073231592,0.000343632054814389,0.000343003446656807,0.784272498323171,0.78435596458344,0.00045749229068851,0.000456902668966939,0.833333333333333,1,12
"UMass-AR2_fourierP_thetaP_nssp","25",0.255614908245184,0.256756911229933,0.000306447404157154,0.000305975409301791,0.52225584676978,0.522431599573009,0.000456973865923557,0.000456448993081184,0.833333333333333,1,12
"UMass-AR2_fourierP_thetaP_nssp","26",0.209801747410428,0.210847295022172,0.000201466931003941,0.000201293631373123,1.65057375425865,1.65043857141756,0.000288850406995264,0.000288685846930199,0.583333333333333,1,12
"UMass-AR2_fourierP_thetaP_nssp","27",0.43820580960623,0.44035082999031,0.0006629272298426,0.000661481422885261,0.701167218954849,0.701400610194109,0.00105759388859023,0.00105597478605939,0.416666666666667,1,12
"UMass-AR2_fourierP_thetaP_nssp","28",0.297246796199327,0.298767533504397,0.000465218149149986,0.00046395195928634,0.757619984716808,0.757730854389122,0.000561901488664966,0.000560795741267948,0.833333333333333,1,12
"UMass-AR2_fourierP_thetaP_nssp","30",0.408829631488072,0.41015947582906,0.000447558670881351,0.000446540696454887,0.77947721790429,0.779576193828075,0.000487173261190168,0.000486634078585111,0.916666666666667,1,12
"UMass-AR2_fourierP_thetaP_nssp","31",0.390979436178415,0.392096916497825,0.000317246005724374,0.000316851992450387,1.1049718469592,1.10490653361964,0.000441988738783678,0.000441683842757989,0.666666666666667,1,12
"UMass-AR2_fourierP_thetaP_nssp","32",0.518966259688762,0.519723748109891,0.000773749402014481,0.000768839318395042,0.446926626234521,0.44727626963004,0.000994411743371809,0.000988802671396295,0.833333333333333,1,12
"UMass-AR2_fourierP_thetaP_nssp","33",0.559741398723348,0.561247971319162,0.00071725998677737,0.00071515795753827,0.761546498692272,0.7615999204235,0.000990010448299953,0.000988317146464301,0.666666666666667,1,12
"UMass-AR2_fourierP_thetaP_nssp","34",0.347834424299911,0.349275873035005,0.000447715821424905,0.000446774018926641,0.734235679626969,0.734331218744278,0.000709761156972737,0.000708586784396771,0.5,1,12
"UMass-AR2_fourierP_thetaP_nssp","35",0.401123580831068,0.403125922789223,0.000646986589508625,0.00064471147173072,0.575594634857807,0.575851953454957,0.000901764927943888,0.000899532060466028,0.916666666666667,1,12
"UMass-AR2_fourierP_thetaP_nssp","36",0.42905219670188,0.430312434187636,0.00043981989480299,0.000439021914394049,0.77859526200893,0.778666573233229,0.000739665498908484,0.000738563374353725,0.25,1,12
"UMass-AR2_fourierP_thetaP_nssp","37",0.32519269314528,0.327132453478662,0.000684365694504135,0.000680255795958136,0.574692682923152,0.574907819039632,0.000718365853653941,0.000714789704646326,1,1,12
"UMass-AR2_fourierP_thetaP_nssp","38",0.794092230931157,0.795511174979117,0.00116680659026338,0.00116177887019731,1.063756718225,1.06355409915333,0.00172860466711563,0.0017239228846644,0.583333333333333,1,12
"UMass-AR2_fourierP_thetaP_nssp","39",0.180136311834205,0.181147216135001,0.000195451819702507,0.000195297756813603,1.42635730515708,1.42627032797439,0.000261498839278797,0.00026137715871158,0.75,1,12
"UMass-AR2_fourierP_thetaP_nssp","40",0.264750611283432,0.266141166697556,0.000288476433017717,0.000288050553668404,0.754390568981431,0.754506980025928,0.000320615991817108,0.000320329137998059,0.916666666666667,1,12
"UMass-AR2_fourierP_thetaP_nssp","41",0.337251142717343,0.338465752736555,0.00042692961475162,0.000425932155959188,0.476602592286436,0.47679513231279,0.000639441811317635,0.00063828062230103,0.833333333333333,1,12
"UMass-AR2_fourierP_thetaP_nssp","42",0.295544625268691,0.296523166725823,0.000284651834918969,0.00028423803099707,0.88065209897794,0.880676432956126,0.000440326049488955,0.000439840502303768,0.833333333333333,1,12
"UMass-AR2_fourierP_thetaP_nssp","44",0.401975727946819,0.403225612734442,0.00039369679482542,0.000393021990794536,0.660881703767767,0.660994170107442,0.000528705363014214,0.000528208353475232,0.833333333333333,1,12
"UMass-AR2_fourierP_thetaP_nssp","45",0.385825916681246,0.388460035296221,0.000556927354864938,0.000555877805525241,1.11212347573564,1.11204145611166,0.000898966476219633,0.000897730052509605,0.333333333333333,1,12
"UMass-AR2_fourierP_thetaP_nssp","46",0.710470708342707,0.711745504583789,0.000821005519092354,0.00081855501458105,1.15567571156694,1.15572025847024,0.00119419823528584,0.00119227735033441,0.666666666666667,1,12
"UMass-AR2_fourierP_thetaP_nssp","47",0.311786894712522,0.313391167933992,0.000445067971766636,0.000443816430634644,0.80821192989071,0.808283282349964,0.000511867555597443,0.000510840709793312,1,1,12
"UMass-AR2_fourierP_thetaP_nssp","48",0.357730141109885,0.359162001021015,0.000554236545481526,0.000552237552772681,0.931304270125599,0.931338867528022,0.000783847760689038,0.000781549070294388,0.75,1,12
"UMass-AR2_fourierP_thetaP_nssp","49",0.336269567221766,0.337764489871345,0.000352413478869251,0.000351943002882787,1.03981259622284,1.03991431073646,0.000528571403079938,0.000528069545425125,0.583333333333333,1,12
"UMass-AR2_fourierP_thetaP_nssp","50",0.707101654100728,0.709097377388386,0.000773055787600295,0.000770601771049747,1.67075923625792,1.66972962368056,0.00107207050993216,0.00107049188172562,0.666666666666667,0.916666666666667,12
"UMass-AR2_fourierP_thetaP_nssp","51",0.353125960019583,0.354766227601955,0.000491144277362273,0.000489990836094219,0.933571092656829,0.933526858312187,0.000746856874125456,0.000745468115760986,0.666666666666667,1,12
"UMass-AR2_fourierP_thetaP_nssp","53",0.376487822426827,0.377412347106987,0.000650796311386898,0.000647915790910384,0.399083877877145,0.399353843802206,0.000991058296728243,0.000987127258843647,0.666666666666667,1,12
"UMass-AR2_fourierP_thetaP_nssp","54",0.308927435851701,0.310277868017427,0.00038080283764368,0.000380044799970164,0.877999229889707,0.878101442733037,0.000373149672703118,0.000372687851045034,0.833333333333333,1,12
"UMass-AR2_fourierP_thetaP_nssp","55",0.327236888474326,0.328573328195234,0.000315660507994427,0.00031528081618239,0.980028526272233,0.980019564435684,0.000490014263136116,0.000489596916435444,0.416666666666667,1,12
"UMass-AR2_fourierP_thetaP_nssp","56",1.03585608993926,1.0346646380599,0.00188223031551727,0.00186358067692199,0.85504114532044,0.85594033307252,0.00187396517682729,0.00186344512276646,0.833333333333333,1,12
"UMass-AR2_nssp","01",0.453695822337507,0.456141368271347,0.000802744520944356,0.000799596681470902,1.58693567272113,1.58634013963151,0.00112407943484411,0.00112127216285635,0.833333333333333,1,12
"UMass-AR2_nssp","02",0.693324774792911,0.694343359768001,0.000930817735525746,0.000926412692281942,2.37032634776702,2.37043826494349,0.00118516317388351,0.00118216731866902,0.75,1,12
"UMass-AR2_nssp","04",0.747124793490574,0.748125869883091,0.00118659029847546,0.00117928111078958,0.893007193693863,0.893110481760218,0.00185298992691476,0.00184388696090588,0.583333333333333,1,12
"UMass-AR2_nssp","05",0.506094199121351,0.507810877319249,0.000668621316485843,0.000666603242525682,1.41546248816128,1.41523781444142,0.000896459575835463,0.000895137199284817,0.833333333333333,1,12
"UMass-AR2_nssp","06",0.504757724228277,0.505422381850637,0.000501494158582554,0.000499387027988594,1.75604493530029,1.75580395155694,0.000570714603972594,0.000568665786338724,0.916666666666667,1,12
"UMass-AR2_nssp","08",0.734196064041533,0.735863586416785,0.000985768520585172,0.000983199461603538,0.863013244989772,0.863214352486152,0.00161814983435582,0.00161471849760508,0.25,1,12
"UMass-AR2_nssp","09",0.556518855942565,0.55854382866,0.000706933546064876,0.000705246062741155,0.994736937469735,0.994628408349675,0.00114394747809019,0.00114205050349372,0.25,1,12
"UMass-AR2_nssp","10",0.598114504020104,0.600208601381378,0.00072681481122801,0.00072481251806316,1.40362462169358,1.40331390834297,0.00101762785072785,0.00101648146363431,0.416666666666667,1,12
"UMass-AR2_nssp","11",0.553817806959955,0.555046658788094,0.000593702507938425,0.00059190705372048,1.26860185686195,1.2684727323971,0.000687159339133559,0.000686113595152525,0.75,1,12
"UMass-AR2_nssp","12",0.701334535512672,0.702262943516302,0.000849501062716161,0.000846006721176247,1.64346342173766,1.6427323790029,0.00143803049402046,0.00143291437276863,0.333333333333333,1,12
"UMass-AR2_nssp","13",0.555187948758909,0.557312450764059,0.000580228614050205,0.000578929275474162,1.37666967367687,1.37635887954332,0.000906307535170596,0.000904972967005079,0.333333333333333,1,12
"UMass-AR2_nssp","15",1.22143221338125,1.21847370505289,0.0035409016369087,0.00347557540933279,1.07740868667045,1.07698471714156,0.00513564807312913,0.00505741683319575,0.5,1,12
"UMass-AR2_nssp","16",0.63268936881155,0.634105934696727,0.000690243216184185,0.000687771695337224,1.28463733533473,1.2844425251856,0.000760077090073027,0.000758589545654622,0.916666666666667,1,12
"UMass-AR2_nssp","17",0.343464151203498,0.345001162968323,0.0003765746009409,0.000376018761261565,1.37777288258057,1.37760122618636,0.000597034915784912,0.00059648223484678,0.5,1,12
"UMass-AR2_nssp","18",0.286955813657207,0.288585005262283,0.000357656363313897,0.000357133105239397,2.03455935414095,2.03407207451742,0.000491685177250729,0.000491288749292339,0.583333333333333,1,12
"UMass-AR2_nssp","19",0.244364941985443,0.245424538722512,0.000216480079646281,0.000216312663170067,1.03519352411544,1.03530989550477,0.000310568797474847,0.000310464027066355,0.666666666666667,0.916666666666667,12
"UMass-AR2_nssp","20",0.412711045120411,0.414476410963897,0.000405479787293276,0.000404853537834863,2.43089613281764,2.4301649777702,0.000567209097657449,0.000566724784564372,0.583333333333333,1,12
"UMass-AR2_nssp","21",0.391457366250141,0.393756409018946,0.000571237321005872,0.000569795777044407,1.58142619398755,1.58100293600105,0.000803891648610326,0.000802845426390814,0.666666666666667,1,12
"UMass-AR2_nssp","22",0.455462424185694,0.457463709204832,0.000631943418123627,0.000630401103281789,1.86976207256788,1.86910388241895,0.000919299685679193,0.000917838177058517,0.5,1,12
"UMass-AR2_nssp","23",0.603491028805655,0.605004063359025,0.000741115459788667,0.00073877220280316,0.885263908950521,0.885425907733279,0.00101805349529309,0.00101614480186171,0.666666666666667,1,12
"UMass-AR2_nssp","24",0.405510363564883,0.407301386174526,0.000519157924012753,0.000517948538554481,1.29347584324062,1.29331527106175,0.000754527575223686,0.000753381405695874,0.583333333333333,1,12
"UMass-AR2_nssp","25",0.347279333440334,0.348712147071692,0.000416340545161541,0.000415557818551638,0.719681890685729,0.719827207688993,0.000629721654350013,0.000628913726525389,0.666666666666667,1,12
"UMass-AR2_nssp","26",0.338311059806745,0.339876759261898,0.00032487094023397,0.00032447666489609,2.87345666311008,2.87272002915016,0.000502854916044264,0.000502480752068379,0.416666666666667,1,12
"UMass-AR2_nssp","27",0.619316580871871,0.621913794908984,0.000936915523146324,0.000934219703815295,0.994727745992036,0.994771525740281,0.00150038101687132,0.00149765146166734,0.333333333333333,1,12
"UMass-AR2_nssp","28",0.434115200427262,0.43603479296736,0.000679429594003824,0.00067711238279926,1.29090701162729,1.290712704159,0.000957422700290237,0.000955255000505883,0.666666666666667,1,12
"UMass-AR2_nssp","30",0.586835190650375,0.587892137673223,0.000642426961563203,0.000640038277955968,1.08691042743391,1.08677184225194,0.000679319017146179,0.000678394515216749,0.916666666666667,1,12
"UMass-AR2_nssp","31",0.584476001080934,0.585674625234066,0.00047425173711711,0.000473281385608848,1.62897274117883,1.62850075071777,0.000651589096471532,0.000650989425462933,0.583333333333333,1,12
"UMass-AR2_nssp","32",0.831789404810461,0.832025789146168,0.00124015105521515,0.00123083492517063,0.879234276490733,0.879226102406722,0.00195629626519188,0.00194372287968736,0.583333333333333,1,12
"UMass-AR2_nssp","33",0.843677722516388,0.844699547192645,0.00108109972475978,0.00107633993132113,1.12085275781493,1.12051344808494,0.00145710858515941,0.00145407401430712,0.583333333333333,1,12
"UMass-AR2_nssp","34",0.51136599006921,0.513233190967412,0.000658205825238255,0.000656498982831472,1.08438199488328,1.08423589729126,0.00104823592838717,0.00104622438537058,0.416666666666667,1,12
"UMass-AR2_nssp","35",0.585382747802433,0.587694392689013,0.000944184799041736,0.000939888246870525,0.874067915436448,0.874068472639028,0.00136937306751709,0.00136537283491716,0.833333333333333,1,12
"UMass-AR2_nssp","36",0.668297051647341,0.66995478560584,0.000685068952477395,0.000683514602801086,1.19702816740668,1.19677735908287,0.00113717675903635,0.00113514045042953,0.0833333333333333,1,12
"UMass-AR2_nssp","37",0.56131634373303,0.563927780856855,0.00118128622663659,0.0011726599955168,1.48361032421581,1.48277335406353,0.00185451290526976,0.00184354968345881,0.75,1,12
"UMass-AR2_nssp","38",1.18456675413791,1.18345618686204,0.00174055385696733,0.00172834076370667,1.54719417101216,1.54553280343085,0.00251419052789476,0.00250516581239733,0.5,1,12
"UMass-AR2_nssp","39",0.265215466601451,0.266612808180215,0.000287764554701292,0.000287439600156852,2.22254994199045,2.22212872190809,0.000407467489364915,0.000407225530975332,0.75,1,12
"UMass-AR2_nssp","40",0.388499776294564,0.390284426494948,0.000423315470926922,0.000422413588003023,1.17933704475815,1.17930271118993,0.000501218244022212,0.000500677967089533,0.916666666666667,1,12
"UMass-AR2_nssp","41",0.504354470802374,0.505904820498929,0.000638467399051577,0.000636640868870933,0.764241802434908,0.764360405822717,0.00102535775160017,0.00102324122548032,0.666666666666667,1,12
"UMass-AR2_nssp","42",0.462102686960592,0.463437923555551,0.000445071121306069,0.000444237407603974,1.43756893079298,1.43729528423984,0.000718784465396467,0.000717835354872475,0.5,1,12
"UMass-AR2_nssp","44",0.560487636017257,0.561813973621995,0.000548944054324751,0.000547597274071288,0.896552513967797,0.896578330147341,0.000717242011174238,0.000716466475720536,0.833333333333333,1,12
"UMass-AR2_nssp","45",0.591938691074223,0.595570518166232,0.000854444544052073,0.00085224837201418,1.68477861054089,1.68408590914615,0.00136186271018721,0.00135953072912838,0.25,1,12
"UMass-AR2_nssp","46",1.05127038679074,1.05109138167133,0.00121482670499798,0.00120882550814721,1.66310346669861,1.66242320991243,0.0017185402489219,0.00171500804396418,0.5,1,12
"UMass-AR2_nssp","47",0.490168615445671,0.492305349701545,0.00069970340383041,0.000697190046954036,1.56989371537353,1.5694816271708,0.000994266019736555,0.00099192340846208,1,1,12
"UMass-AR2_nssp","48",0.595100771157835,0.597009652778385,0.000921998338179162,0.000917945519555986,1.73647592621545,1.73566114553872,0.00146153390456466,0.00145650997927569,0.583333333333333,1,12
"UMass-AR2_nssp","49",0.456979704560716,0.458784618990998,0.000478918769805525,0.000478043255955147,1.41021545357431,1.410117211083,0.000716859522233597,0.000716058955016587,0.583333333333333,1,12
"UMass-AR2_nssp","50",1.19917489357059,1.19854102116514,0.0013110266203502,0.0013024978839821,2.72395680942498,2.71939178401836,0.0017478722860477,0.00174344803298521,0.666666666666667,0.916666666666667,12
"UMass-AR2_nssp","51",0.540388770164556,0.5425589951981,0.000751598245573447,0.00074936370771413,1.47173098927713,1.47115598554569,0.00117738479142169,0.001174791995292,0.416666666666667,1,12
"UMass-AR2_nssp","53",0.621215807396159,0.622261525591838,0.00107383275619022,0.00106825617020062,0.711556490652159,0.711706621979393,0.0017670319517862,0.00175920431907336,0.5,1,12
"UMass-AR2_nssp","54",0.453732759721961,0.455349350942235,0.000559298729676325,0.000557736051562872,1.52549112849266,1.52525000467961,0.000648333729609368,0.000647353618713152,0.916666666666667,1,12
"UMass-AR2_nssp","55",0.494858749713182,0.496677701251556,0.000477352553522419,0.000476584486909839,1.50884870691626,1.50853704926806,0.000754424353458131,0.000753633003312084,0.333333333333333,1,12
"UMass-AR2_nssp","56",1.5973727635142,1.58689299273629,0.00290254936942479,0.00285822382327814,1.43225751402999,1.43220867795162,0.00313903105158238,0.00311802373669267,0.833333333333333,1,12
"UMass-AR6_fourierK2_nssp","01",0.369611838102507,0.371858770037118,0.000653970927887981,0.000651852822786844,1.33899451477561,1.33873867869466,0.000948454447966033,0.000946260121809757,0.75,1,12
"UMass-AR6_fourierK2_nssp","02",0.52225296758187,0.523739238496139,0.000701146623242126,0.00069878781320962,1.65323380681624,1.65389398908907,0.000826616903408119,0.000824817693571464,0.75,1,12
"UMass-AR6_fourierK2_nssp","04",0.634086758315838,0.635247691586032,0.00100706227709845,0.00100134968394712,0.772129980753575,0.772342156990319,0.00160216971006367,0.00159455259087947,0.583333333333333,1,12
"UMass-AR6_fourierK2_nssp","05",0.40467873933231,0.406337343175888,0.000534637290678216,0.00053339895346517,1.20333706282833,1.20326113594062,0.000762113473124599,0.000761062057728627,0.833333333333333,1,12
"UMass-AR6_fourierK2_nssp","06",0.373356117322832,0.374023210935389,0.000370942142975082,0.000369556921923123,0.94689239694684,0.947068498738298,0.000307740029007723,0.000306734389152093,0.916666666666667,1,12
"UMass-AR6_fourierK2_nssp","08",0.49407526449236,0.495432255582454,0.000663370271770906,0.000661955199226017,0.582298824404464,0.582632545925969,0.00109181029575837,0.00108986550849605,0.25,1,12
"UMass-AR6_fourierK2_nssp","09",0.300881160611533,0.302185227469372,0.000382202657724823,0.000381554554819088,0.494441322581554,0.494611091922299,0.000568607520968787,0.000567921488891208,0.666666666666667,1,12
"UMass-AR6_fourierK2_nssp","10",0.417264002923102,0.419129210664899,0.00050704949550363,0.000506140861488287,1.03073137504757,1.03072204710152,0.000747280246909489,0.000746596929460377,0.416666666666667,1,12
"UMass-AR6_fourierK2_nssp","11",0.408705311793604,0.409947926262441,0.000438139340357404,0.000437172380683515,0.901197998911131,0.901248039791431,0.000488148916076863,0.000487482715956312,0.75,1,12
"UMass-AR6_fourierK2_nssp","12",0.580269967760228,0.58126262271007,0.000702859946736046,0.000700239262403623,1.35485047518625,1.35453712789151,0.00118549416578797,0.00118152886240824,0.416666666666667,1,12
"UMass-AR6_fourierK2_nssp","13",0.447643224318642,0.449533833732085,0.000467833295402024,0.000466970182178499,1.13726995732866,1.13718480797527,0.000748702721908024,0.000747713060163452,0.333333333333333,1,12
"UMass-AR6_fourierK2_nssp","15",0.953281203757636,0.952806173020882,0.00276353852292424,0.00271778512008851,0.851628788467596,0.85200688427019,0.00405943055836221,0.00400094252956827,0.583333333333333,1,12
"UMass-AR6_fourierK2_nssp","16",0.498224446893353,0.499725857419329,0.000543546425082553,0.00054201874064705,1.06105082512126,1.06103946892101,0.000627788404863393,0.0006266480849613,0.833333333333333,1,12
"UMass-AR6_fourierK2_nssp","17",0.201579897852413,0.202564392979211,0.000221012496720522,0.00022077610251632,0.709721899433976,0.709797435432656,0.00030754615642139,0.00030733245044173,0.916666666666667,1,12
"UMass-AR6_fourierK2_nssp","18",0.177638491201461,0.178731838537812,0.000221405295602682,0.000221186324092418,1.25579902475312,1.25575101802543,0.000303484764315337,0.0003033011242803,0.833333333333333,1,12
"UMass-AR6_fourierK2_nssp","19",0.176781331675764,0.177598013432946,0.000156608539875678,0.000156531614399119,0.740440762416853,0.740563746102003,0.000222139910874787,0.000222076891095566,0.666666666666667,0.916666666666667,12
"UMass-AR6_fourierK2_nssp","20",0.288591437903187,0.289961531468481,0.000283534924105324,0.000283229512574733,1.53645897577624,1.53626793121243,0.000358507094347789,0.000358264200296547,0.583333333333333,1,12
"UMass-AR6_fourierK2_nssp","21",0.263646136878798,0.265391364198814,0.00038472775302932,0.00038404169461344,1.02819019395513,1.02820371599351,0.000522663348593848,0.000522129739285241,0.75,1,12
"UMass-AR6_fourierK2_nssp","22",0.358186590471654,0.359927169668754,0.000496975483133202,0.000495992316537353,1.49575362413158,1.49546336257956,0.000735412198531347,0.000734359058091221,0.5,1,12
"UMass-AR6_fourierK2_nssp","23",0.373185949317889,0.374469122524181,0.000458289954968765,0.000457265323133518,0.524932123790618,0.525192468649525,0.000603671942359206,0.000602728689474819,0.833333333333333,1,12
"UMass-AR6_fourierK2_nssp","24",0.262967221313757,0.264261745569158,0.000336665912803011,0.000336050869354891,0.711202674826039,0.71130397583755,0.00041486822698185,0.00041434845871233,0.833333333333333,1,12
"UMass-AR6_fourierK2_nssp","25",0.212162448104026,0.213127857196711,0.000254353832205837,0.000253982971780566,0.372778645227834,0.3729374274127,0.000326181314574355,0.000325835790491889,0.916666666666667,1,12
"UMass-AR6_fourierK2_nssp","26",0.195669914740968,0.196644909993164,0.000187896515158893,0.000187734768043396,1.45228838383601,1.45220520109523,0.000254150467171301,0.000254011930922421,0.75,1,12
"UMass-AR6_fourierK2_nssp","27",0.42157093873507,0.423645312421124,0.000637761637274767,0.000636386910103388,0.663649303586081,0.66389869866499,0.00100100436624234,0.000999514793826395,0.416666666666667,1,12
"UMass-AR6_fourierK2_nssp","28",0.355378514459895,0.357119268142798,0.000556199551546514,0.000554565558748424,1.02797576102455,1.02797678190665,0.000762415356093207,0.00076080444405334,0.666666666666667,1,12
"UMass-AR6_fourierK2_nssp","30",0.425555621800179,0.426912008621501,0.000465869139146613,0.000464779181974207,0.843848794325407,0.843937086072909,0.000527405496453366,0.000526810014872601,0.916666666666667,1,12
"UMass-AR6_fourierK2_nssp","31",0.355979397776775,0.357012626207627,0.0002888465009022,0.000288500513990804,0.989735345151638,0.989728797021622,0.000395894138060655,0.000395641807750624,0.75,1,12
"UMass-AR6_fourierK2_nssp","32",0.726826889361293,0.727310727169197,0.0010836578689116,0.00107592752067187,0.76219298469832,0.762303336917821,0.00169587939095376,0.00168523936354174,0.5,1,12
"UMass-AR6_fourierK2_nssp","33",0.592239114349967,0.593800997214349,0.000758902986801679,0.000756637939116061,0.818117423733379,0.818168119074614,0.00106355265085339,0.0010617248756043,0.666666666666667,1,12
"UMass-AR6_fourierK2_nssp","34",0.323345015870887,0.324696043061303,0.000416194227111524,0.000415332885227769,0.667162452492333,0.667296686271344,0.000644923704075922,0.000643902371428788,0.666666666666667,1,12
"UMass-AR6_fourierK2_nssp","35",0.433703583682453,0.435800321236164,0.000699536042939727,0.000696967003612398,0.621315123799179,0.621561468357756,0.000973393693952037,0.000970934395522331,0.833333333333333,1,12
"UMass-AR6_fourierK2_nssp","36",0.419934695034299,0.421170280122145,0.000430473575974822,0.00042969472405363,0.761099055619065,0.76119264596233,0.000723044102838112,0.000721989396309669,0.333333333333333,1,12
"UMass-AR6_fourierK2_nssp","37",0.469265468066394,0.471760716961852,0.000987565817835252,0.000981003133764589,1.20989846506239,1.20966213172933,0.00151237308132799,0.00150398726408876,0.833333333333333,1,12
"UMass-AR6_fourierK2_nssp","38",0.786964572237975,0.788413152315843,0.00115633350059897,0.00115141278985835,1.05835023290709,1.05823419002283,0.00171981912847402,0.00171529980371186,0.5,1,12
"UMass-AR6_fourierK2_nssp","39",0.168048695952954,0.169001880003376,0.000182336493337716,0.000182203672604846,1.31195330497617,1.31189682993037,0.000240524772578964,0.000240417163005081,0.75,1,12
"UMass-AR6_fourierK2_nssp","40",0.309500021451809,0.311061123439061,0.000337236094657176,0.000336668430303984,0.966721588062804,0.966769157483712,0.000410856674926692,0.000410445945575248,0.916666666666667,1,12
"UMass-AR6_fourierK2_nssp","41",0.46079616495442,0.462331062583305,0.000583326501425364,0.000581806769697859,0.713967880970207,0.71410351266505,0.000957906906968361,0.000955962851886214,0.583333333333333,1,12
"UMass-AR6_fourierK2_nssp","42",0.252352322868058,0.253206648999987,0.000243051456899786,0.000242716143031313,0.637976681128515,0.638071384703452,0.000318988340564247,0.000318675086389656,1,1,12
"UMass-AR6_fourierK2_nssp","44",0.377462135623121,0.378643727091168,0.000369688074754704,0.000369062149633936,0.594645622089152,0.594776084573616,0.000475716497671321,0.000475292688690444,0.833333333333333,1,12
"UMass-AR6_fourierK2_nssp","45",0.476657018783973,0.479831306869696,0.000688039141933744,0.00068662809465494,1.39008456789609,1.38980067521864,0.00112365169238266,0.00112195982108839,0.333333333333333,1,12
"UMass-AR6_fourierK2_nssp","46",0.742526810097229,0.743874718454935,0.00085804889913886,0.000855505763071063,1.23611665245065,1.23618899940726,0.00127732054086567,0.00127529143313342,0.583333333333333,1,12
"UMass-AR6_fourierK2_nssp","47",0.376262040514918,0.378119289725862,0.000537104625193295,0.000535482715184829,1.12984098788197,1.1297907197089,0.000715565958991904,0.000714035667663487,0.916666666666667,1,12
"UMass-AR6_fourierK2_nssp","48",0.475604989962728,0.477381987223616,0.00073686177472462,0.00073400933175752,1.38713922189987,1.38680299574997,0.00116750884509904,0.00116375964732005,0.583333333333333,1,12
"UMass-AR6_fourierK2_nssp","49",0.387073189374245,0.388726288076322,0.000405656123958531,0.000405044050596233,1.228669190276,1.22866334392056,0.000624573505056957,0.000623916496586296,0.583333333333333,1,12
"UMass-AR6_fourierK2_nssp","50",0.725235507990591,0.727192558153311,0.000792881056880545,0.000790266458565971,1.74570056694575,1.74463425687419,0.00112015786379019,0.00111851450802404,0.583333333333333,1,12
"UMass-AR6_fourierK2_nssp","51",0.363643242638772,0.36532890825019,0.000505772211178098,0.000504579645060646,0.988092699600977,0.988036744597035,0.000790474159680773,0.000788996999646106,0.666666666666667,1,12
"UMass-AR6_fourierK2_nssp","53",0.448557703204431,0.44956870969913,0.000775376204223336,0.000771788915614625,0.502590353739005,0.502848923266101,0.00124809937845186,0.00124294754373766,0.583333333333333,1,12
"UMass-AR6_fourierK2_nssp","54",0.300881023936727,0.30223622240812,0.000370884338557886,0.000370194965637641,0.938602083559198,0.93872613608492,0.000398905885512652,0.000398418462095227,0.833333333333333,1,12
"UMass-AR6_fourierK2_nssp","55",0.250716539747451,0.251762536891604,0.000241847154421574,0.000241577423679897,0.696337911760652,0.696394821810408,0.000348168955880326,0.000347904031463203,0.666666666666667,1,12
"UMass-AR6_fourierK2_nssp","56",1.20029084774203,1.19723930232721,0.0021810209381406,0.00215640116361974,1.0856795405449,1.08590756762961,0.00237944765969422,0.0023641007234825,0.833333333333333,1,12
"UMass-AR6_fourierP_thetaP_nssp","01",0.325556663185397,0.327607727784636,0.000576022116056852,0.000574282602241391,1.1337049708376,1.13361541765771,0.000803041021009946,0.000801272929713311,0.833333333333333,1,12
"UMass-AR6_fourierP_thetaP_nssp","02",0.496505603631697,0.497989240329816,0.000666579701823494,0.000664431432044703,1.609158672181,1.60976218197524,0.0008045793360905,0.000802808607380385,0.75,1,12
"UMass-AR6_fourierP_thetaP_nssp","04",0.497794261687867,0.498942859134826,0.000790601311456852,0.000786490499563927,0.549530530551172,0.549939571365519,0.00114027585089368,0.00113538741917855,0.666666666666667,1,12
"UMass-AR6_fourierP_thetaP_nssp","05",0.377183702361215,0.378783805743598,0.000498312496107646,0.000497229430093834,1.12070493731248,1.12067204580549,0.000709779793631227,0.000708824500138902,0.833333333333333,1,12
"UMass-AR6_fourierP_thetaP_nssp","06",0.33385380133141,0.334579256012245,0.00033169523347911,0.000330583975475718,1.14005283445764,1.14041670506868,0.000370517171198732,0.000369355566016715,1,1,12
"UMass-AR6_fourierP_thetaP_nssp","08",0.532350297678742,0.533816380922516,0.0007147602542121,0.000713240861494263,0.624461370517724,0.624793218983641,0.00117086506972073,0.00116873076190806,0.25,1,12
"UMass-AR6_fourierP_thetaP_nssp","09",0.3362951482691,0.337753002819971,0.000427188259933503,0.000426464250780907,0.593275669208424,0.593448347761153,0.000682267019589688,0.000681408231122903,0.333333333333333,1,12
"UMass-AR6_fourierP_thetaP_nssp","10",0.399839664504025,0.401673892407662,0.000485875845385277,0.000485061801390674,0.996399139831734,0.996404228105837,0.000722389376378007,0.000721739036529881,0.416666666666667,1,12
"UMass-AR6_fourierP_thetaP_nssp","11",0.371685824635736,0.372904844759779,0.000398453793789542,0.000397669285068379,0.836535129904721,0.836633381998554,0.000453123195365057,0.000452532815950151,0.75,1,12
"UMass-AR6_fourierP_thetaP_nssp","12",0.50578666342174,0.506715776349362,0.000612641024116039,0.000610433679400954,1.18057576632933,1.18043478295089,0.00103300379553817,0.00102966374086631,0.416666666666667,1,12
"UMass-AR6_fourierP_thetaP_nssp","13",0.392755427177116,0.394469576219644,0.000410469891648593,0.000409770113056598,0.977071227536333,0.977068222335432,0.000643238558128078,0.000642434427005447,0.416666666666667,1,12
"UMass-AR6_fourierP_thetaP_nssp","15",0.748535434003783,0.749235647545977,0.00216998562385291,0.00213712038397521,0.613821627801993,0.614587310643065,0.00292588309252284,0.00288604300585093,0.666666666666667,1,12
"UMass-AR6_fourierP_thetaP_nssp","16",0.437698860737757,0.439133445913989,0.000477515008547221,0.000476298261929988,0.893376876848343,0.893444041526353,0.000528581318801921,0.000527666513868632,0.916666666666667,1,12
"UMass-AR6_fourierP_thetaP_nssp","17",0.236760094663699,0.237910116071011,0.000259584116287838,0.000259299610375025,0.926794581878797,0.92683238998755,0.000401610985480812,0.000401305577259533,0.75,1,12
"UMass-AR6_fourierP_thetaP_nssp","18",0.190342355207319,0.191511904732718,0.000237239154280999,0.000237002061716081,1.33469447153612,1.33460629337516,0.000322551163954562,0.000322347012617794,0.666666666666667,1,12
"UMass-AR6_fourierP_thetaP_nssp","19",0.193601766744354,0.194496716604597,0.00017150956902392,0.000171425819787902,0.836909786386257,0.837026914132059,0.000251081618941741,0.000251003827600493,0.666666666666667,0.916666666666667,12
"UMass-AR6_fourierP_thetaP_nssp","20",0.283093681001458,0.284450421330159,0.000278133495368536,0.000277846353538714,1.54112688957964,1.54093675624044,0.00035959627423525,0.000359352990103978,0.583333333333333,1,12
"UMass-AR6_fourierP_thetaP_nssp","21",0.268078501096932,0.269867360175774,0.000391195716286578,0.000390518804692978,1.083432423986,1.08341438379494,0.000550744815526206,0.000550166140181801,0.75,1,12
"UMass-AR6_fourierP_thetaP_nssp","22",0.367256181955886,0.369058687705479,0.000509559328340142,0.000508575870006534,1.56132223393178,1.56099368821986,0.000767650098349778,0.000766538240422116,0.416666666666667,1,12
"UMass-AR6_fourierP_thetaP_nssp","23",0.359238251129278,0.360501549423952,0.000441161523455039,0.000440209479425991,0.504097395434704,0.504340046917541,0.000579712004749905,0.000578797743063472,0.833333333333333,1,12
"UMass-AR6_fourierP_thetaP_nssp","24",0.263739837254657,0.26505013208123,0.000337655060612725,0.00033705342828448,0.769475990805061,0.769568373393252,0.000448860994636279,0.000448288608275787,0.833333333333333,1,12
"UMass-AR6_fourierP_thetaP_nssp","25",0.219521278325038,0.220523363817911,0.000263176065753729,0.000262796145122527,0.414947137610924,0.41511922562238,0.000363078745409559,0.000362690068324431,0.916666666666667,1,12
"UMass-AR6_fourierP_thetaP_nssp","26",0.212277923112718,0.213335876529288,0.000203844735409883,0.000203669453213677,1.70410010486831,1.70394322452328,0.000298217518351954,0.000298044593365253,0.666666666666667,1,12
"UMass-AR6_fourierP_thetaP_nssp","27",0.423306007053871,0.425421459404435,0.000640386486167583,0.000639054983270866,0.675400009893475,0.675644004721747,0.00101872834825599,0.00101719762282629,0.416666666666667,1,12
"UMass-AR6_fourierP_thetaP_nssp","28",0.308193556397568,0.309768127393975,0.000482350819993642,0.000481034628974436,0.848959962264102,0.849048500639409,0.000629645305345876,0.000628379827125267,0.75,1,12
"UMass-AR6_fourierP_thetaP_nssp","30",0.38011039875572,0.381432639874521,0.000416118822493555,0.000415265784889926,0.753761176921947,0.753888353557301,0.000471100735576205,0.000470598983388545,0.916666666666667,1,12
"UMass-AR6_fourierP_thetaP_nssp","31",0.345616134400769,0.34665024164797,0.000280437608750625,0.000280126711351418,0.965698496777353,0.965696246482019,0.000386279398710941,0.000386034851007565,0.75,1,12
"UMass-AR6_fourierP_thetaP_nssp","32",0.545431332169054,0.546147137034779,0.000813207331356895,0.0008079280465984,0.492366792255008,0.49272249100474,0.00109551611276739,0.00108927154969681,0.75,1,12
"UMass-AR6_fourierP_thetaP_nssp","33",0.523614874839816,0.525134219027729,0.000670966984147737,0.000669140798194102,0.729280857675596,0.729376925110197,0.000948065114978275,0.000946501833824999,0.666666666666667,1,12
"UMass-AR6_fourierP_thetaP_nssp","34",0.334850697769523,0.336262111157937,0.000431003790117454,0.000430127547916062,0.715014246692833,0.715142945212698,0.000691180438469738,0.000690071219903791,0.583333333333333,1,12
"UMass-AR6_fourierP_thetaP_nssp","35",0.39457723265352,0.396576271524608,0.000636427750079757,0.000634236741460543,0.562551612593012,0.562840499733177,0.000881330859729043,0.000879207010414901,0.833333333333333,1,12
"UMass-AR6_fourierP_thetaP_nssp","36",0.42181809507143,0.423077953536069,0.000432404242715537,0.000431641008584777,0.769671698591759,0.769773204273597,0.000731188113662171,0.000730128035257396,0.25,1,12
"UMass-AR6_fourierP_thetaP_nssp","37",0.362347435061671,0.36444398775119,0.000762557582857462,0.000757843290488495,0.80906601056608,0.809200621091143,0.0010113325132076,0.0010060887220417,1,1,12
"UMass-AR6_fourierP_thetaP_nssp","38",0.703762142246225,0.705380688797511,0.00103407925876303,0.00103015068231026,0.944790612632527,0.944834515696759,0.00153528474552786,0.00153148941377511,0.583333333333333,1,12
"UMass-AR6_fourierP_thetaP_nssp","39",0.181411357127208,0.182434350505657,0.0001968352716017,0.000196685437290677,1.47374720533847,1.47364325789774,0.000270186987645386,0.000270058683931832,0.75,1,12
"UMass-AR6_fourierP_thetaP_nssp","40",0.272071447053435,0.273494160861326,0.000296453330896823,0.00029600886416308,0.789687235990044,0.789764328293765,0.000335617075295769,0.000335297794720553,0.916666666666667,1,12
"UMass-AR6_fourierP_thetaP_nssp","41",0.370604876342071,0.371923534496292,0.000469152441729162,0.000468036105925519,0.553419680601853,0.553609681343475,0.000742504738140819,0.000741111450122724,0.75,1,12
"UMass-AR6_fourierP_thetaP_nssp","42",0.274965112256456,0.275895618577035,0.000264830814200539,0.00026446509475452,0.798489789483977,0.798561949147261,0.000399244894741975,0.000398829667389436,0.833333333333333,1,12
"UMass-AR6_fourierP_thetaP_nssp","44",0.354595442522003,0.355744522505377,0.000347292335021489,0.000346742409295799,0.554392095033706,0.554524082135445,0.000443513676026965,0.000443126831723065,0.833333333333333,1,12
"UMass-AR6_fourierP_thetaP_nssp","45",0.406924166529117,0.409714868907779,0.0005873820028604,0.000586293007067884,1.1983359911614,1.19821692935526,0.000968654926188791,0.000967297883542208,0.333333333333333,1,12
"UMass-AR6_fourierP_thetaP_nssp","46",0.667129691366907,0.668536237549718,0.000770921520241493,0.000768861462631194,1.10749504820523,1.10763649828402,0.00114441154981207,0.00114267263174548,0.583333333333333,1,12
"UMass-AR6_fourierP_thetaP_nssp","47",0.325679212688559,0.327356127410322,0.00046489890722155,0.000463593243458061,0.948914235537904,0.94895073090757,0.000600979015840665,0.00059974352497596,1,1,12
"UMass-AR6_fourierP_thetaP_nssp","48",0.417150194790405,0.418777174585514,0.000646296904673073,0.000643900193764179,1.19339016875102,1.19324627681545,0.00100443672536543,0.00100133318901705,0.583333333333333,1,12
"UMass-AR6_fourierP_thetaP_nssp","49",0.345027338315816,0.346548713799449,0.000361591700389248,0.000361095966678446,1.08336096671553,1.08342370183145,0.000550708491413721,0.00055016365850737,0.583333333333333,1,12
"UMass-AR6_fourierP_thetaP_nssp","50",0.636402646833818,0.638430748117019,0.000695762407747029,0.000693805788710632,1.51086350578553,1.51019919159223,0.000969470749545716,0.000968214225501077,0.583333333333333,1,12
"UMass-AR6_fourierP_thetaP_nssp","51",0.365806484564535,0.367515469620191,0.0005087809503043,0.000507599647954101,1.01129583630031,1.01123071057488,0.000809036669040243,0.000807518547216562,0.666666666666667,1,12
"UMass-AR6_fourierP_thetaP_nssp","53",0.355379564827384,0.356279411707732,0.000614308607489936,0.000611636207959736,0.376888210542223,0.37715913201687,0.000935939056179855,0.000932266124174478,0.75,1,12
"UMass-AR6_fourierP_thetaP_nssp","54",0.295594261727351,0.296927082344429,0.000364367552356208,0.000363692049118291,0.878646966594446,0.8787610178335,0.000373424960802632,0.000372967790941305,0.833333333333333,1,12
"UMass-AR6_fourierP_thetaP_nssp","55",0.288423389086775,0.289620590747434,0.000278220080691633,0.000277903920977483,0.856097024595393,0.856130439273441,0.000428048512297697,0.000427704546261951,0.5,1,12
"UMass-AR6_fourierP_thetaP_nssp","56",1.00279349350832,1.00183319830794,0.00182215303073182,0.00180444650487568,0.835969624940188,0.836715003665979,0.00183216676132724,0.00182159016520465,0.833333333333333,1,12
"UMass-AR6_nssp","01",0.394355689986959,0.396677196848343,0.000697751343200085,0.000695358483746274,1.40120393792644,1.40087240748709,0.000992519456031202,0.0009901780803414,0.75,1,12
"UMass-AR6_nssp","02",0.564506326215391,0.565982871529615,0.000757873538291943,0.000755150471914082,1.84570704176606,1.84643895591054,0.000922853520883029,0.000920842285528502,0.75,1,12
"UMass-AR6_nssp","04",0.729533109301044,0.730744194872992,0.00115865102785426,0.00115188213711622,0.886222143177986,0.886362308425579,0.00183891094709432,0.00182995490090234,0.583333333333333,1,12
"UMass-AR6_nssp","05",0.437223431881711,0.438932888639232,0.000577633387481511,0.000576187119824392,1.29438171342637,1.29424864974768,0.000819775085170027,0.000818611614027963,0.75,1,12
"UMass-AR6_nssp","06",0.411362110285399,0.412046691624907,0.000408702404080541,0.000407126356315389,1.15089009884495,1.15098729281633,0.000374039282124609,0.00037277914391005,0.916666666666667,1,12
"UMass-AR6_nssp","08",0.579562062947379,0.581061425754177,0.000778149142116088,0.000776365744284176,0.676736047547165,0.677054999831311,0.00126888008915093,0.00126649102737337,0.25,1,12
"UMass-AR6_nssp","09",0.33155646871388,0.332966328562441,0.000421168820509545,0.000420420350552261,0.555438918793189,0.555622512506063,0.000638754756612167,0.000637975916264911,0.583333333333333,1,12
"UMass-AR6_nssp","10",0.434205849113316,0.43606276978705,0.000527636832305917,0.000526589844723199,1.03113368537313,1.0311280948012,0.00074757192189552,0.000746891047517375,0.5,1,12
"UMass-AR6_nssp","11",0.423704222660636,0.424955751845958,0.000454218438729093,0.000453176869104879,0.921903175556591,0.92194718074325,0.000499364220093153,0.00049867882735256,0.75,1,12
"UMass-AR6_nssp","12",0.636837939937046,0.637841472139084,0.000771378677878777,0.000768399041209115,1.49367559027182,1.49319852828929,0.00130696614148784,0.00130247973433226,0.416666666666667,1,12
"UMass-AR6_nssp","13",0.460580784450398,0.462485322844818,0.000481354378849928,0.000480424028756063,1.13948705913745,1.13939822728859,0.000750162313932142,0.000749168410706811,0.416666666666667,1,12
"UMass-AR6_nssp","15",0.99123433532995,0.990424053947514,0.00287356370830738,0.00282508639491917,0.860501920292901,0.860871945080388,0.00410172582006283,0.00404257200402153,0.583333333333333,1,12
"UMass-AR6_nssp","16",0.540355469750868,0.541881558451313,0.000589509980267502,0.00058774217009384,1.16804631416221,1.16799345771295,0.000691094069212624,0.000689814926741088,0.833333333333333,1,12
"UMass-AR6_nssp","17",0.233047579780672,0.234162690624195,0.000255513709505457,0.000255215269724378,0.843065276043811,0.843122550075172,0.000365328286285651,0.000365060376950132,0.833333333333333,1,12
"UMass-AR6_nssp","18",0.203402592404308,0.204628919489837,0.000253517189844593,0.000253234783882028,1.43934725644521,1.43923527989293,0.000347842253640926,0.0003476180168118,0.833333333333333,1,12
"UMass-AR6_nssp","19",0.168492992447258,0.169265150416401,0.000149265995884939,0.000149187182581818,0.696229150373049,0.696343139167735,0.000208875968561584,0.000208816216424396,0.666666666666667,0.916666666666667,12
"UMass-AR6_nssp","20",0.318838054115821,0.320307856243185,0.000313251578537633,0.000312871288609112,1.71447659036707,1.7141771696471,0.000400044537752316,0.000399753389609289,0.583333333333333,1,12
"UMass-AR6_nssp","21",0.288198675227155,0.290058261195827,0.000420556242768473,0.000419736589781511,1.10814053618365,1.10811537658169,0.000563304772560013,0.000562709493919214,0.666666666666667,1,12
"UMass-AR6_nssp","22",0.441771581238489,0.443808247801652,0.000612947695030731,0.000611583396519105,1.87315668712209,1.87247983663645,0.000920968704501679,0.000919495965956165,0.5,1,12
"UMass-AR6_nssp","23",0.402447856193095,0.403772182596588,0.000494224957368105,0.000493047374114089,0.569831484613014,0.57010666352734,0.000655306207304961,0.00065427374282856,0.833333333333333,1,12
"UMass-AR6_nssp","24",0.30082756976059,0.302270325620264,0.0003851369302371,0.000384384828330335,0.848459980549982,0.848526604046026,0.000494934988654149,0.000494283319798532,0.75,1,12
"UMass-AR6_nssp","25",0.21258876956599,0.213551478203289,0.000254864933480219,0.000254487797961313,0.347817975646404,0.347979871920072,0.000304340728690604,0.000304030350155416,1,1,12
"UMass-AR6_nssp","26",0.230465651827063,0.231589264695201,0.000221309918284853,0.000221095765409873,1.77057566734693,1.77037133043212,0.000309850741785713,0.000309663840725542,0.666666666666667,1,12
"UMass-AR6_nssp","27",0.468373885220269,0.470606267348532,0.000708566147351402,0.000706930206879089,0.740533927688914,0.740758072491343,0.00111697200759744,0.00111522835274457,0.416666666666667,1,12
"UMass-AR6_nssp","28",0.362659570244195,0.364405878123493,0.000567595063084875,0.00056588083433224,1.03385312773261,1.03385158086247,0.000766774403068349,0.000765152376061318,0.75,1,12
"UMass-AR6_nssp","30",0.429227237184419,0.430526244057579,0.000469888572120139,0.000468714000755404,0.805749999281339,0.805851494380465,0.000503593749550823,0.000503035883533864,0.916666666666667,1,12
"UMass-AR6_nssp","31",0.368214148427649,0.369240021262636,0.000298773943155844,0.000298381424354146,0.985799771350752,0.98577412041926,0.000394319908540301,0.000394060934884506,0.75,1,12
"UMass-AR6_nssp","32",0.84575326675929,0.846076462886954,0.00126097038524095,0.0012516204106543,0.916882606050447,0.916795618987952,0.00204006379846224,0.0020267785678179,0.416666666666667,1,12
"UMass-AR6_nssp","33",0.602471541058884,0.603927329921668,0.000772014952903664,0.000769541197188065,0.805828962628196,0.805874468711388,0.00104757765141665,0.00104577158422284,0.666666666666667,1,12
"UMass-AR6_nssp","34",0.363176167322044,0.364650547606612,0.000467462978691092,0.000466440436444572,0.75571275732657,0.755830101941477,0.000730522332082351,0.000729331952413562,0.666666666666667,1,12
"UMass-AR6_nssp","35",0.466407791430103,0.468557902542794,0.000752285830896333,0.000749355568228667,0.669292543653332,0.669533084759327,0.00104855831839021,0.00104587033467595,0.833333333333333,1,12
"UMass-AR6_nssp","36",0.485447630400045,0.486824260076461,0.000497630655142089,0.000496677533931171,0.874050544095884,0.874117356008683,0.00083034801689109,0.000829098212543354,0.333333333333333,1,12
"UMass-AR6_nssp","37",0.545739965621937,0.548451006513253,0.00114850585042102,0.00114047680690919,1.47571673321647,1.47503699994441,0.00184464591652059,0.00183393098269896,0.75,1,12
"UMass-AR6_nssp","38",0.816500849392058,0.817767968437674,0.00119973289615132,0.00119428309285537,1.09762520492512,1.09751825191413,0.00178364095800331,0.00177897563679915,0.583333333333333,1,12
"UMass-AR6_nssp","39",0.194619978074686,0.195700604886026,0.000211166912866351,0.000210988001674961,1.53666430659966,1.53653407169474,0.000281721789543271,0.000281584004130189,0.75,1,12
"UMass-AR6_nssp","40",0.33317236220214,0.334808226598417,0.000363029849722484,0.000362370452647814,1.02794021363605,1.02796152544455,0.000436874590795319,0.000436425424890711,0.916666666666667,1,12
"UMass-AR6_nssp","41",0.493491603983567,0.495088569439101,0.000624715986651061,0.000623029479547021,0.770130769767348,0.770254043476198,0.00103325878277119,0.00103113097613871,0.5,1,12
"UMass-AR6_nssp","42",0.295342835208197,0.296311974415602,0.000284457482167888,0.000284035588513126,0.812443842802011,0.812525648356634,0.000406221921400992,0.000405803625411287,0.75,1,12
"UMass-AR6_nssp","44",0.364829169679254,0.365941652679201,0.000357315292381394,0.000356681501145965,0.507166280630932,0.507299512567823,0.000405733024504746,0.000405389112900469,0.916666666666667,1,12
"UMass-AR6_nssp","45",0.490840677352907,0.494058448708941,0.000708512798854076,0.000706986823136403,1.42177481565429,1.42144513601178,0.0011492679759872,0.00114750579627964,0.333333333333333,1,12
"UMass-AR6_nssp","46",0.791885955883499,0.793083118464913,0.000915087325399586,0.000912098719862877,1.30848015155792,1.3085448210259,0.00135209615660985,0.00134993597332252,0.583333333333333,1,12
"UMass-AR6_nssp","47",0.416847305282397,0.418834279872536,0.000595039072663669,0.000593142226521243,1.31203602144342,1.3118666653974,0.000830956146914157,0.000829108943781962,0.833333333333333,1,12
"UMass-AR6_nssp","48",0.574252934552215,0.576241909710271,0.000889698479673493,0.000886013612572664,1.71472971315712,1.7139559252082,0.00144323084190723,0.00143829566935982,0.583333333333333,1,12
"UMass-AR6_nssp","49",0.389180224794574,0.390820159882187,0.000407864315703962,0.000407225817931481,1.20732725039444,1.20735674971051,0.000613724685617162,0.000613096986360408,0.583333333333333,1,12
"UMass-AR6_nssp","50",0.753330485653738,0.754989952804179,0.000823596562860542,0.000820474892882031,1.72778493980347,1.72663628079964,0.00110866200304056,0.00110697570138011,0.583333333333333,1,12
"UMass-AR6_nssp","51",0.431964120269095,0.433870202973814,0.000600796117295451,0.000599246509309885,1.18450083227878,1.18429907935378,0.000947600665823013,0.000945722338165539,0.583333333333333,1,12
"UMass-AR6_nssp","53",0.469350301759688,0.470364091952741,0.000811318260347979,0.000807489010334402,0.524502274586363,0.524768081889284,0.00130251398188947,0.0012971275630455,0.583333333333333,1,12
"UMass-AR6_nssp","54",0.33149829619089,0.332930966366019,0.000408625059524124,0.000407791517084101,1.03876889646051,1.03885048729786,0.00044147678099571,0.000440913699518695,0.833333333333333,1,12
"UMass-AR6_nssp","55",0.284835740129573,0.285995992403457,0.000274759348933622,0.000274425956620183,0.77965612720578,0.779699987971558,0.00038982806360289,0.000389521519476441,0.583333333333333,1,12
"UMass-AR6_nssp","56",1.33309679208099,1.32789253065216,0.00242233957008525,0.00239172652676388,1.22357063840368,1.22359470877368,0.00268165898250138,0.00266385576681779,0.833333333333333,1,12
"UMass-gbqr_1src_nssp","01",0.0990210650488769,0.0997556329754262,0.000175202445146009,0.00017486743942446,0.364133996408875,0.364229627444127,0.000257928247456281,0.000257448281070102,0.583333333333333,1,12
"UMass-gbqr_1src_nssp","02",0.290258463086447,0.291359031273284,0.000389684221810781,0.000388739520275284,1.18612195352162,1.18622123897633,0.000593060976760808,0.000591583422427716,0.666666666666667,1,12
"UMass-gbqr_1src_nssp","04",0.355616191290354,0.356801703535322,0.000564792824762884,0.000562431438632785,0.461692483115869,0.462074394990038,0.000958011902465428,0.000953983823156328,0.416666666666667,0.916666666666667,12
"UMass-gbqr_1src_nssp","05",0.172105294627341,0.172994332580516,0.000227375197873637,0.000227089627629697,0.594175682724146,0.59422602804163,0.000376311265725288,0.000375847661117837,0.0833333333333333,1,12
"UMass-gbqr_1src_nssp","06",0.385524695657995,0.386478282232144,0.000383032044051224,0.000381863264621082,1.83012041647519,1.83086337093814,0.000594789135354437,0.000592975860197875,0.166666666666667,1,12
"UMass-gbqr_1src_nssp","08",0.364264478888437,0.365495361286209,0.000489079789503298,0.000488344373968868,0.354126350983468,0.354428500663011,0.000663986908094002,0.000662989736501376,0.25,0.25,12
"UMass-gbqr_1src_nssp","09",0.165762399171822,0.166601887605298,0.000210564295170713,0.000210360081429533,0.299008113881002,0.299191910016388,0.000343859330963152,0.000343537615261172,0.416666666666667,0.75,12
"UMass-gbqr_1src_nssp","10",0.16302609357447,0.16394209099086,0.000198105510951772,0.000197976635979799,0.426268799778425,0.426397465356293,0.000309044879839358,0.000308858279746627,0.25,0.916666666666667,12
"UMass-gbqr_1src_nssp","11",0.175455520089708,0.176163161579457,0.000188091428263577,0.000187862076626589,0.580776432971042,0.580914803280899,0.000314587234525981,0.00031421530315687,0.5,1,12
"UMass-gbqr_1src_nssp","12",0.239704409367357,0.24032660930023,0.000290345249213298,0.00028951823333787,0.542031803146224,0.542182059361996,0.000474277827752946,0.000472931851497721,0.25,1,12
"UMass-gbqr_1src_nssp","13",0.17598119574536,0.176872547115423,0.000183918482983082,0.000183733012625895,0.397362085126597,0.397459412535743,0.000261596706041673,0.000261334474004274,0.25,0.833333333333333,12
"UMass-gbqr_1src_nssp","15",0.515953115124222,0.517298476343884,0.00149573526053815,0.00147554260400563,0.481101385956404,0.481737072299354,0.00229324993972553,0.00226219104119465,0.583333333333333,0.916666666666667,12
"UMass-gbqr_1src_nssp","16",0.188022540589107,0.188808050320472,0.000205126385125025,0.000204787285147131,0.535882558472893,0.535978004519887,0.000317063847096453,0.000316547687387462,0.583333333333333,1,12
"UMass-gbqr_1src_nssp","17",0.131305528444763,0.132002126293946,0.000143963574661754,0.000143869880280664,0.543483276257545,0.543566017260265,0.000235509419711603,0.000235356550646904,0.166666666666667,0.916666666666667,12
"UMass-gbqr_1src_nssp","18",0.0678913795618622,0.068341299318059,8.46185466849113e-05,8.45745274234571e-05,0.572326211992435,0.572361374282385,0.000138312167898172,0.00013824225170642,0.416666666666667,1,12
"UMass-gbqr_1src_nssp","19",0.271868368744491,0.273179740371003,0.000240845047742641,0.000240775586138807,1.15343915807152,1.15362598280899,0.000346043714472391,0.000345944117704621,0,0.666666666666667,12
"UMass-gbqr_1src_nssp","20",0.10705321040955,0.107617914721294,0.00010517749282252,0.00010511935626928,0.708443472675814,0.708438569457962,0.00016530347695769,0.00016521088046522,0.5,0.833333333333333,12
"UMass-gbqr_1src_nssp","21",0.101271093957018,0.102040106247774,0.000147780661177737,0.000147659873712294,0.466004760884174,0.466105457013502,0.000236885753449451,0.000236691928811726,0.416666666666667,0.75,12
"UMass-gbqr_1src_nssp","22",0.167175155391381,0.168123811185702,0.000231951602401136,0.000231680533180721,0.73489025204453,0.734945530061444,0.000361321040588554,0.000360900788818597,0.25,0.833333333333333,12
"UMass-gbqr_1src_nssp","23",0.166515319173511,0.16721782331123,0.000204488669161103,0.000204190165252292,0.293207999636596,0.293408184319145,0.000337189199582083,0.000336725183570517,0.416666666666667,1,12
"UMass-gbqr_1src_nssp","24",0.0709641218954997,0.0713598153830871,9.08523912404542e-05,9.07453628781663e-05,0.243431381826784,0.243497244242968,0.000142001639398956,0.000141841900621987,0.416666666666667,1,12
"UMass-gbqr_1src_nssp","25",0.0818638380955435,0.0822751347419606,9.81435740620326e-05,9.80467007000535e-05,0.164712933734528,0.164809889077476,0.000144123817017712,0.000143994559250857,0.416666666666667,1,12
"UMass-gbqr_1src_nssp","26",0.0786997450090709,0.079120569826505,7.55732318413576e-05,7.55355519975401e-05,0.760211950516377,0.76021506052541,0.000133037091340366,0.000132972733670647,0.333333333333333,1,12
"UMass-gbqr_1src_nssp","27",0.230282292797461,0.231651458583865,0.000348376034957645,0.000347979669848408,0.330177089819101,0.330410713199517,0.000498017110477144,0.000497440944749156,0.333333333333333,0.5,12
"UMass-gbqr_1src_nssp","28",0.109721816710981,0.110381137083222,0.000171724577503695,0.000171409336942767,0.334765709207813,0.334874864035817,0.000248284567662461,0.000247840505004075,0.666666666666667,1,12
"UMass-gbqr_1src_nssp","30",0.144845685784612,0.145522056836478,0.000158567133152016,0.000158429889929912,0.401858331539955,0.40201405027255,0.000251161457212465,0.000250948834099204,0.5,1,12
"UMass-gbqr_1src_nssp","31",0.146253721860121,0.146793044288585,0.000118672249200529,0.000118622887872045,0.472866988912413,0.472966435147415,0.000189146795564965,0.000189067243441037,0.25,0.833333333333333,12
"UMass-gbqr_1src_nssp","32",0.393539810683073,0.394305149524824,0.000586745645791188,0.000583304695047764,0.41912031033349,0.41941960016368,0.000932542690492015,0.000927219370302939,0.666666666666667,0.916666666666667,12
"UMass-gbqr_1src_nssp","33",0.219744328724422,0.2206723073091,0.000281583271622868,0.000281186863285228,0.348353370556806,0.348496898936543,0.000452859381723848,0.000452239360157888,0.25,0.916666666666667,12
"UMass-gbqr_1src_nssp","34",0.162653375470683,0.163435582468383,0.000209359639296659,0.000209057589293315,0.342841612816996,0.342964182628382,0.000331413559056429,0.00033094042732853,0.0833333333333333,0.916666666666667,12
"UMass-gbqr_1src_nssp","35",0.186781610630219,0.187973048657784,0.000301266749250195,0.000300621651932898,0.301091414604875,0.30138660640908,0.000471709882880966,0.000470792733155554,0.416666666666667,1,12
"UMass-gbqr_1src_nssp","36",0.213867588920164,0.214638880897784,0.000219234911704681,0.000218983150168634,0.330075270338768,0.330226161565605,0.00031357150682183,0.000313218721041361,0.25,0.833333333333333,12
"UMass-gbqr_1src_nssp","37",0.116176784019611,0.117000302363128,0.000244493210200508,0.000243296355849219,0.225363350257705,0.22546607631201,0.000281704187822131,0.000280324644677893,0.75,1,12
"UMass-gbqr_1src_nssp","38",0.456839341622333,0.458664857757745,0.000671261011924864,0.000669842432143071,0.60583251982778,0.606151034520702,0.000984477844720142,0.000982514797136417,0.333333333333333,0.75,12
"UMass-gbqr_1src_nssp","39",0.0626284889411828,0.0630083794722128,6.7953273852075e-05,6.7930357606008e-05,0.553531255216432,0.55356509642947,0.000101480730123012,0.000101445896495741,0.583333333333333,0.833333333333333,12
"UMass-gbqr_1src_nssp","40",0.108308992367985,0.108946649283381,0.000118015182781241,0.000117915401949291,0.463849264305897,0.46396090574273,0.000197135937330006,0.000196976570046125,0.583333333333333,1,12
"UMass-gbqr_1src_nssp","41",0.253105057882196,0.254134011393549,0.0003204082393396,0.000319807385238361,0.433597054511515,0.433760451347775,0.000581742714802949,0.000580670548109131,0.25,0.916666666666667,12
"UMass-gbqr_1src_nssp","42",0.0659111468389037,0.0661676295269187,6.34818815339664e-05,6.3426264261723e-05,0.17953296650181,0.179588796460358,8.97664832509018e-05,8.96929036446557e-05,0.666666666666667,1,12
"UMass-gbqr_1src_nssp","44",0.155853422360493,0.156479316945173,0.000152643526909705,0.000152519608679878,0.279937001679579,0.28002794891591,0.000223949601343663,0.000223773685931112,0.416666666666667,0.833333333333333,12
"UMass-gbqr_1src_nssp","45",0.159720653634035,0.160952942831176,0.000230551648553955,0.000230320137271258,0.435607342456862,0.435734887501357,0.000352115935152626,0.000351760540299124,0.0833333333333333,0.833333333333333,12
"UMass-gbqr_1src_nssp","46",0.37195178513303,0.373197485899579,0.000429819927612229,0.000429202111632275,0.61538048577052,0.615571076523723,0.000635893168629538,0.000635042473886951,0.333333333333333,0.75,12
"UMass-gbqr_1src_nssp","47",0.0781363460960541,0.0786043544321033,0.000111537674187016,0.0001113174447333,0.236104925991987,0.236132113922173,0.000149533119794923,0.000149237153996674,0.75,1,12
"UMass-gbqr_1src_nssp","48",0.134116010347115,0.134787500263427,0.000207787898548133,0.000207245530090102,0.356076418101694,0.356209745773037,0.000299697651902256,0.000298919550493624,0.333333333333333,0.916666666666667,12
"UMass-gbqr_1src_nssp","49",0.156993658429255,0.157756333385724,0.00016453074176343,0.000164378551803056,0.477778276304285,0.477836993764326,0.000242870623788007,0.000242646111779861,0.5,0.833333333333333,12
"UMass-gbqr_1src_nssp","50",0.230610233093225,0.231868250258598,0.000252120150389543,0.000251979615208218,0.660512766689709,0.660725091888999,0.000423829025292563,0.000423602023278773,0.25,0.916666666666667,12
"UMass-gbqr_1src_nssp","51",0.120648857366207,0.121297854153065,0.000167804133863235,0.000167532398375812,0.289329584570859,0.289390623785158,0.000231463667656685,0.000231092957970229,0.25,1,12
"UMass-gbqr_1src_nssp","53",0.205102235880573,0.20574207536016,0.000354539431602002,0.000353203970411528,0.242775454194209,0.243058397775957,0.000602892377915618,0.00060079444247028,0.75,1,12
"UMass-gbqr_1src_nssp","54",0.161536097051053,0.162379456715949,0.000199119265562593,0.000198890976469552,0.750078635716095,0.750201644766845,0.000318783420179334,0.000318404030824041,0.416666666666667,0.916666666666667,12
"UMass-gbqr_1src_nssp","55",0.0879156838117344,0.088321462521206,8.48055656013453e-05,8.47483967827189e-05,0.258600445059254,0.258648894416235,0.000129300222529627,0.000129215482773085,0.416666666666667,1,12
"UMass-gbqr_1src_nssp","56",0.383480186488793,0.384700150669483,0.000696813041328694,0.000692900618060093,0.460529103783041,0.461040840872698,0.00100932628579116,0.00100371985420576,0.583333333333333,1,12
"UMass-gbqr_1src_spatial_nssp","01",0.104676119815015,0.105452693799094,0.000185208189095269,0.000184854148031939,0.410470517105117,0.410574967590653,0.000290749949616118,0.000290206539205384,0.583333333333333,1,12
"UMass-gbqr_1src_spatial_nssp","02",0.250389695588465,0.251304497300442,0.00033615872087688,0.000335297619904439,0.80431309260707,0.804233212902808,0.000402156546303535,0.000401081198756529,0.833333333333333,1,12
"UMass-gbqr_1src_spatial_nssp","04",0.401901046724307,0.403256861088646,0.000638302847322403,0.000635659343196425,0.487521626633973,0.487929399605553,0.00101160737526549,0.00100736322789778,0.333333333333333,0.916666666666667,12
"UMass-gbqr_1src_spatial_nssp","05",0.159775250582562,0.160596882003855,0.000211085482844574,0.000210815496604617,0.56936134831875,0.569408492204339,0.00036059552060187,0.000360150582297687,0.25,1,12
"UMass-gbqr_1src_spatial_nssp","06",0.334444690788664,0.335258731342514,0.000332282302476685,0.000331255337049639,1.60953230921139,1.61008791558484,0.000523098000493701,0.000521471608364151,0.166666666666667,1,12
"UMass-gbqr_1src_spatial_nssp","08",0.376272790855772,0.377539762832333,0.000505202752431761,0.000504437097313353,0.363057157559755,0.36335393546825,0.00068073217042454,0.000679685548657046,0.25,0.333333333333333,12
"UMass-gbqr_1src_spatial_nssp","09",0.179441209590295,0.180351249819472,0.000227940184328507,0.000227720730798825,0.310146754148558,0.310335077732109,0.000356668767270842,0.00035633240394147,0.25,0.75,12
"UMass-gbqr_1src_spatial_nssp","10",0.174977042503267,0.175959345181605,0.000212628025673113,0.00021248868437456,0.486274898416788,0.486403829434423,0.000352549301352172,0.000352323506181626,0.25,0.916666666666667,12
"UMass-gbqr_1src_spatial_nssp","11",0.177205551568898,0.177921535649791,0.00018996749303634,0.000189737223515289,0.567412320213,0.56754785214049,0.000307348340115375,0.000306985154120995,0.5,1,12
"UMass-gbqr_1src_spatial_nssp","12",0.257223614203605,0.257882703585479,0.000311565626041677,0.000310667823957811,0.592387272496909,0.592527452217629,0.000518338863434795,0.000516846878648588,0.25,1,12
"UMass-gbqr_1src_spatial_nssp","13",0.203776676107304,0.204804959245634,0.000212967624059223,0.000212748856601064,0.486112623510873,0.486218151475375,0.000320024143811321,0.000319694441393361,0.25,0.833333333333333,12
"UMass-gbqr_1src_spatial_nssp","15",0.526524028378436,0.527868865555101,0.00152638007540008,0.00150569359097993,0.500042975125209,0.500781754603136,0.00238353818143016,0.0023516230408628,0.5,0.916666666666667,12
"UMass-gbqr_1src_spatial_nssp","16",0.178562165658557,0.179310647358639,0.000194805428364464,0.000194486096372602,0.548888740636296,0.548988508538916,0.000324759171543133,0.000324231668678183,0.666666666666667,1,12
"UMass-gbqr_1src_spatial_nssp","17",0.132938648493507,0.133643260090301,0.000145754129887064,0.000145658561489331,0.547343226122788,0.547421893885408,0.000237182064653208,0.000237026091776035,0.166666666666667,0.916666666666667,12
"UMass-gbqr_1src_spatial_nssp","18",0.0723111546982204,0.0727889916280391,9.01272718150577e-05,9.00786878505345e-05,0.618380113319237,0.618406853389001,0.000149441860718816,0.000149363600907492,0.25,1,12
"UMass-gbqr_1src_spatial_nssp","19",0.270655527296132,0.271957715795019,0.000239770605512075,0.000239698516209833,1.15814148611294,1.158311759834,0.000347454461671959,0.00034734926722694,0.166666666666667,0.666666666666667,12
"UMass-gbqr_1src_spatial_nssp","20",0.108834313629655,0.109409059974652,0.000106927388696096,0.000106868916614372,0.755099599602444,0.755105130624472,0.000176189906573904,0.000176093720546191,0.5,1,12
"UMass-gbqr_1src_spatial_nssp","21",0.0927125110863795,0.0934173805279428,0.000135291480050649,0.000135182127092212,0.399190195863039,0.399285918070806,0.000202921682897042,0.000202760454042061,0.416666666666667,0.916666666666667,12
"UMass-gbqr_1src_spatial_nssp","22",0.194307016621011,0.195400522406565,0.000269596422731073,0.000269268801936334,0.87643797772512,0.876457895864318,0.000430915339048177,0.000430391550183692,0.25,0.833333333333333,12
"UMass-gbqr_1src_spatial_nssp","23",0.182074558967055,0.182825689800815,0.000223596149808124,0.000223248975937875,0.336614979121581,0.336801192062411,0.000387107225989815,0.000386524470975994,0.666666666666667,1,12
"UMass-gbqr_1src_spatial_nssp","24",0.0708907660959653,0.0712856739727571,9.0758476884565e-05,9.06510802745948e-05,0.238958772181862,0.239020707754949,0.000139392617106084,0.000139234230684537,0.583333333333333,1,12
"UMass-gbqr_1src_spatial_nssp","25",0.101473384197453,0.101980975165376,0.000121652744715985,0.000121530012445422,0.244573104214641,0.24469521397229,0.000214001466187811,0.000213790444760085,0.416666666666667,1,12
"UMass-gbqr_1src_spatial_nssp","26",0.0773654211754573,0.0777788644273992,7.42919168330623e-05,7.42546403691005e-05,0.725584980928306,0.725587943149755,0.000126977371662453,0.000126915944354485,0.333333333333333,1,12
"UMass-gbqr_1src_spatial_nssp","27",0.200523936562696,0.201718462314802,0.000303356949790543,0.000303015246904742,0.300172329450001,0.300393798455052,0.000452759930253752,0.000452249787705997,0.333333333333333,0.583333333333333,12
"UMass-gbqr_1src_spatial_nssp","28",0.109056979350841,0.109713283325795,0.000170684046839867,0.000170372236105067,0.327083470748372,0.327196295826686,0.00024258690747171,0.000242157605428621,0.583333333333333,1,12
"UMass-gbqr_1src_spatial_nssp","30",0.14222487529242,0.142888229337632,0.000155698049381723,0.000155562441449539,0.42094520955712,0.421099157830493,0.000263090755973193,0.000262862311966649,0.416666666666667,1,12
"UMass-gbqr_1src_spatial_nssp","31",0.142190288083611,0.142714862224704,0.000115375124042941,0.000115327324815702,0.450301497122661,0.450399458887808,0.000180120598849064,0.000180046146641909,0.416666666666667,0.916666666666667,12
"UMass-gbqr_1src_spatial_nssp","32",0.360146391313606,0.360871845627748,0.000536957942282601,0.000533846038072005,0.395067248007363,0.395342379354195,0.000879024626816382,0.000873991372591569,0.583333333333333,0.916666666666667,12
"UMass-gbqr_1src_spatial_nssp","33",0.222753916541276,0.223695402195017,0.000285439797015926,0.000285038975853182,0.3505169895699,0.350668083204359,0.00045567208644087,0.000455056874422888,0.25,0.833333333333333,12
"UMass-gbqr_1src_spatial_nssp","34",0.173394476627489,0.174228758649875,0.000223185070569329,0.000222863612187731,0.363621350148577,0.36374289148516,0.000351500638476958,0.000350990669122579,0.0833333333333333,0.916666666666667,12
"UMass-gbqr_1src_spatial_nssp","35",0.194761768940473,0.196005237481881,0.000314138232393103,0.000313467375775644,0.299657738890229,0.299950339596765,0.00046946379092802,0.000468549156421447,0.416666666666667,1,12
"UMass-gbqr_1src_spatial_nssp","36",0.20761878391053,0.20836565536944,0.000212829283710911,0.000212582955189192,0.303596435872064,0.303734746425153,0.000288416614078461,0.000288091677413051,0.166666666666667,0.833333333333333,12
"UMass-gbqr_1src_spatial_nssp","37",0.127223482699958,0.128119893481981,0.000267740908484356,0.000266418996928844,0.298420132011619,0.298522841658173,0.000373025165014524,0.000371156986828732,0.666666666666667,1,12
"UMass-gbqr_1src_spatial_nssp","38",0.446062227872307,0.447830879100681,0.000655425562517681,0.000654020294277723,0.612680065497752,0.613006405492585,0.000995605106433847,0.000993626719802787,0.333333333333333,0.833333333333333,12
"UMass-gbqr_1src_spatial_nssp","39",0.0662187769268853,0.0666198801180541,7.18488144730436e-05,7.18239751283333e-05,0.579796032908224,0.579826278954712,0.000106295939366508,0.000106258499785752,0.5,0.833333333333333,12
"UMass-gbqr_1src_spatial_nssp","40",0.102521300309204,0.1031288127301,0.00011170882242034,0.000111618626966601,0.449314215477202,0.449433964223302,0.000190958541577811,0.000190809095419838,0.75,1,12
"UMass-gbqr_1src_spatial_nssp","41",0.357259095000827,0.358692980050329,0.00045225788285334,0.000451386508339525,0.576711291583233,0.576872530386929,0.000773754316207504,0.000772253181146542,0.166666666666667,0.833333333333333,12
"UMass-gbqr_1src_spatial_nssp","42",0.0670900765918182,0.0673499910931498,6.46173598635167e-05,6.45596398668165e-05,0.181094162477479,0.18114544460932,9.05470812387365e-05,9.04703479796332e-05,0.666666666666667,1,12
"UMass-gbqr_1src_spatial_nssp","44",0.17125928802526,0.171947741907539,0.000167732099457876,0.000167596605232596,0.31971828247969,0.319821059318291,0.000255774625983752,0.000255572836779725,0.416666666666667,0.833333333333333,12
"UMass-gbqr_1src_spatial_nssp","45",0.163305812119159,0.164563492956893,0.000235726710014486,0.000235486755451406,0.439601189765726,0.439729920699815,0.000355344295060625,0.00035498565510336,0.0833333333333333,0.833333333333333,12
"UMass-gbqr_1src_spatial_nssp","46",0.350885480198982,0.352053806248227,0.000405476133540717,0.000404885463485083,0.591243249703484,0.591417492020917,0.000610951358026933,0.000610124876811858,0.333333333333333,0.75,12
"UMass-gbqr_1src_spatial_nssp","47",0.0916752767323498,0.0922242622867961,0.000130864158078333,0.000130605604414034,0.288863120655294,0.288885427928137,0.000182946643081684,0.000182577618854993,0.583333333333333,1,12
"UMass-gbqr_1src_spatial_nssp","48",0.143277893003484,0.143991614756295,0.000221982537495296,0.000221397521805628,0.387421483327646,0.387558440462526,0.000326079748467432,0.000325226348205763,0.5,1,12
"UMass-gbqr_1src_spatial_nssp","49",0.216639569590665,0.217679908159445,0.000227040183894588,0.00022681756917095,0.647915692065903,0.647954551565599,0.000329357143466829,0.000329031980778366,0.416666666666667,0.833333333333333,12
"UMass-gbqr_1src_spatial_nssp","50",0.242400289275672,0.243718549144005,0.000265009911168798,0.000264857763682263,0.658717160124928,0.658907088881961,0.000422676844413495,0.000422436470825019,0.333333333333333,0.75,12
"UMass-gbqr_1src_spatial_nssp","51",0.123113262413034,0.123778450294676,0.000171231744894111,0.000170958511920092,0.307986238842693,0.308058523627626,0.000246388991074152,0.000246000214249861,0.25,1,12
"UMass-gbqr_1src_spatial_nssp","53",0.337413214389537,0.338423062193898,0.000583251999818894,0.000580981644306184,0.419405573008994,0.419738241683782,0.001041523839639,0.00103751363953411,0.25,1,12
"UMass-gbqr_1src_spatial_nssp","54",0.182105711647717,0.183056114109468,0.000224474629633937,0.000224216843807051,0.913036066318175,0.913212269061892,0.000388040328185217,0.000387589749363511,0.25,0.916666666666667,12
"UMass-gbqr_1src_spatial_nssp","55",0.0827283186700716,0.0831094078565728,7.98017094547962e-05,7.9747197027161e-05,0.242192890188064,0.242237114168108,0.000121096445094032,0.000121016506656393,0.583333333333333,1,12
"UMass-gbqr_1src_spatial_nssp","56",0.459626081774739,0.461303471429947,0.000835175999177225,0.000830874279385701,0.62320309098526,0.624211303147416,0.00136585344107602,0.00135895396382402,0.583333333333333,1,12
"UMass-gbqr_4src_nssp","01",0.101757461343168,0.102508715034597,0.000180044074767056,0.000179693476770454,0.383626140805588,0.383720729798902,0.000271735183070618,0.000271225169108042,0.666666666666667,1,12
"UMass-gbqr_4src_nssp","02",0.328483536171679,0.329687912552446,0.000441002993709749,0.00043987900565878,1.32993590121079,1.33012440201554,0.000664967950605394,0.000663349736241466,0.75,1,12
"UMass-gbqr_4src_nssp","04",0.373798463226358,0.375075985485711,0.000593670072140403,0.000591237440917808,0.42565003100666,0.426059117320912,0.000883223814338819,0.000879627847894876,0.333333333333333,0.833333333333333,12
"UMass-gbqr_4src_nssp","05",0.156087331721135,0.156890210968772,0.000206213225528641,0.000205949750238557,0.587903727315309,0.587957109470162,0.000372339027299691,0.000371882573303374,0.0833333333333333,1,12
"UMass-gbqr_4src_nssp","06",0.335841124574357,0.336658769232011,0.000333669707468739,0.00033263865679529,1.74917567320076,1.74984088582166,0.000568482093790248,0.000566734482184672,0.0833333333333333,1,12
"UMass-gbqr_4src_nssp","08",0.410345566492992,0.411697629595834,0.000550950572771796,0.000550075985867322,0.427100839185047,0.42741247718412,0.000800814073471964,0.000799512694649596,0.25,0.416666666666667,12
"UMass-gbqr_4src_nssp","09",0.175687610743312,0.176565636115762,0.000223172071056031,0.000222940820928537,0.307848519248637,0.308038702904401,0.000354025797135933,0.000353695664425306,0.5,1,12
"UMass-gbqr_4src_nssp","10",0.16392003701706,0.164833464685111,0.00019919181019733,0.000199053059760428,0.425493261201151,0.425619926419494,0.000308482614370834,0.000308295074385509,0.25,0.916666666666667,12
"UMass-gbqr_4src_nssp","11",0.191047341045234,0.191811213388389,0.000204806136762093,0.000204549308404389,0.606355498989166,0.606502796708138,0.000328442561952465,0.000328055782116102,0.416666666666667,1,12
"UMass-gbqr_4src_nssp","12",0.20271591354234,0.203252749683594,0.000245542426992865,0.000244855853377207,0.435381048372431,0.435566807357501,0.000380958417325877,0.000379934033407401,0.5,1,12
"UMass-gbqr_4src_nssp","13",0.159431632964466,0.160239134997385,0.00016662248457937,0.000166454430005038,0.402419237004112,0.402525981866915,0.000264925997694371,0.000264665805932535,0.25,0.833333333333333,12
"UMass-gbqr_4src_nssp","15",0.498810472154569,0.500048301380749,0.00144603916452301,0.00142633819059897,0.444317661952437,0.444951511839069,0.00211791418863995,0.00208944958095912,0.666666666666667,1,12
"UMass-gbqr_4src_nssp","16",0.190901234688508,0.19169157761059,0.000208266945361264,0.000207914851606235,0.578635889809598,0.578737093028684,0.000342359568137336,0.000341801131499184,0.75,1,12
"UMass-gbqr_4src_nssp","17",0.11043986900995,0.111025656609627,0.000121086434944258,0.000121007504749881,0.457021745177843,0.457096450573076,0.000198042756243732,0.000197916426898909,0.25,0.916666666666667,12
"UMass-gbqr_4src_nssp","18",0.0622901340376041,0.0627006449446253,7.76372589434212e-05,7.7594038571877e-05,0.506218654056312,0.506252747018588,0.000122336174730275,0.000122275057026965,0.666666666666667,1,12
"UMass-gbqr_4src_nssp","19",0.243737370964641,0.244906467747968,0.000215924121727509,0.000215856044965555,0.928573217302403,0.928686743184956,0.000278581599234191,0.000278490360639088,0.333333333333333,0.666666666666667,12
"UMass-gbqr_4src_nssp","20",0.118207776721167,0.118833530374386,0.000116136615988375,0.000116074579669306,0.862648546136455,0.862662679008953,0.000201284660765173,0.000201176597220842,0.583333333333333,0.916666666666667,12
"UMass-gbqr_4src_nssp","21",0.0928325896518896,0.0935353442876487,0.000135466705666479,0.000135352829715929,0.409479323230666,0.409572954237447,0.000208151989308919,0.000207984289968889,0.5,1,12
"UMass-gbqr_4src_nssp","22",0.146422166189314,0.147246512220799,0.000203157317217052,0.000202910879902879,0.664010954822451,0.664073078575616,0.000326472052787699,0.000326098313532293,0.416666666666667,0.833333333333333,12
"UMass-gbqr_4src_nssp","23",0.17826642139576,0.178991305545762,0.00021891957717924,0.000218566798289726,0.300004196967845,0.300157101570317,0.000345004826513019,0.000344470469904559,0.666666666666667,1,12
"UMass-gbqr_4src_nssp","24",0.0789868154363953,0.0794253524676051,0.000101123509559272,0.000101001976990923,0.258918982086333,0.258988089849485,0.000151036072883692,0.000150865620746218,0.75,1,12
"UMass-gbqr_4src_nssp","25",0.118609832689771,0.119198349277652,0.000142197008714493,0.000142047836350804,0.264375909263562,0.264512526067138,0.000231328920605617,0.000231104849475769,0.333333333333333,1,12
"UMass-gbqr_4src_nssp","26",0.0768169580221307,0.0772276182838093,7.37652425339522e-05,7.37283716398196e-05,0.671579358770296,0.671582577462601,0.000117526387784802,0.000117469615965068,0.666666666666667,1,12
"UMass-gbqr_4src_nssp","27",0.255034574431622,0.256535158547317,0.000385821822156959,0.000385359195756959,0.3735293847633,0.373774227164262,0.000563406822017977,0.000562725714559995,0.25,0.5,12
"UMass-gbqr_4src_nssp","28",0.111279073495731,0.111943961374617,0.000174161825367814,0.000173836225110663,0.346589750181718,0.346707057331668,0.000257054064718108,0.000256597497769695,0.666666666666667,1,12
"UMass-gbqr_4src_nssp","30",0.169116248059328,0.16989339641443,0.000185136881909407,0.000184962971791985,0.44195969592694,0.44211831076671,0.00027622480995433,0.000275983077073044,0.583333333333333,0.916666666666667,12
"UMass-gbqr_4src_nssp","31",0.147392231817602,0.147933055853633,0.00011959605158773,0.000119544126781619,0.499411297899881,0.499513197674413,0.000199764519159952,0.000199679250637063,0.416666666666667,0.916666666666667,12
"UMass-gbqr_4src_nssp","32",0.394889120850805,0.395672999030086,0.000588757391094323,0.000585328186345048,0.423476748182659,0.423794800207849,0.000942235764706417,0.000936891713293873,0.666666666666667,1,12
"UMass-gbqr_4src_nssp","33",0.276873416149044,0.278034682587624,0.000354789235277238,0.000354279615936632,0.432172261806747,0.432341982057841,0.00056182394034877,0.000561043905790488,0.25,0.916666666666667,12
"UMass-gbqr_4src_nssp","34",0.17603049791892,0.176874789146048,0.000226578030999172,0.000226248265323676,0.385780418069344,0.38590881915306,0.000372921070800366,0.000372379496137488,0.0833333333333333,0.916666666666667,12
"UMass-gbqr_4src_nssp","35",0.212031338095416,0.213380938655693,0.000341992938981757,0.000341255997749177,0.327416667261917,0.327736353517786,0.000512952778710332,0.000511953385936611,0.5,1,12
"UMass-gbqr_4src_nssp","36",0.234410520911028,0.235246518308329,0.000240293398892533,0.000240007884078998,0.358513429406179,0.35867142056465,0.00034058775793587,0.000340198980876411,0.25,0.75,12
"UMass-gbqr_4src_nssp","37",0.136455397763712,0.13741745336276,0.000287169407640045,0.000285752813949785,0.332056745769455,0.332204294867579,0.000415070932211819,0.000413033536762993,0.666666666666667,1,12
"UMass-gbqr_4src_nssp","38",0.455921543073401,0.457755709576727,0.000669912436339165,0.000668514695739353,0.643129822661701,0.643467057558146,0.00104508596182526,0.00104300062115809,0.333333333333333,0.75,12
"UMass-gbqr_4src_nssp","39",0.0628564363500431,0.0632364478375025,6.82006017528441e-05,6.81762418160531e-05,0.483653440490503,0.48368780729763,8.86697974232588e-05,8.86402404195278e-05,0.75,0.833333333333333,12
"UMass-gbqr_4src_nssp","40",0.111968927225657,0.11262916997388,0.000122003105406613,0.000121901076683327,0.447890963816133,0.448008578634828,0.000190353659621857,0.000190203941923636,0.583333333333333,1,12
"UMass-gbqr_4src_nssp","41",0.29993434682014,0.301140068595384,0.000379689907369782,0.000378960759324933,0.50983057523732,0.5099971896464,0.000684022688443405,0.000682727866788979,0.333333333333333,0.916666666666667,12
"UMass-gbqr_4src_nssp","42",0.0799158613707203,0.080224632783778,7.69704289415658e-05,7.69008772964053e-05,0.211400476035132,0.211465941663152,0.000105700238017562,0.000105613460881488,0.583333333333333,1,12
"UMass-gbqr_4src_nssp","44",0.201867807322299,0.202664742332423,0.000197710217796381,0.000197536312128584,0.388142601411639,0.388260141196183,0.000310514081129312,0.000310263326328523,0.416666666666667,1,12
"UMass-gbqr_4src_nssp","45",0.150062968340204,0.151216696114479,0.000216611089114411,0.000216387781386045,0.440053824495746,0.440184494207096,0.000355710174800724,0.0003553526237054,0.166666666666667,0.833333333333333,12
"UMass-gbqr_4src_nssp","46",0.327698496066331,0.328797661676611,0.000378681725663692,0.00037813933915227,0.582769010715597,0.582935285087504,0.000602194644406117,0.000601374365489209,0.416666666666667,0.833333333333333,12
"UMass-gbqr_4src_nssp","47",0.0890163215605593,0.0895488915274447,0.000127068566264192,0.000126816813846427,0.264640293576897,0.264663652327469,0.000167605519265366,0.000167269286602561,0.75,1,12
"UMass-gbqr_4src_nssp","48",0.142825223995611,0.143534392984698,0.000221281210773451,0.000220694510263473,0.381880849906875,0.38202390642282,0.00032141638200495,0.000320581948531211,0.5,0.916666666666667,12
"UMass-gbqr_4src_nssp","49",0.157990891352714,0.158761783233053,0.000165575850682154,0.000165426207933669,0.469595036196374,0.469663080034583,0.000238710810066486,0.000238495390068423,0.583333333333333,0.833333333333333,12
"UMass-gbqr_4src_nssp","50",0.198183199456644,0.199267601387139,0.000216668520652729,0.000216551310776685,0.533501242203054,0.53371469211955,0.000342329963746959,0.000342173509392664,0.416666666666667,0.833333333333333,12
"UMass-gbqr_4src_nssp","51",0.12598592643649,0.126662861409952,0.000175227181807972,0.000174942360731088,0.322394360733871,0.322466098565467,0.000257915488587094,0.000257505386967673,0.25,1,12
"UMass-gbqr_4src_nssp","53",0.230794184901907,0.231509777266547,0.00039895049793516,0.000397440204569197,0.283116069814929,0.283410065030852,0.000703071573373741,0.000700536140979695,0.5,1,12
"UMass-gbqr_4src_nssp","54",0.149978294689934,0.150757717783856,0.000184872412012973,0.000184656053830775,0.718917565275462,0.719032400040539,0.000305539965242065,0.000305175036689163,0.5,0.916666666666667,12
"UMass-gbqr_4src_nssp","55",0.0952711597636956,0.0957100457005289,9.1900833150068e-05,9.18380730750814e-05,0.328075187876919,0.328138357780884,0.00016403759393846,0.000163930939711617,0.5,1,12
"UMass-gbqr_4src_nssp","56",0.349704614189128,0.350803171118763,0.000635440224463656,0.000631847254706349,0.399197962713481,0.399670722167222,0.000874908868280376,0.000870112587476305,0.666666666666667,1,12
"UMass-gbqr_4src_spatial_nssp","01",0.108763987153679,0.109566911526759,0.000192441037508007,0.000192066199099258,0.421709530855516,0.421819238807526,0.000298710917689317,0.000298154322907067,0.583333333333333,1,12
"UMass-gbqr_4src_spatial_nssp","02",0.305937251873204,0.306984825599416,0.000410733656657003,0.000409587900240425,0.909622424373895,0.90956658117458,0.000454811212186948,0.000453612271755887,0.916666666666667,1,12
"UMass-gbqr_4src_spatial_nssp","04",0.459167913208593,0.460707314229736,0.000729254598336941,0.000726219283606154,0.53873991966534,0.539150501621688,0.00111788533330558,0.00111311265538702,0.166666666666667,0.833333333333333,12
"UMass-gbqr_4src_spatial_nssp","05",0.150475328823007,0.151247501886096,0.000198798983728629,0.000198542567093922,0.560567145528574,0.560608787631631,0.000355025858834759,0.000354584773622022,0.0833333333333333,1,12
"UMass-gbqr_4src_spatial_nssp","06",0.272303485255135,0.272953311476969,0.000270542877626895,0.000269693919171175,1.40989359013372,1.41035370420247,0.000458215416793459,0.000456782146722502,0.0833333333333333,1,12
"UMass-gbqr_4src_spatial_nssp","08",0.357161042930598,0.358350279881336,0.000479542359519426,0.000478797712984334,0.372266421471876,0.372576504179124,0.000697999540259768,0.000696937175961425,0.166666666666667,0.5,12
"UMass-gbqr_4src_spatial_nssp","09",0.170394850373571,0.171250230063514,0.000216448795075893,0.000216229316839034,0.277845468878535,0.278032116752994,0.000319522289210315,0.000319241554192116,0.5,0.916666666666667,12
"UMass-gbqr_4src_spatial_nssp","10",0.168253302933603,0.169189643006193,0.000204457493988585,0.000204313585135721,0.434812477499808,0.434939160000782,0.000315239046187361,0.000315045401688858,0.25,0.916666666666667,12
"UMass-gbqr_4src_spatial_nssp","11",0.197161759964232,0.197950256987558,0.000211360902248458,0.000211096043083199,0.630843614941425,0.63099884975356,0.000341706958093272,0.000341305633368545,0.333333333333333,1,12
"UMass-gbqr_4src_spatial_nssp","12",0.214962690310112,0.215526205225047,0.000260376503103868,0.00025964152016483,0.432218134764104,0.432397867555606,0.000378190867918591,0.000377169846467025,0.5,1,12
"UMass-gbqr_4src_spatial_nssp","13",0.189271493078412,0.19022632243666,0.000197808213153037,0.000197604749137379,0.461614626413623,0.461723866926229,0.000303896295722298,0.000303589146696921,0.166666666666667,0.833333333333333,12
"UMass-gbqr_4src_spatial_nssp","15",0.541985321675849,0.543318260786482,0.00157120198049294,0.00154976145878256,0.492701548845123,0.493420393270407,0.00234854404949509,0.00231705479478946,0.416666666666667,1,12
"UMass-gbqr_4src_spatial_nssp","16",0.192255693435966,0.193050359729719,0.000209744615143816,0.000209388630403328,0.57555755740082,0.575651442783139,0.000340538221462142,0.000339978751772634,0.666666666666667,1,12
"UMass-gbqr_4src_spatial_nssp","17",0.105178169048591,0.105736448686589,0.000115317499361675,0.000115242766468526,0.42016814202043,0.420240512384393,0.000182072861542186,0.000181958316554438,0.25,1,12
"UMass-gbqr_4src_spatial_nssp","18",0.0600293112377246,0.0604251507174452,7.48194116574694e-05,7.47780422294179e-05,0.467804694827045,0.467834123556748,0.000113052801249869,0.000112995819724334,0.666666666666667,1,12
"UMass-gbqr_4src_spatial_nssp","19",0.240391876153555,0.241544257601027,0.000212960386515429,0.000212892654936147,0.946214744163105,0.946336670214006,0.000283874240325073,0.000283783140556153,0.333333333333333,0.666666666666667,12
"UMass-gbqr_4src_spatial_nssp","20",0.12299480161743,0.123646335191168,0.000120839765709357,0.000120775645895129,0.903237053256062,0.903255725192066,0.000210755312426415,0.000210643067836366,0.416666666666667,1,12
"UMass-gbqr_4src_spatial_nssp","21",0.0897400426129683,0.090419287550864,0.000130953881441148,0.000130843656204126,0.377492206676864,0.377581343381798,0.000191891871727402,0.000191738704414635,0.5,1,12
"UMass-gbqr_4src_spatial_nssp","22",0.158095152881065,0.15898388772193,0.000219353312139982,0.000219085396737028,0.695276102380242,0.695335498796808,0.00034184408367028,0.000341449971113316,0.5,1,12
"UMass-gbqr_4src_spatial_nssp","23",0.210398515998726,0.211238470318068,0.000258379305541365,0.000257943903991668,0.350993133606493,0.351133896729787,0.000403642103647464,0.000402973168960965,0.5,1,12
"UMass-gbqr_4src_spatial_nssp","24",0.0833786407603784,0.0838415869404611,0.000106746179465367,0.000106617922010441,0.272258111075027,0.272331404434805,0.00015881723146043,0.000158638362106241,0.583333333333333,1,12
"UMass-gbqr_4src_spatial_nssp","25",0.110215067023279,0.110765295261188,0.000132132829889147,0.000131998225058974,0.227179549664018,0.227306852285976,0.000198782105956016,0.000198598216362078,0.416666666666667,0.916666666666667,12
"UMass-gbqr_4src_spatial_nssp","26",0.0777082170710722,0.0781236383884184,7.46210944395538e-05,7.45837923395309e-05,0.659702026281672,0.659704788104561,0.000115447854599292,0.000115392016871186,0.666666666666667,1,12
"UMass-gbqr_4src_spatial_nssp","27",0.231027114704661,0.232389854714227,0.000349502817653908,0.000349088865720654,0.342423049409446,0.342660479252765,0.000516488099525914,0.000515883249901665,0.333333333333333,0.666666666666667,12
"UMass-gbqr_4src_spatial_nssp","28",0.1086455782476,0.109295438891817,0.000170040166864523,0.000169723371278467,0.346187852500288,0.346300186662229,0.00025675599060438,0.000256296373251211,0.583333333333333,1,12
"UMass-gbqr_4src_spatial_nssp","30",0.164139294995467,0.164893943709967,0.000179688454675322,0.000179520066716997,0.441853248187049,0.442020921016475,0.000276158280116898,0.000275922283565309,0.583333333333333,0.916666666666667,12
"UMass-gbqr_4src_spatial_nssp","31",0.134637089680926,0.13513303451989,0.000109246356639936,0.0001092004793507,0.44026018066704,0.440361011939525,0.000176104072266816,0.00017603330058794,0.416666666666667,0.916666666666667,12
"UMass-gbqr_4src_spatial_nssp","32",0.391970763571952,0.392751646662587,0.000584406285107719,0.000581006562460845,0.415938712189879,0.416254873634975,0.00092546363462248,0.000920223045529415,0.75,1,12
"UMass-gbqr_4src_spatial_nssp","33",0.266510842644031,0.267631487021481,0.000341510497359804,0.000341023571419504,0.396937296674965,0.39709707586201,0.000516018485677454,0.000515307103324049,0.25,0.916666666666667,12
"UMass-gbqr_4src_spatial_nssp","34",0.176857425913523,0.17770279145583,0.000227642413131872,0.000227307399229512,0.367868167753217,0.367989880429583,0.000355605895494776,0.000355088765679938,0.0833333333333333,0.916666666666667,12
"UMass-gbqr_4src_spatial_nssp","35",0.230437513149401,0.231904214808913,0.000371680917931795,0.000370879914135873,0.356649032952968,0.356984378141021,0.000558750151626311,0.000557641406435716,0.416666666666667,0.833333333333333,12
"UMass-gbqr_4src_spatial_nssp","36",0.221928735092769,0.222723152127601,0.000227498364237683,0.000227231046231631,0.344758714783063,0.344907408352112,0.00032752077904391,0.000327143848353992,0.166666666666667,0.666666666666667,12
"UMass-gbqr_4src_spatial_nssp","37",0.14267819637332,0.1436782352799,0.00030026524276178,0.000298771801033076,0.396856132844504,0.397011050428347,0.000496070166055629,0.000493608543976757,0.583333333333333,1,12
"UMass-gbqr_4src_spatial_nssp","38",0.443618392243365,0.445395148340581,0.000651834690568176,0.000650463109137428,0.609842134346636,0.610160949350163,0.000990993468313284,0.000989014498416837,0.333333333333333,0.75,12
"UMass-gbqr_4src_spatial_nssp","39",0.0608250117009,0.0611926372099589,6.59964617867222e-05,6.59727763727111e-05,0.462868067612238,0.462896978407698,8.48591457289103e-05,8.48301297582292e-05,0.666666666666667,0.833333333333333,12
"UMass-gbqr_4src_spatial_nssp","40",0.108061737369457,0.108699411096251,0.000117745769843248,0.00011764781051436,0.439748576391031,0.439859780214592,0.000186893144966188,0.000186744334997821,0.583333333333333,1,12
"UMass-gbqr_4src_spatial_nssp","41",0.396108143936672,0.39768573609034,0.000501437284773256,0.000500455782003498,0.646941832191973,0.647095073023581,0.000867980291524231,0.000866259359431682,0,0.833333333333333,12
"UMass-gbqr_4src_spatial_nssp","42",0.082131652696443,0.0824482480915834,7.91045535804121e-05,7.90323668652118e-05,0.197592973655715,0.19765231835879,9.87964868278543e-05,9.87144559967637e-05,0.583333333333333,1,12
"UMass-gbqr_4src_spatial_nssp","44",0.195511738260965,0.196286432600468,0.000191485055819768,0.000191319405489749,0.359624549305559,0.359738496807233,0.000287699639444447,0.000287471338891411,0.333333333333333,0.916666666666667,12
"UMass-gbqr_4src_spatial_nssp","45",0.149604529592666,0.150753860674608,0.000215949347463591,0.000215725474004956,0.436761106526493,0.436889119855451,0.000353048561108912,0.000352692330266265,0.166666666666667,0.916666666666667,12
"UMass-gbqr_4src_spatial_nssp","46",0.328732942655935,0.32983442095889,0.000379877111130395,0.000379331681785919,0.579190333864685,0.579360413826165,0.000598496678326842,0.000597686415914892,0.416666666666667,0.916666666666667,12
"UMass-gbqr_4src_spatial_nssp","47",0.093375769469737,0.0939336373181156,0.000133291568808122,0.000133026376926602,0.284880690725258,0.284897845771509,0.000180424437459328,0.00018005743893326,0.75,1,12
"UMass-gbqr_4src_spatial_nssp","48",0.172849373591949,0.173700942352862,0.000267798065354579,0.000267077761696846,0.504794966574157,0.504958735648475,0.000424869096866578,0.000423744830311423,0.416666666666667,0.916666666666667,12
"UMass-gbqr_4src_spatial_nssp","49",0.171123746715723,0.171954742875198,0.000179339199189135,0.000179172975200815,0.532640578023638,0.532707739654295,0.000270758960495345,0.000270509532390674,0.5,0.833333333333333,12
"UMass-gbqr_4src_spatial_nssp","50",0.204711895466626,0.205829517073653,0.000223806173643257,0.000223682381925376,0.562922905512804,0.563139485360476,0.000361208864370716,0.000361038241645801,0.5,0.916666666666667,12
"UMass-gbqr_4src_spatial_nssp","51",0.131467302202069,0.132172852040857,0.000182850938325865,0.000182552569105087,0.334567922859776,0.334641626033725,0.000267654338287818,0.000267228157597506,0.25,1,12
"UMass-gbqr_4src_spatial_nssp","53",0.34159915031373,0.342636035001189,0.000590487802670648,0.000588214188841209,0.413783079129849,0.414125157703557,0.00102756131317246,0.00102363915631816,0.166666666666667,1,12
"UMass-gbqr_4src_spatial_nssp","54",0.166341944047948,0.167207030332292,0.000205043246282057,0.000204804044846253,0.8340004233898,0.834143757250007,0.000354450179940658,0.000354031128094443,0.416666666666667,1,12
"UMass-gbqr_4src_spatial_nssp","55",0.0903650248755769,0.090780527096595,8.71682584140928e-05,8.71079793167983e-05,0.271162680599273,0.271213144571304,0.000135581340299636,0.000135492314743054,0.5,1,12
"UMass-gbqr_4src_spatial_nssp","56",0.389909208153039,0.391244325738798,0.000708495068970457,0.00070468762397192,0.53300528058895,0.533772895922538,0.00116816990662411,0.00116206289286699,0.583333333333333,1,12
