"model_id","location","wis_scaled_relative_skill","wis_scaled_relative_skill__log","wis","wis__log","ae_median_scaled_relative_skill","ae_median_scaled_relative_skill__log","ae_median","ae_median__log","interval_coverage_50","interval_coverage_95","n"
"FluSight-baseline","01",1,1,72.9485908385093,0.628373557776816,1,1,99,0.763275271359479,0.392857142857143,0.830357142857143,112
"FluSight-baseline","02",1,1,8.53281444099379,0.512782481316299,1,1,11.625,0.82046562434625,0.553571428571429,0.883928571428571,112
"FluSight-baseline","04",1,1,52.0182375776398,0.445747801112051,1,1,78.7321428571429,0.514942086264466,0.482142857142857,1,112
"FluSight-baseline","05",1,1,33.5320652173913,0.496774568354264,1,1,50.2053571428571,0.697063889527054,0.464285714285714,0.946428571428571,112
"FluSight-baseline","06",1,1,209.701700310559,0.408790016616617,1,1,317,0.451566518272087,0.366071428571429,0.973214285714286,112
"FluSight-baseline","08",1,1,94.4469836956522,0.511319762369364,1,1,116.8125,0.62536282425764,0.482142857142857,0.821428571428571,112
"FluSight-baseline","09",1,1,97.6965566770186,0.701287825972684,1,1,115.294642857143,0.844226783942881,0.535714285714286,0.741071428571429,112
"FluSight-baseline","10",1,1,25.6930163043478,0.608437719977311,1,1,33.5892857142857,0.856740209349001,0.383928571428571,0.848214285714286,112
"FluSight-baseline","11",1,1,10.5107104037267,0.548791657493577,1,1,14.9196428571429,0.885401621430038,0.5625,0.9375,112
"FluSight-baseline","12",1,1,332.766319875776,0.426641685319679,1,1,443.267857142857,0.447741076837399,0.348214285714286,0.75,112
"FluSight-baseline","13",1,1,161.311207298137,0.575050548348214,1,1,205.357142857143,0.693168362322054,0.366071428571429,0.848214285714286,112
"FluSight-baseline","15",1,1,11.906847826087,0.474455490828144,1,1,17.0714285714286,0.747513121931879,0.339285714285714,0.794642857142857,112
"FluSight-baseline","16",1,1,22.9304736024845,0.438873948126524,1,1,32.8482142857143,0.576014400441998,0.419642857142857,0.910714285714286,112
"FluSight-baseline","17",1,1,189.168260869565,0.564188859058242,1,1,244.366071428571,0.694837831336411,0.330357142857143,0.794642857142857,112
"FluSight-baseline","18",1,1,89.8021312111801,0.513684584587603,1,1,123.321428571429,0.606089918221021,0.473214285714286,0.892857142857143,112
"FluSight-baseline","19",1,1,37.5980784161491,0.524911706736885,1,1,50.5535714285714,0.773679632367864,0.446428571428571,0.901785714285714,112
"FluSight-baseline","20",1,1,36.6578416149068,0.532796673922618,1,1,50.0625,0.697790837520852,0.428571428571429,0.910714285714286,112
"FluSight-baseline","21",1,1,59.5313431677019,0.518204798101081,1,1,81.5089285714286,0.631745996935318,0.5,0.928571428571429,112
"FluSight-baseline","22",1,1,75.1489635093168,0.449355831289064,1,1,100.330357142857,0.516616254625679,0.375,0.839285714285714,112
"FluSight-baseline","23",1,1,24.0293633540373,0.503955469586553,1,1,31.125,0.686465360742646,0.401785714285714,0.848214285714286,112
"FluSight-baseline","24",1,1,88.0373330745342,0.620166145001102,1,1,110.517857142857,0.700096779790946,0.535714285714286,0.803571428571429,112
"FluSight-baseline","25",1,1,136.200904503106,0.654486103976689,1,1,168.589285714286,0.777748934577203,0.535714285714286,0.8125,112
"FluSight-baseline","26",1,1,127.142589285714,0.556531868025834,1,1,167.142857142857,0.660135828915854,0.473214285714286,0.848214285714286,112
"FluSight-baseline","27",1,1,127.719336180124,0.589905215859219,1,1,155.875,0.764583610693869,0.366071428571429,0.767857142857143,112
"FluSight-baseline","28",1,1,34.7745690993789,0.491547886993987,1,1,51.4821428571429,0.630172541437945,0.357142857142857,0.910714285714286,112
"FluSight-baseline","29",1,1,98.7641226708075,0.585645996364154,1,1,134,0.737032072004442,0.366071428571429,0.901785714285714,112
"FluSight-baseline","30",1,1,16.9712616459627,0.500244856969125,1,1,23.5892857142857,0.772525058965213,0.4375,0.892857142857143,112
"FluSight-baseline","31",1,1,23.2495574534161,0.520282292580009,1,1,32.5982142857143,0.811149450241346,0.428571428571429,0.901785714285714,112
"FluSight-baseline","32",1,1,28.587977484472,0.425302670501716,1,1,39.9196428571429,0.563313218633124,0.5625,0.910714285714286,112
"FluSight-baseline","33",1,1,30.5019332298137,0.559070475991091,1,1,37.5625,0.762448468807036,0.375,0.767857142857143,112
"FluSight-baseline","34",1,1,205.307639751553,0.594488226971745,1,1,254.348214285714,0.677813822890658,0.455357142857143,0.767857142857143,112
"FluSight-baseline","35",1,1,46.044724378882,0.550562844278423,1,1,59.5,0.698358240141864,0.419642857142857,0.839285714285714,112
"FluSight-baseline","36",1,1,497.301789596273,0.62779150774064,1,1,570.044642857143,0.617961195372268,0.5625,0.696428571428571,112
"FluSight-baseline","37",1,1,295.482294254658,0.647322516825231,1,1,350.482142857143,0.720479692054298,0.383928571428571,0.794642857142857,112
"FluSight-baseline","38",1,1,18.7764285714286,0.516688095807234,1,1,24.2142857142857,0.716534377521454,0.455357142857143,0.758928571428571,112
"FluSight-baseline","39",1,1,209.197872670807,0.618111336456311,1,1,275.133928571429,0.695739135718642,0.410714285714286,0.892857142857143,112
"FluSight-baseline","40",1,1,39.9814712732919,0.613064965403762,1,1,60.625,0.789517864227945,0.4375,1,112
"FluSight-baseline","41",1,1,55.3381288819876,0.619919370374972,1,1,76.8482142857143,0.854306454595034,0.366071428571429,0.901785714285714,112
"FluSight-baseline","42",1,1,331.307305900621,0.420146043352362,1,1,427.366071428571,0.475457999206433,0.357142857142857,0.839285714285714,112
"FluSight-baseline","44",1,1,32.1971739130435,0.598789239547212,1,1,37.9642857142857,0.77018540023408,0.4375,0.758928571428571,112
"FluSight-baseline","45",1,1,105.084301242236,0.648231941215277,1,1,133.723214285714,0.809160432572674,0.383928571428571,0.8125,112
"FluSight-baseline","46",1,1,10.7564712732919,0.476816061880035,1,1,15.4375,0.717135318760933,0.473214285714286,0.928571428571429,112
"FluSight-baseline","47",1,1,97.3877445652174,0.466007467547754,1,1,129.133928571429,0.542761379598888,0.4375,0.875,112
"FluSight-baseline","48",1,1,251.575388198758,0.428215609209953,1,1,349,0.420722858335545,0.419642857142857,0.892857142857143,112
"FluSight-baseline","49",1,1,31.1992080745342,0.573766728292976,1,1,41.3214285714286,0.785114260402843,0.401785714285714,0.839285714285714,112
"FluSight-baseline","50",1,1,5.5050698757764,0.436406538388492,1,1,7.79464285714286,0.69580567080524,0.580357142857143,0.919642857142857,112
"FluSight-baseline","51",1,1,118.959902950311,0.572274272020751,1,1,153.607142857143,0.642523664208068,0.410714285714286,0.830357142857143,112
"FluSight-baseline","53",1,1,36.9040372670807,0.409875490978628,1,1,56.3660714285714,0.541203157182336,0.401785714285714,1,112
"FluSight-baseline","54",1,1,26.7613354037267,0.53416779000745,1,1,38.8571428571429,0.829944022114314,0.464285714285714,0.928571428571429,112
"FluSight-baseline","55",1,1,114.527150621118,0.583173957806631,1,1,142.991071428571,0.830356245209267,0.375,0.794642857142857,112
"FluSight-baseline","56",1,1,7.26443322981366,0.487975701349639,1,1,10.9910714285714,0.759215712921494,0.455357142857143,1,112
"UMass-gbqr_1src","01",0.755246925569831,0.642370439769635,55.0941989554357,0.403648598648704,0.747254513229023,0.670291442808541,73.9781968096733,0.511616882899627,0.348214285714286,0.785714285714286,112
"UMass-gbqr_1src","02",0.764852225599608,0.786704152594621,6.52634211582258,0.403408107429307,0.78133808020699,0.718504212054607,9.08305518240626,0.589508006938794,0.276785714285714,0.705357142857143,112
"UMass-gbqr_1src","04",1.02828115180736,0.545390860050682,53.4893732513244,0.243106776614202,1.03332135867093,0.711188031072231,81.3556048282166,0.366220648446652,0.330357142857143,0.875,112
"UMass-gbqr_1src","05",0.806304447295245,0.69014398764355,27.0370533117768,0.342845981563915,0.834766390228543,0.726001469951782,41.9097447522776,0.506069408446948,0.321428571428571,0.8125,112
"UMass-gbqr_1src","06",0.56497005052927,0.368882748507512,118.47518022053,0.150795584891969,0.591842609639619,0.518634707688905,187.614107255759,0.234198069206141,0.4375,0.928571428571429,112
"UMass-gbqr_1src","08",0.466654908746697,0.551606432078037,44.0741485578953,0.282047269771555,0.568115520727308,0.681278041196893,66.3629942649586,0.426045959947602,0.214285714285714,0.732142857142857,112
"UMass-gbqr_1src","09",0.580648157411149,0.611552838331381,56.7273256199247,0.428874560460839,0.638070931579401,0.734933482198228,73.5661601739715,0.620450530088153,0.151785714285714,0.723214285714286,112
"UMass-gbqr_1src","10",0.647312645266754,0.689625193192649,16.6314143488492,0.419593980185048,0.642959968072948,0.723791694694994,21.5965660704503,0.620101448038058,0.303571428571429,0.714285714285714,112
"UMass-gbqr_1src","11",0.564473513252372,0.713605266758296,5.93301762836987,0.391620617140431,0.593236783005957,0.653083576708747,8.85088093216923,0.578241257747253,0.410714285714286,0.767857142857143,112
"UMass-gbqr_1src","12",0.568288677805553,0.426493955804388,189.107331940425,0.181960100083041,0.600465812459707,0.581198791111658,266.167193976559,0.260226572588928,0.330357142857143,0.776785714285714,112
"UMass-gbqr_1src","13",0.595269544773833,0.48365559973539,96.0236489352792,0.27812641783952,0.647865149137466,0.581596400429964,133.043735983587,0.403144224418439,0.303571428571429,0.75,112
"UMass-gbqr_1src","15",0.639006550851901,0.849846518312275,7.60855376086628,0.403214346974439,0.658051617181462,0.763784140723661,11.2338811790264,0.570938667514401,0.357142857142857,0.767857142857143,112
"UMass-gbqr_1src","16",0.597217627875376,0.553316347316943,13.6944830509347,0.242836129909934,0.624391711642019,0.622598482762176,20.510152742241,0.358625691764352,0.348214285714286,0.857142857142857,112
"UMass-gbqr_1src","17",0.55689236686702,0.49932146270866,105.34636053177,0.281711606348892,0.602656695981305,0.572635312848464,147.268849217074,0.397888678926274,0.294642857142857,0.669642857142857,112
"UMass-gbqr_1src","18",0.577054278584032,0.476443155262323,51.8207040413761,0.244741504290533,0.638618778440055,0.575700258505493,78.7553800697683,0.348926122597415,0.401785714285714,0.785714285714286,112
"UMass-gbqr_1src","19",0.535922421960275,0.513485961746603,20.149653245835,0.26953479256584,0.56657387574998,0.52225894150902,28.6423328972892,0.404061105867529,0.3125,0.866071428571429,112
"UMass-gbqr_1src","20",0.619265170789849,0.472828470743736,22.7009245484425,0.25192143654818,0.628024936778423,0.511454277381955,31.4404983974698,0.356888108567977,0.4375,0.830357142857143,112
"UMass-gbqr_1src","21",0.679875593666952,0.518083211889544,40.4739072779323,0.26847320621678,0.750240709421826,0.634385894546295,61.1513163956415,0.400770749391853,0.232142857142857,0.741071428571429,112
"UMass-gbqr_1src","22",0.560948464319956,0.537601309152832,42.1546956757877,0.24157428317646,0.612578993043516,0.657873148137624,61.4602691502678,0.339867961809663,0.3125,0.75,112
"UMass-gbqr_1src","23",0.486257617951336,0.527496435967474,11.6844609854213,0.265834714093221,0.563915871811244,0.588502256967504,17.551881510125,0.403986414127059,0.428571428571429,0.839285714285714,112
"UMass-gbqr_1src","24",0.468832418818899,0.562414223086989,41.2747558116989,0.348790260625648,0.542089279242471,0.711580043337506,59.9105455219938,0.49817489690409,0.294642857142857,0.714285714285714,112
"UMass-gbqr_1src","25",0.586671542545817,0.559278882933092,79.9051947409725,0.366040257127314,0.656760949656046,0.677345757552679,110.722859387549,0.526804941276985,0.178571428571429,0.723214285714286,112
"UMass-gbqr_1src","26",0.615884795550312,0.439538382199143,78.3051876079695,0.244617116914342,0.692153207658617,0.556402700430971,115.688464708655,0.367301357860019,0.276785714285714,0.785714285714286,112
"UMass-gbqr_1src","27",0.490996638876551,0.521134921506283,62.7097647839853,0.307420208362941,0.57808553231754,0.595824312299502,90.1090823499966,0.455557504037145,0.339285714285714,0.741071428571429,112
"UMass-gbqr_1src","28",0.813423141004377,0.642238834651832,28.2864392238905,0.315691142118589,0.8328203851564,0.728955198968507,42.8753780429625,0.459367550328387,0.223214285714286,0.75,112
"UMass-gbqr_1src","29",0.71855704472635,0.496252122427213,70.9676561113261,0.290628068686711,0.705752538683339,0.561877484391151,94.5708401835675,0.414121726533454,0.25,0.758928571428571,112
"UMass-gbqr_1src","30",0.588592491558372,0.595556169645615,9.98915717708624,0.297923910901451,0.608027593820903,0.56183767675716,14.3429366328109,0.434033684365703,0.419642857142857,0.696428571428571,112
"UMass-gbqr_1src","31",0.557939053125895,0.640395410489348,12.9718360711551,0.333186392327114,0.598019831754619,0.626651355512892,19.4943786226439,0.508307902517276,0.294642857142857,0.794642857142857,112
"UMass-gbqr_1src","32",0.78793130558049,0.699010403383294,22.5253624232457,0.297290991267397,0.815752200869971,0.75394771885688,32.5645365186575,0.42470871619037,0.330357142857143,0.758928571428571,112
"UMass-gbqr_1src","33",0.574229644087312,0.574723248968375,17.5151142625309,0.321310800363896,0.641572466512605,0.648133234983859,24.0990657733797,0.494168192596394,0.339285714285714,0.785714285714286,112
"UMass-gbqr_1src","34",0.513135256628243,0.454826360500969,105.350588411652,0.270388916634233,0.582032285679118,0.580336659902141,148.038872519116,0.393360210011866,0.232142857142857,0.723214285714286,112
"UMass-gbqr_1src","35",0.57627032120732,0.577806500515956,26.5342081077209,0.318118790366627,0.635182508046653,0.655953845300137,37.7933592287759,0.458090773018092,0.339285714285714,0.741071428571429,112
"UMass-gbqr_1src","36",0.567922537790476,0.501271459499056,282.428894395261,0.314693965346263,0.647173959357248,0.7212094614346,368.918048528246,0.445679460901915,0.241071428571429,0.6875,112
"UMass-gbqr_1src","37",0.577511805211882,0.440041619785584,170.644513163156,0.284848848827456,0.612488206091736,0.536382944531087,214.666178945759,0.386453018698935,0.357142857142857,0.776785714285714,112
"UMass-gbqr_1src","38",0.532302132543066,0.558626842225039,9.99473297011399,0.288635839376063,0.601253586150185,0.611783069789292,14.5589261217795,0.438363601089635,0.3125,0.839285714285714,112
"UMass-gbqr_1src","39",0.549016634194355,0.501942263121336,114.853111934346,0.310256203081835,0.600123239499836,0.614447817724772,165.114264510602,0.427495393648039,0.294642857142857,0.758928571428571,112
"UMass-gbqr_1src","40",0.805871745475938,0.531799881795684,32.2199380417038,0.326027876134796,0.799099231449937,0.608447106127502,48.4453909066524,0.480379859725459,0.3125,0.821428571428571,112
"UMass-gbqr_1src","41",0.679159771601791,0.607367943828678,37.5834309723611,0.376519153324215,0.652772660308716,0.635298074905627,50.16441327926,0.542739245983677,0.357142857142857,0.785714285714286,112
"UMass-gbqr_1src","42",0.537411243610792,0.549141882487355,178.048271281394,0.23071978916613,0.607527313851203,0.703839322418563,259.636561406141,0.334646035999941,0.258928571428571,0.741071428571429,112
"UMass-gbqr_1src","44",0.609040992803667,0.653242077452207,19.6093987654723,0.391154326797848,0.685635718293963,0.743862249448165,26.0296703052315,0.572911844310258,0.285714285714286,0.714285714285714,112
"UMass-gbqr_1src","45",0.612226349185318,0.583317908710075,64.3353781062244,0.378125300308768,0.66209518595496,0.649780146559651,88.537496428995,0.525776384467343,0.258928571428571,0.6875,112
"UMass-gbqr_1src","46",0.667855319118138,0.578696776821864,7.18376655480946,0.275931918146871,0.654507884275332,0.5561765600429,10.1039654635004,0.398853854673724,0.348214285714286,0.794642857142857,112
"UMass-gbqr_1src","47",0.577762453050038,0.400681107649482,56.2669821970105,0.186720388269964,0.6214895089946,0.492373621038476,80.255381862401,0.267241385832943,0.473214285714286,0.839285714285714,112
"UMass-gbqr_1src","48",0.565221700808017,0.362395918492676,142.195868799139,0.155183589012542,0.647291039129815,0.555262599745643,225.904572656305,0.233611668091812,0.330357142857143,0.875,112
"UMass-gbqr_1src","49",0.49958350645514,0.732138926867907,15.5866097684993,0.42007695672493,0.570129634432033,0.787396323490793,23.5585709656379,0.618196082161392,0.303571428571429,0.767857142857143,112
"UMass-gbqr_1src","50",0.804150631880549,0.724241055117595,4.42690541915217,0.316063531822699,0.789986891256062,0.679228571847704,6.15766567916555,0.472611092064577,0.428571428571429,0.857142857142857,112
"UMass-gbqr_1src","51",0.491216939339757,0.440838796761234,58.4351194314061,0.252280701495039,0.551949234931786,0.56463720682216,84.7833449800575,0.362792767075583,0.330357142857143,0.758928571428571,112
"UMass-gbqr_1src","53",0.679811859405572,0.480116985244734,25.0878021941067,0.196788185054364,0.738533418971896,0.582706402109621,41.628227446157,0.315362544532086,0.392857142857143,0.964285714285714,112
"UMass-gbqr_1src","54",0.659547568834974,0.580010228287532,17.6503737043053,0.309822781826068,0.665523811039125,0.539682454493049,25.8603538003774,0.447906226946486,0.357142857142857,0.8125,112
"UMass-gbqr_1src","55",0.519458333725706,0.497890831105076,59.492082827999,0.29035696653118,0.561548046618187,0.509085111338747,80.2963568445559,0.422722001543184,0.375,0.821428571428571,112
"UMass-gbqr_1src","56",0.712670565412173,0.703962560705031,5.17714773729028,0.343516624283925,0.7237303064207,0.696800348899395,7.9545714928918,0.5290217736536,0.258928571428571,0.821428571428571,112
"UMass-gbqr_2src_mobsgleam_otid10","01",0.926998211608525,0.71115213694749,67.6232132466602,0.44686919841428,0.953520191164835,0.776376738924646,94.3984989253186,0.592589166079897,0.357142857142857,0.776785714285714,112
"UMass-gbqr_2src_mobsgleam_otid10","02",0.908698308980695,0.789227685862196,7.75375405337711,0.404702131079938,0.989174087490252,0.760286644309551,11.4991487670742,0.623789056305551,0.383928571428571,0.776785714285714,112
"UMass-gbqr_2src_mobsgleam_otid10","04",0.968062634257193,0.56265114736937,50.3569120988264,0.250800511733069,1.03250747041715,0.768948928195211,81.2915256619503,0.395964165315667,0.330357142857143,0.866071428571429,112
"UMass-gbqr_2src_mobsgleam_otid10","05",0.783110666945522,0.603497363578149,26.259317956452,0.299802142294471,0.826475989692973,0.686349555943833,41.493522232532,0.478429491041375,0.303571428571429,0.866071428571429,112
"UMass-gbqr_2src_mobsgleam_otid10","06",0.605057327863739,0.510173875118541,126.881550438389,0.208553986887072,0.655195080580204,0.687951300512292,207.696840543925,0.31065577351309,0.276785714285714,0.964285714285714,112
"UMass-gbqr_2src_mobsgleam_otid10","08",0.566274511406308,0.627101540123563,53.4829195460549,0.320649410477442,0.730558357552144,0.780939156065865,85.3383481415598,0.488370316210728,0.267857142857143,0.767857142857143,112
"UMass-gbqr_2src_mobsgleam_otid10","09",0.68578387722729,0.660164997325439,66.9987234297215,0.46296567575762,0.826881192597127,0.825225413409365,95.3349717857741,0.696677396790523,0.232142857142857,0.785714285714286,112
"UMass-gbqr_2src_mobsgleam_otid10","10",0.817808323213406,0.826500848392049,21.0119625821534,0.502874291754972,0.903471012080299,0.920635756531507,30.34694595934,0.788745670784979,0.303571428571429,0.776785714285714,112
"UMass-gbqr_2src_mobsgleam_otid10","11",0.784891421877006,0.817035371738075,8.2497664337185,0.448382195887019,0.864492209723368,0.805113488065444,12.8979150218549,0.712848787768338,0.446428571428571,0.839285714285714,112
"UMass-gbqr_2src_mobsgleam_otid10","12",0.622959545839069,0.420195758065292,207.299955500352,0.179273026385156,0.695577732008075,0.592376414368068,308.327250743508,0.265231253662236,0.375,0.821428571428571,112
"UMass-gbqr_2src_mobsgleam_otid10","13",0.799779407034026,0.581395534065478,129.013381720847,0.334331820671556,0.881797192162245,0.691819854414252,181.08335196189,0.479547635506209,0.339285714285714,0.714285714285714,112
"UMass-gbqr_2src_mobsgleam_otid10","15",0.724056084742876,0.884182028889099,8.62122561858575,0.419505018498002,0.745468712616495,0.814975750178056,12.7262158796673,0.609205067314373,0.276785714285714,0.767857142857143,112
"UMass-gbqr_2src_mobsgleam_otid10","16",0.914094289399429,0.697880595117853,20.9606149732554,0.306281612100261,0.996919933054312,0.843626335907346,32.747039586668,0.48594091807475,0.348214285714286,0.821428571428571,112
"UMass-gbqr_2src_mobsgleam_otid10","17",0.842519581307219,0.595719932136636,159.377963944441,0.336098548830422,0.962513434752353,0.713735125729175,235.205626747653,0.49593016691028,0.357142857142857,0.705357142857143,112
"UMass-gbqr_2src_mobsgleam_otid10","18",0.897189304324584,0.594772059850947,80.5695116282237,0.305525238488847,1.00982986332915,0.727308800115271,124.533661359842,0.440814531183293,0.366071428571429,0.758928571428571,112
"UMass-gbqr_2src_mobsgleam_otid10","19",0.776261422200304,0.582489945810437,29.1859378233184,0.305755791612432,0.928106951377155,0.643621152522318,46.9191210597986,0.497956576667648,0.366071428571429,0.892857142857143,112
"UMass-gbqr_2src_mobsgleam_otid10","20",0.746189193380826,0.490185677101564,27.3536852657094,0.26116929836422,0.866523669472343,0.57424188880052,43.3803412029592,0.400700728525671,0.535714285714286,0.883928571428571,112
"UMass-gbqr_2src_mobsgleam_otid10","21",0.99072877163755,0.631170623543885,58.9794144904707,0.327075645540892,1.12769449724646,0.814523942682632,91.9171702264545,0.514572240197725,0.223214285714286,0.776785714285714,112
"UMass-gbqr_2src_mobsgleam_otid10","22",0.695493166894034,0.536230950358903,52.2655906198989,0.24095850446145,0.787860350358267,0.710468398265254,79.0463103301415,0.367039522941701,0.3125,0.732142857142857,112
"UMass-gbqr_2src_mobsgleam_otid10","23",0.769391289102048,0.668937576048116,18.4879828472642,0.337114750261419,0.984965382778596,0.794964373677538,30.6570475389838,0.545715505554103,0.419642857142857,0.883928571428571,112
"UMass-gbqr_2src_mobsgleam_otid10","24",0.645975489483287,0.658824206407349,56.8699593256254,0.408580468321056,0.798032736624449,0.869529314068638,88.1968679815842,0.608754672713283,0.258928571428571,0.785714285714286,112
"UMass-gbqr_2src_mobsgleam_otid10","25",0.817664581415312,0.6373133947881,111.366655568919,0.417112760767021,0.988520581568332,0.807794749112135,166.653978760475,0.628261505479022,0.232142857142857,0.803571428571429,112
"UMass-gbqr_2src_mobsgleam_otid10","26",0.934582114188557,0.562995230160391,118.82518989805,0.313324787130797,1.07912471854747,0.708043128451234,180.367988671506,0.46740463750833,0.339285714285714,0.75,112
"UMass-gbqr_2src_mobsgleam_otid10","27",0.657801552059868,0.61436281062248,84.0139775673418,0.36241582641613,0.836457318353992,0.72892036213264,130.382784498428,0.557320562387657,0.276785714285714,0.75,112
"UMass-gbqr_2src_mobsgleam_otid10","28",0.902614558290922,0.669263135509203,31.388032327393,0.328974880102519,0.937750276334113,0.806137485570878,48.277393690558,0.508005708030595,0.241071428571429,0.776785714285714,112
"UMass-gbqr_2src_mobsgleam_otid10","29",0.883003887988873,0.525398776854696,87.209104312133,0.307697690159577,0.95682232353238,0.647227156945344,128.214191353339,0.477027172540971,0.294642857142857,0.767857142857143,112
"UMass-gbqr_2src_mobsgleam_otid10","30",0.852449274417461,0.69169252200628,14.4671396760498,0.346015626737645,0.971306442692812,0.724401772803061,22.9124251928072,0.55961852224919,0.401785714285714,0.830357142857143,112
"UMass-gbqr_2src_mobsgleam_otid10","31",0.617795506416985,0.566273821806634,14.363472120904,0.294622242237599,0.734839099126114,0.607996641525835,23.9544424188343,0.493176141522265,0.366071428571429,0.955357142857143,112
"UMass-gbqr_2src_mobsgleam_otid10","32",1.00767821403995,0.814040651965145,28.8074820945671,0.346213663177734,1.10033965792556,0.91654457545528,43.9251661659392,0.516301674820443,0.339285714285714,0.776785714285714,112
"UMass-gbqr_2src_mobsgleam_otid10","33",0.683529586395021,0.683223387978405,20.8489738048231,0.381970024725333,0.852873108416145,0.810044419007907,32.0360461348814,0.617617126938264,0.303571428571429,0.794642857142857,112
"UMass-gbqr_2src_mobsgleam_otid10","34",0.671977347287587,0.57006773984729,137.962083138124,0.338898559915606,0.801603060818532,0.732191526246671,203.886307085157,0.496289537493402,0.294642857142857,0.714285714285714,112
"UMass-gbqr_2src_mobsgleam_otid10","35",0.796788681056267,0.639087463270946,36.6879152074487,0.351857811521134,0.961725720257613,0.769525539043791,57.222680355328,0.537404501190841,0.383928571428571,0.803571428571429,112
"UMass-gbqr_2src_mobsgleam_otid10","36",0.500339841493457,0.513436999718114,248.819898581012,0.322331388182865,0.661023780111514,0.766051293232342,376.813064653747,0.47338997288233,0.3125,0.723214285714286,112
"UMass-gbqr_2src_mobsgleam_otid10","37",0.695652273100467,0.504931287366876,205.552929659194,0.326853391762131,0.836757148197279,0.666368854192205,293.268438351214,0.480105226862975,0.383928571428571,0.803571428571429,112
"UMass-gbqr_2src_mobsgleam_otid10","38",0.70622695264927,0.710652349576301,13.2604199316367,0.367185609283516,0.84588707921359,0.764693638767348,20.4825514181005,0.547929280448778,0.410714285714286,0.803571428571429,112
"UMass-gbqr_2src_mobsgleam_otid10","39",0.858372954143686,0.600445400477856,179.569795965016,0.371142108958413,1.00271113121821,0.739786828437991,275.879852754367,0.514698648633483,0.4375,0.696428571428571,112
"UMass-gbqr_2src_mobsgleam_otid10","40",0.713102996802274,0.510515229467346,28.5109069815485,0.312979001491492,0.729342994977655,0.626776318753508,44.2164190705203,0.494851100530923,0.375,0.857142857142857,112
"UMass-gbqr_2src_mobsgleam_otid10","41",0.611717272868878,0.61438701301857,33.8512892853559,0.380870410277032,0.664441267788668,0.704586680249536,51.0611249272953,0.601932948758866,0.375,0.830357142857143,112
"UMass-gbqr_2src_mobsgleam_otid10","42",0.767704237123778,0.713026484071258,254.346022529971,0.299575256087985,0.966421617388999,0.971068540342017,413.015809967182,0.461702305283327,0.223214285714286,0.6875,112
"UMass-gbqr_2src_mobsgleam_otid10","44",0.649286602997639,0.761382337937643,20.9051936761242,0.455907551138359,0.81615930870281,0.899034574713458,30.9849051839674,0.69242330374996,0.321428571428571,0.714285714285714,112
"UMass-gbqr_2src_mobsgleam_otid10","45",0.851752877594886,0.627388423516371,89.5058559731224,0.40669321567201,1.00067532942712,0.730591399806344,133.81352150741,0.591165653101176,0.276785714285714,0.732142857142857,112
"UMass-gbqr_2src_mobsgleam_otid10","46",0.793911264822751,0.650357022779051,8.53968371360878,0.310100674417532,0.838700862858642,0.671481524898262,12.9474445703803,0.481543117399992,0.401785714285714,0.901785714285714,112
"UMass-gbqr_2src_mobsgleam_otid10","47",0.868606517850361,0.509047121456384,84.5916296880938,0.237219759932364,0.991766937499394,0.657441948400736,128.070760866551,0.356834098920164,0.455357142857143,0.839285714285714,112
"UMass-gbqr_2src_mobsgleam_otid10","48",0.677488530381674,0.363632732100654,170.439440030975,0.155713211905161,0.778452322972699,0.565261763455654,271.679860717472,0.237818544828854,0.4375,0.892857142857143,112
"UMass-gbqr_2src_mobsgleam_otid10","49",0.707607109974265,0.777920610318831,22.0767814591069,0.446344963454311,0.842526738691493,0.845480699156197,34.8144084523592,0.663798953802896,0.294642857142857,0.776785714285714,112
"UMass-gbqr_2src_mobsgleam_otid10","50",0.992462572577427,0.76403459337126,5.46357581113154,0.333429692102211,1.11047504423654,0.763890601245669,8.65575637159371,0.531519412221561,0.473214285714286,0.910714285714286,112
"UMass-gbqr_2src_mobsgleam_otid10","51",0.759531618292409,0.522412771558505,90.3538075997573,0.298963388537986,0.925265478512763,0.704300496939139,142.127386538693,0.452529735996899,0.339285714285714,0.785714285714286,112
"UMass-gbqr_2src_mobsgleam_otid10","53",0.771741169200455,0.540267824141132,28.480364868714,0.221442539679801,0.818946527514624,0.634719575103783,46.1607984660699,0.343512237971598,0.392857142857143,0.928571428571429,112
"UMass-gbqr_2src_mobsgleam_otid10","54",0.744070329804881,0.560253749170647,19.91231565987,0.299269507037872,0.815251571158985,0.557394967381085,31.6783467650349,0.462606621134534,0.4375,0.892857142857143,112
"UMass-gbqr_2src_mobsgleam_otid10","55",0.755623084381671,0.558132897317369,86.5393587977734,0.325488570710652,0.942506445889016,0.61395941236161,134.770006526005,0.509805032359475,0.321428571428571,0.794642857142857,112
"UMass-gbqr_2src_mobsgleam_otid10","56",0.963898856897741,0.790697063156941,7.00217888622736,0.385840953949108,1.00662295466098,0.803860818337712,11.0638647963185,0.610303764283922,0.294642857142857,0.866071428571429,112
"UMass-gbqr_2src_mobsgleam_otid50","01",1.04127237930553,0.798478876180234,75.9593527493999,0.501743012235008,1.07034488903596,0.893019489702134,105.96414401456,0.6816196933317,0.321428571428571,0.741071428571429,112
"UMass-gbqr_2src_mobsgleam_otid50","02",0.981747674159917,0.821569514226275,8.3770707314838,0.421286454078776,1.08302489824309,0.797443911563577,12.590164442076,0.654275316782126,0.392857142857143,0.785714285714286,112
"UMass-gbqr_2src_mobsgleam_otid50","04",0.999246784961988,0.607950532093575,51.9790566588454,0.270992612865613,1.05725753484215,0.840394132592295,83.240151269983,0.432754307921493,0.267857142857143,0.875,112
"UMass-gbqr_2src_mobsgleam_otid50","05",0.806445080973548,0.612480618580183,27.0417690494494,0.304264794920523,0.838547451997611,0.673254266996743,42.0995743087729,0.469301237993436,0.339285714285714,0.910714285714286,112
"UMass-gbqr_2src_mobsgleam_otid50","06",0.664119517250872,0.632632444366709,139.266991976935,0.258613827444878,0.706108795588488,0.878888456154758,223.836488201551,0.396876600095334,0.223214285714286,0.973214285714286,112
"UMass-gbqr_2src_mobsgleam_otid50","08",0.61555434295995,0.667715542350839,58.1372509933262,0.341416152445162,0.781472490505265,0.827164242313539,91.2857552971463,0.517277766698126,0.3125,0.785714285714286,112
"UMass-gbqr_2src_mobsgleam_otid50","09",0.768255377844508,0.705742144583609,75.0559050640103,0.494928374272339,0.935279828235912,0.881664375212759,107.832753767949,0.744324680002878,0.267857142857143,0.758928571428571,112
"UMass-gbqr_2src_mobsgleam_otid50","10",0.921177202685226,0.932933479349243,23.667820887785,0.567631919065753,1.01052447452802,1.08509019498225,33.9427952962,0.929640400811642,0.25,0.776785714285714,112
"UMass-gbqr_2src_mobsgleam_otid50","11",0.827041425881331,0.835408340610736,8.69279291932387,0.458465127927725,0.909009766377264,0.840829564702087,13.5621010680036,0.744471859933541,0.455357142857143,0.848214285714286,112
"UMass-gbqr_2src_mobsgleam_otid50","12",0.668575355720002,0.470754289694296,222.479360682583,0.200843403526643,0.729712307674525,0.658582143890676,323.458010953656,0.294874278291494,0.375,0.830357142857143,112
"UMass-gbqr_2src_mobsgleam_otid50","13",0.899792917643244,0.657163432813484,145.146681863345,0.377902192393789,0.984238265705533,0.782611099230927,202.120358135958,0.542481253988964,0.321428571428571,0.705357142857143,112
"UMass-gbqr_2src_mobsgleam_otid50","15",0.703948726321176,0.89130729634244,8.38181036167397,0.422885640764858,0.738658206788382,0.842236213780256,12.6099508158874,0.629582621566965,0.285714285714286,0.776785714285714,112
"UMass-gbqr_2src_mobsgleam_otid50","16",1.07069355579125,0.778011412051848,24.5515103174215,0.341448940094687,1.14786985233603,0.905953020274433,37.7054748816451,0.521841985801995,0.339285714285714,0.821428571428571,112
"UMass-gbqr_2src_mobsgleam_otid50","17",1.00190536687159,0.674963831983647,189.528695806982,0.380807074272433,1.15112200788056,0.806370704047341,281.295162800742,0.560296871253469,0.321428571428571,0.705357142857143,112
"UMass-gbqr_2src_mobsgleam_otid50","18",1.02291059925322,0.646413101828358,91.8595518514446,0.332052445684684,1.11872022086723,0.757243253203489,137.962175809091,0.458957501407522,0.383928571428571,0.723214285714286,112
"UMass-gbqr_2src_mobsgleam_otid50","19",0.944801063066803,0.649276073794789,35.5227044568467,0.340812612039046,1.12478317355866,0.6960146229915,56.8618065061531,0.538492337638722,0.401785714285714,0.883928571428571,112
"UMass-gbqr_2src_mobsgleam_otid50","20",0.908956196823737,0.588455998755207,33.3203722980526,0.313527398886586,1.05867940900401,0.651319465721272,53.0001379132631,0.454484755479281,0.526785714285714,0.883928571428571,112
"UMass-gbqr_2src_mobsgleam_otid50","21",1.11398294556162,0.716194490085886,66.3169010151964,0.371135421136063,1.22819276263807,0.938910630446064,100.108676161812,0.593153032264316,0.1875,0.758928571428571,112
"UMass-gbqr_2src_mobsgleam_otid50","22",0.769971323108473,0.588493871284998,57.862546863499,0.26444315273979,0.841931799302162,0.769038214200622,84.4713181139142,0.397297641884346,0.3125,0.732142857142857,112
"UMass-gbqr_2src_mobsgleam_otid50","23",0.926873237310009,0.768359233711822,22.272173802455,0.387218838436405,1.15954322249154,0.944405185889347,36.0907828000491,0.648301446618756,0.366071428571429,0.883928571428571,112
"UMass-gbqr_2src_mobsgleam_otid50","24",0.714171637937787,0.730411681824828,62.8737663615146,0.452976596981075,0.858231743375606,1.0243967424038,94.8499332098504,0.717176860585235,0.267857142857143,0.848214285714286,112
"UMass-gbqr_2src_mobsgleam_otid50","25",0.925876371684641,0.67191722192812,126.105199281502,0.439760484774575,1.08777123898935,0.83831216281219,183.386576201758,0.651996391470292,0.258928571428571,0.830357142857143,112
"UMass-gbqr_2src_mobsgleam_otid50","26",1.07312040364021,0.605261847169871,136.439306734147,0.336847506450215,1.20633153725259,0.720506104705602,201.629699797933,0.475631894668766,0.410714285714286,0.767857142857143,112
"UMass-gbqr_2src_mobsgleam_otid50","27",0.762881322261923,0.691500445744286,97.4346960635083,0.407919719713529,0.943495161083867,0.795266534999743,147.067308233948,0.608047758794106,0.258928571428571,0.741071428571429,112
"UMass-gbqr_2src_mobsgleam_otid50","28",0.978891867741637,0.727682513707279,34.0405428956016,0.357690802015286,1.01148354203066,0.862825848172169,52.0733402084714,0.543729157561006,0.258928571428571,0.803571428571429,112
"UMass-gbqr_2src_mobsgleam_otid50","29",1.02872193891098,0.572492945252078,101.600819768755,0.335278201333602,1.09404934749764,0.670875696313324,146.602612564684,0.494456904511232,0.348214285714286,0.776785714285714,112
"UMass-gbqr_2src_mobsgleam_otid50","30",1.01887171088537,0.75807902271367,17.2915383891053,0.379225132288694,1.15325370220632,0.826732059346592,27.2044310824028,0.638671232895159,0.375,0.830357142857143,112
"UMass-gbqr_2src_mobsgleam_otid50","31",0.715932442574009,0.587752981494248,16.645112456389,0.305797468682563,0.840507921038858,0.626722278287703,27.3990573188649,0.508365431487074,0.419642857142857,0.955357142857143,112
"UMass-gbqr_2src_mobsgleam_otid50","32",1.13105393793715,0.903163676044617,32.3345445114706,0.384117923321923,1.23341116440196,1.0140542505826,49.237333178939,0.571230163764283,0.258928571428571,0.776785714285714,112
"UMass-gbqr_2src_mobsgleam_otid50","33",0.787916271040716,0.760616816323631,24.0329694899677,0.425238405548881,0.956770634270545,0.894118781394829,35.9386969497873,0.681719495806101,0.3125,0.776785714285714,112
"UMass-gbqr_2src_mobsgleam_otid50","34",0.763659812946199,0.631819308964269,156.785193769096,0.375609140752681,0.904568062473123,0.80874186268729,230.075271389927,0.548176413679784,0.285714285714286,0.75,112
"UMass-gbqr_2src_mobsgleam_otid50","35",0.912487475321135,0.687798865120586,42.0152343003435,0.378676499472261,1.087024380575,0.808878615362097,64.6779506442127,0.564887046312662,0.410714285714286,0.848214285714286,112
"UMass-gbqr_2src_mobsgleam_otid50","36",0.514952752325172,0.547673447153274,256.086925288834,0.343824739137867,0.666720332821315,0.808606929464733,380.060354008722,0.499687704718325,0.3125,0.741071428571429,112
"UMass-gbqr_2src_mobsgleam_otid50","37",0.76450097861212,0.583956450496542,225.896503120241,0.37800815925175,0.911231409640346,0.799320307765946,319.370337089483,0.575894049191955,0.330357142857143,0.821428571428571,112
"UMass-gbqr_2src_mobsgleam_otid50","38",0.793167872755455,0.80038008663641,14.8928599079448,0.413546862886196,0.940799746002205,0.84080360258731,22.7807938496248,0.602464685997695,0.401785714285714,0.758928571428571,112
"UMass-gbqr_2src_mobsgleam_otid50","39",1.00943118933846,0.672575740114242,211.170857417169,0.415726689590107,1.15600212014942,0.816848551640742,318.05540475361,0.568313505331554,0.455357142857143,0.714285714285714,112
"UMass-gbqr_2src_mobsgleam_otid50","40",0.739755226762633,0.554256508297207,29.5765023480778,0.339795247084037,0.733529380536107,0.661331590790372,44.4702186950015,0.522133105107283,0.375,0.866071428571429,112
"UMass-gbqr_2src_mobsgleam_otid50","41",0.658444040634097,0.695638392783772,36.4370611821863,0.431239714463173,0.695866814236133,0.832467516408228,53.4761220547357,0.711182372508247,0.375,0.830357142857143,112
"UMass-gbqr_2src_mobsgleam_otid50","42",0.900133446651799,0.809448276765316,298.220787161248,0.340086490781335,1.09888576856192,1.1106555993092,469.626493859075,0.528070089054974,0.1875,0.723214285714286,112
"UMass-gbqr_2src_mobsgleam_otid50","44",0.699285367490538,0.850209362860333,22.5150125919394,0.509096217843058,0.861812901535522,1.02432160901737,32.7181112261522,0.788917548409459,0.348214285714286,0.678571428571429,112
"UMass-gbqr_2src_mobsgleam_otid50","45",0.999405294868004,0.695456898285999,105.021807068995,0.450817375207489,1.16028745535464,0.803181898805584,155.157368025415,0.649903012672068,0.339285714285714,0.723214285714286,112
"UMass-gbqr_2src_mobsgleam_otid50","46",0.906143902358454,0.729124502107893,9.74691085518735,0.347658273715327,0.985219258469803,0.775406259099883,15.2093223026276,0.556071214788817,0.383928571428571,0.901785714285714,112
"UMass-gbqr_2src_mobsgleam_otid50","47",1.03164386767458,0.59974354909004,100.469469467365,0.279484972489552,1.15996376191122,0.771327000640314,149.790677576089,0.418646506989409,0.383928571428571,0.857142857142857,112
"UMass-gbqr_2src_mobsgleam_otid50","48",0.75624875537099,0.417321150944872,190.253574207284,0.178703430888057,0.858297390880808,0.644223006587154,299.545789417402,0.271039344736866,0.410714285714286,0.883928571428571,112
"UMass-gbqr_2src_mobsgleam_otid50","49",0.800565009974867,0.847939889552047,24.9769943233974,0.486519696217386,0.931074550318663,0.939806565871934,38.4733305256676,0.737855536886279,0.303571428571429,0.758928571428571,112
"UMass-gbqr_2src_mobsgleam_otid50","50",1.08800409941675,0.800787459057565,5.98953859242036,0.349468882992228,1.22322539551043,0.795292304891599,9.53460509179113,0.553368895691345,0.428571428571429,0.892857142857143,112
"UMass-gbqr_2src_mobsgleam_otid50","51",0.899393100083021,0.570656132446655,106.991715900055,0.326571822770087,1.08474108115558,0.763894288011716,166.623978216077,0.490820157000901,0.375,0.776785714285714,112
"UMass-gbqr_2src_mobsgleam_otid50","53",0.814235478452757,0.624518601553633,30.0485764409999,0.255974868437081,0.835177609428119,0.734473185058498,47.0756807885689,0.397499206619425,0.3125,0.919642857142857,112
"UMass-gbqr_2src_mobsgleam_otid50","54",0.818313518567654,0.591065314232969,21.8991625357927,0.315728052653884,0.896704869591607,0.575159506245781,34.8433892184167,0.477350193970907,0.4375,0.892857142857143,112
"UMass-gbqr_2src_mobsgleam_otid50","55",0.893241189865225,0.594799084318226,102.300368292681,0.34687133610162,1.10772724908905,0.653815598541951,158.395106197868,0.542899865464544,0.3125,0.794642857142857,112
"UMass-gbqr_2src_mobsgleam_otid50","56",1.00812919596313,0.829356137496896,7.32348723109992,0.404705642863675,1.05802061358551,0.855580852804436,11.6287801368193,0.649570427123899,0.348214285714286,0.875,112
"UMass-gbqr_2src_nihflu_otid10","01",0.740661511691619,0.504513671666221,54.0302135662237,0.317023050811948,0.86281149984608,0.615806330023088,85.4183384847619,0.470029743653257,0.348214285714286,0.910714285714286,112
"UMass-gbqr_2src_nihflu_otid10","02",0.918429176719642,0.825698906845073,7.8367857421434,0.423403934272173,1.02445303299823,0.80863599071294,11.9092665086044,0.663458032989141,0.303571428571429,0.8125,112
"UMass-gbqr_2src_nihflu_otid10","04",0.919363230723736,0.523196232796074,47.8236549559337,0.233213570318959,0.929914713676482,0.699572327054294,73.2141780821359,0.360239233586226,0.4375,0.946428571428571,112
"UMass-gbqr_2src_nihflu_otid10","05",0.792895838862422,0.642643507161012,26.5874349793329,0.319248950875582,0.876231343917767,0.747549483450673,43.9915075611572,0.521089750548066,0.357142857142857,0.946428571428571,112
"UMass-gbqr_2src_nihflu_otid10","06",0.525947423013902,0.460975961472724,110.292068879972,0.188442370950296,0.511748688587487,0.579395639430185,162.224334282233,0.261635671599518,0.544642857142857,1,112
"UMass-gbqr_2src_nihflu_otid10","08",0.591628486302073,0.590997374733935,55.8775259996553,0.302188637209874,0.747411872219887,0.70010905650789,87.3070493236855,0.437822176866126,0.446428571428571,0.919642857142857,112
"UMass-gbqr_2src_nihflu_otid10","09",0.668804218695861,0.606298431336508,65.3398692576494,0.425189708802628,0.833972357378464,0.746450900846476,96.1525450966795,0.630173843392888,0.330357142857143,0.821428571428571,112
"UMass-gbqr_2src_nihflu_otid10","10",0.747289561628061,0.687929026698503,19.2001228909787,0.418561968510648,0.835294313248014,0.766292864651634,28.0569393432056,0.656513909284287,0.258928571428571,0.839285714285714,112
"UMass-gbqr_2src_nihflu_otid10","11",0.718590371516272,0.803344433284535,7.55289529391392,0.440868723080458,0.80765049844022,0.815177518592127,12.0498569901215,0.721759496714784,0.348214285714286,0.848214285714286,112
"UMass-gbqr_2src_nihflu_otid10","12",0.518549985001883,0.415818722960696,172.555970180716,0.177405600751428,0.612357207610684,0.589960826138192,271.438267223572,0.264149695586995,0.464285714285714,0.991071428571429,112
"UMass-gbqr_2src_nihflu_otid10","13",0.719661196517934,0.570957988773968,116.089416455929,0.328329704528263,0.896681617625963,0.708563793040039,184.139975048189,0.491154004022267,0.401785714285714,0.910714285714286,112
"UMass-gbqr_2src_nihflu_otid10","15",0.724598055994902,0.940470719525798,8.62767878780973,0.44621149684211,0.761589974908075,0.90596516988641,13.0014288573593,0.677220852503335,0.339285714285714,0.857142857142857,112
"UMass-gbqr_2src_nihflu_otid10","16",0.734662052009772,0.598645780520417,16.8461487903571,0.26273003722628,0.804147756791862,0.714332494495033,26.4148178324755,0.411465803532793,0.348214285714286,0.946428571428571,112
"UMass-gbqr_2src_nihflu_otid10","17",0.686992057408579,0.619098946710176,129.957092731185,0.349288728388574,0.835309299308531,0.732893982008513,204.121251899779,0.509242465058301,0.419642857142857,0.857142857142857,112
"UMass-gbqr_2src_nihflu_otid10","18",0.714389298225946,0.496310900382918,64.1536814951493,0.254947258689499,0.834324868461734,0.625622915831525,102.89013467137,0.379183741893526,0.508928571428571,0.928571428571429,112
"UMass-gbqr_2src_nihflu_otid10","19",0.594653508042258,0.541906890014399,22.3578292258109,0.284453270529935,0.679595921835787,0.584885680311249,34.3560009770913,0.452514138120436,0.446428571428571,0.946428571428571,112
"UMass-gbqr_2src_nihflu_otid10","20",0.617187544385763,0.470320366311473,22.6247632487866,0.25058512684882,0.690785863456136,0.546777485126955,34.5824672892728,0.381536319284283,0.517857142857143,0.955357142857143,112
"UMass-gbqr_2src_nihflu_otid10","21",0.764689316823395,0.634765965188555,45.522982136489,0.328938768831973,0.871692240566409,0.76766176404372,71.050700572596,0.484967246434924,0.3125,0.892857142857143,112
"UMass-gbqr_2src_nihflu_otid10","22",0.598568597992956,0.542770233311937,44.9818097283956,0.243896969388845,0.714681232765435,0.717020070982606,71.7042233266535,0.370424223562472,0.375,0.919642857142857,112
"UMass-gbqr_2src_nihflu_otid10","23",0.652219102406476,0.602205580751837,15.6724097981692,0.303484796235435,0.796180763891388,0.690193711781959,24.7811262761195,0.473794075340708,0.446428571428571,0.919642857142857,112
"UMass-gbqr_2src_nihflu_otid10","24",0.635523329890222,0.686321702904665,55.9497790701825,0.425633484720978,0.81575836081716,0.95335603158564,90.1558659838822,0.667441487707382,0.3125,0.910714285714286,112
"UMass-gbqr_2src_nihflu_otid10","25",0.718488767944127,0.577391535590316,97.858820069312,0.377894736597623,0.899346922786803,0.744130309844266,151.620255321968,0.578746555667982,0.348214285714286,0.883928571428571,112
"UMass-gbqr_2src_nihflu_otid10","26",0.729042322815265,0.436243567947895,92.6923286216044,0.242783447784297,0.872386874698056,0.549714007993571,145.813234770961,0.362885912333492,0.589285714285714,0.919642857142857,112
"UMass-gbqr_2src_nihflu_otid10","27",0.604417805295058,0.58989221159534,77.1958408677324,0.347980492414821,0.756472352459016,0.697943849141781,117.915127939549,0.5336364282384,0.3125,0.892857142857143,112
"UMass-gbqr_2src_nihflu_otid10","28",0.764971260438252,0.570335026881011,26.6015459551489,0.28034697734202,0.826440278150584,0.696090805308733,42.5469164626452,0.43865731185299,0.339285714285714,0.875,112
"UMass-gbqr_2src_nihflu_otid10","29",0.683315571181232,0.43822896774212,67.4870628950161,0.256647040448969,0.755964156203202,0.505539768932056,101.299196931229,0.37259902337664,0.491071428571429,0.919642857142857,112
"UMass-gbqr_2src_nihflu_otid10","30",0.686046249573703,0.611666282157956,11.6430704027468,0.305982911830944,0.778160254067996,0.636822935186473,18.3562445647111,0.491961675555331,0.428571428571429,0.901785714285714,112
"UMass-gbqr_2src_nihflu_otid10","31",0.559301724607836,0.578508447940277,13.0035175800646,0.30098770157127,0.648567035997536,0.602842897799766,21.1421272180982,0.48899568513218,0.401785714285714,0.964285714285714,112
"UMass-gbqr_2src_nihflu_otid10","32",0.884895998472599,0.731398027537329,25.2973868804341,0.311065534311314,1.00925828745936,0.830331780347716,40.2892303859893,0.467736867721044,0.366071428571429,0.848214285714286,112
"UMass-gbqr_2src_nihflu_otid10","33",0.564523705949772,0.557220841095028,17.2190643855269,0.311525720863153,0.706250500932805,0.647228111709928,26.5285344412885,0.493478082742104,0.330357142857143,0.901785714285714,112
"UMass-gbqr_2src_nihflu_otid10","34",0.61431668905063,0.504250400413235,126.123909488974,0.299770926491456,0.747374606464508,0.65641147338129,190.093396556736,0.444924770161862,0.375,0.892857142857143,112
"UMass-gbqr_2src_nihflu_otid10","35",0.755072952198,0.638621762389151,34.7671259699056,0.35160141391907,0.92684057306225,0.788676349634479,55.1470140972039,0.550778627572244,0.294642857142857,0.866071428571429,112
"UMass-gbqr_2src_nihflu_otid10","36",0.583258692886678,0.503527961416682,290.055591770128,0.316110578087349,0.766591015590173,0.727988515527806,436.991101699595,0.449868653272846,0.401785714285714,0.857142857142857,112
"UMass-gbqr_2src_nihflu_otid10","37",0.621831571082812,0.483322053202495,183.740219263528,0.312865247916177,0.778089642452846,0.649183484873819,272.706525221822,0.467723517268625,0.473214285714286,0.901785714285714,112
"UMass-gbqr_2src_nihflu_otid10","38",0.661770016401303,0.627098935036132,12.4256774436722,0.324014554626563,0.796280689438426,0.690020848523616,19.2813681228305,0.494423659173695,0.330357142857143,0.830357142857143,112
"UMass-gbqr_2src_nihflu_otid10","39",0.666027197021483,0.58088545852666,139.331472757795,0.359051887097951,0.811577215982145,0.793785762132411,223.29242777223,0.552267820091767,0.473214285714286,0.901785714285714,112
"UMass-gbqr_2src_nihflu_otid10","40",0.630415250305231,0.513683259840519,25.2049292203237,0.314921209922619,0.664414728497101,0.637758974219476,40.2801429151367,0.503522103217966,0.401785714285714,0.955357142857143,112
"UMass-gbqr_2src_nihflu_otid10","41",0.602716433813033,0.641369807137398,33.3531996936375,0.397597567018133,0.656292493170956,0.738210290635646,50.4349061493073,0.630657816138508,0.410714285714286,0.901785714285714,112
"UMass-gbqr_2src_nihflu_otid10","42",0.605038329309154,0.602213595597716,200.453618850029,0.25301765944338,0.769560312059016,0.805137472361204,328.883967292007,0.382809051694983,0.321428571428571,0.901785714285714,112
"UMass-gbqr_2src_nihflu_otid10","44",0.663913171598651,0.700478291261088,21.376127849122,0.419438863343557,0.82121694183767,0.819209770766058,31.1769146133373,0.630943405173125,0.303571428571429,0.794642857142857,112
"UMass-gbqr_2src_nihflu_otid10","45",0.781624433390398,0.614346216068987,82.1364574166886,0.398238840220659,0.94748377439549,0.749711843247239,126.700575795725,0.606637159386793,0.392857142857143,0.857142857142857,112
"UMass-gbqr_2src_nihflu_otid10","46",0.687182114160757,0.586649323841765,7.39165467049019,0.279723820298816,0.679946997596322,0.582356327041651,10.4966817753932,0.41762829022546,0.428571428571429,0.901785714285714,112
"UMass-gbqr_2src_nihflu_otid10","47",0.75594349275746,0.468879222256417,73.6196317784017,0.218501218949473,0.903762422063257,0.611769512758698,116.706392056258,0.33204486474145,0.482142857142857,0.919642857142857,112
"UMass-gbqr_2src_nihflu_otid10","48",0.66117799826718,0.381658586548728,166.336111582544,0.163432164149173,0.777824627836305,0.590439764749176,271.460795114871,0.24841150550024,0.526785714285714,0.982142857142857,112
"UMass-gbqr_2src_nihflu_otid10","49",0.656558896689436,0.778699866678418,20.4841176310003,0.446792074826252,0.791889588097843,0.939351633073156,32.722009051043,0.737498362658434,0.339285714285714,0.919642857142857,112
"UMass-gbqr_2src_nihflu_otid10","50",0.811863308990443,0.675118075637235,4.46936424557143,0.294625942392346,0.913978456882263,0.648351077384751,7.12413565051978,0.451126356316997,0.464285714285714,0.910714285714286,112
"UMass-gbqr_2src_nihflu_otid10","51",0.640185723933987,0.500290198664161,76.1564315893614,0.28630320923965,0.807738156549103,0.694360193714216,124.074350404203,0.446142855945482,0.339285714285714,0.9375,112
"UMass-gbqr_2src_nihflu_otid10","53",0.69301979575788,0.538912873387137,25.5752283694735,0.220887178574256,0.698514903076889,0.634582793637214,39.3725409207536,0.343438211410047,0.455357142857143,1,112
"UMass-gbqr_2src_nihflu_otid10","54",0.664550130809892,0.5375178340955,17.784248943194,0.287124713528384,0.727389640805926,0.537413238652253,28.2642831856017,0.446022904824531,0.491071428571429,0.964285714285714,112
"UMass-gbqr_2src_nihflu_otid10","55",0.626050633555801,0.494804144523321,71.6997952056916,0.288556891300789,0.764850337946255,0.550811314748051,109.36676930544,0.457369615132972,0.544642857142857,0.875,112
"UMass-gbqr_2src_nihflu_otid10","56",0.89624196192919,0.818815690116577,6.5106898901918,0.399562160660725,0.933492368709108,0.819900342779338,10.2600813025081,0.622481223267792,0.321428571428571,0.866071428571429,112
"UMass-gbqr_2src_nihflu_otid50","01",0.7492432898247,0.550245748599625,54.6562421879207,0.345759878699114,0.878884024529746,0.682927100329284,87.0095184284448,0.521261367822577,0.348214285714286,0.910714285714286,112
"UMass-gbqr_2src_nihflu_otid50","02",0.971969781257735,0.869049855928245,8.29363778572557,0.445633541510458,1.08679997802726,0.844343050408583,12.6340497445669,0.692754448015895,0.303571428571429,0.821428571428571,112
"UMass-gbqr_2src_nihflu_otid50","04",0.92620114096954,0.578681607306838,48.1793509956345,0.257946054001011,0.939521625038938,0.762856350224133,73.9705507999406,0.392826840504511,0.4375,0.9375,112
"UMass-gbqr_2src_nihflu_otid50","05",0.806087052026471,0.694743404307775,27.0297635994463,0.345130854791967,0.884781150645923,0.837578641476497,44.4207536614467,0.583845825612393,0.357142857142857,0.946428571428571,112
"UMass-gbqr_2src_nihflu_otid50","06",0.561044120949334,0.641816931496538,117.651906112318,0.262368354091296,0.571710684105076,0.771521885590883,181.232286861309,0.348393451646991,0.419642857142857,0.991071428571429,112
"UMass-gbqr_2src_nihflu_otid50","08",0.629845491171302,0.63967466925368,59.487006835436,0.327078299876493,0.80945672205874,0.744874053041181,94.5546633454866,0.465816541526068,0.5,0.9375,112
"UMass-gbqr_2src_nihflu_otid50","09",0.695464991944592,0.609844794110127,67.9445350023972,0.42767672984225,0.868187302294122,0.736554908572501,100.097344951107,0.621819381661506,0.401785714285714,0.830357142857143,112
"UMass-gbqr_2src_nihflu_otid50","10",0.826802242186275,0.716759214002113,21.2430434889633,0.436103341940176,0.929334741803663,0.806617615443901,31.2156901666552,0.69106174472,0.357142857142857,0.848214285714286,112
"UMass-gbqr_2src_nihflu_otid50","11",0.809292993529382,0.868342872702045,8.50624428675241,0.476539324382889,0.898638950943195,0.857102477209083,13.40737220559,0.758879923052624,0.330357142857143,0.848214285714286,112
"UMass-gbqr_2src_nihflu_otid50","12",0.529138561341246,0.486080694375765,176.079491761889,0.207382286649836,0.63967289673757,0.674705623573856,283.546434209227,0.302093422447207,0.4375,0.991071428571429,112
"UMass-gbqr_2src_nihflu_otid50","13",0.746906769829414,0.670039588976212,120.484432780334,0.385306633055783,0.928718191572483,0.842075228878042,190.718914340778,0.583699907353361,0.383928571428571,0.901785714285714,112
"UMass-gbqr_2src_nihflu_otid50","15",0.755486958420137,0.989663828365832,8.99546824850186,0.469551437442171,0.812199721852846,0.970957565567892,13.865409537345,0.725803521101032,0.330357142857143,0.848214285714286,112
"UMass-gbqr_2src_nihflu_otid50","16",0.756081804224604,0.616573014837717,17.3373138530911,0.270597833330103,0.834646292624548,0.743152642090037,27.4166402729081,0.428066623570379,0.383928571428571,0.9375,112
"UMass-gbqr_2src_nihflu_otid50","17",0.711970477790815,0.721266783115433,134.682217074162,0.406930683442505,0.86416500440053,0.898719948131536,211.172607191412,0.624464619738488,0.410714285714286,0.857142857142857,112
"UMass-gbqr_2src_nihflu_otid50","18",0.718694653137526,0.514888963984561,64.5403115418297,0.264490523573151,0.836226881352255,0.653033207120147,103.124693618191,0.395796843099061,0.446428571428571,0.964285714285714,112
"UMass-gbqr_2src_nihflu_otid50","19",0.61232618958208,0.553293062512665,23.0222880921688,0.290430005769201,0.696498575883259,0.580205516070462,35.2104905058126,0.448893190371202,0.517857142857143,0.955357142857143,112
"UMass-gbqr_2src_nihflu_otid50","20",0.646038335855348,0.515538639915616,23.6823709929433,0.27467727262563,0.743125856926618,0.647483489524955,37.2027382123888,0.451808046436542,0.491071428571429,0.955357142857143,112
"UMass-gbqr_2src_nihflu_otid50","21",0.77711761429222,0.734438909020764,46.2628553780959,0.380589766566683,0.894210333121864,0.95008038683815,72.8861261702634,0.600209481151759,0.303571428571429,0.883928571428571,112
"UMass-gbqr_2src_nihflu_otid50","22",0.610874353886452,0.594932728262004,45.9065745289904,0.267336490669244,0.747232289943821,0.781135343824099,74.9700825187385,0.403547215682148,0.419642857142857,0.946428571428571,112
"UMass-gbqr_2src_nihflu_otid50","23",0.74773109571059,0.660488676483278,17.9675021899422,0.332856881113731,0.890537660246136,0.773057707881242,27.717984675161,0.53067733831558,0.383928571428571,0.892857142857143,112
"UMass-gbqr_2src_nihflu_otid50","24",0.657352767879139,0.754060606194921,57.8715845732427,0.467642859241098,0.845519638411289,1.11146492216342,93.4450186094191,0.778133012857203,0.241071428571429,0.910714285714286,112
"UMass-gbqr_2src_nihflu_otid50","25",0.742401865806564,0.601034871421485,101.115805627647,0.393368971350778,0.931945272814809,0.757238281681348,157.115987868654,0.588941266798741,0.392857142857143,0.892857142857143,112
"UMass-gbqr_2src_nihflu_otid50","26",0.734706001750038,0.467443153140487,93.4124234262543,0.260147011213162,0.878837940634558,0.575324056963587,146.891484363205,0.37979202323889,0.625,0.946428571428571,112
"UMass-gbqr_2src_nihflu_otid50","27",0.63392688307277,0.646064573131854,80.9647206927895,0.38111686147234,0.803676032741339,0.802673924754387,125.273001603556,0.613711327598529,0.401785714285714,0.901785714285714,112
"UMass-gbqr_2src_nihflu_otid50","28",0.751042100862136,0.571917580602403,26.117165432973,0.281124878279825,0.82346115015442,0.701658808871032,42.393544569557,0.44216611480858,0.357142857142857,0.928571428571429,112
"UMass-gbqr_2src_nihflu_otid50","29",0.676335413570579,0.481573797912006,66.797673752496,0.282031766701047,0.748889117349442,0.549842325079681,100.351141724825,0.405251428129217,0.526785714285714,0.919642857142857,112
"UMass-gbqr_2src_nihflu_otid50","30",0.771527426642579,0.648870840568549,13.0937938245875,0.32459430083165,0.860965142598673,0.669484502369118,20.3095527388008,0.517193554668999,0.375,0.866071428571429,112
"UMass-gbqr_2src_nihflu_otid50","31",0.579199847628148,0.582050187889384,13.4661401344405,0.302830406151714,0.680869333681378,0.624731614863579,22.1951244399171,0.50675070594498,0.428571428571429,0.982142857142857,112
"UMass-gbqr_2src_nihflu_otid50","32",0.908996961748778,0.804517303641654,25.9863846759276,0.342163357703635,1.02796894547595,0.91064799071207,41.0361531716337,0.512980050689803,0.330357142857143,0.857142857142857,112
"UMass-gbqr_2src_nihflu_otid50","33",0.619825157296556,0.588297131062873,18.9058655620183,0.328899557087514,0.776575243010126,0.70921374529992,29.1701075655678,0.540738934160827,0.339285714285714,0.892857142857143,112
"UMass-gbqr_2src_nihflu_otid50","34",0.65285177958286,0.557212837625382,134.035457973758,0.331256471885808,0.809445377407318,0.724992634196428,205.880986305377,0.491410028952249,0.428571428571429,0.910714285714286,112
"UMass-gbqr_2src_nihflu_otid50","35",0.778174395562286,0.659759070806994,35.8308255623685,0.363238830561988,0.947625056844484,0.835839019247991,56.3836908822468,0.583715066523928,0.3125,0.910714285714286,112
"UMass-gbqr_2src_nihflu_otid50","36",0.598004723721135,0.569305178667265,297.388819293545,0.357404956480077,0.792590146633029,0.81399734158031,451.811767069516,0.503018770232817,0.383928571428571,0.875,112
"UMass-gbqr_2src_nihflu_otid50","37",0.672011119531956,0.565096985305805,198.567387363944,0.365800002778504,0.865093165038805,0.753162587120694,303.199706253868,0.542638348835536,0.4375,0.910714285714286,112
"UMass-gbqr_2src_nihflu_otid50","38",0.736993927681237,0.686936098666706,13.8381138406833,0.354931704761351,0.872667290809219,0.753913255160753,21.1310151131661,0.540204764991783,0.3125,0.830357142857143,112
"UMass-gbqr_2src_nihflu_otid50","39",0.684761243930025,0.597969234579137,143.250595517577,0.369611562745468,0.831268008539741,0.828847826090158,228.710032885287,0.576661870166242,0.473214285714286,0.955357142857143,112
"UMass-gbqr_2src_nihflu_otid50","40",0.631935904707651,0.556714224904671,25.2657272206307,0.341301987030964,0.66472684071482,0.725201323320416,40.2990647183359,0.572559399923214,0.401785714285714,0.964285714285714,112
"UMass-gbqr_2src_nihflu_otid50","41",0.621794701025774,0.67505762801564,34.4089553035012,0.418481299726278,0.676481156510947,0.774306509366652,51.986368875801,0.661495048786881,0.455357142857143,0.910714285714286,112
"UMass-gbqr_2src_nihflu_otid50","42",0.64534433022759,0.694568396212135,213.807291425944,0.291820163506124,0.811683424297341,0.900510155839166,346.885956285645,0.428154756960363,0.330357142857143,0.883928571428571,112
"UMass-gbqr_2src_nihflu_otid50","44",0.733533992655297,0.738887684451191,23.6177215326518,0.442437994683329,0.885445702230762,0.857705529978633,33.615313623975,0.660592276889577,0.303571428571429,0.767857142857143,112
"UMass-gbqr_2src_nihflu_otid50","45",0.803356022592401,0.656069701414781,84.4201062828644,0.425285336120631,0.975016803288785,0.825052082224189,130.382380918358,0.66759949974751,0.410714285714286,0.910714285714286,112
"UMass-gbqr_2src_nihflu_otid50","46",0.745434154901999,0.62999654890144,8.018241073334,0.300392473445198,0.729217604731856,0.634723262620687,11.257296773048,0.455182469264465,0.419642857142857,0.883928571428571,112
"UMass-gbqr_2src_nihflu_otid50","47",0.777310626350601,0.532390401495073,75.7005287268615,0.248097902747451,0.934695366304895,0.678999051042239,120.700884668462,0.368534461690021,0.482142857142857,0.9375,112
"UMass-gbqr_2src_nihflu_otid50","48",0.716997325893317,0.466436019059404,180.378880599082,0.199735184058988,0.843736232010214,0.673383756305627,294.463944971565,0.28330793870963,0.5,0.982142857142857,112
"UMass-gbqr_2src_nihflu_otid50","49",0.700677229521878,0.834308670998863,21.8605746769412,0.478698556545479,0.85320046924651,1.0088532239866,35.255462247079,0.792065052805262,0.339285714285714,0.901785714285714,112
"UMass-gbqr_2src_nihflu_otid50","50",0.86062199326146,0.695462508349269,4.7377842095343,0.303504385847682,0.961433106376831,0.690056389221933,7.49402769524083,0.480145148796009,0.419642857142857,0.919642857142857,112
"UMass-gbqr_2src_nihflu_otid50","51",0.67595845259499,0.55467438623831,80.4119519191421,0.317425880593086,0.84871819720769,0.759951842869353,130.369177363938,0.488287042702091,0.348214285714286,0.964285714285714,112
"UMass-gbqr_2src_nihflu_otid50","53",0.725082097023876,0.641872651756233,26.7584567302622,0.26308786828434,0.741194113276997,0.732594612865232,41.7782003314079,0.396482517417435,0.4375,1,112
"UMass-gbqr_2src_nihflu_otid50","54",0.697007171436819,0.568993743070393,18.6528426936236,0.303938130263979,0.783114955369193,0.576869473547164,30.4296096943458,0.4787693711107,0.428571428571429,0.955357142857143,112
"UMass-gbqr_2src_nihflu_otid50","55",0.665366651703412,0.557129607877669,76.2025467379056,0.324903478437276,0.824746335822534,0.574158861547289,117.931362216053,0.476756396428035,0.535714285714286,0.910714285714286,112
"UMass-gbqr_2src_nihflu_otid50","56",0.942694757972146,0.846025459614225,6.84814312538401,0.412839867014902,0.972852448032667,0.837338619649786,10.6926907457876,0.635720637074112,0.303571428571429,0.875,112
"UMass-gbqr_2src_utseirs_otid10","01",0.944219771733844,1.01907264243931,68.8795017898429,0.64035830196261,0.997262134648707,1.24787165831192,98.728951330222,0.952469578619838,0.276785714285714,0.8125,112
"UMass-gbqr_2src_utseirs_otid10","02",0.942273910772613,1.03781645204752,8.04024843321224,0.532174095431806,0.97476805355111,0.984913973318107,11.3316786225317,0.808088058045787,0.330357142857143,0.767857142857143,112
"UMass-gbqr_2src_utseirs_otid10","04",0.950780775805956,0.662330939493489,49.4579402801268,0.295232559887702,0.995554159348094,0.93640097323269,78.3821122958169,0.482192270736518,0.366071428571429,0.892857142857143,112
"UMass-gbqr_2src_utseirs_otid10","05",0.840864114143106,0.911106671732783,28.1959103144106,0.452614623574744,0.856954432052533,1.02004315153031,43.0237033163517,0.71103524669115,0.294642857142857,0.830357142857143,112
"UMass-gbqr_2src_utseirs_otid10","06",0.689944643664687,0.587792129737373,144.682564896648,0.240283554482458,0.720113074604215,0.880649239586747,228.275844649536,0.397671710939149,0.482142857142857,0.901785714285714,112
"UMass-gbqr_2src_utseirs_otid10","08",0.629073342951542,0.676656133301478,59.4140797651137,0.345987653285484,0.792211781346942,0.841777337023024,92.5402387085897,0.526416252876794,0.366071428571429,0.794642857142857,112
"UMass-gbqr_2src_utseirs_otid10","09",0.777152175464601,0.765312022834877,75.9250915569457,0.536704004684628,0.926486428368457,0.947384177163846,106.818921870731,0.799807097045407,0.294642857142857,0.714285714285714,112
"UMass-gbqr_2src_utseirs_otid10","10",0.83011261202661,0.850255650064937,21.3280968752445,0.517327609123337,0.898384003034351,0.930088741265731,30.1760769590645,0.796844422905152,0.321428571428571,0.785714285714286,112
"UMass-gbqr_2src_utseirs_otid10","11",0.82350149923629,0.989146445559436,8.65558577550742,0.542835317362443,0.896583574654931,0.988622525027889,13.3767067254321,0.875327986641952,0.285714285714286,0.821428571428571,112
"UMass-gbqr_2src_utseirs_otid10","12",0.782493489363243,0.713710613640022,260.387478782161,0.304498699033921,0.849713806897835,1.03654450201259,376.650818368303,0.464103551521001,0.410714285714286,0.767857142857143,112
"UMass-gbqr_2src_utseirs_otid10","13",0.829787389005867,0.791298551070444,133.854005521305,0.455036665700206,0.934595567872646,1.03030319181088,191.925875545275,0.714173576162732,0.321428571428571,0.732142857142857,112
"UMass-gbqr_2src_utseirs_otid10","15",0.785407513033024,1.00619394375295,9.35172773914963,0.477394241451613,0.863338771369032,1.02794510952563,14.7384261683713,0.768402457996111,0.267857142857143,0.848214285714286,112
"UMass-gbqr_2src_utseirs_otid10","16",0.907907790732599,0.890138105159456,20.8187556288839,0.390658424589194,0.95899542714135,1.09301009745955,31.5012872897592,0.62958955596521,0.3125,0.839285714285714,112
"UMass-gbqr_2src_utseirs_otid10","17",0.815765847122657,0.804030604256516,154.317006576981,0.453625109263393,0.934618796777338,1.01272356523985,228.389123651776,0.703678645814537,0.294642857142857,0.767857142857143,112
"UMass-gbqr_2src_utseirs_otid10","18",0.826628411206615,0.669298941155441,74.2329930460658,0.343808548552356,0.925684961948663,0.837370845360624,114.156791914598,0.507522027185288,0.375,0.803571428571429,112
"UMass-gbqr_2src_utseirs_otid10","19",0.79364720957252,0.691765423970643,29.8396100202655,0.363115769357995,0.884788176467004,0.778148676680638,44.7292022781802,0.602037782101816,0.401785714285714,0.866071428571429,112
"UMass-gbqr_2src_utseirs_otid10","20",0.843428486924731,0.74262886081808,30.9182678871873,0.395670187002816,0.920881075972791,0.963147354358494,46.1016088658878,0.672075399053807,0.321428571428571,0.866071428571429,112
"UMass-gbqr_2src_utseirs_otid10","21",0.949141008641164,0.984036864929672,56.5036390999558,0.509932624914901,1.02925236107821,1.36560019796727,83.8932571810979,0.862712458479897,0.1875,0.723214285714286,112
"UMass-gbqr_2src_utseirs_otid10","22",0.774737235652646,0.760787298922348,58.2207002513697,0.341864209141413,0.867246536814208,1.02218915380467,87.0111547694755,0.528079532157559,0.294642857142857,0.776785714285714,112
"UMass-gbqr_2src_utseirs_otid10","23",0.748312828498265,0.743398826198177,17.9814808584722,0.374639904546794,0.924219570710948,0.884080603604963,28.7663341383782,0.606890710479257,0.366071428571429,0.901785714285714,112
"UMass-gbqr_2src_utseirs_otid10","24",0.660709763983503,0.735604754526219,58.1671255574125,0.456197164859007,0.809455128611642,1.07305227290743,89.4592462674545,0.751240440809848,0.267857142857143,0.839285714285714,112
"UMass-gbqr_2src_utseirs_otid10","25",0.77254077510458,0.621754467502347,105.220752334774,0.406929659065711,0.937603553691441,0.805928368256632,158.069913400016,0.62680992975714,0.366071428571429,0.8125,112
"UMass-gbqr_2src_utseirs_otid10","26",0.890773696837056,0.616990888080264,113.255274283471,0.343375091498228,1.03220719820639,0.826122867494222,172.526060271639,0.545353303919641,0.4375,0.794642857142857,112
"UMass-gbqr_2src_utseirs_otid10","27",0.669367681629798,0.668016868115111,85.4911959581866,0.394066634783044,0.825351985835763,0.779833416045057,128.651740792149,0.596247848979464,0.321428571428571,0.741071428571429,112
"UMass-gbqr_2src_utseirs_otid10","28",0.938087674675988,0.819676640841964,32.6215946642958,0.402910320824196,0.948469444951879,0.992232384470763,48.8292394606476,0.625277603418973,0.303571428571429,0.767857142857143,112
"UMass-gbqr_2src_utseirs_otid10","29",0.965059569630107,0.805836156383779,95.3132617195846,0.471934718711639,1.00477709010796,0.993621039505385,134.640130074467,0.732330573533861,0.321428571428571,0.776785714285714,112
"UMass-gbqr_2src_utseirs_otid10","30",0.911573693581742,0.821265522458196,15.4705556633524,0.410833853815774,1.00060344234792,0.868318609559055,23.603520488243,0.670797885050201,0.330357142857143,0.848214285714286,112
"UMass-gbqr_2src_utseirs_otid10","31",0.780966922672447,0.801387402194718,18.1571353378907,0.416947674858606,0.863982741734297,0.852038816926583,28.1642945542136,0.691130817934284,0.339285714285714,0.857142857142857,112
"UMass-gbqr_2src_utseirs_otid10","32",0.992595864269284,0.897828062421523,28.3763082189104,0.381848672599255,1.06239004626986,1.03309620440537,42.4102312220761,0.581956748061253,0.330357142857143,0.776785714285714,112
"UMass-gbqr_2src_utseirs_otid10","33",0.731032599836552,0.755999186387107,22.2979075490316,0.422656824982318,0.883739862678513,0.888970580524017,33.1954785918616,0.677794257935039,0.25,0.776785714285714,112
"UMass-gbqr_2src_utseirs_otid10","34",0.696793839197472,0.648575715049585,143.057098519056,0.38557062689676,0.840954151932846,0.870652565571485,213.895186840277,0.590140343879567,0.357142857142857,0.741071428571429,112
"UMass-gbqr_2src_utseirs_otid10","35",0.777662388171014,0.732828042540562,35.8072503231575,0.403467891468121,0.898752056208502,0.923960381800937,53.4757473444059,0.645255346195307,0.321428571428571,0.821428571428571,112
"UMass-gbqr_2src_utseirs_otid10","36",0.592069952509866,0.626824247674036,294.437446949337,0.393514939535675,0.759096050263457,0.905755579128629,432.7186368667,0.559721800393429,0.285714285714286,0.669642857142857,112
"UMass-gbqr_2src_utseirs_otid10","37",0.75047798292903,0.689770140782367,221.752956183478,0.446503743562136,0.888040125175411,0.985145646383178,311.242206014603,0.709777431934785,0.321428571428571,0.803571428571429,112
"UMass-gbqr_2src_utseirs_otid10","38",0.739706995281352,0.809338875809272,13.8890555606864,0.41817576260466,0.871931679774498,0.911255538933027,21.1132028173968,0.652945920352354,0.375,0.785714285714286,112
"UMass-gbqr_2src_utseirs_otid10","39",0.81098382939993,0.775083529952292,169.65609188089,0.479087916564086,0.947613091315789,1.04804405080439,260.720512579429,0.729165262101712,0.366071428571429,0.767857142857143,112
"UMass-gbqr_2src_utseirs_otid10","40",0.929090480777254,0.836262421154522,37.1464043674848,0.512683192293563,0.905676624051217,1.07521950395282,54.906645333105,0.84890500633706,0.223214285714286,0.857142857142857,112
"UMass-gbqr_2src_utseirs_otid10","41",0.787414268532064,0.934136358904723,43.5740322755433,0.579089223456585,0.833324405873979,1.10212437370071,64.0394925121191,0.941551966219026,0.330357142857143,0.830357142857143,112
"UMass-gbqr_2src_utseirs_otid10","42",0.743483047861861,0.789425333805211,246.321365569896,0.331673930520377,0.931658438643456,1.12720894126369,398.159206836331,0.535940507900836,0.178571428571429,0.758928571428571,112
"UMass-gbqr_2src_utseirs_otid10","44",0.739767991218323,0.791722521345033,23.8184386685592,0.474074926488594,0.915452815330344,0.926939989031515,34.7545122391484,0.713915646445211,0.276785714285714,0.75,112
"UMass-gbqr_2src_utseirs_otid10","45",0.863024112544312,0.82702569521081,90.6902858219199,0.536104471841418,0.985726127163057,1.01580148359706,131.814466129653,0.821946367875359,0.303571428571429,0.714285714285714,112
"UMass-gbqr_2src_utseirs_otid10","46",0.969556006914341,0.847079056236996,10.4290013362217,0.403900899695981,1.00814732785505,0.88860875132348,15.5632743737623,0.637252720134118,0.303571428571429,0.875,112
"UMass-gbqr_2src_utseirs_otid10","47",0.850589731451743,0.623197681066113,82.8370154964192,0.290414773135253,0.988880735664717,0.848854244618365,127.698054284989,0.460725300887436,0.392857142857143,0.821428571428571,112
"UMass-gbqr_2src_utseirs_otid10","48",0.710995756085317,0.592983053489273,178.869033344833,0.253924599501087,0.819361533590741,0.9618213555569,285.957175223169,0.404660229918067,0.401785714285714,0.866071428571429,112
"UMass-gbqr_2src_utseirs_otid10","49",0.712665138537276,0.857943575512978,22.2345879446912,0.49225947838206,0.843414554062844,1.00944363284187,34.8510942518111,0.792528591217001,0.303571428571429,0.803571428571429,112
"UMass-gbqr_2src_utseirs_otid10","50",1.03604397836324,0.975924023244718,5.70349449526702,0.425899624714398,1.07229978960162,0.977774601382249,8.35819389573409,0.680341112411102,0.392857142857143,0.839285714285714,112
"UMass-gbqr_2src_utseirs_otid10","51",0.72954223167041,0.750877621610485,86.7862730776649,0.429707944283813,0.88337749070405,1.09147424206136,135.693092411361,0.701298029397988,0.303571428571429,0.767857142857143,112
"UMass-gbqr_2src_utseirs_otid10","53",0.768179610211128,0.594109409240662,28.348928963043,0.243510885807539,0.800756873666354,0.733371358756831,45.1355191379973,0.396902894746296,0.410714285714286,0.946428571428571,112
"UMass-gbqr_2src_utseirs_otid10","54",0.828668143298861,0.803971640216056,22.1762661212043,0.429455754282875,0.885250947357317,0.873018665631608,34.3983225258843,0.724556622735168,0.375,0.883928571428571,112
"UMass-gbqr_2src_utseirs_otid10","55",0.765238303517455,0.680866130721668,87.6405624479924,0.397063396189442,0.919892901417412,0.767593480196118,131.536471573213,0.637376040062763,0.375,0.794642857142857,112
"UMass-gbqr_2src_utseirs_otid10","56",0.961144541857169,0.971500169124565,6.98217034852125,0.474068476389852,1.01500920519296,1.01410661017489,11.1560386749334,0.76992567302233,0.267857142857143,0.910714285714286,112
"UMass-gbqr_2src_utseirs_otid50","01",1.01720171849538,1.08409923112443,74.2034319627479,0.681219290844767,1.01453180673731,1.28471648357166,100.438648866994,0.980592322618159,0.214285714285714,0.758928571428571,112
"UMass-gbqr_2src_utseirs_otid50","02",0.986750681463128,1.07269135877539,8.41976046444904,0.550057336639399,0.978584863870808,0.985424024983598,11.3760490424981,0.808506537903962,0.303571428571429,0.785714285714286,112
"UMass-gbqr_2src_utseirs_otid50","04",0.994249068936558,0.707582688149973,51.719084279289,0.315403427347805,0.991398654624396,0.952416252605541,78.0549405042672,0.490439212108882,0.3125,0.883928571428571,112
"UMass-gbqr_2src_utseirs_otid50","05",0.885224510995468,0.963561513397207,29.6834060347334,0.478672854900679,0.866592280750762,1.03733490508102,43.5075749523351,0.723088703677954,0.258928571428571,0.785714285714286,112
"UMass-gbqr_2src_utseirs_otid50","06",0.730555274858536,0.642522564435425,153.198683308683,0.262656809792109,0.724887028948843,0.906904297753187,229.789188176783,0.409527616142399,0.464285714285714,0.883928571428571,112
"UMass-gbqr_2src_utseirs_otid50","08",0.680244204374571,0.700904575912013,64.247013279627,0.35838636119893,0.815556776722452,0.840732230005404,95.2672259808915,0.525762681800604,0.339285714285714,0.741071428571429,112
"UMass-gbqr_2src_utseirs_otid50","09",0.829239565544501,0.801980636535961,81.0138502140446,0.562419257068493,0.940179953607511,0.962811036375529,108.397711972623,0.812830864784025,0.267857142857143,0.678571428571429,112
"UMass-gbqr_2src_utseirs_otid50","10",0.881315874612483,0.886836510987804,22.6436631356991,0.539584784738053,0.925912306098836,0.945104356106262,31.100732995927,0.809708903907132,0.276785714285714,0.758928571428571,112
"UMass-gbqr_2src_utseirs_otid50","11",0.880691448730952,1.02552878052474,9.25669277264956,0.562801639271537,0.920340690988752,1.0108203410691,13.7311544164483,0.894981968957042,0.25,0.8125,112
"UMass-gbqr_2src_utseirs_otid50","12",0.8237178179151,0.774841004782599,274.105546883713,0.330579472135241,0.854819608298311,1.06903740872854,378.914056014089,0.478651960563579,0.303571428571429,0.758928571428571,112
"UMass-gbqr_2src_utseirs_otid50","13",0.893992229894642,0.857462429491824,144.210965919458,0.493084240267265,0.952490264050745,1.0803797740683,195.600679224707,0.748885078676796,0.303571428571429,0.732142857142857,112
"UMass-gbqr_2src_utseirs_otid50","15",0.810429813710912,1.03227227283275,9.64966446557984,0.489767247875147,0.872613854300223,1.0385299937492,14.8967650841252,0.776314797847358,0.232142857142857,0.821428571428571,112
"UMass-gbqr_2src_utseirs_otid50","16",0.979701616618746,0.956405588864858,22.4650220581875,0.419741496795394,0.969027967404928,1.10869816725087,31.8308383221672,0.638626110080151,0.25,0.794642857142857,112
"UMass-gbqr_2src_utseirs_otid50","17",0.881037875872392,0.856296743576768,166.664402738996,0.483113082773865,0.950502688121776,1.06139783334011,232.270607778615,0.737499368703209,0.258928571428571,0.723214285714286,112
"UMass-gbqr_2src_utseirs_otid50","18",0.892248574036465,0.710866598838499,80.125823518611,0.365161213521557,0.935809440758082,0.855556571593351,115.405357104916,0.518544212510472,0.3125,0.776785714285714,112
"UMass-gbqr_2src_utseirs_otid50","19",0.869326000451218,0.739540021457139,32.6849871341621,0.388193214863299,0.912882936723767,0.802720284197435,46.149492747589,0.621048334372099,0.348214285714286,0.803571428571429,112
"UMass-gbqr_2src_utseirs_otid50","20",0.925924692094457,0.824004582146691,33.94240071013,0.439026900664754,0.946184212621553,1.00415674978438,47.3683471443665,0.700691379434259,0.276785714285714,0.8125,112
"UMass-gbqr_2src_utseirs_otid50","21",1.02657777950227,1.08333488191251,61.1135540798871,0.561389333757329,1.03835674373305,1.43370920038944,84.6353456565983,0.905740048115364,0.151785714285714,0.6875,112
"UMass-gbqr_2src_utseirs_otid50","22",0.833865541105955,0.822922676300372,62.6641311202481,0.369785103295575,0.88441254175409,1.0533351549648,88.7334261758099,0.544170062623475,0.223214285714286,0.741071428571429,112
"UMass-gbqr_2src_utseirs_otid50","23",0.833790647739371,0.792575114336666,20.0354584357274,0.39942256392815,0.967734828733907,0.894427256088967,30.1207465443428,0.613993329009167,0.339285714285714,0.857142857142857,112
"UMass-gbqr_2src_utseirs_otid50","24",0.717906963379061,0.788679562096844,63.2026144515298,0.489112363666757,0.827617135179268,1.11532178088339,91.466472314723,0.780833187227163,0.25,0.830357142857143,112
"UMass-gbqr_2src_utseirs_otid50","25",0.844118949569484,0.655304500959271,114.969764439575,0.428887689751221,0.966170488996186,0.818763121218133,162.885992618089,0.636792145198509,0.348214285714286,0.758928571428571,112
"UMass-gbqr_2src_utseirs_otid50","26",0.974182601697004,0.669033892129416,123.860098416851,0.372338681759378,1.0670685481804,0.863080430850137,178.352885910153,0.569750315640308,0.375,0.767857142857143,112
"UMass-gbqr_2src_utseirs_otid50","27",0.72089199347687,0.693913937294549,92.0718468644323,0.409343450967461,0.849237942264684,0.780039949307081,132.374964250508,0.596405760926671,0.3125,0.714285714285714,112
"UMass-gbqr_2src_utseirs_otid50","28",1.00868731390025,0.877864344493216,35.0766666968912,0.431512363603002,0.971475991281893,1.01481695439742,50.0136657654589,0.639509779246935,0.276785714285714,0.723214285714286,112
"UMass-gbqr_2src_utseirs_otid50","29",1.04830309241547,0.883289981436173,103.534735215509,0.517295241256663,1.02451802891693,1.03430276797342,137.285415874869,0.762314312159381,0.258928571428571,0.741071428571429,112
"UMass-gbqr_2src_utseirs_otid50","30",1.00116014403259,0.86923341786255,16.9909507538867,0.434829546791436,1.04002081708782,0.89074639344858,24.5333482030894,0.688123910121916,0.258928571428571,0.830357142857143,112
"UMass-gbqr_2src_utseirs_otid50","31",0.853502357081279,0.856610942513965,19.8435520875873,0.445679505020288,0.880023088805515,0.864898277347613,28.6871812252584,0.701561762185203,0.3125,0.794642857142857,112
"UMass-gbqr_2src_utseirs_otid50","32",1.06748089291943,0.945676504551199,30.5171197318848,0.402198742816353,1.10176623493421,1.06375990931616,43.9821146106326,0.599230018369765,0.303571428571429,0.75,112
"UMass-gbqr_2src_utseirs_otid50","33",0.777408188020732,0.783316359651531,23.7124526433188,0.43792905004199,0.908438096392889,0.899528375280536,34.1232059957579,0.685844032381126,0.223214285714286,0.794642857142857,112
"UMass-gbqr_2src_utseirs_otid50","34",0.74450174892992,0.685767362932328,152.851896863705,0.407680623704729,0.851541182570022,0.893779229644795,216.58797917743,0.605815916465806,0.339285714285714,0.714285714285714,112
"UMass-gbqr_2src_utseirs_otid50","35",0.849263845104131,0.777121374418253,39.1041196727693,0.427854154249271,0.921654513431142,0.929581276562047,54.8384435491529,0.649180744368699,0.258928571428571,0.776785714285714,112
"UMass-gbqr_2src_utseirs_otid50","36",0.610279971055203,0.658665996422373,303.493321760514,0.413504918991493,0.758976422166068,0.955825990201083,432.650443510648,0.590663371472543,0.294642857142857,0.696428571428571,112
"UMass-gbqr_2src_utseirs_otid50","37",0.79947337287823,0.743786058436063,236.230226413569,0.481469463326351,0.906296877313348,1.02035411755592,317.640871625519,0.735144420403024,0.294642857142857,0.785714285714286,112
"UMass-gbqr_2src_utseirs_otid50","38",0.797012380729355,0.864896535974592,14.965046037309,0.446881744242985,0.908260631900418,0.950056889945583,21.9928824438744,0.680748422247127,0.339285714285714,0.785714285714286,112
"UMass-gbqr_2src_utseirs_otid50","39",0.899785745676376,0.840420502762826,188.233263855014,0.519473440148015,0.985368436684409,1.12263513352156,271.108289075268,0.78106119752367,0.303571428571429,0.714285714285714,112
"UMass-gbqr_2src_utseirs_otid50","40",0.993358089964215,0.922151664927691,39.7159179379964,0.565338878555916,0.916504941562906,1.14738588012174,55.5631120822512,0.90588164951902,0.169642857142857,0.830357142857143,112
"UMass-gbqr_2src_utseirs_otid50","41",0.855712763952246,1.0177068746342,47.3535432175512,0.630896204949516,0.849969212862465,1.12823043593449,65.3186162063146,0.963854543689403,0.258928571428571,0.794642857142857,112
"UMass-gbqr_2src_utseirs_otid50","42",0.830459246590684,0.858279560256844,275.137215648219,0.360602761332118,0.967997377725743,1.15395360525905,413.68923647181,0.54865647233352,0.169642857142857,0.714285714285714,112
"UMass-gbqr_2src_utseirs_otid50","44",0.779631232583743,0.824454286429869,25.1019223835392,0.493674355212781,0.935305993143469,0.938145261470496,35.5082239539824,0.722545783683359,0.223214285714286,0.6875,112
"UMass-gbqr_2src_utseirs_otid50","45",0.936794562375646,0.890095648992847,98.442401994771,0.576988430413905,1.00421702633563,1.03987023717649,134.287128602043,0.841421850933174,0.258928571428571,0.651785714285714,112
"UMass-gbqr_2src_utseirs_otid50","46",1.04807483962724,0.902389772931971,11.2735869047105,0.430273937810241,1.05018168185997,0.913034565011714,16.2121797137132,0.654769333819425,0.276785714285714,0.8125,112
"UMass-gbqr_2src_utseirs_otid50","47",0.949148423717221,0.677129026041371,92.4354242434514,0.315547182628617,1.02114618443761,0.866786590565106,131.864618442154,0.470458285712933,0.339285714285714,0.794642857142857,112
"UMass-gbqr_2src_utseirs_otid50","48",0.780156224894867,0.659926878392003,196.268105133604,0.282590990264654,0.840176671113865,1.01497064251119,293.221658218739,0.427021349843974,0.267857142857143,0.839285714285714,112
"UMass-gbqr_2src_utseirs_otid50","49",0.780300523336729,0.8907437279065,24.3447583882505,0.511079114508402,0.862309387202068,1.02072174068008,35.6318557497426,0.801383194511147,0.267857142857143,0.785714285714286,112
"UMass-gbqr_2src_utseirs_otid50","50",1.10008107324922,1.02910730880011,6.05602317725602,0.449109158263751,1.10045001664841,0.997782541625848,8.57761486191125,0.694262750693731,0.357142857142857,0.794642857142857,112
"UMass-gbqr_2src_utseirs_otid50","51",0.799498117276663,0.822695709264948,95.1082184401878,0.470807588114194,0.914523616390808,1.14104128991272,140.477359789174,0.733146030607423,0.267857142857143,0.767857142857143,112
"UMass-gbqr_2src_utseirs_otid50","53",0.83804417396365,0.636520950137956,30.9272134274144,0.260894336955977,0.830968313753862,0.744636594636252,46.8384193279297,0.402999675970643,0.3125,0.946428571428571,112
"UMass-gbqr_2src_utseirs_otid50","54",0.87705340302595,0.854035107983447,23.4711202853573,0.456198046220292,0.898575173605785,0.933188881822382,34.9160638886819,0.774494533972027,0.339285714285714,0.892857142857143,112
"UMass-gbqr_2src_utseirs_otid50","55",0.841695522177565,0.734338457369298,96.3969898455505,0.42824706455367,0.956032360174502,0.785452242938172,136.704091501738,0.652205175237338,0.3125,0.767857142857143,112
"UMass-gbqr_2src_utseirs_otid50","56",1.02478308507178,1.01635172685541,7.44446829654639,0.495954946730185,1.0456915593261,1.03917514847637,11.4932706208074,0.78895810120079,0.25,0.910714285714286,112
"UMass-gbqr_4src","01",0.736285276049187,0.611930644544222,53.710973342931,0.384521036224913,0.783746877487174,0.711649901528164,77.5909408712302,0.543184771701857,0.330357142857143,0.848214285714286,112
"UMass-gbqr_4src","02",0.785768158736264,0.784636467558602,6.70481389213789,0.402347834765956,0.87762972536387,0.764498146343442,10.202445557355,0.627244448951222,0.276785714285714,0.821428571428571,112
"UMass-gbqr_4src","04",0.996216758572466,0.515453356424277,51.8214400262487,0.229762200201948,0.991675848017887,0.673748666122304,78.0767645341226,0.346941543750921,0.4375,0.919642857142857,112
"UMass-gbqr_4src","05",0.765531680865296,0.643387312584584,25.6698582487543,0.319618454493817,0.821799736307639,0.708479391370467,41.2587492612308,0.493855400198458,0.330357142857143,0.892857142857143,112
"UMass-gbqr_4src","06",0.489499452632992,0.335771610629054,102.648867518226,0.137260082288439,0.471181991348355,0.434766598476789,149.364691257428,0.196326039135162,0.5625,0.955357142857143,112
"UMass-gbqr_4src","08",0.461804963361733,0.545680344706502,43.6160858451968,0.279017144184961,0.578774436371096,0.679117256803318,67.6080888485987,0.424694685716624,0.348214285714286,0.839285714285714,112
"UMass-gbqr_4src","09",0.540068704996959,0.557981162539952,52.7628528472194,0.391305396411354,0.637210134612969,0.685663262310307,73.4669148951542,0.578855290808014,0.214285714285714,0.758928571428571,112
"UMass-gbqr_4src","10",0.618303082667051,0.662989113244258,15.8860711839931,0.403387584432116,0.64910332656008,0.722242017554417,21.8029170939198,0.618773777320217,0.330357142857143,0.821428571428571,112
"UMass-gbqr_4src","11",0.664543086372266,0.78821908450086,6.98481993165763,0.432568057851297,0.726034433931224,0.770864609304604,10.8321744562417,0.682524774981329,0.383928571428571,0.839285714285714,112
"UMass-gbqr_4src","12",0.575508879000256,0.412025938984819,191.509971720749,0.175787441003906,0.646690120310074,0.58148928996409,286.656943865303,0.260356640857936,0.366071428571429,0.839285714285714,112
"UMass-gbqr_4src","13",0.598558284430845,0.488660867740129,96.5541594998411,0.281004699950275,0.698868841483879,0.606921107003354,143.517708519011,0.420698509800203,0.339285714285714,0.803571428571429,112
"UMass-gbqr_4src","15",0.701963391865052,0.868789436027405,8.35817128642102,0.412201918296689,0.712383469901104,0.818311197886325,12.1614035218831,0.611698358243822,0.366071428571429,0.794642857142857,112
"UMass-gbqr_4src","16",0.680119852203714,0.60615216119352,15.5954703174829,0.266024392148426,0.763538644545145,0.743863994309049,25.0808810114428,0.428476372692317,0.321428571428571,0.928571428571429,112
"UMass-gbqr_4src","17",0.60902173418144,0.547082351902387,115.20758228687,0.308657767930708,0.701368979206127,0.650014880726701,171.390782070469,0.451654930060536,0.348214285714286,0.794642857142857,112
"UMass-gbqr_4src","18",0.674976132032154,0.50196889574741,60.6142951731663,0.257853683687906,0.803477751930245,0.624964559340358,99.0860241933977,0.378784718661634,0.455357142857143,0.848214285714286,112
"UMass-gbqr_4src","19",0.567988260703467,0.510008945874235,21.3552671653811,0.267709666229924,0.628960186979713,0.548339714812993,31.7961837382066,0.424239268969216,0.428571428571429,0.919642857142857,112
"UMass-gbqr_4src","20",0.581119720736887,0.454184919154549,21.3025946820717,0.241988214271357,0.646082993432936,0.519345051876944,32.3445298587364,0.362394218711523,0.455357142857143,0.892857142857143,112
"UMass-gbqr_4src","21",0.759278641123748,0.585804078778541,45.2008773446442,0.303566484370223,0.899490691963017,0.738630685037512,73.3165225618784,0.466626978486039,0.267857142857143,0.794642857142857,112
"UMass-gbqr_4src","22",0.552734977992431,0.539328661046038,41.5374606914762,0.24235047882236,0.638266583971907,0.678692250644924,64.0375143222529,0.350623448571653,0.366071428571429,0.776785714285714,112
"UMass-gbqr_4src","23",0.502934781118614,0.531231357334211,12.0852025988824,0.267716948144464,0.629134852044343,0.60480482298444,19.5818222698802,0.415177560988906,0.4375,0.928571428571429,112
"UMass-gbqr_4src","24",0.506840241285887,0.6170458333888,44.6208631376629,0.382670935781725,0.626972224909134,0.809159624494604,69.2916267850469,0.566490047445523,0.348214285714286,0.8125,112
"UMass-gbqr_4src","25",0.607898065997373,0.517096216772523,82.7962664345308,0.338432288296534,0.741043671863733,0.661394771131623,124.932023322598,0.514399078582553,0.258928571428571,0.830357142857143,112
"UMass-gbqr_4src","26",0.706649564206477,0.450340777686327,89.8452553108331,0.250628994253978,0.845263277676285,0.585775826418241,141.27971926875,0.386691610731475,0.419642857142857,0.875,112
"UMass-gbqr_4src","27",0.472068132596701,0.513973218183202,60.2922285270415,0.303195482218219,0.592238364755689,0.596640774789138,92.3151551062931,0.456181757875466,0.321428571428571,0.8125,112
"UMass-gbqr_4src","28",0.788299915671692,0.594577462820569,27.4127898885598,0.292263295503697,0.839632630059651,0.696759062333513,43.2260870082495,0.439078429080629,0.258928571428571,0.794642857142857,112
"UMass-gbqr_4src","29",0.695205176987179,0.457923653658151,68.6613293813421,0.268181154405342,0.751497314094779,0.536921865857084,100.7006400887,0.395728635297138,0.392857142857143,0.848214285714286,112
"UMass-gbqr_4src","30",0.590392249517543,0.585284751363376,10.0197013403107,0.292785686731982,0.67982905766557,0.599354930245981,16.0366818781467,0.463016702829368,0.446428571428571,0.919642857142857,112
"UMass-gbqr_4src","31",0.521138376987308,0.570266922253596,12.1162366369465,0.296699781692647,0.587268363582658,0.587758481549555,19.1438999592883,0.47675996918361,0.392857142857143,0.928571428571429,112
"UMass-gbqr_4src","32",0.819963897626238,0.677541311496504,23.4411094434188,0.288160129154698,0.919333184939324,0.77850807701186,36.6994524094975,0.438543890593434,0.366071428571429,0.8125,112
"UMass-gbqr_4src","33",0.523284260151457,0.556011871253925,15.9611815633522,0.310849821518629,0.63739168219617,0.653702937650524,23.9420250624937,0.498414803866303,0.383928571428571,0.875,112
"UMass-gbqr_4src","34",0.499700140497048,0.467039895937779,102.592256428968,0.277649719661118,0.597147566594247,0.599218737314019,151.883417228306,0.406158743086528,0.25,0.8125,112
"UMass-gbqr_4src","35",0.59764599541897,0.59022656253162,27.518445135209,0.324956815036085,0.697399971898059,0.682779877381094,41.4952983279345,0.476824953572139,0.321428571428571,0.758928571428571,112
"UMass-gbqr_4src","36",0.50306909933129,0.448137114743204,250.177163388036,0.281336674939176,0.606808213706374,0.651826802433379,345.907771465031,0.402803670007414,0.258928571428571,0.758928571428571,112
"UMass-gbqr_4src","37",0.538835208433486,0.424851591574879,159.216263613114,0.275016001535456,0.607563266557855,0.534917938284847,212.940075584483,0.385397511449787,0.4375,0.785714285714286,112
"UMass-gbqr_4src","38",0.51514058882991,0.550101428116798,9.67250047040846,0.284230859394508,0.600785463177906,0.603555159721326,14.5475908583793,0.432468020670782,0.375,0.883928571428571,112
"UMass-gbqr_4src","39",0.585286871349003,0.548855149840852,122.440768388364,0.339253590189058,0.6889736040959,0.701768886830189,189.560014376921,0.488248078797469,0.419642857142857,0.830357142857143,112
"UMass-gbqr_4src","40",0.697663815027873,0.502654535426603,27.8936257789522,0.308159885371354,0.688054195837787,0.577948015097954,41.7132856226658,0.456300282514917,0.446428571428571,0.901785714285714,112
"UMass-gbqr_4src","41",0.487189578605932,0.545007704579804,26.9601596908563,0.337860833072621,0.524510918547601,0.611719078891485,40.3077274637429,0.522595557495925,0.464285714285714,0.875,112
"UMass-gbqr_4src","42",0.558225490025579,0.567954603403572,184.944183185429,0.238623879423771,0.685494655393924,0.767604209793914,292.957157860984,0.364963561771049,0.267857142857143,0.830357142857143,112
"UMass-gbqr_4src","44",0.557032247583942,0.603392989270875,17.9348641506337,0.361305229193626,0.668966716511831,0.72198347461691,25.3968435590027,0.556061131360217,0.285714285714286,0.8125,112
"UMass-gbqr_4src","45",0.615463969573216,0.583089464016506,64.6756011823742,0.377977215161595,0.726388739886211,0.670845042168218,97.1350371185338,0.542821264510069,0.348214285714286,0.741071428571429,112
"UMass-gbqr_4src","46",0.662369846213338,0.562314822091562,7.12476222308856,0.268120739006471,0.659031742316875,0.55102162059358,10.1738025220168,0.395157065528542,0.464285714285714,0.901785714285714,112
"UMass-gbqr_4src","47",0.612906678891833,0.400047466156684,59.6895990862336,0.186425106602572,0.709264722348881,0.514297202708377,91.5901399940345,0.279140659265847,0.491071428571429,0.901785714285714,112
"UMass-gbqr_4src","48",0.572164682023332,0.345428853879792,143.942551993639,0.147918027102831,0.672658601829626,0.530080518736242,234.757852038539,0.2230169909907,0.473214285714286,0.9375,112
"UMass-gbqr_4src","49",0.535101663827102,0.716313226575528,16.6947481507712,0.410996696445226,0.634194275132845,0.840565179711798,26.2058134403108,0.659939709389811,0.357142857142857,0.821428571428571,112
"UMass-gbqr_4src","50",0.840067129439304,0.70766284762044,4.62462824790626,0.308828693676179,0.953888349898714,0.720471661887184,7.43521901304979,0.501308267995578,0.446428571428571,0.910714285714286,112
"UMass-gbqr_4src","51",0.530531388977485,0.474829394527979,63.1119625448551,0.271732646087553,0.641026497740385,0.601348938535404,98.4662488136213,0.3863809234554,0.348214285714286,0.839285714285714,112
"UMass-gbqr_4src","53",0.742763952501752,0.486319244479316,27.4109885837688,0.199330339103315,0.771065768321463,0.581023644100095,43.4619481733339,0.314451830584557,0.455357142857143,0.991071428571429,112
"UMass-gbqr_4src","54",0.671865022890783,0.547382369768748,17.9800052236128,0.292394030748413,0.740089602387505,0.555550241143052,28.7577674070573,0.461075601620842,0.419642857142857,0.919642857142857,112
"UMass-gbqr_4src","55",0.499590307885834,0.453346917090323,57.2166544400917,0.264380115898999,0.585066782828489,0.500044953606014,83.659326133913,0.415215450112132,0.482142857142857,0.866071428571429,112
"UMass-gbqr_4src","56",0.871884976637118,0.751619106580107,6.33375019685799,0.366771860681216,0.912574067594169,0.765120346500605,10.0301667607895,0.580891389339198,0.339285714285714,0.883928571428571,112
"UMass-gbqr_5src_mobsgleam_otid10","01",0.883842271428206,0.728478041021713,64.4750482241949,0.457756338399099,0.914744988291511,0.8365071858255,90.5597538408595,0.638485249255114,0.330357142857143,0.785714285714286,112
"UMass-gbqr_5src_mobsgleam_otid10","02",0.861642157209159,0.793402281026596,7.35223264200336,0.40684279034683,0.939186902699456,0.775542713438666,10.9180477438812,0.63630613658864,0.357142857142857,0.794642857142857,112
"UMass-gbqr_5src_mobsgleam_otid10","04",0.907072558237977,0.539172673498018,47.1843158345806,0.240335033631448,0.980959553507469,0.753991552957488,77.2330477038291,0.388261983305713,0.339285714285714,0.901785714285714,112
"UMass-gbqr_5src_mobsgleam_otid10","05",0.758590519548311,0.621833927261365,25.4371067747887,0.308911280803301,0.802664042288244,0.710096728017494,40.2980349088107,0.494982787172309,0.330357142857143,0.910714285714286,112
"UMass-gbqr_5src_mobsgleam_otid10","06",0.572940766742184,0.484263103349655,120.146652963071,0.19796192206512,0.61752359132152,0.67098139033919,195.754978448922,0.302992730260833,0.303571428571429,0.982142857142857,112
"UMass-gbqr_5src_mobsgleam_otid10","08",0.529185982914908,0.610354283504975,49.9800199003319,0.312086207202887,0.690001074047308,0.768283757817852,80.6007504621511,0.480456100620245,0.276785714285714,0.776785714285714,112
"UMass-gbqr_5src_mobsgleam_otid10","09",0.646878152025945,0.647682834157459,63.1977680425278,0.454212086686111,0.785861860640788,0.806885116047522,90.6056625576295,0.681194026532178,0.258928571428571,0.803571428571429,112
"UMass-gbqr_5src_mobsgleam_otid10","10",0.767075107346391,0.819239919154181,19.7084732397102,0.498456468524567,0.817389550901073,0.922807722014184,27.4555311650878,0.790606480947307,0.3125,0.794642857142857,112
"UMass-gbqr_5src_mobsgleam_otid10","11",0.752253276913816,0.822103909353488,7.90671634389555,0.45116376704605,0.821948764672372,0.820815420157676,12.2631820157815,0.726751303902384,0.410714285714286,0.857142857142857,112
"UMass-gbqr_5src_mobsgleam_otid10","12",0.619364365577358,0.440148700670874,206.103600595372,0.187785783445489,0.695773079583952,0.629126912788748,308.413842044865,0.281685961399422,0.383928571428571,0.857142857142857,112
"UMass-gbqr_5src_mobsgleam_otid10","13",0.763339184212408,0.585867552908756,123.135165383278,0.336903457559607,0.858607763603522,0.70412924627754,176.32123716858,0.488080116505265,0.330357142857143,0.741071428571429,112
"UMass-gbqr_5src_mobsgleam_otid10","15",0.693085351598712,0.876436318051242,8.25246181197584,0.415830023460613,0.711679319736994,0.826841752778627,12.149382672653,0.618075059963178,0.3125,0.803571428571429,112
"UMass-gbqr_5src_mobsgleam_otid10","16",0.861713545809471,0.70509865581919,19.7594997150874,0.309449430898073,0.933564205722938,0.850552220125747,30.6659170790597,0.489930327120343,0.330357142857143,0.839285714285714,112
"UMass-gbqr_5src_mobsgleam_otid10","17",0.781917470995292,0.601030677990483,147.913968131708,0.339094812474452,0.891334900558483,0.725116413354435,217.812007976653,0.503838316121632,0.366071428571429,0.794642857142857,112
"UMass-gbqr_5src_mobsgleam_otid10","18",0.843913303244489,0.576562177705101,75.7852131888221,0.296171102743369,0.953626811823099,0.70448821603833,117.602620758042,0.426983205246344,0.410714285714286,0.803571428571429,112
"UMass-gbqr_5src_mobsgleam_otid10","19",0.725280898303107,0.583048851095197,27.2691680881352,0.30604916753936,0.845086757010658,0.643907676386711,42.7221537338781,0.498178254345717,0.401785714285714,0.919642857142857,112
"UMass-gbqr_5src_mobsgleam_otid10","20",0.703258033343453,0.515052307247833,25.7799216007152,0.274418156197815,0.791191955030905,0.589692022382916,39.6090472487347,0.41148169017794,0.517857142857143,0.901785714285714,112
"UMass-gbqr_5src_mobsgleam_otid10","21",0.940064733684089,0.666817295527202,55.9633162608018,0.345547921998983,1.08798270247474,0.874792312837602,88.6803043829635,0.552646541784943,0.214285714285714,0.785714285714286,112
"UMass-gbqr_5src_mobsgleam_otid10","22",0.681343381675901,0.559736189771292,51.2022489268767,0.251520720857252,0.785494635525327,0.74572566480334,78.8089573160544,0.385253999928946,0.3125,0.758928571428571,112
"UMass-gbqr_5src_mobsgleam_otid10","23",0.707580094575914,0.658521572008773,17.0026991946487,0.331865548054556,0.905117016047125,0.792369512246199,28.1717671244668,0.543934223065561,0.419642857142857,0.919642857142857,112
"UMass-gbqr_5src_mobsgleam_otid10","24",0.608771829119915,0.673104152518854,53.5946482866234,0.417436407451851,0.763093154516752,0.923201430663495,84.3354202375746,0.646330348705907,0.294642857142857,0.830357142857143,112
"UMass-gbqr_5src_mobsgleam_otid10","25",0.758512565338488,0.607515495041406,103.310097476073,0.397610449455119,0.917238046879442,0.775868837032828,154.636507153372,0.603431161373936,0.25,0.821428571428571,112
"UMass-gbqr_5src_mobsgleam_otid10","26",0.870375807441148,0.529114687226489,110.661833809712,0.294469185282063,1.00612539764102,0.66415351929276,168.166673605713,0.438431533985708,0.392857142857143,0.758928571428571,112
"UMass-gbqr_5src_mobsgleam_otid10","27",0.591357572041132,0.588434463312757,75.5277965461834,0.347120559099515,0.773936868492366,0.709955208456552,120.637409376248,0.542820116712629,0.3125,0.785714285714286,112
"UMass-gbqr_5src_mobsgleam_otid10","28",0.871811829012623,0.673689782087814,30.3168806896554,0.331150788874704,0.907677314166705,0.805985267348467,46.7291731561181,0.507909784286525,0.241071428571429,0.794642857142857,112
"UMass-gbqr_5src_mobsgleam_otid10","29",0.854590822110317,0.526468259513383,84.4029127882496,0.308324028396817,0.931385980804005,0.635647144377951,124.805721427737,0.468492331884588,0.303571428571429,0.8125,112
"UMass-gbqr_5src_mobsgleam_otid10","30",0.797638348957983,0.686450009924551,13.5369291190197,0.343393087031162,0.901831358471949,0.726323347115613,21.2735575810972,0.5611029865583,0.428571428571429,0.857142857142857,112
"UMass-gbqr_5src_mobsgleam_otid10","31",0.59579628295788,0.564507911470559,13.851999911161,0.293703470359455,0.704570435954531,0.610155584673648,22.9677380506249,0.494927367069717,0.392857142857143,0.973214285714286,112
"UMass-gbqr_5src_mobsgleam_otid10","32",0.941588081629466,0.795756290074476,26.9180988772704,0.338437275237213,1.03068218862375,0.910542447100536,41.1444648690784,0.512920596578283,0.357142857142857,0.785714285714286,112
"UMass-gbqr_5src_mobsgleam_otid10","33",0.643620731816647,0.672239101975636,19.6316765871952,0.375829034721343,0.799151152717048,0.805205453002111,30.0181151739341,0.613927664716536,0.294642857142857,0.830357142857143,112
"UMass-gbqr_5src_mobsgleam_otid10","34",0.625926377640242,0.555239138272616,128.507467251557,0.330083130857007,0.763111042130925,0.723263661284761,194.095930867711,0.490238107213318,0.276785714285714,0.741071428571429,112
"UMass-gbqr_5src_mobsgleam_otid10","35",0.735993202498585,0.633870400643857,33.888604153778,0.348985490682385,0.879379900807123,0.757612695958361,52.3231040980238,0.529085069058614,0.401785714285714,0.821428571428571,112
"UMass-gbqr_5src_mobsgleam_otid10","36",0.477500126768092,0.494677841066569,237.46166757422,0.310554547689066,0.64400470016786,0.74921041036698,367.111429305509,0.462982960775726,0.303571428571429,0.741071428571429,112
"UMass-gbqr_5src_mobsgleam_otid10","37",0.654188012895307,0.517039575727012,193.300974924201,0.334691359457859,0.767773987410229,0.691614142853611,269.09107233751,0.498293944663567,0.366071428571429,0.803571428571429,112
"UMass-gbqr_5src_mobsgleam_otid10","38",0.655402558934547,0.68464516289799,12.306119333366,0.353748005521396,0.779618126313654,0.742298508231437,18.8778960585949,0.531882399530717,0.401785714285714,0.8125,112
"UMass-gbqr_5src_mobsgleam_otid10","39",0.783761689016631,0.600087382418433,163.961278023158,0.370920813937227,0.912920502335038,0.747471164154999,251.175404280841,0.520044941723806,0.473214285714286,0.714285714285714,112
"UMass-gbqr_5src_mobsgleam_otid10","40",0.719892016938963,0.545088029372955,28.7823419951173,0.334174373869535,0.748897687148841,0.657264036543231,45.4019222833985,0.518921698365449,0.330357142857143,0.866071428571429,112
"UMass-gbqr_5src_mobsgleam_otid10","41",0.612158101885686,0.661214535695634,33.8756839383029,0.409899698651217,0.677120188949618,0.796329031489735,52.0354773775836,0.680309031583093,0.383928571428571,0.839285714285714,112
"UMass-gbqr_5src_mobsgleam_otid10","42",0.703349490578417,0.687677047099759,233.024824830109,0.288924790443199,0.889074228446759,0.952951338505052,379.96016021968,0.453088336746705,0.25,0.758928571428571,112
"UMass-gbqr_5src_mobsgleam_otid10","44",0.615415970181048,0.734820904383365,19.8146550207836,0.440002850539109,0.768138659968793,0.871890274488631,29.1618355552438,0.671517160017228,0.321428571428571,0.741071428571429,112
"UMass-gbqr_5src_mobsgleam_otid10","45",0.781207051320657,0.634593345143441,82.0925971135388,0.411363676004629,0.919811686100573,0.755488733533568,123.000175202931,0.611311590429804,0.285714285714286,0.732142857142857,112
"UMass-gbqr_5src_mobsgleam_otid10","46",0.771175325670649,0.657887039550206,8.29512523724788,0.313691107360244,0.811080843770825,0.687661709791689,12.5210605257121,0.493146499451151,0.419642857142857,0.919642857142857,112
"UMass-gbqr_5src_mobsgleam_otid10","47",0.790922370080293,0.500611473765914,77.0261457482959,0.233288685115002,0.893758152140314,0.648256126877171,115.414501378619,0.351848389757285,0.464285714285714,0.857142857142857,112
"UMass-gbqr_5src_mobsgleam_otid10","48",0.633555536894028,0.365567250505838,159.386980139587,0.156541602882565,0.722560641619405,0.561626309823472,252.173663925173,0.236289026385376,0.446428571428571,0.928571428571429,112
"UMass-gbqr_5src_mobsgleam_otid10","49",0.658232275823812,0.76916703597433,20.5363257348013,0.441322453741797,0.789611012837932,0.870808163806608,32.627855066196,0.683683907479782,0.321428571428571,0.794642857142857,112
"UMass-gbqr_5src_mobsgleam_otid10","50",0.941439218493006,0.759890960301631,5.18268868160032,0.331621383537942,1.04962794315555,0.759893604085799,8.18147494977495,0.528738278931531,0.428571428571429,0.910714285714286,112
"UMass-gbqr_5src_mobsgleam_otid10","51",0.686097393578051,0.509722097233352,81.6180793545059,0.291700842127107,0.840665071477617,0.686893777480082,129.132159729473,0.441345506828224,0.357142857142857,0.803571428571429,112
"UMass-gbqr_5src_mobsgleam_otid10","53",0.705413565509931,0.518577021330826,26.0326085102828,0.212552011228207,0.737560855813281,0.612555075735863,41.5734078816897,0.331516740936314,0.401785714285714,0.9375,112
"UMass-gbqr_5src_mobsgleam_otid10","54",0.702509147506663,0.558666020410419,18.8000829206119,0.29842139347489,0.769085284665476,0.556174466306125,29.8844567755728,0.461593673563387,0.455357142857143,0.928571428571429,112
"UMass-gbqr_5src_mobsgleam_otid10","55",0.681027210573412,0.524324883232514,77.996105922421,0.305772617331205,0.842203544684406,0.580386112115213,120.427587215364,0.481927232827593,0.375,0.839285714285714,112
"UMass-gbqr_5src_mobsgleam_otid10","56",0.92297670158542,0.790284981569663,6.70490262134094,0.385639868147543,0.965948139423795,0.808134296959334,10.6168049967026,0.613548256402291,0.303571428571429,0.875,112
"UMass-gbqr_5src_mobsgleam_otid50","01",0.972765532243119,0.790360969131959,70.961874793408,0.496641934101381,1.007245374857,0.906230065322685,99.7172921108432,0.691702999023291,0.348214285714286,0.767857142857143,112
"UMass-gbqr_5src_mobsgleam_otid50","02",0.930993507261034,0.811044635441624,7.9439948432284,0.415889480620029,1.02756362033161,0.792098253824854,11.9454270863549,0.649889388367983,0.401785714285714,0.776785714285714,112
"UMass-gbqr_5src_mobsgleam_otid50","04",0.935769657261204,0.579944321774028,48.6770883493598,0.258508906198193,1.02073577275225,0.818005049975907,80.3647146797261,0.421225227009462,0.321428571428571,0.901785714285714,112
"UMass-gbqr_5src_mobsgleam_otid50","05",0.78586293505009,0.628278229206767,26.3516071900302,0.312112646120573,0.819981753119966,0.711744564441035,41.167476766014,0.496131434439007,0.339285714285714,0.919642857142857,112
"UMass-gbqr_5src_mobsgleam_otid50","06",0.637711118235537,0.589068777909649,133.72910580094,0.240805435510016,0.685958654958807,0.828985162628458,217.448893621942,0.374341943587353,0.303571428571429,1,112
"UMass-gbqr_5src_mobsgleam_otid50","08",0.583008926038018,0.642785368092881,55.0634345319323,0.328668861667756,0.760371332085752,0.810975444300337,88.8208762292669,0.507153894251253,0.339285714285714,0.821428571428571,112
"UMass-gbqr_5src_mobsgleam_otid50","09",0.722585497868554,0.682142085901757,70.5941150465069,0.478377940426515,0.885808938986668,0.862514837748558,102.129025260133,0.728158127575482,0.294642857142857,0.803571428571429,112
"UMass-gbqr_5src_mobsgleam_otid50","10",0.864803645552437,0.901423129728539,22.2194141652382,0.548459833786845,0.949737592901663,1.0653368251203,31.9010073615719,0.912716894580764,0.294642857142857,0.776785714285714,112
"UMass-gbqr_5src_mobsgleam_otid50","11",0.801942463265963,0.835660616028184,8.42898499183978,0.45860357457221,0.88467211309434,0.849616415811384,13.1989919730414,0.752251752152977,0.4375,0.857142857142857,112
"UMass-gbqr_5src_mobsgleam_otid50","12",0.64890392429876,0.467532258529078,215.933370841848,0.199468750720162,0.734710609884194,0.6716445699937,325.673597663488,0.300722863020971,0.392857142857143,0.848214285714286,112
"UMass-gbqr_5src_mobsgleam_otid50","13",0.847265022035649,0.645508857389905,136.673343606053,0.371200222405694,0.942796034450507,0.775367865511789,193.6098999318,0.537460473533954,0.357142857142857,0.723214285714286,112
"UMass-gbqr_5src_mobsgleam_otid50","15",0.688964284528505,0.885254487673441,8.20339289348978,0.420013852456919,0.714469865271729,0.844862969763187,12.1970212714245,0.631546156132318,0.3125,0.785714285714286,112
"UMass-gbqr_5src_mobsgleam_otid50","16",0.976427287370371,0.758182843493696,22.3899401377918,0.332746697925873,1.05360231329495,0.892594519678515,34.6089545590369,0.514147297090433,0.348214285714286,0.848214285714286,112
"UMass-gbqr_5src_mobsgleam_otid50","17",0.898155807311017,0.651811727731036,169.902572058925,0.367744914989355,1.03961726531102,0.788538725720188,254.047186913369,0.547906538104192,0.357142857142857,0.785714285714286,112
"UMass-gbqr_5src_mobsgleam_otid50","18",0.93954214560953,0.615603520721605,84.3728870384607,0.316226038812544,1.05445549773152,0.742632994402811,130.036958345248,0.450102370845832,0.401785714285714,0.785714285714286,112
"UMass-gbqr_5src_mobsgleam_otid50","19",0.848805800402507,0.633112893876903,31.9134670436156,0.332328369682053,0.977701816081216,0.691554051140023,49.4263185951058,0.53504128404852,0.455357142857143,0.910714285714286,112
"UMass-gbqr_5src_mobsgleam_otid50","20",0.818245053966365,0.588644168241103,29.9950975904799,0.313627654962805,0.896124572831928,0.657762962137909,44.8622364273984,0.458980968240408,0.535714285714286,0.901785714285714,112
"UMass-gbqr_5src_mobsgleam_otid50","21",1.03280216240075,0.717979090210264,61.4840999542234,0.372060209483208,1.1614969101537,0.957681780750786,94.6723686856526,0.605011631327196,0.1875,0.776785714285714,112
"UMass-gbqr_5src_mobsgleam_otid50","22",0.743384407677608,0.593184001886498,55.8645677259597,0.266550690275081,0.83062013139613,0.781510091468844,83.3364144330206,0.403740816406806,0.294642857142857,0.741071428571429,112
"UMass-gbqr_5src_mobsgleam_otid50","23",0.83842767058185,0.738478547381053,20.1468831424903,0.372160303125014,1.06920909400554,0.924532184587191,33.2791330509224,0.634659319610833,0.410714285714286,0.910714285714286,112
"UMass-gbqr_5src_mobsgleam_otid50","24",0.679145364092472,0.729425151230384,59.7901466246348,0.452364784105393,0.830387515554829,1.02926493957854,91.7726488173007,0.720585069750657,0.267857142857143,0.866071428571429,112
"UMass-gbqr_5src_mobsgleam_otid50","25",0.853389447087013,0.633633935893156,116.232414586656,0.414704606050127,1.02970285731042,0.808529937608808,173.596869211924,0.628833297549023,0.267857142857143,0.830357142857143,112
"UMass-gbqr_5src_mobsgleam_otid50","26",0.970968226200862,0.569373079675598,123.451414393335,0.316874263635482,1.10896612174881,0.700662094803078,185.35576606373,0.462532152742748,0.419642857142857,0.794642857142857,112
"UMass-gbqr_5src_mobsgleam_otid50","27",0.697444455532465,0.658445668513414,89.0771428831146,0.388420534215973,0.88304329870685,0.766244477530226,137.64437418593,0.585857969304298,0.267857142857143,0.785714285714286,112
"UMass-gbqr_5src_mobsgleam_otid50","28",0.911141083542096,0.707204165373305,31.6845385689176,0.347624713162594,0.957147509342628,0.850973541756394,49.2760048113356,0.536260159505076,0.276785714285714,0.8125,112
"UMass-gbqr_5src_mobsgleam_otid50","29",0.948691073687616,0.567000107571551,93.6966415783838,0.332061342937324,1.0125508909049,0.673393390619102,135.681819381256,0.496312525962093,0.366071428571429,0.8125,112
"UMass-gbqr_5src_mobsgleam_otid50","30",0.928620546931357,0.739384816623938,15.7598622717891,0.369873451837185,1.04635896443544,0.811598058095863,24.6828605717718,0.626979837686559,0.392857142857143,0.857142857142857,112
"UMass-gbqr_5src_mobsgleam_otid50","31",0.670837328568625,0.579168447144639,15.5966710124524,0.301331087470416,0.778980953764692,0.616546040235656,25.3933880553115,0.500110981585631,0.464285714285714,0.964285714285714,112
"UMass-gbqr_5src_mobsgleam_otid50","32",1.03956073058953,0.859902193513221,29.7189387598348,0.365718699271456,1.13707237803447,0.974461121738004,45.391523233858,0.548926830919079,0.339285714285714,0.776785714285714,112
"UMass-gbqr_5src_mobsgleam_otid50","33",0.740551426353095,0.735597780281295,22.5882501598654,0.411251001159854,0.912868502136644,0.878738712508244,34.2896231115077,0.669992985833377,0.303571428571429,0.8125,112
"UMass-gbqr_5src_mobsgleam_otid50","34",0.707136632460265,0.604513930314997,145.180552992278,0.359376414612684,0.852234442562275,0.783127466314931,216.764308618496,0.530814621753598,0.330357142857143,0.758928571428571,112
"UMass-gbqr_5src_mobsgleam_otid50","35",0.836137268335722,0.671797360684603,38.4997100634296,0.369866665677253,0.999225985903987,0.797086529250919,59.4539461612872,0.556651945808458,0.446428571428571,0.848214285714286,112
"UMass-gbqr_5src_mobsgleam_otid50","36",0.499880735821078,0.523379819804075,248.591584508524,0.328573406195825,0.668927432032025,0.790363067366348,381.318499090041,0.488413705887801,0.321428571428571,0.758928571428571,112
"UMass-gbqr_5src_mobsgleam_otid50","37",0.721587374896662,0.591836145297291,213.216293039662,0.383108863121985,0.873914950427048,0.810524605646559,306.291584500566,0.583966518278664,0.357142857142857,0.830357142857143,112
"UMass-gbqr_5src_mobsgleam_otid50","38",0.732265250973031,0.759524491980541,13.7493261802343,0.392437263480382,0.871893747397689,0.809606914779654,21.1122843119869,0.580111186718705,0.428571428571429,0.803571428571429,112
"UMass-gbqr_5src_mobsgleam_otid50","39",0.905340602509978,0.653564277286879,189.395328087595,0.403975488893896,1.05314311610412,0.802152033954367,289.755402881683,0.558088562818362,0.464285714285714,0.723214285714286,112
"UMass-gbqr_5src_mobsgleam_otid50","40",0.736589184374089,0.573654303993095,29.4499193152702,0.351687356031246,0.744356723613812,0.691120101769776,45.1266263690873,0.545651666674273,0.366071428571429,0.875,112
"UMass-gbqr_5src_mobsgleam_otid50","41",0.647272184091846,0.702730704137255,35.8188315450002,0.435636375651928,0.705546128829043,0.855010265815064,54.2199600967105,0.730440788830825,0.392857142857143,0.839285714285714,112
"UMass-gbqr_5src_mobsgleam_otid50","42",0.811057383883767,0.752807331796794,268.709236785336,0.316289021861072,1.02344691669825,1.06257008834404,437.386488105016,0.505207448220659,0.214285714285714,0.776785714285714,112
"UMass-gbqr_5src_mobsgleam_otid50","44",0.672872872684092,0.812926297135696,21.6646049031789,0.486771519269814,0.834596776869968,0.984507866845896,31.6848704933134,0.758253585460307,0.366071428571429,0.714285714285714,112
"UMass-gbqr_5src_mobsgleam_otid50","45",0.914143358568043,0.691846067366251,96.0621160703536,0.44847671927098,1.07377789728442,0.820255315932516,143.589031853828,0.663718146259989,0.348214285714286,0.75,112
"UMass-gbqr_5src_mobsgleam_otid50","46",0.852863706266314,0.718950728287396,9.17380395648689,0.34280725494778,0.903194965829957,0.760701140045302,13.943072285,0.545525654548193,0.401785714285714,0.919642857142857,112
"UMass-gbqr_5src_mobsgleam_otid50","47",0.9294597394374,0.57357832922711,90.5179876879831,0.267291784643397,1.05639477274633,0.748487547547522,136.416407127055,0.406250133919481,0.401785714285714,0.875,112
"UMass-gbqr_5src_mobsgleam_otid50","48",0.711569638975497,0.414999569010205,179.01340815571,0.177709293265573,0.824174086887758,0.648733716009046,287.636756323827,0.272937103297966,0.4375,0.928571428571429,112
"UMass-gbqr_5src_mobsgleam_otid50","49",0.746813461160058,0.825906817775348,23.2999885675957,0.473877852709825,0.883424277949962,0.927663080508493,36.5043531995752,0.728321513356448,0.321428571428571,0.794642857142857,112
"UMass-gbqr_5src_mobsgleam_otid50","50",1.0125787924963,0.782685469237272,5.57431700742142,0.341569056276811,1.14561413086663,0.779345724304102,8.9296530022015,0.542273174488612,0.455357142857143,0.910714285714286,112
"UMass-gbqr_5src_mobsgleam_otid50","51",0.805807534471199,0.559664949253897,95.8587860973228,0.320281851409804,0.980499787749168,0.761445370061061,150.611770968185,0.489246669265901,0.392857142857143,0.8125,112
"UMass-gbqr_5src_mobsgleam_otid50","53",0.760203918207664,0.585721333021497,28.0545937281164,0.240072818948843,0.804314918538307,0.695958267004228,45.3360721493958,0.376654811369835,0.366071428571429,0.9375,112
"UMass-gbqr_5src_mobsgleam_otid50","54",0.761993621296784,0.582270090197146,20.3919668750236,0.311029927268048,0.827006430404068,0.571679671319278,32.1351070099866,0.47446212577571,0.446428571428571,0.928571428571429,112
"UMass-gbqr_5src_mobsgleam_otid50","55",0.802644252107388,0.573244032172104,91.9245591562775,0.334300991030837,1.00342784942578,0.640360461057718,143.481223290659,0.531727308024362,0.392857142857143,0.848214285714286,112
"UMass-gbqr_5src_mobsgleam_otid50","56",0.967914069475356,0.814241537569138,7.03134712990095,0.397330085363308,1.02604468646305,0.845207873791923,11.2773304378216,0.641695098467795,0.321428571428571,0.883928571428571,112
"UMass-gbqr_5src_nihflu_otid10","01",0.707900848597971,0.51439354728573,51.6403693586069,0.323231303405371,0.833309322789962,0.631365079333294,82.4976229562063,0.481905352255019,0.339285714285714,0.910714285714286,112
"UMass-gbqr_5src_nihflu_otid10","02",0.851872136819492,0.807079482475982,7.2688668709336,0.413856219643509,0.973585345173453,0.796285576424206,11.3179296376414,0.6533249426188,0.303571428571429,0.857142857142857,112
"UMass-gbqr_5src_nihflu_otid10","04",0.903229625140136,0.513740259872458,46.9844132277021,0.228998591180882,0.915516705506559,0.695302193333714,72.0805920460432,0.358040362019522,0.4375,0.9375,112
"UMass-gbqr_5src_nihflu_otid10","05",0.769156897398829,0.662914279589002,25.7914192459839,0.329318955098705,0.846104567705975,0.784634858235239,42.4789820018812,0.546940626139965,0.348214285714286,0.964285714285714,112
"UMass-gbqr_5src_nihflu_otid10","06",0.507607413564435,0.421589613529374,106.446137714707,0.172341625120066,0.485020419893513,0.531451024341858,153.751473106244,0.239985488694187,0.517857142857143,0.991071428571429,112
"UMass-gbqr_5src_nihflu_otid10","08",0.555124097766334,0.574575979314682,52.4297966108006,0.293792053206328,0.697923517656898,0.674930180494329,81.5261909062964,0.422076243850653,0.482142857142857,0.919642857142857,112
"UMass-gbqr_5src_nihflu_otid10","09",0.628772588662298,0.586956519466802,61.428916845202,0.411625461477367,0.780039343213055,0.742992788964145,89.9343574902695,0.627254412719952,0.267857142857143,0.821428571428571,112
"UMass-gbqr_5src_nihflu_otid10","10",0.687032785197429,0.679955100244125,17.651944551699,0.413710330879479,0.760425253916835,0.760100212030574,25.5421411181708,0.651208414781294,0.276785714285714,0.857142857142857,112
"UMass-gbqr_5src_nihflu_otid10","11",0.68327689134898,0.806428608828791,7.18172553052777,0.442561292889392,0.767029675453435,0.8200179242882,11.4438088185954,0.726045199766466,0.375,0.857142857142857,112
"UMass-gbqr_5src_nihflu_otid10","12",0.52356325710419,0.432093970608434,174.224218288736,0.184349299836854,0.614727063572397,0.627886907778826,272.488748197457,0.281130760220996,0.410714285714286,0.982142857142857,112
"UMass-gbqr_5src_nihflu_otid10","13",0.682301731615836,0.56762202886465,110.06291606856,0.326411358953142,0.824545969070883,0.693897744037193,169.326404362771,0.480987962853229,0.375,0.910714285714286,112
"UMass-gbqr_5src_nihflu_otid10","15",0.710341588337976,0.931156948566885,8.45792919688118,0.441792527070338,0.755700559109966,0.923058022976263,12.9008881162344,0.689997984479254,0.366071428571429,0.866071428571429,112
"UMass-gbqr_5src_nihflu_otid10","16",0.719866210893523,0.604266577427323,16.5068731462144,0.265196858556431,0.77661982348935,0.719635798345137,25.5105743805118,0.414520582920373,0.366071428571429,0.964285714285714,112
"UMass-gbqr_5src_nihflu_otid10","17",0.655003809348756,0.617546934529326,123.905931477444,0.348413100407015,0.783946866397853,0.723797350381135,191.570015950382,0.502921781265868,0.383928571428571,0.839285714285714,112
"UMass-gbqr_5src_nihflu_otid10","18",0.685380454534025,0.503112004720209,61.5486255076428,0.258440881145737,0.802470277274646,0.629330799244705,98.9617809796197,0.381431052648193,0.473214285714286,0.910714285714286,112
"UMass-gbqr_5src_nihflu_otid10","19",0.597613521190218,0.545684822915786,22.4691200322608,0.28643635173714,0.671874404628526,0.586211866268373,33.9656507054171,0.453540181184195,0.446428571428571,0.946428571428571,112
"UMass-gbqr_5src_nihflu_otid10","20",0.610242355784111,0.49111688779916,22.3701676250416,0.26166544432662,0.679876391527829,0.585846814188556,34.0363118508619,0.408798539131556,0.491071428571429,0.946428571428571,112
"UMass-gbqr_5src_nihflu_otid10","21",0.759300927150328,0.693612052892729,45.2022040617404,0.359433093829753,0.875921305826245,0.855950710891398,71.3954071507838,0.54074343517958,0.285714285714286,0.857142857142857,112
"UMass-gbqr_5src_nihflu_otid10","22",0.597445036605345,0.582610788967978,44.8973752546775,0.261799555394683,0.705101112389739,0.754286582989077,70.7430464278883,0.389676709418218,0.383928571428571,0.919642857142857,112
"UMass-gbqr_5src_nihflu_otid10","23",0.590346650800488,0.573781250376753,14.1856541769239,0.289160199473576,0.732169276931857,0.662177015423642,22.7887687445041,0.454561583768279,0.455357142857143,0.9375,112
"UMass-gbqr_5src_nihflu_otid10","24",0.585145308451058,0.71395976804049,51.5146324171068,0.442773677031551,0.745341575158469,1.01219106425843,82.3735537259958,0.708631704620496,0.321428571428571,0.910714285714286,112
"UMass-gbqr_5src_nihflu_otid10","25",0.664155319202729,0.52485694641305,90.4585552059605,0.343511578002979,0.826262413327387,0.681770913871392,139.298990075426,0.530246601889202,0.3125,0.883928571428571,112
"UMass-gbqr_5src_nihflu_otid10","26",0.6926391019805,0.420638658563566,88.0639288663327,0.234098818414262,0.843154444536138,0.538826273793123,140.927242872469,0.355698528892064,0.526785714285714,0.910714285714286,112
"UMass-gbqr_5src_nihflu_otid10","27",0.558109077651265,0.562108348777392,71.2813209137209,0.331590646821796,0.705109494600824,0.653947560496808,109.908942470903,0.499997587009097,0.3125,0.875,112
"UMass-gbqr_5src_nihflu_otid10","28",0.763151793033448,0.580800581292201,26.5382747601565,0.285491298499061,0.837658515774664,0.703419125153308,43.1244553746135,0.443275417793916,0.366071428571429,0.857142857142857,112
"UMass-gbqr_5src_nihflu_otid10","29",0.691905409720537,0.473171266275028,68.3354307622344,0.277110857688527,0.780244430489198,0.550905557494327,104.552753685552,0.406035064518806,0.464285714285714,0.919642857142857,112
"UMass-gbqr_5src_nihflu_otid10","30",0.655753322621149,0.609843423840541,11.1289612134129,0.305071036332673,0.741136852434129,0.632491978942586,17.4828889654551,0.488615903327646,0.464285714285714,0.919642857142857,112
"UMass-gbqr_5src_nihflu_otid10","31",0.550915029303585,0.552477585511627,12.8085306257441,0.287444304789057,0.640159359028272,0.579036413943892,20.8680519626091,0.469685068840308,0.464285714285714,0.973214285714286,112
"UMass-gbqr_5src_nihflu_otid10","32",0.868373003204098,0.720255446373539,24.8250278637221,0.306326564786072,0.990811968460227,0.826432450504369,39.552859919515,0.465540323676476,0.357142857142857,0.848214285714286,112
"UMass-gbqr_5src_nihflu_otid10","33",0.543652780215933,0.559282494843818,16.582460802349,0.312678330605819,0.677646251273212,0.660747343493245,25.45408731345,0.503785800314741,0.348214285714286,0.901785714285714,112
"UMass-gbqr_5src_nihflu_otid10","34",0.566768498838298,0.492705098483542,116.361902782022,0.29290738041742,0.698426282449976,0.645206552757321,177.643477751361,0.437329920078543,0.330357142857143,0.892857142857143,112
"UMass-gbqr_5src_nihflu_otid10","35",0.714648283924858,0.629490136642951,32.9057832611611,0.346573880075356,0.864522559689667,0.765860948859593,51.4390923015352,0.534845304438963,0.321428571428571,0.883928571428571,112
"UMass-gbqr_5src_nihflu_otid10","36",0.536133560942989,0.46238065891608,266.620179319571,0.290278651011037,0.713440572235894,0.693142866790921,406.692976200006,0.428335394525879,0.383928571428571,0.857142857142857,112
"UMass-gbqr_5src_nihflu_otid10","37",0.595035147303358,0.485761610100971,175.822350487355,0.314444428027637,0.710781904924107,0.635975302034143,249.116365141883,0.458207289763698,0.491071428571429,0.875,112
"UMass-gbqr_5src_nihflu_otid10","38",0.595633081231608,0.597079987629381,11.1838620045252,0.308504121852832,0.725707087187099,0.672186108181896,17.5724787540305,0.481644454604683,0.366071428571429,0.857142857142857,112
"UMass-gbqr_5src_nihflu_otid10","39",0.624954565265793,0.61175482780115,130.739165569513,0.378132594195769,0.759759218753704,0.850507534352271,209.035538624066,0.591731376872442,0.419642857142857,0.883928571428571,112
"UMass-gbqr_5src_nihflu_otid10","40",0.645275794298353,0.549031473283778,25.7990756330902,0.336591961174296,0.677508748181598,0.69185104136394,41.0739678585093,0.546228756541537,0.375,0.9375,112
"UMass-gbqr_5src_nihflu_otid10","41",0.592110018627756,0.65734989545239,32.7662605231388,0.407503933304899,0.649846112989434,0.763756884796184,49.9395133437505,0.652482436422776,0.419642857142857,0.919642857142857,112
"UMass-gbqr_5src_nihflu_otid10","42",0.572879743694525,0.590099270612778,189.799244488471,0.247927873733074,0.72906896184313,0.7958173797095,311.579338023405,0.378377739090385,0.330357142857143,0.901785714285714,112
"UMass-gbqr_5src_nihflu_otid10","44",0.622637339723751,0.663455789114042,20.0471627118403,0.397270187436793,0.777275382694493,0.799880593510858,29.5087047072945,0.616056355052634,0.294642857142857,0.803571428571429,112
"UMass-gbqr_5src_nihflu_otid10","45",0.717653658381824,0.634063228619295,75.4141332249883,0.411020037541112,0.857033482727574,0.772036655161527,114.605272060811,0.624701513852461,0.375,0.839285714285714,112
"UMass-gbqr_5src_nihflu_otid10","46",0.679457871130538,0.582956238994238,7.30856907222772,0.277962898125629,0.679232401824107,0.582508000953481,10.4856502031597,0.417737060944568,0.446428571428571,0.883928571428571,112
"UMass-gbqr_5src_nihflu_otid10","47",0.704398028813241,0.445641537769489,68.5997353023066,0.207672284450047,0.830087749557155,0.573811788969245,107.192492159332,0.311442878211053,0.517857142857143,0.928571428571429,112
"UMass-gbqr_5src_nihflu_otid10","48",0.613792677619136,0.372840605879593,154.415131145589,0.159656167184938,0.726834779482666,0.581689124642069,253.665338039451,0.244729911182112,0.446428571428571,0.991071428571429,112
"UMass-gbqr_5src_nihflu_otid10","49",0.61917119404711,0.779194463401501,19.3176509168335,0.447075857969881,0.740058854890258,0.942052426270702,30.580289111001,0.739618793912226,0.348214285714286,0.910714285714286,112
"UMass-gbqr_5src_nihflu_otid10","50",0.785967353199426,0.67886569174016,4.32680519944187,0.296261426563032,0.896565922493626,0.659988841942217,6.98841116372264,0.459223978891578,0.526785714285714,0.910714285714286,112
"UMass-gbqr_5src_nihflu_otid10","51",0.581325916747,0.505219192586075,69.1544746387234,0.289123945648107,0.731129007405339,0.681157457593202,112.306637887513,0.437659785555436,0.348214285714286,0.910714285714286,112
"UMass-gbqr_5src_nihflu_otid10","53",0.676573974241747,0.50904690716737,24.9683111593544,0.208645851006378,0.689085806108912,0.605173728508963,38.8410597675497,0.327521932512856,0.464285714285714,1,112
"UMass-gbqr_5src_nihflu_otid10","54",0.663014274214926,0.541133072279404,17.7431473697241,0.289055857319431,0.726597672781437,0.539894518859558,28.2335095709358,0.448082228499774,0.482142857142857,0.964285714285714,112
"UMass-gbqr_5src_nihflu_otid10","55",0.577882810354224,0.480744195097407,66.1832716627932,0.280357494947518,0.6902219531226,0.515887594618873,98.6955766005218,0.428370486017768,0.508928571428571,0.901785714285714,112
"UMass-gbqr_5src_nihflu_otid10","56",0.848240757848463,0.787964239755953,6.1619883481967,0.384507402533346,0.896830468757253,0.802021747460486,9.85712774143016,0.608907512776755,0.330357142857143,0.875,112
"UMass-gbqr_5src_nihflu_otid50","01",0.730071483727434,0.543702163199432,53.257685949296,0.341648062660578,0.85946181300485,0.677105411516983,85.0867194874802,0.516817816714597,0.348214285714286,0.928571428571429,112
"UMass-gbqr_5src_nihflu_otid50","02",0.912253391353303,0.84646035660899,7.78408891158503,0.434050041997837,1.02534442233077,0.821184241852912,11.9196289095952,0.673753441695152,0.321428571428571,0.839285714285714,112
"UMass-gbqr_5src_nihflu_otid50","04",0.907777159732285,0.543871197068976,47.220967962509,0.242429390181675,0.924721206937613,0.736926521475198,72.8052821676417,0.379474480392055,0.410714285714286,0.946428571428571,112
"UMass-gbqr_5src_nihflu_otid50","05",0.786192706648097,0.71150040648657,26.3626651127614,0.35345530731625,0.875407339545622,0.863516252795264,43.9501381273664,0.601925997843294,0.375,0.964285714285714,112
"UMass-gbqr_5src_nihflu_otid50","06",0.537599830352261,0.489394385213519,112.735598511537,0.200059538863513,0.537505008133985,0.635953324133315,170.389087578473,0.287175228362441,0.464285714285714,0.991071428571429,112
"UMass-gbqr_5src_nihflu_otid50","08",0.588035538586147,0.5940941158468,55.5381829253099,0.303772062139823,0.754045688913295,0.690341995591169,88.0819620361843,0.431714220066549,0.473214285714286,0.928571428571429,112
"UMass-gbqr_5src_nihflu_otid50","09",0.655785181927653,0.592025357810689,64.0679541941439,0.415180176099758,0.823169257780424,0.741396415602903,94.9070055867734,0.625906711571219,0.375,0.839285714285714,112
"UMass-gbqr_5src_nihflu_otid50","10",0.749487505708417,0.69160398656357,19.2565947040713,0.420797952711957,0.839793141313103,0.77371781617349,28.2080517644633,0.662875163805528,0.339285714285714,0.857142857142857,112
"UMass-gbqr_5src_nihflu_otid50","11",0.749654497086775,0.852460327805953,7.87940132173048,0.467823116244147,0.838822855204467,0.847130094428699,12.5149374200595,0.750050359169351,0.366071428571429,0.866071428571429,112
"UMass-gbqr_5src_nihflu_otid50","12",0.532752881023275,0.478988456147383,177.282215621332,0.204356442179391,0.649037220750804,0.692190468487334,287.697338048164,0.309922105737102,0.401785714285714,0.991071428571429,112
"UMass-gbqr_5src_nihflu_otid50","13",0.721102960352188,0.638206245915785,116.321989120672,0.367000851673127,0.892252387927596,0.803777384496993,183.230401092274,0.557153053283285,0.410714285714286,0.910714285714286,112
"UMass-gbqr_5src_nihflu_otid50","15",0.737277013462175,0.973305864260789,8.77864520496598,0.461790311553763,0.788055222644123,0.955009796047911,13.4532284437104,0.7138823541193,0.321428571428571,0.866071428571429,112
"UMass-gbqr_5src_nihflu_otid50","16",0.738340920378141,0.616265300663216,16.9305069843651,0.270462785595445,0.814638225741898,0.746978851369158,26.7594110045039,0.430270575214258,0.383928571428571,0.973214285714286,112
"UMass-gbqr_5src_nihflu_otid50","17",0.689862137492626,0.68647696979014,130.500020789241,0.387302658355658,0.837336578672402,0.856519936742768,204.616650193616,0.595142455342745,0.428571428571429,0.857142857142857,112
"UMass-gbqr_5src_nihflu_otid50","18",0.699261119935745,0.510204485106067,62.7951388433466,0.262084178986442,0.813025869016632,0.645811224768021,100.263511632658,0.391419672405867,0.482142857142857,0.964285714285714,112
"UMass-gbqr_5src_nihflu_otid50","19",0.606370134583057,0.559839832869781,22.7983518692646,0.293866482170969,0.681227355740389,0.588412906062864,34.4384757875186,0.455243080843223,0.491071428571429,0.946428571428571,112
"UMass-gbqr_5src_nihflu_otid50","20",0.642243426301716,0.536531602017073,23.5432577995834,0.28586225300907,0.732497893512735,0.682287850382504,36.6706757939813,0.476094210548709,0.482142857142857,0.955357142857143,112
"UMass-gbqr_5src_nihflu_otid50","21",0.773325393509192,0.767680391619761,46.0370993812938,0.397815662345477,0.881550347284617,0.976664637006164,71.8542242889399,0.617003974776929,0.294642857142857,0.875,112
"UMass-gbqr_5src_nihflu_otid50","22",0.607679464797415,0.609481469688973,45.6664819254221,0.273874052467369,0.736024434337199,0.808306599208644,73.8455943629206,0.417584327872389,0.392857142857143,0.946428571428571,112
"UMass-gbqr_5src_nihflu_otid50","23",0.674780463842302,0.626832873962308,16.2145449498725,0.315895855349963,0.825170842825618,0.73059936566525,25.6834424829473,0.501531157109744,0.428571428571429,0.928571428571429,112
"UMass-gbqr_5src_nihflu_otid50","24",0.621657974272272,0.776016531545243,54.7291101394482,0.481259180825539,0.796755588323993,1.14039812871011,88.0557202881642,0.79838905758957,0.267857142857143,0.910714285714286,112
"UMass-gbqr_5src_nihflu_otid50","25",0.699565111230661,0.53634824803829,95.2814009084317,0.351032475233303,0.884443110221465,0.685006651078325,149.107632207158,0.532763193054465,0.419642857142857,0.892857142857143,112
"UMass-gbqr_5src_nihflu_otid50","26",0.710478281064137,0.440569969297755,90.3320482857578,0.245191228009364,0.849970065303039,0.547679216984819,142.066425200651,0.36154267388426,0.598214285714286,0.9375,112
"UMass-gbqr_5src_nihflu_otid50","27",0.591820826035641,0.58001998095106,75.5869630388448,0.342156812065595,0.746407610474365,0.695899348857202,116.346286282692,0.532073236828752,0.348214285714286,0.910714285714286,112
"UMass-gbqr_5src_nihflu_otid50","28",0.750530847277056,0.575678013805848,26.0993868098514,0.28297331127516,0.82560727363558,0.715468648130176,42.5040316052032,0.450868696311364,0.348214285714286,0.919642857142857,112
"UMass-gbqr_5src_nihflu_otid50","29",0.684651180798284,0.518973599723827,67.6189732070749,0.303934810896953,0.766193603492453,0.612378038267828,102.669942867989,0.451342254394553,0.482142857142857,0.919642857142857,112
"UMass-gbqr_5src_nihflu_otid50","30",0.728373523183131,0.644262939792346,12.3614176379326,0.322289222166931,0.823699983933714,0.665415411757509,19.4304942638649,0.514050080204331,0.419642857142857,0.892857142857143,112
"UMass-gbqr_5src_nihflu_otid50","31",0.574376355876602,0.561238247842057,13.3539960858369,0.292002322270853,0.672689419524778,0.594307772192383,21.9284738454015,0.48207242268801,0.455357142857143,0.973214285714286,112
"UMass-gbqr_5src_nihflu_otid50","32",0.881540712353662,0.751214066355993,25.2014660364119,0.319493348539657,0.999917711224338,0.864669314251008,39.9163579186073,0.487079654464031,0.357142857142857,0.857142857142857,112
"UMass-gbqr_5src_nihflu_otid50","33",0.580621986146703,0.585266453042265,17.7100930532085,0.327205194483957,0.731976071358649,0.708215567701005,27.4948511804092,0.539977875178937,0.330357142857143,0.910714285714286,112
"UMass-gbqr_5src_nihflu_otid50","34",0.607329693871501,0.516943043927512,124.689425999791,0.307316553629843,0.750680516991094,0.673219358844049,190.934248995762,0.456317387262083,0.428571428571429,0.910714285714286,112
"UMass-gbqr_5src_nihflu_otid50","35",0.753388242375165,0.654825974383827,34.6895539704548,0.360522850964149,0.922214864623692,0.824375146568206,54.8717844451097,0.575709176574063,0.348214285714286,0.910714285714286,112
"UMass-gbqr_5src_nihflu_otid50","36",0.562188043804105,0.507757854527939,279.577120273409,0.318766069061247,0.749991846996938,0.741492238611489,427.528834567138,0.458213430131615,0.410714285714286,0.866071428571429,112
"UMass-gbqr_5src_nihflu_otid50","37",0.639117430863839,0.570059151386329,188.84788476979,0.369012124614654,0.811380011563709,0.776272217732446,284.374205124302,0.55928836838218,0.464285714285714,0.892857142857143,112
"UMass-gbqr_5src_nihflu_otid50","38",0.654273680364098,0.642520930938782,12.2849230255222,0.331982916323051,0.798218320299431,0.724141729426959,19.3282864701076,0.518872443332255,0.339285714285714,0.839285714285714,112
"UMass-gbqr_5src_nihflu_otid50","39",0.658880627297976,0.62964269313777,137.836425574744,0.389189286545338,0.808321848656525,0.882365492023406,222.39676577099,0.613896204808319,0.4375,0.9375,112
"UMass-gbqr_5src_nihflu_otid50","40",0.641732541824611,0.601311206071421,25.6574111860973,0.36864283374707,0.675215979301175,0.78701065860121,40.9349687451337,0.621358974303455,0.401785714285714,0.955357142857143,112
"UMass-gbqr_5src_nihflu_otid50","41",0.615687924192568,0.683038516230114,34.0710177000517,0.423428806923227,0.672277939964448,0.797746166761784,51.6633591899464,0.681519699393039,0.446428571428571,0.910714285714286,112
"UMass-gbqr_5src_nihflu_otid50","42",0.611471608429924,0.635723867295865,202.585011223638,0.26709686750902,0.781442746607422,0.852941594692452,333.962116663966,0.405537904052418,0.330357142857143,0.892857142857143,112
"UMass-gbqr_5src_nihflu_otid50","44",0.6769986340169,0.698393880461784,21.797442758335,0.418190740586138,0.832159704944295,0.824557363167995,31.5923487984209,0.6350620427675,0.330357142857143,0.776785714285714,112
"UMass-gbqr_5src_nihflu_otid50","45",0.76193961648751,0.675408628055679,80.0678921873673,0.43782144607808,0.9205945678624,0.844639990316383,123.104864668528,0.683449259932583,0.366071428571429,0.883928571428571,112
"UMass-gbqr_5src_nihflu_otid50","46",0.728494694468731,0.618170645150287,7.83603225379849,0.294753692590401,0.714097853875402,0.617347741639321,11.0238856192015,0.442721869486856,0.410714285714286,0.910714285714286,112
"UMass-gbqr_5src_nihflu_otid50","47",0.742577740688437,0.488582948968344,72.3179713299818,0.227683302735752,0.894545409212429,0.638516042100578,115.516162977137,0.346561847906532,0.491071428571429,0.946428571428571,112
"UMass-gbqr_5src_nihflu_otid50","48",0.684107920532256,0.449768423027354,172.104715677747,0.192597859270058,0.824293422484622,0.702453013123456,287.678404447133,0.295538039527716,0.428571428571429,0.982142857142857,112
"UMass-gbqr_5src_nihflu_otid50","49",0.666376548608933,0.806721151969115,20.79042059604,0.46286975601006,0.813325887174689,0.97209777988256,33.6077875521827,0.763207829491742,0.330357142857143,0.928571428571429,112
"UMass-gbqr_5src_nihflu_otid50","50",0.822285804416504,0.683821496875999,4.52674081117186,0.298424172327292,0.922018238802435,0.669997905951658,7.18680287923683,0.4661883423888,0.4375,0.919642857142857,112
"UMass-gbqr_5src_nihflu_otid50","51",0.63621746652108,0.57285311663018,75.6843680726401,0.327829100294355,0.804889424130191,0.800797991707216,123.63676475657,0.514531659922183,0.339285714285714,0.955357142857143,112
"UMass-gbqr_5src_nihflu_otid50","53",0.696036506952217,0.543550620739822,25.6865571918133,0.222788077547473,0.708680237215756,0.638481782889747,39.9455208709203,0.345548356703338,0.455357142857143,1,112
"UMass-gbqr_5src_nihflu_otid50","54",0.685567108269987,0.577200686144224,18.3466913261761,0.308322014908444,0.764307391460776,0.585690666444132,29.6988014967616,0.486090467423456,0.455357142857143,0.964285714285714,112
"UMass-gbqr_5src_nihflu_otid50","55",0.619596578840078,0.513672471797943,70.960630709147,0.299560408394722,0.768968848984429,0.532740715598836,109.955679611479,0.442364580274748,0.526785714285714,0.892857142857143,112
"UMass-gbqr_5src_nihflu_otid50","56",0.900717885917113,0.825075332137084,6.54320494114379,0.40261671386588,0.944134399761277,0.824831517858472,10.3770486259476,0.626225048871038,0.330357142857143,0.875,112
"UMass-gbqr_5src_utseirs_otid10","01",0.913429648380965,0.95653964671714,66.6334056795065,0.601064220962228,0.95691572474149,1.16787440474386,94.7346567494075,0.891409653194661,0.294642857142857,0.848214285714286,112
"UMass-gbqr_5src_utseirs_otid10","02",0.923803506577862,1.00163251002923,7.88264390156828,0.513619603859861,0.956568885554764,0.962292089124317,11.1201132945741,0.78952757970684,0.330357142857143,0.776785714285714,112
"UMass-gbqr_5src_utseirs_otid10","04",0.898449690825678,0.615177100799473,46.7357694689271,0.274213839975852,0.958095365593284,0.870601491755841,75.4329011946569,0.448309348469709,0.4375,0.946428571428571,112
"UMass-gbqr_5src_utseirs_otid10","05",0.809103766632235,0.8731835981106,27.130920270349,0.433775405045417,0.828942410901466,1.01983555640376,41.6173497901691,0.710890539624795,0.285714285714286,0.883928571428571,112
"UMass-gbqr_5src_utseirs_otid10","06",0.662738366513703,0.548364233323318,138.977362318966,0.224165824052198,0.687924336479346,0.780098513425159,218.072014663953,0.35226636961663,0.517857142857143,1,112
"UMass-gbqr_5src_utseirs_otid10","08",0.603027965641544,0.663565477862318,56.9541724389692,0.339294142457074,0.778976862999392,0.815975064563456,90.9942348091164,0.510280470899213,0.392857142857143,0.857142857142857,112
"UMass-gbqr_5src_utseirs_otid10","09",0.715030143378068,0.728010793668152,69.8559829283122,0.510545106776186,0.866383080952579,0.912674528762544,99.8893278958986,0.770504282203788,0.285714285714286,0.776785714285714,112
"UMass-gbqr_5src_utseirs_otid10","10",0.792686420433687,0.831448733269074,20.3665051244378,0.505884771548259,0.837971971984878,0.917782286991299,28.1468799875635,0.786300988693731,0.366071428571429,0.794642857142857,112
"UMass-gbqr_5src_utseirs_otid10","11",0.81039430946347,0.968801944471516,8.51781989959861,0.531670424889523,0.880794645070051,0.971587175377903,13.1411415349291,0.860244860440226,0.285714285714286,0.830357142857143,112
"UMass-gbqr_5src_utseirs_otid10","12",0.747884567863388,0.662480298187311,248.870795339785,0.282641710909718,0.837638716866367,0.949284025980848,371.298319085247,0.425033452017206,0.383928571428571,0.839285714285714,112
"UMass-gbqr_5src_utseirs_otid10","13",0.788204151129344,0.746047723597751,127.146163216077,0.429015152548823,0.903889474756921,0.930242785500228,185.620159994725,0.644814868187099,0.348214285714286,0.794642857142857,112
"UMass-gbqr_5src_utseirs_otid10","15",0.756601599715167,0.984465107983328,9.00874011278245,0.467084876011411,0.855540986258205,1.01382379555565,14.6053068368365,0.757846590504633,0.267857142857143,0.857142857142857,112
"UMass-gbqr_5src_utseirs_otid10","16",0.873457125012752,0.85515780018409,20.0287855480069,0.375306480037985,0.943197539978637,1.0585576446299,30.9823549069768,0.609744447004787,0.285714285714286,0.901785714285714,112
"UMass-gbqr_5src_utseirs_otid10","17",0.775716448181294,0.769687125118238,146.740931430371,0.434248900952277,0.884598671794248,0.958534368014318,216.165902217293,0.666025941532486,0.357142857142857,0.803571428571429,112
"UMass-gbqr_5src_utseirs_otid10","18",0.809675990244114,0.66685721745168,72.7106295144442,0.342554272725911,0.909121729412954,0.807958776918733,112.114190416533,0.489695669028631,0.366071428571429,0.830357142857143,112
"UMass-gbqr_5src_utseirs_otid10","19",0.783622481518494,0.682458355627572,29.4626995087897,0.358230380229317,0.858530332365068,0.753723437695949,43.4017744808126,0.583140472183644,0.455357142857143,0.883928571428571,112
"UMass-gbqr_5src_utseirs_otid10","20",0.806858349065993,0.705411957540565,29.5776855657264,0.375841144722856,0.895370996543857,0.904850475741214,44.8245105144768,0.631396371298603,0.348214285714286,0.883928571428571,112
"UMass-gbqr_5src_utseirs_otid10","21",0.925552511263707,0.935233919999918,55.099384167768,0.48464270469084,1.00176717456965,1.2610883693404,81.6529690771991,0.796687529112488,0.205357142857143,0.776785714285714,112
"UMass-gbqr_5src_utseirs_otid10","22",0.750737396660881,0.740782164423422,56.417137226748,0.332874785298599,0.860753620564834,0.99297518873927,86.3597181632771,0.512987122942708,0.3125,0.848214285714286,112
"UMass-gbqr_5src_utseirs_otid10","23",0.709513341119419,0.725609807245135,17.0491538782955,0.36567503114683,0.861308072704834,0.863335451666926,26.8082137629379,0.592649882270451,0.392857142857143,0.901785714285714,112
"UMass-gbqr_5src_utseirs_otid10","24",0.638087159773047,0.719177739923086,56.1754918155232,0.446009686538706,0.803771474206315,1.02391568548907,88.8311009618372,0.716840074188337,0.3125,0.875,112
"UMass-gbqr_5src_utseirs_otid10","25",0.728564019121159,0.597246156568171,99.2310783927197,0.390889310127354,0.884688443051295,0.788564587861128,149.148992693701,0.613305268054304,0.383928571428571,0.830357142857143,112
"UMass-gbqr_5src_utseirs_otid10","26",0.843218710101445,0.590867412494583,107.209010136458,0.328836544831201,0.971382363369149,0.761501333953184,162.359623591701,0.502694314309714,0.446428571428571,0.848214285714286,112
"UMass-gbqr_5src_utseirs_otid10","27",0.629953242588639,0.655416159162853,80.4572099679377,0.386633410848583,0.799074283528497,0.778407917864123,124.555703945004,0.595157936433248,0.348214285714286,0.803571428571429,112
"UMass-gbqr_5src_utseirs_otid10","28",0.895695556935815,0.791397383645701,31.1474270366712,0.389009711703614,0.923331588681247,0.955525676208988,47.5350887530006,0.602146043785829,0.321428571428571,0.8125,112
"UMass-gbqr_5src_utseirs_otid10","29",0.926370868036058,0.76595162818504,91.4922060493756,0.448576504455174,0.978358641001533,0.939134574764852,131.100057894205,0.692172301529949,0.3125,0.821428571428571,112
"UMass-gbqr_5src_utseirs_otid10","30",0.860914080896067,0.793518828084693,14.6107981215807,0.396953712657535,0.933734035533103,0.83619789688181,22.0261189453434,0.645983829595208,0.330357142857143,0.839285714285714,112
"UMass-gbqr_5src_utseirs_otid10","31",0.75230846980873,0.765802738388209,17.4908389915097,0.398433604392667,0.836300137196768,0.821165202653266,27.2618910795125,0.66608770268952,0.383928571428571,0.910714285714286,112
"UMass-gbqr_5src_utseirs_otid10","32",0.92398217511229,0.83808454651014,26.4147816181637,0.356439595736983,1.00607138276002,0.980141863393632,40.1620102885718,0.552126867785334,0.410714285714286,0.821428571428571,112
"UMass-gbqr_5src_utseirs_otid10","33",0.697780489460635,0.731365300988068,21.283653898595,0.408884746946767,0.841109216736525,0.862307237421991,31.5941649536657,0.657464832813623,0.294642857142857,0.794642857142857,112
"UMass-gbqr_5src_utseirs_otid10","34",0.647461913135115,0.619632626556944,132.928877214795,0.368364301535683,0.825477318897094,0.838668256395196,209.958681994835,0.56846093700427,0.392857142857143,0.785714285714286,112
"UMass-gbqr_5src_utseirs_otid10","35",0.752979759393703,0.732623986183325,34.6707454841599,0.403355545619687,0.867528753986589,0.913749518972279,51.6179608622021,0.638124505999956,0.339285714285714,0.821428571428571,112
"UMass-gbqr_5src_utseirs_otid10","36",0.576580299606414,0.59118726038239,286.734414840225,0.371142341552519,0.769321076499925,0.866055200694516,438.547358295872,0.535188507079553,0.303571428571429,0.732142857142857,112
"UMass-gbqr_5src_utseirs_otid10","37",0.7016363583677,0.656627766634601,207.321120902972,0.425049938515241,0.831096881054212,0.918777091603345,291.284615793768,0.661960236024922,0.357142857142857,0.839285714285714,112
"UMass-gbqr_5src_utseirs_otid10","38",0.696752438290122,0.754394895921805,13.0825223895232,0.389786862260534,0.814652902970883,0.84467092870936,19.7262381505092,0.60523575811323,0.392857142857143,0.830357142857143,112
"UMass-gbqr_5src_utseirs_otid10","39",0.757678103719751,0.769893644029005,158.504647467423,0.475879989239988,0.893518647546242,1.05223188089996,245.837295751227,0.732078899392937,0.375,0.8125,112
"UMass-gbqr_5src_utseirs_otid10","40",0.886107066132793,0.791367373489647,35.4278642096493,0.485159611450096,0.896029413956966,1.0388068873474,54.3217832211411,0.820156595043796,0.258928571428571,0.901785714285714,112
"UMass-gbqr_5src_utseirs_otid10","41",0.760665918885308,0.889905206797179,42.0938286554107,0.551669475491117,0.810861907761713,1.07137935476365,62.3132896437952,0.915286298094452,0.348214285714286,0.866071428571429,112
"UMass-gbqr_5src_utseirs_otid10","42",0.686814408296958,0.733294046733019,227.546631266594,0.30809059234872,0.870942255527716,1.04382450106715,372.211170186019,0.49629470880004,0.232142857142857,0.821428571428571,112
"UMass-gbqr_5src_utseirs_otid10","44",0.701474510310823,0.767578292938185,22.5854968040446,0.459617622321403,0.882070965789414,0.916174885513427,33.4871941655053,0.705624520883571,0.303571428571429,0.767857142857143,112
"UMass-gbqr_5src_utseirs_otid10","45",0.81949279895428,0.81517375074328,86.1158281511547,0.528421662872055,0.931396377795187,1.01096621049354,124.549317412844,0.818033856199306,0.3125,0.785714285714286,112
"UMass-gbqr_5src_utseirs_otid10","46",0.93421487120873,0.816100536227093,10.0488554252388,0.389129843781987,0.959379838411232,0.851050417119481,14.8104262554734,0.610318312162604,0.339285714285714,0.892857142857143,112
"UMass-gbqr_5src_utseirs_otid10","47",0.796106004733177,0.596636758987651,77.5309682357904,0.278037185101735,0.920679491303055,0.798372381478634,118.890959667108,0.433325695204993,0.392857142857143,0.866071428571429,112
"UMass-gbqr_5src_utseirs_otid10","48",0.684027947015018,0.553492532139805,172.084596309102,0.237014141843406,0.779070229967332,0.861411646183031,271.895510258599,0.362415569985652,0.401785714285714,0.928571428571429,112
"UMass-gbqr_5src_utseirs_otid10","49",0.673819453009909,0.831447187465318,21.0226333191249,0.477056732500373,0.816575108012922,0.980634072558736,33.7420499989625,0.769909794602779,0.339285714285714,0.848214285714286,112
"UMass-gbqr_5src_utseirs_otid10","50",0.981291084325983,0.915125318769043,5.40207598769093,0.399366672555663,1.02556565353765,0.922414147141526,7.99391799587831,0.641820994412053,0.410714285714286,0.883928571428571,112
"UMass-gbqr_5src_utseirs_otid10","51",0.687327537904253,0.716665447720467,81.7644172041659,0.410129197376656,0.831527482380625,1.0509900912611,127.728560775681,0.675286004483457,0.303571428571429,0.866071428571429,112
"UMass-gbqr_5src_utseirs_otid10","53",0.702548499630701,0.562732134767257,25.9268760123031,0.230650110027181,0.741260259090333,0.691604738583861,41.7819287110471,0.374298668043849,0.446428571428571,0.982142857142857,112
"UMass-gbqr_5src_utseirs_otid10","54",0.80636457612892,0.765325884433417,21.57939287947,0.408812436323296,0.860856967232587,0.810091325226775,33.4504421553234,0.672330452738625,0.419642857142857,0.910714285714286,112
"UMass-gbqr_5src_utseirs_otid10","55",0.698375417913187,0.638063282442167,79.9829466774299,0.372101889752889,0.826853512068321,0.712789062134569,118.232669605126,0.591868849260296,0.410714285714286,0.866071428571429,112
"UMass-gbqr_5src_utseirs_otid10","56",0.91721893580253,0.926806676711151,6.66307571625823,0.452259138083652,0.965273897950817,0.975212278111517,10.609394360513,0.74039648497623,0.258928571428571,0.946428571428571,112
"UMass-gbqr_5src_utseirs_otid50","01",0.968904105727726,1.03081575180119,70.6801891704837,0.647737361371696,1.00103160610351,1.27384169864797,99.1021290042476,0.972291868204548,0.267857142857143,0.803571428571429,112
"UMass-gbqr_5src_utseirs_otid50","02",0.956444627540769,1.04339607669843,8.1611645298908,0.53503522920511,0.972803966183769,0.980768092700298,11.3088461068863,0.804686505516231,0.294642857142857,0.776785714285714,112
"UMass-gbqr_5src_utseirs_otid50","04",0.932859458812875,0.668053935954855,48.5257049550766,0.297783572976128,0.982908661324851,0.939057425136218,77.3865051389512,0.483560189621782,0.357142857142857,0.955357142857143,112
"UMass-gbqr_5src_utseirs_otid50","05",0.839644487970573,0.925059741392882,28.1550137300524,0.459546153732357,0.843002098812053,1.03540091025476,42.3232214430373,0.721740585722038,0.276785714285714,0.848214285714286,112
"UMass-gbqr_5src_utseirs_otid50","06",0.704563624016263,0.614942376907817,147.74818993318,0.251382304474409,0.714164715838776,0.889021121643549,226.390214920892,0.401452172570924,0.455357142857143,1,112
"UMass-gbqr_5src_utseirs_otid50","08",0.639571043365564,0.678511813619032,60.4055559049587,0.34693649930449,0.800026815837168,0.828704350001919,93.4531324249792,0.518240892791792,0.383928571428571,0.857142857142857,112
"UMass-gbqr_5src_utseirs_otid50","09",0.779296323588844,0.772422171087903,76.1345674456897,0.541690265095336,0.920767743708821,0.953391218269944,106.159588165286,0.804878402039421,0.258928571428571,0.741071428571429,112
"UMass-gbqr_5src_utseirs_otid50","10",0.847254704866427,0.863350107130137,21.7685289460685,0.525294770724428,0.90501821973598,0.940626972198579,30.398915559346,0.805872949080727,0.339285714285714,0.776785714285714,112
"UMass-gbqr_5src_utseirs_otid50","11",0.852789316862101,0.996260327363294,8.96342154492948,0.546739356348795,0.902636157580027,0.996884827733646,13.4670091010377,0.882643442854374,0.276785714285714,0.821428571428571,112
"UMass-gbqr_5src_utseirs_otid50","12",0.788277935635229,0.738189800541416,262.312347680609,0.314942540588787,0.849984982924735,1.05975968819031,376.771021984655,0.474497943979197,0.357142857142857,0.821428571428571,112
"UMass-gbqr_5src_utseirs_otid50","13",0.846697523602526,0.833751756597607,136.581799748666,0.479449404817741,0.94126164879734,1.07513954731395,193.294802878025,0.745252719279285,0.3125,0.767857142857143,112
"UMass-gbqr_5src_utseirs_otid50","15",0.777152532299148,0.998901775038772,9.25343693974408,0.473934431965124,0.874085562804757,1.03241354657371,14.9218892507383,0.771742673324076,0.258928571428571,0.857142857142857,112
"UMass-gbqr_5src_utseirs_otid50","16",0.924744718559117,0.910795052912047,21.2048343579568,0.399724220805617,0.956969442419848,1.09914440753313,31.4347373094877,0.633123006904373,0.303571428571429,0.857142857142857,112
"UMass-gbqr_5src_utseirs_otid50","17",0.826780657140229,0.828974964062268,156.400659031813,0.467698439162139,0.939397812554228,1.0548571600511,229.55695296247,0.732954661459594,0.285714285714286,0.8125,112
"UMass-gbqr_5src_utseirs_otid50","18",0.850067435731817,0.701058315032899,76.33786740194,0.36012284932936,0.930441882402298,0.868566178900125,114.743422140541,0.526429204339121,0.321428571428571,0.830357142857143,112
"UMass-gbqr_5src_utseirs_otid50","19",0.839340081744289,0.72311743571285,31.5575742112387,0.379572807351231,0.900612699422267,0.794048359623295,45.5291884297221,0.614339042955657,0.392857142857143,0.883928571428571,112
"UMass-gbqr_5src_utseirs_otid50","20",0.869654909836457,0.795773834481692,31.8796719444109,0.423985652206493,0.934784609961092,1.00209260604494,46.7976545361772,0.699251038845549,0.3125,0.875,112
"UMass-gbqr_5src_utseirs_otid50","21",0.981214632984638,1.04437588991932,58.4130250373791,0.541200597177279,1.03782228716964,1.43114183787117,84.5917826747466,0.904118127121767,0.1875,0.794642857142857,112
"UMass-gbqr_5src_utseirs_otid50","22",0.79674300656955,0.79484456545901,59.8744111269985,0.357168040457428,0.877095554378252,1.04666108248113,87.9993102191823,0.540722128293859,0.267857142857143,0.803571428571429,112
"UMass-gbqr_5src_utseirs_otid50","23",0.778893514994977,0.763939550245101,18.7163152859176,0.38499151477951,0.935232613478952,0.893725242577093,29.1091150945324,0.613511421050493,0.348214285714286,0.883928571428571,112
"UMass-gbqr_5src_utseirs_otid50","24",0.678225282722365,0.764491089511165,59.709145114599,0.474111491869832,0.831452590887365,1.09163102599362,91.8903586607483,0.764247366018017,0.232142857142857,0.866071428571429,112
"UMass-gbqr_5src_utseirs_otid50","25",0.784850557770029,0.62973691171094,106.897355868045,0.412154057876005,0.944880736518824,0.804013573709443,159.296768454897,0.625320700338129,0.383928571428571,0.839285714285714,112
"UMass-gbqr_5src_utseirs_otid50","26",0.913049479572781,0.65643507197959,116.087474978857,0.365327036846474,1.04479174793071,0.865151247836598,174.629477868418,0.571117336128198,0.375,0.857142857142857,112
"UMass-gbqr_5src_utseirs_otid50","27",0.677583334429389,0.678518128110976,86.5404936800366,0.400261382827698,0.838008778711845,0.783009008221182,130.624618381709,0.598675854711577,0.357142857142857,0.785714285714286,112
"UMass-gbqr_5src_utseirs_otid50","28",0.953878088246884,0.841129646185175,33.1706994921247,0.413455500270323,0.961526561662763,1.00637948460803,49.5014478084597,0.634192717466451,0.330357142857143,0.767857142857143,112
"UMass-gbqr_5src_utseirs_otid50","29",0.986613626256149,0.862058942667413,97.4420292122525,0.504861368403087,1.01105736625874,1.03324960505146,135.481687078671,0.761538097308847,0.321428571428571,0.785714285714286,112
"UMass-gbqr_5src_utseirs_otid50","30",0.942545254517601,0.844664402911183,15.9961821275788,0.422539023421217,1.00463048811544,0.876850048310459,23.6985156214374,0.677388635274688,0.3125,0.839285714285714,112
"UMass-gbqr_5src_utseirs_otid50","31",0.815269766980445,0.819621471585668,18.954661287445,0.426434538284392,0.875758534156692,0.861934127331693,28.5481643589829,0.699157393529357,0.339285714285714,0.901785714285714,112
"UMass-gbqr_5src_utseirs_otid50","32",0.985819820760642,0.889847466656116,28.1825948396515,0.378454503908033,1.06909121383178,1.03175118123645,42.677739437874,0.581199078730831,0.366071428571429,0.8125,112
"UMass-gbqr_5src_utseirs_otid50","33",0.747337219002804,0.767171606541163,22.7952299541782,0.428902995235818,0.893407987302557,0.902535812511676,33.5586375230523,0.688137048293042,0.25,0.803571428571429,112
"UMass-gbqr_5src_utseirs_otid50","34",0.69634224193293,0.661237704204868,142.964382150555,0.393098030379619,0.853370344904083,0.892234621252835,217.053223350738,0.604768959546782,0.348214285714286,0.794642857142857,112
"UMass-gbqr_5src_utseirs_otid50","35",0.803100101581965,0.757320555750563,36.9785228259937,0.416952559204546,0.902797239706684,0.934499342655859,53.7164357625477,0.652615316350874,0.3125,0.830357142857143,112
"UMass-gbqr_5src_utseirs_otid50","36",0.594258257804963,0.638474871843102,295.525695088772,0.400829102448893,0.775675911820019,0.964047373695053,442.169898126331,0.595743867444091,0.294642857142857,0.714285714285714,112
"UMass-gbqr_5src_utseirs_otid50","37",0.752764300830796,0.724023262288285,222.428522642487,0.468676560384467,0.884289843694177,1.01376365378488,309.927799324743,0.730396125094774,0.303571428571429,0.830357142857143,112
"UMass-gbqr_5src_utseirs_otid50","38",0.750851201598516,0.819263209490145,14.0983039545858,0.423303547676386,0.88617524106405,0.927735315172547,21.4581004800509,0.664754246561831,0.366071428571429,0.821428571428571,112
"UMass-gbqr_5src_utseirs_otid50","39",0.832312969814564,0.815421583512109,174.118102681529,0.504021324759992,0.966359457084198,1.12735308676175,265.878273839728,0.784343662233361,0.321428571428571,0.785714285714286,112
"UMass-gbqr_5src_utseirs_otid50","40",0.93642681379693,0.878996583022643,37.4397217553622,0.538882009760801,0.905084951951742,1.11429091807049,54.8707752120743,0.879752585763608,0.223214285714286,0.857142857142857,112
"UMass-gbqr_5src_utseirs_otid50","41",0.82237209431883,0.959533339633999,45.5085329443654,0.594833303759703,0.844139670762038,1.11185514216269,64.8706263057934,0.94986502452427,0.285714285714286,0.866071428571429,112
"UMass-gbqr_5src_utseirs_otid50","42",0.761607849585789,0.810872111358437,252.326244799033,0.340684709252023,0.94751781999441,1.15267189576548,404.936968339575,0.548047073302142,0.1875,0.8125,112
"UMass-gbqr_5src_utseirs_otid50","44",0.746476897003659,0.80026712221373,24.0344464748959,0.479191341544995,0.929246214585257,0.939840562590362,35.2781687894332,0.723851479854881,0.25,0.741071428571429,112
"UMass-gbqr_5src_utseirs_otid50","45",0.877208363716818,0.858100669984671,92.180827945027,0.556248263062293,0.984241255992868,1.04144258422424,131.615904383975,0.84269413195049,0.285714285714286,0.785714285714286,112
"UMass-gbqr_5src_utseirs_otid50","46",1.00468111217681,0.874723133495936,10.8068235219488,0.417082039748896,1.02772885510259,0.902201818916194,15.8655642006462,0.647000788995158,0.330357142857143,0.883928571428571,112
"UMass-gbqr_5src_utseirs_otid50","47",0.878050576959974,0.653218229728963,85.5113653043197,0.304404572992021,0.993370120496626,0.861352150612562,128.277786185203,0.467508681586943,0.383928571428571,0.857142857142857,112
"UMass-gbqr_5src_utseirs_otid50","48",0.731177344405192,0.634841242568409,183.946224260873,0.271848929438035,0.821806424022384,1.00403684191685,286.810441983812,0.422421250005451,0.348214285714286,0.946428571428571,112
"UMass-gbqr_5src_utseirs_otid50","49",0.723963539066753,0.86078962460653,22.5870890937198,0.493892446659028,0.842872516487195,1.00706925301752,34.8286964848459,0.790664431757295,0.303571428571429,0.839285714285714,112
"UMass-gbqr_5src_utseirs_otid50","50",1.04083690114396,0.974113968744328,5.72987987008407,0.425109705095588,1.06921837947731,0.964009986897318,8.33417540431871,0.670763615596039,0.401785714285714,0.848214285714286,112
"UMass-gbqr_5src_utseirs_otid50","51",0.740907807018447,0.796839248073368,88.1383208180419,0.456010600608749,0.894297819791857,1.14519988552125,137.370532961599,0.735818026695772,0.3125,0.875,112
"UMass-gbqr_5src_utseirs_otid50","53",0.783890024693372,0.613065072056081,28.9287066845771,0.251280347410834,0.822911043728317,0.744727552852506,46.3842626701506,0.403048902844451,0.357142857142857,0.982142857142857,112
"UMass-gbqr_5src_utseirs_otid50","54",0.854566290311379,0.829100196802505,22.8693351197413,0.442878619820736,0.89796275814958,0.905944266177613,34.8922671738122,0.751883028082849,0.410714285714286,0.910714285714286,112
"UMass-gbqr_5src_utseirs_otid50","55",0.774652079028796,0.707723415494482,88.7186953338931,0.412725865246344,0.923993677685436,0.784912614522832,132.122845965467,0.651757091412567,0.366071428571429,0.839285714285714,112
"UMass-gbqr_5src_utseirs_otid50","56",0.971017204135566,0.977319858095514,7.05388964444317,0.476908343197088,1.01426477400811,1.02266774153316,11.147856578607,0.776425418469909,0.276785714285714,0.919642857142857,112
