"model_id","target_end_date","wis_scaled_relative_skill","wis_scaled_relative_skill__log","wis","wis__log","ae_median_scaled_relative_skill","ae_median_scaled_relative_skill__log","ae_median","ae_median__log","interval_coverage_50","interval_coverage_95","n"
"FluSight-baseline",2025-11-22,1,1,18.3335294117647,0.421042338426348,1,1,27.7647058823529,0.620646814517091,0.274509803921569,0.980392156862745,51
"FluSight-baseline",2025-11-29,1,1,31.200694799659,0.526987623370037,1,1,49.0294117647059,0.821825817082342,0.245098039215686,0.980392156862745,102
"FluSight-baseline",2025-12-06,1,1,51.0960414890594,0.621298796575123,1,1,79.0457516339869,0.974708352929582,0.163398692810458,0.980392156862745,153
"FluSight-baseline",2025-12-13,1,1,91.5514855072464,0.784903462572712,1,1,136.078431372549,1.21819483350029,0.112745098039216,0.892156862745098,204
"FluSight-baseline",2025-12-20,1,1,225.40041773231,1.05493302872684,1,1,294.245098039216,1.5158773924295,0.00490196078431373,0.5,204
"FluSight-baseline",2025-12-27,1,1,461.743520886615,1.31167842445915,1,1,541.093137254902,1.70707320209418,0,0.142156862745098,204
"FluSight-baseline",2026-01-03,1,1,421.797427536232,1.02151074262374,1,1,498.700980392157,1.30477452879518,0.0245098039215686,0.230392156862745,204
"FluSight-baseline",2026-01-10,1,1,177.178199062234,0.464738359869291,1,1,237.897058823529,0.634394177518382,0.0784313725490196,0.622549019607843,204
"FluSight-baseline",2026-01-17,1,1,188.930409207161,0.384448800714579,1,1,246.362745098039,0.501564414889641,0.0980392156862745,0.666666666666667,204
"FluSight-baseline",2026-01-24,1,1,211.643987638534,0.44837577609084,1,1,274.088235294118,0.577581961878063,0.0882352941176471,0.647058823529412,204
"FluSight-baseline",2026-01-31,1,1,175.58816283035,0.479732581177247,1,1,231.892156862745,0.623430005882321,0.132352941176471,0.740196078431373,204
"FluSight-baseline",2026-02-07,1,1,108.073855498721,0.373600689793569,1,1,157.009803921569,0.518757551503628,0.147058823529412,0.857843137254902,204
"FluSight-baseline",2026-02-14,1,1,82.9385038363171,0.318730655676058,1,1,123.299019607843,0.456917863936891,0.240196078431373,0.931372549019608,204
"FluSight-baseline",2026-02-21,1,1,42.4195076726343,0.229177511885896,1,1,61.7450980392157,0.302932060664449,0.46078431372549,0.980392156862745,204
"FluSight-baseline",2026-02-28,1,1,42.8310848252344,0.236881025814659,1,1,63.2941176470588,0.320465352664493,0.411764705882353,0.995098039215686,204
"FluSight-baseline",2026-03-07,1,1,49.4213810741688,0.281522267428235,1,1,73.5735294117647,0.380310954981247,0.348039215686274,0.990196078431373,204
"FluSight-baseline",2026-03-14,1,1,54.5960038363171,0.308391867362092,1,1,82.5392156862745,0.418388506561675,0.382352941176471,0.990196078431373,204
"FluSight-baseline",2026-03-21,1,1,49.3294096334186,0.347843480608851,1,1,77.3676470588235,0.49170299422579,0.343137254901961,0.995098039215686,204
"FluSight-baseline",2026-03-28,1,1,54.3711508951407,0.597596460052409,1,1,89.1617647058823,0.926476642778757,0.235294117647059,1,204
"FluSight-baseline",2026-04-04,1,1,39.926905370844,0.524641764551896,1,1,65.4460784313726,0.797327897215185,0.382352941176471,1,204
"FluSight-baseline",2026-04-11,1,1,28.9602664109122,0.502250676778049,1,1,45.7352941176471,0.731055161581413,0.607843137254902,1,204
"FluSight-baseline",2026-04-18,1,1,20.4116368286445,0.488156696643787,1,1,27.75,0.652066487557487,0.769607843137255,1,204
"FluSight-baseline",2026-04-25,1,1,15.2470034100597,0.482496979401995,1,1,14.4558823529412,0.496384249452567,0.852941176470588,1,204
"FluSight-baseline",2026-05-02,1,1,14.5357544757033,0.517389773340662,1,1,12.671568627451,0.570433035962565,0.877450980392157,1,204
"FluSight-baseline",2026-05-09,1,1,13.213452685422,0.505297597291484,1,1,9.34313725490196,0.480177021934319,0.911764705882353,1,204
"FluSight-baseline",2026-05-16,1,1,12.6183930093777,0.502449814701119,1,1,8.13235294117647,0.457778234978422,0.950980392156863,1,204
"FluSight-baseline",2026-05-23,1,1,12.3192497868713,0.510042161147499,1,1,7.87745098039216,0.485397585731241,0.96078431372549,1,204
"FluSight-baseline",2026-05-30,1,1,12.0584931798806,0.533776246653793,1,1,7.84313725490196,0.56281935610198,0.955882352941177,1,204
"FluSight-baseline",2026-06-06,1,1,13.5486956521739,0.602911486940482,1,1,7.15032679738562,0.642459654610025,0.986928104575163,1,153
"FluSight-baseline",2026-06-13,1,1,14.9472122762148,0.649412047993411,1,1,6.38235294117647,0.592508615536699,0.990196078431373,1,102
"FluSight-baseline",2026-06-20,1,1,16.2488491048593,0.68924579108008,1,1,6.33333333333333,0.692085278727841,1,1,51
"UMass-gbqr_1src",2025-11-22,0.60312142184758,0.600667349321994,11.057344326308,0.252906385374888,0.652188659183978,0.643291337264036,18.1078263020493,0.399256719279364,0.313725490196078,0.901960784313726,51
"UMass-gbqr_1src",2025-11-29,0.575328030986529,0.556418289237859,17.9506343044994,0.293225551845081,0.582192655206746,0.567261342870907,28.544563418519,0.466190016604109,0.254901960784314,0.92156862745098,102
"UMass-gbqr_1src",2025-12-06,0.537468008272912,0.419198610621717,27.4624876497548,0.260447592305236,0.488163399105482,0.392395085900017,38.5872428024947,0.382470767875267,0.333333333333333,0.869281045751634,153
"UMass-gbqr_1src",2025-12-13,0.523480780000295,0.375918068786542,47.925443043519,0.295059393834203,0.475093037362772,0.344459617780287,64.6499152803458,0.419618926729432,0.348039215686274,0.784313725490196,204
"UMass-gbqr_1src",2025-12-20,0.494957555934015,0.363527799243226,111.56363986729,0.383497482282059,0.506824777200569,0.350002981883703,149.130706256085,0.530561607520416,0.230392156862745,0.549019607843137,204
"UMass-gbqr_1src",2025-12-27,0.553099197736831,0.408040248139115,255.389970962567,0.535217589795037,0.584463761936479,0.403761043564928,316.249330558012,0.689249657519271,0.0980392156862745,0.294117647058824,204
"UMass-gbqr_1src",2026-01-03,0.470901402659211,0.333534150698844,198.625000264859,0.340708717970755,0.553686679269434,0.352346723076914,276.124089781745,0.459733029575206,0.235294117647059,0.568627450980392,204
"UMass-gbqr_1src",2026-01-10,0.423078012572275,0.324097727998454,74.9602003303846,0.150620646547365,0.469404366916833,0.343561140128532,111.669918288435,0.217953186919118,0.495098039215686,0.92156862745098,204
"UMass-gbqr_1src",2026-01-17,0.715828940607306,0.718672831934785,135.241854671267,0.276292908343478,0.841819991183199,0.833218258267145,207.3930839063,0.417912628183126,0.264705882352941,0.759803921568627,204
"UMass-gbqr_1src",2026-01-24,0.701632102057973,0.762850613438172,148.496215934756,0.342043735841714,0.823571414714441,0.874030721915118,225.731235697761,0.504824379105433,0.259803921568627,0.681372549019608,204
"UMass-gbqr_1src",2026-01-31,0.682673789547753,0.74436607859769,119.869436519123,0.357096660226455,0.768060541734342,0.818560272898496,178.107215623945,0.510315035748144,0.254901960784314,0.720588235294118,204
"UMass-gbqr_1src",2026-02-07,0.716704655348014,0.732464303708241,77.457035357342,0.273649169114565,0.7193188902324,0.770682882699453,112.940117912469,0.399797565214926,0.303921568627451,0.818627450980392,204
"UMass-gbqr_1src",2026-02-14,0.985501797353931,0.872255469286675,81.7360446005364,0.27801455764277,0.938184384232321,0.893420004250182,115.677214787233,0.408219559940481,0.323529411764706,0.82843137254902,204
"UMass-gbqr_1src",2026-02-21,1.26551167420067,1.07986021517809,53.6823821735638,0.247479677299084,1.27347163753497,1.21537700498972,78.6306311097573,0.368176660605721,0.284313725490196,0.808823529411765,204
"UMass-gbqr_1src",2026-02-28,0.660337055733757,0.731274432229837,28.2829524473781,0.173225037658636,0.702374539764257,0.833459221784245,44.4561767521377,0.267094803440562,0.372549019607843,0.946078431372549,204
"UMass-gbqr_1src",2026-03-07,0.603619072931054,0.758009759277598,29.8316882269621,0.21339662616456,0.617119876009542,0.84219923359436,45.4036873481726,0.320297594812745,0.387254901960784,0.877450980392157,204
"UMass-gbqr_1src",2026-03-14,0.597621643027397,0.745526550234107,32.6277535153899,0.229914324994715,0.57787572565054,0.813493493552187,47.6974091593323,0.340356327864939,0.299019607843137,0.823529411764706,204
"UMass-gbqr_1src",2026-03-21,0.48545292764698,0.649432761378029,23.9471063256402,0.225900952139151,0.455883159326765,0.683769043361877,35.2706073708546,0.336211285979939,0.299019607843137,0.838235294117647,204
"UMass-gbqr_1src",2026-03-28,0.530612504703605,0.771272220845305,28.8500125600883,0.460909548913914,0.461230368107062,0.676424587441739,41.1241135563693,0.626691580866028,0.151960784313725,0.53921568627451,204
"UMass-gbqr_1src",2026-04-04,0.50491885353565,0.711167084872175,20.1598472850729,0.373107954298565,0.430402038232416,0.641587572790067,28.1681255511813,0.511555670292099,0.28921568627451,0.681372549019608,204
"UMass-gbqr_1src",2026-04-11,0.438178749016009,0.625459832780561,12.6897733071038,0.314137624311522,0.406254953316817,0.613944264473569,18.5801897766956,0.448827123466706,0.367647058823529,0.774509803921569,204
"UMass-gbqr_1src",2026-04-18,0.403502533046122,0.599684842292578,8.23614716397557,0.292740171640896,0.449184084672266,0.660958626397479,12.4648583496554,0.430988969935825,0.431372549019608,0.823529411764706,204
"UMass-gbqr_1src",2026-04-25,0.541728359428175,0.655318886425778,8.25973414352742,0.316189383245517,0.862990532121741,0.940031178378298,12.475289604054,0.466616670941323,0.343137254901961,0.813725490196078,204
"UMass-gbqr_1src",2026-05-02,0.498574026300404,0.650768159276201,7.24714963426553,0.336700790425233,0.83383963490684,0.877433436054686,10.5660561580107,0.50051701878374,0.348039215686274,0.813725490196078,204
"UMass-gbqr_1src",2026-05-09,0.448385660438204,0.571717708716043,5.9247227090219,0.28888758454321,0.935338068439644,0.901763293012005,8.73899195316647,0.43300601252819,0.352941176470588,0.833333333333333,204
"UMass-gbqr_1src",2026-05-16,0.330065939244086,0.514790882318855,4.16490174039125,0.258656583430935,0.788782678440723,0.883757898982331,6.41465913496647,0.40456513114437,0.411764705882353,0.911764705882353,204
"UMass-gbqr_1src",2026-05-23,0.313431428851897,0.499463373328654,3.86124006308249,0.254747378346567,0.713045613584163,0.78585637337338,5.61698186779289,0.381452786366947,0.465686274509804,0.892156862745098,204
"UMass-gbqr_1src",2026-05-30,0.30075875742863,0.548888237752942,3.62669742524251,0.29298350338018,0.670694727588228,0.809675965798745,5.26035080461355,0.455701305722098,0.426470588235294,0.892156862745098,204
"UMass-gbqr_1src",2026-06-06,0.283404821602109,0.558245267309901,3.83976567424561,0.336572484191299,0.814688642958418,0.808788121742543,5.8252900352713,0.519613737347405,0.313725490196078,0.875816993464052,153
"UMass-gbqr_1src",2026-06-13,0.234316171201054,0.523911831659368,3.50237355069206,0.34023465556589,0.88250887674192,0.89705828884632,5.63248312508814,0.531514764780053,0.352941176470588,0.862745098039216,102
"UMass-gbqr_1src",2026-06-20,0.211349600494894,0.529832572180328,3.43418776681384,0.365184870352424,0.921370674623369,0.85310487293247,5.835347605948,0.590421323767547,0.254901960784314,0.862745098039216,51
"UMass-gbqr_2src_mobsgleam_otid10",2025-11-22,0.532409714487478,0.563689085529528,9.76094915966543,0.237336970716762,0.608589717106736,0.59738611198758,16.8973144984929,0.370765787441842,0.607843137254902,0.96078431372549,51
"UMass-gbqr_2src_mobsgleam_otid10",2025-11-29,0.527566838147028,0.469659913223732,16.4604519034465,0.247504961461952,0.555583734882655,0.486259928070193,27.2399437073349,0.399620962700687,0.46078431372549,0.970588235294118,102
"UMass-gbqr_2src_mobsgleam_otid10",2025-12-06,0.523998321521112,0.383340964261391,26.7742399766402,0.23816927977355,0.538246238590048,0.385473663463195,42.5460784935166,0.375724399611943,0.568627450980392,0.954248366013072,153
"UMass-gbqr_2src_mobsgleam_otid10",2025-12-13,0.531731818750972,0.386655135861527,48.6808378981213,0.303486954959235,0.573093229280063,0.400381817428125,77.9856276706595,0.4877430614184,0.465686274509804,0.92156862745098,204
"UMass-gbqr_2src_mobsgleam_otid10",2025-12-20,0.554646021261872,0.457059858847554,125.01744488599,0.482167541203512,0.667105361110582,0.516727586522278,196.29248238247,0.783295666453778,0.17156862745098,0.759803921568627,204
"UMass-gbqr_2src_mobsgleam_otid10",2025-12-27,0.581588244407209,0.503169206735111,268.54460367885,0.659996192326671,0.712023742635138,0.584706952267389,385.271160702424,0.998137569293823,0.0735294117647059,0.401960784313726,204
"UMass-gbqr_2src_mobsgleam_otid10",2026-01-03,0.515377236998455,0.455405600717992,217.384792776679,0.465201713384446,0.657724893632678,0.554220207652997,328.008049282943,0.723132410289206,0.25,0.647058823529412,204
"UMass-gbqr_2src_mobsgleam_otid10",2026-01-10,0.728141805554584,0.534630260968496,129.010853770084,0.24846319061899,0.943913204591909,0.67619057687242,224.554175157108,0.428971364860659,0.323529411764706,0.901960784313726,204
"UMass-gbqr_2src_mobsgleam_otid10",2026-01-17,1.24247148431003,1.10221414255121,234.740645958923,0.423744905234461,1.4914698620249,1.29205932402956,367.442609439447,0.648050978859593,0.127450980392157,0.553921568627451,204
"UMass-gbqr_2src_mobsgleam_otid10",2026-01-24,1.18345568415204,1.13011864625584,250.471280187426,0.50671782508969,1.39430883340949,1.28055482507067,382.163647604207,0.739625368156735,0.156862745098039,0.514705882352941,204
"UMass-gbqr_2src_mobsgleam_otid10",2026-01-31,1.06429659428921,0.989853261229515,186.87788369784,0.474864859996351,1.23925396087868,1.09512132489065,287.373273888857,0.682731494018435,0.196078431372549,0.607843137254902,204
"UMass-gbqr_2src_mobsgleam_otid10",2026-02-07,0.947972017468987,0.881766558851198,102.450990832775,0.329428594623709,0.992289965267265,0.937648512185148,155.799252879953,0.486412246352187,0.28921568627451,0.745098039215686,204
"UMass-gbqr_2src_mobsgleam_otid10",2026-02-14,0.900894849668128,0.856549576952951,74.7188709453184,0.273008608281264,0.842163743008517,0.869946886031063,103.837963862222,0.397494272903863,0.279411764705882,0.745098039215686,204
"UMass-gbqr_2src_mobsgleam_otid10",2026-02-21,1.3910479741548,1.1970013780901,59.0075702126621,0.274325797554677,1.33511967276197,1.30437723198805,82.4370950887735,0.39513768276993,0.225490196078431,0.676470588235294,204
"UMass-gbqr_2src_mobsgleam_otid10",2026-02-28,0.926458138453058,0.994514505578633,39.6812071151117,0.235581616269025,0.980063179690304,1.13704927131996,62.0322341968687,0.364384895730455,0.245098039215686,0.78921568627451,204
"UMass-gbqr_2src_mobsgleam_otid10",2026-03-07,0.755264562451687,1.03823776825367,37.3262177527402,0.292287050648404,0.741833950353053,1.13921077207726,54.579341964946,0.433254336653627,0.299019607843137,0.730392156862745,204
"UMass-gbqr_2src_mobsgleam_otid10",2026-03-14,0.598749316324159,0.889070773706816,32.689319971026,0.274182196120505,0.570451381595751,0.973667390242864,47.0846096240649,0.407371245291516,0.303921568627451,0.769607843137255,204
"UMass-gbqr_2src_mobsgleam_otid10",2026-03-21,0.418083557754417,0.649478607837824,20.6238150814646,0.225916899531299,0.409239869267501,0.689296258918808,31.6619257678871,0.338929034419013,0.362745098039216,0.852941176470588,204
"UMass-gbqr_2src_mobsgleam_otid10",2026-03-28,0.446151763693646,0.671224916407315,24.2577848659204,0.401121633943986,0.404244092593801,0.629972956013399,36.0431166675914,0.583655229328703,0.235294117647059,0.637254901960784,204
"UMass-gbqr_2src_mobsgleam_otid10",2026-04-04,0.382447075354022,0.596703197652556,15.2699281870161,0.313055418530195,0.35462078407012,0.579677137233311,23.2085396476479,0.462192752893954,0.392156862745098,0.808823529411765,204
"UMass-gbqr_2src_mobsgleam_otid10",2026-04-11,0.339670678361983,0.537461461415774,9.83695333733828,0.269940382738192,0.342668321055898,0.558995760247938,15.6720364482918,0.408656735831381,0.485294117647059,0.901960784313726,204
"UMass-gbqr_2src_mobsgleam_otid10",2026-04-18,0.358845352617528,0.575139769317265,7.32462101527586,0.280758329898386,0.403908806965332,0.65378736150202,11.208469393288,0.426312828424099,0.504901960784314,0.946078431372549,204
"UMass-gbqr_2src_mobsgleam_otid10",2026-04-25,0.569703085098498,0.707043043338616,8.68626488121832,0.341146132718076,0.907252233147717,1.01967922111507,13.1151315468266,0.506152704855584,0.387254901960784,0.926470588235294,204
"UMass-gbqr_2src_mobsgleam_otid10",2026-05-02,0.516042601987471,0.662887264387829,7.50106856149297,0.34297109147203,0.874569430420332,0.885518213038156,11.082166557042,0.505128842663501,0.450980392156863,0.936274509803922,204
"UMass-gbqr_2src_mobsgleam_otid10",2026-05-09,0.479748372473498,0.625872636145854,6.33913242058678,0.316251939254987,1.01632798949689,0.996743245244156,9.49569190186798,0.478613203134488,0.426470588235294,0.955882352941177,204
"UMass-gbqr_2src_mobsgleam_otid10",2026-05-16,0.360380327434121,0.572181471694439,4.54742060441194,0.287492474428285,0.853231372944607,0.968177434470197,6.93877866527012,0.443210557097704,0.411764705882353,0.96078431372549,204
"UMass-gbqr_2src_mobsgleam_otid10",2026-05-23,0.336016574853333,0.540510080246997,4.13947211814714,0.275682929451186,0.775616118660961,0.899548985730367,6.10987795435375,0.436638905920507,0.495098039215686,0.970588235294118,204
"UMass-gbqr_2src_mobsgleam_otid10",2026-05-30,0.301615667759837,0.533825548650582,3.63703047262714,0.284943397726609,0.706714502753415,0.812693456529609,5.54285884512483,0.457399607912287,0.519607843137255,0.985294117647059,204
"UMass-gbqr_2src_mobsgleam_otid10",2026-06-06,0.291357918185553,0.508337503162431,3.94751975934704,0.306482519899273,0.839134315638639,0.787252549437478,6.00008458371681,0.505778001002463,0.483660130718954,0.993464052287582,153
"UMass-gbqr_2src_mobsgleam_otid10",2026-06-13,0.248629898020891,0.491455291035148,3.71632386393191,0.319156987048333,0.949981987865406,0.873279964110624,6.06312033431744,0.517425902511124,0.480392156862745,1,102
"UMass-gbqr_2src_mobsgleam_otid10",2026-06-20,0.213740133805252,0.486556557930416,3.47303118185399,0.33535705967595,0.85457506069872,0.756430745612106,5.41230871775856,0.523514583415263,0.509803921568627,0.980392156862745,51
"UMass-gbqr_2src_mobsgleam_otid50",2025-11-22,0.60581155449771,0.587214367774326,11.1066639523707,0.247242110565252,0.727732955498269,0.633181281695221,20.2052914703049,0.392981945495988,0.666666666666667,0.980392156862745,51
"UMass-gbqr_2src_mobsgleam_otid50",2025-11-29,0.60655991340127,0.489850408603977,18.9250907357406,0.258145102637051,0.696861019765698,0.527592885332559,34.1666858808652,0.43358945407526,0.470588235294118,0.980392156862745,102
"UMass-gbqr_2src_mobsgleam_otid50",2025-12-06,0.598803467823017,0.42785425649322,30.5964868356775,0.265825334668782,0.660620474176661,0.453460860385531,52.219241926095,0.441992088344412,0.516339869281046,0.954248366013072,153
"UMass-gbqr_2src_mobsgleam_otid50",2025-12-13,0.595940546720864,0.433527985622732,54.5592423262956,0.340277617037455,0.655313593386922,0.460477574072372,89.1740458452008,0.560951401677713,0.362745098039216,0.92156862745098,204
"UMass-gbqr_2src_mobsgleam_otid50",2025-12-20,0.63868795942727,0.538463048129373,143.960532855503,0.568042454220606,0.731823197514196,0.588255787362569,215.335388499937,0.891723649028731,0.0980392156862745,0.740196078431373,204
"UMass-gbqr_2src_mobsgleam_otid50",2025-12-27,0.643732357977232,0.580491260993707,297.23924548105,0.761417862632532,0.746201455317385,0.643384216582526,403.764486481857,1.09830395477839,0.0588235294117647,0.397058823529412,204
"UMass-gbqr_2src_mobsgleam_otid50",2026-01-03,0.573926490603816,0.530209150601727,242.080717331587,0.541614343177073,0.682872795894989,0.607439404440678,340.549332795964,0.792571462700712,0.235294117647059,0.588235294117647,204
"UMass-gbqr_2src_mobsgleam_otid50",2026-01-10,0.973296441230477,0.686514523443402,172.446910610897,0.319049633651534,1.23680118109804,0.837872839399971,294.231363332691,0.531541650816136,0.191176470588235,0.877450980392157,204
"UMass-gbqr_2src_mobsgleam_otid50",2026-01-17,1.47365439428579,1.24130225552244,278.418127742345,0.477217163459902,1.78057393729261,1.44841404412762,438.667083041431,0.726472942560807,0.102941176470588,0.563725490196078,204
"UMass-gbqr_2src_mobsgleam_otid50",2026-01-24,1.37438057602921,1.23620532567805,290.879385643766,0.554284522308526,1.62278881607027,1.38980283494289,444.787322851731,0.802725048030008,0.132352941176471,0.553921568627451,204
"UMass-gbqr_2src_mobsgleam_otid50",2026-01-31,1.16709000299431,1.0391366854784,204.927189483438,0.498507724320522,1.34688123381848,1.13521439628956,312.331194348122,0.707726717756497,0.17156862745098,0.617647058823529,204
"UMass-gbqr_2src_mobsgleam_otid50",2026-02-07,0.972275876423862,0.908366194526223,105.077602573525,0.339366236860156,1.01435778191385,0.956308709511394,159.264116444612,0.496092364627725,0.235294117647059,0.740196078431373,204
"UMass-gbqr_2src_mobsgleam_otid50",2026-02-14,0.93192783895117,0.899412024017157,77.2927006460223,0.286670184137919,0.87051043326804,0.903711369613285,107.333082980348,0.412921868619184,0.215686274509804,0.735294117647059,204
"UMass-gbqr_2src_mobsgleam_otid50",2026-02-21,1.49965569908485,1.32736083544261,63.6146564336395,0.304201253641522,1.42447511826159,1.44368256081627,87.9543558314855,0.4373377330934,0.176470588235294,0.661764705882353,204
"UMass-gbqr_2src_mobsgleam_otid50",2026-02-28,1.00700308630204,1.11850825825411,43.1310346086755,0.264953383597401,1.02951717118668,1.26683654514938,65.1623809527569,0.405977220209564,0.235294117647059,0.764705882352941,204
"UMass-gbqr_2src_mobsgleam_otid50",2026-03-07,0.813265561415457,1.17204049240598,40.1927072252111,0.329955496939836,0.777672120642473,1.28117737779122,57.2160826407984,0.487245792048148,0.225490196078431,0.691176470588235,204
"UMass-gbqr_2src_mobsgleam_otid50",2026-03-14,0.625247754801569,0.981462536527143,34.1360288197951,0.302675064385541,0.586842165324273,1.09060375189465,48.4374920575005,0.456296075005762,0.284313725490196,0.769607843137255,204
"UMass-gbqr_2src_mobsgleam_otid50",2026-03-21,0.424485132045225,0.694591324099412,20.9396009619547,0.24160906377545,0.408703807498619,0.739459567335268,31.6204519301505,0.363594483367658,0.367647058823529,0.848039215686274,204
"UMass-gbqr_2src_mobsgleam_otid50",2026-03-28,0.419137743705457,0.639152977297925,22.7890015088582,0.381955556665198,0.37295287657497,0.598647866955289,33.2531366275594,0.5546332659834,0.269607843137255,0.725490196078431,204
"UMass-gbqr_2src_mobsgleam_otid50",2026-04-04,0.362180302892547,0.58109414087726,14.4607386807743,0.304866255440613,0.332948875596902,0.561409374150709,21.7901982259522,0.447627355768478,0.411764705882353,0.838235294117647,204
"UMass-gbqr_2src_mobsgleam_otid50",2026-04-11,0.333877809009442,0.539879768367062,9.66919029760509,0.271154979041133,0.329658836792709,0.551370290254752,15.077043859196,0.403082096633378,0.514705882352941,0.916666666666667,204
"UMass-gbqr_2src_mobsgleam_otid50",2026-04-18,0.383689816999656,0.616044666096912,7.83173719944605,0.300726329186893,0.444392511857259,0.70224472722155,12.331892204039,0.457910252685121,0.495098039215686,0.955882352941177,204
"UMass-gbqr_2src_mobsgleam_otid50",2026-04-25,0.620563989892183,0.812655570842995,9.46174127004636,0.392103858225949,1.04352483884642,1.24460233219305,15.0850723027357,0.617800994532561,0.416666666666667,0.936274509803922,204
"UMass-gbqr_2src_mobsgleam_otid50",2026-05-02,0.563262418424654,0.750213350894882,8.18744421961164,0.388152715576641,1.01209961821195,1.0658864396372,12.8248897699897,0.608016837753579,0.490196078431373,0.955882352941177,204
"UMass-gbqr_2src_mobsgleam_otid50",2026-05-09,0.532514196463946,0.731503368558661,7.03635113929186,0.369626894543319,1.19951868586475,1.24089217427633,11.207267721854,0.595847908785611,0.465686274509804,0.970588235294118,204
"UMass-gbqr_2src_mobsgleam_otid50",2026-05-16,0.409918786698748,0.669907764658526,5.17251635249206,0.336595032219518,0.999058757152674,1.18157986016752,8.12469842213866,0.540901542873538,0.480392156862745,0.975490196078431,204
"UMass-gbqr_2src_mobsgleam_otid50",2026-05-23,0.37556495549455,0.605911043847676,4.62667849793255,0.309040178267206,0.915626721434782,1.06057022339961,7.21280461443968,0.514798225936612,0.588235294117647,0.970588235294118,204
"UMass-gbqr_2src_mobsgleam_otid50",2026-05-30,0.321878949049899,0.552535639739164,3.88137511186536,0.294930399922423,0.760239314964007,0.846932050524574,5.96266129383535,0.47666975133837,0.617647058823529,0.995098039215686,204
"UMass-gbqr_2src_mobsgleam_otid50",2026-06-06,0.310704564574288,0.514721378962634,4.20964158315824,0.310331431950417,0.891549330334481,0.768112955780035,6.37486906788184,0.493481584271926,0.620915032679739,1,153
"UMass-gbqr_2src_mobsgleam_otid50",2026-06-13,0.250141979283412,0.494219099889052,3.73892526354169,0.320951837816409,0.888959727811419,0.861854179964685,5.67365473338465,0.510656026965392,0.53921568627451,1,102
"UMass-gbqr_2src_mobsgleam_otid50",2026-06-20,0.221717972826217,0.48757943945513,3.60266188428851,0.336062076461633,0.843132905306089,0.733485649073042,5.33984173360523,0.507634619881587,0.607843137254902,1,51
"UMass-gbqr_2src_nihflu_otid10",2025-11-22,0.542755540764049,0.566950181321929,9.95062466999595,0.238710030115027,0.610108742661499,0.623271849819218,16.9394897962487,0.386831688168472,0.352941176470588,0.92156862745098,51
"UMass-gbqr_2src_nihflu_otid10",2025-11-29,0.520410045465993,0.503861935996615,16.2371549992611,0.265529004157482,0.545472953395217,0.540229955278975,26.7442180385243,0.443974924409501,0.392156862745098,0.950980392156863,102
"UMass-gbqr_2src_nihflu_otid10",2025-12-06,0.50701134006742,0.379316477145861,25.9062724675085,0.235668870771839,0.502685464252576,0.39092319238179,39.7351503573245,0.381036100968429,0.464052287581699,0.954248366013072,153
"UMass-gbqr_2src_nihflu_otid10",2025-12-13,0.481833161755809,0.324503044000999,44.1125417253977,0.254703562851769,0.480249391979733,0.322656276762335,65.3515839282225,0.393058209348318,0.495098039215686,0.931372549019608,204
"UMass-gbqr_2src_nihflu_otid10",2025-12-20,0.454755717660002,0.336131379158718,102.502128726721,0.354596093866037,0.535511302334119,0.364242707497789,157.571575656411,0.552147285653209,0.230392156862745,0.803921568627451,204
"UMass-gbqr_2src_nihflu_otid10",2025-12-27,0.455227788262444,0.35599251615127,210.198481757728,0.466947702704547,0.604098608479294,0.421702903723713,326.873611273382,0.719877726192055,0.117647058823529,0.607843137254902,204
"UMass-gbqr_2src_nihflu_otid10",2026-01-03,0.376152830549567,0.297000965940082,158.660296286279,0.303389677277421,0.516022347260305,0.366320587221485,257.340850482976,0.477965771579887,0.377450980392157,0.857843137254902,204
"UMass-gbqr_2src_nihflu_otid10",2026-01-10,0.731117975589525,0.446140344774648,129.538166216978,0.20733853210209,0.869358291504951,0.522970061485192,206.817780612876,0.331769162022636,0.436274509803922,0.980392156862745,204
"UMass-gbqr_2src_nihflu_otid10",2026-01-17,1.25706835597847,1.09158105464079,237.498438896385,0.419657027339409,1.50689211184324,1.28713096537575,371.242077240281,0.645579089535025,0.156862745098039,0.720588235294118,204
"UMass-gbqr_2src_nihflu_otid10",2026-01-24,1.07445490191659,1.0420546840453,227.401919979397,0.467232077687908,1.27079052559047,1.20432746517195,348.308732587576,0.695597820077647,0.21078431372549,0.686274509803922,204
"UMass-gbqr_2src_nihflu_otid10",2026-01-31,0.910143190551277,0.876511848963974,159.810370741451,0.420491291735928,1.06291008501626,1.01950145297107,246.480512165585,0.635587796822791,0.274509803921569,0.794117647058823,204
"UMass-gbqr_2src_nihflu_otid10",2026-02-07,0.909165067782171,0.826932024959784,98.2569741599755,0.308942374937368,0.997210268388037,0.934450418776178,156.571788708181,0.48475321124587,0.406862745098039,0.926470588235294,204
"UMass-gbqr_2src_nihflu_otid10",2026-02-14,0.882371574908276,0.808941955622954,73.1825782505872,0.257834599919577,0.94453728065588,0.897323433209442,116.460520687928,0.410003106362576,0.465686274509804,0.936274509803922,204
"UMass-gbqr_2src_nihflu_otid10",2026-02-21,0.970674849938687,0.815083528904173,41.1755492446072,0.186798815133434,0.955753417217167,0.897333193567269,59.0130884473894,0.271830993429943,0.637254901960784,0.985294117647059,204
"UMass-gbqr_2src_nihflu_otid10",2026-02-28,0.801596612805748,0.729157534079564,34.3332525187036,0.172723584653255,0.824223707411038,0.831828921829192,52.1685123043693,0.266572348790517,0.607843137254902,0.995098039215686,204
"UMass-gbqr_2src_nihflu_otid10",2026-03-07,0.680591191690919,0.70881423766397,33.6357566402796,0.199546991372576,0.737716380286008,0.800231075075329,54.2763978025132,0.304336644367568,0.598039215686274,0.970588235294118,204
"UMass-gbqr_2src_nihflu_otid10",2026-03-14,0.570963844537766,0.667695635672826,31.1723442467822,0.205911903914662,0.603990785336313,0.751388165704192,49.8529257033962,0.314372172497093,0.529411764705882,0.980392156862745,204
"UMass-gbqr_2src_nihflu_otid10",2026-03-21,0.456395953232804,0.599259228642149,22.5137429320555,0.20844841587786,0.441339445661906,0.649315338655475,34.1453944651071,0.31927029621363,0.480392156862745,0.975490196078431,204
"UMass-gbqr_2src_nihflu_otid10",2026-03-28,0.41852106755021,0.628133429966409,22.7554721165678,0.375370314188504,0.393554253527583,0.625438506134357,35.0899917520255,0.579454167427921,0.279411764705882,0.882352941176471,204
"UMass-gbqr_2src_nihflu_otid10",2026-04-04,0.355795107943384,0.568374262554831,14.2057976062647,0.298192876032649,0.330810410021935,0.5743529030659,21.6502440402101,0.457947592460971,0.411764705882353,0.931372549019608,204
"UMass-gbqr_2src_nihflu_otid10",2026-04-11,0.313569669649936,0.547665219976719,9.08106117144388,0.275065227381106,0.302832390339233,0.579206120904901,13.8501284405149,0.423431624307075,0.529411764705882,0.980392156862745,204
"UMass-gbqr_2src_nihflu_otid10",2026-04-18,0.380122323431406,0.653844967925646,7.75891881634241,0.319178799659746,0.417397906752801,0.71707813747151,11.5827919123902,0.467582622405312,0.46078431372549,0.970588235294118,204
"UMass-gbqr_2src_nihflu_otid10",2026-04-25,0.65847836018964,0.945239051108398,10.039821803262,0.45607498697261,1.05913519159424,1.412501193519,15.3107337255461,0.701143344795783,0.32843137254902,0.906862745098039,204
"UMass-gbqr_2src_nihflu_otid10",2026-05-02,0.598816709973473,0.855814752925667,8.70425267212286,0.442789801037805,1.01505095468808,1.17531503348355,12.8622878326896,0.670438522762465,0.343137254901961,0.92156862745098,204
"UMass-gbqr_2src_nihflu_otid10",2026-05-09,0.556774721309587,0.770201490274637,7.35691643646325,0.389180962466095,1.18196091703236,1.27009582343751,11.0432230777632,0.609870830069439,0.367647058823529,0.931372549019608,204
"UMass-gbqr_2src_nihflu_otid10",2026-05-16,0.41286110188153,0.677721518818063,5.20964364182586,0.340521051549097,0.944502458819085,1.10040484852514,7.68102734892579,0.503741389319535,0.436274509803922,0.936274509803922,204
"UMass-gbqr_2src_nihflu_otid10",2026-05-23,0.38145883352684,0.586359364372334,4.69928665362568,0.299067997413539,0.857709333243584,0.907466365105063,6.75656322805117,0.440481982754303,0.446078431372549,0.936274509803922,204
"UMass-gbqr_2src_nihflu_otid10",2026-05-30,0.335822500254952,0.592276513359282,4.04951332897481,0.316143134282112,0.771572279733219,0.848393444995774,6.05154729202524,0.477492252433662,0.470588235294118,0.931372549019608,204
"UMass-gbqr_2src_nihflu_otid10",2026-06-06,0.310136629968509,0.584890798913923,4.20194681003421,0.352637381271,0.892329467607937,0.868299626147714,6.38044730433387,0.557847477912874,0.294117647058824,0.954248366013072,153
"UMass-gbqr_2src_nihflu_otid10",2026-06-13,0.240036711873579,0.500256057745829,3.58787968645901,0.324872310981829,0.885151890853394,0.850565456153632,5.64935177397607,0.503967360848929,0.372549019607843,0.941176470588235,102
"UMass-gbqr_2src_nihflu_otid10",2026-06-20,0.221649216503313,0.535297144384113,3.60154467317263,0.368951303743936,0.899394087242952,0.85992180392872,5.6961625525387,0.595139221356156,0.352941176470588,0.941176470588235,51
"UMass-gbqr_2src_nihflu_otid50",2025-11-22,0.559360226738726,0.584999075224484,10.2550471686858,0.246309378609768,0.619704645139136,0.643855693928743,17.205917206216,0.399606985445566,0.333333333333333,0.92156862745098,51
"UMass-gbqr_2src_nihflu_otid50",2025-11-29,0.531545899102059,0.520659360985973,16.5846013698937,0.27438103923136,0.549616993600286,0.550961135084291,26.9473978921081,0.452794085021262,0.401960784313726,0.950980392156863,102
"UMass-gbqr_2src_nihflu_otid50",2025-12-06,0.513180325372704,0.396048334819141,26.2214831966127,0.246064353808714,0.506393211469305,0.403024042288355,40.0282320229398,0.392830900449904,0.464052287581699,0.973856209150327,153
"UMass-gbqr_2src_nihflu_otid50",2025-12-13,0.488973528690015,0.342919814932439,44.766252925291,0.269158950125265,0.497482971228145,0.346582173777505,67.6967023592809,0.422204613479058,0.450980392156863,0.965686274509804,204
"UMass-gbqr_2src_nihflu_otid50",2025-12-20,0.459400278108495,0.351223792584612,103.549014591994,0.370517579272212,0.558206852744602,0.388499801784746,164.249630111997,0.588918066488837,0.215686274509804,0.838235294117647,204
"UMass-gbqr_2src_nihflu_otid50",2025-12-27,0.452453077812675,0.364166238855917,208.91727718521,0.477668998423745,0.610964498900954,0.435647337453892,330.588697461686,0.743681895331222,0.122549019607843,0.651960784313726,204
"UMass-gbqr_2src_nihflu_otid50",2026-01-03,0.372923840684747,0.302345466544104,157.298316667758,0.308849142058389,0.512885256274371,0.374214207515068,255.776380132711,0.488265166278935,0.362745098039216,0.872549019607843,204
"UMass-gbqr_2src_nihflu_otid50",2026-01-10,0.832486142078317,0.487078043962687,147.498395397703,0.226363851279562,0.999522583909335,0.577520227264399,237.783482939725,0.366375469575627,0.382352941176471,0.970588235294118,204
"UMass-gbqr_2src_nihflu_otid50",2026-01-17,1.36994366576836,1.15579001633584,258.824017364374,0.444342085658196,1.63598050303337,1.35709670468346,403.044647654171,0.680671414633222,0.127450980392157,0.730392156862745,204
"UMass-gbqr_2src_nihflu_otid50",2026-01-24,1.14558930927096,1.08637067798928,242.45708961018,0.487102295865774,1.35581693142781,1.25433220754849,371.613470116934,0.724479657282701,0.215686274509804,0.676470588235294,204
"UMass-gbqr_2src_nihflu_otid50",2026-01-31,0.940084943713065,0.892053495873103,165.06778817105,0.42794712612339,1.11958563486201,1.05257642112279,259.623127660697,0.656207724412174,0.274509803921569,0.808823529411765,204
"UMass-gbqr_2src_nihflu_otid50",2026-02-07,0.929195322998825,0.838822778946116,100.421721067863,0.313384768828827,1.02064077357216,0.956900222625706,160.250607732923,0.496399216522588,0.377450980392157,0.931372549019608,204
"UMass-gbqr_2src_nihflu_otid50",2026-02-14,0.86764459431983,0.809531588698694,71.961144514555,0.258022534056416,0.910148544755442,0.892102618744605,112.220423265851,0.407617622969291,0.416666666666667,0.96078431372549,204
"UMass-gbqr_2src_nihflu_otid50",2026-02-21,0.985714571140767,0.816773639718187,41.8135268135332,0.187186150524602,0.962680299379312,0.907788677171035,59.4407894655971,0.274998294623276,0.622549019607843,0.980392156862745,204
"UMass-gbqr_2src_nihflu_otid50",2026-02-28,0.913151683791887,0.795777557282217,39.111277226796,0.188504604089295,0.963575927823981,0.926355150830599,60.9886881375649,0.296864730103498,0.514705882352941,0.995098039215686,204
"UMass-gbqr_2src_nihflu_otid50",2026-03-07,0.735077207882117,0.740087386189001,36.3285308096781,0.208351079054963,0.804193323242872,0.858203856977806,59.1673411203543,0.326384328415818,0.5,0.975490196078431,204
"UMass-gbqr_2src_nihflu_otid50",2026-03-14,0.570640337867282,0.673841344829882,31.1546820753594,0.207807190637871,0.608000547887092,0.762029580317509,50.1838883594257,0.318824418064863,0.524509803921569,0.980392156862745,204
"UMass-gbqr_2src_nihflu_otid50",2026-03-21,0.44903841979322,0.596713122316921,22.1508001511227,0.207562769391693,0.426157177102435,0.637873390548364,32.9707780696457,0.313644256069587,0.470588235294118,0.965686274509804,204
"UMass-gbqr_2src_nihflu_otid50",2026-03-28,0.405712479924527,0.616959936381192,22.0590544660182,0.36869307397556,0.370877215317367,0.609309012865515,33.0680670069,0.564510568654481,0.269607843137255,0.955882352941177,204
"UMass-gbqr_2src_nihflu_otid50",2026-04-04,0.344658707709946,0.565766414950617,13.7611556079724,0.296824690263891,0.32081277369769,0.583534342518539,20.9959379492052,0.465268210273153,0.485294117647059,0.96078431372549,204
"UMass-gbqr_2src_nihflu_otid50",2026-04-11,0.322330925585884,0.587357510473449,9.33478947744311,0.29500070714596,0.313843599734652,0.623968913444295,14.3537293408054,0.456155694839798,0.558823529411765,0.975490196078431,204
"UMass-gbqr_2src_nihflu_otid50",2026-04-18,0.414922532321627,0.740915838490295,8.46924804177057,0.361683028208484,0.467208560032826,0.806633303454532,12.9650375409109,0.525978544930489,0.470588235294118,0.96078431372549,204
"UMass-gbqr_2src_nihflu_otid50",2026-04-25,0.71834086779441,1.1041983701337,10.9525456608466,0.532772378250117,1.16870489219775,1.69014428281393,16.8946604269175,0.838961001291138,0.308823529411765,0.911764705882353,204
"UMass-gbqr_2src_nihflu_otid50",2026-05-02,0.649773271296001,0.975974405965298,9.44494473643324,0.504959176688673,1.11841593856532,1.35547419655306,14.1720843195655,0.773207261108682,0.348039215686274,0.92156862745098,204
"UMass-gbqr_2src_nihflu_otid50",2026-05-09,0.644001514407235,0.953130789337001,8.50948353996012,0.481614697756522,1.40921978895674,1.59852389484043,13.1665339105468,0.767574443315328,0.382352941176471,0.911764705882353,204
"UMass-gbqr_2src_nihflu_otid50",2026-05-16,0.515235781622019,0.899894424337146,6.50144758500052,0.452151786758769,1.23552085812606,1.52374818214141,10.0476916844664,0.697538753372273,0.441176470588235,0.901960784313726,204
"UMass-gbqr_2src_nihflu_otid50",2026-05-23,0.483320817453132,0.763166972833127,5.95414987739995,0.389247332140203,1.1620950861135,1.19311994035973,9.15434707541367,0.579137538538415,0.455882352941176,0.92156862745098,204
"UMass-gbqr_2src_nihflu_otid50",2026-05-30,0.399439968517556,0.695482108314664,4.81664413614069,0.371231829391068,0.963781712720997,0.998654766520431,7.55907225663527,0.562062232661202,0.524509803921569,0.92156862745098,204
"UMass-gbqr_2src_nihflu_otid50",2026-06-06,0.35874464973207,0.64864707205667,4.86052207606555,0.391076770713277,1.00423473125274,0.909276582938482,7.18060650974179,0.584173519419641,0.496732026143791,0.947712418300654,153
"UMass-gbqr_2src_nihflu_otid50",2026-06-13,0.264190673593164,0.521097025232333,3.94891407959321,0.338406686359404,0.937886662652917,0.823080629658127,5.98592369987303,0.487682364353811,0.53921568627451,0.96078431372549,102
"UMass-gbqr_2src_nihflu_otid50",2026-06-20,0.254137939490451,0.574482663030414,4.12944903060021,0.395959757542189,1.04425481046597,0.879294078230077,6.61361379961779,0.608546487215602,0.509803921568627,0.941176470588235,51
"UMass-gbqr_2src_utseirs_otid10",2025-11-22,0.574487933506126,0.66776317105333,10.5323914256385,0.281156567055288,0.650465990989085,0.753183967266159,18.0599969262852,0.467461230029087,0.392156862745098,0.92156862745098,51
"UMass-gbqr_2src_utseirs_otid10",2025-11-29,0.554101654443437,0.636269332384121,17.2883566082758,0.335306063296348,0.578785188458812,0.687729623010111,28.37749732826,0.565193959362015,0.333333333333333,0.911764705882353,102
"UMass-gbqr_2src_utseirs_otid10",2025-12-06,0.558419883549228,0.569722461273631,28.5330455381471,0.353967879571124,0.578599551185047,0.624870153928865,45.7358364185095,0.609066158530858,0.274509803921569,0.895424836601307,153
"UMass-gbqr_2src_utseirs_otid10",2025-12-13,0.585192531198067,0.554998834641287,53.5752455389286,0.435620507033766,0.613045422765837,0.604357460967611,83.4222594900962,0.7362251365381,0.225490196078431,0.838235294117647,204
"UMass-gbqr_2src_utseirs_otid10",2025-12-20,0.643091803935119,0.596594014594621,144.953161247201,0.629366730736608,0.7176166517941,0.648166614279743,211.155182061729,0.982541117114232,0.0735294117647059,0.593137254901961,204
"UMass-gbqr_2src_utseirs_otid10",2025-12-27,0.696162455340563,0.635270300145666,321.448503238023,0.83327034640076,0.8133505117969,0.711988965390856,440.098380116065,1.21541728300549,0.0245098039215686,0.338235294117647,204
"UMass-gbqr_2src_utseirs_otid10",2026-01-03,0.644995537152221,0.60075999234717,272.057458343157,0.61368278592119,0.789788856561949,0.707689398212708,393.868477070245,0.923375101086332,0.161764705882353,0.627450980392157,204
"UMass-gbqr_2src_utseirs_otid10",2026-01-10,0.821234904869149,0.656623047201986,145.504921451761,0.305157918009027,1.04163490149532,0.80309415770499,247.801879433673,0.509478257647075,0.318627450980392,0.901960784313726,204
"UMass-gbqr_2src_utseirs_otid10",2026-01-17,1.12490365035493,0.979369334888418,212.528506980186,0.376517366254487,1.39884052446936,1.19429011224064,344.622191562654,0.59901342135446,0.235294117647059,0.75,204
"UMass-gbqr_2src_utseirs_otid10",2026-01-24,1.04869652034546,0.971019847827177,221.950313388568,0.435381777869119,1.27067989547444,1.14705052070547,348.278410174303,0.662515690122318,0.25,0.740196078431373,204
"UMass-gbqr_2src_utseirs_otid10",2026-01-31,0.862583352882594,0.881271311888313,151.459426220698,0.422774561169639,0.990264766391457,0.989036497451653,229.634632543697,0.616595029424114,0.245098039215686,0.740196078431373,204
"UMass-gbqr_2src_utseirs_otid10",2026-02-07,0.798888638752513,0.898872087602959,86.3389753041092,0.33581923196465,0.817777167853019,0.960826143220777,128.399032776138,0.498435817477885,0.259803921568627,0.78921568627451,204
"UMass-gbqr_2src_utseirs_otid10",2026-02-14,1.10880461748708,1.11942844987664,91.9625960211787,0.356796163811614,1.0235880758774,1.11712385434772,126.207406237962,0.510433845281506,0.21078431372549,0.691176470588235,204
"UMass-gbqr_2src_utseirs_otid10",2026-02-21,1.63889259350177,1.59065631185974,69.5210169446719,0.364542655817611,1.53860144977763,1.7272141518864,95.001097359799,0.523228542239745,0.200980392156863,0.715686274509804,204
"UMass-gbqr_2src_utseirs_otid10",2026-02-28,0.901921007779595,1.04731943826483,38.6302551898688,0.248090102891807,0.925420956749023,1.18450090598051,58.5737029095264,0.379591500566454,0.348039215686274,0.857843137254902,204
"UMass-gbqr_2src_utseirs_otid10",2026-03-07,0.770893870898826,1.10095974116634,38.098639761432,0.309944682680349,0.783871254511048,1.22031126256627,57.6721747988055,0.46409774164095,0.348039215686274,0.769607843137255,204
"UMass-gbqr_2src_utseirs_otid10",2026-03-14,0.617355425655189,0.958494926824486,33.7051391874419,0.295592040340495,0.627149771916122,1.08058344412391,51.7644502917827,0.452103693402276,0.357843137254902,0.838235294117647,204
"UMass-gbqr_2src_utseirs_otid10",2026-03-21,0.444698190261938,0.700812013780835,21.936699190671,0.243772890126023,0.44398756936862,0.772481202340563,34.3502735654163,0.379831320173993,0.436274509803922,0.897058823529412,204
"UMass-gbqr_2src_utseirs_otid10",2026-03-28,0.439087052231502,0.659781130224464,23.8736683729815,0.394282867831517,0.400316216773119,0.627708775173963,35.6929003278738,0.581557518665939,0.274509803921569,0.715686274509804,204
"UMass-gbqr_2src_utseirs_otid10",2026-04-04,0.401833894835562,0.633873884436446,16.0439838938972,0.332556713234101,0.368590346401676,0.632447838792702,24.1227927196509,0.504268305402873,0.382352941176471,0.843137254901961,204
"UMass-gbqr_2src_utseirs_otid10",2026-04-11,0.411296796147492,0.675074417630074,11.911264790386,0.339056583130252,0.412170052110165,0.746466731086789,18.8507185597443,0.545708356709802,0.397058823529412,0.906862745098039,204
"UMass-gbqr_2src_utseirs_otid10",2026-04-18,0.456548537262426,0.83378344889434,9.31890293724951,0.407016974128525,0.554608253463111,1.07205715619041,15.3903790336013,0.699052544297946,0.411764705882353,0.936274509803922,204
"UMass-gbqr_2src_utseirs_otid10",2026-04-25,0.760000626321729,1.20394623304939,11.5877321411749,0.580900420808743,1.32628149192979,2.06905762704354,19.1725692142204,1.02704761727412,0.269607843137255,0.833333333333333,204
"UMass-gbqr_2src_utseirs_otid10",2026-05-02,0.729237866139324,1.13961666817147,10.600022576587,0.589626009640477,1.31474820274744,1.76563382291917,16.659922078932,1.00717586200597,0.348039215686274,0.813725490196078,204
"UMass-gbqr_2src_utseirs_otid10",2026-05-09,0.685041822642672,1.05179661998209,9.05176771102419,0.531470304916256,1.53108552060381,1.85584393916674,14.3051421679944,0.891133615883943,0.377450980392157,0.882352941176471,204
"UMass-gbqr_2src_utseirs_otid10",2026-05-16,0.527528000722375,0.967164325457847,6.65655563656619,0.485951536111828,1.28110207152592,1.75384070742464,10.418374199321,0.80287010347816,0.450980392156863,0.906862745098039,204
"UMass-gbqr_2src_utseirs_otid10",2026-05-23,0.461466338637618,0.811107457014807,5.68491909390974,0.413699000298685,1.0924259406943,1.37510541312715,8.60553179752812,0.66747284765788,0.524509803921569,0.950980392156863,204
"UMass-gbqr_2src_utseirs_otid10",2026-05-30,0.379633756320395,0.727449865685239,4.57781106144196,0.388295458934273,0.862517624108149,1.06315659645513,6.76484411065215,0.598365111052449,0.617647058823529,0.931372549019608,204
"UMass-gbqr_2src_utseirs_otid10",2026-06-06,0.341237822832758,0.666227633518715,4.62332740657149,0.401676293165607,1.03645602452823,1.05517494952456,7.41099928649596,0.677907333624702,0.588235294117647,0.967320261437909,153
"UMass-gbqr_2src_utseirs_otid10",2026-06-13,0.251276714116193,0.562079222691743,3.75588638596448,0.36502101914279,0.89682637559041,0.928934141970191,5.72386245597409,0.550401482383529,0.686274509803922,0.980392156862745,102
"UMass-gbqr_2src_utseirs_otid10",2026-06-20,0.241056328112581,0.60654891231576,3.91688790127279,0.418061284897838,1.08923281947099,1.00543887170728,6.89847452331624,0.695849441769341,0.666666666666667,0.980392156862745,51
"UMass-gbqr_2src_utseirs_otid50",2025-11-22,0.593513513394015,0.686301367363721,10.881197454089,0.288961932580021,0.644700891084098,0.783353466230434,17.8999306230408,0.486185833456841,0.313725490196078,0.941176470588235,51
"UMass-gbqr_2src_utseirs_otid50",2025-11-29,0.567112125987614,0.6546262918943,17.6942923601253,0.344979953760917,0.575432886974714,0.711419072577513,28.2131359584367,0.584662560608976,0.254901960784314,0.941176470588235,102
"UMass-gbqr_2src_utseirs_otid50",2025-12-06,0.575492696288993,0.601720140972835,29.4053986862331,0.373847999461435,0.581455108879409,0.654131433295399,45.9615561227946,0.637587371946825,0.215686274509804,0.915032679738562,153
"UMass-gbqr_2src_utseirs_otid50",2025-12-13,0.611374796663012,0.593928757080009,55.9722708361894,0.466176737953606,0.614906230436066,0.627466652495138,83.675475278947,0.764376634263302,0.137254901960784,0.823529411764706,204
"UMass-gbqr_2src_utseirs_otid50",2025-12-20,0.684230536951053,0.649918973616245,154.22584885397,0.685620991264024,0.720226845569239,0.662953971651599,211.923218784996,1.004956937848,0.0588235294117647,0.563725490196078,204
"UMass-gbqr_2src_utseirs_otid50",2025-12-27,0.742759357836248,0.694745495739663,342.964321058791,0.911282677251894,0.816372310932441,0.720739870015369,441.733454890469,1.23035571778408,0.0196078431372549,0.299019607843137,204
"UMass-gbqr_2src_utseirs_otid50",2026-01-03,0.690259306551489,0.658269015653078,291.149599836361,0.672428871025973,0.792973069234086,0.715415824630163,395.456447051616,0.933456345474437,0.127450980392157,0.602941176470588,204
"UMass-gbqr_2src_utseirs_otid50",2026-01-10,0.932590398543212,0.737808041832915,165.234687276617,0.342887699259802,1.08610640272309,0.833948393808384,258.381518777227,0.529052005382846,0.181372549019608,0.872549019607843,204
"UMass-gbqr_2src_utseirs_otid50",2026-01-17,1.26831104005072,1.07676639664742,239.622523798743,0.413961549840859,1.45931842049441,1.22848078680649,359.521692045137,0.616162247037765,0.17156862745098,0.720588235294118,204
"UMass-gbqr_2src_utseirs_otid50",2026-01-24,1.17039924790565,1.05035164828558,247.707963955892,0.47095223546834,1.33453394813681,1.1792406433488,365.780054784909,0.68110812431175,0.181372549019608,0.700980392156863,204
"UMass-gbqr_2src_utseirs_otid50",2026-01-31,0.940968866586026,0.930276766498172,165.222994564396,0.446284074401391,1.04114350877532,1.00508131319148,241.433013853556,0.626597848995178,0.166666666666667,0.681372549019608,204
"UMass-gbqr_2src_utseirs_otid50",2026-02-07,0.820958335176603,0.929615444293302,88.724132486347,0.347304971230732,0.812138337440852,0.952193192257314,127.513681118777,0.493957408973827,0.200980392156863,0.720588235294118,204
"UMass-gbqr_2src_utseirs_otid50",2026-02-14,1.1399437519311,1.15123817199908,94.5452292427233,0.366934897400573,1.0052375939255,1.09912310486393,123.944809803961,0.502208981278109,0.186274509803922,0.617647058823529,204
"UMass-gbqr_2src_utseirs_otid50",2026-02-21,1.68770998219931,1.62495151203791,71.5918265390849,0.372402344464074,1.51520215358217,1.6996054298202,93.5563055221621,0.514864975171919,0.186274509803922,0.598039215686274,204
"UMass-gbqr_2src_utseirs_otid50",2026-02-28,0.964123892097314,1.08948145418304,41.2944722044553,0.258077484472926,0.954814412741463,1.20559394024921,60.4341357711655,0.386351087232138,0.284313725490196,0.799019607843137,204
"UMass-gbqr_2src_utseirs_otid50",2026-03-07,0.834224215783072,1.16240115191312,41.2285128695148,0.327241807947773,0.825265998236233,1.25754918466761,60.7177321937629,0.478259731356827,0.308823529411765,0.715686274509804,204
"UMass-gbqr_2src_utseirs_otid50",2026-03-14,0.65475127580179,1.00400459337197,35.746803165508,0.3096268513901,0.645013659115682,1.1026848319746,53.2389215303424,0.461350660058066,0.318627450980392,0.779411764705882,204
"UMass-gbqr_2src_utseirs_otid50",2026-03-21,0.456052082546373,0.72250793900724,22.4967799941037,0.251319676271805,0.450062610335585,0.780791828387672,34.8202851908164,0.383917679885247,0.372549019607843,0.867647058823529,204
"UMass-gbqr_2src_utseirs_otid50",2026-03-28,0.450237661512153,0.670749670709663,24.4799398327525,0.400837628797414,0.399345119290666,0.629569066946217,35.6063155626369,0.583281035541685,0.245098039215686,0.705882352941177,204
"UMass-gbqr_2src_utseirs_otid50",2026-04-04,0.411615986238307,0.646068875350671,16.4345525316635,0.338954714786035,0.375496142176762,0.643286892457615,24.5747499715782,0.512910585269321,0.32843137254902,0.833333333333333,204
"UMass-gbqr_2src_utseirs_otid50",2026-04-11,0.425117283530811,0.695046798614093,12.3115097869356,0.349087724996345,0.418755792649369,0.759837980438801,19.1519193402873,0.555483477565382,0.357843137254902,0.897058823529412,204
"UMass-gbqr_2src_utseirs_otid50",2026-04-18,0.475132896849788,0.879529486869667,9.69824013583969,0.429348208911102,0.563326331310228,1.10126941597002,15.6323056938588,0.718100879926055,0.367647058823529,0.92156862745098,204
"UMass-gbqr_2src_utseirs_otid50",2026-04-25,0.815437275213715,1.30246178507229,12.4329749158733,0.628433877083909,1.34322251443874,2.1184384797428,19.4174666425482,1.05155949477857,0.225490196078431,0.803921568627451,204
"UMass-gbqr_2src_utseirs_otid50",2026-05-02,0.783984353424189,1.22826551144668,11.395804074167,0.635492014569549,1.33204315334101,1.80490926250681,16.8790762322868,1.02957987024871,0.308823529411765,0.799019607843137,204
"UMass-gbqr_2src_utseirs_otid50",2026-05-09,0.739317238961215,1.14413301743806,9.76893335653084,0.578127664693307,1.58292903141173,1.93465654075704,14.7895232052488,0.928977616206467,0.348039215686274,0.857843137254902,204
"UMass-gbqr_2src_utseirs_otid50",2026-05-16,0.572892577989825,1.06503811752087,7.22898370123116,0.535128204797991,1.34034302208987,1.87763264872465,10.9001425178779,0.859539359871028,0.446078431372549,0.892156862745098,204
"UMass-gbqr_2src_utseirs_otid50",2026-05-23,0.49201833022972,0.88301891321714,6.06129670981924,0.450376874831386,1.16194990809225,1.48515633492184,9.15320344266786,0.720891299404521,0.5,0.955882352941177,204
"UMass-gbqr_2src_utseirs_otid50",2026-05-30,0.398859955635693,0.768302673190968,4.8096500547605,0.410101717189951,0.915487684044558,1.12556854793451,7.18029556113379,0.633491765397144,0.622549019607843,0.941176470588235,204
"UMass-gbqr_2src_utseirs_otid50",2026-06-06,0.358558639578457,0.699433968624354,4.85800188110603,0.421696774039992,1.10452761787326,1.10970897860747,7.89773342453171,0.712943247113797,0.594771241830065,0.973856209150327,153
"UMass-gbqr_2src_utseirs_otid50",2026-06-13,0.264765295004271,0.590664980723828,3.95750306780348,0.383584954809849,0.984761821071894,1.0241290732115,6.2850975050765,0.606805299299427,0.696078431372549,0.980392156862745,102
"UMass-gbqr_2src_utseirs_otid50",2026-06-20,0.259812130474761,0.641820628632352,4.22164810369642,0.44237216691322,1.18157229641374,1.08911959452681,7.48329121062034,0.753763638146038,0.607843137254902,1,51
"UMass-gbqr_4src",2025-11-22,0.576085669283752,0.597056830987208,10.5616835615098,0.251386204292279,0.62247557275906,0.635212435090273,17.2828511966045,0.394242574380423,0.372549019607843,0.92156862745098,51
"UMass-gbqr_4src",2025-11-29,0.522783604837377,0.524429778774999,16.3112117007965,0.276368002741111,0.527901320952905,0.537412460259895,25.8826912361321,0.44165943426332,0.303921568627451,0.931372549019608,102
"UMass-gbqr_4src",2025-12-06,0.487168939520156,0.379067315857389,24.892404345903,0.235514067163158,0.458719535276922,0.366421240643353,36.2598304551575,0.357153843945896,0.496732026143791,0.915032679738562,153
"UMass-gbqr_4src",2025-12-13,0.479973937287011,0.328610388138266,43.9423269633878,0.257927431487088,0.47125949593282,0.31170004441591,64.1282529759563,0.379711383709274,0.470588235294118,0.897058823529412,204
"UMass-gbqr_4src",2025-12-20,0.410653085195227,0.302318367623881,92.5613769460661,0.318925631197215,0.439469358423892,0.306157000784438,129.311704454669,0.464096476023149,0.372549019607843,0.740196078431373,204
"UMass-gbqr_4src",2025-12-27,0.465641092432545,0.342805668594161,215.006757489294,0.449650799277255,0.551769434605872,0.371526707332961,298.558654412255,0.634223285950387,0.112745098039216,0.436274509803922,204
"UMass-gbqr_4src",2026-01-03,0.459188995066587,0.331219437010011,193.684736872034,0.338344213071513,0.584280709084627,0.382690519194376,291.381362444728,0.499324841856225,0.21078431372549,0.696078431372549,204
"UMass-gbqr_4src",2026-01-10,0.432702211335412,0.330060001174742,76.6653985346543,0.153391543604406,0.475747825714914,0.352275698989749,113.179008479267,0.223481652320315,0.598039215686274,0.970588235294118,204
"UMass-gbqr_4src",2026-01-17,0.863287368283175,0.84699955630215,163.101235753114,0.325627963626142,1.04904987938312,1.00970985808526,258.446808029592,0.506434534178838,0.200980392156863,0.764705882352941,204
"UMass-gbqr_4src",2026-01-24,0.818256659394438,0.867147211368981,173.179102306024,0.388807803882574,0.984491102541627,1.0168584494855,269.837428958395,0.587319098206121,0.225490196078431,0.740196078431373,204
"UMass-gbqr_4src",2026-01-31,0.788898549237972,0.794327166319946,138.521246920224,0.381064621797876,0.958523192370041,0.935672372221704,222.274010481653,0.583326232518103,0.28921568627451,0.813725490196078,204
"UMass-gbqr_4src",2026-02-07,0.826274741880424,0.767603066723191,89.2986970562281,0.286777035215443,0.888014653534523,0.862113867620981,139.427006630935,0.447228079084383,0.382352941176471,0.882352941176471,204
"UMass-gbqr_4src",2026-02-14,0.872078501002944,0.806555419960288,72.3288861010024,0.257073937843021,0.850590551906345,0.860044749505172,104.876981137747,0.392969809834042,0.397058823529412,0.867647058823529,204
"UMass-gbqr_4src",2026-02-21,1.20323858777866,1.02903107404899,51.0407885062866,0.23583078120382,1.24425955333193,1.20794051278816,76.8269281067107,0.365923908698988,0.377450980392157,0.872549019607843,204
"UMass-gbqr_4src",2026-02-28,0.71732446848162,0.760262756584607,30.7237851567525,0.180091821668442,0.775481886067803,0.897143370641925,49.0834417299386,0.287503366663376,0.392156862745098,0.980392156862745,204
"UMass-gbqr_4src",2026-03-07,0.599296637352414,0.770699151688703,29.6180674910616,0.21696897268842,0.615981986699472,0.877214069590063,45.3199688155509,0.333614120528783,0.372549019607843,0.926470588235294,204
"UMass-gbqr_4src",2026-03-14,0.543414440557386,0.701080413315994,29.6682568813812,0.216207497833507,0.542866447599565,0.793160323110934,44.8077708072622,0.331849163050359,0.348039215686274,0.941176470588235,204
"UMass-gbqr_4src",2026-03-21,0.418824359243147,0.593082803737299,20.6603583815593,0.206299986741238,0.40711081221483,0.649342453176741,31.4972056332679,0.319283628504923,0.392156862745098,0.911764705882353,204
"UMass-gbqr_4src",2026-03-28,0.469908914937635,0.704002948954269,25.549488521046,0.420709670161528,0.4088525105603,0.639972024986813,36.4540113459868,0.592919133182105,0.220588235294118,0.607843137254902,204
"UMass-gbqr_4src",2026-04-04,0.404986252699016,0.614866541338689,16.1698477880063,0.322584667211851,0.34694847546047,0.582616146694795,22.7064171366311,0.464536107127775,0.377450980392157,0.769607843137255,204
"UMass-gbqr_4src",2026-04-11,0.363109337678919,0.56091752824626,10.5157431554714,0.281721208178355,0.346467026306813,0.576646948868942,15.8457713502087,0.421560728380813,0.446078431372549,0.857843137254902,204
"UMass-gbqr_4src",2026-04-18,0.383504533257413,0.60826721663968,7.82795525498912,0.296929715151537,0.42770989054217,0.692302759779356,11.8689494625452,0.451427428895679,0.475490196078431,0.887254901960784,204
"UMass-gbqr_4src",2026-04-25,0.591593641925506,0.772826323702562,9.02003027580781,0.372886366788835,0.94621071221785,1.14300525648938,13.6783107369139,0.567369806362822,0.32843137254902,0.857843137254902,204
"UMass-gbqr_4src",2026-05-02,0.532143590483458,0.733619618444234,7.73510857708676,0.379567288105125,0.907961771075398,1.01798913669895,11.5052998932838,0.580694633824094,0.397058823529412,0.857843137254902,204
"UMass-gbqr_4src",2026-05-09,0.474407205968117,0.634746274030977,6.26855716968296,0.320735767157575,1.00403709899458,1.01737151324849,9.38085642491994,0.488518423432471,0.42156862745098,0.916666666666667,204
"UMass-gbqr_4src",2026-05-16,0.341662038948485,0.56909530830923,4.31122588383729,0.285941832207249,0.80532768576621,0.945359697657545,6.54920897395168,0.432765093813406,0.485294117647059,0.946078431372549,204
"UMass-gbqr_4src",2026-05-23,0.320806140752107,0.526242320494192,3.95209098108738,0.268405770432133,0.738371822587501,0.854664552604428,5.81648783773585,0.414852110444261,0.519607843137255,0.955882352941177,204
"UMass-gbqr_4src",2026-05-30,0.300349696970928,0.548962075040446,3.62176477250316,0.293022915970367,0.668889451359801,0.813939288048296,5.24619177537099,0.458100786005446,0.470588235294118,0.950980392156863,204
"UMass-gbqr_4src",2026-06-06,0.275521910362681,0.539756364331661,3.73296250900951,0.325425312204791,0.828235777815968,0.836663691452394,5.92215647667104,0.537522666235253,0.352941176470588,0.973856209150327,153
"UMass-gbqr_4src",2026-06-13,0.213901845024318,0.48610163468587,3.19723628385249,0.315680258114296,0.802715456720792,0.852343072158767,5.12321335612976,0.505020613647087,0.441176470588235,0.950980392156863,102
"UMass-gbqr_4src",2026-06-20,0.183026563881658,0.484919358880174,2.97397101869396,0.334228627121411,0.75032849849876,0.802504429914772,4.75208049049215,0.555401502057892,0.411764705882353,0.96078431372549,51
"UMass-gbqr_5src_mobsgleam_otid10",2025-11-22,0.537336655322874,0.565906300607045,9.85127737438118,0.238270512137794,0.583612205972482,0.583498818996438,16.2038212481772,0.362146683284624,0.529411764705882,0.96078431372549,51
"UMass-gbqr_5src_mobsgleam_otid10",2025-11-29,0.534502821782825,0.481679030589572,16.6768594120024,0.253838887557582,0.539921495797374,0.487400886509533,26.4720333380654,0.400558631802354,0.401960784313726,0.980392156862745,102
"UMass-gbqr_5src_mobsgleam_otid10",2025-12-06,0.527060708173633,0.398319435108025,26.930715812093,0.247475385685099,0.537523175125096,0.39284840260225,42.4889233984504,0.382912619451456,0.535947712418301,0.954248366013072,153
"UMass-gbqr_5src_mobsgleam_otid10",2025-12-13,0.535122163964023,0.396953185638672,48.9912290387585,0.311569929887062,0.568712534549682,0.40094526378557,77.3895096034273,0.488429448859995,0.455882352941176,0.926470588235294,204
"UMass-gbqr_5src_mobsgleam_otid10",2025-12-20,0.548253484024012,0.456398627364453,123.576564322207,0.481469986272355,0.662997126884095,0.513225957228723,195.083654599729,0.77798762577101,0.156862745098039,0.759803921568627,204
"UMass-gbqr_5src_mobsgleam_otid10",2025-12-27,0.579754838279811,0.501040154854986,267.69804027837,0.657203560910958,0.716758680749942,0.582405073131848,387.833203221671,0.994208093107082,0.0735294117647059,0.416666666666667,204
"UMass-gbqr_5src_mobsgleam_otid10",2026-01-03,0.526976182999092,0.4616085169334,222.277198361879,0.47153805893408,0.68212815139199,0.563209984908475,340.177977852275,0.734862042671697,0.21078431372549,0.647058823529412,204
"UMass-gbqr_5src_mobsgleam_otid10",2026-01-10,0.628087642059054,0.491118095017636,111.283437273268,0.228241417980626,0.79823085530286,0.604723767434438,189.896772738741,0.383633237067388,0.42156862745098,0.931372549019608,204
"UMass-gbqr_5src_mobsgleam_otid10",2026-01-17,1.06763686912636,0.988307635685209,201.709070568696,0.379953685276239,1.285254794652,1.16790604762745,316.638899360884,0.585780113424337,0.156862745098039,0.627450980392157,204
"UMass-gbqr_5src_mobsgleam_otid10",2026-01-24,1.02064766352406,1.0151168986354,216.013941482185,0.455153827248572,1.20507448465086,1.16386017509625,330.296738895924,0.672224643283838,0.225490196078431,0.583333333333333,204
"UMass-gbqr_5src_mobsgleam_otid10",2026-01-31,0.931012624505425,0.910130705398769,163.47479630877,0.43661935250962,1.08991433605397,1.02627874096578,252.742586183182,0.639812961517199,0.245098039215686,0.661764705882353,204
"UMass-gbqr_5src_mobsgleam_otid10",2026-02-07,0.860062016379733,0.835135106735367,92.9502180781621,0.312007051947159,0.904873532515623,0.904504311812755,142.074015914095,0.469218442120459,0.338235294117647,0.803921568627451,204
"UMass-gbqr_5src_mobsgleam_otid10",2026-02-14,0.906674963638688,0.863283019561016,75.19826495004,0.27515476285869,0.863141641577862,0.886826067055068,106.424518189255,0.405206672242356,0.308823529411765,0.799019607843137,204
"UMass-gbqr_5src_mobsgleam_otid10",2026-02-21,1.4013245908567,1.24154416663781,59.443499233697,0.284534003006501,1.37507067272649,1.39588933045497,84.9038734983474,0.422859631334243,0.230392156862745,0.725490196078431,204
"UMass-gbqr_5src_mobsgleam_otid10",2026-02-28,0.885170627673443,0.984448089591688,37.9128182386872,0.233197073323761,0.945030685945347,1.14355303917202,59.8148834163055,0.366469127988816,0.259803921568627,0.857843137254902,204
"UMass-gbqr_5src_mobsgleam_otid10",2026-03-07,0.715455873911753,1.00962938041586,35.3588173863452,0.284233152436837,0.708580626436316,1.13246748140163,52.132777559719,0.430689789337063,0.323529411764706,0.794117647058823,204
"UMass-gbqr_5src_mobsgleam_otid10",2026-03-14,0.570724926234625,0.861932882285734,31.1593002621874,0.265813091108888,0.541979612341458,0.964040896241488,44.734572120615,0.403343630842855,0.348039215686274,0.794117647058823,204
"UMass-gbqr_5src_mobsgleam_otid10",2026-03-21,0.40526770992743,0.63164253028235,19.9916168742076,0.219712736233994,0.399184503792579,0.681125396794069,30.8839658007759,0.334911397046873,0.397058823529412,0.872549019607843,204
"UMass-gbqr_5src_mobsgleam_otid10",2026-03-28,0.443404711316326,0.669095699253806,24.1084244665962,0.399849221310366,0.396175302578656,0.625938386403017,35.3236891107999,0.57991729482102,0.230392156862745,0.637254901960784,204
"UMass-gbqr_5src_mobsgleam_otid10",2026-04-04,0.378885799893225,0.593436814659634,15.1277374786933,0.311341737593087,0.341395442243652,0.574519071214518,22.3429928891911,0.458080082961493,0.397058823529412,0.818627450980392,204
"UMass-gbqr_5src_mobsgleam_otid10",2026-04-11,0.334479466451023,0.535684231642862,9.6866144574014,0.269047767881957,0.331055581549853,0.558491611099474,15.1409243914712,0.408288174994189,0.480392156862745,0.911764705882353,204
"UMass-gbqr_5src_mobsgleam_otid10",2026-04-18,0.362957098837496,0.58607672659147,7.4085484858494,0.286097278832696,0.407858431504061,0.669646541595034,11.3180714742377,0.436654068282892,0.504901960784314,0.965686274509804,204
"UMass-gbqr_5src_mobsgleam_otid10",2026-04-25,0.595537900272689,0.763648120838914,9.08016839627746,0.368457911630786,0.995497876733804,1.16528958902228,14.3908001886666,0.578431398041713,0.362745098039216,0.950980392156863,204
"UMass-gbqr_5src_mobsgleam_otid10",2026-05-02,0.542853977780977,0.723107943695991,7.89079213718319,0.374128655089701,0.967922645881806,1.02690987912864,12.2650982333552,0.585783320011303,0.406862745098039,0.936274509803922,204
"UMass-gbqr_5src_mobsgleam_otid10",2026-05-09,0.501493084730029,0.6757389582825,6.62645514714656,0.341449272016398,1.11773809189743,1.13783690151522,10.4431804076299,0.546363134816551,0.416666666666667,0.955882352941177,204
"UMass-gbqr_5src_mobsgleam_otid10",2026-05-16,0.369719175378444,0.613510723206675,4.66526185802824,0.308258349192344,0.890252435099186,1.05869610421189,7.23984700896838,0.484648033964649,0.426470588235294,0.965686274509804,204
"UMass-gbqr_5src_mobsgleam_otid10",2026-05-23,0.342941906748465,0.569201428186361,4.22478701162025,0.290316726560415,0.809447139261387,0.956993300729203,6.37638016075024,0.464522237734926,0.46078431372549,0.970588235294118,204
"UMass-gbqr_5src_mobsgleam_otid10",2026-05-30,0.298728505126858,0.538923698314361,3.60221564170815,0.287664668919021,0.69227387272811,0.809472109157372,5.42959900178909,0.455586571258464,0.529411764705882,0.990196078431373,204
"UMass-gbqr_5src_mobsgleam_otid10",2026-06-06,0.284638678099644,0.510434134574214,3.85648282040917,0.307746603061318,0.83301637456415,0.789606765461294,5.95633930570706,0.507290489816002,0.490196078431373,1,153
"UMass-gbqr_5src_mobsgleam_otid10",2026-06-13,0.22890051764434,0.479907502927127,3.4214246273654,0.311657714323309,0.845065297551396,0.848718835182358,5.39350498731332,0.502873222013819,0.519607843137255,1,102
"UMass-gbqr_5src_mobsgleam_otid10",2026-06-20,0.198546104864092,0.476292773102073,3.2261456982942,0.328282789182463,0.789207020212699,0.770601013980405,4.99831112801376,0.533321617548585,0.509803921568627,1,51
"UMass-gbqr_5src_mobsgleam_otid50",2025-11-22,0.566341128953952,0.574295373178142,10.3830317447693,0.241802666870357,0.668240801768202,0.602396164361053,18.5535093196818,0.373875260488002,0.666666666666667,0.980392156862745,51
"UMass-gbqr_5src_mobsgleam_otid50",2025-11-29,0.578285702185282,0.482458499286955,18.0429157008895,0.254249657913907,0.662644772069901,0.513158756387306,32.4890833835448,0.421727114260956,0.46078431372549,0.990196078431373,102
"UMass-gbqr_5src_mobsgleam_otid50",2025-12-06,0.582395627018818,0.420830357921413,29.7581111212003,0.261461394938852,0.646491930666918,0.44653415399044,51.1024405848739,0.435240569762826,0.516339869281046,0.954248366013072,153
"UMass-gbqr_5src_mobsgleam_otid50",2025-12-13,0.586492722853342,0.429272007975088,53.6942800164132,0.336937085445187,0.648102301168562,0.454830453390303,88.1927445119573,0.554072108438664,0.357843137254902,0.92156862745098,204
"UMass-gbqr_5src_mobsgleam_otid50",2025-12-20,0.628960777453951,0.530567271966165,141.768021975359,0.559712939158604,0.733945957003578,0.588879287879187,215.960000074004,0.89266879936604,0.0931372549019608,0.740196078431373,204
"UMass-gbqr_5src_mobsgleam_otid50",2025-12-27,0.639471933173615,0.574287651329462,295.272021931756,0.753280721682176,0.752643862355537,0.644788539635018,407.250428717604,1.10070123702838,0.0588235294117647,0.401960784313726,204
"UMass-gbqr_5src_mobsgleam_otid50",2026-01-03,0.572345258869603,0.527047474906219,241.413757853757,0.538384657489418,0.682995855822553,0.6073863024852,340.610702902487,0.792502176621774,0.245098039215686,0.588235294117647,204
"UMass-gbqr_5src_mobsgleam_otid50",2026-01-10,0.829771589918491,0.620334559407574,147.017435934764,0.288293265709315,1.06887063381426,0.764367089430633,254.281180047255,0.484910031021466,0.294117647058824,0.901960784313726,204
"UMass-gbqr_5src_mobsgleam_otid50",2026-01-17,1.25961513955794,1.10483676617874,237.979603760217,0.424753169742788,1.55264542955552,1.32259821192435,382.513990189223,0.663368198297924,0.156862745098039,0.632352941176471,204
"UMass-gbqr_5src_mobsgleam_otid50",2026-01-24,1.18831830565058,1.11446484850078,251.500424791755,0.499699041372495,1.43565727988914,1.29050996786518,393.496770331966,0.745375279062765,0.215686274509804,0.57843137254902,204
"UMass-gbqr_5src_mobsgleam_otid50",2026-01-31,1.04394628687072,0.967227737625065,183.304610605194,0.464010659157101,1.24565254280176,1.09228135264351,288.857054851862,0.680960970103694,0.230392156862745,0.637254901960784,204
"UMass-gbqr_5src_mobsgleam_otid50",2026-02-07,0.899563005029962,0.863442960898994,97.2192422176035,0.322582885789265,0.97618850172923,0.940957139415736,153.271165246996,0.488128621713165,0.264705882352941,0.799019607843137,204
"UMass-gbqr_5src_mobsgleam_otid50",2026-02-14,0.903644117231626,0.874250201953431,74.9468910836806,0.278650340093543,0.865648738998795,0.89693635495799,106.733640843317,0.409826243394746,0.28921568627451,0.799019607843137,204
"UMass-gbqr_5src_mobsgleam_otid50",2026-02-21,1.42371729550738,1.28160735742313,60.3933867404372,0.293715585388892,1.41258151285833,1.44661746845567,87.2199839998214,0.438226810712464,0.215686274509804,0.75,204
"UMass-gbqr_5src_mobsgleam_otid50",2026-02-28,0.938234331121717,1.05320242935331,40.1855942222213,0.249483671855703,1.00648844443253,1.23244207290184,63.7047980123175,0.394954983531048,0.245098039215686,0.852941176470588,204
"UMass-gbqr_5src_mobsgleam_otid50",2026-03-07,0.75313832289311,1.09472411392196,37.2211360572608,0.308189214759676,0.755910375525096,1.2435700715017,55.6149942463538,0.472943321478908,0.299019607843137,0.78921568627451,204
"UMass-gbqr_5src_mobsgleam_otid50",2026-03-14,0.586141933896326,0.917018610816937,32.0010072716302,0.282801081795627,0.570794116984944,1.04986261872849,47.1128987342769,0.439250453144743,0.333333333333333,0.813725490196078,204
"UMass-gbqr_5src_mobsgleam_otid50",2026-03-21,0.408944380484099,0.659735747596065,20.1729848621847,0.229484778725897,0.406499592361705,0.716282982456454,31.449916991396,0.352198487186817,0.367647058823529,0.867647058823529,204
"UMass-gbqr_5src_mobsgleam_otid50",2026-03-28,0.430112457008667,0.645743209962108,23.3857093018979,0.385893856376236,0.384546739808424,0.61033549035038,34.2868659332129,0.565461576068547,0.279411764705882,0.730392156862745,204
"UMass-gbqr_5src_mobsgleam_otid50",2026-04-04,0.371207282601739,0.587630251843739,14.8211580454078,0.308295372231374,0.341347753507496,0.570094177152225,22.3398718484244,0.454551991483405,0.455882352941176,0.848039215686274,204
"UMass-gbqr_5src_mobsgleam_otid50",2026-04-11,0.336570477611463,0.544957297364787,9.74717069767592,0.273705171416601,0.330270279416632,0.556215511820742,15.1050083674371,0.406624220868201,0.549019607843137,0.92156862745098,204
"UMass-gbqr_5src_mobsgleam_otid50",2026-04-18,0.380436824481244,0.619422823074872,7.76533829755392,0.302375399137998,0.437681422373304,0.699810781119428,12.1456594708592,0.456323157999407,0.524509803921569,0.965686274509804,204
"UMass-gbqr_5src_mobsgleam_otid50",2026-04-25,0.614649086079459,0.82451604084112,9.37155671144358,0.397826499174332,1.04624278055821,1.26326710892051,15.1243625483635,0.627065895719623,0.397058823529412,0.946078431372549,204
"UMass-gbqr_5src_mobsgleam_otid50",2026-05-02,0.562253050334888,0.768425260297182,8.1727722928832,0.397575371254398,1.02043952151614,1.09895665787051,12.9305694270551,0.626881182740348,0.46078431372549,0.96078431372549,204
"UMass-gbqr_5src_mobsgleam_otid50",2026-05-09,0.531415880889346,0.747035189614491,7.02183859841322,0.377475086404391,1.20602098493142,1.27820898636148,11.2680195945063,0.613766584480738,0.431372549019608,0.975490196078431,204
"UMass-gbqr_5src_mobsgleam_otid50",2026-05-16,0.407308804314601,0.684546288611994,5.13958256902134,0.343950155867436,0.993230695757419,1.21079818224839,8.0773025699096,0.554277054784748,0.485294117647059,0.975490196078431,204
"UMass-gbqr_5src_mobsgleam_otid50",2026-05-23,0.37410445441845,0.621701960656241,4.60868622036208,0.317094211602747,0.911249009191544,1.08436082258262,7.17831940083731,0.526346125343145,0.524509803921569,0.975490196078431,204
"UMass-gbqr_5src_mobsgleam_otid50",2026-05-30,0.31866060228055,0.56021128893768,3.84256669929667,0.299027479142238,0.757108660149254,0.854185928914161,5.93810713842552,0.480752374502839,0.627450980392157,0.990196078431373,204
"UMass-gbqr_5src_mobsgleam_otid50",2026-06-06,0.304867449907664,0.518660590494894,4.13055629305331,0.312706427832705,0.890819440217188,0.788556486816611,6.36965011501702,0.506615728160694,0.647058823529412,1,153
"UMass-gbqr_5src_mobsgleam_otid50",2026-06-13,0.238593288764166,0.492185463789373,3.56630453483821,0.319631170032044,0.836330499711049,0.853931186623678,5.3377564246264,0.505961585150006,0.617647058823529,1,102
"UMass-gbqr_5src_mobsgleam_otid50",2026-06-20,0.209934232456556,0.478499230077335,3.41118966513104,0.329803580365862,0.802037089557107,0.740411069961857,5.07956823386168,0.51242760172773,0.647058823529412,1,51
"UMass-gbqr_5src_nihflu_otid10",2025-11-22,0.535788893314948,0.565354344128868,9.82290143408647,0.238038115091513,0.576351294426096,0.601442902903332,16.002224174654,0.373283621800866,0.372549019607843,0.92156862745098,51
"UMass-gbqr_5src_nihflu_otid10",2025-11-29,0.515821234262507,0.506764312085537,16.0939809014079,0.267058520434709,0.536151664083619,0.53315515753817,26.287200706688,0.438160672975471,0.362745098039216,0.950980392156863,102
"UMass-gbqr_5src_nihflu_otid10",2025-12-06,0.496213169488414,0.376685444111156,25.3545286955977,0.234034213113627,0.489094553763388,0.37759485249494,38.6608466223164,0.368044856750031,0.444444444444444,0.954248366013072,153
"UMass-gbqr_5src_nihflu_otid10",2025-12-13,0.472276281155738,0.320532838291907,43.2375951096458,0.251587334643577,0.466611064555415,0.311212236844791,63.4957017257761,0.379117139046395,0.485294117647059,0.926470588235294,204
"UMass-gbqr_5src_nihflu_otid10",2025-12-20,0.445150733577047,0.330326382914517,100.337161302111,0.348472211596393,0.532075685971608,0.360678081358604,156.560662382999,0.546743749476355,0.259803921568627,0.78921568627451,204
"UMass-gbqr_5src_nihflu_otid10",2025-12-27,0.465329669208822,0.361203350675111,214.862959833486,0.473782641922896,0.614205540587972,0.427505105260953,332.342402876089,0.729782508949427,0.112745098039216,0.607843137254902,204
"UMass-gbqr_5src_nihflu_otid10",2026-01-03,0.396811306529457,0.313065762403343,167.373988311416,0.319800039442706,0.54683019264851,0.385776756699758,272.704753181844,0.503351685943061,0.318627450980392,0.852941176470588,204
"UMass-gbqr_5src_nihflu_otid10",2026-01-10,0.652995435368951,0.420598989206317,115.69655523453,0.195468484406425,0.758118494132613,0.485632699797438,180.354159993872,0.308082557164027,0.455882352941176,0.985294117647059,204
"UMass-gbqr_5src_nihflu_otid10",2026-01-17,1.13077143677475,1.01004382432357,213.637110269624,0.388310136930361,1.36350790293963,1.21139077332016,335.917549931077,0.607590504423036,0.176470588235294,0.754901960784314,204
"UMass-gbqr_5src_nihflu_otid10",2026-01-24,0.95755201689253,0.955904103987527,202.660127226456,0.428604244493826,1.11620037822625,1.11071505696626,305.937391902659,0.641528981690078,0.245098039215686,0.720588235294118,204
"UMass-gbqr_5src_nihflu_otid10",2026-01-31,0.808307478370094,0.807791388943546,141.929225129037,0.387523848070641,0.921432462614072,0.942827771433503,213.672961158928,0.587787123090804,0.323529411764706,0.818627450980392,204
"UMass-gbqr_5src_nihflu_otid10",2026-02-07,0.81446745069973,0.765905412764823,88.0226375753345,0.286142790525566,0.887907933985086,0.877859466757635,139.410250615404,0.455396227539471,0.455882352941176,0.936274509803922,204
"UMass-gbqr_5src_nihflu_otid10",2026-02-14,0.856647993619544,0.785290222347832,71.0491029051879,0.250296067464922,0.928234419360063,0.881485969766452,114.450393873351,0.402766686396026,0.490196078431373,0.946078431372549,204
"UMass-gbqr_5src_nihflu_otid10",2026-02-21,1.00573017121018,0.847470928155735,42.6625787142502,0.194221278710363,1.03214892223496,0.95582112744013,63.7301363944686,0.289548863762055,0.583333333333333,0.975490196078431,204
"UMass-gbqr_5src_nihflu_otid10",2026-02-28,0.742768593683236,0.703812529171393,31.8135846415668,0.166719833891329,0.766069831649702,0.801651262046688,48.4877140502988,0.256901454405728,0.593137254901961,1,204
"UMass-gbqr_5src_nihflu_otid10",2026-03-07,0.629014406492708,0.704973441516616,31.0867606844182,0.198465721732444,0.67999699598825,0.796571736180782,50.0297789842531,0.302944957697983,0.563725490196078,0.955882352941177,204
"UMass-gbqr_5src_nihflu_otid10",2026-03-14,0.53819259204076,0.661206262533128,29.3831648197348,0.203910634014101,0.563741832403063,0.748895763649728,46.530808696092,0.313329380123775,0.495098039215686,0.980392156862745,204
"UMass-gbqr_5src_nihflu_otid10",2026-03-21,0.433496366695404,0.58453561522946,21.3841198473162,0.203326902941251,0.42195548576703,0.642983223226413,32.645703097358,0.316156776097377,0.480392156862745,0.970588235294118,204
"UMass-gbqr_5src_nihflu_otid10",2026-03-28,0.431267719306,0.64283636265931,23.4485222425897,0.38415673471817,0.400774243339328,0.630010128570523,35.7337387847992,0.583689668834631,0.274509803921569,0.784313725490196,204
"UMass-gbqr_5src_nihflu_otid10",2026-04-04,0.365802026461061,0.575552349394117,14.6053428949738,0.301958800178119,0.333155176445915,0.576497823713041,21.8036998074971,0.459657797530249,0.42156862745098,0.911764705882353,204
"UMass-gbqr_5src_nihflu_otid10",2026-04-11,0.321339515275143,0.544649558534558,9.30607797072153,0.273550609380847,0.313135027631671,0.589199230677967,14.321322587272,0.430737138786925,0.470588235294118,0.965686274509804,204
"UMass-gbqr_5src_nihflu_otid10",2026-04-18,0.380795993396286,0.656554877043724,7.77266952300791,0.320501659943032,0.426748289652057,0.756187709629186,11.8422650378446,0.493084663752044,0.465686274509804,0.965686274509804,204
"UMass-gbqr_5src_nihflu_otid10",2026-04-25,0.668009000590031,0.956348912454625,10.1851355099468,0.46143546151374,1.06332285548557,1.44637023543084,15.3712701020929,0.717955403744868,0.274509803921569,0.916666666666667,204
"UMass-gbqr_5src_nihflu_otid10",2026-05-02,0.606185052684665,0.890746261563301,8.81135709266557,0.460863006374278,1.0175583612511,1.23705061049008,12.8940606070298,0.705654535381203,0.323529411764706,0.931372549019608,204
"UMass-gbqr_5src_nihflu_otid10",2026-05-09,0.566434866926964,0.812503256101129,7.48456031351275,0.410555943099408,1.19372130736009,1.35310242486667,11.1531020187663,0.649728692744584,0.299019607843137,0.950980392156863,204
"UMass-gbqr_5src_nihflu_otid10",2026-05-16,0.416837463123771,0.731374462933444,5.25981893072772,0.367478963378039,0.939125865544283,1.20355389836258,7.63730299479395,0.550960779293819,0.436274509803922,0.936274509803922,204
"UMass-gbqr_5src_nihflu_otid10",2026-05-23,0.386146623234832,0.629876546885418,4.75703670598677,0.321263595229563,0.878385285151753,0.997653325151232,6.91943702568072,0.484258515425153,0.406862745098039,0.946078431372549,204
"UMass-gbqr_5src_nihflu_otid10",2026-05-30,0.330540381088383,0.598398464003968,3.98581893102941,0.319410886119433,0.739347539467019,0.852842724943877,5.79880423111387,0.479996393309171,0.465686274509804,0.936274509803922,204
"UMass-gbqr_5src_nihflu_otid10",2026-06-06,0.307950457534243,0.575387131919694,4.17232702507916,0.346907511272122,0.896753937961156,0.876728296555876,6.41208371326473,0.563262558592124,0.359477124183007,0.954248366013072,153
"UMass-gbqr_5src_nihflu_otid10",2026-06-13,0.217781508504912,0.475224843288562,3.25522643745721,0.308616738737373,0.782780180857593,0.801065306752318,4.99597938959111,0.474638095858297,0.490196078431373,0.970588235294118,102
"UMass-gbqr_5src_nihflu_otid10",2026-06-20,0.206520886993393,0.516510972965857,3.35572672975735,0.356003014163394,0.832228631006437,0.827607349838116,5.27078132970744,0.572774863389922,0.470588235294118,0.941176470588235,51
"UMass-gbqr_5src_nihflu_otid50",2025-11-22,0.555390622765869,0.582052555989885,10.1822703174964,0.245068769261014,0.619145209464885,0.631396537543849,17.1903846392604,0.391874249723711,0.352941176470588,0.92156862745098,51
"UMass-gbqr_5src_nihflu_otid50",2025-11-29,0.536346921174194,0.525587765416525,16.7343965942928,0.276978247369223,0.553755733392027,0.553304822165124,27.1503178695444,0.454720187571453,0.392156862745098,0.96078431372549,102
"UMass-gbqr_5src_nihflu_otid50",2025-12-06,0.514240823896108,0.397746020230877,26.2756704731636,0.247119123711988,0.511080818978295,0.404241567731773,40.3987674818529,0.394017632669508,0.457516339869281,0.980392156862745,153
"UMass-gbqr_5src_nihflu_otid50",2025-12-13,0.486353235827532,0.343046480373781,44.5263612212666,0.269258370268762,0.49717116138578,0.345946863724595,67.6542717650454,0.421430682054932,0.455882352941176,0.96078431372549,204
"UMass-gbqr_5src_nihflu_otid50",2025-12-20,0.459486246424642,0.35140494038978,103.568391886366,0.370708678074966,0.556674871124718,0.386637844677065,163.79885203006,0.586095567803631,0.220588235294118,0.833333333333333,204
"UMass-gbqr_5src_nihflu_otid50",2025-12-27,0.459806330854544,0.368555211807933,212.312594134733,0.483425919550439,0.616607379850984,0.439015708133578,333.642021618094,0.749431950653234,0.132352941176471,0.642156862745098,204
"UMass-gbqr_5src_nihflu_otid50",2026-01-03,0.380838914182456,0.309218982953474,160.636874307852,0.31587051291016,0.523197490530123,0.381177302659242,260.919101466089,0.497350435464631,0.372549019607843,0.872549019607843,204
"UMass-gbqr_5src_nihflu_otid50",2026-01-10,0.770497955203807,0.463653134792562,136.515440084144,0.215477397411751,0.930313768558359,0.551473232031235,221.318909323067,0.349851407457859,0.411764705882353,0.980392156862745,204
"UMass-gbqr_5src_nihflu_otid50",2026-01-17,1.27060643955312,1.08743839016436,240.056194566025,0.41806438494968,1.54368556516748,1.30102114352859,380.306613402879,0.652545908612968,0.151960784313725,0.745098039215686,204
"UMass-gbqr_5src_nihflu_otid50",2026-01-24,1.05369042542573,1.01464924111599,223.007243373644,0.454944140945364,1.26038382085901,1.19234690186155,345.456377252504,0.688678062816426,0.254901960784314,0.691176470588235,204
"UMass-gbqr_5src_nihflu_otid50",2026-01-31,0.860415059112904,0.834644645361884,151.078699501201,0.400406230085225,1.02644908342273,0.999161810936419,238.025491864686,0.622907453669483,0.313725490196078,0.813725490196078,204
"UMass-gbqr_5src_nihflu_otid50",2026-02-07,0.854565876273248,0.787410132417525,92.3562290264931,0.294176968621632,0.938304820053081,0.90556998491428,147.323055815197,0.469771268089309,0.416666666666667,0.931372549019608,204
"UMass-gbqr_5src_nihflu_otid50",2026-02-14,0.843326437211415,0.779396633475227,69.9442329479266,0.248417600019272,0.880948467678115,0.85981142911272,108.620082389743,0.39286320157871,0.529411764705882,0.96078431372549,204
"UMass-gbqr_5src_nihflu_otid50",2026-02-21,0.988701802847457,0.821950205102334,41.940243711835,0.188372502899455,0.974195453773334,0.918438036582295,60.1517938025928,0.278224327014485,0.651960784313726,0.990196078431373,204
"UMass-gbqr_5src_nihflu_otid50",2026-02-28,0.828402499956526,0.740301492598912,35.4813777450742,0.175363376978954,0.86106882177005,0.845425757967187,54.5005913073278,0.270929663678601,0.602941176470588,0.995098039215686,204
"UMass-gbqr_5src_nihflu_otid50",2026-03-07,0.683136331449278,0.716840522917186,33.7615409621645,0.201806569396087,0.7429163384856,0.817206997674813,54.6589770800508,0.310792773703065,0.57843137254902,0.975490196078431,204
"UMass-gbqr_5src_nihflu_otid50",2026-03-14,0.552948143493002,0.663589824631557,30.1887589634284,0.204645705180609,0.590118654626899,0.749395824209804,48.7079309147438,0.313538599714696,0.519607843137255,0.980392156862745,204
"UMass-gbqr_5src_nihflu_otid50",2026-03-21,0.440797022856971,0.588372345304905,21.7442569057029,0.204661484484851,0.422597064313976,0.632926365308947,32.6953405199386,0.311211788946855,0.480392156862745,0.975490196078431,204
"UMass-gbqr_5src_nihflu_otid50",2026-03-28,0.414035575803326,0.623755130976779,22.5115907679591,0.37275385821125,0.383878747316884,0.619649086436075,34.2273065438569,0.574090405302219,0.274509803921569,0.936274509803922,204
"UMass-gbqr_5src_nihflu_otid50",2026-04-04,0.355434200431837,0.570079376837148,14.1913876862036,0.299087450198487,0.329538412854575,0.576365026884589,21.5669968138305,0.459551914914263,0.446078431372549,0.955882352941177,204
"UMass-gbqr_5src_nihflu_otid50",2026-04-11,0.321104768668616,0.563657922807939,9.29927964645744,0.283097573201597,0.319189123393111,0.609000182907311,14.5982084375379,0.445212727118414,0.480392156862745,0.970588235294118,204
"UMass-gbqr_5src_nihflu_otid50",2026-04-18,0.393981051036346,0.688067891583654,8.04179813112155,0.335884949022132,0.445532257257432,0.772985349865555,12.3635201388937,0.504037842020227,0.446078431372549,0.970588235294118,204
"UMass-gbqr_5src_nihflu_otid50",2026-04-25,0.697617207027308,1.04252962080498,10.6365719344617,0.503017392975509,1.12336795930048,1.60836013768997,16.2392750587113,0.798364639796663,0.279411764705882,0.92156862745098,204
"UMass-gbqr_5src_nihflu_otid50",2026-05-02,0.645116024109408,0.971838350408784,9.37724813479626,0.502819223841763,1.09912486540127,1.38274657016467,13.9276361620701,0.788764323985859,0.313725490196078,0.916666666666667,204
"UMass-gbqr_5src_nihflu_otid50",2026-05-09,0.628066815664837,0.934072962341408,8.29893115207099,0.471984823566053,1.34543460142578,1.58640237254176,12.5705801486154,0.761753966836643,0.299019607843137,0.936274509803922,204
"UMass-gbqr_5src_nihflu_otid50",2026-05-16,0.480049358011811,0.858037017692274,6.05745146329247,0.431120540546184,1.12988553825682,1.47276915148883,9.18862798023557,0.674201662699223,0.382352941176471,0.926470588235294,204
"UMass-gbqr_5src_nihflu_otid50",2026-05-23,0.454434197087346,0.743459137598534,5.59828838561531,0.379195505265612,1.08783380885878,1.20862022104248,8.56935750409837,0.586661337359979,0.406862745098039,0.936274509803922,204
"UMass-gbqr_5src_nihflu_otid50",2026-05-30,0.37973429266592,0.677023024693936,4.5790233782788,0.361378809019327,0.891980804419389,0.97427553703133,6.99592787779913,0.548341130417884,0.46078431372549,0.92156862745098,204
"UMass-gbqr_5src_nihflu_otid50",2026-06-06,0.354062209274247,0.641313414847319,4.79708111539308,0.386655224540475,1.0036234531186,0.93369242005366,7.17623567131861,0.599859709699672,0.444444444444444,0.947712418300654,153
"UMass-gbqr_5src_nihflu_otid50",2026-06-13,0.250074338131633,0.529060398809202,3.73791421688745,0.343578197102895,0.901167243329579,0.881980191745763,5.75156740595643,0.522580862342074,0.568627450980392,0.96078431372549,102
"UMass-gbqr_5src_nihflu_otid50",2026-06-20,0.243874439162567,0.572132707566646,3.96267896248474,0.394340060629561,0.97487205801996,0.87400904006262,6.17418970079308,0.604888790102391,0.568627450980392,0.941176470588235,51
"UMass-gbqr_5src_utseirs_otid10",2025-11-22,0.650283747614742,0.678935405246283,11.9219962128874,0.285860550665335,0.694328637864761,0.723219030104654,19.2778304160098,0.448863587232594,0.352941176470588,0.882352941176471,51
"UMass-gbqr_5src_utseirs_otid10",2025-11-29,0.625880419814402,0.649259575105468,19.5279039597116,0.342151760435071,0.638251720112869,0.678870609714364,31.2931063949457,0.557913393521694,0.362745098039216,0.911764705882353,102
"UMass-gbqr_5src_utseirs_otid10",2025-12-06,0.609681697816212,0.574633933207683,31.1523213267373,0.357019371173163,0.629194810682773,0.61604579287283,49.7351767346239,0.600464980100274,0.34640522875817,0.895424836601307,153
"UMass-gbqr_5src_utseirs_otid10",2025-12-13,0.622624686459227,0.564303753062033,57.0022149588257,0.442923969721166,0.654900093940874,0.609026939211066,89.1177774892091,0.741913470809419,0.264705882352941,0.877450980392157,204
"UMass-gbqr_5src_utseirs_otid10",2025-12-20,0.662718537176874,0.604518016656125,149.377035118613,0.637726022230988,0.763801622307949,0.667890307974611,224.744883238515,1.01243981848149,0.0882352941176471,0.627450980392157,204
"UMass-gbqr_5src_utseirs_otid10",2025-12-27,0.708337925523222,0.640345352146819,327.070447708614,0.839927182613681,0.839442374858832,0.726993416434327,454.216508157071,1.24103097929394,0.0245098039215686,0.323529411764706,204
"UMass-gbqr_5src_utseirs_otid10",2026-01-03,0.662456780308012,0.607834537083185,279.422565787854,0.620909509368201,0.829243409766018,0.726888278219896,413.544501434048,0.948425310701105,0.147058823529412,0.617647058823529,204
"UMass-gbqr_5src_utseirs_otid10",2026-01-10,0.710058495015999,0.603910139619368,125.806885375775,0.280660207795139,0.897419915679417,0.738850740558647,213.493558469793,0.46872260786555,0.401960784313726,0.936274509803922,204
"UMass-gbqr_5src_utseirs_otid10",2026-01-17,0.933517784751066,0.867952598797965,176.369897075181,0.333683335684979,1.15748846500724,1.0682576627116,285.162035658501,0.535800029549318,0.25,0.799019607843137,204
"UMass-gbqr_5src_utseirs_otid10",2026-01-24,0.891690160305106,0.879695455375306,188.720861265016,0.394434132527487,1.08927666392108,1.06380994842278,298.557918561192,0.614437437075432,0.264705882352941,0.78921568627451,204
"UMass-gbqr_5src_utseirs_otid10",2026-01-31,0.778486275759038,0.825288454095825,136.69297494917,0.39591776029917,0.920820444756119,0.956667189969494,213.531039017809,0.596415031870105,0.269607843137255,0.779411764705882,204
"UMass-gbqr_5src_utseirs_otid10",2026-02-07,0.774365996236496,0.863635496614891,83.6887187803863,0.322654817265534,0.802937690752868,0.946813094924375,126.069089386345,0.491166442854541,0.28921568627451,0.877450980392157,204
"UMass-gbqr_5src_utseirs_otid10",2026-02-14,1.05915125565778,1.06192655211916,87.8444204806131,0.338468546236757,1.0231606097109,1.10452814478606,126.154700078717,0.504678640573823,0.269607843137255,0.852941176470588,204
"UMass-gbqr_5src_utseirs_otid10",2026-02-21,1.51508494572026,1.4619469359207,64.2691574796733,0.335045361283516,1.50022587240307,1.65254657866362,92.6315935724957,0.500609340418554,0.25,0.813725490196078,204
"UMass-gbqr_5src_utseirs_otid10",2026-02-28,0.828559936229089,0.959999852348299,35.488120911419,0.227405749806186,0.875832713848542,1.11669040035561,55.4350588294724,0.357860582967014,0.362745098039216,0.941176470588235,204
"UMass-gbqr_5src_utseirs_otid10",2026-03-07,0.706600141660981,1.00447420065613,34.921154868089,0.282781854541878,0.744048587896838,1.15291978205381,54.74228066541,0.438468023329656,0.382352941176471,0.877450980392157,204
"UMass-gbqr_5src_utseirs_otid10",2026-03-14,0.592702421670868,0.885136172172269,32.3591836873372,0.27296879700594,0.612954915298676,1.0125648996374,50.5928179597995,0.423645516156064,0.382352941176471,0.892156862745098,204
"UMass-gbqr_5src_utseirs_otid10",2026-03-21,0.446288429552562,0.66769514269695,22.0151447560534,0.23225340242133,0.442260139196888,0.739641856168332,34.216626357571,0.36368411533269,0.431372549019608,0.92156862745098,204
"UMass-gbqr_5src_utseirs_otid10",2026-03-28,0.443014109148624,0.658223462343476,24.0871869771961,0.393352011019902,0.401972490251776,0.627258384149267,35.8405765940664,0.581140241901441,0.284313725490196,0.720588235294118,204
"UMass-gbqr_5src_utseirs_otid10",2026-04-04,0.396618998209313,0.617678594968712,15.8357692097822,0.324059987990321,0.358138636949595,0.614173429457154,23.438769323108,0.489697609034512,0.372549019607843,0.862745098039216,204
"UMass-gbqr_5src_utseirs_otid10",2026-04-11,0.396513989641073,0.642789729835669,11.4831507756592,0.322841576835944,0.386896870539594,0.693814001136511,17.6948421673255,0.507216306708299,0.426470588235294,0.92156862745098,204
"UMass-gbqr_5src_utseirs_otid10",2026-04-18,0.435335623299785,0.779771107005457,8.88591264136679,0.380650487734053,0.512337480146095,0.972425309520132,14.2173650740541,0.634085955990794,0.441176470588235,0.970588235294118,204
"UMass-gbqr_5src_utseirs_otid10",2026-04-25,0.709087654490446,1.12269626577493,10.811461886047,0.541697557022304,1.24054335583723,1.90416713191514,17.9331488057058,0.945198572607943,0.299019607843137,0.916666666666667,204
"UMass-gbqr_5src_utseirs_otid10",2026-05-02,0.686617293163264,1.07745022259387,9.98050039219322,0.55746172645369,1.24856648192424,1.62988629437051,15.8212958616381,0.929740987171545,0.357843137254902,0.872549019607843,204
"UMass-gbqr_5src_utseirs_otid10",2026-05-09,0.645292029662006,1.00103857731423,8.52653570221885,0.505822387912967,1.44288233163076,1.750430408668,13.4810476670991,0.840516460737474,0.372549019607843,0.92156862745098,204
"UMass-gbqr_5src_utseirs_otid10",2026-05-16,0.499251611292925,0.911931377123066,6.29975304185918,0.458199751455621,1.1914297685475,1.58187426905479,9.68912738245249,0.724147610845685,0.455882352941176,0.950980392156863,204
"UMass-gbqr_5src_utseirs_otid10",2026-05-23,0.436838977024096,0.768730492874781,5.38152847460116,0.392084961925835,1.01908490341254,1.27236481848525,8.02779137148992,0.617602811062107,0.553921568627451,0.970588235294118,204
"UMass-gbqr_5src_utseirs_otid10",2026-05-30,0.361398775691688,0.697388958003862,4.35792467189543,0.372249660461101,0.81061248049643,0.995586958196038,6.35774494507004,0.560335610755423,0.627450980392157,0.946078431372549,204
"UMass-gbqr_5src_utseirs_otid10",2026-06-06,0.326534191407709,0.644602029575997,4.42411237941175,0.388637968136517,0.954344802263039,0.998009953921768,6.82387721356709,0.641181130293946,0.61437908496732,0.980392156862745,153
"UMass-gbqr_5src_utseirs_otid10",2026-06-13,0.242083891225585,0.548729189408977,3.61847931080092,0.356351346687848,0.810028091668891,0.87551333293871,5.16988517329851,0.518749192783436,0.696078431372549,0.970588235294118,102
"UMass-gbqr_5src_utseirs_otid10",2026-06-20,0.226165250234379,0.571462038847512,3.67492502382118,0.393877805037689,0.966342774849659,0.928301061640329,6.12017090738117,0.642463498988698,0.666666666666667,1,51
"UMass-gbqr_5src_utseirs_otid50",2025-11-22,0.644708384564955,0.702597750760361,11.8197801304329,0.295823399953235,0.699224106844502,0.786633649299024,19.4137516723885,0.488221668629394,0.352941176470588,0.941176470588235,51
"UMass-gbqr_5src_utseirs_otid50",2025-11-29,0.615307888413009,0.668730153942212,19.1980336341969,0.352412514501885,0.620791089872859,0.713322771576792,30.437021965237,0.586227069594537,0.284313725490196,0.92156862745098,102
"UMass-gbqr_5src_utseirs_otid50",2025-12-06,0.599878912192817,0.601206267868723,30.651437785816,0.373528730720259,0.603129528269591,0.64637748468906,47.6748268947218,0.630029533472039,0.241830065359477,0.92156862745098,153
"UMass-gbqr_5src_utseirs_otid50",2025-12-13,0.625541955946406,0.590999002700504,57.2692953140019,0.463877163596645,0.634021246730603,0.625721869159951,86.2766167119683,0.762251148218799,0.151960784313725,0.867647058823529,204
"UMass-gbqr_5src_utseirs_otid50",2025-12-20,0.689931613988179,0.64618931279816,155.510873999663,0.681686448881078,0.743679804124694,0.671090971108377,218.824136874455,1.01729163136674,0.0637254901960784,0.583333333333333,204
"UMass-gbqr_5src_utseirs_otid50",2025-12-27,0.741509407825234,0.688135760440847,342.387164739773,0.902612830069051,0.833506254191756,0.732961013553789,451.004514002199,1.25121810441747,0.0147058823529412,0.299019607843137,204
"UMass-gbqr_5src_utseirs_otid50",2026-01-03,0.693814977785191,0.658997565393899,292.649372815901,0.673173092412757,0.814082080961882,0.730862038774256,405.983531895378,0.953610172255966,0.142156862745098,0.593137254901961,204
"UMass-gbqr_5src_utseirs_otid50",2026-01-10,0.825973221692444,0.691560063741992,146.344447893098,0.321394489774555,1.02848858378609,0.811596569595586,244.674409116287,0.514872138245332,0.32843137254902,0.901960784313726,204
"UMass-gbqr_5src_utseirs_otid50",2026-01-17,1.07073659245042,0.946781299197125,202.294702564739,0.363988935015326,1.35036469852886,1.17308627678873,332.679554013055,0.588378332032605,0.259803921568627,0.784313725490196,204
"UMass-gbqr_5src_utseirs_otid50",2026-01-24,1.01080617813983,0.944199573754937,213.931050271179,0.42335621666701,1.25813795379565,1.14326608692877,344.840811512402,0.660329869436976,0.245098039215686,0.75,204
"UMass-gbqr_5src_utseirs_otid50",2026-01-31,0.845257474202738,0.862413529275727,148.41720701388,0.413727868441624,1.00795251300273,0.991698560155638,233.736282255428,0.618254639191319,0.245098039215686,0.759803921568627,204
"UMass-gbqr_5src_utseirs_otid50",2026-02-07,0.782300549312881,0.885781288052328,84.5462365230106,0.330928500222585,0.815553550294212,0.958169578401666,128.049903019233,0.497057704416912,0.240196078431373,0.82843137254902,204
"UMass-gbqr_5src_utseirs_otid50",2026-02-14,1.086432622098,1.09682913138002,90.1070961957749,0.349593068209355,1.00989048097114,1.10245199886485,124.518506215034,0.503730012414283,0.205882352941176,0.745098039215686,204
"UMass-gbqr_5src_utseirs_otid50",2026-02-21,1.57102696094297,1.52320808072502,66.6421902236357,0.349085038025052,1.51188728256339,1.69873803238504,93.3516284861201,0.514602212679471,0.215686274509804,0.745098039215686,204
"UMass-gbqr_5src_utseirs_otid50",2026-02-28,0.895760921715443,1.02043389920983,38.3664120211243,0.241721428820877,0.945909272000364,1.18906969048334,59.8704927454348,0.381055637703403,0.343137254901961,0.897058823529412,204
"UMass-gbqr_5src_utseirs_otid50",2026-03-07,0.775132447831976,1.08078965874278,38.3081160872573,0.304266355342256,0.804943744221054,1.23298176461898,59.2225522402637,0.468916472376709,0.377450980392157,0.867647058823529,204
"UMass-gbqr_5src_utseirs_otid50",2026-03-14,0.628044810940056,0.944522604552335,34.2887369074624,0.291283089783602,0.638306522652107,1.08411378938421,52.6853197471381,0.453580749283378,0.362745098039216,0.882352941176471,204
"UMass-gbqr_5src_utseirs_otid50",2026-03-21,0.45402454093199,0.69487735460449,22.396762563259,0.241708557621896,0.448986096081587,0.770804825890934,34.7369978159593,0.379007040854261,0.416666666666667,0.906862745098039,204
"UMass-gbqr_5src_utseirs_otid50",2026-03-28,0.446298132782607,0.657095362428736,24.2657431217426,0.392677862504268,0.401516683152829,0.630514382837505,35.7999360287588,0.584156848635012,0.28921568627451,0.769607843137255,204
"UMass-gbqr_5src_utseirs_otid50",2026-04-04,0.40834232506333,0.63306600942738,16.303845371714,0.332132868263808,0.369135317612042,0.633574321866608,24.1584589482273,0.505166481783439,0.387254901960784,0.882352941176471,204
"UMass-gbqr_5src_utseirs_otid50",2026-04-11,0.419183136562096,0.678435115517259,12.1396553098001,0.340744495918537,0.412078149468627,0.74627252927034,18.8465153654034,0.545566384469498,0.392156862745098,0.92156862745098,204
"UMass-gbqr_5src_utseirs_otid50",2026-04-18,0.460445114708065,0.841843473869873,9.39843846094459,0.410951529295447,0.554983991671789,1.08010197027598,15.4008057688921,0.704298297961779,0.401960784313726,0.965686274509804,204
"UMass-gbqr_5src_utseirs_otid50",2026-04-25,0.753044892767918,1.21699945902288,11.4816780479605,0.587198562912404,1.33032273737091,2.08734621167429,19.2309889828766,1.0361257826296,0.279411764705882,0.92156862745098,204
"UMass-gbqr_5src_utseirs_otid50",2026-05-02,0.728737270616046,1.16417742145969,10.592746042969,0.602333492217347,1.32818211628534,1.78746165680478,16.8301508362628,1.01962717955783,0.308823529411765,0.911764705882353,204
"UMass-gbqr_5src_utseirs_otid50",2026-05-09,0.698292320359161,1.10111320122081,9.22685253565932,0.556389854922811,1.57219668744273,1.90661155344696,14.6892494424797,0.915511057719726,0.348039215686274,0.926470588235294,204
"UMass-gbqr_5src_utseirs_otid50",2026-05-16,0.551601804045807,1.03871416746588,6.96032834813172,0.521901740970661,1.33082223987804,1.85286457778718,10.8227161566552,0.848201076073452,0.426470588235294,0.970588235294118,204
"UMass-gbqr_5src_utseirs_otid50",2026-05-23,0.483944264863669,0.875545655281522,5.96183028177933,0.446565198203091,1.14186222086692,1.46704548057586,8.99496367124087,0.712100334429452,0.495098039215686,0.975490196078431,204
"UMass-gbqr_5src_utseirs_otid50",2026-05-30,0.391951596169663,0.760965808402412,4.72634564925521,0.406185473040909,0.901502677883101,1.11609956153212,7.07060923829883,0.628162436567211,0.622549019607843,0.955882352941177,204
"UMass-gbqr_5src_utseirs_otid50",2026-06-06,0.354910515264545,0.69530784879296,4.80857455507555,0.419209088997152,1.08101030550741,1.10125675785415,7.72957695571962,0.707513036287931,0.588235294117647,0.980392156862745,153
"UMass-gbqr_5src_utseirs_otid50",2026-06-13,0.264246344610975,0.590881434549623,3.94974620611406,0.383725522532156,0.964879669363822,1.01446567430101,6.15820259564557,0.601079652189596,0.676470588235294,0.990196078431373,102
"UMass-gbqr_5src_utseirs_otid50",2026-06-20,0.256482464291497,0.632600717000617,4.16754486031501,0.436017381626916,1.13442244937592,1.06759863680669,7.18467551271418,0.738869300123819,0.549019607843137,1,51
