"model_id","reference_date","wis_scaled_relative_skill","wis_scaled_relative_skill__log","wis","wis__log","ae_median_scaled_relative_skill","ae_median_scaled_relative_skill__log","ae_median","ae_median__log","interval_coverage_50","interval_coverage_95","n"
"FluSight-baseline",2023-10-21,1,1,12.057005389904,0.489389902865712,1,1,18.004898321042,0.603215913621661,0.78921568627451,1,204
"FluSight-baseline",2023-10-28,1,1,16.0853979538538,0.511482238805647,1,1,25.4166636764407,0.726911439773992,0.740196078431373,0.985294117647059,204
"FluSight-baseline",2023-11-04,1,1,20.3326954436542,0.519854467816433,1,1,32.6323529411765,0.7964782608536,0.406862745098039,0.970588235294118,204
"FluSight-baseline",2023-11-11,1,1,27.3979018568135,0.541929758114581,1,1,43.3578439951066,0.833094802557131,0.294117647058824,0.970588235294118,204
"FluSight-baseline",2023-11-18,1,1,34.3046402166916,0.52281756147932,1,1,53.0294117647059,0.784774852093008,0.230392156862745,0.950980392156863,204
"FluSight-baseline",2023-11-25,1,1,47.727191914072,0.563130926561963,1,1,70.671568627451,0.862477955459055,0.127450980392157,0.926470588235294,204
"FluSight-baseline",2023-12-02,1,1,82.5229367138653,0.632437442038677,1,1,110.789215686275,0.916158984187972,0.0980392156862745,0.813725490196078,204
"FluSight-baseline",2023-12-09,1,1,125.262876691041,0.658936071496295,1,1,157.450980392157,0.907918294013378,0.0637254901960784,0.632352941176471,204
"FluSight-baseline",2023-12-16,1,1,152.823317429321,0.697458621586223,1,1,188.691176470588,0.929582851123394,0.0294117647058824,0.490196078431373,204
"FluSight-baseline",2023-12-23,1,1,129.01401610819,0.523507121382164,1,1,162.642156862745,0.692323688034786,0.0392156862745098,0.519607843137255,204
"FluSight-baseline",2023-12-30,1,1,70.1935527710265,0.275501983008538,1,1,94.8137254901961,0.378349400665266,0.137254901960784,0.75,204
"FluSight-baseline",2024-01-06,1,1,89.9804969414617,0.26768513864864,1,1,120.725490196078,0.359096277207994,0.112745098039216,0.759803921568627,204
"FluSight-baseline",2024-01-13,1,1,89.8642311670302,0.330399341218574,1,1,121.642156862745,0.44045795314419,0.107843137254902,0.67156862745098,204
"FluSight-baseline",2024-01-20,1,1,55.3875326926095,0.24936706341112,1,1,81.593137254902,0.354040558141489,0.156862745098039,0.897058823529412,204
"FluSight-baseline",2024-01-27,1,1,49.4896228252791,0.225674503004039,1,1,72.6960784313726,0.330449007535354,0.147058823529412,0.946078431372549,204
"FluSight-baseline",2024-02-03,1,1,44.662744499459,0.228068864053885,1,1,65.9558823529412,0.329256346628124,0.186274509803922,0.931372549019608,204
"FluSight-baseline",2024-02-10,1,1,35.0885742417152,0.203198675076331,1,1,52.3676470588235,0.294736747682738,0.254901960784314,0.96078431372549,204
"FluSight-baseline",2024-02-17,1,1,32.8218975501427,0.200357481806266,1,1,47.8627450980392,0.272568607309279,0.32843137254902,0.941176470588235,204
"FluSight-baseline",2024-02-24,1,1,30.6119976002962,0.202348508968237,1,1,46.0882352941176,0.291078723880322,0.303921568627451,0.970588235294118,204
"FluSight-baseline",2024-03-02,1,1,32.4309557019073,0.209163079697012,1,1,47.9558823529412,0.28662380508077,0.343137254901961,0.965686274509804,204
"FluSight-baseline",2024-03-09,1,1,45.1104482905625,0.279421497209136,1,1,67.1813725490196,0.404933474259172,0.225490196078431,0.92156862745098,204
"FluSight-baseline",2024-03-16,1,1,42.2379056363612,0.300619009889773,1,1,63.2401960784314,0.439873823660174,0.181372549019608,0.936274509803922,204
"FluSight-baseline",2024-03-23,1,1,27.0732807449291,0.286431052243187,1,1,41.7254901960784,0.423630247200585,0.25,0.975490196078431,204
"FluSight-baseline",2024-03-30,1,1,20.847027884971,0.287321635445824,1,1,32.4117647058824,0.430385466592996,0.387254901960784,0.990196078431373,204
"FluSight-baseline",2024-04-06,1,1,23.4866301865097,0.358120090088154,1,1,36.906862745098,0.556189171448098,0.264705882352941,1,204
"FluSight-baseline",2024-04-13,1,1,28.6175954328158,0.46704594438688,1,1,44.8235294117647,0.720267113199145,0.264705882352941,0.995098039215686,204
"FluSight-baseline",2024-04-20,1,1,25.9273204517454,0.573099478484501,1,1,42.0049019607843,0.931739376898035,0.318627450980392,1,204
"FluSight-baseline",2024-04-27,1,1,19.3508067763237,0.672730678439563,1,1,31.8118811881188,1.11805162040758,0.321782178217822,1,204
"FluSight-baseline",2024-05-04,1,1,17.3452618550889,0.71559287489475,1,1,28.485,1.24711607415588,0.38,1,204
"FluSight-baseline",2024-11-30,1,1,87.7783589087809,0.781678110735395,1,1,123.794117647059,1.20331481329406,0.205882352941176,0.833333333333333,204
"FluSight-baseline",2024-12-07,1,1,169.323949275362,0.955433178291881,1,1,213.485294117647,1.35524534508794,0.102941176470588,0.647058823529412,204
"FluSight-baseline",2024-12-14,1,1,289.489305200341,1.13898374531853,1,1,339.906862745098,1.5500491644494,0.0245098039215686,0.387254901960784,204
"FluSight-baseline",2024-12-21,1,1,334.825967604433,1.02194957759049,1,1,388.098039215686,1.34058086840045,0.0147058823529412,0.225490196078431,204
"FluSight-baseline",2024-12-28,1,1,341.534388320546,0.897482089883274,1,1,395.460784313725,1.13843699853376,0.0147058823529412,0.161764705882353,204
"FluSight-baseline",2025-01-04,1,1,213.166856351236,0.409386486623336,1,1,262.31862745098,0.527565698210117,0.0882352941176471,0.426470588235294,204
"FluSight-baseline",2025-01-11,1,1,213.965690537084,0.322282805624363,1,1,264.950980392157,0.412514818690527,0.0735294117647059,0.514705882352941,204
"FluSight-baseline",2025-01-18,1,1,326.001907502131,0.446529282868536,1,1,387,0.559043429511482,0.0490196078431373,0.416666666666667,204
"FluSight-baseline",2025-02-01,1,1,281.052139812447,0.405379098506651,1,1,338.049019607843,0.504081774867887,0.0882352941176471,0.367647058823529,204
"FluSight-baseline",2025-02-08,1,1,236.180944160273,0.281067664112499,1,1,293.598039215686,0.356069051826643,0.0931372549019608,0.514705882352941,204
"FluSight-baseline",2025-02-15,1,1,256.027975277067,0.334148997270628,1,1,320.990196078431,0.418238828249751,0.0882352941176471,0.5,204
"FluSight-baseline",2025-02-22,1,1,219.9940771526,0.343894113331702,1,1,286.759803921569,0.44606337112755,0.0637254901960784,0.549019607843137,204
"FluSight-baseline",2025-03-01,1,1,200.533190537084,0.397754522618062,1,1,264.088235294118,0.521478492511643,0.0735294117647059,0.622549019607843,204
"FluSight-baseline",2025-03-08,1,1,169.681777493606,0.411486422575524,1,1,232.897058823529,0.562588435426137,0.0735294117647059,0.715686274509804,204
"FluSight-baseline",2025-03-15,1,1,131.632299658994,0.465127105959751,1,1,189.632352941176,0.65350635770745,0.0980392156862745,0.803921568627451,204
"FluSight-baseline",2025-03-22,1,1,102.938480392157,0.491099379645684,1,1,159.31862745098,0.744079177617503,0.0735294117647059,0.931372549019608,204
"FluSight-baseline",2025-03-29,1,1,75.6370481670929,0.516104706329089,1,1,120.955882352941,0.795682595587322,0.161764705882353,0.941176470588235,204
"FluSight-baseline",2025-04-05,1,1,52.2211487638534,0.503694048754252,1,1,85.6617647058823,0.770001598900632,0.225490196078431,0.970588235294118,204
"FluSight-baseline",2025-04-12,1,1,32.5999722932651,0.45564593164593,1,1,51.7941176470588,0.667520951022372,0.495098039215686,1,204
"FluSight-baseline",2025-04-19,1,1,21.6405221653879,0.433053210869194,1,1,28.593137254902,0.542462800334097,0.754901960784314,1,204
"FluSight-baseline",2025-05-03,1,1,16.2447080136402,0.486638175693545,1,1,15.4558823529412,0.549345033090124,0.852941176470588,1,204
"FluSight-baseline",2025-05-10,1,1,14.9033972719523,0.489675087715657,1,1,12.4509803921569,0.48175017070805,0.901960784313726,1,204
"FluSight-baseline",2025-05-17,1,1,13.9695076726343,0.507517450675154,1,1,10.3235294117647,0.4798167153399,0.906862745098039,1,204
"FluSight-baseline",2025-11-22,1,1,56.9430775788576,0.760939935780614,1,1,90.8480392156863,1.22102850756216,0.254901960784314,0.96078431372549,204
"FluSight-baseline",2025-11-29,1,1,109.150080988917,0.826733437576666,1,1,155.220588235294,1.2669573312447,0.127450980392157,0.838235294117647,204
"FluSight-baseline",2025-12-06,1,1,227.187764279625,1.00771247208386,1,1,287.009803921569,1.42910504634843,0.0392156862745098,0.632352941176471,204
"FluSight-baseline",2025-12-13,1,1,348.162877237852,1.16453271362247,1,1,418.901960784314,1.54562263385435,0.00980392156862745,0.392156862745098,204
"FluSight-baseline",2025-12-20,1,1,377.41165601023,1.08417511803201,1,1,453.328431372549,1.40621389001408,0,0.274509803921569,204
"FluSight-baseline",2025-12-27,1,1,244.421216965047,0.569132130239018,1,1,305.049019607843,0.737451179277306,0.0833333333333333,0.475490196078431,204
"FluSight-baseline",2026-01-03,1,1,182.449426683717,0.329954959169709,1,1,241.995098039216,0.437696634205503,0.102941176470588,0.666666666666667,204
"FluSight-baseline",2026-01-10,1,1,305.04903026428,0.559266657710584,1,1,375.691176470588,0.682745221474156,0.053921568627451,0.455882352941176,204
"FluSight-baseline",2026-01-17,1,1,164.503015771526,0.432784251467585,1,1,225.397058823529,0.571779698642682,0.127450980392157,0.67156862745098,204
"FluSight-baseline",2026-01-24,1,1,87.147020460358,0.331335435464332,1,1,133.328431372549,0.474935671326577,0.200980392156863,0.931372549019608,204
"FluSight-baseline",2026-01-31,1,1,76.7161231884058,0.351794119192477,1,1,111.583333333333,0.498295215726881,0.21078431372549,0.92156862745098,204
"FluSight-baseline",2026-02-07,1,1,49.6291773231032,0.227540057587577,1,1,72.2254901960784,0.315570868159776,0.387254901960784,0.980392156862745,204
"FluSight-baseline",2026-02-14,1,1,47.8723849104859,0.225343410031968,1,1,69.4558823529412,0.289505302271427,0.436274509803922,0.980392156862745,204
"FluSight-baseline",2026-02-21,1,1,58.5074616368286,0.311000225171732,1,1,85.843137254902,0.418068117670822,0.377450980392157,0.980392156862745,204
"FluSight-baseline",2026-02-28,1,1,60.7358397271952,0.328384858390851,1,1,93.1519607843137,0.451967949467151,0.318627450980392,0.990196078431373,204
"FluSight-baseline",2026-03-07,1,1,46.9374701619778,0.392293744051758,1,1,75.906862745098,0.593411159715848,0.28921568627451,1,204
"FluSight-baseline",2026-03-14,1,1,46.7370907928389,0.452910883744544,1,1,76.3872549019608,0.70189176846617,0.299019607843137,1,204
"FluSight-baseline",2026-03-21,1,1,43.1010826939471,0.526947666050821,1,1,70.7009803921569,0.82743020910375,0.28921568627451,1,204
"FluSight-baseline",2026-03-28,1,1,34.1732374254049,0.582844615031579,1,1,54.8774509803922,0.904766912602664,0.372549019607843,1,204
"FluSight-baseline",2026-04-04,1,1,17.1727088661552,0.432678047530657,1,1,19.1372549019608,0.471935808034261,0.867647058823529,1,204
"FluSight-baseline",2026-04-11,1,1,15.4233802216539,0.472790480030978,1,1,14.4950980392157,0.511711246411606,0.872549019607843,1,204
"FluSight-baseline",2026-04-18,1,1,13.7370225916454,0.489025527126395,1,1,10.1176470588235,0.461120311353149,0.897058823529412,1,204
"FluSight-baseline",2026-04-25,1,1,13.5572868712702,0.525005095178667,1,1,10.2598039215686,0.536937917632782,0.862745098039216,1,204
"FluSight-baseline",2026-05-02,1,1,13.3844479965899,0.508777627496267,1,1,10.2009803921569,0.495262747101513,0.892156862745098,1,204
"FluSight-baseline",2026-05-09,1,1,12.3671909633419,0.505431310294286,1,1,7.75490196078431,0.479870205579437,0.941176470588235,1,204
"FluSight-baseline",2026-05-16,1,1,12.04539428815,0.526745550743546,1,1,7.4656862745098,0.569651599521845,0.941176470588235,1,204
"FluSight-baseline",2026-05-23,1,1,11.611447144075,0.530110881465992,1,1,6.59803921568627,0.53842907504013,0.96078431372549,1,204
"FluSight-baseline",2026-05-30,1,1,11.1748508098892,0.538305215794549,1,1,5.54901960784314,0.541145492285981,0.96078431372549,1,204
"UMass-AR2",2023-10-21,0.828622246434753,0.747083024929947,9.99070289145815,0.365614889003089,0.817387231854141,0.814947846392567,14.7169739984518,0.491589509715698,0.784313725490196,0.995098039215686,204
"UMass-AR2",2023-10-28,0.691878874234301,0.713509981686259,11.1291470279231,0.364947682843064,0.633041607406958,0.63029660491885,16.0898056286561,0.45816981256622,0.725490196078431,0.980392156862745,204
"UMass-AR2",2023-11-04,0.846605488225887,0.831481892844702,17.2137715530232,0.432249576903783,0.875584348416972,0.812275229203549,28.5723774873127,0.646959561890502,0.509803921568627,0.96078431372549,204
"UMass-AR2",2023-11-11,0.790266880019284,0.760081318091831,21.6516544194586,0.411910684860918,0.812462013509284,0.723281265985091,35.2266012336857,0.602561863479122,0.509803921568627,0.92156862745098,204
"UMass-AR2",2023-11-18,0.718997462285031,0.762190004425248,24.6649492604023,0.398486319497521,0.76872171185017,0.777295566050409,40.7648601901723,0.610002012879761,0.411764705882353,0.946078431372549,204
"UMass-AR2",2023-11-25,0.792894527617205,0.812873672867132,37.8426292872038,0.457754304579494,0.871745323007716,0.848225492746828,61.6076094205992,0.731575788752533,0.308823529411765,0.906862745098039,204
"UMass-AR2",2023-12-02,0.845190249954151,0.838976555521539,69.7475815081425,0.530600186704462,0.937860570002419,0.893820871185723,103.90483697365,0.81888202139152,0.200980392156863,0.75,204
"UMass-AR2",2023-12-09,0.790673623841857,0.840711464127723,99.0420526461611,0.55397510943422,0.908856426638442,0.922767646505888,143.100335409935,0.837797627386366,0.191176470588235,0.705882352941177,204
"UMass-AR2",2023-12-16,0.87122826885272,0.96167107041274,133.143994284277,0.670725779189417,0.981481221025612,1.06931491104362,185.196846279112,0.99401680375669,0.0686274509803922,0.553921568627451,204
"UMass-AR2",2023-12-23,0.778416924300088,0.893483611828152,100.42669361054,0.467745033630295,0.940958198336421,1.03143274945512,153.039470895118,0.714085325062625,0.142156862745098,0.637254901960784,204
"UMass-AR2",2023-12-30,0.967194669718126,0.939797658427687,67.8908300887149,0.258916118523609,1.07553386313664,1.04051659356722,101.975372454848,0.39367882955842,0.46078431372549,0.872549019607843,204
"UMass-AR2",2024-01-06,1.02475795820278,0.8665333172642,92.2082303238041,0.231958091175533,1.19810145262122,0.995618190024814,144.64138517233,0.357522785558471,0.5,0.897058823529412,204
"UMass-AR2",2024-01-13,0.457475743152099,0.559641178725164,41.1107059359292,0.184905076769581,0.51562720987843,0.63535344075272,62.7220059467316,0.279846476037062,0.661764705882353,0.985294117647059,204
"UMass-AR2",2024-01-20,0.720767737188221,0.811451447438127,39.9215466072908,0.202349264548348,0.757075794082693,0.846483914803428,61.772189178953,0.299689637654799,0.637254901960784,0.975490196078431,204
"UMass-AR2",2024-01-27,1.08331328993931,1.16062614095824,53.6127661207085,0.261923727534247,1.14911514151094,1.20840042870885,83.5361644539568,0.399314722372135,0.5,0.926470588235294,204
"UMass-AR2",2024-02-03,0.871230343101549,0.966266018761811,38.9115382141204,0.220375193272877,0.935208459653876,1.01944159155862,61.6824991404064,0.33565761403735,0.583333333333333,0.970588235294118,204
"UMass-AR2",2024-02-10,1.00983805673105,1.02023482301409,35.4337776257168,0.207310364303199,1.08962213018035,1.07749503943036,57.0609471407682,0.317577383565989,0.573529411764706,0.990196078431373,204
"UMass-AR2",2024-02-17,0.985867602164973,1.09034741625574,32.3580454362636,0.218459262614969,1.11322976597619,1.21647127051095,53.2822325244681,0.33157188003492,0.553921568627451,0.975490196078431,204
"UMass-AR2",2024-02-24,0.921341603149358,0.943109640491159,28.2041069446612,0.190836829546956,0.878145281936588,0.958070271514888,40.4721663763127,0.278873872020227,0.622549019607843,0.980392156862745,204
"UMass-AR2",2024-03-02,0.983462582414901,1.052861850906,31.894631444781,0.220219827230994,0.933675172907665,1.08538800269983,44.775216747822,0.311098039322844,0.666666666666667,0.965686274509804,204
"UMass-AR2",2024-03-09,0.631131407501039,0.719808165397184,28.4706207226256,0.201129875278643,0.663590011506979,0.768270273971125,44.5808877828586,0.311098351209173,0.622549019607843,0.990196078431373,204
"UMass-AR2",2024-03-16,0.532481662418426,0.66060086116045,22.4909102103222,0.198589176814386,0.518172142817644,0.67412104179146,32.7693079141688,0.29652820026259,0.632352941176471,0.990196078431373,204
"UMass-AR2",2024-03-23,0.73397700304898,0.766286104363331,19.8711654638668,0.219488135192122,0.694243027086117,0.760938785053661,28.9676306203776,0.322356685616795,0.686274509803922,1,204
"UMass-AR2",2024-03-30,0.796002461922656,0.810952211794637,16.5942855202072,0.233004115761243,0.728229250408362,0.802966250228329,23.6031951161769,0.345585004262948,0.661764705882353,0.995098039215686,204
"UMass-AR2",2024-04-06,0.793431059776947,0.814568365555986,18.6350218794716,0.29171329645587,0.782940829862639,0.85627149603331,28.8958897452736,0.476248933913391,0.529411764705882,0.995098039215686,204
"UMass-AR2",2024-04-13,0.824393292365802,0.859966552418194,23.5921537184515,0.401643890615285,0.85660279788869,0.925312097948765,38.3959607053636,0.666471873597802,0.382352941176471,0.980392156862745,204
"UMass-AR2",2024-04-20,0.796060171629584,0.891806648167401,20.6397071687117,0.511093924973749,0.803504816731939,0.903532468733635,33.7511410518431,0.84185677942502,0.397058823529412,0.96078431372549,204
"UMass-AR2",2024-04-27,0.823219640250477,0.96244031810373,15.9299641929617,0.647463128155511,0.79265578896105,0.936492036858444,25.2158717815035,1.04704643930837,0.376237623762376,0.930693069306931,204
"UMass-AR2",2024-05-04,1.01743641687004,1.05083151713941,17.6477010715142,0.751967546379804,1.00260292679675,1.01116791374439,28.5591443698053,1.2610437589013,0.285,0.925,204
"UMass-AR2",2024-11-30,0.943812270082585,0.90076289469171,82.8462921858204,0.704106637743161,0.924429614731088,0.883275268422854,114.438948482446,1.06285821470951,0.215686274509804,0.656862745098039,204
"UMass-AR2",2024-12-07,0.981792519782089,0.947347558995552,166.240986818513,0.905127289238176,0.965559026857644,0.92790653591391,206.132652836653,1.25754101347401,0.0931372549019608,0.436274509803922,204
"UMass-AR2",2024-12-14,0.960708851109515,0.950173009794288,278.114937807511,1.08223161339608,0.970986520642172,0.932236934333814,330.044981999259,1.445013081133,0.0294117647058824,0.215686274509804,204
"UMass-AR2",2024-12-21,0.91729672870879,0.922753144193262,307.134764770302,0.943007185928601,0.968267703377674,0.9444379422268,375.782797116751,1.26609543674073,0.0245098039215686,0.176470588235294,204
"UMass-AR2",2024-12-28,0.849933676257157,0.933053492628708,290.281578233521,0.837398798537301,0.918143177879534,0.982596537059624,363.089621236537,1.11862425241983,0.053921568627451,0.230392156862745,204
"UMass-AR2",2025-01-04,0.697853606146679,0.860202113024191,148.759259415661,0.352155120836944,0.884235580984907,1.01010849038666,231.951463947281,0.532898590998807,0.259803921568627,0.740196078431373,204
"UMass-AR2",2025-01-11,0.901069174156893,0.927215402453526,192.79788807016,0.298825581320845,1.12337883806192,1.10160598646669,297.640324496307,0.454428793775705,0.313725490196078,0.813725490196078,204
"UMass-AR2",2025-01-18,1.29549516299205,1.41090608374894,422.333894295194,0.63001088177127,1.37773368989307,1.55869985450312,533.182937988617,0.871380912240474,0.137254901960784,0.416666666666667,204
"UMass-AR2",2025-02-01,0.892614289150388,1.06501870044486,250.871155992883,0.431736320679064,1.04656589526822,1.23630895874723,353.790574850427,0.623200814210372,0.191176470588235,0.583333333333333,204
"UMass-AR2",2025-02-08,0.73600930194172,0.812814906375968,173.831371843339,0.228455987090913,0.886480216186511,0.966777593160584,260.268853275857,0.344239580923934,0.441176470588235,0.848039215686274,204
"UMass-AR2",2025-02-15,0.529263197701495,0.660199761622272,135.50618489618,0.22060508834439,0.657796538441147,0.838765057524823,211.146239853937,0.350804114836017,0.397058823529412,0.901960784313726,204
"UMass-AR2",2025-02-22,0.433732008054341,0.602253719806705,95.4184728434589,0.207111508973646,0.507382557735558,0.720818142839448,145.496922769473,0.321530570764864,0.509803921568627,0.946078431372549,204
"UMass-AR2",2025-03-01,0.399907469100221,0.527047915507567,80.1947206982778,0.209635692029557,0.48843222762617,0.660687974948568,128.98920505457,0.344534569196749,0.436274509803922,0.955882352941177,204
"UMass-AR2",2025-03-08,0.361433932087798,0.486316919397325,61.3287520431609,0.200112809400755,0.419571618827298,0.570580593261109,97.7169959907048,0.321002043247284,0.553921568627451,0.985294117647059,204
"UMass-AR2",2025-03-15,0.421658249392507,0.557358925880826,55.5038450377214,0.259242744175784,0.463009089998352,0.639457384945807,87.8015031695405,0.417889466545065,0.450980392156863,0.955882352941177,204
"UMass-AR2",2025-03-22,0.458579699611495,0.594522728403608,47.2054974166991,0.291969743104271,0.460280829810633,0.646442891096998,73.3313100474284,0.481004694784135,0.465686274509804,0.96078431372549,204
"UMass-AR2",2025-03-29,0.546880105839972,0.790763328903978,41.3643969070429,0.4081166756398,0.524037861029845,0.773645180421976,63.3854618672128,0.61557600522178,0.441176470588235,0.906862745098039,204
"UMass-AR2",2025-04-05,0.530648538793784,0.681647501501434,27.7110762856716,0.343341789854477,0.514791726137059,0.707478550195834,44.0979677168878,0.544759614838694,0.446078431372549,0.946078431372549,204
"UMass-AR2",2025-04-12,0.601686888470087,0.751893214176399,19.6149758933457,0.342597084071658,0.587723702069191,0.797321795547685,30.4406305689366,0.532229003234856,0.509803921568627,0.980392156862745,204
"UMass-AR2",2025-04-19,0.650088275080392,0.763742947225507,14.068249726336,0.330741335574707,0.711161407978341,0.876495371306692,20.334335748714,0.475466133598902,0.67156862745098,0.990196078431373,204
"UMass-AR2",2025-05-03,0.722941826513039,0.814662732299573,11.7439788825521,0.396445985851783,1.01332353105191,1.04404829499672,15.6618092814052,0.573542745162661,0.666666666666667,0.970588235294118,204
"UMass-AR2",2025-05-10,0.655526814691113,0.748547438814216,9.76957654175908,0.366545032760682,1.00771652295291,1.05412704399713,12.5470586681391,0.50782588339359,0.745098039215686,1,204
"UMass-AR2",2025-05-17,0.669897861773566,0.749565771141575,9.35814331992712,0.380417709283128,1.16451065658787,1.10829061793606,12.0218600135984,0.531776363940109,0.725490196078431,1,204
"UMass-AR6_fourierP_thetaP",2023-10-21,3.775113928026,1.84307915152839,45.5165689777111,0.901984326940298,3.6388043070976,2.08829904430131,65.5163015594621,1.25969521592346,0.0980392156862745,0.504901960784314,204
"UMass-AR6_fourierP_thetaP",2023-10-28,2.54360228335838,1.48201848064393,40.9148549641508,0.7580261304311,2.3977150910306,1.51513304101436,60.9419180606512,1.1013675402929,0.0931372549019608,0.553921568627451,204
"UMass-AR6_fourierP_thetaP",2023-11-04,1.47778964089879,1.02806805184069,30.0474466981823,0.534445769968718,1.42530996145473,1.02719526003104,46.5112177127652,0.818138694266588,0.225490196078431,0.779411764705882,204
"UMass-AR6_fourierP_thetaP",2023-11-11,0.915284692420972,0.704662256513218,25.0768801739936,0.381877446224683,0.932590351315326,0.745204885821407,40.4351069636716,0.620826317217995,0.303921568627451,0.936274509803922,204
"UMass-AR6_fourierP_thetaP",2023-11-18,0.737541662865112,0.615506016376288,25.3011013894081,0.321797354557701,0.779316234860848,0.672043391439732,41.3266815133562,0.527402753117199,0.303921568627451,0.901960784313726,204
"UMass-AR6_fourierP_thetaP",2023-11-25,0.392136919027808,0.356945838304643,18.7155939910331,0.20100724065693,0.422973312358482,0.373787007680548,29.8921874719227,0.322383054161477,0.549019607843137,0.985294117647059,204
"UMass-AR6_fourierP_thetaP",2023-12-02,0.378552007180166,0.311967447423958,31.2392233314356,0.197299894448143,0.430038097651554,0.330910403521339,47.6435835540332,0.303166539147342,0.593137254901961,0.96078431372549,204
"UMass-AR6_fourierP_thetaP",2023-12-09,0.457097572081513,0.3496618503075,57.2573568074208,0.23040480599375,0.549642575633561,0.403993390312748,86.5417623987743,0.366792989725431,0.387254901960784,0.916666666666667,204
"UMass-AR6_fourierP_thetaP",2023-12-16,0.581173078397143,0.449081712109802,88.8167978412621,0.313215911907683,0.665859051730782,0.505783624463582,125.641727834672,0.470167783680381,0.284313725490196,0.754901960784314,204
"UMass-AR6_fourierP_thetaP",2023-12-23,0.570271480173688,0.472311634490155,73.5730139291698,0.247258504167246,0.66563716108547,0.533579423946318,108.260663566935,0.369409674645991,0.362745098039216,0.764705882352941,204
"UMass-AR6_fourierP_thetaP",2023-12-30,0.840828096842862,0.755629476929515,59.0207113871012,0.208177419313786,0.943650263945213,0.837970931897886,89.4709970844525,0.31704579985848,0.455882352941176,0.848039215686274,204
"UMass-AR6_fourierP_thetaP",2024-01-06,1.17923826727517,1.17743412306231,106.108445301808,0.315181616481573,1.34147330301715,1.35099609053345,161.950022091698,0.485137666633114,0.220588235294118,0.764705882352941,204
"UMass-AR6_fourierP_thetaP",2024-01-13,0.565835824965142,0.651838823715914,50.8484013772548,0.215367117936428,0.671195598940831,0.792214523539563,81.6456803319447,0.348937187489336,0.348039215686274,0.931372549019608,204
"UMass-AR6_fourierP_thetaP",2024-01-20,0.625226317292284,0.722930391519576,34.6297430893063,0.180275028783888,0.655335574639171,0.765277712702614,53.4708854895539,0.270939348538476,0.57843137254902,0.975490196078431,204
"UMass-AR6_fourierP_thetaP",2024-01-27,1.27537688421908,1.49663866427154,63.1179209600819,0.337753186736109,1.26402235217953,1.57212392384077,91.8894680530509,0.519506790355768,0.32843137254902,0.799019607843137,204
"UMass-AR6_fourierP_thetaP",2024-02-03,1.24732308493056,1.38862543362738,55.7088722505307,0.31670222524373,1.25371095630502,1.47160937841919,82.689612338647,0.484536727601988,0.357843137254902,0.784313725490196,204
"UMass-AR6_fourierP_thetaP",2024-02-10,1.574473426348,1.68387489304976,55.2460277120197,0.342161147262011,1.60282980517063,1.85536930130136,83.9364255325383,0.546845513615957,0.28921568627451,0.867647058823529,204
"UMass-AR6_fourierP_thetaP",2024-02-17,1.41106919894668,1.58029407054331,46.3139686839898,0.316623740487431,1.53433965128554,1.84105319273939,73.4377076232943,0.501813304727276,0.308823529411765,0.892156862745098,204
"UMass-AR6_fourierP_thetaP",2024-02-24,1.08907307958201,1.25650311127843,33.3387024987117,0.254251531081141,1.17477566135377,1.37021964277098,54.143337098275,0.398841785053527,0.416666666666667,0.92156862745098,204
"UMass-AR6_fourierP_thetaP",2024-03-02,0.845460497693902,1.14997345527974,27.4190919484234,0.240531989476124,0.847362731102019,1.22020067014816,40.6360274429953,0.349738559039972,0.524509803921569,0.946078431372549,204
"UMass-AR6_fourierP_thetaP",2024-03-09,0.391167711105236,0.604513945287098,17.6457508047504,0.168914191675923,0.380889139652931,0.582068676519695,25.5886551908991,0.235699091440558,0.696078431372549,0.990196078431373,204
"UMass-AR6_fourierP_thetaP",2024-03-16,0.367747938278077,0.572294178075828,15.5329027149558,0.172042509178837,0.346008646284134,0.512267513107322,21.8816546358413,0.225333069727406,0.764705882352941,0.995098039215686,204
"UMass-AR6_fourierP_thetaP",2024-03-23,0.547741845974607,0.678286645121551,14.8291687718163,0.194282357484667,0.510144780204686,0.639654766491037,21.2860410250112,0.27097710685163,0.735294117647059,1,204
"UMass-AR6_fourierP_thetaP",2024-03-30,0.655781642145455,0.760595263373109,13.6710981802584,0.218535474984709,0.622201439061764,0.732691078224274,20.1666466425313,0.31533959157008,0.676470588235294,0.995098039215686,204
"UMass-AR6_fourierP_thetaP",2024-04-06,0.51630016095044,0.648080489361971,12.1261509454784,0.232090643234684,0.480272629663966,0.631121900842519,17.7253560232353,0.35102316711235,0.656862745098039,0.990196078431373,204
"UMass-AR6_fourierP_thetaP",2024-04-13,0.567218417917413,0.69702990084572,16.2324272060024,0.325544988306383,0.58216718911937,0.727255199973995,26.0947881240565,0.523818003444336,0.470588235294118,0.990196078431373,204
"UMass-AR6_fourierP_thetaP",2024-04-20,0.646956332278025,0.784611207167176,16.7738441452583,0.449660273640604,0.639708671236473,0.788479063499287,26.8709000187516,0.734656991321971,0.441176470588235,0.965686274509804,204
"UMass-AR6_fourierP_thetaP",2024-04-27,0.695172760469181,0.845600260006331,13.4521537640027,0.56886123660273,0.658164559938291,0.818633320319512,20.9374527829874,0.915274310302864,0.391089108910891,0.955445544554455,204
"UMass-AR6_fourierP_thetaP",2024-05-04,0.806813974769413,0.905278454994329,13.9943996607205,0.64781081218967,0.766998121115386,0.847942114041234,21.8479414799718,1.05748224037454,0.42,0.925,204
"UMass-AR6_fourierP_thetaP",2024-11-30,0.594087735168626,0.419080405742051,52.1480464409364,0.327585979806669,0.61829682582243,0.411377295781204,76.541509996665,0.495016393866375,0.42156862745098,0.867647058823529,204
"UMass-AR6_fourierP_thetaP",2024-12-07,0.719295211006165,0.489051384571116,121.793905822419,0.467255918708826,0.737218165233143,0.496704375605347,157.38523683367,0.673156292923961,0.284313725490196,0.632352941176471,204
"UMass-AR6_fourierP_thetaP",2024-12-14,0.795188731341523,0.585236692672948,230.198633339198,0.666575080118464,0.820057150910956,0.590396772156872,278.743053437826,0.915144023375384,0.102941176470588,0.362745098039216,204
"UMass-AR6_fourierP_thetaP",2024-12-21,0.760041612034766,0.586153685036355,254.481668169174,0.599019510826012,0.811442749355203,0.613777470361126,314.91933996054,0.822818334221348,0.0784313725490196,0.333333333333333,204
"UMass-AR6_fourierP_thetaP",2024-12-28,0.739281156452662,0.611939437119851,252.489937565966,0.549204684908318,0.806743342838506,0.662265075007701,319.035355098792,0.753947064225505,0.0784313725490196,0.362745098039216,204
"UMass-AR6_fourierP_thetaP",2025-01-04,0.58997443963887,0.572778143588342,125.7629966254,0.234487631818268,0.737924472367861,0.671127893645702,193.571334754026,0.35406405579948,0.338235294117647,0.774509803921569,204
"UMass-AR6_fourierP_thetaP",2025-01-11,0.792764047303073,0.829205337674351,169.624306814176,0.267238622664387,0.965655974266312,0.97018864928903,255.851497103403,0.400217194757072,0.245098039215686,0.696078431372549,204
"UMass-AR6_fourierP_thetaP",2025-01-18,1.0735108337593,1.07229140959383,349.966579529734,0.478809514152023,1.14241508128547,1.18681712485609,442.114636457476,0.663482315682506,0.17156862745098,0.475490196078431,204
"UMass-AR6_fourierP_thetaP",2025-02-01,1.16492283037693,1.3196983777811,327.404054193808,0.534978138685593,1.25744353169506,1.44612085369143,425.077553101739,0.72896316660224,0.102941176470588,0.338235294117647,204
"UMass-AR6_fourierP_thetaP",2025-02-08,0.69468734399988,0.896016960968031,164.071912802084,0.251841394224465,0.839289358065421,1.07779579446709,246.4137098626,0.383769726598641,0.279411764705882,0.764705882352941,204
"UMass-AR6_fourierP_thetaP",2025-02-15,0.414687919997877,0.621353006186376,106.171708528915,0.207624483968268,0.504605646144058,0.772021528666905,161.973465298065,0.322889379533228,0.450980392156863,0.867647058823529,204
"UMass-AR6_fourierP_thetaP",2025-02-22,0.289566497637064,0.535841665456942,63.7029144219766,0.184272794428498,0.308545781542161,0.619323544638282,88.4785278158571,0.276257548140015,0.598039215686274,0.901960784313726,204
"UMass-AR6_fourierP_thetaP",2025-03-01,0.285669137576763,0.476373319079652,57.2861435962456,0.189479642118508,0.327778802519354,0.555543077738233,86.5625255241554,0.289703766704212,0.558823529411765,0.931372549019608,204
"UMass-AR6_fourierP_thetaP",2025-03-08,0.212024411203406,0.375471378861253,35.9766789650291,0.154501374467116,0.232429785614127,0.400939797811525,54.1322134525137,0.225564093550858,0.602941176470588,0.995098039215686,204
"UMass-AR6_fourierP_thetaP",2025-03-15,0.250024775568231,0.434467838884972,32.9113361797701,0.202082768533154,0.269991521481857,0.477810844526955,51.1991274927727,0.312252424679931,0.544117647058823,0.946078431372549,204
"UMass-AR6_fourierP_thetaP",2025-03-22,0.231626762969397,0.37652482452469,23.843306998224,0.184911107745275,0.222583056205771,0.358987764651542,35.4616270085478,0.267115320696665,0.696078431372549,0.985294117647059,204
"UMass-AR6_fourierP_thetaP",2025-03-29,0.296083759368995,0.62719141415112,22.3949015688866,0.32369644061259,0.263273695032359,0.587914075360246,31.8445020829581,0.467792997464961,0.602941176470588,0.965686274509804,204
"UMass-AR6_fourierP_thetaP",2025-04-05,0.299227361083351,0.554700102057924,15.625996537349,0.279399140249953,0.259521996711227,0.503819074482907,22.2311122182779,0.387941492908475,0.642156862745098,0.955882352941177,204
"UMass-AR6_fourierP_thetaP",2025-04-12,0.390723415053127,0.713646695842384,12.7375725050619,0.325170213593143,0.367402203180738,0.72208928198755,19.0292729353318,0.482009724235391,0.637254901960784,0.970588235294118,204
"UMass-AR6_fourierP_thetaP",2025-04-19,0.58123402540113,0.948318803558442,12.5782078099708,0.410672502808615,0.683937101393357,1.12703697267645,19.5559074138601,0.611375632278129,0.524509803921569,0.955882352941177,204
"UMass-AR6_fourierP_thetaP",2025-05-03,0.524783963278747,0.742084193500556,8.52496225370414,0.361126498136126,0.802460932697778,0.917652443828395,12.4027417686083,0.504107812120143,0.705882352941177,0.970588235294118,204
"UMass-AR6_fourierP_thetaP",2025-05-10,0.472453654011652,0.702747943470244,7.04116449832113,0.34411816086079,0.761781500784624,0.975643575693309,9.48492652937719,0.470016459140464,0.75,0.995098039215686,204
"UMass-AR6_fourierP_thetaP",2025-05-17,0.498478791546859,0.721580173610473,6.96350330315931,0.366214530168522,0.90751091714025,1.05426511230586,9.36871564459493,0.50585402328405,0.730392156862745,1,204
"UMass-AR6_pooled",2023-10-21,0.731589930196931,0.662550527751812,8.82078373158386,0.324245538420085,0.722328192029168,0.727946948507129,13.0054456519073,0.439109183611828,0.754901960784314,1,204
"UMass-AR6_pooled",2023-10-28,0.599917268947451,0.631634792983767,9.64990801040889,0.323069978022878,0.546934214523851,0.595922582877099,13.901242983691,0.433182942713028,0.725490196078431,0.985294117647059,204
"UMass-AR6_pooled",2023-11-04,0.73056935410011,0.730065907214686,14.8544441773847,0.379528023666012,0.744430128026576,0.725703364390933,24.2925066778084,0.578006953565697,0.553921568627451,0.955882352941177,204
"UMass-AR6_pooled",2023-11-11,0.717934943939689,0.668287896583841,19.6699111336365,0.362165098146583,0.732097126623712,0.660484349331013,31.7421530054167,0.550246078597996,0.534313725490196,0.936274509803922,204
"UMass-AR6_pooled",2023-11-18,0.66033492318143,0.6373172543354,22.6525519622556,0.33320065280033,0.715207207576043,0.655481044046274,37.9270175076354,0.514405039391186,0.446078431372549,0.955882352941177,204
"UMass-AR6_pooled",2023-11-25,0.706167010238648,0.648200937711127,33.7033684210464,0.3650219946516,0.752432667277067,0.674937472446732,53.1755968830072,0.582118691298559,0.372549019607843,0.901960784313726,204
"UMass-AR6_pooled",2023-12-02,0.793784727662621,0.692756307547656,65.5054468453353,0.438125027101599,0.849462344925812,0.732847792807411,94.1112669493543,0.671405089422834,0.25,0.774509803921569,204
"UMass-AR6_pooled",2023-12-09,0.789558824776736,0.686896192192364,98.9024097083315,0.452620678409001,0.869650847845789,0.757321177004993,136.92737859219,0.687585751046576,0.225490196078431,0.696078431372549,204
"UMass-AR6_pooled",2023-12-16,0.833182661391271,0.745760603746757,127.329738338404,0.520137162722522,0.91314857766797,0.817784844786514,172.303079412614,0.76019876762215,0.142156862745098,0.583333333333333,204
"UMass-AR6_pooled",2023-12-23,0.767867675840715,0.721478194521777,99.0656926998726,0.377698972754097,0.881426166767807,0.833979729889539,143.357052878378,0.57738392234338,0.17156862745098,0.656862745098039,204
"UMass-AR6_pooled",2023-12-30,0.863319306156219,0.848067740406693,60.5994492749226,0.233644344207614,0.967285611650546,0.96473585588386,91.7119524536513,0.365007232873951,0.436274509803922,0.872549019607843,204
"UMass-AR6_pooled",2024-01-06,1.20279798336077,1.155897104584,108.22836026299,0.309416476704129,1.39548528619509,1.35023664052,168.470645237317,0.48486495096056,0.240196078431373,0.838235294117647,204
"UMass-AR6_pooled",2024-01-13,0.621645494777554,0.710177335146686,55.863694446633,0.234642123680828,0.743688014016293,0.882942642444495,90.4638140579133,0.388899109034825,0.362745098039216,0.926470588235294,204
"UMass-AR6_pooled",2024-01-20,0.575347807479677,0.704378410489067,31.8670954964018,0.175648775753851,0.604704879158971,0.715206269752204,49.3397682039268,0.253212026929363,0.627450980392157,0.985294117647059,204
"UMass-AR6_pooled",2024-01-27,1.14127523309596,1.40619581233179,56.4812808257516,0.317342541074338,1.1990883793405,1.50425858601825,87.1690228706844,0.497080756826266,0.367647058823529,0.897058823529412,204
"UMass-AR6_pooled",2024-02-03,1.08260153386838,1.26135738249508,48.3519557018859,0.287676345391635,1.14349904882374,1.35006574338746,75.4204887349188,0.444517714375538,0.416666666666667,0.892156862745098,204
"UMass-AR6_pooled",2024-02-10,1.32503627115755,1.5137381126009,46.4936335734771,0.30758957889305,1.43058564351543,1.65825844026115,74.9164040670362,0.488749699500022,0.367647058823529,0.96078431372549,204
"UMass-AR6_pooled",2024-02-17,1.15569231327822,1.41255383032463,37.9320147059052,0.283015728359638,1.33690802907529,1.64459230603217,63.9880882151524,0.448264234446745,0.367647058823529,0.970588235294118,204
"UMass-AR6_pooled",2024-02-24,0.881548861793949,1.10192577932144,26.9859716417802,0.222973038439357,0.901035326152058,1.15847500242392,41.5271281200081,0.337207425352806,0.612745098039216,0.970588235294118,204
"UMass-AR6_pooled",2024-03-02,0.829363873944482,1.06383206713231,26.8970630566557,0.222514391441832,0.824123935389921,1.12637149793066,39.521590489802,0.322844884671413,0.622549019607843,0.955882352941177,204
"UMass-AR6_pooled",2024-03-09,0.542975371505397,0.698082369137139,24.4938624193432,0.1950592207596,0.570682484215561,0.733238075019342,38.3392325792856,0.296912641176689,0.627450980392157,0.990196078431373,204
"UMass-AR6_pooled",2024-03-16,0.473360445243459,0.6411758944935,19.9937538181791,0.192749662567826,0.449302682370429,0.602417995980068,28.4139897316711,0.264987907333452,0.676470588235294,0.985294117647059,204
"UMass-AR6_pooled",2024-03-23,0.581884593032821,0.714402809031278,15.7535249483264,0.204627148316318,0.533906862665452,0.678874093569477,22.2775255637663,0.28759160007691,0.715686274509804,1,204
"UMass-AR6_pooled",2024-03-30,0.693108531719222,0.809252378301271,14.4492528880619,0.232515716821944,0.641073123056674,0.773305894780006,20.7783112237781,0.332819618344007,0.676470588235294,1,204
"UMass-AR6_pooled",2024-04-06,0.575798544372335,0.703156225360631,13.5235674736036,0.251814370772196,0.54218783724637,0.6975843442509,20.0104520913133,0.387988858444073,0.656862745098039,0.990196078431373,204
"UMass-AR6_pooled",2024-04-13,0.618798103645078,0.733614094272879,17.7085137847085,0.342631487475203,0.629500665475579,0.764631618180589,28.2164415936701,0.550739008287724,0.495098039215686,0.990196078431373,204
"UMass-AR6_pooled",2024-04-20,0.698012399385341,0.798755394114168,18.0975911581555,0.457766299803512,0.69152983645679,0.804246053559973,29.0476429833247,0.749347716816673,0.441176470588235,0.965686274509804,204
"UMass-AR6_pooled",2024-04-27,0.739605054022125,0.853253696223032,14.3119544911746,0.574009937941185,0.698017798147417,0.834141517710341,22.2052592618579,0.932613275525282,0.425742574257426,0.965346534653465,204
"UMass-AR6_pooled",2024-05-04,0.872037310860549,0.913599911730367,15.1257155042838,0.653765587338723,0.82696474757311,0.862746428140422,23.55609083462,1.07594493845449,0.45,0.935,204
"UMass-AR6_pooled",2024-11-30,0.882980903494462,0.754177492353938,77.5066146565365,0.589524037382384,0.860142534212746,0.731443413565298,106.480586073572,0.880156694629497,0.245098039215686,0.71078431372549,204
"UMass-AR6_pooled",2024-12-07,0.932611328474487,0.799649243747963,157.913433276242,0.764011418472815,0.910274936412356,0.790151814699226,194.330312527914,1.07084956878392,0.147058823529412,0.509803921568627,204
"UMass-AR6_pooled",2024-12-14,0.932252524472014,0.83593989585227,269.877135580667,0.952121953439002,0.933374718179223,0.83011567947714,317.26047222189,1.28672011536989,0.0294117647058824,0.284313725490196,204
"UMass-AR6_pooled",2024-12-21,0.873586272943241,0.774026203152068,292.499369124171,0.791015751355226,0.913580682969855,0.802425953051307,354.558871725928,1.07571688096858,0.0441176470588235,0.240196078431373,204
"UMass-AR6_pooled",2024-12-28,0.813286833610543,0.750887620704262,277.76542124633,0.67390819109714,0.882403845645952,0.808158597246783,348.956116880596,0.920037647788883,0.0686274509803922,0.343137254901961,204
"UMass-AR6_pooled",2025-01-04,0.634099502414904,0.648143402021104,135.168997543668,0.265341150181516,0.79811664165034,0.760632076930284,209.360861983503,0.401283392746737,0.294117647058824,0.794117647058823,204
"UMass-AR6_pooled",2025-01-11,0.877448412760413,0.927033780812705,187.74385554695,0.298767047788879,1.06899913018031,1.06918399713098,283.232367579635,0.441054242723298,0.299019607843137,0.691176470588235,204
"UMass-AR6_pooled",2025-01-18,0.988302416147655,1.00800217697407,322.188472853101,0.450102489214154,1.11230449807986,1.15730032562981,430.461840756906,0.646981143014846,0.176470588235294,0.583333333333333,204
"UMass-AR6_pooled",2025-02-01,0.990031717746328,1.21469283111336,278.250532754798,0.492411084839227,1.1178850297356,1.36890694664088,377.899938336406,0.690041043291713,0.181372549019608,0.480392156862745,204
"UMass-AR6_pooled",2025-02-08,0.663942311951118,0.839825989436596,156.810522104569,0.236047929111912,0.81033241540242,1.02805856598658,237.912008275061,0.366059838813101,0.367647058823529,0.799019607843137,204
"UMass-AR6_pooled",2025-02-15,0.518788948479917,0.719328962702591,132.824484075432,0.240363051594791,0.624196522089822,0.895794186276608,200.360964017087,0.374655910821267,0.431372549019608,0.862745098039216,204
"UMass-AR6_pooled",2025-02-22,0.389718125458436,0.614760374884711,85.7356793598699,0.211412474032442,0.462685096630527,0.74212211764968,132.679487587202,0.331033493587132,0.455882352941176,0.911764705882353,204
"UMass-AR6_pooled",2025-03-01,0.371414347534633,0.558672730731801,74.4809041223695,0.222214605311956,0.445407570628052,0.666528245525946,117.626899313802,0.3475801446933,0.446078431372549,0.931372549019608,204
"UMass-AR6_pooled",2025-03-08,0.256414897291219,0.419648711101238,43.5089355482146,0.172679746869478,0.292934479412243,0.457946785673036,68.2235786831131,0.257635565660222,0.612745098039216,0.990196078431373,204
"UMass-AR6_pooled",2025-03-15,0.2737445903654,0.481048646010692,36.0336299490069,0.22374876454481,0.294197648373644,0.53230500219995,55.789392290855,0.347864703177146,0.514705882352941,0.955882352941177,204
"UMass-AR6_pooled",2025-03-22,0.246974901052986,0.420459884453054,25.4232210093977,0.206487588420791,0.231448740356694,0.400520014353592,36.8740956388868,0.298018602899571,0.686274509803922,0.990196078431373,204
"UMass-AR6_pooled",2025-03-29,0.326636803008833,0.707307759397526,24.7058436023244,0.365044863448146,0.292719276061753,0.663211054641747,35.4061183177635,0.527705493379551,0.588235294117647,0.955882352941177,204
"UMass-AR6_pooled",2025-04-05,0.32330430040767,0.623294440464574,16.8833219675825,0.313949700283617,0.28382032514121,0.575464602248474,24.3125499109934,0.443108663842041,0.647058823529412,0.955882352941177,204
"UMass-AR6_pooled",2025-04-12,0.419144343217308,0.811468785974093,13.664093975763,0.369742450986757,0.399690310358054,0.825794911100503,20.7016069570745,0.551235404407243,0.617647058823529,0.970588235294118,204
"UMass-AR6_pooled",2025-04-19,0.622430117031616,1.08584561233961,13.4697127440277,0.470228928931892,0.757725561655246,1.39480496964192,21.6657509859561,0.756629809751871,0.544117647058823,0.96078431372549,204
"UMass-AR6_pooled",2025-05-03,0.561944484488969,0.812068074217117,9.12862407039888,0.395183326175988,0.829994810417935,1.01366794857524,12.8283021433713,0.556853452752463,0.700980392156863,0.970588235294118,204
"UMass-AR6_pooled",2025-05-10,0.505370942713582,0.755846606449198,7.53174392896154,0.370119253312593,0.788320272778181,1.09608788722095,9.81536025910088,0.528040526779716,0.774509803921569,0.995098039215686,204
"UMass-AR6_pooled",2025-05-17,0.538211621689937,0.769729402989164,7.51855137869851,0.390651104314769,0.944100042778817,1.1519333177302,9.74644455927543,0.552716860803897,0.725490196078431,1,204
"UMass-chronos_small",2023-10-21,0.877074858225106,0.704014342110285,10.5748962929694,0.34453751050142,0.887056659097121,0.883114439920023,15.9713649520469,0.532708683708838,0.465686274509804,0.857843137254902,204
"UMass-chronos_small",2023-10-28,0.8040161401942,0.673143743216443,12.9329195763452,0.34430106881836,0.694507633797491,0.719128345093967,17.6520669489515,0.522742620714544,0.426470588235294,0.813725490196078,204
"UMass-chronos_small",2023-11-04,1.11058199139129,0.900869814882717,22.5811253961661,0.468321198187743,0.901442257052018,0.858474192878435,29.4161818882122,0.683756032131514,0.28921568627451,0.651960784313726,204
"UMass-chronos_small",2023-11-11,1.21779313092191,1.05455084789548,33.3649766829,0.571492485919526,0.948500616049337,0.974486221044801,41.1249417399297,0.811839405915963,0.245098039215686,0.549019607843137,204
"UMass-chronos_small",2023-11-18,1.31439181198212,1.26928716056635,45.0897382138119,0.663605618104308,1.04578947004505,1.15530761080304,55.4576004262123,0.906656359389885,0.161764705882353,0.450980392156863,204
"UMass-chronos_small",2023-11-25,1.38220452616019,1.37960401224893,65.9687406845464,0.776897685706344,1.09079589012272,1.18960195611746,77.0882566073493,1.02600546292228,0.107843137254902,0.333333333333333,204
"UMass-chronos_small",2023-12-02,1.33408868487915,1.5126906337775,110.092916112966,0.956682195022107,1.11358280124867,1.31770906220173,123.372965152065,1.20723099588202,0.0490196078431373,0.200980392156863,204
"UMass-chronos_small",2023-12-09,1.27010179821799,1.58444495970686,159.096604935249,1.04404793725134,1.11224585711436,1.40236682792632,175.124200639771,1.27323449799182,0.0490196078431373,0.17156862745098,204
"UMass-chronos_small",2023-12-16,1.29203446472823,1.60432646668663,197.452993132785,1.11895132602955,1.14959293696441,1.46085489266077,216.918043738093,1.35798565619716,0.0392156862745098,0.122549019607843,204
"UMass-chronos_small",2023-12-23,1.13183678804865,1.6203341402135,146.022809605151,0.848256461420412,1.06224493841146,1.58089406983382,172.765807899774,1.09449041281967,0.0490196078431373,0.181372549019608,204
"UMass-chronos_small",2023-12-30,1.39631657708414,2.05629449445993,98.0124213386148,0.56651321087325,1.36900292227697,2.1063196911581,129.800267268045,0.796924792759116,0.112745098039216,0.406862745098039,204
"UMass-chronos_small",2024-01-06,1.51901911682207,1.6803038672693,136.68209499523,0.449792373681828,1.47951147599917,1.76761660807721,178.614748190723,0.634744543491546,0.156862745098039,0.514705882352941,204
"UMass-chronos_small",2024-01-13,0.90398329039136,1.33852800169853,81.2357633788618,0.44224876996381,0.845560747621618,1.40118177254295,102.855833099169,0.617161655517216,0.186274509803922,0.549019607843137,204
"UMass-chronos_small",2024-01-20,1.76244033623133,2.2251919342549,97.6172217417867,0.554889578171255,1.45250858082432,2.16312132667157,118.514731999121,0.76583268182256,0.151960784313725,0.5,204
"UMass-chronos_small",2024-01-27,2.40258916847188,3.14932741631125,118.903231751774,0.710722899473035,1.90584365815949,2.83785097153072,138.547360051496,0.937765037075566,0.147058823529412,0.382352941176471,204
"UMass-chronos_small",2024-02-03,1.80364819240712,2.1709910015787,80.5558783843904,0.495135451601261,1.53459021205222,2.08008279495421,101.215251486091,0.68488046175064,0.21078431372549,0.504901960784314,204
"UMass-chronos_small",2024-02-10,2.39450000568483,2.42742361466919,84.0195912212598,0.493249262349779,1.95278893084068,2.30858371379055,102.262961510642,0.680424455555964,0.205882352941176,0.490196078431373,204
"UMass-chronos_small",2024-02-17,1.64133569787254,2.02624126262292,53.8717521209645,0.405972596911076,1.44596771974634,2.07976452613235,69.207984390212,0.566878520419137,0.17156862745098,0.53921568627451,204
"UMass-chronos_small",2024-02-24,1.40230882025795,1.61405614119945,42.9274742406105,0.326601853562736,1.25465846327969,1.57652304140899,57.8249944693902,0.458892315061253,0.230392156862745,0.568627450980392,204
"UMass-chronos_small",2024-03-02,1.70078332279405,1.83234892267276,55.1580286000764,0.383259743745736,1.44329379081458,1.87865029318625,69.2144272330345,0.538465895449147,0.264705882352941,0.622549019607843,204
"UMass-chronos_small",2024-03-09,1.14716117707175,1.1421834583404,51.748954959236,0.319150612016983,1.00308616467524,1.08529015397225,67.3887053278147,0.439470312627254,0.32843137254902,0.598039215686274,204
"UMass-chronos_small",2024-03-16,0.792178468274134,0.97515620772982,33.4599593901201,0.293150493655604,0.732869126696742,0.951351654259839,46.3467872721307,0.418474689804708,0.362745098039216,0.67156862745098,204
"UMass-chronos_small",2024-03-23,0.930916831148225,1.03249864492347,25.2029727198557,0.295739673305095,0.848580558959367,1.04344587070913,35.4074397934418,0.442035232148939,0.397058823529412,0.794117647058823,204
"UMass-chronos_small",2024-03-30,0.919952056692561,1.05294374325407,19.1782661787062,0.302533518344207,0.913373341739935,1.10920238132728,29.6040418411002,0.477384584433603,0.313725490196078,0.799019607843137,204
"UMass-chronos_small",2024-04-06,0.596862247183881,0.700151989382414,14.0182828718969,0.250738493513031,0.578129624636434,0.693204281035872,21.3369507053319,0.385552714713616,0.495098039215686,0.892156862745098,204
"UMass-chronos_small",2024-04-13,0.592198243613692,0.734485889064793,16.9472897517607,0.343038655697103,0.586945182229095,0.716318404656231,26.3089546387394,0.515940589453161,0.377450980392157,0.813725490196078,204
"UMass-chronos_small",2024-04-20,0.423629860083106,0.657014461115594,10.9835871353028,0.376534645022123,0.402944461636316,0.594745189577718,16.9256426066745,0.554147512350247,0.475490196078431,0.852941176470588,204
"UMass-chronos_small",2024-04-27,0.469149284764637,0.713652030481237,9.07841715873095,0.480095614635414,0.430927979753205,0.628217382889953,13.708629692545,0.702379462908319,0.405940594059406,0.801980198019802,204
"UMass-chronos_small",2024-05-04,0.579295747211279,0.802715135379082,10.048036426919,0.574417231447446,0.50634599732206,0.644582009326598,14.4232657337189,0.803868584942894,0.36,0.7,204
"UMass-chronos_small",2024-11-30,0.963682271570548,0.822485112659681,84.5904483079488,0.642918608971808,0.809660483280415,0.727448569884113,100.23120512139,0.875349640051133,0.205882352941176,0.524509803921569,204
"UMass-chronos_small",2024-12-07,0.970252959861848,0.920122305398762,164.287062959918,0.879115378664392,0.858310345195186,0.828127688249691,183.236636488213,1.12231619463883,0.122549019607843,0.357843137254902,204
"UMass-chronos_small",2024-12-14,0.981535421560995,0.945449753050345,284.144007217216,1.07685190073976,0.896776673351655,0.843552698305839,304.820545621947,1.30754815517801,0.0490196078431373,0.200980392156863,204
"UMass-chronos_small",2024-12-21,0.940166734960036,0.928633533049284,314.792236742495,0.949016646836079,0.896119698385975,0.872416769990433,347.782297846149,1.16954523112089,0.0392156862745098,0.205882352941176,204
"UMass-chronos_small",2024-12-28,0.933373600639412,0.951322093010195,318.779181768927,0.85379454018692,0.913716700794789,0.917598463676967,361.339123136857,1.0446280408476,0.0490196078431373,0.254901960784314,204
"UMass-chronos_small",2025-01-04,0.992234887438558,1.04036521003084,211.5115917173,0.425911458139674,1.02416805367098,1.06200076279416,268.658358118113,0.56027517392318,0.176470588235294,0.534313725490196,204
"UMass-chronos_small",2025-01-11,1.01129488071568,1.02168147905694,216.382407488948,0.32927037352492,1.08098842735538,1.03168297959716,286.408943620383,0.425584517274625,0.230392156862745,0.431372549019608,204
"UMass-chronos_small",2025-01-18,1.22063370331725,1.48072975756947,397.928915642814,0.661189196769599,1.23604939361048,1.48825042134255,478.351115327255,0.831996619519246,0.127450980392157,0.401960784313726,204
"UMass-chronos_small",2025-02-01,0.991767539176575,1.27471999549584,278.738389082101,0.516744842622504,1.02386187476821,1.33150349527612,346.115502979241,0.671186645141581,0.117647058823529,0.397058823529412,204
"UMass-chronos_small",2025-02-08,1.26464182791927,1.21385822629718,298.684300942547,0.341176296229089,1.22156313556612,1.20953501622923,358.648541380377,0.430677986379865,0.215686274509804,0.42156862745098,204
"UMass-chronos_small",2025-02-15,1.29104435131933,1.35292117606774,330.543471261182,0.452077254369235,1.19970515021836,1.31910249895428,385.093591404896,0.551699883503956,0.122549019607843,0.338235294117647,204
"UMass-chronos_small",2025-02-22,1.02348283611739,1.23378991020787,225.16016201317,0.424293087208537,0.973405427078004,1.24902591508472,279.133549405079,0.557144710308362,0.166666666666667,0.431372549019608,204
"UMass-chronos_small",2025-03-01,0.84372505284019,1.06207590075605,169.194876782113,0.422445492889371,0.776856179943142,1.06032209566216,205.158577638514,0.552935168022691,0.200980392156863,0.534313725490196,204
"UMass-chronos_small",2025-03-08,0.508694800606614,0.826685893328824,86.3162379686858,0.340170020839529,0.514546367260028,0.860214968793557,119.836335563192,0.48394699342371,0.284313725490196,0.691176470588235,204
"UMass-chronos_small",2025-03-15,0.664310347595021,0.948160164176696,87.4446987411982,0.441014993149829,0.594001019652752,0.914802593011833,112.641811006209,0.597829310580493,0.230392156862745,0.509803921568627,204
"UMass-chronos_small",2025-03-22,0.471518051208454,0.652886746123326,48.5373516688695,0.320632276000054,0.418627761748419,0.626356681063332,66.6952004146342,0.466058964140833,0.308823529411765,0.700980392156863,204
"UMass-chronos_small",2025-03-29,0.471796735534664,0.751276657819868,35.6853124107126,0.387737418856022,0.428162747412588,0.729576902508108,51.788802903949,0.58051164346821,0.299019607843137,0.696078431372549,204
"UMass-chronos_small",2025-04-05,0.486422239195511,0.828188236705136,25.4015281150755,0.417153486076655,0.432455819856269,0.82589647679034,37.0449286862171,0.635941607654961,0.303921568627451,0.735294117647059,204
"UMass-chronos_small",2025-04-12,0.581348824909694,0.919777965177702,18.9519555847783,0.419093087850791,0.558873973647336,0.977686952771463,28.9463843409694,0.652626524516172,0.343137254901961,0.823529411764706,204
"UMass-chronos_small",2025-04-19,0.839941218060597,1.13719545488893,18.1767665470633,0.492466143125505,0.985688069682096,1.46299111301626,28.1839142669396,0.793618256030699,0.225490196078431,0.818627450980392,204
"UMass-chronos_small",2025-05-03,0.739097337385523,0.891598290262625,12.0064204394868,0.433885765424888,1.25298976135587,1.30592168409405,19.3660623409562,0.717401590761755,0.303921568627451,0.887254901960784,204
"UMass-chronos_small",2025-05-10,0.672787058388205,0.885554962345878,10.0268128105876,0.433634203863753,1.26117183252168,1.3985100597954,15.702825757868,0.673732460043361,0.372549019607843,0.867647058823529,204
"UMass-chronos_small",2025-05-17,0.678550881810077,0.907789382051802,9.47902174971862,0.460718952928904,1.40729621282402,1.47755795574827,14.5282638441539,0.708957005051474,0.333333333333333,0.813725490196078,204
"UMass-flusion",2023-10-21,0.802624178774133,0.687532135548278,9.67724404954697,0.336471285033027,0.812010619754378,0.890369323516559,14.6201686442839,0.537084944945742,0.593137254901961,0.965686274509804,204
"UMass-flusion",2023-10-28,0.602044436130076,0.591766545191061,9.68412434105578,0.302678077384607,0.557683115013979,0.628035205889151,14.1744441723401,0.456525975741638,0.651960784313726,0.975490196078431,204
"UMass-flusion",2023-11-04,0.588463311014617,0.569033531812373,11.9650452826246,0.295814623850026,0.522573632192451,0.546645845174359,17.0528072034566,0.43539153206732,0.666666666666667,0.985294117647059,204
"UMass-flusion",2023-11-11,0.608771647110935,0.534808667509689,16.6790658407561,0.289828731821107,0.591155777149406,0.537264265148214,25.63123996245,0.447592066894653,0.622549019607843,0.975490196078431,204
"UMass-flusion",2023-11-18,0.51833884090525,0.508436242967404,17.7814274475915,0.265819396715926,0.494926820058053,0.502840489362325,26.245678134255,0.394616570665694,0.681372549019608,0.980392156862745,204
"UMass-flusion",2023-11-25,0.471889303403741,0.444668943642088,22.5219513457481,0.250406834246499,0.476339498213183,0.447442904298117,33.6636595379386,0.385909641283701,0.642156862745098,0.980392156862745,204
"UMass-flusion",2023-12-02,0.46015529754135,0.439457920942868,37.9733664975547,0.277929643404743,0.55372013035593,0.475262081031774,61.3462189518351,0.435415625381131,0.549019607843137,0.950980392156863,204
"UMass-flusion",2023-12-09,0.471395948421993,0.437733121178886,59.0484125598405,0.288438143233427,0.590681194613416,0.499667299043476,93.0033331910927,0.453657081721825,0.470588235294118,0.936274509803922,204
"UMass-flusion",2023-12-16,0.513659216571939,0.439456378876058,78.4991055046696,0.306502640258168,0.616157064228529,0.501513013750788,116.263401339945,0.466197897197944,0.397058823529412,0.808823529411765,204
"UMass-flusion",2023-12-23,0.49392520308446,0.442176868872533,63.7232741069797,0.231482739765238,0.5924600041486,0.493457473906545,96.3589729296392,0.341632298223308,0.416666666666667,0.843137254901961,204
"UMass-flusion",2023-12-30,0.751406586400811,0.722313316459642,52.7438978750223,0.198998751038105,0.835565366275113,0.820073456278635,79.2230652671237,0.310274300684515,0.519607843137255,0.92156862745098,204
"UMass-flusion",2024-01-06,0.686393529007392,0.793603159229119,61.7620308374888,0.212435771710245,0.801157627754976,0.93994889871851,96.7201473350468,0.33753215029557,0.436274509803922,0.926470588235294,204
"UMass-flusion",2024-01-13,0.41959887770853,0.546894490688346,37.7069305438258,0.180693579439497,0.476895523922358,0.666754070076288,58.0106001281044,0.29367713295636,0.544117647058823,0.970588235294118,204
"UMass-flusion",2024-01-20,0.603512196004828,0.677909956560153,33.427051486606,0.169048415124565,0.649778618541241,0.735494699036846,53.0174760079361,0.260394953757112,0.602941176470588,0.985294117647059,204
"UMass-flusion",2024-01-27,1.13156883725549,1.3066955842275,56.000914956614,0.294887876548114,1.21574262081196,1.45989361392839,88.3797209149086,0.482420395829838,0.343137254901961,0.931372549019608,204
"UMass-flusion",2024-02-03,1.11986417184122,1.24018096450767,50.0162073810424,0.282846663796517,1.20435467602331,1.39132038152414,79.4342753230078,0.458101065809888,0.362745098039216,0.911764705882353,204
"UMass-flusion",2024-02-10,1.40031957290324,1.47408033474213,49.1352172959423,0.299531170975676,1.50647183503926,1.67228866803304,78.8903853613942,0.492884923202756,0.294117647058824,0.946078431372549,204
"UMass-flusion",2024-02-17,1.19104788984417,1.33697417680051,39.0924518177792,0.267872779303755,1.32895189813235,1.57629825254624,63.6072859478642,0.429649419400578,0.313725490196078,0.941176470588235,204
"UMass-flusion",2024-02-24,0.868232822794201,0.972741699030906,26.5783410878745,0.196832832410134,0.894743029658892,1.05256790917944,41.2371272786907,0.30638012380133,0.495098039215686,0.950980392156863,204
"UMass-flusion",2024-03-02,0.743535129057404,0.899380573246034,24.1135548332726,0.188117210519804,0.750721775131709,0.997812471250044,36.0015251280074,0.285996807266734,0.583333333333333,0.955882352941177,204
"UMass-flusion",2024-03-09,0.492542629813049,0.619951201420378,22.2188188330792,0.173227692897485,0.537538533682426,0.679988080036295,36.1125764907728,0.275349935703921,0.583333333333333,0.990196078431373,204
"UMass-flusion",2024-03-16,0.428778011959341,0.559800982031173,18.1106852080852,0.168286816953534,0.419772044552062,0.559394947594541,26.5464664057164,0.246063194534594,0.593137254901961,0.995098039215686,204
"UMass-flusion",2024-03-23,0.509223094763249,0.616727440512243,13.7863398063271,0.176649889733169,0.481774511876535,0.60699781134294,20.1022776720248,0.257142632869423,0.725490196078431,1,204
"UMass-flusion",2024-03-30,0.626857277332361,0.706046802107595,13.0681111404447,0.202862521882848,0.606852390529091,0.71085482145978,19.6691568930311,0.305941584013848,0.602941176470588,1,204
"UMass-flusion",2024-04-06,0.471734757608133,0.604230956588769,11.079459798065,0.216387244607622,0.444981677508585,0.602957270072661,16.4228776958928,0.335358304460321,0.593137254901961,0.990196078431373,204
"UMass-flusion",2024-04-13,0.490415654212399,0.63545474670582,14.0345167861701,0.296786562290345,0.502539252941439,0.657990847667764,22.5255829847868,0.473929168361119,0.465686274509804,0.970588235294118,204
"UMass-flusion",2024-04-20,0.593663458389247,0.759371844383546,15.3921027261494,0.435195607992024,0.574195700593592,0.734179346023227,24.1190341097377,0.684063806395089,0.387254901960784,0.926470588235294,204
"UMass-flusion",2024-04-27,0.636348674493491,0.814600586007005,12.3138602424932,0.548006804881758,0.58766619327068,0.761886491290891,18.6947671186009,0.851828426154423,0.405940594059406,0.905940594059406,204
"UMass-flusion",2024-05-04,0.730424763652045,0.855429468358872,12.6694087909861,0.612139232532613,0.679608220981413,0.782599729440249,19.3586401746555,0.975992702214976,0.395,0.925,204
"UMass-flusion",2024-11-30,0.835555884274474,0.66164177453473,73.3437242981886,0.517190892301922,0.817146691729036,0.638652557409651,101.157953690809,0.768500082879169,0.235294117647059,0.725490196078431,204
"UMass-flusion",2024-12-07,0.907157092650695,0.736370239597354,153.603421540772,0.703552558418054,0.885054067720118,0.724154195630305,188.946027957249,0.981406602753875,0.137254901960784,0.504901960784314,204
"UMass-flusion",2024-12-14,0.898776475084472,0.767768029528142,260.186177302615,0.874475305807793,0.89978781325654,0.749569980831305,305.844052740303,1.16187032248392,0.0343137254901961,0.299019607843137,204
"UMass-flusion",2024-12-21,0.814913543859065,0.688001943648357,272.854215836569,0.703103295692875,0.865488778141132,0.712390773217651,335.894497759754,0.955017441400584,0.0637254901960784,0.28921568627451,204
"UMass-flusion",2024-12-28,0.742799196938428,0.645745275132365,253.691469371359,0.579544819058045,0.839420037263374,0.718684393230595,331.957706304831,0.818176903522497,0.0833333333333333,0.387254901960784,204
"UMass-flusion",2025-01-04,0.578702166920858,0.551460786160478,123.360121686168,0.225760593756781,0.75243553116814,0.660508535372171,197.377855781376,0.348461646637361,0.377450980392157,0.892156862745098,204
"UMass-flusion",2025-01-11,0.768201400841677,0.793142559392234,164.368743202645,0.255616209301017,0.967669065346251,0.962225003921414,256.384867558651,0.396932073032134,0.284313725490196,0.901960784313726,204
"UMass-flusion",2025-01-18,1.00131358701141,1.04455067065714,326.430139373521,0.466422461888379,1.22054066030523,1.29307515636313,472.349235538123,0.722885170029338,0.161764705882353,0.740196078431373,204
"UMass-flusion",2025-02-01,1.06819979628924,1.23224864493069,300.21983849431,0.499527844818043,1.21464847999497,1.38793996601039,410.610727830455,0.699635241476592,0.122549019607843,0.465686274509804,204
"UMass-flusion",2025-02-08,0.65515862842032,0.768387359566657,154.73598343506,0.215968840286971,0.834404874173375,0.926533456411492,244.979634969314,0.329909889310103,0.372549019607843,0.82843137254902,204
"UMass-flusion",2025-02-15,0.463141484704795,0.627356275070166,118.577176595783,0.209630470246132,0.565002311135539,0.793959044975256,181.360202636164,0.332064500648742,0.372549019607843,0.901960784313726,204
"UMass-flusion",2025-02-22,0.348736118540194,0.518589571939851,76.7198805680297,0.178339901025322,0.400406806584205,0.617301206680102,114.820577344948,0.275355457252831,0.446078431372549,0.946078431372549,204
"UMass-flusion",2025-03-01,0.332693134991884,0.479445737926176,66.7160158297075,0.19070171061009,0.390741444100956,0.572672406450102,103.190218428897,0.298636343218614,0.372549019607843,0.965686274509804,204
"UMass-flusion",2025-03-08,0.236926661948554,0.36737711178495,40.2021371350574,0.151170693464517,0.256942786590864,0.40903962627831,59.841219282934,0.230120963375206,0.519607843137255,0.995098039215686,204
"UMass-flusion",2025-03-15,0.256284838337826,0.404432497354046,33.7353626381416,0.188112517050362,0.261420665511197,0.444298867826038,49.5738159083365,0.290352134846538,0.5,0.980392156862745,204
"UMass-flusion",2025-03-22,0.249861291248846,0.370603969127895,25.7203416299784,0.182003379332937,0.231848311951901,0.367330934380235,36.9377548370037,0.273323299567114,0.612745098039216,0.985294117647059,204
"UMass-flusion",2025-03-29,0.310192569304123,0.5269328448179,23.4620503055303,0.271952521129893,0.279107114595836,0.521147399861114,33.7596473169228,0.414667915805075,0.529411764705882,0.950980392156863,204
"UMass-flusion",2025-04-05,0.289016604423639,0.485695921393545,15.0927790948306,0.244642145110142,0.25939010765655,0.473755916849152,22.2198143691088,0.364792813462482,0.583333333333333,0.955882352941177,204
"UMass-flusion",2025-04-12,0.367653371045542,0.601460981760137,11.9854897096102,0.274053249382773,0.360924896126625,0.65106849563936,18.6937865317349,0.434601861389891,0.573529411764706,0.980392156862745,204
"UMass-flusion",2025-04-19,0.574088958651372,0.810275864907176,12.4235848345995,0.350892564987866,0.696454017478616,1.03020409910612,19.9138053134939,0.558847400516774,0.480392156862745,0.965686274509804,204
"UMass-flusion",2025-05-03,0.458616061200016,0.60396911350303,7.45008400456002,0.293914427570362,0.741586098683788,0.845275846045117,11.4618674958333,0.464348087615938,0.593137254901961,0.975490196078431,204
"UMass-flusion",2025-05-10,0.408139298205127,0.551303416868822,6.0826621034468,0.269959549013182,0.722800186269607,0.860096077911502,8.9995709466902,0.41435143235919,0.637254901960784,0.985294117647059,204
"UMass-flusion",2025-05-17,0.427347677944658,0.579766173029871,5.96983666593034,0.29424145012381,0.855451710361513,0.958418429652224,8.83128089226151,0.459865182836955,0.544117647058823,0.985294117647059,204
"UMass-flusion_spatial2_prod",2023-10-21,0.674531996313221,0.521430459132303,8.13283591521118,0.255182801745981,0.697400752215991,0.637642316584499,12.5566296326671,0.384635992562351,0.514705882352941,0.946078431372549,204
"UMass-flusion_spatial2_prod",2023-10-28,0.564504992648746,0.498008022347983,9.08028745369239,0.254722258213719,0.544856075172082,0.531272600051556,13.8484236147143,0.386188130615949,0.441176470588235,0.931372549019608,204
"UMass-flusion_spatial2_prod",2023-11-04,0.778221884855188,0.621163565552844,15.8233485723471,0.322914654797432,0.737593013158785,0.637018283627944,24.0693955323433,0.50737121467593,0.294117647058824,0.931372549019608,204
"UMass-flusion_spatial2_prod",2023-11-11,0.660973668961757,0.573659056294532,18.1092917121522,0.310882913617934,0.646947451177702,0.582756586573339,28.0502466611947,0.485491483430184,0.299019607843137,0.901960784313726,204
"UMass-flusion_spatial2_prod",2023-11-18,0.490801809008022,0.47637553029618,16.8367794757216,0.249057493097867,0.496697219248255,0.496413299173482,26.3395613619001,0.389572673435871,0.553921568627451,0.950980392156863,204
"UMass-flusion_spatial2_prod",2023-11-25,0.471486234920171,0.390076728372934,22.5027140188782,0.21966426947891,0.479695147950663,0.396275445001334,33.9008085686505,0.341778835603378,0.588235294117647,0.975490196078431,204
"UMass-flusion_spatial2_prod",2023-12-02,0.38256700379869,0.322347475358855,31.5705526432924,0.20386461276358,0.428961953079066,0.340101070457408,47.5243583408822,0.311586651231501,0.637254901960784,0.990196078431373,204
"UMass-flusion_spatial2_prod",2023-12-09,0.371069250194506,0.323607391902111,46.4812017309514,0.213236583527139,0.436754301892383,0.363280478021391,68.7673930234477,0.329828991853546,0.593137254901961,0.96078431372549,204
"UMass-flusion_spatial2_prod",2023-12-16,0.369595707682113,0.296453033457801,56.482842155618,0.206763724080532,0.425726378309999,0.324206653612251,80.3308111778764,0.30137694541805,0.593137254901961,0.916666666666667,204
"UMass-flusion_spatial2_prod",2023-12-23,0.379191863698289,0.325555530049989,48.9210652112657,0.170430638386515,0.441775730575455,0.360980027610085,71.851357670407,0.249915024021912,0.549019607843137,0.936274509803922,204
"UMass-flusion_spatial2_prod",2023-12-30,0.652091570849713,0.623868791134755,45.7726240899809,0.171877089094764,0.703594532769797,0.706834218983042,66.7104188864383,0.267430303121935,0.534313725490196,0.965686274509804,204
"UMass-flusion_spatial2_prod",2024-01-06,0.438714610873028,0.557712142530517,39.475758701835,0.149291252199311,0.453253914677307,0.625711799352731,54.7193010327094,0.224690777752681,0.612745098039216,0.995098039215686,204
"UMass-flusion_spatial2_prod",2024-01-13,0.358233956185278,0.469601531285385,32.1924190505136,0.155156036571925,0.369674334696632,0.518031048607648,44.9679834092987,0.228170895334863,0.700980392156863,0.985294117647059,204
"UMass-flusion_spatial2_prod",2024-01-20,0.643022442851377,0.684122553228533,35.6154265755123,0.170597632111917,0.686705312987191,0.748545544344617,56.0304408562343,0.265015482314093,0.563725490196078,0.990196078431373,204
"UMass-flusion_spatial2_prod",2024-01-27,1.23689613290414,1.40736240884015,61.2135230914719,0.317605812161568,1.30360442586082,1.54259821798691,94.7669295858622,0.50975005015958,0.25,0.936274509803922,204
"UMass-flusion_spatial2_prod",2024-02-03,1.19015919463436,1.27212329974314,53.1557760236363,0.290131715908899,1.26530024964581,1.43991423074607,83.453994406786,0.474100899073298,0.303921568627451,0.926470588235294,204
"UMass-flusion_spatial2_prod",2024-02-10,1.54498019036645,1.55084925403109,54.2111521116525,0.315130513662234,1.60335474553761,1.71346328685715,83.9639154244032,0.505020596442052,0.230392156862745,0.882352941176471,204
"UMass-flusion_spatial2_prod",2024-02-17,1.24332481184962,1.32953832204048,40.8082795960788,0.266382950168959,1.36203159018067,1.55238603782807,65.1905708162944,0.423131700337167,0.269607843137255,0.906862745098039,204
"UMass-flusion_spatial2_prod",2024-02-24,0.826661733375925,0.872438888800986,25.3057669983605,0.176536708314785,0.84286919034241,0.939742958609355,38.8463535666634,0.273539181167529,0.504901960784314,0.941176470588235,204
"UMass-flusion_spatial2_prod",2024-03-02,0.682979027987852,0.791252837304923,22.1496626020057,0.165500880269696,0.697204565843449,0.896525063878956,33.4350601355219,0.256965425159267,0.441176470588235,0.941176470588235,204
"UMass-flusion_spatial2_prod",2024-03-09,0.496567312888844,0.587850012905576,22.4003740908558,0.164257930740486,0.529549801131199,0.644126684232583,35.5758824730543,0.26082845610934,0.485294117647059,0.965686274509804,204
"UMass-flusion_spatial2_prod",2024-03-16,0.374572436790068,0.483604057117651,15.8211552391208,0.145380572829386,0.381320248553032,0.504465915060112,24.11476728717,0.22190135096372,0.598039215686274,0.990196078431373,204
"UMass-flusion_spatial2_prod",2024-03-23,0.453513270627009,0.546809932633779,12.278092097236,0.15662334438132,0.4670515110823,0.573969694121843,19.4879532467281,0.24315092340648,0.568627450980392,0.985294117647059,204
"UMass-flusion_spatial2_prod",2024-03-30,0.609590093219424,0.64707437747034,12.7081416717474,0.185918468389867,0.632991009656923,0.685401851051043,20.5163556659391,0.294986995468306,0.450980392156863,0.980392156862745,204
"UMass-flusion_spatial2_prod",2024-04-06,0.39291775469854,0.51508479127785,9.22831399831834,0.184462211855462,0.375226230106868,0.499950836441267,13.8484229729147,0.278067241485052,0.5,0.970588235294118,204
"UMass-flusion_spatial2_prod",2024-04-13,0.388528995276337,0.550515378106689,11.1187656007366,0.257115974667339,0.388928444413761,0.547369803211664,17.4331455672521,0.39425246801165,0.426470588235294,0.926470588235294,204
"UMass-flusion_spatial2_prod",2024-04-20,0.455082196522875,0.683520891032179,11.7990619411328,0.391725466183803,0.420822287764768,0.631075816566323,17.676598940472,0.587998188102925,0.348039215686274,0.92156862745098,204
"UMass-flusion_spatial2_prod",2024-04-27,0.512199433511291,0.733828654248956,9.91147226881945,0.493669048431291,0.451078472886139,0.658998276294887,14.3496547859719,0.736794090657298,0.400990099009901,0.900990099009901,204
"UMass-flusion_spatial2_prod",2024-05-04,0.591807945350363,0.764629348609454,10.2650637800242,0.547163313800339,0.520188340235702,0.670327029274554,14.817564871614,0.835975613149454,0.385,0.925,204
"UMass-flusion_spatial2_prod",2024-11-30,0.771842289490951,0.586482145256653,67.7510495079118,0.458440255284262,0.755095088036644,0.557197148590737,93.4763301631245,0.670483582824446,0.220588235294118,0.681372549019608,204
"UMass-flusion_spatial2_prod",2024-12-07,0.816957981330018,0.622684191201746,138.330551790826,0.594933135871994,0.776512742270275,0.577073548949308,165.77405116967,0.78207624098693,0.142156862745098,0.455882352941176,204
"UMass-flusion_spatial2_prod",2024-12-14,0.772973467082488,0.589319891097971,223.767551924008,0.671225776753476,0.7778889947149,0.559611232168959,264.40980775748,0.867424922839997,0.0833333333333333,0.313725490196078,204
"UMass-flusion_spatial2_prod",2024-12-21,0.623750031795693,0.439618476308301,208.847707939289,0.449267916164243,0.679984002845373,0.44755502174156,263.900458202323,0.599983699703281,0.122549019607843,0.416666666666667,204
"UMass-flusion_spatial2_prod",2024-12-28,0.63620936950254,0.487378992680661,217.28737785685,0.437413916916245,0.77778409889335,0.579053281916987,307.583109775108,0.6592156802567,0.137254901960784,0.544117647058823,204
"UMass-flusion_spatial2_prod",2025-01-04,0.564876577641516,0.487490755938287,120.412964282287,0.19957212783493,0.712871598611832,0.577401104513132,186.999499296642,0.304617016849763,0.401960784313726,0.897058823529412,204
"UMass-flusion_spatial2_prod",2025-01-11,0.772062522407708,0.74153380824024,165.194890744768,0.238983596184983,0.953870602213799,0.892275117847724,252.728951223803,0.368076708461023,0.166666666666667,0.965686274509804,204
"UMass-flusion_spatial2_prod",2025-01-18,1.20713648726317,1.35308679020611,393.528797463216,0.604192874089624,1.44208879102401,1.68193559517918,558.088362126292,0.940275043346405,0.0980392156862745,0.637254901960784,204
"UMass-flusion_spatial2_prod",2025-02-01,1.14491928164872,1.24865519330677,321.782014019901,0.506178716608347,1.31599011155939,1.41544426437574,444.86916702627,0.713499657013093,0.0833333333333333,0.455882352941176,204
"UMass-flusion_spatial2_prod",2025-02-08,0.704545016762956,0.733835301132944,166.40010726249,0.206257373932729,0.923095346960519,0.903697827491915,271.018983876732,0.321778828572844,0.323529411764706,0.867647058823529,204
"UMass-flusion_spatial2_prod",2025-02-15,0.522382128075657,0.619417171214764,133.744438572136,0.206977626653622,0.667814756403508,0.782624237848306,214.361989602032,0.32732384419753,0.323529411764706,0.936274509803922,204
"UMass-flusion_spatial2_prod",2025-02-22,0.405502292204565,0.533315589536244,89.2081025568073,0.183404091789541,0.480915379690991,0.635432500162794,137.907199983055,0.283443163146623,0.352941176470588,0.950980392156863,204
"UMass-flusion_spatial2_prod",2025-03-01,0.388992248612634,0.525955338522501,78.0058567084862,0.209201114592438,0.452293448521486,0.62074145257427,119.44537865513,0.323703316927917,0.254901960784314,0.955882352941177,204
"UMass-flusion_spatial2_prod",2025-03-08,0.300969412001014,0.440954887619485,51.0690247995376,0.181446949223734,0.337255947165765,0.502252752250005,78.5459181656502,0.282561590076801,0.28921568627451,0.990196078431373,204
"UMass-flusion_spatial2_prod",2025-03-15,0.333431918858797,0.476206423100803,43.8904102590946,0.221496515416321,0.380693553085577,0.551224710400835,72.1918142211546,0.360228852772393,0.294117647058824,0.970588235294118,204
"UMass-flusion_spatial2_prod",2025-03-22,0.34577285788588,0.482130073592622,35.5933325516257,0.236773780049864,0.350544802495491,0.497022493205557,55.8483167936566,0.369824088001792,0.338235294117647,0.941176470588235,204
"UMass-flusion_spatial2_prod",2025-03-29,0.333628267972782,0.521815206283524,25.2346573745611,0.269311283797011,0.309182691243696,0.517749024847972,37.3974652276382,0.41196388795384,0.436274509803922,0.92156862745098,204
"UMass-flusion_spatial2_prod",2025-04-05,0.285989032518116,0.454684210652437,14.9346758119591,0.229021730968157,0.254445064362018,0.439309009218635,21.7962132339523,0.338268639509802,0.387254901960784,0.897058823529412,204
"UMass-flusion_spatial2_prod",2025-04-12,0.324665328693825,0.486396954559645,10.5840807200025,0.221624793510073,0.328985958888909,0.539952457848209,17.0395374589226,0.360429578169704,0.5,0.970588235294118,204
"UMass-flusion_spatial2_prod",2025-04-19,0.543672122323373,0.679517000559264,11.7653486138424,0.294267018932393,0.667838101894311,0.874466862902223,19.0955865115172,0.474365743249313,0.411764705882353,0.96078431372549,204
"UMass-flusion_spatial2_prod",2025-05-03,0.390173152148566,0.511013808727968,6.33824893141508,0.248678827633588,0.646285797040133,0.719111725681119,9.98891724542912,0.395040454739791,0.333333333333333,0.970588235294118,204
"UMass-flusion_spatial2_prod",2025-05-10,0.409637293608747,0.532069898316414,6.1049873240585,0.260541374128951,0.769805984002398,0.836045401126456,9.58483921257887,0.40276501471235,0.357843137254902,0.950980392156863,204
"UMass-flusion_spatial2_prod",2025-05-17,0.38752769272814,0.513655793845805,5.41357107692401,0.260689279017145,0.846578086723225,0.876557161568005,8.7396737776427,0.420586778071226,0.372549019607843,0.946078431372549,204
"UMass-flusion_spatial_mem",2024-11-30,0.771942380962183,0.585984383518756,67.7598353729974,0.458051165829386,0.758294243607614,0.560074649388522,93.8723668042484,0.673946122159685,0.225490196078431,0.681372549019608,204
"UMass-flusion_spatial_mem",2024-12-07,0.816691635305942,0.621957573842964,138.285453030156,0.594238901539491,0.774777003952111,0.576278520245686,165.403496564306,0.780998782037135,0.142156862745098,0.455882352941176,204
"UMass-flusion_spatial_mem",2024-12-14,0.772939352006072,0.589169730422928,223.75767597424,0.671054746185417,0.783355878975942,0.565483077129825,266.268039235641,0.876526571215363,0.0784313725490196,0.313725490196078,204
"UMass-flusion_spatial_mem",2024-12-21,0.624167548615722,0.439591977649799,208.987503412546,0.44924083587138,0.684382937728413,0.452507903106743,265.607676205068,0.606623437704903,0.107843137254902,0.42156862745098,204
"UMass-flusion_spatial_mem",2024-12-28,0.63561569350759,0.487665505627666,217.084617089054,0.437671057154701,0.773272812234957,0.575661702195875,305.799072814916,0.655354580418709,0.137254901960784,0.549019607843137,204
"UMass-flusion_spatial_mem",2025-01-04,0.56683574048085,0.487974977875106,120.830592865828,0.19977036175239,0.716548974414541,0.578188306965297,187.96414346983,0.305032317861073,0.397058823529412,0.911764705882353,204
"UMass-flusion_spatial_mem",2025-01-11,0.769390826551137,0.739950143490591,164.623239495912,0.238473208266298,0.951516844007411,0.894367678303471,252.105320679415,0.368939920658024,0.176470588235294,0.975490196078431,204
"UMass-flusion_spatial_mem",2025-01-18,1.20671153639543,1.35567950769122,393.390262669736,0.605350598368932,1.4474476892235,1.69549063164514,560.162255729496,0.947852897419487,0.107843137254902,0.642156862745098,204
"UMass-flusion_spatial_mem",2025-02-01,1.14190708921713,1.24418066358127,320.935430891476,0.504364835781982,1.31432951854646,1.41008773157584,444.307805186279,0.71079952645218,0.0833333333333333,0.455882352941176,204
"UMass-flusion_spatial_mem",2025-02-08,0.704815764560701,0.732605138087947,166.464052732991,0.205911614879194,0.919710245287181,0.898746279412819,270.025124662894,0.320015735543246,0.392156862745098,0.877450980392157,204
"UMass-flusion_spatial_mem",2025-02-15,0.520556659482696,0.617663753112461,133.277067544348,0.206391723752942,0.667026354185128,0.784266023915953,214.108920219365,0.328010502878699,0.318627450980392,0.936274509803922,204
"UMass-flusion_spatial_mem",2025-02-22,0.406207777673377,0.534189339777574,89.3633051814631,0.183704569354056,0.481885247225438,0.637787191181175,138.185319007063,0.284493504560246,0.367647058823529,0.950980392156863,204
"UMass-flusion_spatial_mem",2025-03-01,0.38590445931867,0.52316016537349,77.3866524696614,0.208089321830919,0.451047639256844,0.619327153250057,119.116375084918,0.322965790248367,0.254901960784314,0.955882352941177,204
"UMass-flusion_spatial_mem",2025-03-08,0.303669551540538,0.443972497636537,51.5271892760848,0.182688654774379,0.337417621129274,0.502549611524412,78.5835715562398,0.282728599671532,0.308823529411765,0.995098039215686,204
"UMass-flusion_spatial_mem",2025-03-15,0.332957242025386,0.476121725585342,43.8279274559177,0.221457120306073,0.381589882136742,0.553310813758978,72.3617872081366,0.361592134579775,0.299019607843137,0.975490196078431,204
"UMass-flusion_spatial_mem",2025-03-22,0.345504813344164,0.482434415772505,35.565740453824,0.236923242305605,0.351052289940463,0.501611105219006,55.9291689968382,0.373238378655165,0.333333333333333,0.941176470588235,204
"UMass-flusion_spatial_mem",2025-03-29,0.331995020678722,0.520064803552524,25.1111233703115,0.268407892709571,0.311631425073999,0.522220978415838,37.6936539887301,0.415522143576065,0.436274509803922,0.926470588235294,204
"UMass-flusion_spatial_mem",2025-04-05,0.285603914036572,0.454467464526854,14.9145644824426,0.228912557234611,0.252714242704958,0.438528644349664,21.6479479964173,0.337667757312968,0.392156862745098,0.887254901960784,204
"UMass-flusion_spatial_mem",2025-04-12,0.325961870911726,0.489451093682421,10.6263479603831,0.223016399576046,0.331324512167868,0.548861121160274,17.1606607625769,0.366376297576112,0.495098039215686,0.970588235294118,204
"UMass-flusion_spatial_mem",2025-04-19,0.542452975051434,0.678324521725044,11.7389656302812,0.293750612144341,0.670650041488393,0.878795263650568,19.1759886862833,0.476713739640228,0.416666666666667,0.96078431372549,204
"UMass-flusion_spatial_mem",2025-05-03,0.391282694810696,0.51177053893407,6.35627312799006,0.249047081440578,0.64429925919009,0.715680447224514,9.95821355012918,0.393155498962506,0.323529411764706,0.970588235294118,204
"UMass-flusion_spatial_mem",2025-05-10,0.408685355731415,0.532140007605706,6.0908002156944,0.260575704901334,0.764024431935436,0.836563434175021,9.5128532211569,0.403014577221929,0.357843137254902,0.946078431372549,204
"UMass-flusion_spatial_mem",2025-05-17,0.386856749850929,0.513587314693608,5.40419833525291,0.260654524652398,0.843720403364737,0.880076950347566,8.71017239944184,0.422275631562125,0.372549019607843,0.941176470588235,204
"UMass-gbqr",2023-10-21,0.983338151668528,0.635022080829453,11.8561133947656,0.310773394454708,0.817349489554993,0.729536071468756,14.7162944521933,0.440067767870983,0.323529411764706,0.642156862745098,204
"UMass-gbqr",2023-10-28,1.91065669649418,1.16761154800801,30.7336733163046,0.597212568630466,2.06472433455157,1.34250367344336,52.47840399586,0.975881278164588,0.21078431372549,0.882352941176471,204
"UMass-gbqr",2023-11-04,1.19971970137324,0.964127457041566,24.393535305774,0.501205966087554,0.922029305156786,0.823274298052911,30.087985707984,0.655720081118651,0.142156862745098,0.382352941176471,204
"UMass-gbqr",2023-11-11,1.15740002081433,1.01781448350747,31.7103321793449,0.551583956852721,0.887146149426495,0.855258141481217,38.4647443476935,0.712511112512674,0.142156862745098,0.382352941176471,204
"UMass-gbqr",2023-11-18,1.44854321391556,0.813707104125699,49.6917537917036,0.425420363937397,1.85817179130956,0.985150672325499,98.537757050916,0.773121473163571,0.28921568627451,0.96078431372549,204
"UMass-gbqr",2023-11-25,1.18861473569775,0.64997860694255,56.7292436025406,0.366023055173012,1.54972099789454,0.786962244167951,109.521213856106,0.678737587373444,0.32843137254902,0.995098039215686,204
"UMass-gbqr",2023-12-02,0.589834660087877,0.456734850277405,48.6748883260762,0.28885622039936,0.718245162356205,0.528318944413157,79.5738182079048,0.484024147440819,0.387254901960784,0.965686274509804,204
"UMass-gbqr",2023-12-09,0.578856366937215,0.463814124430386,72.5092137134803,0.305623857056652,0.610391862872464,0.470609189780225,96.1067972326644,0.42727469273228,0.279411764705882,0.681372549019608,204
"UMass-gbqr",2023-12-16,0.683497763177575,0.528001364995855,104.454395624317,0.368259104225653,0.669275709709282,0.491622213938475,126.286421048232,0.457003579308523,0.196078431372549,0.426470588235294,204
"UMass-gbqr",2023-12-23,0.638082481712461,0.526297700968371,82.3215835740055,0.275520594424003,0.666044054787966,0.517030062712187,108.326841636323,0.357952159841757,0.235294117647059,0.553921568627451,204
"UMass-gbqr",2023-12-30,0.934145883443784,0.983191064375823,65.5710183653485,0.270871087911815,1.01750856444362,1.01148698590454,96.4737777130805,0.382695494897697,0.318627450980392,0.617647058823529,204
"UMass-gbqr",2024-01-06,0.467334478683034,0.667955266999501,42.0509886297784,0.17880169825785,0.597326582883522,0.794729341785999,72.1125445257616,0.285384348023311,0.524509803921569,0.955882352941177,204
"UMass-gbqr",2024-01-13,0.393123582370425,0.510477123537282,35.3277484833469,0.168661305323871,0.42117727134176,0.588688903166179,51.2329117075773,0.259292709327274,0.455882352941176,0.92156862745098,204
"UMass-gbqr",2024-01-20,1.20412410313404,1.30651584453775,66.6934631282958,0.325802019452477,1.27797263012727,1.49364093744989,104.273796217983,0.528809471157738,0.17156862745098,0.838235294117647,204
"UMass-gbqr",2024-01-27,1.85432902683671,2.35565689206266,91.7700441321158,0.53161169836428,1.74331899565474,2.40152685993909,126.732454439019,0.793582167436366,0.0686274509803922,0.57843137254902,204
"UMass-gbqr",2024-02-03,1.05526156754708,1.05428259484338,47.1308777714537,0.240449033797713,1.05060723258251,1.09444937519904,69.2937270313614,0.360354402847468,0.299019607843137,0.774509803921569,204
"UMass-gbqr",2024-02-10,2.75535617369961,3.22573697437801,96.681519663227,0.655465479338347,2.53835116211865,3.24861457465714,132.927477769184,0.957486094209188,0.0490196078431373,0.5,204
"UMass-gbqr",2024-02-17,1.58663475396645,1.60066752979166,52.0763633441827,0.320705715478113,1.65155920742452,1.83370347457689,79.0481573592797,0.499810002283609,0.205882352941176,0.784313725490196,204
"UMass-gbqr",2024-02-24,2.11762214197403,2.34924087308515,64.8246439284433,0.475365387876021,2.12515838443914,2.58155484164187,97.9447996592978,0.75143568893218,0.0833333333333333,0.642156862745098,204
"UMass-gbqr",2024-03-02,1.52767092887037,1.8739622573946,49.5438282212864,0.391963716992618,1.58158561273609,2.19075382581718,75.8463335754764,0.627922197550974,0.107843137254902,0.725490196078431,204
"UMass-gbqr",2024-03-09,0.62938274078109,0.972568715925992,28.3917375829778,0.271756606742808,0.700564326220661,1.11609663921158,47.0648729943831,0.451944889724932,0.284313725490196,0.906862745098039,204
"UMass-gbqr",2024-03-16,0.498241120290611,0.799443997584419,21.0446614229898,0.24032806301615,0.577177036377175,0.91335257769755,36.5007889524604,0.401759890701698,0.343137254901961,0.931372549019608,204
"UMass-gbqr",2024-03-23,0.627959413765436,0.799886709832598,17.0009215052928,0.229112391972692,0.606110961463095,0.769468772339071,25.2902769802641,0.325970246239131,0.367647058823529,0.784313725490196,204
"UMass-gbqr",2024-03-30,0.642374144980035,0.768558778177003,13.3915917129832,0.220823565082061,0.614900466856749,0.734506130542722,19.9300092492982,0.316120763709045,0.343137254901961,0.78921568627451,204
"UMass-gbqr",2024-04-06,0.635337548831371,0.843431951947899,14.9219380530059,0.30204992661481,0.571786737430741,0.730881394165884,21.1028546378238,0.406508317047954,0.21078431372549,0.656862745098039,204
"UMass-gbqr",2024-04-13,0.36285032418256,0.536897261540429,10.3839037801226,0.25075568855488,0.349822194556714,0.52325141763756,15.680265426601,0.376880788059166,0.382352941176471,0.848039215686274,204
"UMass-gbqr",2024-04-20,0.717912957704332,0.993459234721498,18.6135593108606,0.569350969314502,0.5722671525572,0.762788917536972,24.0380256385424,0.710720470730625,0.191176470588235,0.53921568627451,204
"UMass-gbqr",2024-04-27,0.661843384015345,0.979519059102819,12.8072034402691,0.658952521174722,0.546063396615507,0.744450465547294,17.3713038943131,0.832334049318326,0.202970297029703,0.594059405940594,204
"UMass-gbqr",2024-05-04,0.813866607269912,1.09112162799135,14.1167294182094,0.780798862634169,0.70641593690395,0.838381662477685,20.122257962709,1.04555924755345,0.215,0.565,204
"UMass-gbqr",2024-11-30,0.845712351942691,0.621513346651791,74.2352423624148,0.485823378607604,0.733926607106187,0.522124699552261,90.85579674441,0.628280385357947,0.259803921568627,0.573529411764706,204
"UMass-gbqr",2024-12-07,0.909680067238195,0.717916371139861,154.030621561848,0.685921120225931,0.836102526582308,0.656755305114714,178.495593799932,0.890064570118529,0.176470588235294,0.352941176470588,204
"UMass-gbqr",2024-12-14,0.861688607060729,0.702425227933097,249.44963615706,0.800050916917462,0.802627037899894,0.616249428110177,272.818438406944,0.955216911134603,0.0931372549019608,0.240196078431373,204
"UMass-gbqr",2024-12-21,0.764631874982931,0.614091877058704,256.018607402352,0.627570934361893,0.772410454902193,0.600812418076893,299.770983017237,0.805437633171293,0.0833333333333333,0.25,204
"UMass-gbqr",2024-12-28,0.843417309552229,0.707295710487936,288.056014916881,0.634785232414188,0.871270132543673,0.717321499126969,344.553169964845,0.816625334449846,0.0392156862745098,0.17156862745098,204
"UMass-gbqr",2025-01-04,0.863250400867705,0.807770713564436,184.016374196913,0.33069041442337,1.08914347999907,0.99104918187703,285.702622770541,0.522843553597521,0.176470588235294,0.803921568627451,204
"UMass-gbqr",2025-01-11,0.746418413892329,0.762262400235468,159.707931358067,0.245664064969848,0.976600207806485,0.958241048796416,258.751182509512,0.395288632506074,0.401960784313726,0.980392156862745,204
"UMass-gbqr",2025-01-18,0.969549042675459,1.02086783287719,316.074837329065,0.455847381318211,1.24286478932751,1.30032053855178,480.988673469748,0.726935653336203,0.147058823529412,0.867647058823529,204
"UMass-gbqr",2025-02-01,1.169941402543,1.27444086517004,328.814534639884,0.516631689022667,1.32705132812352,1.40034921900429,448.60840044144,0.705890519750544,0.0833333333333333,0.637254901960784,204
"UMass-gbqr",2025-02-08,0.747895437545528,0.803400200460793,176.638650572663,0.225809817691029,0.941052115723691,0.958899850449347,276.291055976249,0.341434560546209,0.32843137254902,0.843137254901961,204
"UMass-gbqr",2025-02-15,0.545966818398804,0.636947977777043,139.782779083108,0.212835528087753,0.682035631574326,0.818942695106371,218.92675111152,0.342513633204981,0.382352941176471,0.936274509803922,204
"UMass-gbqr",2025-02-22,0.468997354297802,0.571108297568596,103.176640145756,0.19640078160873,0.533895672769858,0.665692490589387,153.099818438058,0.296941036486597,0.446078431372549,0.838235294117647,204
"UMass-gbqr",2025-03-01,0.482130271961873,0.608212683228631,96.6831216910266,0.241919345467855,0.553117990704401,0.668892616455765,146.071954074553,0.348813113281521,0.269607843137255,0.745098039215686,204
"UMass-gbqr",2025-03-08,0.368714603869093,0.532487919991165,62.5641493723585,0.219111549261846,0.40492502492932,0.573414200939452,94.305847350083,0.322596198157655,0.372549019607843,0.715686274509804,204
"UMass-gbqr",2025-03-15,0.306317391874026,0.461297446225808,40.3212627179233,0.214561946149634,0.315394304647429,0.486084064077364,59.8089640945382,0.317659026254833,0.348039215686274,0.808823529411765,204
"UMass-gbqr",2025-03-22,0.327504976561962,0.486753490432312,33.7128646081574,0.23904433719168,0.295876985305893,0.451605120872818,47.1387151932688,0.3360299669469,0.348039215686274,0.754901960784314,204
"UMass-gbqr",2025-03-29,0.332888478557325,0.542424951354117,25.1787018869107,0.279948070224187,0.299779012731434,0.508773709439581,36.2600349958242,0.404822385693476,0.357843137254902,0.803921568627451,204
"UMass-gbqr",2025-04-05,0.285613194117811,0.472729237068165,14.9150490989456,0.238110903383373,0.25392953548479,0.439780426881318,21.7520521205721,0.338631631863818,0.426470588235294,0.838235294117647,204
"UMass-gbqr",2025-04-12,0.378035036609465,0.60093035713384,12.323931719352,0.27381147243057,0.393134484296748,0.65119359477069,20.3620537307816,0.434685367681008,0.426470588235294,0.92156862745098,204
"UMass-gbqr",2025-04-19,0.67167496024128,0.894266765989593,14.5353968650374,0.387265094385403,0.820594675275745,1.12417886641165,23.4633761808011,0.609825215950073,0.294117647058824,0.877450980392157,204
"UMass-gbqr",2025-05-03,0.47880415640651,0.614804695811701,7.77803371654108,0.299187435577631,0.780308725256256,0.845343847206497,12.0603598565342,0.464385443716186,0.32843137254902,0.901960784313726,204
"UMass-gbqr",2025-05-10,0.419311875139818,0.543263091375031,6.24917145605595,0.266022401921747,0.771460349106175,0.851930365534079,9.60543768004747,0.410417599027414,0.28921568627451,0.892156862745098,204
"UMass-gbqr",2025-05-17,0.437417345504398,0.557979414311416,6.110504964167,0.283184289880545,0.892482508232579,0.883627018507954,9.21356942322457,0.423979013606076,0.333333333333333,0.808823529411765,204
"UMass-gbqr_1src",2023-10-21,0.972797599385582,0.651426899000755,11.7290258990776,0.318801746826091,0.824342888800646,0.773336387375582,14.8422098945297,0.466488815447636,0.308823529411765,0.67156862745098,204
"UMass-gbqr_1src",2023-10-28,1.88167393369252,1.15176621164384,30.2674740428377,0.589107960512291,2.12299364482033,1.35002374839107,53.9594154576192,0.981347706672031,0.230392156862745,0.887254901960784,204
"UMass-gbqr_1src",2023-11-04,1.15262239435209,0.957146696356559,23.4359201058966,0.497576986456696,0.896494745158821,0.849187455305723,29.2547329339327,0.676359347540597,0.166666666666667,0.426470588235294,204
"UMass-gbqr_1src",2023-11-11,1.14649663818851,1.0189211749136,31.4116023722554,0.552183705858751,0.87375437022188,0.859396463884426,37.8841056741229,0.715958727398093,0.132352941176471,0.431372549019608,204
"UMass-gbqr_1src",2023-11-18,1.44585363091094,0.817865503417905,49.5994886143969,0.427594448115006,1.67805530643925,0.918803625951131,88.9862858091169,0.721053979658318,0.254901960784314,0.96078431372549,204
"UMass-gbqr_1src",2023-11-25,1.22329016765809,0.665199165569646,58.3842045984151,0.37459422245548,1.65115710901009,0.802729485082438,116.68986294411,0.692336485080601,0.362745098039216,0.990196078431373,204
"UMass-gbqr_1src",2023-12-02,0.578365517240908,0.450648732254762,47.7284209767534,0.285007131485174,0.712486518684231,0.523606534810927,78.9358225920701,0.479706831046563,0.392156862745098,0.970588235294118,204
"UMass-gbqr_1src",2023-12-09,0.579341991561117,0.461168260371613,72.5700444508623,0.303880401788051,0.616280900646794,0.47373057885266,97.0340320037992,0.430108658973877,0.28921568627451,0.720588235294118,204
"UMass-gbqr_1src",2023-12-16,0.701962537833453,0.545540464114954,107.276243742813,0.380491900121124,0.680992827980349,0.506180599069654,128.497337879645,0.470536804466516,0.191176470588235,0.42156862745098,204
"UMass-gbqr_1src",2023-12-23,0.649627802291804,0.534800384345857,83.8110917492031,0.279971809722974,0.681408290702731,0.522953387580787,110.825714104049,0.362053017960215,0.205882352941176,0.534313725490196,204
"UMass-gbqr_1src",2023-12-30,0.930099402076814,0.97604183305431,65.2869814619791,0.268901460505751,0.991100674145276,0.98861252733173,93.9699472515585,0.374040957206134,0.313725490196078,0.637254901960784,204
"UMass-gbqr_1src",2024-01-06,0.461608090385942,0.660947340858301,41.5357253651263,0.176925780577104,0.561062926921708,0.750319323161026,67.7345968834697,0.269436875664346,0.593137254901961,0.941176470588235,204
"UMass-gbqr_1src",2024-01-13,0.404030162701767,0.514500395767193,36.3078599394844,0.169990591818176,0.457085046904061,0.602705459468667,55.600810975119,0.265466413026398,0.426470588235294,0.901960784313726,204
"UMass-gbqr_1src",2024-01-20,1.18489065516538,1.28481241923411,65.6281699001398,0.320389900018548,1.24978184352115,1.46137240247593,101.973621497106,0.517385101025146,0.200980392156863,0.867647058823529,204
"UMass-gbqr_1src",2024-01-27,1.85098555354735,2.33556972204456,91.6045769000986,0.527078536253688,1.72286633286721,2.3549046823545,125.245626060886,0.778175915124403,0.0784313725490196,0.563725490196078,204
"UMass-gbqr_1src",2024-02-03,1.06424330591047,1.07009756752913,47.5320268571389,0.244055936653196,1.07117985436838,1.11503342371631,70.6506124535618,0.36713183146108,0.318627450980392,0.78921568627451,204
"UMass-gbqr_1src",2024-02-10,2.73076979248911,3.1766328873959,95.8188186007876,0.645487593922748,2.51142640585951,3.21772149689623,131.517491636261,0.948380768944025,0.053921568627451,0.450980392156863,204
"UMass-gbqr_1src",2024-02-17,1.58191657185749,1.5937557738552,51.9215036543795,0.319320893463824,1.61407968198476,1.80752196075173,77.254284386761,0.492673743523035,0.21078431372549,0.784313725490196,204
"UMass-gbqr_1src",2024-02-24,2.16056353815757,2.40713871511715,66.139165845367,0.487080929883674,2.15025470943325,2.62314362269855,99.1014449906442,0.763541298249899,0.0784313725490196,0.67156862745098,204
"UMass-gbqr_1src",2024-03-02,1.53504795816997,1.88822022329862,49.7830723317137,0.394945957051319,1.57976299904163,2.17244192407262,75.7589285275702,0.622673570594683,0.102941176470588,0.725490196078431,204
"UMass-gbqr_1src",2024-03-09,0.638636615873469,0.987312982446263,28.80918403682,0.275876471769152,0.719842700356821,1.14279614183256,48.3600206293639,0.462756412082237,0.279411764705882,0.916666666666667,204
"UMass-gbqr_1src",2024-03-16,0.513822816829437,0.815216430766977,21.7027996510511,0.245069556263043,0.559234867890488,0.914023289144464,35.3661226992901,0.402054919110424,0.299019607843137,0.931372549019608,204
"UMass-gbqr_1src",2024-03-23,0.628743652679181,0.798921960006384,17.0221534255757,0.228836057664818,0.607205215602085,0.768680921158688,25.3359352706125,0.325636488648828,0.392156862745098,0.784313725490196,204
"UMass-gbqr_1src",2024-03-30,0.656913732219925,0.779818085429745,13.6946988936091,0.224058607655905,0.615034709026099,0.740208170455691,19.9343602749048,0.31857483881752,0.323529411764706,0.794117647058823,204
"UMass-gbqr_1src",2024-04-06,0.627725833651877,0.846887968662109,14.7431645135001,0.303287595631849,0.558979905553303,0.727780640658515,20.6301946515236,0.404783711523826,0.215686274509804,0.681372549019608,204
"UMass-gbqr_1src",2024-04-13,0.368296042327217,0.544305351599791,10.5397471388275,0.254215606972757,0.356068110025724,0.524327829904396,15.9602294023295,0.377656092415212,0.401960784313726,0.838235294117647,204
"UMass-gbqr_1src",2024-04-20,0.737787748566214,1.00333972013458,19.128859382448,0.575013470351913,0.582892656643171,0.769264297970428,24.4843488959575,0.716753837660871,0.191176470588235,0.514705882352941,204
"UMass-gbqr_1src",2024-04-27,0.678795717988622,0.986702389088532,13.1352447793937,0.663784967629466,0.556840049802262,0.751009934272983,17.7141295050957,0.839667873956096,0.183168316831683,0.569306930693069,204
"UMass-gbqr_1src",2024-05-04,0.805399363016752,1.08920207358298,13.9698628494474,0.779425243176566,0.695101606712415,0.834415734879749,19.7999692672031,1.04061327549712,0.215,0.58,204
"UMass-gbqr_1src",2024-11-30,0.83770248542705,0.615564110218051,73.5321494245934,0.48117299071176,0.713370715446831,0.495954536575826,88.3110982739915,0.596789440582083,0.25,0.514705882352941,204
"UMass-gbqr_1src",2024-12-07,0.88916940995752,0.690265824000449,150.557676068851,0.659502870091014,0.817365262923603,0.630559812254254,174.495463556793,0.854563250357106,0.151960784313725,0.343137254901961,204
"UMass-gbqr_1src",2024-12-14,0.857400550207022,0.698099746526084,248.208289557821,0.795124263904197,0.805915284943706,0.620461878905703,273.936136143537,0.961746416970493,0.0980392156862745,0.259803921568627,204
"UMass-gbqr_1src",2024-12-21,0.762849435162941,0.612973914353556,255.421800264927,0.626428432847605,0.778542902862646,0.604624955954543,302.150974046281,0.810548648510123,0.0882352941176471,0.254901960784314,204
"UMass-gbqr_1src",2024-12-28,0.84198528325589,0.712738375072217,287.566928691702,0.639669926399822,0.866992866520373,0.712242862800384,342.861678988552,0.810843626953564,0.0294117647058824,0.196078431372549,204
"UMass-gbqr_1src",2025-01-04,0.870043893759949,0.819146096695097,185.464521720397,0.335347342557226,1.08222175840839,0.974645828892512,283.886926263276,0.514189707227256,0.156862745098039,0.843137254901961,204
"UMass-gbqr_1src",2025-01-11,0.752611281010845,0.768097949686445,161.032992447485,0.247544762219268,0.980135453250536,0.962252365319429,259.68784925584,0.396943360014275,0.431372549019608,0.975490196078431,204
"UMass-gbqr_1src",2025-01-18,1.01173299121899,1.0476396208864,329.826885020229,0.467801768619067,1.25934353650653,1.31697161571929,487.365948628029,0.736244328620987,0.161764705882353,0.838235294117647,204
"UMass-gbqr_1src",2025-02-01,1.2208641509909,1.33060940310762,343.126482056299,0.539401240296242,1.35089651682492,1.42188859557053,456.669243104315,0.716748126919597,0.053921568627451,0.553921568627451,204
"UMass-gbqr_1src",2025-02-08,0.745412489645493,0.804374745647947,176.052225593332,0.226083730830354,0.924145855407152,0.948297346463873,271.327411096843,0.337659337005113,0.32843137254902,0.833333333333333,204
"UMass-gbqr_1src",2025-02-15,0.529204978798457,0.625802978808962,135.491279228312,0.209111437857987,0.638370672555402,0.780110733500864,204.910727354278,0.326272599084455,0.397058823529412,0.92156862745098,204
"UMass-gbqr_1src",2025-02-22,0.469827042930816,0.573808258861713,103.3591667309,0.197329282403657,0.550293618402008,0.679403413920855,157.80209011225,0.303056977169103,0.441176470588235,0.848039215686274,204
"UMass-gbqr_1src",2025-03-01,0.487464936506736,0.617879796311373,97.752898992653,0.245764483417175,0.542065608113261,0.67127142345287,143.153149860264,0.350053609968347,0.264705882352941,0.774509803921569,204
"UMass-gbqr_1src",2025-03-08,0.371106097966517,0.525857068455038,62.969942341675,0.216383043884616,0.396567524909505,0.546452529980759,92.3594101763504,0.307427873876529,0.377450980392157,0.730392156862745,204
"UMass-gbqr_1src",2025-03-15,0.303295164371472,0.456345224260157,39.9234399616695,0.21225853347868,0.3265536059702,0.494960462277269,61.9251286615548,0.323459808912013,0.352941176470588,0.794117647058823,204
"UMass-gbqr_1src",2025-03-22,0.327166266104991,0.488845250466524,33.6779982684238,0.240071599246849,0.300722565506355,0.458432493268954,47.9107063800101,0.341110072584705,0.308823529411765,0.740196078431373,204
"UMass-gbqr_1src",2025-03-29,0.331390135983375,0.548938889213099,25.065371677474,0.283309944209943,0.304746592180018,0.51736889545347,36.860892951186,0.411661425610563,0.343137254901961,0.769607843137255,204
"UMass-gbqr_1src",2025-04-05,0.282192568400402,0.470405382470926,14.7364200944913,0.236940391652573,0.253125102402243,0.443373705778404,21.6831429631333,0.341398462359869,0.46078431372549,0.852941176470588,204
"UMass-gbqr_1src",2025-04-12,0.376691407521703,0.591324244991365,12.2801294483186,0.269434486513917,0.381226169372398,0.637783893217352,19.7452730666115,0.425734110947198,0.431372549019608,0.931372549019608,204
"UMass-gbqr_1src",2025-04-19,0.67744336119716,0.894127945598626,14.660228073782,0.387204977769361,0.820146805715059,1.1184414800449,23.4505701849801,0.606712897274971,0.279411764705882,0.887254901960784,204
"UMass-gbqr_1src",2025-05-03,0.493168212916444,0.611925679838514,8.01137362043639,0.297786396496646,0.790066697672536,0.831950333806651,12.2111779302035,0.457027783654354,0.308823529411765,0.911764705882353,204
"UMass-gbqr_1src",2025-05-10,0.412967854232288,0.54130234510717,6.15462399216946,0.265062273321045,0.76244144003098,0.858286636623276,9.49314341999358,0.413479733709701,0.362745098039216,0.862745098039216,204
"UMass-gbqr_1src",2025-05-17,0.443237292030067,0.566164416275292,6.19180675181165,0.287338321211023,0.883985053396507,0.895011843096175,9.12584569829924,0.429441642744717,0.318627450980392,0.794117647058823,204
"UMass-gbqr_1src",2025-11-22,0.617540351745609,0.469856009962991,35.1646481575252,0.357532202047374,0.539532941700803,0.431788024949087,49.0155098457891,0.527225487686796,0.264705882352941,0.78921568627451,204
"UMass-gbqr_1src",2025-11-29,0.559707695313203,0.395887195638217,61.0921402735564,0.327293182142569,0.523024613396392,0.377185789435875,81.1841881529252,0.477878301167103,0.303921568627451,0.754901960784314,204
"UMass-gbqr_1src",2025-12-06,0.667230110114082,0.464094504035598,151.586516976866,0.467673819942245,0.652312670463496,0.441775458707915,187.220131645283,0.631343537392372,0.245098039215686,0.583333333333333,204
"UMass-gbqr_1src",2025-12-13,0.420523240144796,0.304074447063999,146.410581234196,0.35410464098269,0.460414752414751,0.303784832610912,192.868642560564,0.469536713105081,0.259803921568627,0.57843137254902,204
"UMass-gbqr_1src",2025-12-20,0.419202764629378,0.292628974393825,158.21200960284,0.317261052853011,0.46725689957329,0.301323758369463,211.82083733156,0.423725654410385,0.274509803921569,0.549019607843137,204
"UMass-gbqr_1src",2025-12-27,0.542788497267934,0.431378325490664,132.669025056858,0.245511265325442,0.624810289650879,0.478664921919773,190.597766298893,0.352992011148416,0.279411764705882,0.740196078431373,204
"UMass-gbqr_1src",2026-01-03,0.788893460355941,0.856193040312984,143.933159556475,0.282505139657859,0.92800242875782,0.960406235628306,224.572038727879,0.420366576804487,0.318627450980392,0.740196078431373,204
"UMass-gbqr_1src",2026-01-10,0.691405886332147,0.784502744706781,210.912695144636,0.438746227996941,0.818552304903741,0.905803014311303,307.522878431998,0.618432679617929,0.147058823529412,0.553921568627451,204
"UMass-gbqr_1src",2026-01-17,0.44611117530336,0.54081276676995,73.3866337067827,0.234055248450647,0.500211328869698,0.611516648865365,112.746162317439,0.349652805203221,0.333333333333333,0.833333333333333,204
"UMass-gbqr_1src",2026-01-24,0.770422256170259,0.691764228516749,67.1400041215848,0.229206001894244,0.800703326947341,0.753704703620604,106.75651857667,0.35796124939605,0.357843137254902,0.950980392156863,204
"UMass-gbqr_1src",2026-01-31,1.01491346991402,0.940256759223799,77.8602267834966,0.330776798425909,0.944825470376407,0.936432666405976,105.426775402834,0.466619917520464,0.308823529411765,0.818627450980392,204
"UMass-gbqr_1src",2026-02-07,0.959794098534265,0.831179545050364,47.633791509825,0.189126641546376,0.966169403420785,0.909001018715224,69.7820587745189,0.286854240634084,0.397058823529412,0.823529411764706,204
"UMass-gbqr_1src",2026-02-14,0.920859505459328,0.819524055408476,44.0837406938287,0.184674345248974,0.971628559790104,1.04834952712726,67.4853189395391,0.303502746737084,0.411764705882353,0.936274509803922,204
"UMass-gbqr_1src",2026-02-21,0.710131940139195,0.870289135873749,41.5480172447807,0.270660117221248,0.699362271521544,0.915691603296988,60.0354514651239,0.382821464957348,0.21078431372549,0.779411764705882,204
"UMass-gbqr_1src",2026-02-28,0.556228983617095,0.672519382594314,33.7830344005886,0.220845182218336,0.526905565589635,0.719260283119778,49.0822865828423,0.325082595294808,0.230392156862745,0.794117647058823,204
"UMass-gbqr_1src",2026-03-07,0.515786318388617,0.731795817507439,24.2097049293221,0.28707892113141,0.473634531639897,0.67909889540846,35.9521113845284,0.402984863086086,0.343137254901961,0.745098039215686,204
"UMass-gbqr_1src",2026-03-14,0.535552050011816,0.742332419723383,25.0301447856932,0.336210432249143,0.480512401871009,0.67249891281231,36.7050233252742,0.472021451205409,0.230392156862745,0.705882352941177,204
"UMass-gbqr_1src",2026-03-21,0.502410353671535,0.712449669680509,21.654430199892,0.375423690616823,0.427099795546985,0.623132969382453,30.1963742704616,0.515599043155563,0.235294117647059,0.661764705882353,204
"UMass-gbqr_1src",2026-03-28,0.440534260537664,0.693408829162972,15.0544818793788,0.40414960209299,0.413312285295709,0.644029259435798,22.6815246759091,0.582696364685507,0.181372549019608,0.676470588235294,204
"UMass-gbqr_1src",2026-04-04,0.454919674599773,0.54640146095158,7.81220312938794,0.236415917292428,0.605255342324291,0.716297222377454,11.5829257668335,0.338046308435401,0.549019607843137,0.92156862745098,204
"UMass-gbqr_1src",2026-04-11,0.437119850649478,0.572572496871933,6.74186565899945,0.270706825648617,0.724161922296914,0.782194476293429,10.4967980599607,0.400257710400384,0.436274509803922,0.897058823529412,204
"UMass-gbqr_1src",2026-04-18,0.540166906681553,0.630585502859874,7.42028500034368,0.308372407934312,1.08094312488918,0.995541899849463,10.9366010282906,0.45906459082369,0.372549019607843,0.813725490196078,204
"UMass-gbqr_1src",2026-04-25,0.533305963283698,0.639040251932658,7.23018193439621,0.335499388288905,1.01622749184795,0.937614777947791,10.4262948060675,0.50344092641301,0.279411764705882,0.764705882352941,204
"UMass-gbqr_1src",2026-05-02,0.442870945195851,0.564064070449296,5.9275831351745,0.28698317951908,0.82453415116161,0.882265779132541,8.41105670866329,0.436953373446839,0.392156862745098,0.857843137254902,204
"UMass-gbqr_1src",2026-05-09,0.284969581202839,0.505814424302245,3.52427322947906,0.255654447240834,0.702914758370131,0.827674837771257,5.45103503794876,0.39717649455422,0.436274509803922,0.887254901960784,204
"UMass-gbqr_1src",2026-05-16,0.283941327740958,0.528560329772415,3.42018524734067,0.278416802007161,0.699467864225452,0.733200230881914,5.22200763340864,0.417668684291669,0.455882352941176,0.906862745098039,204
"UMass-gbqr_1src",2026-05-23,0.314111689531573,0.558135826876192,3.64729128033197,0.295873875163088,0.800858605436573,0.842872450901121,5.28409648489033,0.453827034115498,0.372549019607843,0.887254901960784,204
"UMass-gbqr_1src",2026-05-30,0.303733123635308,0.574838610481239,3.39417234264619,0.309438622262142,0.984364647478034,0.922759185850906,5.46225873012321,0.499346973888699,0.348039215686274,0.887254901960784,204
"UMass-gbqr_2src_mobsgleam_otid10",2023-10-21,1.74702844622451,1.0155811052861,21.0639313924445,0.497015138468216,2.18493324029306,1.50716378861954,39.3395008297415,0.909145181729619,0.485294117647059,0.941176470588235,204
"UMass-gbqr_2src_mobsgleam_otid10",2023-10-28,1.19015078661661,0.863517028668963,19.1440490278203,0.441673623070401,1.30884719739161,1.08609481856637,33.2665290199544,0.78949474829515,0.441176470588235,0.965686274509804,204
"UMass-gbqr_2src_mobsgleam_otid10",2023-11-04,0.969964883596281,0.707528237832689,19.7220005692027,0.367811715543611,0.887772079267974,0.724510812102898,28.9700918219946,0.577057111593345,0.617647058823529,0.980392156862745,204
"UMass-gbqr_2src_mobsgleam_otid10",2023-11-11,0.823313318318282,0.540671906484524,22.5570574926918,0.293006195500507,0.708790638545323,0.505289844654313,30.7316339312401,0.420954343366408,0.607843137254902,0.990196078431373,204
"UMass-gbqr_2src_mobsgleam_otid10",2023-11-18,0.899118215447543,0.571607909850528,30.8439268932018,0.298846653550344,0.771530370386596,0.583931900303785,40.9138017002069,0.458255070693292,0.598039215686274,1,204
"UMass-gbqr_2src_mobsgleam_otid10",2023-11-25,0.790751559099019,0.476643378930421,37.7403514174705,0.268412627616713,0.751195404282077,0.41964719449586,53.0881575663466,0.361936454322917,0.656862745098039,1,204
"UMass-gbqr_2src_mobsgleam_otid10",2023-12-02,0.432037444394964,0.410838664855628,35.6529986818257,0.259829754291879,0.443681241795663,0.387928254843742,49.1550967932538,0.355403955895455,0.745098039215686,0.970588235294118,204
"UMass-gbqr_2src_mobsgleam_otid10",2023-12-09,0.597405823004984,0.574210137022111,74.8327719415832,0.378367771902699,0.828216185390152,0.730272604452122,130.403450366332,0.663027857198877,0.392156862745098,0.715686274509804,204
"UMass-gbqr_2src_mobsgleam_otid10",2023-12-16,0.851905015967633,0.805942721877566,130.190950674852,0.562111699878176,0.883823653850976,0.820664282667191,166.769725037675,0.762875443696902,0.107843137254902,0.475490196078431,204
"UMass-gbqr_2src_mobsgleam_otid10",2023-12-23,0.843730849147541,0.827606923915151,108.853105362898,0.433258118374769,0.895586245200396,0.863148452626727,145.660078576,0.597578120044054,0.0441176470588235,0.563725490196078,204
"UMass-gbqr_2src_mobsgleam_otid10",2023-12-30,0.906891610863047,1.01881089511817,63.6579441447166,0.28068442191576,1.13780206675546,1.29443037028635,107.87925281953,0.489746954800759,0.294117647058824,0.759803921568627,204
"UMass-gbqr_2src_mobsgleam_otid10",2024-01-06,0.464467794172488,0.624292373919383,41.793042932945,0.167113790669898,0.519130184236568,0.735187873675471,62.6722459675401,0.264003228485322,0.598039215686274,0.965686274509804,204
"UMass-gbqr_2src_mobsgleam_otid10",2024-01-13,0.411000354729893,0.533566913064163,36.9342308871785,0.176290156572428,0.501258788672116,0.643420872676626,60.9742002004831,0.283399840589395,0.661764705882353,0.975490196078431,204
"UMass-gbqr_2src_mobsgleam_otid10",2024-01-20,0.832713483518686,0.833897330618253,46.121945291968,0.207946528522645,0.947024027187227,1.01462167484312,77.2706614339774,0.359217224063912,0.299019607843137,0.975490196078431,204
"UMass-gbqr_2src_mobsgleam_otid10",2024-01-27,1.2630137074548,1.32953881636834,62.5060720050953,0.300043011608503,1.23768189717707,1.39774269446864,89.9746202702743,0.461882686176954,0.21078431372549,0.794117647058823,204
"UMass-gbqr_2src_mobsgleam_otid10",2024-02-03,1.09154648874334,1.10714842411752,48.7514619360252,0.252506083427532,1.06170457725233,1.15280185288884,70.0256621908337,0.379567326468311,0.274509803921569,0.799019607843137,204
"UMass-gbqr_2src_mobsgleam_otid10",2024-02-10,1.30787864624273,1.2561329698919,45.891596977842,0.255244555201732,1.31996484038654,1.36341786648712,69.1234528914188,0.401849347700953,0.254901960784314,0.838235294117647,204
"UMass-gbqr_2src_mobsgleam_otid10",2024-02-17,1.02781798555309,1.05257309006167,33.7349366220176,0.210890893741795,1.11754573679649,1.2086188701545,53.4888067356907,0.329431562205726,0.323529411764706,0.848039215686274,204
"UMass-gbqr_2src_mobsgleam_otid10",2024-02-24,0.839959429983043,0.85867205648951,25.7128360549871,0.173751010323342,0.877681110127744,0.933300966643606,40.4507735167699,0.271664054366891,0.357843137254902,0.897058823529412,204
"UMass-gbqr_2src_mobsgleam_otid10",2024-03-02,0.816905516444278,0.820399467679771,26.4930266164481,0.17159727924169,0.832272194139104,0.922338025137057,39.9123474277591,0.264364034335467,0.387254901960784,0.887254901960784,204
"UMass-gbqr_2src_mobsgleam_otid10",2024-03-09,0.644563162921238,0.718191314171759,29.0765332309599,0.20067809228847,0.680892771167516,0.770526623003203,45.7433109257392,0.312012022461874,0.392156862745098,0.838235294117647,204
"UMass-gbqr_2src_mobsgleam_otid10",2024-03-16,0.502630261237789,0.611901456684421,21.2300495441413,0.183949210058581,0.545118964997745,0.675351252088032,34.473430232529,0.297069337569649,0.323529411764706,0.901960784313726,204
"UMass-gbqr_2src_mobsgleam_otid10",2024-03-23,0.512077306440508,0.604817392120404,13.863612680371,0.173238482040028,0.520744798441825,0.617417538416688,21.7283319820432,0.261556744425438,0.514705882352941,0.897058823529412,204
"UMass-gbqr_2src_mobsgleam_otid10",2024-03-30,0.57970008700375,0.641899352936385,12.0850238786873,0.184431571877298,0.58768743269969,0.668413394260714,19.0479867892664,0.287675410565906,0.431372549019608,0.906862745098039,204
"UMass-gbqr_2src_mobsgleam_otid10",2024-04-06,0.434267027568618,0.588891768415427,10.1994690786989,0.210893973157105,0.435384586960357,0.579086995395076,16.0686791922771,0.322081916165156,0.397058823529412,0.901960784313726,204
"UMass-gbqr_2src_mobsgleam_otid10",2024-04-13,0.42528164203036,0.615806501236863,12.1705379766284,0.287609928929751,0.416740725457666,0.590735015491125,18.6797901646319,0.425487004273445,0.372549019607843,0.857843137254902,204
"UMass-gbqr_2src_mobsgleam_otid10",2024-04-20,0.505565102282278,0.773202573429261,13.1079484160921,0.443121991595184,0.469960035141932,0.681270187968137,19.7406252016236,0.634766260436639,0.279411764705882,0.808823529411765,204
"UMass-gbqr_2src_mobsgleam_otid10",2024-04-27,0.561435534069616,0.856685679087729,10.8642305371432,0.576318738102146,0.510520324291374,0.721021413520327,16.2406119004771,0.806139159734963,0.272277227722772,0.747524752475248,204
"UMass-gbqr_2src_mobsgleam_otid10",2024-05-04,0.566869942690368,0.856997526585186,9.83250759374365,0.613261323826783,0.495628131662725,0.702021659012428,14.1179673304127,0.875502495359976,0.32,0.86,204
"UMass-gbqr_2src_mobsgleam_otid10",2024-11-30,0.775305379985579,0.56382856432726,68.0550339082829,0.440732446941982,0.771418636027963,0.536945720197938,95.4970893835793,0.646114739049027,0.348039215686274,0.754901960784314,204
"UMass-gbqr_2src_mobsgleam_otid10",2024-12-07,0.792371929609973,0.65442748271194,134.1675444165,0.625261729769024,0.794953603710058,0.639941003717093,169.710903897925,0.867277066418497,0.225490196078431,0.568627450980392,204
"UMass-gbqr_2src_mobsgleam_otid10",2024-12-14,0.807719986464225,0.713878564779194,233.826297677957,0.813096081414825,0.822780964034938,0.696495138838467,279.668896211503,1.07960170799964,0.0784313725490196,0.338235294117647,204
"UMass-gbqr_2src_mobsgleam_otid10",2024-12-21,0.710972748530191,0.670127080347637,238.052138467004,0.684836086693216,0.767406612416139,0.704860940340694,297.829001559856,0.944923091503483,0.0735294117647059,0.303921568627451,204
"UMass-gbqr_2src_mobsgleam_otid10",2024-12-28,0.6499664558049,0.658687099839915,221.9858959122,0.59115987494348,0.699355396247284,0.68738853286676,276.567633513987,0.782548538183361,0.0980392156862745,0.352941176470588,204
"UMass-gbqr_2src_mobsgleam_otid10",2025-01-04,0.649002197260283,0.674045003537682,138.345758155019,0.275944915824306,0.793447099908592,0.776204969102584,208.135954202983,0.409499116478767,0.235294117647059,0.769607843137255,204
"UMass-gbqr_2src_mobsgleam_otid10",2025-01-11,0.943074506033767,0.98200437718958,201.785587911435,0.316483125816063,1.12213831294452,1.08078262852215,297.311646150252,0.445838850048686,0.235294117647059,0.583333333333333,204
"UMass-gbqr_2src_mobsgleam_otid10",2025-01-18,0.438572905554407,0.427866478976679,142.975603789489,0.191054912020942,0.573306126990045,0.523559260371463,221.869471145147,0.292692364470558,0.352941176470588,0.872549019607843,204
"UMass-gbqr_2src_mobsgleam_otid10",2025-02-01,0.740619725708637,0.816141699095714,208.15275869772,0.330846786233107,0.803585948743067,0.838750028129466,271.651442143232,0.422798602849991,0.215686274509804,0.5,204
"UMass-gbqr_2src_mobsgleam_otid10",2025-02-08,0.7799965869221,0.830407085672694,184.220330341052,0.233400579832492,0.941191953133938,0.966753203017245,276.332111965706,0.344230896348721,0.186274509803922,0.656862745098039,204
"UMass-gbqr_2src_mobsgleam_otid10",2025-02-15,0.527499960109548,0.705338331273201,135.054746745581,0.235688096131478,0.609837726464177,0.808855094493166,195.751931393761,0.338294606944663,0.235294117647059,0.720588235294118,204
"UMass-gbqr_2src_mobsgleam_otid10",2025-02-22,0.281430684813084,0.535645445108832,61.9130837878787,0.184205315405867,0.309504466154925,0.575535332191472,88.753440027436,0.256725230480342,0.333333333333333,0.784313725490196,204
"UMass-gbqr_2src_mobsgleam_otid10",2025-03-01,0.342712577662689,0.554706334539726,68.7252466358873,0.220636953288063,0.362502135663419,0.59485911793967,95.7325492977011,0.310206236079984,0.318627450980392,0.769607843137255,204
"UMass-gbqr_2src_mobsgleam_otid10",2025-03-08,0.305310802092008,0.489730404256861,51.8056795869704,0.201517412074121,0.346502172960454,0.566248796627156,80.6993369584515,0.318565024556404,0.264705882352941,0.848039215686274,204
"UMass-gbqr_2src_mobsgleam_otid10",2025-03-15,0.34209618262665,0.533668335210005,45.0309072237091,0.248223608298588,0.356289188212359,0.580102551478969,67.5639570882112,0.379100705513819,0.279411764705882,0.803921568627451,204
"UMass-gbqr_2src_mobsgleam_otid10",2025-03-22,0.28094942890478,0.425932913022279,28.9205072785023,0.20917538935592,0.291243518318078,0.455304443540783,46.4005175924306,0.338782555915421,0.357843137254902,0.931372549019608,204
"UMass-gbqr_2src_mobsgleam_otid10",2025-03-29,0.310539834302482,0.621524280140552,23.4883164049379,0.320771606078338,0.305662032915531,0.614216104758897,36.9716208930918,0.488721064486094,0.352941176470588,0.887254901960784,204
"UMass-gbqr_2src_mobsgleam_otid10",2025-04-05,0.343547193878253,0.62879160329293,17.9404291189206,0.316718588485293,0.338863943970459,0.647333742930919,29.0276834357048,0.498448017079139,0.362745098039216,0.877450980392157,204
"UMass-gbqr_2src_mobsgleam_otid10",2025-04-12,0.478037456820349,0.810494054068208,15.5840078474863,0.369298318359395,0.485973123279701,0.907546171702269,25.1705491204575,0.605806083631412,0.323529411764706,0.901960784313726,204
"UMass-gbqr_2src_mobsgleam_otid10",2025-04-19,0.665231149744153,0.967577772742705,14.3959494411448,0.419012661251891,0.827149306668795,1.27580745788433,23.6507936558778,0.692078086291062,0.348039215686274,0.906862745098039,204
"UMass-gbqr_2src_mobsgleam_otid10",2025-05-03,0.534715587601676,0.680434011195189,8.6862985909313,0.331125165887868,0.922916416997641,0.957462929001735,14.2644875627135,0.525977504415025,0.485294117647059,0.965686274509804,204
"UMass-gbqr_2src_mobsgleam_otid10",2025-05-10,0.481627765544239,0.634428738162069,7.17788992710848,0.310663948008845,0.958304646984688,1.0249340709175,11.9318323693192,0.493762163629,0.42156862745098,0.995098039215686,204
"UMass-gbqr_2src_mobsgleam_otid10",2025-05-17,0.512649541848269,0.647888658620036,7.16146170822184,0.328814800344186,1.11677813464518,1.10007720833192,11.5290919194252,0.52783543272211,0.436274509803922,0.975490196078431,204
"UMass-gbqr_2src_mobsgleam_otid10",2025-11-22,0.581195583872601,0.397033279888006,33.095065220947,0.302118478500746,0.610316564805889,0.395337522771246,55.4460632134683,0.482718385412695,0.46078431372549,0.955882352941177,204
"UMass-gbqr_2src_mobsgleam_otid10",2025-11-29,0.61705770732411,0.43079937908354,67.3518987292622,0.356156251575629,0.66392163336647,0.445938516628253,103.054306473281,0.564985072926554,0.416666666666667,0.901960784313726,204
"UMass-gbqr_2src_mobsgleam_otid10",2025-12-06,0.593826454774037,0.476155620633393,134.910104630209,0.479827957565101,0.720268329820648,0.536715325033468,206.72407211274,0.767022579457865,0.357843137254902,0.784313725490196,204
"UMass-gbqr_2src_mobsgleam_otid10",2025-12-13,0.552328127212692,0.472756059713003,192.300149949765,0.550539897099048,0.692835985136855,0.565508735205561,290.23035267576,0.874063100776061,0.220588235294118,0.681372549019608,204
"UMass-gbqr_2src_mobsgleam_otid10",2025-12-20,0.526413093675068,0.460790376322826,198.674437429376,0.499577460637814,0.643918491316716,0.552912778091605,291.906559600385,0.777513628518688,0.137254901960784,0.544117647058823,204
"UMass-gbqr_2src_mobsgleam_otid10",2025-12-27,0.629344364142785,0.517231750155766,153.825115373873,0.294373207793406,0.771402156976847,0.608971932395158,235.315471709163,0.449087069691589,0.294117647058824,0.720588235294118,204
"UMass-gbqr_2src_mobsgleam_otid10",2026-01-03,1.32451104642564,1.22465449043754,241.656281056609,0.404080822389318,1.54654290218424,1.37685867786993,374.255801235928,0.602646409080307,0.25,0.622549019607843,204
"UMass-gbqr_2src_mobsgleam_otid10",2026-01-10,1.0061967905484,1.04296766793582,306.939355211819,0.583297041746667,1.26804189329174,1.22804671331399,476.392150704765,0.838443025262168,0.0686274509803922,0.397058823529412,204
"UMass-gbqr_2src_mobsgleam_otid10",2026-01-17,1.07589578148733,1.03165225135958,176.988100710529,0.446482847379505,1.25030411022605,1.16843293015168,281.814869079921,0.668086228686315,0.107843137254902,0.617647058823529,204
"UMass-gbqr_2src_mobsgleam_otid10",2026-01-24,0.803962208230138,0.752876698274922,70.0629110099865,0.24945472867387,0.903337388553852,0.882187494435553,120.44055701606,0.41898230990566,0.372549019607843,0.906862745098039,204
"UMass-gbqr_2src_mobsgleam_otid10",2026-01-31,0.864187935093198,0.843889973725159,66.2971480865438,0.296875530002005,0.810345902799481,0.836980969325278,90.4210969873754,0.417063612669233,0.333333333333333,0.808823529411765,204
"UMass-gbqr_2src_mobsgleam_otid10",2026-02-07,1.11829313367571,1.04680749235528,55.4999682304005,0.238190637093628,1.08871086537027,1.1315668380593,78.6326759331643,0.357089529467187,0.274509803921569,0.705882352941177,204
"UMass-gbqr_2src_mobsgleam_otid10",2026-02-14,1.17727812472396,1.17555878670095,56.3591115334804,0.264904425688235,1.13477250553744,1.33471380976595,78.8166256419608,0.386406724942139,0.215686274509804,0.661764705882353,204
"UMass-gbqr_2src_mobsgleam_otid10",2026-02-21,0.81544070804082,1.11953268245625,47.7093659428067,0.348174916331006,0.790988491258139,1.22374985156674,67.9009336221202,0.511610796944454,0.156862745098039,0.681372549019608,204
"UMass-gbqr_2src_mobsgleam_otid10",2026-02-28,0.524752485166049,0.758233981000523,31.8712828354925,0.248992558477988,0.510557229261892,0.827450655256463,47.5594069983516,0.373981175941514,0.254901960784314,0.774509803921569,204
"UMass-gbqr_2src_mobsgleam_otid10",2026-03-07,0.41529031823238,0.640002261179706,19.4926769205906,0.251068883239778,0.382844996727556,0.621728061684228,29.0605626192461,0.368940370111924,0.392156862745098,0.769607843137255,204
"UMass-gbqr_2src_mobsgleam_otid10",2026-03-14,0.402212521047664,0.592095505855454,18.7982431142213,0.268166498818167,0.378280013257015,0.563826515266837,28.8957717969807,0.395745189908758,0.367647058823529,0.82843137254902,204
"UMass-gbqr_2src_mobsgleam_otid10",2026-03-21,0.444138031901357,0.621378411241479,19.1428300405073,0.327433903538065,0.412916742598804,0.590152963079767,29.1936185220713,0.488310389644289,0.348039215686274,0.769607843137255,204
"UMass-gbqr_2src_mobsgleam_otid10",2026-03-28,0.38922382161474,0.606031252847162,13.301038067664,0.35322205226281,0.374210893676506,0.602039048036038,20.5357399740612,0.544705010757813,0.318627450980392,0.794117647058823,204
"UMass-gbqr_2src_mobsgleam_otid10",2026-04-04,0.473795733691848,0.609113494828405,8.13635619671649,0.263550037666929,0.646396238076222,0.818546242530053,12.3702495757332,0.386301282381829,0.553921568627451,0.950980392156863,204
"UMass-gbqr_2src_mobsgleam_otid10",2026-04-11,0.452907966856023,0.58700420916502,6.98537177823665,0.277530001831335,0.732481093873827,0.78493870388832,10.6173852675731,0.401661962523403,0.519607843137255,0.96078431372549,204
"UMass-gbqr_2src_mobsgleam_otid10",2026-04-18,0.556200509807925,0.653599747935648,7.64053896871612,0.319626961263909,1.11870707128313,1.01266334967382,11.3186833094529,0.466959639097514,0.431372549019608,0.926470588235294,204
"UMass-gbqr_2src_mobsgleam_otid10",2026-04-25,0.535087636299305,0.658106052891552,7.2543365865796,0.345509030935986,1.06927831890026,0.977913994382852,10.9705858895012,0.525079103767884,0.352941176470588,0.931372549019608,204
"UMass-gbqr_2src_mobsgleam_otid10",2026-05-02,0.461395637050825,0.620328311761716,6.17552590996026,0.31560916672689,0.896754660500439,0.97678592730368,9.14777670834027,0.483765681686519,0.431372549019608,0.941176470588235,204
"UMass-gbqr_2src_mobsgleam_otid10",2026-05-09,0.320029566298487,0.545819449720653,3.95786676032886,0.275874239656416,0.796976464408789,0.932718258659612,6.18047434654267,0.447583702530682,0.465686274509804,0.975490196078431,204
"UMass-gbqr_2src_mobsgleam_otid10",2026-05-16,0.29854136396503,0.523672854543667,3.59604844028089,0.275842346176049,0.724102201129042,0.754238135766146,5.40591986431143,0.42965296045956,0.509803921568627,0.990196078431373,204
"UMass-gbqr_2src_mobsgleam_otid10",2026-05-23,0.319036654833331,0.529131699076217,3.70447725461973,0.280498471408891,0.848040207864006,0.843695308437463,5.59540254796545,0.454270084537681,0.470588235294118,0.985294117647059,204
"UMass-gbqr_2src_mobsgleam_otid10",2026-05-30,0.311288988977573,0.5587028405233,3.47860801058561,0.300752653132923,0.968741187925644,0.892880567447807,5.37556384672465,0.48317829422413,0.534313725490196,0.990196078431373,204
"UMass-gbqr_2src_mobsgleam_otid50",2023-10-21,1.37816636009179,0.889818614891005,16.616559231811,0.435468245509611,1.41799079959134,1.19416341294652,25.5307801668152,0.720338374154094,0.563725490196078,0.990196078431373,204
"UMass-gbqr_2src_mobsgleam_otid50",2023-10-28,1.19128454363249,0.818503027369996,19.1622859606037,0.418649760908405,1.18803392733658,0.875229107010834,30.1958587673148,0.63621405030935,0.450980392156863,0.985294117647059,204
"UMass-gbqr_2src_mobsgleam_otid50",2023-11-04,0.829124752354301,0.65574981668558,16.8583410744153,0.340894471973806,0.722932200617099,0.641662637295572,23.5909787230786,0.511070341407912,0.607843137254902,0.985294117647059,204
"UMass-gbqr_2src_mobsgleam_otid50",2023-11-11,0.761064802493481,0.520675900645301,20.8515787653916,0.2821697648928,0.735815493776897,0.502716014120787,31.903373388361,0.418810098526266,0.656862745098039,0.995098039215686,204
"UMass-gbqr_2src_mobsgleam_otid50",2023-11-18,0.819256267234858,0.567053593746352,28.1042914927615,0.296465577110553,0.743071570381658,0.559568093218442,39.4046482764156,0.43913496759147,0.642156862745098,1,204
"UMass-gbqr_2src_mobsgleam_otid50",2023-11-25,0.710403108993995,0.479808872735739,33.9055455193098,0.270195215076328,0.590861564220862,0.395050492522892,41.7571135851577,0.340722341094237,0.769607843137255,1,204
"UMass-gbqr_2src_mobsgleam_otid50",2023-12-02,0.440803600726104,0.42857913249439,36.3764076459642,0.271049490265907,0.503780078099604,0.424512935150579,55.8133997310253,0.388921339442209,0.75,0.980392156862745,204
"UMass-gbqr_2src_mobsgleam_otid50",2023-12-09,0.584933295962096,0.539771322011959,73.2704273245842,0.355674794432922,0.727955697399522,0.60411767045783,114.617338237611,0.548489484745409,0.352941176470588,0.676470588235294,204
"UMass-gbqr_2src_mobsgleam_otid50",2023-12-16,0.839093684569653,0.79093830423996,128.233080509926,0.551646739434947,0.923553415279361,0.838428243591326,174.266380462492,0.779388517140005,0.0735294117647059,0.529411764705882,204
"UMass-gbqr_2src_mobsgleam_otid50",2023-12-23,0.842722032507901,0.820675701629269,108.722953876701,0.429629574148227,0.965656372074497,0.906667260403093,157.05643514245,0.627707221542665,0.137254901960784,0.612745098039216,204
"UMass-gbqr_2src_mobsgleam_otid50",2023-12-30,0.879765742086792,0.924939511786175,61.7538830433106,0.254822669660041,0.891556392077842,0.942485710903717,84.5317830174981,0.356588903855999,0.53921568627451,0.799019607843137,204
"UMass-gbqr_2src_mobsgleam_otid50",2024-01-06,0.682024835165704,0.764467187250003,61.3689335946285,0.204636505011352,0.861757999111131,0.960313471836461,104.036156873083,0.344844992689157,0.725490196078431,0.990196078431373,204
"UMass-gbqr_2src_mobsgleam_otid50",2024-01-13,0.491495988445248,0.601943100558302,44.1679091233118,0.198881603875529,0.559510947703229,0.739693233557418,68.0601184669393,0.325803767607308,0.705882352941177,0.995098039215686,204
"UMass-gbqr_2src_mobsgleam_otid50",2024-01-20,0.743633180128562,0.731229414206579,41.1880070756799,0.182344531700528,0.772467001543897,0.768411763798319,63.0280060818537,0.272048929737643,0.475490196078431,0.970588235294118,204
"UMass-gbqr_2src_mobsgleam_otid50",2024-01-27,1.21405887584943,1.26940908226731,60.0833158534707,0.286473263749488,1.24845278905431,1.41347706481323,90.7576218709576,0.467082093241515,0.279411764705882,0.818627450980392,204
"UMass-gbqr_2src_mobsgleam_otid50",2024-02-03,1.0657655311968,1.06409495383816,47.6000136161727,0.242686927367341,1.0464249507796,1.10771954823862,69.0178809448015,0.364723691541603,0.254901960784314,0.78921568627451,204
"UMass-gbqr_2src_mobsgleam_otid50",2024-02-10,1.26701395919203,1.20891788706938,44.4577133723991,0.245650512928575,1.29834195149242,1.31967533091886,67.9911130774192,0.388956815032167,0.264705882352941,0.823529411764706,204
"UMass-gbqr_2src_mobsgleam_otid50",2024-02-17,1.07933590426642,1.06796162568098,35.4258524720232,0.213974101987167,1.18888668361489,1.25578411193719,56.9033802883127,0.342287326471839,0.294117647058824,0.848039215686274,204
"UMass-gbqr_2src_mobsgleam_otid50",2024-02-24,0.937172326372465,0.91228139157836,28.6887170059779,0.18459877934535,0.972613389443448,0.980200321173454,44.8260347428789,0.28531545863425,0.411764705882353,0.857843137254902,204
"UMass-gbqr_2src_mobsgleam_otid50",2024-03-02,1.00216545816064,0.933197472889533,32.5011835795894,0.195190457395043,1.02740445613096,1.03256386737584,49.2700872271038,0.295957384656179,0.352941176470588,0.852941176470588,204
"UMass-gbqr_2src_mobsgleam_otid50",2024-03-09,0.695609928234562,0.769410351692787,31.3792756980271,0.214989792438207,0.713389488386068,0.798131170210774,47.9264849918189,0.323190027667987,0.308823529411765,0.823529411764706,204
"UMass-gbqr_2src_mobsgleam_otid50",2024-03-16,0.453654827952739,0.581137706427354,19.1614298145475,0.174701041915805,0.439902468575072,0.60113622290189,27.8195183680736,0.264424088908489,0.377450980392157,0.892156862745098,204
"UMass-gbqr_2src_mobsgleam_otid50",2024-03-23,0.488592599880435,0.575705891602137,13.2278046264579,0.164900044314202,0.4724563667168,0.573894902963627,19.7134734975167,0.243119239609637,0.553921568627451,0.897058823529412,204
"UMass-gbqr_2src_mobsgleam_otid50",2024-03-30,0.593426339635312,0.643464345310712,12.3711754500536,0.18488122804575,0.588720909850326,0.665966591483048,19.0814836075017,0.286622342210779,0.450980392156863,0.906862745098039,204
"UMass-gbqr_2src_mobsgleam_otid50",2024-04-06,0.433813436961452,0.577930294129759,10.1888157638523,0.206968448998423,0.433029285287038,0.565390150786447,15.9817523966966,0.314463879510829,0.406862745098039,0.906862745098039,204
"UMass-gbqr_2src_mobsgleam_otid50",2024-04-13,0.387650656252507,0.576400079400533,11.0936296498998,0.269205319428294,0.385164772654461,0.559825602971999,17.2644445154529,0.403223970947612,0.397058823529412,0.877450980392157,204
"UMass-gbqr_2src_mobsgleam_otid50",2024-04-20,0.450785140974628,0.716863933167646,11.6876508049344,0.410834346242726,0.423048129171387,0.648779872388357,17.7700951905373,0.604493754043115,0.303921568627451,0.872549019607843,204
"UMass-gbqr_2src_mobsgleam_otid50",2024-04-27,0.500890762038444,0.783988306819423,9.69264035225145,0.527412985535314,0.472170936620117,0.692928084856116,15.0206457362419,0.774729368099299,0.331683168316832,0.871287128712871,204
"UMass-gbqr_2src_mobsgleam_otid50",2024-05-04,0.529787455670126,0.800790216424064,9.18930214613963,0.573039773158485,0.474841922860944,0.690467584069833,13.525872172694,0.861093222777064,0.335,0.945,204
"UMass-gbqr_2src_mobsgleam_otid50",2024-11-30,0.779355218652299,0.564305853526464,68.4105221002929,0.441105533461491,0.774274864326527,0.538999761451264,95.8506736455986,0.648586397316271,0.367647058823529,0.764705882352941,204
"UMass-gbqr_2src_mobsgleam_otid50",2024-12-07,0.789413195342143,0.645372278613774,133.666559845415,0.616610087337431,0.792437014640545,0.629425123558469,169.173649140247,0.853025468784019,0.235294117647059,0.568627450980392,204
"UMass-gbqr_2src_mobsgleam_otid50",2024-12-14,0.812665055103934,0.708694109147256,235.257842162635,0.807191070721722,0.827021253853066,0.691782059618876,281.110199820713,1.07229620349333,0.0931372549019608,0.338235294117647,204
"UMass-gbqr_2src_mobsgleam_otid50",2024-12-21,0.71868661877552,0.683724219332674,240.634942535872,0.698731677135413,0.77615939884821,0.721441635897622,301.225940811816,0.967150854751873,0.0686274509803922,0.303921568627451,204
"UMass-gbqr_2src_mobsgleam_otid50",2024-12-28,0.663879459915418,0.681625738083865,226.737665260786,0.611746891933736,0.719968322319138,0.712814383801055,284.719237425363,0.811494267606166,0.0833333333333333,0.308823529411765,204
"UMass-gbqr_2src_mobsgleam_otid50",2025-01-04,0.709773192880303,0.730882692196107,151.300120248674,0.29921349749197,0.847941225090651,0.815300843256456,222.430778324882,0.430124758623889,0.225490196078431,0.666666666666667,204
"UMass-gbqr_2src_mobsgleam_otid50",2025-01-11,1.00353443697741,1.02478244244746,214.721938785615,0.330269760706556,1.16379200028111,1.10406935361839,308.347831447029,0.455444969229657,0.230392156862745,0.544117647058823,204
"UMass-gbqr_2src_mobsgleam_otid50",2025-01-18,0.402175280582047,0.40331529283898,131.109908619952,0.180092088481303,0.515155059525146,0.485377811623157,199.365008036232,0.271347276418588,0.387254901960784,0.833333333333333,204
"UMass-gbqr_2src_mobsgleam_otid50",2025-02-01,0.73661013286378,0.795502360356167,207.025854048896,0.322480029701096,0.786693662335015,0.807520073357973,265.941021284055,0.407056151819733,0.196078431372549,0.490196078431373,204
"UMass-gbqr_2src_mobsgleam_otid50",2025-02-08,0.832690783735972,0.887882011446356,196.665695496319,0.249554922964735,0.942706584224607,0.981176683435488,276.776804684062,0.349366651345285,0.137254901960784,0.593137254901961,204
"UMass-gbqr_2src_mobsgleam_otid50",2025-02-15,0.563046368391034,0.746509939929553,144.155621686262,0.249445547880017,0.634268238980813,0.822720846808197,203.593886396773,0.344093802945703,0.156862745098039,0.666666666666667,204
"UMass-gbqr_2src_mobsgleam_otid50",2025-02-22,0.282647343170667,0.551453164906333,62.1807414204653,0.189641497189424,0.315741122052553,0.590842002129418,90.5418622497662,0.263552975273599,0.259803921568627,0.779411764705882,204
"UMass-gbqr_2src_mobsgleam_otid50",2025-03-01,0.342350105409172,0.571141563423009,68.6525589184084,0.227174139906652,0.353247905381501,0.591944824132091,93.288615953544,0.308686494538472,0.28921568627451,0.71078431372549,204
"UMass-gbqr_2src_mobsgleam_otid50",2025-03-08,0.306806603200511,0.508088015634893,52.0594897778382,0.209071319907099,0.335978814251922,0.56895022081604,78.2484776662896,0.320084814564251,0.240196078431373,0.808823529411765,204
"UMass-gbqr_2src_mobsgleam_otid50",2025-03-15,0.342439549008668,0.54419759113429,45.0761053301997,0.25312105063456,0.348066291295765,0.577034267241147,66.0046297979249,0.377095562257149,0.264705882352941,0.784313725490196,204
"UMass-gbqr_2src_mobsgleam_otid50",2025-03-22,0.290395090056314,0.450417200520553,29.8928292837405,0.221199607757389,0.291645466226742,0.468999494035685,46.4645553815458,0.348972757825098,0.318627450980392,0.926470588235294,204
"UMass-gbqr_2src_mobsgleam_otid50",2025-03-29,0.322039969314088,0.655108771768382,24.3581526707388,0.338104720267131,0.305839217261556,0.634157323847661,36.9930523820044,0.504587945449817,0.308823529411765,0.852941176470588,204
"UMass-gbqr_2src_mobsgleam_otid50",2025-04-05,0.353330386149799,0.649910609612811,18.4513186579184,0.327356106284221,0.346585572581846,0.665539600255919,29.6891317689596,0.512466556328745,0.323529411764706,0.862745098039216,204
"UMass-gbqr_2src_mobsgleam_otid50",2025-04-12,0.483563827683874,0.830268187645985,15.7641673845195,0.378308321875932,0.492795994315864,0.925825441823634,25.5239337055952,0.61800787940682,0.338235294117647,0.897058823529412,204
"UMass-gbqr_2src_mobsgleam_otid50",2025-04-19,0.653490799071778,0.97005010380824,14.1418821221899,0.420083312158153,0.820929681354074,1.2602120101217,23.47295505558,0.683618136025277,0.343137254901961,0.901960784313726,204
"UMass-gbqr_2src_mobsgleam_otid50",2025-05-03,0.562866025715403,0.745952453163178,9.14359423854484,0.363008940961454,1.02480655185604,1.08860139400519,15.8392895000102,0.598017768811736,0.490196078431373,0.96078431372549,204
"UMass-gbqr_2src_mobsgleam_otid50",2025-05-10,0.530317564355662,0.740507088610168,7.90353334188654,0.36260787356925,1.14419214259844,1.28039396844901,14.2463139323531,0.616830012873866,0.490196078431373,0.990196078431373,204
"UMass-gbqr_2src_mobsgleam_otid50",2025-05-17,0.536755130344877,0.737078248375841,7.49820491167857,0.374080073563815,1.25442790219722,1.31913419912699,12.9501233432713,0.632942638517644,0.485294117647059,0.975490196078431,204
"UMass-gbqr_2src_mobsgleam_otid50",2025-11-22,0.633810524560756,0.408935598857108,36.0911218703596,0.311175428332735,0.675695008999812,0.415348444361812,61.3855666754584,0.507152291137367,0.490196078431373,0.970588235294118,204
"UMass-gbqr_2src_mobsgleam_otid50",2025-11-29,0.694153817774716,0.484174108020722,75.7669454288764,0.400282924709587,0.762962384188723,0.513526235952353,118.427470075176,0.65061582942633,0.387254901960784,0.911764705882353,204
"UMass-gbqr_2src_mobsgleam_otid50",2025-12-06,0.6645458354262,0.542202533947607,150.976682611814,0.546384255854476,0.778074268387985,0.601878399299879,223.314943206454,0.86014745772757,0.264705882352941,0.754901960784314,204
"UMass-gbqr_2src_mobsgleam_otid50",2025-12-13,0.627015590485895,0.564893100824289,218.30355205656,0.657836495609518,0.726908609893403,0.643289605693528,304.503441995346,0.994282974683156,0.117647058823529,0.622549019607843,204
"UMass-gbqr_2src_mobsgleam_otid50",2025-12-20,0.608715486383871,0.563273454096641,229.73631975521,0.610687063579524,0.688050579648553,0.625356544140842,311.912889977052,0.879385058582056,0.102941176470588,0.480392156862745,204
"UMass-gbqr_2src_mobsgleam_otid50",2025-12-27,0.689592064788722,0.577348722131401,168.550931685099,0.328587708117419,0.846499426899972,0.677362955133877,258.223820274438,0.499522110062239,0.240196078431373,0.75,204
"UMass-gbqr_2src_mobsgleam_otid50",2026-01-03,1.7064811660036,1.4642078205225,311.346510383918,0.483122631636469,2.04986201342476,1.66166383172777,496.05655890559,0.727304666328263,0.17156862745098,0.617647058823529,204
"UMass-gbqr_2src_mobsgleam_otid50",2026-01-10,1.20172749233281,1.16811679366663,366.585806178047,0.653288775009538,1.49362158337758,1.36215671969926,561.140449860988,0.930005991273582,0.0588235294117647,0.416666666666667,204
"UMass-gbqr_2src_mobsgleam_otid50",2026-01-17,1.09892419996729,1.05244995290755,180.776344998931,0.455483765076188,1.29213690856533,1.20125283360201,291.243858787953,0.686851983190627,0.0784313725490196,0.67156862745098,204
"UMass-gbqr_2src_mobsgleam_otid50",2026-01-24,0.762344100071656,0.734684130699958,66.4360168867779,0.243426886374205,0.829163008241425,0.839611822296568,110.551003240973,0.398761604476151,0.313725490196078,0.887254901960784,204
"UMass-gbqr_2src_mobsgleam_otid50",2026-01-31,0.914568001948447,0.904856955213002,70.1621115016512,0.318323355554345,0.824088769782475,0.859259689378281,91.9545718948945,0.428164992284163,0.25,0.774509803921569,204
"UMass-gbqr_2src_mobsgleam_otid50",2026-02-07,1.20895701798563,1.16649236217907,59.9995422216189,0.265423739265695,1.18977235206445,1.26142539710979,85.9318913495965,0.398069107684726,0.220588235294118,0.696078431372549,204
"UMass-gbqr_2src_mobsgleam_otid50",2026-02-14,1.26366830784123,1.34249737078017,60.4948156321578,0.302522935490555,1.20370413484402,1.51047840849724,83.6043327774753,0.437291508226455,0.200980392156863,0.632352941176471,204
"UMass-gbqr_2src_mobsgleam_otid50",2026-02-21,0.858264445221263,1.2224009219064,50.2148741030371,0.380166961963023,0.834252313051647,1.36306194481816,71.614835814512,0.569852741538856,0.147058823529412,0.656862745098039,204
"UMass-gbqr_2src_mobsgleam_otid50",2026-02-28,0.553003662771561,0.843975626921975,33.5871418306454,0.277148816732102,0.529402427232042,0.929740300499847,49.3148741406397,0.420212817153888,0.21078431372549,0.774509803921569,204
"UMass-gbqr_2src_mobsgleam_otid50",2026-03-07,0.418381071708675,0.662130351668836,19.6377490696623,0.259749594706475,0.380976662603903,0.642025425205833,28.91874323736,0.380985052138454,0.372549019607843,0.799019607843137,204
"UMass-gbqr_2src_mobsgleam_otid50",2026-03-14,0.384096003418448,0.585015038842853,17.9515297849345,0.264959678246165,0.357057798517991,0.561604753032022,27.2746650701267,0.394185753284652,0.372549019607843,0.852941176470588,204
"UMass-gbqr_2src_mobsgleam_otid50",2026-03-21,0.42807909055895,0.603626037629935,18.450672281731,0.318079331696599,0.387944716904101,0.564269058503402,27.4280718230777,0.466893265068246,0.313725490196078,0.818627450980392,204
"UMass-gbqr_2src_mobsgleam_otid50",2026-03-28,0.3729162013518,0.581371232964695,12.7437538885752,0.338849092467742,0.361490027239632,0.581512488728205,19.8376512497435,0.52613325906651,0.352941176470588,0.857843137254902,204
"UMass-gbqr_2src_mobsgleam_otid50",2026-04-04,0.497354301861326,0.66669479942331,8.5409206291944,0.28846420411332,0.689199492055085,0.905630266092817,13.18938635776,0.427399351408797,0.607843137254902,0.950980392156863,204
"UMass-gbqr_2src_mobsgleam_otid50",2026-04-11,0.485314290267271,0.647406382291959,7.48518682579422,0.306087574258934,0.810029465780444,0.890446482790614,11.741456521141,0.455651479571616,0.534313725490196,0.950980392156863,204
"UMass-gbqr_2src_mobsgleam_otid50",2026-04-18,0.620749977963193,0.767914241242104,8.52725647104374,0.375529666611285,1.32702397538693,1.27558943099452,13.4263602215619,0.58820019557898,0.46078431372549,0.946078431372549,204
"UMass-gbqr_2src_mobsgleam_otid50",2026-04-25,0.594143650741682,0.767795830710224,8.05497591584878,0.403096723179805,1.24220176877081,1.22574888182292,12.7447465786142,0.658151052146712,0.406862745098039,0.941176470588235,204
"UMass-gbqr_2src_mobsgleam_otid50",2026-05-02,0.50366387686071,0.715915285254093,6.74126296760305,0.36424168031989,1.05777735242274,1.20911287595705,10.7903660313319,0.598828564502298,0.470588235294118,0.965686274509804,204
"UMass-gbqr_2src_mobsgleam_otid50",2026-05-09,0.357687698362187,0.599388515782572,4.42359207088338,0.302949722907333,0.909711284251992,1.02670917871723,7.05472182199339,0.492687144661331,0.558823529411765,0.985294117647059,204
"UMass-gbqr_2src_mobsgleam_otid50",2026-05-16,0.334719393352698,0.561835739552834,4.03182706882364,0.295944476058165,0.823088471280436,0.807048846140932,6.14492030274561,0.459736666096441,0.617647058823529,0.985294117647059,204
"UMass-gbqr_2src_mobsgleam_otid50",2026-05-23,0.334239731922999,0.548457139652051,3.88100698067371,0.290743097747265,0.880552832634046,0.883286714965928,5.80992212120307,0.47558724893434,0.602941176470588,0.990196078431373,204
"UMass-gbqr_2src_mobsgleam_otid50",2026-05-30,0.324652360627516,0.564604801600809,3.62794169509083,0.303929709564362,0.974651740113363,0.878862659827755,5.40836161670749,0.475592566704257,0.593137254901961,1,204
"UMass-gbqr_2src_nihflu_otid10",2023-10-21,2.09882330881461,1.19181781774657,25.3055239468339,0.583263606060619,2.5151050186929,1.65173352254731,45.2842101283081,0.996351945862898,0.215686274509804,0.882352941176471,204
"UMass-gbqr_2src_nihflu_otid10",2023-10-28,1.6784575517106,1.09595541661069,26.9986576679161,0.560561730119212,1.97718069542216,1.31738103414546,50.2533367630961,0.957619344261626,0.230392156862745,0.911764705882353,204
"UMass-gbqr_2src_nihflu_otid10",2023-11-04,1.10392432922679,0.795090367503412,22.4457571790086,0.413331279864458,1.24468680295322,0.884238276028486,40.617059055194,0.704276564271354,0.397058823529412,0.946078431372549,204
"UMass-gbqr_2src_nihflu_otid10",2023-11-11,0.852030691809394,0.580589253875354,23.3438532731867,0.314638593916596,0.904643395004144,0.655171225995265,39.2233871917933,0.545819743161639,0.514705882352941,0.985294117647059,204
"UMass-gbqr_2src_nihflu_otid10",2023-11-18,1.05820008582651,0.62403363214573,36.3011732215506,0.326255741839514,1.29345460922415,0.754187156031489,68.5911370715043,0.591867113825058,0.568627450980392,0.970588235294118,204
"UMass-gbqr_2src_nihflu_otid10",2023-11-25,0.911112977284027,0.500208791556886,43.4848639222363,0.281683040263869,1.07677147926817,0.529480050123581,76.0971294931823,0.456664871086944,0.686274509803922,0.995098039215686,204
"UMass-gbqr_2src_nihflu_otid10",2023-12-02,0.45017281571971,0.370961202452264,37.1495827819402,0.234609753974501,0.441541926691348,0.384790770654676,48.918083750741,0.352529521567895,0.735294117647059,0.975490196078431,204
"UMass-gbqr_2src_nihflu_otid10",2023-12-09,0.582937432328761,0.526145902167566,73.0204197043896,0.34669651380817,0.749030455766481,0.645662740160942,117.935579604017,0.586209013554925,0.367647058823529,0.700980392156863,204
"UMass-gbqr_2src_nihflu_otid10",2023-12-16,0.769420982547503,0.665029453690953,117.585467052637,0.463830526085531,0.812535603632805,0.684987744721732,153.318298973714,0.636752860723011,0.137254901960784,0.46078431372549,204
"UMass-gbqr_2src_nihflu_otid10",2023-12-23,0.795106548571136,0.745505598674187,102.579889065084,0.390277489936211,0.825805287176397,0.747616464641248,134.310753055028,0.517592588035957,0.0490196078431373,0.495098039215686,204
"UMass-gbqr_2src_nihflu_otid10",2023-12-30,0.866263070017991,0.976179764780792,60.8060825188993,0.268939460969917,0.932572896892351,1.03290674014935,88.4207106455483,0.390799646078619,0.284313725490196,0.686274509803922,204
"UMass-gbqr_2src_nihflu_otid10",2024-01-06,0.443489740301786,0.639583222538783,39.9054272207945,0.171206923602638,0.496419052771766,0.728381895417997,59.9304334885444,0.261559227030305,0.715686274509804,0.980392156862745,204
"UMass-gbqr_2src_nihflu_otid10",2024-01-13,0.412095029540452,0.527369697634125,37.0326029974074,0.174242600676954,0.470607321552958,0.627035191940668,57.2456896291012,0.276182637191561,0.656862745098039,0.980392156862745,204
"UMass-gbqr_2src_nihflu_otid10",2024-01-20,0.913380731247966,0.956304474517128,50.5899051127963,0.23847083853725,0.977234022101733,1.05314371465384,79.7355896955066,0.372855588539248,0.387254901960784,0.906862745098039,204
"UMass-gbqr_2src_nihflu_otid10",2024-01-27,1.47096434878777,1.65129962721355,72.7974708109392,0.372656222682173,1.40172853687699,1.6656507819012,101.900167656302,0.550412647779738,0.17156862745098,0.637254901960784,204
"UMass-gbqr_2src_nihflu_otid10",2024-02-03,1.40635483822789,1.52473670671832,62.8116668153503,0.34774496868251,1.42413445184753,1.64427674643753,93.930044360826,0.541388554377599,0.21078431372549,0.637254901960784,204
"UMass-gbqr_2src_nihflu_otid10",2024-02-10,1.60107655432835,1.57768042137714,56.1794935432198,0.320582571317703,1.63658110641153,1.72718589392654,85.7039017636978,0.509065153019411,0.220588235294118,0.681372549019608,204
"UMass-gbqr_2src_nihflu_otid10",2024-02-17,1.18567453571268,1.24101142621842,38.9160881389747,0.248645924249925,1.27508115976211,1.45025957695331,61.0288845290063,0.395295233127106,0.28921568627451,0.720588235294118,204
"UMass-gbqr_2src_nihflu_otid10",2024-02-24,0.83085222423135,0.868432382550971,25.4340462943709,0.175725997748923,0.837110486329668,0.913274857034339,38.580945061135,0.265834879937538,0.436274509803922,0.862745098039216,204
"UMass-gbqr_2src_nihflu_otid10",2024-03-02,0.728173918082733,0.776580151667532,23.6153760806254,0.162431896154353,0.759980215378129,0.872942945090439,36.4455217992364,0.250206228540236,0.446078431372549,0.946078431372549,204
"UMass-gbqr_2src_nihflu_otid10",2024-03-09,0.666678157918164,0.70134451444828,30.0741505692148,0.195970734286553,0.772151495086775,0.796443779954523,51.8741972557071,0.322506746869092,0.441176470588235,0.980392156862745,204
"UMass-gbqr_2src_nihflu_otid10",2024-03-16,0.566206228203381,0.634364254211182,23.9153652375744,0.19070195401043,0.695446388700214,0.758614334315521,43.9801659834386,0.333694587918786,0.352941176470588,0.990196078431373,204
"UMass-gbqr_2src_nihflu_otid10",2024-03-23,0.506829115503083,0.600266640338169,13.7215269337191,0.171935005418545,0.515754198358074,0.633173080653092,21.5200967471761,0.268231268677825,0.588235294117647,0.96078431372549,204
"UMass-gbqr_2src_nihflu_otid10",2024-03-30,0.601506551007197,0.662150393332975,12.5396238418398,0.190250133923526,0.630740251940696,0.697300734798052,20.4434046364308,0.300108102101698,0.485294117647059,0.950980392156863,204
"UMass-gbqr_2src_nihflu_otid10",2024-04-06,0.509334525930755,0.638121068957327,11.9625516517569,0.228523974702147,0.509200859603464,0.635336702499078,18.793006235071,0.353367394153529,0.367647058823529,0.916666666666667,204
"UMass-gbqr_2src_nihflu_otid10",2024-04-13,0.439868202391125,0.615092140990059,12.5879702597892,0.28727628987365,0.444929625792498,0.59980141379594,19.9433161678755,0.432017232807568,0.382352941176471,0.857843137254902,204
"UMass-gbqr_2src_nihflu_otid10",2024-04-20,0.460169412010281,0.768956333395837,11.9309598072818,0.440688473646508,0.415005722661923,0.656583935326532,17.4322746935785,0.611765106782403,0.28921568627451,0.818627450980392,204
"UMass-gbqr_2src_nihflu_otid10",2024-04-27,0.522188980254038,0.858438053477064,10.1047780576214,0.577497614113963,0.458846136287638,0.679575368435215,14.5967587712097,0.759800341868068,0.287128712871287,0.698019801980198,204
"UMass-gbqr_2src_nihflu_otid10",2024-05-04,0.581182756656072,0.883776079470217,10.080767099862,0.632423865471304,0.520212480022307,0.702975216639267,14.8182524934354,0.87669169240404,0.34,0.665,204
"UMass-gbqr_2src_nihflu_otid10",2024-11-30,0.454760171849756,0.353733655705646,39.9181015820468,0.276505855695514,0.506040937402849,0.348613481118408,62.6448913390762,0.41949176594379,0.480392156862745,0.965686274509804,204
"UMass-gbqr_2src_nihflu_otid10",2024-12-07,0.452703254337676,0.330611359480487,76.653502874264,0.315877061967841,0.563251422033287,0.360744602076564,120.245895494959,0.488897442729867,0.397058823529412,0.857843137254902,204
"UMass-gbqr_2src_nihflu_otid10",2024-12-14,0.482609895480006,0.335930617035502,139.710403325316,0.382619512358261,0.612080599675939,0.373007020429664,208.050396382987,0.578179220350762,0.254901960784314,0.715686274509804,204
"UMass-gbqr_2src_nihflu_otid10",2024-12-21,0.420758015307537,0.315641366138108,140.880709602667,0.322569560794925,0.552936584013901,0.364308064243125,214.593604066415,0.488384421128334,0.333333333333333,0.745098039215686,204
"UMass-gbqr_2src_nihflu_otid10",2024-12-28,0.402704913840068,0.321501790631946,137.537576422046,0.288542098957573,0.527601445525571,0.387801535482168,208.645681452598,0.441487616081104,0.357843137254902,0.764705882352941,204
"UMass-gbqr_2src_nihflu_otid10",2025-01-04,0.546453331852363,0.507276456369451,116.485738893627,0.207672126219826,0.693096362291873,0.613976097930163,181.812086447672,0.32391272878885,0.392156862745098,0.92156862745098,204
"UMass-gbqr_2src_nihflu_otid10",2025-01-11,0.803327173270148,0.807009526192237,171.884453355951,0.260085294266822,1.00997197581474,0.983356091345655,267.593065160719,0.405648959729678,0.225490196078431,0.882352941176471,204
"UMass-gbqr_2src_nihflu_otid10",2025-01-18,0.77925507654699,0.728411753241781,254.038641385038,0.325257177808066,0.961761453001693,0.858119435958277,372.201682311655,0.479726032408574,0.303921568627451,0.691176470588235,204
"UMass-gbqr_2src_nihflu_otid10",2025-02-01,0.862038031087048,0.902204295782151,242.277633236723,0.365734764092996,0.966362241729868,1.00899259310913,326.677808402819,0.508614777163,0.191176470588235,0.514705882352941,204
"UMass-gbqr_2src_nihflu_otid10",2025-02-08,0.686237691612516,0.763472459711645,162.07626592341,0.214587420865376,0.848916005615978,0.927280340836036,249.240074707664,0.330175831738974,0.401960784313726,0.794117647058823,204
"UMass-gbqr_2src_nihflu_otid10",2025-02-15,0.581978484465177,0.66201672938619,149.002773032435,0.221212226300776,0.774284215699727,0.870179986354839,248.53764221789,0.363943057859431,0.382352941176471,0.92156862745098,204
"UMass-gbqr_2src_nihflu_otid10",2025-02-22,0.444759107602752,0.552287920903558,97.8443694322813,0.189928564862938,0.578702384646525,0.704847038320341,165.948582350182,0.31440644604244,0.558823529411765,0.955882352941177,204
"UMass-gbqr_2src_nihflu_otid10",2025-03-01,0.313425710567437,0.418668783001421,62.852257736441,0.166527401917815,0.360142333195639,0.505852405075326,95.1093532283424,0.26379114963207,0.67156862745098,1,204
"UMass-gbqr_2src_nihflu_otid10",2025-03-08,0.243593536766707,0.359911088319161,41.3333843045289,0.148098526177715,0.229581999013154,0.376983163787512,53.4689723289899,0.212086368297212,0.691176470588235,1,204
"UMass-gbqr_2src_nihflu_otid10",2025-03-15,0.227539170756748,0.335066762425609,29.9515043092112,0.155848633510327,0.213306742251948,0.347772214812715,40.449859431454,0.22727135341411,0.661764705882353,1,204
"UMass-gbqr_2src_nihflu_otid10",2025-03-22,0.218804641731089,0.310516805808838,22.5234173225486,0.15249461070228,0.194716352678751,0.28418049669052,31.0219420510396,0.211452790272416,0.720588235294118,1,204
"UMass-gbqr_2src_nihflu_otid10",2025-03-29,0.261628428895814,0.414331803090502,19.7888020782735,0.213838593556826,0.243409454679077,0.391631057488327,29.441805363756,0.31161401633492,0.568627450980392,0.975490196078431,204
"UMass-gbqr_2src_nihflu_otid10",2025-04-05,0.335034765922444,0.520175151350024,17.4959003522987,0.26200912804485,0.334190918447466,0.53983615199424,28.6273838228896,0.41567470017993,0.495098039215686,0.985294117647059,204
"UMass-gbqr_2src_nihflu_otid10",2025-04-12,0.452680031286999,0.687549490059372,14.7573564776705,0.313279127950786,0.47920768284021,0.768886123781535,24.8201391024003,0.513247596574556,0.397058823529412,0.975490196078431,204
"UMass-gbqr_2src_nihflu_otid10",2025-04-19,0.756573007242462,1.21530626916184,16.3726349329647,0.526292282049995,0.948925508900005,1.73815208568921,27.1327573206555,0.942882847809522,0.284313725490196,0.936274509803922,204
"UMass-gbqr_2src_nihflu_otid10",2025-05-03,1.21378149050056,2.24911852124041,19.7175259055426,1.094506934095,1.65773316207801,2.66777908973247,25.6217287256469,1.46553119232623,0.0686274509803922,0.862745098039216,204
"UMass-gbqr_2src_nihflu_otid10",2025-05-10,1.18356335238154,1.99884591831333,17.6391148370657,0.978785050380161,1.82462050088337,2.68169498917031,22.7183140796262,1.29190701881972,0.0588235294117647,0.784313725490196,204
"UMass-gbqr_2src_nihflu_otid10",2025-05-17,0.861849073784485,1.21388339194494,12.0396072488851,0.616067004496803,1.63551631771189,1.8631649548763,16.8843008093198,0.893977688785157,0.240196078431373,0.764705882352941,204
"UMass-gbqr_2src_nihflu_otid10",2025-11-22,0.531025639009721,0.376567445124195,30.238234158493,0.286545207509875,0.518546749092272,0.371404241255646,47.1089553967013,0.453495166402638,0.450980392156863,0.926470588235294,204
"UMass-gbqr_2src_nihflu_otid10",2025-11-29,0.512362118144255,0.360747184141143,55.9243666910987,0.29824175964111,0.536541231420818,0.374682655152882,83.2822455536285,0.474706936836174,0.397058823529412,0.931372549019608,204
"UMass-gbqr_2src_nihflu_otid10",2025-12-06,0.464071482657238,0.344186899026745,105.431362610829,0.346841430877119,0.573776606066615,0.381906118375996,164.679511201962,0.545783961002476,0.343137254901961,0.843137254901961,204
"UMass-gbqr_2src_nihflu_otid10",2025-12-13,0.404587615453295,0.317383426636137,140.862388291021,0.369603383079377,0.551999638044522,0.384375877232009,231.233730729082,0.594100055757413,0.240196078431373,0.808823529411765,204
"UMass-gbqr_2src_nihflu_otid10",2025-12-20,0.412481485040315,0.327027030826532,155.675320342624,0.354554569746013,0.521403105206087,0.381058342502008,236.366851795852,0.535849534132067,0.279411764705882,0.745098039215686,204
"UMass-gbqr_2src_nihflu_otid10",2025-12-27,0.638040164896298,0.475241433677028,155.950553576532,0.270475169526452,0.807300658369976,0.575301982930211,246.266274364527,0.424257125752457,0.382352941176471,0.852941176470588,204
"UMass-gbqr_2src_nihflu_otid10",2026-01-03,1.31677875748588,1.22367947329575,240.245529372596,0.403759110648109,1.56792588976743,1.3998273027044,379.430379412495,0.612699698862682,0.240196078431373,0.71078431372549,204
"UMass-gbqr_2src_nihflu_otid10",2026-01-10,0.8293541025019,0.889457087551499,252.993664713907,0.497443692531917,1.00339174623994,1.04831166409397,376.96542560576,0.715729779275775,0.102941176470588,0.598039215686274,204
"UMass-gbqr_2src_nihflu_otid10",2026-01-17,0.947748666605663,0.908703601732208,155.907513850074,0.393272608081572,1.09831545458546,1.07492093798152,247.557073123991,0.614617969983783,0.25,0.857843137254902,204
"UMass-gbqr_2src_nihflu_otid10",2026-01-24,1.0564155635978,0.878161533429398,92.0634687354984,0.290966034086855,1.16042479861362,1.01584323796826,154.71761812496,0.482460190187017,0.485294117647059,0.985294117647059,204
"UMass-gbqr_2src_nihflu_otid10",2026-01-31,0.848955939064029,0.737402358427471,65.1286084027647,0.259413813173447,0.900062081977152,0.803835597136885,100.431927313951,0.40054743228427,0.446078431372549,0.955882352941177,204
"UMass-gbqr_2src_nihflu_otid10",2026-02-07,0.892439062320393,0.810844535199254,44.2910164739627,0.184499612233811,0.875927650143994,0.867474905270467,63.264303907949,0.273749808963021,0.612745098039216,0.965686274509804,204
"UMass-gbqr_2src_nihflu_otid10",2026-02-14,0.890821128712781,0.788974131530902,42.6457319601318,0.177790121226184,0.943030684349977,0.931638962350843,65.4990282674256,0.269714419403219,0.642156862745098,0.975490196078431,204
"UMass-gbqr_2src_nihflu_otid10",2026-02-21,0.674932030920841,0.666582307004203,39.4885599065679,0.2073072475738,0.762053071722697,0.774098699363585,65.4170264314111,0.323625986134365,0.524509803921569,0.990196078431373,204
"UMass-gbqr_2src_nihflu_otid10",2026-02-28,0.527728478389459,0.619417152206773,32.0520322829388,0.203407213812285,0.535870799539117,0.695532193644646,49.9174157041266,0.31435825934996,0.455882352941176,0.985294117647059,204
"UMass-gbqr_2src_nihflu_otid10",2026-03-07,0.44946928030543,0.628232394674357,21.0969509330618,0.246451638241405,0.404724211996876,0.631533425987505,30.7213452096648,0.374758982714568,0.514705882352941,0.950980392156863,204
"UMass-gbqr_2src_nihflu_otid10",2026-03-14,0.404855191000153,0.575321384858667,18.9217538197263,0.260569316853474,0.393771864987439,0.581706704267733,30.079151824016,0.408295147387106,0.426470588235294,0.950980392156863,204
"UMass-gbqr_2src_nihflu_otid10",2026-03-21,0.37928142174443,0.545932844444647,16.3474399228845,0.287678038200593,0.354160591394572,0.538082903351206,25.0395010278623,0.445226049235041,0.406862745098039,0.936274509803922,204
"UMass-gbqr_2src_nihflu_otid10",2026-03-28,0.309220660870012,0.543296452433496,10.5670710607515,0.316657411666624,0.301504717205289,0.552658759804787,16.5458103387902,0.500027359831394,0.372549019607843,0.941176470588235,204
"UMass-gbqr_2src_nihflu_otid10",2026-04-04,0.576916497870922,0.834594566166322,9.90721905801917,0.361110747368539,0.760540814258199,1.10319842962066,14.554663425804,0.520638842305153,0.465686274509804,0.936274509803922,204
"UMass-gbqr_2src_nihflu_otid10",2026-04-11,0.528049936938452,0.801222062066722,8.1443149534221,0.378810163335936,0.857549621649316,1.12483911924278,12.4302658392991,0.575592827720258,0.431372549019608,0.96078431372549,204
"UMass-gbqr_2src_nihflu_otid10",2026-04-18,0.672850986402951,0.90648924693043,9.24296920102821,0.443296381814562,1.38906922873282,1.49946730792922,14.0541121965909,0.691434831896191,0.362745098039216,0.931372549019608,204
"UMass-gbqr_2src_nihflu_otid10",2026-04-25,0.611887569434423,0.805775284729362,8.29553531178676,0.423036130051956,1.20871693607745,1.23109665016278,12.4011987608338,0.661022471743094,0.264705882352941,0.906862745098039,204
"UMass-gbqr_2src_nihflu_otid10",2026-05-02,0.489545297222134,0.650513057625352,6.55229357264482,0.330966490113969,0.902553916873874,0.953398766449787,9.20693480889477,0.472182892155115,0.46078431372549,0.906862745098039,204
"UMass-gbqr_2src_nihflu_otid10",2026-05-09,0.34338952557693,0.583545431722136,4.24676383762125,0.294942132171564,0.826098447211645,0.916243988829374,6.40631246808246,0.439678191280475,0.426470588235294,0.946078431372549,204
"UMass-gbqr_2src_nihflu_otid10",2026-05-16,0.333316263142836,0.620944452931607,4.01492581220824,0.32707972784061,0.791479345257278,0.865762511917832,5.90893648444526,0.493182999720044,0.426470588235294,0.950980392156863,204
"UMass-gbqr_2src_nihflu_otid10",2026-05-23,0.348227309500093,0.572022480241841,4.04342299838378,0.303235341219365,0.898971537095119,0.859553104252727,5.93144945553936,0.462808382870668,0.377450980392157,0.941176470588235,204
"UMass-gbqr_2src_nihflu_otid10",2026-05-30,0.309260402241374,0.588028836632932,3.45593885645366,0.316538989797108,0.969331262549411,0.919137682842043,5.37883818238203,0.497387213860153,0.436274509803922,0.931372549019608,204
"UMass-gbqr_2src_nihflu_otid50",2023-10-21,2.0058440433293,1.15458226292598,24.1844724417281,0.565040901503819,2.21230797775575,1.55164193752249,39.8323801943224,0.935975108956315,0.215686274509804,0.901960784313726,204
"UMass-gbqr_2src_nihflu_otid50",2023-10-28,1.60893608131914,1.093031973152,25.8803771503324,0.559066440713937,1.75686729274211,1.29335033666904,44.653705103765,0.94015115536027,0.137254901960784,0.926470588235294,204
"UMass-gbqr_2src_nihflu_otid50",2023-11-04,1.00564851777494,0.761769685081744,20.4475450352802,0.396009374236862,1.01709179358418,0.813048362036622,33.1900983818132,0.647575345384797,0.294117647058824,0.950980392156863,204
"UMass-gbqr_2src_nihflu_otid50",2023-11-11,0.78254392835577,0.555999047785197,21.4400617477367,0.301312429478169,0.755869964677154,0.581969006236641,32.7728920090588,0.484835354345084,0.568627450980392,0.980392156862745,204
"UMass-gbqr_2src_nihflu_otid50",2023-11-18,0.96133702311917,0.598045349230721,32.9783207050885,0.312668611138854,1.02780673297431,0.660418565191412,54.5039864574316,0.518279881817567,0.602941176470588,0.970588235294118,204
"UMass-gbqr_2src_nihflu_otid50",2023-11-25,0.856818954108274,0.48260587341772,40.89356265834,0.271770292661966,0.929621104599307,0.480986860913863,65.6977816912167,0.414840564403657,0.696078431372549,0.990196078431373,204
"UMass-gbqr_2src_nihflu_otid50",2023-12-02,0.45569408504862,0.374956409686772,37.60521414135,0.237136472618308,0.46560389136449,0.392632116522965,51.5838899447492,0.359713441033253,0.705882352941177,0.975490196078431,204
"UMass-gbqr_2src_nihflu_otid50",2023-12-09,0.494049790239262,0.433923278728893,61.8860979539754,0.285927700616409,0.689811256427883,0.547176643940939,108.611458610116,0.496791685090822,0.490196078431373,0.774509803921569,204
"UMass-gbqr_2src_nihflu_otid50",2023-12-16,0.659953308116366,0.584008488201237,100.856253894798,0.407321755175488,0.738062488513383,0.625920952435703,139.2658792664,0.581845383543051,0.25,0.514705882352941,204
"UMass-gbqr_2src_nihflu_otid50",2023-12-23,0.705278981372881,0.673988091410666,90.9908738636089,0.352837565580256,0.724862277047826,0.665713679161598,117.893164167499,0.460889349532364,0.161764705882353,0.431372549019608,204
"UMass-gbqr_2src_nihflu_otid50",2023-12-30,0.897791922704668,0.995031373793122,63.0192047037715,0.274133116635715,0.905668912377851,0.941954404539218,85.869843643198,0.356387884411421,0.313725490196078,0.632352941176471,204
"UMass-gbqr_2src_nihflu_otid50",2024-01-06,0.515004773648138,0.709161381225621,46.3403854600845,0.189831962657641,0.631098858959117,0.807468629505594,76.1897191100252,0.289958978817699,0.529411764705882,0.955882352941177,204
"UMass-gbqr_2src_nihflu_otid50",2024-01-13,0.478831320258231,0.606050341823021,43.0298084537,0.200238633683618,0.548578975035859,0.710660335539133,66.7303297329159,0.31301599677233,0.57843137254902,0.96078431372549,204
"UMass-gbqr_2src_nihflu_otid50",2024-01-20,0.937593471652437,1.02690814766497,51.9309890635266,0.256077069176165,1.06436322737728,1.23963776872986,86.8447349004647,0.438882047534389,0.446078431372549,0.946078431372549,204
"UMass-gbqr_2src_nihflu_otid50",2024-01-27,1.32999484400101,1.5315300981058,65.820943189176,0.345627293725754,1.34087940103432,1.64492075886602,97.4766741046029,0.543562432241579,0.294117647058824,0.681372549019608,204
"UMass-gbqr_2src_nihflu_otid50",2024-02-03,1.23250956196101,1.33099458442522,55.0472596590045,0.303558422931733,1.23424812300812,1.43959861815431,81.4059239954622,0.473996981624385,0.313725490196078,0.681372549019608,204
"UMass-gbqr_2src_nihflu_otid50",2024-02-10,1.39299230314053,1.3671819560512,48.8781138468843,0.277809562057871,1.40625433279423,1.46658097891528,73.6422305747098,0.432255307938856,0.240196078431373,0.754901960784314,204
"UMass-gbqr_2src_nihflu_otid50",2024-02-17,1.12201874773377,1.17369769536775,36.8267843874573,0.235159114645701,1.1981389523456,1.32811945678082,57.3462192681494,0.362003670675103,0.294117647058824,0.803921568627451,204
"UMass-gbqr_2src_nihflu_otid50",2024-02-24,0.866725582342319,0.900119465926684,26.5322014467784,0.182137831823551,0.840077920698937,0.906667229038219,38.7177088745657,0.263911540012552,0.480392156862745,0.872549019607843,204
"UMass-gbqr_2src_nihflu_otid50",2024-03-02,0.703415865531061,0.773196498732639,22.8124487750566,0.161724160885865,0.696237921710688,0.846349252329655,33.388703863214,0.242583843129991,0.42156862745098,0.950980392156863,204
"UMass-gbqr_2src_nihflu_otid50",2024-03-09,0.621845115471164,0.653391402694861,28.0517119262008,0.182571604004576,0.688358044380188,0.712558671803923,46.24483822662,0.288538858587063,0.411764705882353,0.990196078431373,204
"UMass-gbqr_2src_nihflu_otid50",2024-03-16,0.528762987662711,0.59030857926391,22.333841176898,0.177457980627755,0.590309197385837,0.660248978840412,37.3312693895818,0.290426242890257,0.382352941176471,0.985294117647059,204
"UMass-gbqr_2src_nihflu_otid50",2024-03-23,0.552809665876477,0.609610603884604,14.9663712827843,0.174611406729272,0.514107366438404,0.614591880121044,21.4513818780573,0.26035971010315,0.598039215686274,0.985294117647059,204
"UMass-gbqr_2src_nihflu_otid50",2024-03-30,0.631313368088073,0.667581589059028,13.161007388687,0.191810633961962,0.630592940943921,0.684313919150759,20.4386300270647,0.294518765389781,0.504901960784314,0.985294117647059,204
"UMass-gbqr_2src_nihflu_otid50",2024-04-06,0.512494163646153,0.618635974384084,12.0367608943018,0.221545970878201,0.491865588658858,0.614092340699097,18.1532157696693,0.341551510166054,0.450980392156863,0.970588235294118,204
"UMass-gbqr_2src_nihflu_otid50",2024-04-13,0.370719749011119,0.530647985144886,10.6091077961552,0.247836989358988,0.363489005571425,0.52715685742272,16.2928601320839,0.379693747898996,0.490196078431373,0.946078431372549,204
"UMass-gbqr_2src_nihflu_otid50",2024-04-20,0.366642753095057,0.660230570201203,9.50606415080571,0.378377795461834,0.358209390353388,0.620642063390799,15.0465503232264,0.578276649420453,0.514705882352941,0.892156862745098,204
"UMass-gbqr_2src_nihflu_otid50",2024-04-27,0.466922848263702,0.769225634124133,9.0353338162016,0.517481682717431,0.428110908366333,0.658386401737136,13.6190133522874,0.736109983316518,0.356435643564356,0.772277227722772,204
"UMass-gbqr_2src_nihflu_otid50",2024-05-04,0.562540903190211,0.898749195617021,9.75741927003242,0.643138520700928,0.482122141214475,0.691669299427091,13.7332491924943,0.862591901315659,0.315,0.655,204
"UMass-gbqr_2src_nihflu_otid50",2024-11-30,0.446890942849519,0.347061525329891,39.2273535745286,0.271290397428814,0.499671457509805,0.343735752592794,61.8563871958461,0.413622322953691,0.553921568627451,0.965686274509804,204
"UMass-gbqr_2src_nihflu_otid50",2024-12-07,0.427581740780499,0.317480741029599,72.3998289869883,0.303331633448371,0.560603559910423,0.357441616199953,119.680615870877,0.484421086495697,0.480392156862745,0.92156862745098,204
"UMass-gbqr_2src_nihflu_otid50",2024-12-14,0.437263142580913,0.313752756731849,126.583003335466,0.357359289966455,0.598680310090205,0.367325023679404,203.495545990024,0.569371846035617,0.274509803921569,0.862745098039216,204
"UMass-gbqr_2src_nihflu_otid50",2024-12-21,0.379401274538605,0.289541598983405,127.033398857744,0.295896914775965,0.52571380143388,0.345092422658572,204.028495525113,0.462624299646043,0.348039215686274,0.862745098039216,204
"UMass-gbqr_2src_nihflu_otid50",2024-12-28,0.375582580785261,0.302188398277522,128.274366992346,0.27120867522459,0.505058174354782,0.37087334148331,199.730701754401,0.422215933714447,0.406862745098039,0.862745098039216,204
"UMass-gbqr_2src_nihflu_otid50",2025-01-04,0.563351757074984,0.511879947284978,120.08792307562,0.209556733191936,0.712646528973647,0.620286617318324,186.940459338073,0.327241942355933,0.436274509803922,0.911764705882353,204
"UMass-gbqr_2src_nihflu_otid50",2025-01-11,0.802288559591091,0.797734358880062,171.662225662911,0.257096067322819,1.0226996379019,0.98487048420503,270.965271708812,0.40627366922549,0.259803921568627,0.857843137254902,204
"UMass-gbqr_2src_nihflu_otid50",2025-01-18,0.788644800464621,0.742082171467299,257.099709293104,0.331361419854819,0.966257613657955,0.864254853023878,373.941696485629,0.483155997006411,0.28921568627451,0.691176470588235,204
"UMass-gbqr_2src_nihflu_otid50",2025-02-01,0.844030646583813,0.856042503526329,237.216619289664,0.34702173836288,0.953225331208,0.968440241031201,322.236888680226,0.488173075552492,0.200980392156863,0.519607843137255,204
"UMass-gbqr_2src_nihflu_otid50",2025-02-08,0.696527550335024,0.759345314342916,164.506534471768,0.213427413757135,0.85365837957766,0.922847047648799,250.632426404041,0.328597273237325,0.362745098039216,0.794117647058823,204
"UMass-gbqr_2src_nihflu_otid50",2025-02-15,0.590734160323455,0.674881222338691,151.244470994613,0.225510883721249,0.773093900184441,0.872575872043077,248.155562607243,0.364945110282301,0.338235294117647,0.931372549019608,204
"UMass-gbqr_2src_nihflu_otid50",2025-02-22,0.494198801002565,0.583790049324775,108.720809156481,0.200761961384414,0.647550993387899,0.755733506164901,185.691595893131,0.337105035433959,0.46078431372549,0.965686274509804,204
"UMass-gbqr_2src_nihflu_otid50",2025-03-01,0.338043611419842,0.437004805473128,67.7889639386993,0.173820637782763,0.372958336736009,0.512630210116183,98.493908986842,0.267325629187314,0.598039215686274,1,204
"UMass-gbqr_2src_nihflu_otid50",2025-03-08,0.260604816146036,0.373233593043883,44.2198884270538,0.153580555986637,0.245311119076445,0.388228258542782,57.1322381296127,0.218412728561798,0.705882352941177,1,204
"UMass-gbqr_2src_nihflu_otid50",2025-03-15,0.243255821365108,0.350797846575691,32.0203231717267,0.163165587154664,0.221290874746159,0.367046390135936,41.9639092625254,0.239867149527403,0.558823529411765,1,204
"UMass-gbqr_2src_nihflu_otid50",2025-03-22,0.219971847101491,0.309981743463945,22.6435676696834,0.152231841916631,0.197797981895076,0.289041670979933,31.5129029880974,0.215069888839938,0.725490196078431,1,204
"UMass-gbqr_2src_nihflu_otid50",2025-03-29,0.246358449734702,0.382888358897162,18.633825928954,0.197610484025447,0.231514985433626,0.365530753251377,28.0030993410525,0.290846458514044,0.573529411764706,0.990196078431373,204
"UMass-gbqr_2src_nihflu_otid50",2025-04-05,0.322024488422868,0.486633508984846,16.8164887155343,0.245114402400066,0.317156271065443,0.496832705526808,27.1681658670031,0.382561977641769,0.519607843137255,0.990196078431373,204
"UMass-gbqr_2src_nihflu_otid50",2025-04-12,0.421209422986944,0.606568143726456,13.7314155190366,0.276380306954983,0.432909776727681,0.644868410560884,22.4221799063955,0.430463174701887,0.470588235294118,0.980392156862745,204
"UMass-gbqr_2src_nihflu_otid50",2025-04-19,0.736274636647396,1.22337379757618,15.9333675941809,0.529785951133605,0.910842092059507,1.70727075973106,26.0438329557995,0.926130877252233,0.343137254901961,0.950980392156863,204
"UMass-gbqr_2src_nihflu_otid50",2025-05-03,1.35931805270309,2.6647973924904,22.0817248638317,1.29679214167444,1.81713773517643,3.13594702532969,28.0854670539768,1.72271692239861,0.0980392156862745,0.455882352941176,204
"UMass-gbqr_2src_nihflu_otid50",2025-05-10,1.5527278503627,3.09019482498033,23.1409200091798,1.51319142198071,2.30449676305011,4.11843458882308,28.6932440105258,1.98405656621546,0.0343137254901961,0.362745098039216,204
"UMass-gbqr_2src_nihflu_otid50",2025-05-17,1.14139087579627,1.81906526515603,15.9446685969108,0.923207365983712,2.08352217840135,2.82571945100768,21.5093024887904,1.35582742545457,0.117647058823529,0.573529411764706,204
"UMass-gbqr_2src_nihflu_otid50",2025-11-22,0.540521699237634,0.392792698443952,30.7789690527446,0.298891650729035,0.531795649744532,0.386874941330721,48.3125920427226,0.472385332226248,0.441176470588235,0.946078431372549,204
"UMass-gbqr_2src_nihflu_otid50",2025-11-29,0.510213793887762,0.374900354488191,55.689876924512,0.309942658814733,0.551941698195131,0.394652518260729,85.6727150654353,0.500007901304615,0.392156862745098,0.946078431372549,204
"UMass-gbqr_2src_nihflu_otid50",2025-12-06,0.459866782544523,0.354898379374702,104.476106192755,0.357635523218236,0.581412606248858,0.397226787616949,166.871118117013,0.567678806728156,0.338235294117647,0.872549019607843,204
"UMass-gbqr_2src_nihflu_otid50",2025-12-13,0.412224803221342,0.334945503057794,143.52137355835,0.390054995591535,0.57167244407398,0.410312182428235,239.474707748951,0.634187796107254,0.21078431372549,0.843137254901961,204
"UMass-gbqr_2src_nihflu_otid50",2025-12-20,0.412455576920412,0.333818009745538,155.665542316188,0.361917180117079,0.529416677489433,0.39210882497759,239.999631948751,0.551388876080586,0.254901960784314,0.754901960784314,204
"UMass-gbqr_2src_nihflu_otid50",2025-12-27,0.670973056926057,0.491187268463915,164.000051124625,0.279550456447152,0.851286606612745,0.595937236226751,259.684144752506,0.439474617630676,0.343137254901961,0.877450980392157,204
"UMass-gbqr_2src_nihflu_otid50",2026-01-03,1.45769066822368,1.31123915709362,265.954826699615,0.43264986254055,1.73146101082712,1.50270749980593,419.005077066189,0.657730014860424,0.21078431372549,0.71078431372549,204
"UMass-gbqr_2src_nihflu_otid50",2026-01-10,0.883460757446876,0.924994304743947,269.498847335716,0.517318473215473,1.0873792392226,1.10448640051485,408.518785653231,0.754082812134707,0.0980392156862745,0.602941176470588,204
"UMass-gbqr_2src_nihflu_otid50",2026-01-17,0.995562129727418,0.934607916369115,163.772972728083,0.404483587501487,1.15371906188935,1.10448347901944,260.044883258502,0.631521230789558,0.245098039215686,0.872549019607843,204
"UMass-gbqr_2src_nihflu_otid50",2026-01-24,1.0737047304698,0.905103203074722,93.5701681146351,0.299892763930924,1.16067231745159,1.04159274599781,154.750619423361,0.494689550069363,0.465686274509804,0.980392156862745,204
"UMass-gbqr_2src_nihflu_otid50",2026-01-31,0.836513564468444,0.72007439261923,64.1740776605336,0.25331793670454,0.866278187771082,0.781573697631675,96.6622077854566,0.389454434267831,0.42156862745098,0.96078431372549,204
"UMass-gbqr_2src_nihflu_otid50",2026-02-07,0.947532629745146,0.854126488050168,47.0252649010481,0.19434799027801,0.957786150556193,0.939480630287675,69.176574226936,0.296472718119175,0.549019607843137,0.980392156862745,204
"UMass-gbqr_2src_nihflu_otid50",2026-02-14,0.966336301532037,0.848982750744558,46.2608233799171,0.191312668111099,1.02341925372612,1.0272632152271,71.0824872845364,0.297398147636639,0.519607843137255,0.985294117647059,204
"UMass-gbqr_2src_nihflu_otid50",2026-02-21,0.704032371596197,0.677215760459625,41.19114697225,0.210614253992789,0.800721010836425,0.803800241946588,68.7364036361151,0.336043254133961,0.480392156862745,0.985294117647059,204
"UMass-gbqr_2src_nihflu_otid50",2026-02-28,0.507629936227674,0.604351465826326,30.8313304474503,0.198459870523681,0.515076088963868,0.673338450532699,47.9803476401,0.304327398784652,0.470588235294118,1,204
"UMass-gbqr_2src_nihflu_otid50",2026-03-07,0.45242969898285,0.635928286710454,21.2359054964001,0.249470688542064,0.396065147289161,0.628413907237724,30.0640627733953,0.372907825475505,0.495098039215686,0.955882352941177,204
"UMass-gbqr_2src_nihflu_otid50",2026-03-14,0.388652214864049,0.569350240889564,18.164473852939,0.257864920761462,0.364855570200729,0.567239349989675,27.8703154433233,0.398140630507853,0.480392156862745,0.985294117647059,204
"UMass-gbqr_2src_nihflu_otid50",2026-03-21,0.369561228969555,0.544723486909529,15.9284890902935,0.287040770070042,0.343869686766953,0.539475908772835,24.3119239815675,0.446378664002342,0.446078431372549,0.96078431372549,204
"UMass-gbqr_2src_nihflu_otid50",2026-03-28,0.304724677221731,0.548722973663705,10.4134287440781,0.319820230344005,0.294925823037917,0.543245814835798,16.1847773966151,0.491510838673303,0.446078431372549,0.955882352941177,204
"UMass-gbqr_2src_nihflu_otid50",2026-04-04,0.679953311407373,1.04746844725388,11.6766402593769,0.453216602607778,0.957851433971024,1.53358101408604,18.3306470501121,0.723751795068698,0.387254901960784,0.916666666666667,204
"UMass-gbqr_2src_nihflu_otid50",2026-04-11,0.581925168470577,0.922170390612575,8.97525313387169,0.435993381648074,0.951785366589788,1.2508662401678,13.7962222010098,0.640082322850462,0.387254901960784,0.96078431372549,204
"UMass-gbqr_2src_nihflu_otid50",2026-04-18,0.723723219408522,1.04386776447157,9.94180221511317,0.51047798377096,1.51239772045009,1.77090580787047,15.3019063480833,0.816600637502329,0.348039215686274,0.931372549019608,204
"UMass-gbqr_2src_nihflu_otid50",2026-04-25,0.674412089166201,0.967067845926412,9.14319816227887,0.507715546494825,1.37824332149205,1.57470004177077,14.1405062347199,0.845516161324654,0.323529411764706,0.892156862745098,204
"UMass-gbqr_2src_nihflu_otid50",2026-05-02,0.584954633372364,0.826742758901161,7.82929487073674,0.42062821942345,1.09132281479735,1.17523611160984,11.1325626352612,0.582050665128792,0.455882352941176,0.906862745098039,204
"UMass-gbqr_2src_nihflu_otid50",2026-05-09,0.441957399653491,0.758884732054527,5.46577155917672,0.383564104484648,1.14252338069421,1.20410375720815,8.86015680518746,0.577813517510448,0.46078431372549,0.926470588235294,204
"UMass-gbqr_2src_nihflu_otid50",2026-05-16,0.400996178510129,0.749198586562934,4.8301570781959,0.394637022095379,0.972670024130176,1.02498936859415,7.26164924877577,0.583886833312543,0.514705882352941,0.916666666666667,204
"UMass-gbqr_2src_nihflu_otid50",2026-05-23,0.384161778681104,0.606455413760438,4.46067418792948,0.321488613958369,1.01417469210565,0.895553542462473,6.69156439006963,0.482192065516981,0.480392156862745,0.946078431372549,204
"UMass-gbqr_2src_nihflu_otid50",2026-05-30,0.341947954091038,0.630602955938085,3.82121737171418,0.339456860276932,1.06061949765803,0.930038576348168,5.88539838896514,0.503286183242883,0.558823529411765,0.936274509803922,204
"UMass-gbqr_2src_utseirs_otid10",2023-10-21,2.06906716037934,1.206651306131,24.9467539047669,0.590522965500232,2.01538101628577,1.53007059614355,36.2867302763837,0.922962932558373,0.107843137254902,0.877450980392157,204
"UMass-gbqr_2src_utseirs_otid10",2023-10-28,1.2691116270459,0.886077311646747,20.4141655688962,0.453212807115967,1.13294560834861,0.989879176853414,28.7956974910972,0.719554497648809,0.323529411764706,0.931372549019608,204
"UMass-gbqr_2src_utseirs_otid10",2023-11-04,0.795966748922586,0.643397208277283,16.1841494891185,0.334472913303566,0.593037123438575,0.575067214266023,19.3521967192676,0.458028534692527,0.656862745098039,0.926470588235294,204
"UMass-gbqr_2src_utseirs_otid10",2023-11-11,0.684621804980454,0.524146196322735,18.757201021889,0.284050421389857,0.62922651267347,0.537550934592627,27.2819049740813,0.447830889718846,0.622549019607843,0.946078431372549,204
"UMass-gbqr_2src_utseirs_otid10",2023-11-18,0.726746240268642,0.52980564845268,24.9307683012491,0.276991697182,0.696304539188401,0.566178023941791,36.9246201222555,0.444322274997231,0.656862745098039,0.965686274509804,204
"UMass-gbqr_2src_utseirs_otid10",2023-11-25,0.668937148557032,0.482299062736101,31.9264916676335,0.271597518078547,0.731069745638967,0.513962719875568,51.6658457003774,0.443281515820455,0.563725490196078,0.985294117647059,204
"UMass-gbqr_2src_utseirs_otid10",2023-12-02,0.548644763888548,0.544536174752653,45.2757771287683,0.344385065458094,0.716800169589543,0.64411742986657,79.413728592614,0.590113970244324,0.406862745098039,0.877450980392157,204
"UMass-gbqr_2src_utseirs_otid10",2023-12-09,0.737077007757152,0.737270552272625,92.3283863344856,0.485814161344427,0.933843205228007,0.906369341015322,147.034528195704,0.822909305840661,0.264705882352941,0.720588235294118,204
"UMass-gbqr_2src_utseirs_otid10",2023-12-16,0.820894123426238,0.825804794394165,125.451763200232,0.575964673597448,0.928011857435473,0.893474316319099,175.107649158155,0.830558402369434,0.107843137254902,0.558823529411765,204
"UMass-gbqr_2src_utseirs_otid10",2023-12-23,0.740602153943537,0.789601850733867,95.5480582186319,0.413362191915716,0.86462628130157,0.876630030879782,140.624683271102,0.606911736020738,0.181372549019608,0.588235294117647,204
"UMass-gbqr_2src_utseirs_otid10",2023-12-30,0.915604903914224,0.937745001309867,64.2695611403138,0.258350607417213,0.911993776565,1.00178913177862,86.4695275800011,0.379026317601419,0.524509803921569,0.818627450980392,204
"UMass-gbqr_2src_utseirs_otid10",2024-01-06,0.756447513656555,0.747442786447989,68.06552318895,0.200079325922255,0.842769185417193,0.901672217410922,101.74372303164,0.323787136534139,0.666666666666667,0.955882352941177,204
"UMass-gbqr_2src_utseirs_otid10",2024-01-13,0.395349522405547,0.533752569012153,35.5277808732271,0.176351497175337,0.428043900623612,0.630716228466595,52.0681833037987,0.27780397900522,0.558823529411765,0.965686274509804,204
"UMass-gbqr_2src_utseirs_otid10",2024-01-20,0.774828327957989,0.850420286337035,42.9158293459331,0.21206680946911,0.832395062308366,0.95641269618932,67.9177245692291,0.338608884772474,0.372549019607843,0.946078431372549,204
"UMass-gbqr_2src_utseirs_otid10",2024-01-27,1.26162201276132,1.46932491933121,62.4371975596271,0.33158917092152,1.25826828658378,1.54163512746239,91.4711700492029,0.509431797851584,0.254901960784314,0.735294117647059,204
"UMass-gbqr_2src_utseirs_otid10",2024-02-03,1.07533360117702,1.20923578454319,48.0273498810521,0.275789031754075,1.0863180248905,1.27474164987683,71.6490638475573,0.419716778533152,0.279411764705882,0.813725490196078,204
"UMass-gbqr_2src_utseirs_otid10",2024-02-10,1.23479780975539,1.37241765683157,43.3272946211095,0.278873449519538,1.30872979962518,1.51467075989363,68.5351002421365,0.44642913358119,0.348039215686274,0.784313725490196,204
"UMass-gbqr_2src_utseirs_otid10",2024-02-17,1.06830696582687,1.21055698172904,35.0638617844732,0.242544148442225,1.18940751677567,1.38892875389781,56.9283087931257,0.378578376101738,0.303921568627451,0.823529411764706,204
"UMass-gbqr_2src_utseirs_otid10",2024-02-24,0.834203664229804,0.908736804947146,25.5366405675611,0.183881537525615,0.80418455135099,0.954174727065684,37.0634468225589,0.277739961913133,0.406862745098039,0.848039215686274,204
"UMass-gbqr_2src_utseirs_otid10",2024-03-02,0.847275396801297,0.879514636641847,27.4779508609788,0.183961990038607,0.856392081216443,0.971421630504225,41.0690378948062,0.278432564072887,0.436274509803922,0.92156862745098,204
"UMass-gbqr_2src_utseirs_otid10",2024-03-09,0.63574729690099,0.714437180979864,28.678845562717,0.199629106771268,0.655316962087533,0.757169033181944,44.0250929676943,0.306603087207823,0.357843137254902,0.92156862745098,204
"UMass-gbqr_2src_utseirs_otid10",2024-03-16,0.501411934864827,0.614916803461317,21.1785899897659,0.184855680621125,0.499013378746063,0.642496497189946,31.5577039176616,0.28261739090721,0.343137254901961,0.882352941176471,204
"UMass-gbqr_2src_utseirs_otid10",2024-03-23,0.533121664313215,0.649735775180152,14.4333524891555,0.186104501764894,0.524885171444221,0.627394103774638,21.9010910751628,0.265783119274239,0.524509803921569,0.892156862745098,204
"UMass-gbqr_2src_utseirs_otid10",2024-03-30,0.579177523877812,0.685806819302344,12.0741299906292,0.197047136921848,0.578080955684302,0.7066114761247,18.7366239165912,0.304115309851895,0.529411764705882,0.926470588235294,204
"UMass-gbqr_2src_utseirs_otid10",2024-04-06,0.526889756503845,0.678569232117414,12.3748648600659,0.243009274536938,0.503952002354994,0.648608657810812,18.5992873810331,0.360749111981859,0.392156862745098,0.872549019607843,204
"UMass-gbqr_2src_utseirs_otid10",2024-04-13,0.648567341528839,0.79617311044619,18.5604377908092,0.371849422263781,0.610337416663343,0.731158839627271,27.3574771469098,0.526629666708372,0.259803921568627,0.681372549019608,204
"UMass-gbqr_2src_utseirs_otid10",2024-04-20,0.710148435698113,0.891797921102338,18.4122460606507,0.511088923497312,0.636316638983718,0.789091988396106,26.7284180365269,0.735228077583419,0.215686274509804,0.696078431372549,204
"UMass-gbqr_2src_utseirs_otid10",2024-04-27,0.700042853518187,0.963420800614397,13.5463939935767,0.64812272882011,0.650118844438712,0.812777807452645,20.6815034374414,0.908727544653747,0.282178217821782,0.693069306930693,204
"UMass-gbqr_2src_utseirs_otid10",2024-05-04,0.727676098981189,0.952704672784584,12.6217324825183,0.681748675723583,0.646799182269814,0.778511912536058,18.4240747069557,0.970894720045553,0.265,0.73,204
"UMass-gbqr_2src_utseirs_otid10",2024-11-30,0.843861074777041,0.847392687186819,74.0727402909287,0.662388314771182,0.797056793189699,0.786728211362091,98.670942427513,0.946681710768345,0.132352941176471,0.534313725490196,204
"UMass-gbqr_2src_utseirs_otid10",2024-12-07,0.892378855211123,0.843740566451587,151.101112014174,0.806137731058632,0.82042991507964,0.755344341283706,175.149721723693,1.02367690246326,0.117647058823529,0.294117647058824,204
"UMass-gbqr_2src_utseirs_otid10",2024-12-14,0.902243703149619,0.857453107882701,261.189902746166,0.976625152251254,0.849049030942982,0.741275536487924,288.597592424595,1.14901352595989,0.0392156862745098,0.176470588235294,204
"UMass-gbqr_2src_utseirs_otid10",2024-12-21,0.816732135831994,0.747638911945115,273.463127653583,0.764049270252524,0.833577708109631,0.717869842485352,323.509874051254,0.962362576837504,0.0490196078431373,0.181372549019608,204
"UMass-gbqr_2src_utseirs_otid10",2024-12-28,0.710230347359302,0.726426914882011,242.568087252048,0.651955145715767,0.774166377208288,0.759404612650344,306.152442720105,0.864534307898353,0.0735294117647059,0.294117647058824,204
"UMass-gbqr_2src_utseirs_otid10",2025-01-04,0.615131446289624,0.638711764052962,131.125636648348,0.261479965050636,0.776282631002105,0.752166533595357,203.633394278508,0.396817262466518,0.303921568627451,0.803921568627451,204
"UMass-gbqr_2src_utseirs_otid10",2025-01-11,0.911687729423834,0.947262490065198,195.069894580357,0.305286412960932,1.07702526775527,1.0541112987412,285.358900598885,0.434836531279861,0.299019607843137,0.642156862745098,204
"UMass-gbqr_2src_utseirs_otid10",2025-01-18,0.927709776154887,0.937472538701234,302.435156634868,0.418608940415208,1.03546619750182,1.02484577105937,400.725418433203,0.572933294573369,0.156862745098039,0.67156862745098,204
"UMass-gbqr_2src_utseirs_otid10",2025-02-01,0.925605686671901,1.12789015758729,260.143458861707,0.45722309529726,0.993848806090646,1.18189677184637,335.969614537368,0.595772622462946,0.0882352941176471,0.436274509803922,204
"UMass-gbqr_2src_utseirs_otid10",2025-02-08,0.745101056827259,0.822377491035829,175.978671096279,0.231143720424138,0.893828000470746,0.952792827418277,262.426148334289,0.339260038646052,0.318627450980392,0.78921568627451,204
"UMass-gbqr_2src_utseirs_otid10",2025-02-15,0.561434238444874,0.765138216936327,143.742871320263,0.25567016796271,0.631718965926938,0.882612667939105,202.775594739352,0.369142888037238,0.235294117647059,0.764705882352941,204
"UMass-gbqr_2src_utseirs_otid10",2025-02-22,0.348956840924746,0.556014782881466,76.7684381853263,0.191210210758341,0.379940997554609,0.653805549452848,108.951805960525,0.291638707450837,0.401960784313726,0.843137254901961,204
"UMass-gbqr_2src_utseirs_otid10",2025-03-01,0.321502166115674,0.520020943794052,64.4718551357599,0.206840682250197,0.368537747484449,0.603803164765952,97.3264833724372,0.314870364135908,0.338235294117647,0.808823529411765,204
"UMass-gbqr_2src_utseirs_otid10",2025-03-08,0.242867718751761,0.379521735352328,41.210226213616,0.156168041169784,0.270215569242416,0.433145556167691,62.9324113248845,0.243682680756165,0.426470588235294,0.882352941176471,204
"UMass-gbqr_2src_utseirs_otid10",2025-03-15,0.293652343271419,0.484817046586996,38.6541332450692,0.225501549798963,0.317412066332315,0.538228435198993,60.1915969905176,0.351735704301474,0.299019607843137,0.843137254901961,204
"UMass-gbqr_2src_utseirs_otid10",2025-03-22,0.263644232010794,0.387728259248827,27.1391366073484,0.1904131075882,0.261107577220035,0.392658572546452,41.5993008197469,0.292169067744827,0.416666666666667,0.92156862745098,204
"UMass-gbqr_2src_utseirs_otid10",2025-03-29,0.340159221011342,0.640528347449733,25.7286393841157,0.330579694656001,0.307715279566796,0.609360137033547,37.2199731534837,0.484857255482299,0.28921568627451,0.818627450980392,204
"UMass-gbqr_2src_utseirs_otid10",2025-04-05,0.321680579695775,0.559944912279327,16.7985294067356,0.282040919945319,0.303511124195704,0.546630884907402,25.9992985064703,0.420906655387167,0.28921568627451,0.82843137254902,204
"UMass-gbqr_2src_utseirs_otid10",2025-04-12,0.463802283891184,0.820180165473517,15.1199416044057,0.373711755614693,0.454298849222761,0.882840211557731,23.5300080435671,0.589314337619809,0.176470588235294,0.838235294117647,204
"UMass-gbqr_2src_utseirs_otid10",2025-04-19,0.842569672202005,1.399545223079,18.2336476671711,0.606077552611003,0.898181064554961,1.76364716618363,25.681814458574,0.956712980569265,0.186274509803922,0.700980392156863,204
"UMass-gbqr_2src_utseirs_otid10",2025-05-03,0.693384518211562,1.07883287153931,11.2638290395254,0.52500126048412,1.128625506433,1.5311147685379,17.4439030479571,0.841110293187229,0.269607843137255,0.784313725490196,204
"UMass-gbqr_2src_utseirs_otid10",2025-05-10,0.621796467449378,1.02036831476274,9.26687977669461,0.499648944033723,1.12012144244062,1.69045977520174,13.9466101166626,0.814379285278528,0.313725490196078,0.740196078431373,204
"UMass-gbqr_2src_utseirs_otid10",2025-05-17,0.669867735422141,1.0940993013818,9.35772246962974,0.555274488222756,1.34367895994931,1.79055652765893,13.8715092630062,0.859138951731724,0.269607843137255,0.745098039215686,204
"UMass-gbqr_2src_utseirs_otid10",2025-11-22,0.627040162669126,0.60178063928156,35.7055966279275,0.457918921008927,0.616619680244533,0.637141363201338,56.0186888920193,0.777967767815849,0.225490196078431,0.843137254901961,204
"UMass-gbqr_2src_utseirs_otid10",2025-11-29,0.628831674314629,0.579824478129703,68.6370281798382,0.479360283995266,0.653912965022389,0.621479878412145,101.500755085461,0.787388488175333,0.259803921568627,0.808823529411765,204
"UMass-gbqr_2src_utseirs_otid10",2025-12-06,0.639969498161408,0.580736885313063,145.393239494444,0.585215802329108,0.72692703319464,0.635290146378539,208.635185262481,0.907896354085,0.205882352941176,0.735294117647059,204
"UMass-gbqr_2src_utseirs_otid10",2025-12-13,0.657174238412992,0.595307090454719,228.803673692461,0.693254581485929,0.774598304775047,0.68248460589409,324.480748690473,1.05486365412707,0.0784313725490196,0.57843137254902,204
"UMass-gbqr_2src_utseirs_otid10",2025-12-20,0.704893268532155,0.641502598670143,266.034935787184,0.695501155631044,0.821893319416262,0.739787983764118,372.587609246551,1.04030013843461,0.0294117647058824,0.436274509803922,204
"UMass-gbqr_2src_utseirs_otid10",2025-12-27,0.663178826049379,0.611089185115641,162.09497572844,0.34779048969089,0.813615183168554,0.740193107973492,248.192513963623,0.545856280367987,0.264705882352941,0.808823529411765,204
"UMass-gbqr_2src_utseirs_otid10",2026-01-03,1.29829770467878,1.13124589166349,236.87367188343,0.373260191994728,1.60788360804629,1.35833820592237,389.09995136481,0.594540060844963,0.313725490196078,0.823529411764706,204
"UMass-gbqr_2src_utseirs_otid10",2026-01-10,0.974761985922154,0.969982179532791,297.350198544037,0.542478691586132,1.25821447036119,1.19410556602929,472.700074622315,0.81526986914219,0.117647058823529,0.57843137254902,204
"UMass-gbqr_2src_utseirs_otid10",2026-01-17,0.631916866195177,0.692842670219019,103.952230205998,0.299851396415541,0.723629533032322,0.802761144518375,163.103968423329,0.45900252529477,0.352941176470588,0.803921568627451,204
"UMass-gbqr_2src_utseirs_otid10",2026-01-24,0.810574925901418,0.796895755067738,70.6391896521841,0.264039802025046,0.815389331392548,0.867631615305407,108.71458051248,0.412069203679235,0.348039215686274,0.906862745098039,204
"UMass-gbqr_2src_utseirs_otid10",2026-01-31,1.24334775202549,1.33999407648789,95.384819310415,0.471402035861195,1.15888231547341,1.32551250022263,129.311951701575,0.660496537247113,0.166666666666667,0.759803921568627,204
"UMass-gbqr_2src_utseirs_otid10",2026-02-07,1.21332707442475,1.19855904497476,60.2164245275478,0.272720194115668,1.17153234937359,1.27207640699417,84.6144982140709,0.401430256120719,0.205882352941176,0.759803921568627,204
"UMass-gbqr_2src_utseirs_otid10",2026-02-14,1.20844811784343,1.27554194886952,57.8512934417529,0.287434972397081,1.19307532410961,1.48672128467964,82.8660993495545,0.430413694914544,0.294117647058824,0.700980392156863,204
"UMass-gbqr_2src_utseirs_otid10",2026-02-21,0.868145404361223,1.22960101755348,50.7929839408534,0.382406193330522,0.875667922708199,1.36963968040669,75.1700816787548,0.57260268307489,0.245098039215686,0.715686274509804,204
"UMass-gbqr_2src_utseirs_otid10",2026-02-28,0.519315189233951,0.758508853934724,31.5410441012113,0.249082822587561,0.524628188094318,0.861851237790438,48.8701444037074,0.38952913668987,0.32843137254902,0.848039215686274,204
"UMass-gbqr_2src_utseirs_otid10",2026-03-07,0.435666196720758,0.741444150410971,20.4490691091629,0.290863901769994,0.410951986686217,0.727701793013177,31.194076048216,0.431826364919252,0.450980392156863,0.838235294117647,204
"UMass-gbqr_2src_utseirs_otid10",2026-03-14,0.402562300236406,0.59422389331327,18.814590775923,0.269130468662637,0.375910988358192,0.575474200490891,28.7148084881652,0.403920604289206,0.382352941176471,0.892156862745098,204
"UMass-gbqr_2src_utseirs_otid10",2026-03-21,0.487204112484813,0.644219695767735,20.9990247410391,0.339470065108778,0.438654626901756,0.617027126741223,31.01331217551,0.510546884502176,0.392156862745098,0.803921568627451,204
"UMass-gbqr_2src_utseirs_otid10",2026-03-28,0.381970081267142,0.66016114799368,13.0531542765433,0.384771370161181,0.358892680479097,0.658319162361526,19.6951154802132,0.59562539603701,0.313725490196078,0.813725490196078,204
"UMass-gbqr_2src_utseirs_otid10",2026-04-04,0.611500044150757,1.04055776139851,10.501112229842,0.450226500544778,0.93505032499197,1.7225742826127,17.8942964155326,0.812944485963865,0.387254901960784,0.941176470588235,204
"UMass-gbqr_2src_utseirs_otid10",2026-04-11,0.643796302257052,1.09094597369149,9.92951515500532,0.515788870589462,1.14574063727598,1.80406459498154,16.6076228648288,0.923160142505053,0.333333333333333,0.901960784313726,204
"UMass-gbqr_2src_utseirs_otid10",2026-04-18,0.788941895079115,1.12620767561074,10.8377126361973,0.550744302219333,1.70256306374371,2.0121995819847,17.2259321743481,0.927866097749459,0.343137254901961,0.818627450980392,204
"UMass-gbqr_2src_utseirs_otid10",2026-04-25,0.772606689292079,1.16186063805442,10.4744505253951,0.609982754866107,1.62853955920236,1.97018124728771,16.7084965559341,1.05786501627782,0.259803921568627,0.764705882352941,204
"UMass-gbqr_2src_utseirs_otid10",2026-05-02,0.612734701300503,0.937316764185303,8.20111574526266,0.476885799494676,1.21385094917504,1.55763814771949,12.3824697315356,0.771440148029666,0.450980392156863,0.92156862745098,204
"UMass-gbqr_2src_utseirs_otid10",2026-05-09,0.401469473420472,0.775366933698916,4.96504964374327,0.391894725258306,0.974194798756768,1.237976917862,7.55478515506474,0.594068238077038,0.563725490196078,0.950980392156863,204
"UMass-gbqr_2src_utseirs_otid10",2026-05-16,0.375276713304227,0.74134151153465,4.52035597891046,0.390498342782372,0.910497883820307,1.09922517090993,6.79749155420749,0.626175376843514,0.583333333333333,0.941176470588235,204
"UMass-gbqr_2src_utseirs_otid10",2026-05-23,0.372460291845558,0.626102476728536,4.32480299203146,0.331903735826605,1.01796385333186,0.989788907333848,6.71656542443473,0.532931125860745,0.598039215686274,0.980392156862745,204
"UMass-gbqr_2src_utseirs_otid10",2026-05-30,0.325547821229019,0.663208123585396,3.63794833371876,0.357008392083335,1.01122829833831,1.02263506628575,5.61132565548513,0.553394356374111,0.676470588235294,0.950980392156863,204
"UMass-gbqr_2src_utseirs_otid50",2023-10-21,1.3042804105868,0.916279549876333,15.7257159403912,0.448417959911817,1.29226475385076,1.26064340919751,23.2670954969493,0.760440165830199,0.348039215686274,0.911764705882353,204
"UMass-gbqr_2src_utseirs_otid50",2023-10-28,0.803815842649996,0.660914177219653,12.9296977106375,0.3380458630227,0.669241649756782,0.660861408827363,17.0098899301344,0.480387718181767,0.57843137254902,0.916666666666667,204
"UMass-gbqr_2src_utseirs_otid50",2023-11-04,0.719331955427453,0.662202468588945,14.6259575725947,0.344248911895034,0.629798720671125,0.708352223086703,20.5518141348416,0.564187146715879,0.57843137254902,0.931372549019608,204
"UMass-gbqr_2src_utseirs_otid50",2023-11-11,0.707679680581188,0.605107777302251,19.3889384346246,0.327925911386661,0.672046417116759,0.620836247821745,29.1384837108188,0.517215451299367,0.436274509803922,0.955882352941177,204
"UMass-gbqr_2src_utseirs_otid50",2023-11-18,0.656925100007185,0.562754768587793,22.5355792050606,0.294218075823929,0.620829456591053,0.589269186516085,32.9222208892256,0.462443638691128,0.42156862745098,0.950980392156863,204
"UMass-gbqr_2src_utseirs_otid50",2023-11-25,0.68135316973822,0.558548102250086,32.5190734933573,0.314535710349517,0.764375821247152,0.613999630202767,54.0196383084323,0.529561145709898,0.352941176470588,0.970588235294118,204
"UMass-gbqr_2src_utseirs_otid50",2023-12-02,0.638094838600812,0.624311081061594,52.6574599832989,0.394837703142996,0.750246110836467,0.680746498172473,83.11917819125,0.623672020255212,0.205882352941176,0.843137254901961,204
"UMass-gbqr_2src_utseirs_otid50",2023-12-09,0.658139413185733,0.704815846632667,82.4404361593986,0.464428585108465,0.819625479148236,0.796138014313119,129.050835246281,0.722828267754366,0.333333333333333,0.725490196078431,204
"UMass-gbqr_2src_utseirs_otid50",2023-12-16,0.766216146169194,0.809924711528089,117.095693325486,0.564888972891,0.821313694010593,0.827976451878081,154.974647174264,0.769672710799858,0.259803921568627,0.568627450980392,204
"UMass-gbqr_2src_utseirs_otid50",2023-12-23,0.692131876706357,0.751164233103108,89.2947130903859,0.393239825357049,0.722408082186387,0.785461237696975,117.494008621873,0.543793420890737,0.318627450980392,0.593137254901961,204
"UMass-gbqr_2src_utseirs_otid50",2023-12-30,1.39771924202431,1.09846819920227,98.110879374113,0.302630167152044,1.66563115824442,1.27645322674161,157.924695405704,0.482945313314933,0.573529411764706,0.818627450980392,204
"UMass-gbqr_2src_utseirs_otid50",2024-01-06,1.3303561271645,1.11733492702912,119.706105431381,0.299093954858756,1.95313134537716,1.59305601986791,235.792739087984,0.572060486118349,0.519607843137255,0.936274509803922,204
"UMass-gbqr_2src_utseirs_otid50",2024-01-13,0.451349793653361,0.586896218314382,40.560202194057,0.193910123894744,0.525733437923935,0.69085462615391,63.9513493239336,0.304292414555946,0.490196078431373,0.955882352941177,204
"UMass-gbqr_2src_utseirs_otid50",2024-01-20,0.706240349199463,0.805342323708205,39.1169104301252,0.200825850303803,0.778164041187833,0.901720942865803,63.4928454194681,0.319245785900079,0.490196078431373,0.950980392156863,204
"UMass-gbqr_2src_utseirs_otid50",2024-01-27,1.17636485810385,1.42646370325149,58.2178531324726,0.32191648728458,1.17170214436309,1.45173836323317,85.1781509848265,0.479725501331401,0.279411764705882,0.779411764705882,204
"UMass-gbqr_2src_utseirs_otid50",2024-02-03,0.976367292987273,1.15839687823613,43.607242944319,0.26419426014288,1.00447407298412,1.26295840868203,66.2509737843204,0.415837071585916,0.431372549019608,0.852941176470588,204
"UMass-gbqr_2src_utseirs_otid50",2024-02-10,1.06104168943104,1.32486868067643,37.2304400931561,0.269211560563579,1.16245911862393,1.42415910942171,60.8752488444091,0.419752024093699,0.42156862745098,0.857843137254902,204
"UMass-gbqr_2src_utseirs_otid50",2024-02-17,1.07178317582296,1.33771590994528,35.1779575928278,0.268021391088813,1.15428061748782,1.57457679464944,55.2470389664267,0.429180204019105,0.284313725490196,0.818627450980392,204
"UMass-gbqr_2src_utseirs_otid50",2024-02-24,0.958401133165917,1.01417375689388,29.3385731885962,0.205216547542193,1.04244770974759,1.12017321665053,48.0445753286611,0.326058590427551,0.367647058823529,0.848039215686274,204
"UMass-gbqr_2src_utseirs_otid50",2024-03-02,1.08505878197157,1.09359963810938,35.1894932920855,0.228740668262496,1.23948975302041,1.3566421233379,59.4408247735228,0.388845927523964,0.343137254901961,0.906862745098039,204
"UMass-gbqr_2src_utseirs_otid50",2024-03-09,0.781976948399768,0.844529822539123,35.2753306951996,0.235979787451648,0.817499629358106,0.926249835842925,54.9207471585924,0.375069564059863,0.318627450980392,0.823529411764706,204
"UMass-gbqr_2src_utseirs_otid50",2024-03-16,0.567105122927049,0.720967384235552,23.9533326680897,0.216736501211711,0.566432150991339,0.779299099398502,35.82128029382,0.342793274627349,0.348039215686274,0.799019607843137,204
"UMass-gbqr_2src_utseirs_otid50",2024-03-23,0.571705333710592,0.725089858936585,15.4779390029203,0.20768825126607,0.587076662158858,0.74200818471796,24.4960615112559,0.314337110716926,0.57843137254902,0.867647058823529,204
"UMass-gbqr_2src_utseirs_otid50",2024-03-30,0.620121809398993,0.768540585291266,12.9276966526195,0.220818337872377,0.616840694019361,0.804075807372044,19.9928954355687,0.346062541531957,0.509803921568627,0.926470588235294,204
"UMass-gbqr_2src_utseirs_otid50",2024-04-06,0.550774508699449,0.721388688514154,12.9358372019805,0.258343782119265,0.542942447341095,0.713373490361378,20.0383023825054,0.396770610537133,0.431372549019608,0.862745098039216,204
"UMass-gbqr_2src_utseirs_otid50",2024-04-13,0.728028293346826,0.848799919026941,20.8344191626428,0.396428559777445,0.70201355094162,0.799222331812468,31.4667250480891,0.575653561738856,0.294117647058824,0.676470588235294,204
"UMass-gbqr_2src_utseirs_otid50",2024-04-20,0.690623373936413,0.839181381916337,17.906013527515,0.480934412330155,0.632114293221345,0.742005287828688,26.5518989147731,0.691355544536549,0.303921568627451,0.656862745098039,204
"UMass-gbqr_2src_utseirs_otid50",2024-04-27,0.662197637526318,0.941002920460627,12.8140585315098,0.633041533095087,0.603073200025575,0.802073183906096,19.1848929869522,0.896759222951675,0.306930693069307,0.678217821782178,204
"UMass-gbqr_2src_utseirs_otid50",2024-05-04,0.756975512215871,0.943306871467005,13.1299384772743,0.675023676061046,0.671328452503834,0.761769616513477,19.1227909695717,0.950015133557516,0.35,0.71,204
"UMass-gbqr_2src_utseirs_otid50",2024-11-30,0.851762331183302,0.924736207391148,74.7662996115878,0.722846051522127,0.781948436236079,0.864879700218741,96.8006167093428,1.04072255499054,0.102941176470588,0.495098039215686,204
"UMass-gbqr_2src_utseirs_otid50",2024-12-07,0.874485266780524,0.845374644518249,148.071298954397,0.80769898345944,0.777643529639246,0.744200265051839,166.01545764372,1.00857394502472,0.117647058823529,0.284313725490196,204
"UMass-gbqr_2src_utseirs_otid50",2024-12-14,0.887409717849072,0.842985433539056,256.895622648158,0.96014670634128,0.813707001993511,0.70614410140573,276.584594241334,1.09455807436483,0.0441176470588235,0.166666666666667,204
"UMass-gbqr_2src_utseirs_otid50",2024-12-21,0.80882425617481,0.730682690168219,270.815364195667,0.746720866570094,0.803397363194256,0.676979278622882,311.796941366743,0.907545469225371,0.0441176470588235,0.161764705882353,204
"UMass-gbqr_2src_utseirs_otid50",2024-12-28,0.69871536965338,0.720960071854494,238.635326384731,0.647048752010366,0.729321621102008,0.717738243690108,288.418100297958,0.817099771879461,0.0784313725490196,0.269607843137255,204
"UMass-gbqr_2src_utseirs_otid50",2025-01-04,0.672898912728996,0.675460422650007,143.439745868605,0.2765243692818,0.844309419126251,0.778029056196708,221.478087969133,0.410461442260175,0.284313725490196,0.730392156862745,204
"UMass-gbqr_2src_utseirs_otid50",2025-01-11,0.973084205832056,1.00509272063571,208.206634051586,0.323924101919102,1.14767308498077,1.10444212715026,304.077109035345,0.455598743835571,0.254901960784314,0.568627450980392,204
"UMass-gbqr_2src_utseirs_otid50",2025-01-18,0.927616341006775,0.929807451165397,302.404696598356,0.415186254374706,0.971825206537997,0.959538931003807,376.096354930205,0.536423934738149,0.102941176470588,0.441176470588235,204
"UMass-gbqr_2src_utseirs_otid50",2025-02-01,0.916604826363948,1.15313899896942,257.613747812004,0.467458447855086,0.969579975121361,1.18383526260208,327.765560021173,0.596749780323646,0.107843137254902,0.426470588235294,204
"UMass-gbqr_2src_utseirs_otid50",2025-02-08,0.796548240705634,0.875338017924121,188.129515559061,0.246029212006798,0.921390718397585,0.975964307982966,270.518508273063,0.347510685760141,0.269607843137255,0.715686274509804,204
"UMass-gbqr_2src_utseirs_otid50",2025-02-15,0.596657426451034,0.823410589761314,152.760992828284,0.275141822910759,0.658830011280595,0.916823368798745,211.477974503313,0.383451131478376,0.200980392156863,0.700980392156863,204
"UMass-gbqr_2src_utseirs_otid50",2025-02-22,0.35646645815843,0.594784374449505,78.4205094984197,0.204542845074864,0.397143493357245,0.694897228689268,113.88479028385,0.309968200416327,0.294117647058824,0.808823529411765,204
"UMass-gbqr_2src_utseirs_otid50",2025-03-01,0.333727451799736,0.552495975907982,66.9234306792122,0.21975777314568,0.381354485336715,0.626963389910739,100.71123305407,0.326947923430641,0.225490196078431,0.759803921568627,204
"UMass-gbqr_2src_utseirs_otid50",2025-03-08,0.243672360125627,0.391981304325505,41.3467591921785,0.16129498463339,0.2727425717753,0.444649151312219,63.5209427824328,0.250154470350301,0.308823529411765,0.872549019607843,204
"UMass-gbqr_2src_utseirs_otid50",2025-03-15,0.305829079011056,0.509792567177948,40.2569849728175,0.23711834141127,0.324101092894773,0.554359746364996,61.4600528364425,0.362277618706614,0.25,0.857843137254902,204
"UMass-gbqr_2src_utseirs_otid50",2025-03-22,0.269628938193563,0.395817290258727,27.7551931673962,0.194385625699097,0.266431138126782,0.398296075867004,42.4474432365615,0.296363816579399,0.333333333333333,0.892156862745098,204
"UMass-gbqr_2src_utseirs_otid50",2025-03-29,0.347945629037805,0.655300465011257,26.3175803030619,0.33820365405195,0.311793005140878,0.612495130275456,37.71319804829,0.48735171504217,0.25,0.764705882352941,204
"UMass-gbqr_2src_utseirs_otid50",2025-04-05,0.333021898589627,0.575914765181733,17.3907861078698,0.290084839811741,0.30778764564857,0.553219663779651,26.3656328809253,0.425980025653602,0.225490196078431,0.808823529411765,204
"UMass-gbqr_2src_utseirs_otid50",2025-04-12,0.492356450753008,0.856344897227153,16.0508066529584,0.390190068507304,0.459890037753382,0.895002361018266,23.819598720109,0.597432827194182,0.166666666666667,0.779411764705882,204
"UMass-gbqr_2src_utseirs_otid50",2025-04-19,0.879468229860146,1.45210550125912,19.032151722043,0.62883894984108,0.903982459167423,1.79505807681406,25.8476945309979,0.973752231110894,0.17156862745098,0.651960784313726,204
"UMass-gbqr_2src_utseirs_otid50",2025-05-03,0.729768717549321,1.12575821503291,11.8548797340774,0.547836924035638,1.15773321385542,1.58047656613008,17.8937883494419,0.868226951518894,0.240196078431373,0.686274509803922,204
"UMass-gbqr_2src_utseirs_otid50",2025-05-10,0.654581886803965,1.08078974974806,9.75549390606357,0.529235815510064,1.13685614664965,1.71628182580294,14.1549735906378,0.826819062563691,0.274509803921569,0.676470588235294,204
"UMass-gbqr_2src_utseirs_otid50",2025-05-17,0.693145896524855,1.15409832858614,9.68290691975893,0.585725041552494,1.36427861787721,1.8319598915581,14.0841704374971,0.879004977801846,0.259803921568627,0.686274509803922,204
"UMass-gbqr_2src_utseirs_otid50",2025-11-22,0.634261863254655,0.617804569363976,36.1168224846206,0.470112169336794,0.609236882993989,0.662022546194722,55.3479762378804,0.808348401552641,0.196078431372549,0.872549019607843,204
"UMass-gbqr_2src_utseirs_otid50",2025-11-29,0.660126111821899,0.622023814022955,72.0528185682593,0.514247886021746,0.665750178169727,0.652568687545966,103.338134273257,0.826776682827096,0.186274509803922,0.799019607843137,204
"UMass-gbqr_2src_utseirs_otid50",2025-12-06,0.686304499627133,0.63463309702089,155.919984885335,0.639527687065157,0.731918027018167,0.647996510199561,210.067649421146,0.926055082742361,0.142156862745098,0.71078431372549,204
"UMass-gbqr_2src_utseirs_otid50",2025-12-13,0.718298175258171,0.66494222308953,250.084759412584,0.774346971456605,0.772163461675681,0.688062845682772,323.460788141946,1.06348550780152,0.0343137254901961,0.509803921568627,204
"UMass-gbqr_2src_utseirs_otid50",2025-12-20,0.751177743587979,0.703457814890813,283.503236165567,0.762671459489788,0.824799493263266,0.749451702682091,373.90506047791,1.05388939420626,0.0196078431372549,0.446078431372549,204
"UMass-gbqr_2src_utseirs_otid50",2025-12-27,0.695845697709503,0.652318178433681,170.079452254049,0.371255234485597,0.823930263680996,0.75376971519386,251.339119161119,0.555868365373232,0.186274509803922,0.774509803921569,204
"UMass-gbqr_2src_utseirs_otid50",2026-01-03,1.46218641969476,1.23761780560909,266.775073978026,0.408358132517452,1.68233152393805,1.40415342256548,407.115982069851,0.614593226965049,0.21078431372549,0.78921568627451,204
"UMass-gbqr_2src_utseirs_otid50",2026-01-10,1.12829919717431,1.07881099136607,344.186575945988,0.603343017442743,1.35510710216231,1.25360384323015,509.101781455007,0.855892033587018,0.0686274509803922,0.558823529411765,204
"UMass-gbqr_2src_utseirs_otid50",2026-01-17,0.636960082281162,0.706038943648878,104.78185446133,0.305562535734044,0.73111191822089,0.811653323299927,164.790476037817,0.464086892598763,0.264705882352941,0.78921568627451,204
"UMass-gbqr_2src_utseirs_otid50",2026-01-24,0.844759060494743,0.836703160863673,73.6182351290082,0.277229406159148,0.796537249579448,0.84869038317512,106.201062016232,0.403073336881685,0.264705882352941,0.882352941176471,204
"UMass-gbqr_2src_utseirs_otid50",2026-01-31,1.28883468507004,1.38322200983954,98.8744004693236,0.486609368599149,1.12493244029561,1.28982287062409,125.523711462985,0.642712565567097,0.127450980392157,0.602941176470588,204
"UMass-gbqr_2src_utseirs_otid50",2026-02-07,1.23057965393259,1.21011729892704,61.0726558552234,0.275350159885583,1.14765802800753,1.24956846718061,82.8901636503083,0.394327406013267,0.186274509803922,0.632352941176471,204
"UMass-gbqr_2src_utseirs_otid50",2026-02-14,1.28441855668541,1.34316177664728,61.4881795318146,0.302672654974295,1.23431103932096,1.5283808002645,85.7301623340131,0.442474345566418,0.254901960784314,0.627450980392157,204
"UMass-gbqr_2src_utseirs_otid50",2026-02-21,0.939486702821896,1.29023603406357,54.9669822236627,0.401263697118452,0.900409248332284,1.39712799141309,77.2939546901714,0.584094669515287,0.205882352941176,0.651960784313726,204
"UMass-gbqr_2src_utseirs_otid50",2026-02-28,0.535988567473798,0.795727296644385,32.5537157296976,0.261304795626301,0.547843274327371,0.881328614498374,51.0326752060933,0.398332286701555,0.274509803921569,0.799019607843137,204
"UMass-gbqr_2src_utseirs_otid50",2026-03-07,0.435891900394871,0.759056274560655,20.4596630686321,0.297773027893378,0.4061947508949,0.73360864116834,30.8329692039585,0.435331554533272,0.387254901960784,0.823529411764706,204
"UMass-gbqr_2src_utseirs_otid50",2026-03-14,0.40878715100223,0.598978287741384,19.1055221913371,0.271283785644744,0.380641289250539,0.579898642952291,29.0761431881919,0.407026084032916,0.352941176470588,0.887254901960784,204
"UMass-gbqr_2src_utseirs_otid50",2026-03-21,0.512749890778801,0.657341034795551,22.1000754437695,0.346384324084947,0.44604152356196,0.623603408800783,31.5355730114419,0.515988298941843,0.362745098039216,0.779411764705882,204
"UMass-gbqr_2src_utseirs_otid50",2026-03-28,0.383911526416893,0.674365901734466,13.1194997425941,0.393050534386848,0.35963370903539,0.666117894567475,19.7357812384862,0.602681430897201,0.264705882352941,0.803921568627451,204
"UMass-gbqr_2src_utseirs_otid50",2026-04-04,0.640364209644911,1.11525652421264,10.9967881405376,0.482547015392151,0.945381461704679,1.7458781901763,18.0920060122307,0.823942434410246,0.318627450980392,0.936274509803922,204
"UMass-gbqr_2src_utseirs_otid50",2026-04-11,0.695979125896738,1.18294265661194,10.7343506850397,0.559284026468678,1.15516594101377,1.83101806025714,16.7442435665575,0.936952533816341,0.269607843137255,0.857843137254902,204
"UMass-gbqr_2src_utseirs_otid50",2026-04-18,0.839981968069686,1.20006656859982,11.538851271948,0.586863186296291,1.71535360458744,2.03703950687059,17.3553423522964,0.939320291646832,0.279411764705882,0.784313725490196,204
"UMass-gbqr_2src_utseirs_otid50",2026-04-25,0.835186286817453,1.27269987916722,11.3228600813352,0.668173921196067,1.6723684762232,2.06138260822828,17.1581726506626,1.10683448510653,0.225490196078431,0.75,204
"UMass-gbqr_2src_utseirs_otid50",2026-05-02,0.654862587053416,1.02487585240995,8.7649742413288,0.521433904667347,1.28539725121376,1.70364214338459,13.1123121557639,0.843750488010564,0.46078431372549,0.92156862745098,204
"UMass-gbqr_2src_utseirs_otid50",2026-05-09,0.430826354405587,0.849105369215407,5.32811179697429,0.429164439340457,1.04893886436309,1.34325270049423,8.13441805599217,0.6445869495313,0.553921568627451,0.946078431372549,204
"UMass-gbqr_2src_utseirs_otid50",2026-05-16,0.395705413947629,0.787250803471067,4.76642773295481,0.414680858047666,0.966500941555488,1.17902674096503,7.21559281367161,0.671634468869756,0.598039215686274,0.955882352941177,204
"UMass-gbqr_2src_utseirs_otid50",2026-05-23,0.388951457185146,0.652027372191031,4.51628928671628,0.345646805012142,1.09000761460933,1.05737492056708,7.19191298658904,0.569321400451565,0.617647058823529,0.980392156862745,204
"UMass-gbqr_2src_utseirs_otid50",2026-05-30,0.341915126969586,0.691104310949204,3.82085053352943,0.372025055242055,1.09604410812676,1.08664013956971,6.08197024705634,0.588030413265158,0.651960784313726,0.96078431372549,204
"UMass-gbqr_3src_spatial",2023-10-21,0.663054982874555,0.521119682673615,7.99445750232119,0.255030710885051,0.688868937087591,0.634354560320594,12.4030151687864,0.382652765663855,0.519607843137255,0.950980392156863,204
"UMass-gbqr_3src_spatial",2023-10-28,0.560706338700346,0.499095722853973,9.0191845932434,0.255278597703673,0.539018251642686,0.531496488636413,13.7000456174652,0.386350877789516,0.455882352941176,0.931372549019608,204
"UMass-gbqr_3src_spatial",2023-11-04,0.774712887184818,0.626172651985245,15.752001191403,0.325518650758994,0.729769196942775,0.637679467008001,23.8140860002356,0.507897832864584,0.299019607843137,0.936274509803922,204
"UMass-gbqr_3src_spatial",2023-11-11,0.662214899659012,0.576870012954199,18.1432988289773,0.312623026583824,0.646743718960437,0.587993212995214,28.0414132715017,0.489854089685181,0.28921568627451,0.906862745098039,204
"UMass-gbqr_3src_spatial",2023-11-18,0.500664592273337,0.485128530631283,17.1751187071734,0.253633715388693,0.504901455166577,0.502324649443682,26.7746271666276,0.394211752469837,0.558823529411765,0.941176470588235,204
"UMass-gbqr_3src_spatial",2023-11-25,0.476451274664607,0.399745140247168,22.7396814236219,0.22510885121603,0.477862383032905,0.406625856517347,33.7712841969872,0.350705837365869,0.617647058823529,0.975490196078431,204
"UMass-gbqr_3src_spatial",2023-12-02,0.389783682496799,0.327445430481763,32.1660941627808,0.20708875046114,0.444371501714716,0.34799101757824,49.2315701483053,0.318815097171019,0.632352941176471,0.985294117647059,204
"UMass-gbqr_3src_spatial",2023-12-09,0.376048896027253,0.325417011074319,47.1049664928639,0.214429006875378,0.441028929912245,0.363093626329982,69.4404373959869,0.329659345784648,0.568627450980392,0.96078431372549,204
"UMass-gbqr_3src_spatial",2023-12-16,0.369524262556356,0.295101980931401,56.4719236744857,0.205821420847779,0.421851313903896,0.318413624135521,79.5996207161895,0.295991844560431,0.598039215686274,0.92156862745098,204
"UMass-gbqr_3src_spatial",2023-12-23,0.38633372489482,0.323139960346719,49.8424654067174,0.169166070444658,0.452420744678943,0.35719786149368,73.5826857240326,0.247296540827443,0.593137254901961,0.941176470588235,204
"UMass-gbqr_3src_spatial",2023-12-30,0.668339523683592,0.624272778683903,46.913125624647,0.171988388465666,0.73368670380256,0.708960591620162,69.5635697301427,0.268234814934781,0.544117647058823,0.965686274509804,204
"UMass-gbqr_3src_spatial",2024-01-06,0.442727725848599,0.559391109033882,39.8368607816202,0.149740686580551,0.46477201154194,0.635349329416389,56.1098289228181,0.22815157892002,0.593137254901961,0.995098039215686,204
"UMass-gbqr_3src_spatial",2024-01-13,0.363785890957825,0.46911613721886,32.691339400338,0.154995662692113,0.385672192402674,0.528158772459884,46.9139973258449,0.232631731852829,0.686274509803922,0.985294117647059,204
"UMass-gbqr_3src_spatial",2024-01-20,0.646614200626297,0.682571687202963,35.8143651766946,0.170210897205376,0.698527026865835,0.746570930420499,56.9950115793227,0.264316388898285,0.563725490196078,0.995098039215686,204
"UMass-gbqr_3src_spatial",2024-01-27,1.21873271023984,1.39708553603011,60.3146221546,0.315286583997726,1.29673414960604,1.54117926164283,94.2674874443999,0.509281157443941,0.254901960784314,0.931372549019608,204
"UMass-gbqr_3src_spatial",2024-02-03,1.17505403449274,1.26528440884822,52.4811381156075,0.288571977831105,1.2530329258966,1.42929172128058,82.6448922447976,0.470603370414667,0.313725490196078,0.926470588235294,204
"UMass-gbqr_3src_spatial",2024-02-10,1.51936761178061,1.53215374972865,53.3124432464215,0.311331611958094,1.57443267666994,1.68176908534684,82.4493347297301,0.495679150568502,0.230392156862745,0.877450980392157,204
"UMass-gbqr_3src_spatial",2024-02-17,1.23650920352642,1.334327167709,40.5845783979527,0.267342431227862,1.35928860408475,1.56064910338298,65.059283971978,0.425383952607573,0.279411764705882,0.897058823529412,204
"UMass-gbqr_3src_spatial",2024-02-24,0.839707321343146,0.891925684211762,25.7051185059075,0.180479832310725,0.866658693552263,0.968067007056831,39.9427697881293,0.281783709044745,0.490196078431373,0.936274509803922,204
"UMass-gbqr_3src_spatial",2024-03-02,0.695313680492775,0.803781956755007,22.5496871709913,0.168121509479767,0.71683944277296,0.920285281540639,34.376667983568,0.263775669155006,0.455882352941176,0.941176470588235,204
"UMass-gbqr_3src_spatial",2024-03-09,0.488227313400719,0.577005028309887,22.0241529752034,0.161227608907549,0.534517228971662,0.640029540193857,35.9096010934149,0.259169385339199,0.5,0.965686274509804,204
"UMass-gbqr_3src_spatial",2024-03-16,0.367579516663425,0.476242696012036,15.525788938689,0.143167607742374,0.368483631668389,0.492885406653705,23.3029771184014,0.216807388451065,0.602941176470588,0.990196078431373,204
"UMass-gbqr_3src_spatial",2024-03-23,0.456676210880423,0.550690877434458,12.3637232666962,0.157734967484276,0.473379982468503,0.575904678401761,19.7520118175093,0.243970641275311,0.568627450980392,0.980392156862745,204
"UMass-gbqr_3src_spatial",2024-03-30,0.612607393061525,0.649622261448343,12.771043405693,0.186650530581353,0.636089426567799,0.690361949997214,20.6167808258151,0.297121749967601,0.441176470588235,0.975490196078431,204
"UMass-gbqr_3src_spatial",2024-04-06,0.391344831864132,0.511592232500796,9.19137134139468,0.183211456391585,0.375880639366031,0.49845645258759,13.8725751656218,0.27723608136765,0.480392156862745,0.970588235294118,204
"UMass-gbqr_3src_spatial",2024-04-13,0.38800734651113,0.548244167210488,11.1038372674159,0.256055214829421,0.388727621362524,0.545007339934453,17.4241439693084,0.392550863406934,0.450980392156863,0.916666666666667,204
"UMass-gbqr_3src_spatial",2024-04-20,0.45330136659037,0.68392094132295,11.7528897928026,0.391954734796812,0.416317906104099,0.630874249565555,17.4873928304217,0.587810380191226,0.348039215686274,0.92156862745098,204
"UMass-gbqr_3src_spatial",2024-04-27,0.501118119618786,0.719910331182587,9.69703990485779,0.484305765512112,0.427073057331945,0.640467926085552,13.5859973584905,0.716076202579031,0.400990099009901,0.896039603960396,204
"UMass-gbqr_3src_spatial",2024-05-04,0.587448417343222,0.753859323118447,10.1894466251757,0.53945636029654,0.514784845676405,0.666239649304736,14.6636463290924,0.830878175887911,0.395,0.94,204
"UMass-gbqr_3src_spatial",2024-11-30,0.776637339750546,0.589960464043927,68.1719511505842,0.461159180942434,0.755129135183464,0.559003906259092,93.4805449996236,0.67265768109081,0.220588235294118,0.67156862745098,204
"UMass-gbqr_3src_spatial",2024-12-07,0.819820165300494,0.625961881549465,138.81518808426,0.598064749978372,0.775490905939,0.575048391046123,165.555904139948,0.779331655165571,0.142156862745098,0.46078431372549,204
"UMass-gbqr_3src_spatial",2024-12-14,0.775159644275959,0.592554533921269,224.400426840791,0.674909982351124,0.779089036384666,0.563386754579104,264.817710156613,0.873277168197201,0.0735294117647059,0.308823529411765,204
"UMass-gbqr_3src_spatial",2024-12-21,0.626436764593578,0.444838689238708,209.747295848035,0.454602710563405,0.682220595048146,0.455221106508186,264.768475250744,0.610260706276956,0.107843137254902,0.397058823529412,204
"UMass-gbqr_3src_spatial",2024-12-28,0.6339450915388,0.48815465040438,216.514049067516,0.438110055831162,0.776732203220041,0.57722389823512,307.167126287125,0.657133042188748,0.137254901960784,0.544117647058823,204
"UMass-gbqr_3src_spatial",2025-01-04,0.564821076248817,0.487804339349343,120.401133224882,0.199700504645845,0.718089028658956,0.577892140048969,188.368128385425,0.304876070355073,0.416666666666667,0.911764705882353,204
"UMass-gbqr_3src_spatial",2025-01-11,0.741505128662401,0.726092396994941,158.65665689104,0.234007094846049,0.910358309573281,0.871635023394545,241.200326629587,0.359562363639914,0.196078431372549,0.970588235294118,204
"UMass-gbqr_3src_spatial",2025-01-18,1.19484518113273,1.32115843333741,389.521808218999,0.589935927793874,1.42029002970942,1.6287213505342,549.652241497547,0.910525969521212,0.107843137254902,0.637254901960784,204
"UMass-gbqr_3src_spatial",2025-02-01,1.1419854692864,1.25076670930689,320.957459777664,0.507034681060958,1.33314128485472,1.43866534644873,450.667104343878,0.7252049812788,0.0833333333333333,0.470588235294118,204
"UMass-gbqr_3src_spatial",2025-02-08,0.676000030768705,0.712901610095926,159.658325519326,0.200373590291702,0.878055008705421,0.868473037891875,257.795228879424,0.309236371139165,0.387254901960784,0.882352941176471,204
"UMass-gbqr_3src_spatial",2025-02-15,0.520179177636037,0.616942182812938,133.180421631445,0.206150611760896,0.671819892220996,0.786630545990972,215.647598933408,0.328999437820726,0.323529411764706,0.950980392156863,204
"UMass-gbqr_3src_spatial",2025-02-22,0.412557805002675,0.542103125424013,90.7602735836658,0.186426073652036,0.485277021364184,0.648311871524031,139.157943494036,0.28918817895402,0.382352941176471,0.950980392156863,204
"UMass-gbqr_3src_spatial",2025-03-01,0.384948460376394,0.518909664633377,77.1949429516167,0.206398665938147,0.448652280287282,0.617390865783995,118.48378896175,0.321956057979496,0.245098039215686,0.96078431372549,204
"UMass-gbqr_3src_spatial",2025-03-08,0.304564111281374,0.443669018376445,51.6789797629841,0.182563777179318,0.336241232841319,0.502746280349407,78.3095941839406,0.282839243278083,0.308823529411765,0.995098039215686,204
"UMass-gbqr_3src_spatial",2025-03-15,0.332724645236253,0.478364357434647,43.7973102056709,0.222500229167873,0.378122614412212,0.556096303508034,71.704281071257,0.363412469840112,0.308823529411765,0.975490196078431,204
"UMass-gbqr_3src_spatial",2025-03-22,0.349336309450197,0.48594911570296,35.9601488406075,0.238649309261092,0.356342187685936,0.503114525501868,56.771948245003,0.37435704238285,0.303921568627451,0.941176470588235,204
"UMass-gbqr_3src_spatial",2025-03-29,0.337824758919701,0.524911548453971,25.552067562446,0.270909320563584,0.306809639748661,0.515763837377623,37.1104306901873,0.410384308834705,0.426470588235294,0.926470588235294,204
"UMass-gbqr_3src_spatial",2025-04-05,0.286118922002437,0.457232019447349,14.9414587900426,0.230305047095518,0.25536270468266,0.441145793595974,21.8748199231838,0.339682966417189,0.382352941176471,0.877450980392157,204
"UMass-gbqr_3src_spatial",2025-04-12,0.32121511355357,0.484608015788025,10.4716038020244,0.22080967083682,0.327271625821405,0.539169102373168,16.9507450903381,0.359906671978016,0.485294117647059,0.980392156862745,204
"UMass-gbqr_3src_spatial",2025-04-19,0.540419585700036,0.68447796219981,11.6949620229514,0.29641537929983,0.671422430904993,0.900348735193864,19.1980737228864,0.488405696170526,0.401960784313726,0.965686274509804,204
"UMass-gbqr_3src_spatial",2025-05-03,0.389645054967605,0.512873521284673,6.32967014690754,0.249583834759498,0.643738027650565,0.718868114781466,9.94953922148152,0.39490662830206,0.338235294117647,0.96078431372549,204
"UMass-gbqr_3src_spatial",2025-05-10,0.403594333317231,0.531615492819827,6.01492668613541,0.260318863077551,0.760865527297547,0.842296422091125,9.47352176144985,0.405776445129179,0.333333333333333,0.96078431372549,204
"UMass-gbqr_3src_spatial",2025-05-17,0.382753814753593,0.512131417594518,5.34688235193036,0.259915631468223,0.828539985284854,0.878727552691035,8.55345690691129,0.421628168010881,0.382352941176471,0.955882352941177,204
"UMass-gbqr_4src",2025-11-22,0.534343453533618,0.405530002218311,30.4271607283195,0.308583973845114,0.488935919906604,0.387052029666216,44.4188696256328,0.472601562132244,0.392156862745098,0.882352941176471,204
"UMass-gbqr_4src",2025-11-29,0.504089937377972,0.368077661184021,55.0214574905039,0.304302110125845,0.499709728095935,0.362115839756791,77.5652379419498,0.458785317939699,0.367647058823529,0.882352941176471,204
"UMass-gbqr_4src",2025-12-06,0.437557635063536,0.324135923430299,99.4077408535648,0.326635812691131,0.497196046087073,0.335463254350904,142.70013969803,0.479412229657343,0.411764705882353,0.784313725490196,204
"UMass-gbqr_4src",2025-12-13,0.413246286623132,0.298197454921789,143.877016158568,0.347260691375384,0.495006139809197,0.325960726659027,207.359042566347,0.503812276871802,0.313725490196078,0.71078431372549,204
"UMass-gbqr_4src",2025-12-20,0.422181515586162,0.303464329291548,159.336224934282,0.329008475028169,0.484353869344933,0.322209022128741,219.571379819363,0.453094802405289,0.294117647058824,0.617647058823529,204
"UMass-gbqr_4src",2025-12-27,0.557682107019937,0.439174831409738,136.309339277445,0.249948507347586,0.695476112113775,0.517572254633562,212.154306160981,0.381684269540734,0.338235294117647,0.774509803921569,204
"UMass-gbqr_4src",2026-01-03,0.849825050456884,0.903087275567823,155.050093237319,0.297978125136664,0.992054041745835,1.02516017214839,240.072215092484,0.448709156870886,0.299019607843137,0.784313725490196,204
"UMass-gbqr_4src",2026-01-10,0.635620943301171,0.742892109900087,193.895552369689,0.415474787343386,0.787004762814097,0.899390232848719,295.670745229584,0.614054383717991,0.161764705882353,0.622549019607843,204
"UMass-gbqr_4src",2026-01-17,0.956273691055736,0.883803956461083,157.309906081637,0.3824964337411,1.1670843900842,1.07407755399754,263.057388923831,0.614135740143583,0.181372549019608,0.872549019607843,204
"UMass-gbqr_4src",2026-01-24,0.744930293403829,0.668085904547353,64.918455520804,0.221360534110779,0.778484036741018,0.747351822481968,103.79405546725,0.354944039527614,0.509803921568627,0.995098039215686,204
"UMass-gbqr_4src",2026-01-31,0.842647492613664,0.800427370713994,64.6446488477511,0.28158564185788,0.833656597759309,0.84923648195913,93.0221820333096,0.423170475980962,0.534313725490196,0.897058823529412,204
"UMass-gbqr_4src",2026-02-07,0.959489312718613,0.866965655458305,47.6186652405344,0.197269415169434,0.998769986635927,0.988807009603608,72.1366518779106,0.312038686463082,0.426470588235294,0.867647058823529,204
"UMass-gbqr_4src",2026-02-14,0.976843001548665,0.928789060020296,46.7638041672521,0.20929649398536,0.997002071242346,1.14800944315226,69.2476585658471,0.332354820850246,0.357843137254902,0.92156862745098,204
"UMass-gbqr_4src",2026-02-21,0.698810149005365,0.830776262903484,40.8856079843579,0.258371604830313,0.70079961903076,0.93607689421351,60.1588378846406,0.391343905158991,0.205882352941176,0.906862745098039,204
"UMass-gbqr_4src",2026-02-28,0.503542192662486,0.634230520340681,30.5830579094292,0.20827169960923,0.504036282234623,0.711093851043926,46.9519679965909,0.321391629735023,0.308823529411765,0.926470588235294,204
"UMass-gbqr_4src",2026-03-07,0.460669818539185,0.663647855869778,21.6226758622067,0.260344902111077,0.420773644895416,0.637665600483452,31.939607309831,0.378397883493788,0.401960784313726,0.82843137254902,204
"UMass-gbqr_4src",2026-03-14,0.417227567773322,0.617493739411528,19.5000027162971,0.279669635223599,0.369606280353668,0.580655864161857,28.2332091507412,0.407557571366818,0.352941176470588,0.78921568627451,204
"UMass-gbqr_4src",2026-03-21,0.425154606777998,0.617680247092756,18.3246238644511,0.325485164571222,0.37764772829853,0.578026549711362,26.700064633577,0.478276628895191,0.313725490196078,0.740196078431373,204
"UMass-gbqr_4src",2026-03-28,0.391679729228477,0.629342303272283,13.3849643816431,0.366808772473821,0.358904095569768,0.608617997713143,19.6957419112919,0.550657426745335,0.25,0.769607843137255,204
"UMass-gbqr_4src",2026-04-04,0.477223984797118,0.629729305288575,8.19522855486736,0.272470046285097,0.643356695930053,0.84033968930892,12.3120810828967,0.396586390297265,0.563725490196078,0.931372549019608,204
"UMass-gbqr_4src",2026-04-11,0.464935073918347,0.665049586952078,7.17087042342541,0.314429113459477,0.801109892223024,0.986653632228608,11.6121664279582,0.50488175992424,0.480392156862745,0.936274509803922,204
"UMass-gbqr_4src",2026-04-18,0.595058664559777,0.734303837700594,8.17433431841197,0.359093321302467,1.19242210323551,1.15254103362046,12.0645059856769,0.531460080270345,0.387254901960784,0.857843137254902,204
"UMass-gbqr_4src",2026-04-25,0.563960004455766,0.705666660794698,7.64576756432967,0.370478592414932,1.07700819824831,1.03289630964624,11.0498929359496,0.554601193632037,0.294117647058824,0.808823529411765,204
"UMass-gbqr_4src",2026-05-02,0.436887622086309,0.58996370923497,5.84749965816805,0.300160336293466,0.823250690951535,0.914360236002684,8.3979641562262,0.452848562323077,0.514705882352941,0.931372549019608,204
"UMass-gbqr_4src",2026-05-09,0.28144876700163,0.515684175598062,3.48073064790627,0.260642928570557,0.673514594710135,0.85392108101586,5.22303965113448,0.409771284695696,0.490196078431373,0.970588235294118,204
"UMass-gbqr_4src",2026-05-16,0.285693452200042,0.542183131939878,3.44129027729225,0.285592552437532,0.701278843201767,0.781448945002927,5.23552783429555,0.445153641465576,0.509803921568627,0.946078431372549,204
"UMass-gbqr_4src",2026-05-23,0.310346039319061,0.542506786705139,3.6035666319263,0.287588750901544,0.82711214817075,0.848638230565992,5.45731838940113,0.45693149752734,0.397058823529412,0.970588235294118,204
"UMass-gbqr_4src",2026-05-30,0.280962213113953,0.553624940504344,3.13971081476472,0.298019193067436,0.874823922528212,0.890952705949528,4.8544150995193,0.482135040664584,0.431372549019608,0.950980392156863,204
"UMass-gbqr_5src_mobsgleam_otid10",2025-11-22,0.586177193093309,0.407110087711813,33.3787333812693,0.309786323999067,0.604457024502866,0.396480379613631,54.9137354662334,0.48411384619731,0.426470588235294,0.955882352941177,204
"UMass-gbqr_5src_mobsgleam_otid10",2025-11-29,0.604060202137338,0.433293158240745,65.9332199854722,0.358217942190821,0.65422985057519,0.447733292117584,101.54994224737,0.567258976890699,0.377450980392157,0.906862745098039,204
"UMass-gbqr_5src_mobsgleam_otid10",2025-12-06,0.585809889802873,0.481696343021489,133.088839157208,0.485411412619939,0.716734398291915,0.536826544382171,205.709799117606,0.767181523590348,0.338235294117647,0.78921568627451,204
"UMass-gbqr_5src_mobsgleam_otid10",2025-12-13,0.547012672391168,0.466437869415765,190.449505905276,0.543182157807022,0.694069533031669,0.558478733771846,290.747088307619,0.863197371444082,0.225490196078431,0.681372549019608,204
"UMass-gbqr_5src_mobsgleam_otid10",2025-12-20,0.5282948382977,0.461819129291136,199.384629783592,0.500692809008658,0.646646531865057,0.545497001914847,293.143257942885,0.767085461053696,0.132352941176471,0.563725490196078,204
"UMass-gbqr_5src_mobsgleam_otid10",2025-12-27,0.607114895229728,0.510228636164519,148.391761529657,0.290387510609261,0.74629458402266,0.601815920988025,227.656431194756,0.443809860640477,0.308823529411765,0.75,204
"UMass-gbqr_5src_mobsgleam_otid10",2026-01-03,1.11982392572668,1.08767655358769,204.311233235542,0.358884272828874,1.30619604395235,1.23204871086785,316.093039714685,0.539263573924089,0.294117647058824,0.676470588235294,204
"UMass-gbqr_5src_mobsgleam_otid10",2026-01-10,0.882822552808566,0.949710569590166,269.304163629689,0.531141456047107,1.10973442221031,1.12385921724347,416.917430650098,0.767309510182667,0.0980392156862745,0.455882352941176,204
"UMass-gbqr_5src_mobsgleam_otid10",2026-01-17,0.923447996893463,0.919402192852155,151.909980397149,0.397902789831176,1.09428061333802,1.06977834677081,246.647631773997,0.611677540731081,0.161764705882353,0.705882352941177,204
"UMass-gbqr_5src_mobsgleam_otid10",2026-01-24,0.695964614982859,0.670619426165841,60.6512425415965,0.222199979599499,0.772814802650743,0.786153568803133,103.03818537891,0.3733723729653,0.504901960784314,0.955882352941177,204
"UMass-gbqr_5src_mobsgleam_otid10",2026-01-31,0.906787305388247,0.898088009704183,69.5652066258473,0.315942080331208,0.861156161067566,0.912805137573383,96.0906749724559,0.454846432943734,0.32843137254902,0.82843137254902,204
"UMass-gbqr_5src_mobsgleam_otid10",2026-02-07,1.1456872179433,1.08509466412479,56.859514096121,0.246902502362928,1.12411240617582,1.180874484332,81.1895695715421,0.372649586208376,0.269607843137255,0.764705882352941,204
"UMass-gbqr_5src_mobsgleam_otid10",2026-02-14,1.14459211500764,1.17560855133005,54.794354295153,0.264915639819455,1.13625148130711,1.38015865838219,78.9193492090218,0.399563249577462,0.25,0.720588235294118,204
"UMass-gbqr_5src_mobsgleam_otid10",2026-02-21,0.783598879691159,1.09071065784974,45.8463813921924,0.339211260188478,0.772079077424858,1.23055131453723,66.2776902150201,0.514454271765935,0.166666666666667,0.759803921568627,204
"UMass-gbqr_5src_mobsgleam_otid10",2026-02-28,0.502662161528022,0.734391245078924,30.5296084794915,0.241162965018723,0.491200589289765,0.812968099900216,45.756298030752,0.367435525094106,0.279411764705882,0.799019607843137,204
"UMass-gbqr_5src_mobsgleam_otid10",2026-03-07,0.411066244256312,0.634954126879957,19.2944095743769,0.249088531734853,0.373341871419539,0.620765841410808,28.339210190841,0.368369377863572,0.441176470588235,0.794117647058823,204
"UMass-gbqr_5src_mobsgleam_otid10",2026-03-14,0.399500431258666,0.592679055059676,18.6714879275146,0.268430794603959,0.363585586019801,0.557786265463785,27.7733048379734,0.391505588292516,0.387254901960784,0.82843137254902,204
"UMass-gbqr_5src_mobsgleam_otid10",2026-03-21,0.436732657601991,0.617704624991206,18.8236503904507,0.325498010447914,0.405022892390894,0.589510397341209,28.6355155733033,0.487778711340871,0.32843137254902,0.78921568627451,204
"UMass-gbqr_5src_mobsgleam_otid10",2026-03-28,0.373320598301134,0.59945671745623,12.7575734415389,0.34939011971387,0.347250449235897,0.598052803575659,19.0562195058621,0.541098388664516,0.323529411764706,0.803921568627451,204
"UMass-gbqr_5src_mobsgleam_otid10",2026-04-04,0.478605661300001,0.624991941328169,8.21895568319858,0.270420292896267,0.661136156391605,0.856108752624316,12.6523311497688,0.40402837593496,0.568627450980392,0.975490196078431,204
"UMass-gbqr_5src_mobsgleam_otid10",2026-04-11,0.461088419927904,0.616046114743113,7.11154201634968,0.291260738310616,0.780593394643652,0.875205444504571,11.3147777841239,0.447852468873658,0.504901960784314,0.975490196078431,204
"UMass-gbqr_5src_mobsgleam_otid10",2026-04-18,0.59035258709753,0.714556409168941,8.10968682599505,0.349436324655385,1.24044662031397,1.17254307421897,12.5504010996472,0.540683427458831,0.397058823529412,0.931372549019608,204
"UMass-gbqr_5src_mobsgleam_otid10",2026-04-25,0.564741624510636,0.723618741154446,7.65636421163788,0.379903526072857,1.16261136945377,1.12456233606948,11.928164687582,0.603820158977405,0.308823529411765,0.936274509803922,204
"UMass-gbqr_5src_mobsgleam_otid10",2026-05-02,0.483080217795631,0.678756996655133,6.46576205326696,0.34533637440469,0.990839284681512,1.11591253567614,10.1075321148148,0.552669907943981,0.436274509803922,0.946078431372549,204
"UMass-gbqr_5src_mobsgleam_otid10",2026-05-09,0.314074690813994,0.551789941015099,3.88422167804921,0.278891912894468,0.783042334780483,0.935215516806738,6.0724165373663,0.448782062311129,0.450980392156863,0.980392156862745,204
"UMass-gbqr_5src_mobsgleam_otid10",2026-05-16,0.295371484111782,0.537597922112659,3.55786598760246,0.283177313561819,0.708848499827366,0.768839811686579,5.29204051586803,0.437970828503334,0.544117647058823,0.990196078431373,204
"UMass-gbqr_5src_mobsgleam_otid10",2026-05-23,0.312983412140452,0.525904337277741,3.63419034704111,0.278787611801091,0.829474994457535,0.839335817937764,5.47290854186198,0.451922808100281,0.485294117647059,0.990196078431373,204
"UMass-gbqr_5src_mobsgleam_otid10",2026-05-30,0.293930539547747,0.554060660534743,3.2846299279163,0.298253743432426,0.904814747383403,0.889678112370828,5.02083477469614,0.481445300094974,0.519607843137255,0.995098039215686,204
"UMass-gbqr_5src_mobsgleam_otid50",2025-11-22,0.615371435022662,0.404996038715414,35.0411433643084,0.30817765969151,0.65194516307754,0.399948098860196,59.2279397417453,0.488348030253587,0.465686274509804,0.970588235294118,204
"UMass-gbqr_5src_mobsgleam_otid50",2025-11-29,0.678049534692861,0.477558563369485,74.0091616262235,0.394813632738628,0.757729873561705,0.512517044868713,117.615276697703,0.649337227384286,0.367647058823529,0.906862745098039,204
"UMass-gbqr_5src_mobsgleam_otid50",2025-12-06,0.655788930661046,0.53837220431079,148.987220996209,0.542524384907263,0.77529720723351,0.604294913592179,222.517899429029,0.86360091049727,0.279411764705882,0.779411764705882,204
"UMass-gbqr_5src_mobsgleam_otid50",2025-12-13,0.620798654359169,0.553958531641811,216.139045687075,0.645102832087154,0.732408608881027,0.639495901879781,306.807402355574,0.988419340202489,0.137254901960784,0.627450980392157,204
"UMass-gbqr_5src_mobsgleam_otid50",2025-12-20,0.600776208811297,0.551371477223279,226.739943859019,0.597783236398033,0.692166036976738,0.62185907141242,313.778543792018,0.874466863851402,0.107843137254902,0.485294117647059,204
"UMass-gbqr_5src_mobsgleam_otid50",2025-12-27,0.655894053665243,0.562434669772607,160.314422796997,0.320099641727962,0.801901257499411,0.661064408906097,244.619192422492,0.487502727926056,0.279411764705882,0.764705882352941,204
"UMass-gbqr_5src_mobsgleam_otid50",2026-01-03,1.39729765310887,1.26720756940169,254.936155716217,0.418121421821482,1.66607754230744,1.45158023036156,403.182598191625,0.635351781108504,0.264705882352941,0.651960784313726,204
"UMass-gbqr_5src_mobsgleam_otid50",2026-01-10,1.06467075354503,1.07004783022815,324.776780919652,0.59844207360216,1.36681418046687,1.28324610047379,513.50002747628,0.876130143073827,0.0637254901960784,0.450980392156863,204
"UMass-gbqr_5src_mobsgleam_otid50",2026-01-17,0.968673189929781,0.953279956422599,159.349661040473,0.412564552379406,1.21288831679513,1.14864948028533,273.381459287044,0.656774453683621,0.166666666666667,0.715686274509804,204
"UMass-gbqr_5src_mobsgleam_otid50",2026-01-24,0.704915214605998,0.687867070200383,61.4312606300866,0.227914735246418,0.777749255475103,0.796216582540359,103.696088233663,0.378151657150158,0.431372549019608,0.92156862745098,204
"UMass-gbqr_5src_mobsgleam_otid50",2026-01-31,0.920479521476433,0.918106226054693,70.6156203619909,0.32298437112004,0.850682325211066,0.899033317129169,94.9219694548014,0.447984000704532,0.28921568627451,0.803921568627451,204
"UMass-gbqr_5src_mobsgleam_otid50",2026-02-07,1.15223788856819,1.11690985687696,57.1846184901487,0.254141733153916,1.18740749198979,1.25820362328308,85.7610881714587,0.397052409721217,0.269607843137255,0.784313725490196,204
"UMass-gbqr_5src_mobsgleam_otid50",2026-02-14,1.17128380811113,1.25394500843383,56.072149301316,0.282568244193044,1.17575057703651,1.46738873013205,81.6627937550507,0.424816817866564,0.220588235294118,0.745098039215686,204
"UMass-gbqr_5src_mobsgleam_otid50",2026-02-21,0.801443000484006,1.14665466519483,46.8903956049228,0.356609859069809,0.814184339756512,1.32435740547027,69.89213802851,0.553671607628369,0.161764705882353,0.769607843137255,204
"UMass-gbqr_5src_mobsgleam_otid50",2026-02-28,0.517688202973776,0.785294582021814,31.442227724475,0.257878850112336,0.515896278422964,0.892584883236047,48.0567498964293,0.403419759401572,0.269607843137255,0.813725490196078,204
"UMass-gbqr_5src_mobsgleam_otid50",2026-03-07,0.405505673148648,0.640608971057791,19.0334104339274,0.251306891729405,0.370861860417884,0.63264154933281,28.1509603361321,0.375416555474014,0.416666666666667,0.833333333333333,204
"UMass-gbqr_5src_mobsgleam_otid50",2026-03-14,0.389791873317097,0.584604000068638,18.2177381735319,0.264773514311683,0.362115443384553,0.560691945400407,27.6610046777524,0.393545061121829,0.382352941176471,0.852941176470588,204
"UMass-gbqr_5src_mobsgleam_otid50",2026-03-21,0.433725844769071,0.608450852674581,18.6940535018938,0.320621756723502,0.399720864010719,0.572175037301466,28.2606569687578,0.473434910758297,0.367647058823529,0.833333333333333,204
"UMass-gbqr_5src_mobsgleam_otid50",2026-03-28,0.382822580200041,0.59325929940361,13.0822869249821,0.345777987974801,0.367287679332394,0.5946978081332,20.1558116182654,0.538062899796247,0.387254901960784,0.843137254901961,204
"UMass-gbqr_5src_mobsgleam_otid50",2026-04-04,0.493195518738302,0.668537360644782,8.46950305738522,0.289261439905083,0.679365987083517,0.895175454424814,13.0012000665395,0.422465351416412,0.627450980392157,0.970588235294118,204
"UMass-gbqr_5src_mobsgleam_otid50",2026-04-11,0.471453745067165,0.647409077253773,7.27141036709356,0.306088848411224,0.79869066653984,0.902452210041933,11.5770995145015,0.461794945227466,0.529411764705882,0.965686274509804,204
"UMass-gbqr_5src_mobsgleam_otid50",2026-04-18,0.616975828632545,0.784124633314252,8.47541089642439,0.383456962139293,1.33805497003536,1.30671518132374,13.5379679321225,0.602552911261887,0.441176470588235,0.955882352941177,204
"UMass-gbqr_5src_mobsgleam_otid50",2026-04-25,0.594177558509615,0.791730294845884,8.05543561318582,0.415662438801398,1.24981118940029,1.27752885904149,12.8228177422294,0.685953685289519,0.372549019607843,0.946078431372549,204
"UMass-gbqr_5src_mobsgleam_otid50",2026-05-02,0.506776162737575,0.738750997923277,6.78291919607248,0.375859980033904,1.06848254985916,1.239489403323,10.8995695404751,0.613872926892963,0.441176470588235,0.965686274509804,204
"UMass-gbqr_5src_mobsgleam_otid50",2026-05-09,0.354166951559759,0.60822024747508,4.38005032284419,0.307413556628845,0.895657151113018,1.04086246377771,6.94573339735683,0.499478884472931,0.529411764705882,0.985294117647059,204
"UMass-gbqr_5src_mobsgleam_otid50",2026-05-16,0.324391701570917,0.566569419082164,3.9074259492256,0.298437920688886,0.799116294254168,0.824478996369816,5.96595154975048,0.469665779054232,0.612745098039216,0.990196078431373,204
"UMass-gbqr_5src_mobsgleam_otid50",2026-05-23,0.331202947612647,0.553210872528286,3.8457455201661,0.29326310327254,0.871521943427585,0.884149836743928,5.75033596006632,0.476051978794916,0.617647058823529,0.990196078431373,204
"UMass-gbqr_5src_mobsgleam_otid50",2026-05-30,0.312419984191921,0.561045863764542,3.49124671337265,0.302013914764411,0.944281593901642,0.880773397498074,5.23983707988558,0.476626553781491,0.642156862745098,0.995098039215686,204
"UMass-gbqr_5src_nihflu_otid10",2025-11-22,0.523755743350914,0.375127743742515,29.8242639260034,0.285449681232956,0.512064915578052,0.364171765413661,46.5200935314119,0.444664107219319,0.436274509803922,0.916666666666667,204
"UMass-gbqr_5src_nihflu_otid10",2025-11-29,0.504937248950693,0.359338113389518,55.1139416172893,0.29707683373483,0.532089066133266,0.368716997215546,82.5911778387738,0.467148702776769,0.406862745098039,0.926470588235294,204
"UMass-gbqr_5src_nihflu_otid10",2025-12-06,0.461131398109784,0.344157345175774,104.763411375699,0.346811649092898,0.578123980415856,0.383506822246979,165.927250261512,0.548071534982206,0.348039215686274,0.852941176470588,204
"UMass-gbqr_5src_nihflu_otid10",2025-12-13,0.411882485107678,0.320512308657425,143.402191098966,0.373247068550233,0.559860041459256,0.384880724573268,234.526469132069,0.594880359234705,0.240196078431373,0.803921568627451,204
"UMass-gbqr_5src_nihflu_otid10",2025-12-20,0.424828230163208,0.334123086996112,160.335125865792,0.36224793728123,0.534858136692476,0.387356609911646,242.466400113644,0.544706245246522,0.254901960784314,0.720588235294118,204
"UMass-gbqr_5src_nihflu_otid10",2025-12-27,0.606863918602057,0.464001365342286,148.330417516892,0.264078085491068,0.770115935827491,0.560832720789895,234.923111208553,0.413586751323808,0.362745098039216,0.872549019607843,204
"UMass-gbqr_5src_nihflu_otid10",2026-01-03,1.14536202871155,1.09612020935846,208.970645483721,0.361670298923963,1.36584768616544,1.28236748182894,330.528444720241,0.561287930611115,0.254901960784314,0.794117647058823,204
"UMass-gbqr_5src_nihflu_otid10",2026-01-10,0.778421958452267,0.849829537250088,237.456863562285,0.475281324921589,0.925436039159342,1.00057172641104,347.678154300055,0.683135564949284,0.102941176470588,0.607843137254902,204
"UMass-gbqr_5src_nihflu_otid10",2026-01-17,0.827297729852762,0.823629747861971,136.092971501717,0.356453983914879,0.948205891894794,0.992947555847713,213.722819192228,0.567747254250593,0.284313725490196,0.857843137254902,204
"UMass-gbqr_5src_nihflu_otid10",2026-01-24,0.887120591693399,0.772369408401222,77.3099163551096,0.255913354271947,0.954866619503867,0.887599784947416,127.310868548459,0.421552799733326,0.57843137254902,0.990196078431373,204
"UMass-gbqr_5src_nihflu_otid10",2026-01-31,0.843409033271769,0.737651417009408,64.7030712946913,0.259501430517907,0.899269574155469,0.812324241642969,100.343496649514,0.404777283229658,0.480392156862745,0.96078431372549,204
"UMass-gbqr_5src_nihflu_otid10",2026-02-07,0.889540855105515,0.806893929414453,44.1471808341764,0.183600691166031,0.877750795352651,0.854221291852451,63.395981464343,0.269567354670443,0.607843137254902,0.975490196078431,204
"UMass-gbqr_5src_nihflu_otid10",2026-02-14,0.873684473291935,0.787717698376924,41.8253593957467,0.17750699229479,0.970443623106246,0.942853305576059,67.4030181166294,0.272961031228411,0.627450980392157,0.975490196078431,204
"UMass-gbqr_5src_nihflu_otid10",2026-02-21,0.650090070537763,0.679058687316993,38.0351198624714,0.211187404660405,0.724392044057558,0.810179132091041,62.1840856643919,0.338710064729481,0.450980392156863,0.980392156862745,204
"UMass-gbqr_5src_nihflu_otid10",2026-02-28,0.492957605540776,0.607293274947968,29.9401941224265,0.199425916095504,0.493224170186015,0.687083273479182,45.9447985590433,0.310539618227564,0.416666666666667,0.970588235294118,204
"UMass-gbqr_5src_nihflu_otid10",2026-03-07,0.450698738971125,0.633625825444686,21.1546586124982,0.248567447391581,0.407405102174242,0.633133992739756,30.9248431723928,0.375708776887224,0.529411764705882,0.926470588235294,204
"UMass-gbqr_5src_nihflu_otid10",2026-03-14,0.404910756692643,0.580972168702459,18.9243507985412,0.263128618358015,0.385106648624754,0.578400507583462,29.4172397329389,0.405974555149487,0.426470588235294,0.92156862745098,204
"UMass-gbqr_5src_nihflu_otid10",2026-03-21,0.388652757449625,0.560155990968961,16.7513546380669,0.295172892065479,0.361817547507319,0.543829234410678,25.5808553318532,0.449980737145159,0.367647058823529,0.887254901960784,204
"UMass-gbqr_5src_nihflu_otid10",2026-03-28,0.319071486681804,0.56124157108666,10.9037056700542,0.327116627439723,0.311318835651989,0.578368725463644,17.0843841427648,0.523288886083679,0.362745098039216,0.901960784313726,204
"UMass-gbqr_5src_nihflu_otid10",2026-04-04,0.566044079841511,0.807321716815569,9.72051018852896,0.349310384160858,0.760846997796204,1.09804870399791,14.5605229382175,0.518208502382227,0.450980392156863,0.946078431372549,204
"UMass-gbqr_5src_nihflu_otid10",2026-04-11,0.531405640992159,0.812096709293228,8.19607125295376,0.383951593018323,0.870039786586193,1.17675656792068,12.6113120045852,0.602159570093735,0.401960784313726,0.965686274509804,204
"UMass-gbqr_5src_nihflu_otid10",2026-04-18,0.678170961159493,0.927018481821313,9.3160498144458,0.453335701728578,1.39430255256238,1.56137811563675,14.1070611200429,0.719983162822412,0.308823529411765,0.926470588235294,204
"UMass-gbqr_5src_nihflu_otid10",2026-04-25,0.644556183060698,0.886202963441645,8.73843307840486,0.465261071169298,1.24669606671929,1.35894675466103,12.7908571943307,0.72967004062152,0.240196078431373,0.931372549019608,204
"UMass-gbqr_5src_nihflu_otid10",2026-05-02,0.497371909572488,0.700652490054139,6.6570484586376,0.356476311589096,0.903538028768833,1.02233070015453,9.21697371503893,0.506322311004748,0.441176470588235,0.916666666666667,204
"UMass-gbqr_5src_nihflu_otid10",2026-05-09,0.326774707136922,0.596837973713876,4.04128520515242,0.301660599087591,0.779421399460615,0.954394084202207,6.04433653895438,0.457985285389912,0.392156862745098,0.955882352941177,204
"UMass-gbqr_5src_nihflu_otid10",2026-05-16,0.32593322766315,0.633426393289204,3.92599423881202,0.33365453438862,0.783495893513351,0.910816827300759,5.84933453833742,0.518848262543289,0.441176470588235,0.950980392156863,204
"UMass-gbqr_5src_nihflu_otid10",2026-05-23,0.339844040883588,0.552952549148088,3.94608111794866,0.29312616323776,0.882156363224247,0.84543397825843,5.82050227892077,0.455206234921184,0.411764705882353,0.955882352941177,204
"UMass-gbqr_5src_nihflu_otid10",2026-05-30,0.298992567326994,0.575226527701971,3.3411973331449,0.309647440125359,0.907461062294963,0.889730823290709,5.03551922802891,0.481473824371662,0.490196078431373,0.931372549019608,204
"UMass-gbqr_5src_nihflu_otid50",2025-11-22,0.541046502244306,0.394445125930149,30.8088529510671,0.300149048794264,0.535070598030614,0.386610454869753,48.6101146730459,0.472062386717542,0.426470588235294,0.946078431372549,204
"UMass-gbqr_5src_nihflu_otid50",2025-11-29,0.514825636946476,0.378554002715973,56.1932599678788,0.312963251973783,0.559497837419644,0.39669134780815,86.8455834406521,0.502591011346877,0.392156862745098,0.941176470588235,204
"UMass-gbqr_5src_nihflu_otid50",2025-12-06,0.46425529574129,0.35742840751662,105.47312269444,0.36018506413157,0.586666836321203,0.400422368974901,168.379133659836,0.572245628172822,0.333333333333333,0.882352941176471,204
"UMass-gbqr_5src_nihflu_otid50",2025-12-13,0.418677311155943,0.338403913942926,145.767897286261,0.394082428204419,0.57666579033158,0.411722172009979,241.566430287135,0.636367107918297,0.235294117647059,0.833333333333333,204
"UMass-gbqr_5src_nihflu_otid50",2025-12-20,0.417009006313871,0.33678202852845,157.384059644098,0.365130695530893,0.531817170515849,0.393229642599677,241.087843686937,0.552964985388939,0.254901960784314,0.745098039215686,204
"UMass-gbqr_5src_nihflu_otid50",2025-12-27,0.649028590600946,0.482407417305455,158.636357959792,0.274553561054157,0.829563358043666,0.587484347014986,253.057489073811,0.43324102451316,0.367647058823529,0.882352941176471,204
"UMass-gbqr_5src_nihflu_otid50",2026-01-03,1.33765594698062,1.22254444517244,244.054560626679,0.403384602490026,1.61480710647083,1.42573232592695,390.775404044831,0.62403824033621,0.25,0.745098039215686,204
"UMass-gbqr_5src_nihflu_otid50",2026-01-10,0.825204862943537,0.877896755063685,251.727943210294,0.490978384019435,1.0182121937578,1.06066750822,382.533336969568,0.724165672810104,0.0980392156862745,0.617647058823529,204
"UMass-gbqr_5src_nihflu_otid50",2026-01-17,0.889254381641882,0.855132398201841,146.285027568133,0.370087834861465,1.05048301284345,1.03796618912998,236.775781438993,0.59348799482203,0.299019607843137,0.867647058823529,204
"UMass-gbqr_5src_nihflu_otid50",2026-01-24,0.967009657210696,0.824236770364443,84.2720103823044,0.273098849234417,1.0318238547817,0.950614359141,137.571456010821,0.451480668831314,0.53921568627451,0.980392156862745,204
"UMass-gbqr_5src_nihflu_otid50",2026-01-31,0.831081022621015,0.718422918152626,63.7573141109401,0.252736957699192,0.867951976851586,0.787699494718301,96.8489747503562,0.39250688964861,0.485294117647059,0.965686274509804,204
"UMass-gbqr_5src_nihflu_otid50",2026-02-07,0.911874332758379,0.817016413075865,45.255572956852,0.185903961681278,0.889023295848411,0.875946581301237,64.2101433383848,0.276423223122819,0.627450980392157,0.980392156862745,204
"UMass-gbqr_5src_nihflu_otid50",2026-02-14,0.904831304848477,0.799150200882478,43.3164325047635,0.18008323139459,0.968323484202959,0.944170751762475,67.2557619983908,0.273342438884835,0.642156862745098,0.985294117647059,204
"UMass-gbqr_5src_nihflu_otid50",2026-02-21,0.67635179668727,0.670794286710907,39.5716267976806,0.208617174211003,0.768529664149129,0.797375747380696,65.9729974440174,0.333357377783812,0.519607843137255,0.990196078431373,204
"UMass-gbqr_5src_nihflu_otid50",2026-02-28,0.496704839720358,0.59957561469703,30.1677855369778,0.196891553326891,0.510243687780268,0.675077139629846,47.5301999945512,0.305113230530651,0.465686274509804,1,204
"UMass-gbqr_5src_nihflu_otid50",2026-03-07,0.448595678688428,0.630741926993415,21.0559462832303,0.247436112070667,0.395651540377266,0.626996373517102,30.0326671703037,0.372066645146414,0.514705882352941,0.950980392156863,204
"UMass-gbqr_5src_nihflu_otid50",2026-03-14,0.394679285313742,0.573098694226834,18.4461615917611,0.25956263607512,0.372562461226542,0.570035121098611,28.4590236926137,0.400102959235731,0.450980392156863,0.975490196078431,204
"UMass-gbqr_5src_nihflu_otid50",2026-03-21,0.383308504293164,0.549679004933637,16.5210115408329,0.289652068726918,0.362533541349766,0.544895762926167,25.631476798469,0.450863215057746,0.387254901960784,0.965686274509804,204
"UMass-gbqr_5src_nihflu_otid50",2026-03-28,0.307227045115382,0.546399929275087,10.4989427562335,0.31846625643162,0.30116693791481,0.555078518280765,16.5272738723348,0.502216677236949,0.392156862745098,0.955882352941177,204
"UMass-gbqr_5src_nihflu_otid50",2026-04-04,0.613049655105134,0.895184143967342,10.5277232476173,0.387326527592192,0.843647475018814,1.28094337615414,16.1450967768306,0.604523047271439,0.411764705882353,0.931372549019608,204
"UMass-gbqr_5src_nihflu_otid50",2026-04-11,0.559205443460748,0.878477495257519,8.62483817651369,0.415335796679214,0.931080564960832,1.27085230348341,13.4961040715156,0.650309416220555,0.352941176470588,0.96078431372549,204
"UMass-gbqr_5src_nihflu_otid50",2026-04-18,0.729689791948193,1.04048290137909,10.0237651568853,0.508822699312912,1.50271655651845,1.76566315619739,15.2039557483043,0.814183144330525,0.323529411764706,0.931372549019608,204
"UMass-gbqr_5src_nihflu_otid50",2026-04-25,0.688247058874378,0.992164567175214,9.33076281546797,0.520891453022724,1.37354490261164,1.60395429510646,14.0923013782655,0.861223879192621,0.274509803921569,0.901960784313726,204
"UMass-gbqr_5src_nihflu_otid50",2026-05-02,0.550518924796365,0.78763164849275,7.36839192007556,0.400729361461115,1.02781755356564,1.19325917173003,10.4847467106377,0.59097681539509,0.382352941176471,0.911764705882353,204
"UMass-gbqr_5src_nihflu_otid50",2026-05-09,0.394031002865628,0.719493187813453,4.87305665791633,0.363654384664367,0.993190765392032,1.17017278678758,7.70209701397154,0.561531055759217,0.387254901960784,0.950980392156863,204
"UMass-gbqr_5src_nihflu_otid50",2026-05-16,0.380657027823553,0.740415573169138,4.58516398869,0.390010608868076,0.919975104522033,1.03384348154244,6.86824551072086,0.588930592915884,0.441176470588235,0.936274509803922,204
"UMass-gbqr_5src_nihflu_otid50",2026-05-23,0.388829461874623,0.608143951564373,4.51487274461632,0.322383726222001,1.02953881527853,0.917711761768424,6.7929374772789,0.494122695042421,0.46078431372549,0.941176470588235,204
"UMass-gbqr_5src_nihflu_otid50",2026-05-30,0.335083252637355,0.628422164346953,3.74450535711484,0.338282928788864,0.999024902506713,0.933971209171079,5.54360877273333,0.505414309767817,0.553921568627451,0.936274509803922,204
"UMass-gbqr_5src_utseirs_otid10",2025-11-22,0.684365145557649,0.603273184723115,38.9698575757554,0.459054658441374,0.683978108836504,0.623362358650652,62.1380700542496,0.761143210453632,0.230392156862745,0.857843137254902,204
"UMass-gbqr_5src_utseirs_otid10",2025-11-29,0.655726941587496,0.586863269594157,71.5726487808902,0.48517948825906,0.700518406741342,0.631307458455903,108.734879164042,0.799839612760167,0.323529411764706,0.823529411764706,204
"UMass-gbqr_5src_utseirs_otid10",2025-12-06,0.660664797701472,0.589668012393179,150.094958328048,0.594215810477507,0.767219999011093,0.657629686589902,220.19966148088,0.939821903734162,0.240196078431373,0.759803921568627,204
"UMass-gbqr_5src_utseirs_otid10",2025-12-13,0.672740571007857,0.603085741284519,234.223292836731,0.702313074845077,0.809958413104309,0.69893390991325,339.293167403146,1.08028807073024,0.0882352941176471,0.593137254901961,204
"UMass-gbqr_5src_utseirs_otid10",2025-12-20,0.692816116592662,0.626130777678047,261.476877873813,0.678835409792571,0.835121856052478,0.735625153361471,378.584481009202,1.03444630850064,0.0686274509803922,0.475490196078431,204
"UMass-gbqr_5src_utseirs_otid10",2025-12-27,0.679442099214133,0.633651458599017,166.070064747205,0.360631404461519,0.815188898025048,0.743462748325752,248.672574137739,0.548267480501573,0.254901960784314,0.754901960784314,204
"UMass-gbqr_5src_utseirs_otid10",2026-01-03,1.03908808854973,0.990240632534047,189.581026029777,0.326734807475958,1.2431799937569,1.16848495856511,300.843464469594,0.511441933483705,0.352941176470588,0.862745098039216,204
"UMass-gbqr_5src_utseirs_otid10",2026-01-10,0.826836193100431,0.859452396610339,252.225578892695,0.480663069313616,1.10874881472884,1.10831956684327,416.547146615849,0.75669988812855,0.161764705882353,0.612745098039216,204
"UMass-gbqr_5src_utseirs_otid10",2026-01-17,0.614600482658137,0.665162683889109,101.103632891899,0.287871934251118,0.697382049429557,0.78132711967405,157.187862817747,0.446746985028583,0.387254901960784,0.872549019607843,204
"UMass-gbqr_5src_utseirs_otid10",2026-01-24,0.791181904499724,0.78364959652011,68.9491456193025,0.259650880314439,0.824300293925451,0.871935457485757,109.902665169012,0.414113251854444,0.377450980392157,0.980392156862745,204
"UMass-gbqr_5src_utseirs_otid10",2026-01-31,1.1797229185603,1.25989808371953,90.5037687484573,0.443224736634402,1.14236230904942,1.29050721569218,127.468594318098,0.643053571440433,0.191176470588235,0.843137254901961,204
"UMass-gbqr_5src_utseirs_otid10",2026-02-07,1.14420387742691,1.11116541716194,56.7858971266021,0.252834643010352,1.14647212248328,1.21409845951447,82.8045110424931,0.383134104900427,0.254901960784314,0.872549019607843,204
"UMass-gbqr_5src_utseirs_otid10",2026-02-14,1.09633306142864,1.16103806946986,52.4840783068031,0.261632277751273,1.12882207151311,1.40284444460018,78.4033329964179,0.406130904973766,0.333333333333333,0.852941176470588,204
"UMass-gbqr_5src_utseirs_otid10",2026-02-21,0.793261296379448,1.11499916029742,46.4117048659015,0.34676498991879,0.835427709806195,1.29647866101244,71.7157355594416,0.542016393409858,0.259803921568627,0.833333333333333,204
"UMass-gbqr_5src_utseirs_otid10",2026-02-28,0.52700139778192,0.725589211185953,32.0078724316905,0.238272510365228,0.547076225401838,0.836295681819758,50.9612230946623,0.377978844460309,0.343137254901961,0.882352941176471,204
"UMass-gbqr_5src_utseirs_otid10",2026-03-07,0.447055847681031,0.712879333142835,20.9836705112661,0.279658102655723,0.41371043256241,0.701336109744853,31.40346102073,0.416180674234295,0.470588235294118,0.867647058823529,204
"UMass-gbqr_5src_utseirs_otid10",2026-03-14,0.400351514921266,0.586939253607662,18.7112651019258,0.265831176055809,0.365758430370555,0.569252841434352,27.9392824532566,0.399553883578749,0.397058823529412,0.906862745098039,204
"UMass-gbqr_5src_utseirs_otid10",2026-03-21,0.467116188560529,0.625855613106541,20.1332134708288,0.329793154611298,0.418562855767026,0.597789817511347,29.5928042584697,0.494629353703506,0.372549019607843,0.833333333333333,204
"UMass-gbqr_5src_utseirs_otid10",2026-03-28,0.382197805636409,0.642265067341882,13.0609363554818,0.37434073592311,0.349027226767908,0.644858297467844,19.1537245277781,0.583446450866191,0.318627450980392,0.818627450980392,204
"UMass-gbqr_5src_utseirs_otid10",2026-04-04,0.559112381012044,0.931942664539075,9.60147414258265,0.403231132503285,0.836127448799906,1.49809627453985,16.00118411821,0.707005275838082,0.46078431372549,0.955882352941177,204
"UMass-gbqr_5src_utseirs_otid10",2026-04-11,0.601830070027103,0.995144168227602,9.28225399885259,0.470494688996357,1.06119282355672,1.59349644795467,15.3820940159667,0.81541005353535,0.343137254901961,0.955882352941177,204
"UMass-gbqr_5src_utseirs_otid10",2026-04-18,0.737187220683999,1.0843801595895,10.1267575048083,0.530289579148658,1.61908382915288,1.92338067735376,16.3813187420174,0.886909896791997,0.348039215686274,0.901960784313726,204
"UMass-gbqr_5src_utseirs_otid10",2026-04-25,0.73372395667132,1.11049448667529,9.94730616491655,0.583015263672346,1.55407866538136,1.84697630326917,15.9445423855058,0.991711610194443,0.269607843137255,0.867647058823529,204
"UMass-gbqr_5src_utseirs_otid10",2026-05-02,0.588385602997873,0.887202332940759,7.87521650526725,0.451388698062752,1.16361347944967,1.43772855736239,11.8699982879155,0.712053394905593,0.46078431372549,0.936274509803922,204
"UMass-gbqr_5src_utseirs_otid10",2026-05-09,0.375228901126476,0.731851860297456,4.64052747519604,0.369900844691454,0.87293172603202,1.14043813549173,6.76949995383655,0.547262282529045,0.53921568627451,0.970588235294118,204
"UMass-gbqr_5src_utseirs_otid10",2026-05-16,0.359321323674764,0.711288671292881,4.32816701980251,0.374668142897814,0.851872024949097,1.02466834359109,6.35980928430135,0.583703960906066,0.642156862745098,0.965686274509804,204
"UMass-gbqr_5src_utseirs_otid10",2026-05-23,0.360092086180376,0.617926853215711,4.18119022568314,0.327569748839687,0.938447280475074,0.9420769912217,6.19191195842867,0.507241643000089,0.617647058823529,0.980392156862745,204
"UMass-gbqr_5src_utseirs_otid10",2026-05-30,0.315070932686381,0.643777788222024,3.52087066730295,0.346548941212594,0.948885510809693,0.963042702161461,5.26538430508124,0.521146217153585,0.666666666666667,0.96078431372549,204
"UMass-gbqr_5src_utseirs_otid50",2025-11-22,0.662661118818678,0.622159732942356,37.7339634973846,0.47342618723044,0.639311788911584,0.6591054223514,58.0802224700901,0.804786510179856,0.205882352941176,0.897058823529412,204
"UMass-gbqr_5src_utseirs_otid50",2025-11-29,0.674593710507158,0.623573935440898,73.6319581364706,0.515529423230263,0.678009757472029,0.6421570562346,105.241073384077,0.813585590206944,0.21078431372549,0.813725490196078,204
"UMass-gbqr_5src_utseirs_otid50",2025-12-06,0.682374093154402,0.622625399583696,155.027044626085,0.627427380596688,0.749956589433411,0.6566440114573,215.244893682972,0.9384132704281,0.156862745098039,0.745098039215686,204
"UMass-gbqr_5src_utseirs_otid50",2025-12-13,0.711570721909026,0.655165812168719,247.742509898062,0.762962021117505,0.794613432181587,0.704339980065879,332.86512480642,1.08864381511834,0.0490196078431373,0.544117647058823,204
"UMass-gbqr_5src_utseirs_otid50",2025-12-20,0.746984031356813,0.696731352959025,281.920480287572,0.755378796830954,0.835707279430259,0.754577635335519,378.84987007074,1.06109755190279,0.0196078431372549,0.416666666666667,204
"UMass-gbqr_5src_utseirs_otid50",2025-12-27,0.698042670557749,0.664156659942084,170.616439031256,0.377992894685269,0.833310891076954,0.771369157648347,254.200670351563,0.568847094965916,0.259803921568627,0.764705882352941,204
"UMass-gbqr_5src_utseirs_otid50",2026-01-03,1.22790384184012,1.09098194362319,224.030351966463,0.359974902663078,1.53607752724462,1.32942250273266,371.723231801398,0.581883754883141,0.343137254901961,0.848039215686274,204
"UMass-gbqr_5src_utseirs_otid50",2026-01-10,0.962056670865489,0.94984027143243,293.474454506799,0.531213993962929,1.27426108008084,1.20279157392056,478.728644306252,0.821200199523642,0.122549019607843,0.593137254901961,204
"UMass-gbqr_5src_utseirs_otid50",2026-01-17,0.595913888617959,0.661564143795113,98.0296318177915,0.286314542770162,0.732579188443164,0.809206241183243,165.121194430417,0.462687700723532,0.348039215686274,0.852941176470588,204
"UMass-gbqr_5src_utseirs_otid50",2026-01-24,0.818932793391287,0.814048726211078,71.3675529013287,0.269723189188332,0.806133488911954,0.856991418874408,107.480513553511,0.407015794844232,0.308823529411765,0.897058823529412,204
"UMass-gbqr_5src_utseirs_otid50",2026-01-31,1.22048243810304,1.31355932523698,93.6306810707984,0.462102445828806,1.14415793169452,1.3091890609085,127.668955878247,0.652362645532675,0.17156862745098,0.764705882352941,204
"UMass-gbqr_5src_utseirs_otid50",2026-02-07,1.1621215089214,1.14575836687451,57.6751344372523,0.260705924780075,1.14131809516688,1.24322020459914,82.4322588930823,0.392324079279124,0.225490196078431,0.794117647058823,204
"UMass-gbqr_5src_utseirs_otid50",2026-02-14,1.1679076882653,1.23559840486685,55.9105263925521,0.278433957982757,1.20518758833045,1.49148898070699,83.7073673483047,0.43179396819408,0.294117647058824,0.803921568627451,204
"UMass-gbqr_5src_utseirs_otid50",2026-02-21,0.866941992537899,1.19191449360589,50.7225753697669,0.370685675896882,0.89068167249414,1.37841617940945,76.4589090623401,0.576271857492716,0.254901960784314,0.803921568627451,204
"UMass-gbqr_5src_utseirs_otid50",2026-02-28,0.530082524328489,0.758251242211092,32.1950072398022,0.248998226798176,0.546848325267582,0.871702250102658,50.9399937502935,0.3939814785248,0.323529411764706,0.867647058823529,204
"UMass-gbqr_5src_utseirs_otid50",2026-03-07,0.444243327196536,0.733080489477135,20.8516579149452,0.287582889908281,0.406265955262999,0.726706767080488,30.8383741041546,0.431235905426587,0.46078431372549,0.887254901960784,204
"UMass-gbqr_5src_utseirs_otid50",2026-03-14,0.410297584120957,0.591189439546261,19.1761154411436,0.267756131525339,0.377100079915721,0.574849270602835,28.805639928072,0.403481971144912,0.382352941176471,0.92156862745098,204
"UMass-gbqr_5src_utseirs_otid50",2026-03-21,0.495210284469569,0.641724923671784,21.344099421816,0.338155450775488,0.439746895088228,0.617468265216401,31.0905366071447,0.510911895802936,0.392156862745098,0.838235294117647,204
"UMass-gbqr_5src_utseirs_otid50",2026-03-28,0.387643130663496,0.65839636480437,13.2470207404909,0.383742775782594,0.35701147410051,0.66111996141819,19.5918796693883,0.598159466352328,0.313725490196078,0.838235294117647,204
"UMass-gbqr_5src_utseirs_otid50",2026-04-04,0.601985020112971,1.04458504589647,10.3377134921866,0.451969018138206,0.918341942508127,1.69276190957398,17.5745438409398,0.798874959604414,0.42156862745098,0.955882352941177,204
"UMass-gbqr_5src_utseirs_otid50",2026-04-11,0.644631956988286,1.09780847625285,9.94240377565916,0.519033396469662,1.1575089078406,1.81451917153708,16.778205100415,0.928509866904995,0.308823529411765,0.96078431372549,204
"UMass-gbqr_5src_utseirs_otid50",2026-04-18,0.779412428340615,1.14500160059688,10.7068061363242,0.559935011292454,1.70977369138552,2.03819632100885,17.2988867599006,0.939853722142444,0.294117647058824,0.911764705882353,204
"UMass-gbqr_5src_utseirs_otid50",2026-04-25,0.775003501867333,1.20784238527395,10.5069448010545,0.634123406441577,1.65214569702638,2.01145269565682,16.950690901354,1.08002522182282,0.264705882352941,0.906862745098039,204
"UMass-gbqr_5src_utseirs_otid50",2026-05-02,0.64426339194538,1.01960972078283,8.62310986559959,0.518754614712017,1.28520201406171,1.68491465285909,13.110320545404,0.834475459606583,0.411764705882353,0.946078431372549,204
"UMass-gbqr_5src_utseirs_otid50",2026-05-09,0.422837041596013,0.83719922162538,5.22930643979242,0.423146699563472,1.01866906486236,1.32381239711988,7.89967872849146,0.635258127154525,0.534313725490196,0.975490196078431,204
"UMass-gbqr_5src_utseirs_otid50",2026-05-16,0.389458675113188,0.782112901993545,4.69118330067888,0.411974491304223,0.944099375750401,1.16421236711064,7.04834975131304,0.663195437107691,0.573529411764706,0.975490196078431,204
"UMass-gbqr_5src_utseirs_otid50",2026-05-23,0.388436983324136,0.655003903330727,4.51031550067216,0.347224696558317,1.07550793121612,1.0547360643526,7.09624350694556,0.567900563540837,0.607843137254902,0.985294117647059,204
"UMass-gbqr_5src_utseirs_otid50",2026-05-30,0.340753606670912,0.688825935397665,3.80787071747909,0.370798593799122,1.07656851893706,1.07157294105957,5.97389982076838,0.579876866710015,0.632352941176471,0.970588235294118,204
"UMass-trends_ensemble",2023-10-21,0.996793184060657,0.783599901213674,12.0183407928389,0.383485879540542,0.888783190832594,0.96653782046363,16.0024509803922,0.583030994420858,0.411764705882353,0.71078431372549,204
"UMass-trends_ensemble",2023-10-28,0.901529911346088,0.886979600438912,14.5014673913043,0.453674311807433,0.765573860560217,0.868807785826775,19.4583333333333,0.631546318482195,0.308823529411765,0.617647058823529,204
"UMass-trends_ensemble",2023-11-04,1.22349499909934,1.14342058852176,24.8769511935209,0.594412301536333,0.945771368484302,1.01290759785259,30.8627450980392,0.806758881943032,0.196078431372549,0.426470588235294,204
"UMass-trends_ensemble",2023-11-11,1.17137522937934,1.09129249716477,32.0932235720375,0.591403879020763,0.89960427841353,0.94808845050509,39.0049019607843,0.789847560480235,0.21078431372549,0.401960784313726,204
"UMass-trends_ensemble",2023-11-18,1.02502813667875,0.990013961646617,35.1632214407502,0.517596685258566,0.872434830837493,0.893745484779934,46.2647058823529,0.701388980626966,0.166666666666667,0.446078431372549,204
"UMass-trends_ensemble",2023-11-25,0.98153012580455,0.991940206926716,46.845676683717,0.558592207820707,0.837691614066727,0.873618418644007,59.2009803921569,0.753476627563456,0.151960784313725,0.387254901960784,204
"UMass-trends_ensemble",2023-12-02,0.962829564664312,0.95473163947727,79.4555232310315,0.603808035904397,0.860183177735498,0.844562909489432,95.2990196078431,0.773753897240676,0.151960784313725,0.333333333333333,204
"UMass-trends_ensemble",2023-12-09,0.902189069518436,0.877830697440841,113.010798167093,0.57843431121052,0.860118306351183,0.823672661313379,135.426470588235,0.747827477485102,0.166666666666667,0.338235294117647,204
"UMass-trends_ensemble",2023-12-16,0.881026376599458,0.85222989689719,134.641373614663,0.594395089164483,0.859299093341647,0.822611358679659,162.142156862745,0.764685412167926,0.0686274509803922,0.225490196078431,204
"UMass-trends_ensemble",2023-12-23,0.776083969316212,0.77980392646558,100.12570971867,0.408232908786505,0.795623737906507,0.789277555150371,129.401960784314,0.546435547864784,0.127450980392157,0.372549019607843,204
"UMass-trends_ensemble",2023-12-30,1.04710248233399,0.915134979661229,73.4998433503836,0.252121501617147,1.09758556509151,0.960157246477548,104.066176470588,0.363274918749193,0.318627450980392,0.632352941176471,204
"UMass-trends_ensemble",2024-01-06,1.67787672807616,1.44982510552732,150.976181798806,0.38809663438936,1.66617264901738,1.42335787545759,201.149509803922,0.511122514211499,0.17156862745098,0.470588235294118,204
"UMass-trends_ensemble",2024-01-13,1.4458121907956,1.26238607723851,129.926800937766,0.417091528283103,1.59582913560347,1.34328904956017,194.120098039216,0.591662345250276,0.0931372549019608,0.529411764705882,204
"UMass-trends_ensemble",2024-01-20,0.986013825139465,0.933693361794512,54.6128729752771,0.232832371757154,1.07263442475218,1.04680372647465,87.5196078431373,0.370610975585678,0.495098039215686,0.887254901960784,204
"UMass-trends_ensemble",2024-01-27,0.853999397115584,0.996809579579571,42.264108056266,0.224954506461284,0.848280512474713,0.914051352747508,61.6666666666667,0.302047362351762,0.53921568627451,0.892156862745098,204
"UMass-trends_ensemble",2024-02-03,0.928421577683214,1.01803540002821,41.46585571185,0.232182177251078,0.837346711259755,0.896311299080066,55.2279411764706,0.29511618377661,0.53921568627451,0.813725490196078,204
"UMass-trends_ensemble",2024-02-10,1.01874512462013,1.08638167037504,35.7463139386189,0.220751316047421,1.00154450996911,1.056901342316,52.4485294117647,0.311507664255738,0.455882352941176,0.82843137254902,204
"UMass-trends_ensemble",2024-02-17,1.00305808860307,1.1766158732224,32.9222698209719,0.23574379341212,0.989143793527243,1.15908723304068,47.343137254902,0.315930792859864,0.401960784313726,0.759803921568627,204
"UMass-trends_ensemble",2024-02-24,0.983441669405433,1.0837831774448,30.1051140238704,0.219301910000813,0.914805360561583,1.00735172138249,42.1617647058824,0.293218653558659,0.455882352941176,0.715686274509804,204
"UMass-trends_ensemble",2024-03-02,1.15948575111931,1.10629435045626,37.6032310315431,0.231395933392835,1.02320351630379,1.04235373466662,49.0686274509804,0.2987633936703,0.490196078431373,0.764705882352941,204
"UMass-trends_ensemble",2024-03-09,1.20785321221296,1.12648119338256,54.4867998721228,0.314763061632891,1.03028091937249,1.02033405469238,69.2156862745098,0.413167413671533,0.303921568627451,0.568627450980392,204
"UMass-trends_ensemble",2024-03-16,1.02584294686434,0.979235407939975,43.3294575873828,0.294376778783923,0.939733354003566,0.931658528994531,59.4289215686275,0.409812199494438,0.269607843137255,0.627450980392157,204
"UMass-trends_ensemble",2024-03-23,0.786321370996897,0.904857984843466,21.2882992327366,0.259179424729364,0.751292293233083,0.863045627972761,31.3480392156863,0.365612232723485,0.431372549019608,0.78921568627451,204
"UMass-trends_ensemble",2024-03-30,0.730043234695392,0.908485981537239,15.2192316709292,0.261027677994884,0.699712643678161,0.85727871467461,22.6789215686275,0.368960299615476,0.504901960784314,0.872549019607843,204
"UMass-trends_ensemble",2024-04-06,0.628586384757705,0.816173471896901,14.7633759590793,0.29228811728328,0.647629167220082,0.788745696232239,23.9019607843137,0.438691815270663,0.480392156862745,0.852941176470588,204
"UMass-trends_ensemble",2024-04-13,0.791874613217574,0.895396090579238,22.661547314578,0.418191112724901,0.785323709536308,0.833545488117609,35.2009803921569,0.600375402446642,0.338235294117647,0.745098039215686,204
"UMass-trends_ensemble",2024-04-20,0.847923737153984,0.938178862190029,21.9843904518329,0.537669816646288,0.780137705683277,0.858065661601399,32.7696078431373,0.799493564878088,0.387254901960784,0.740196078431373,204
"UMass-trends_ensemble",2024-04-27,0.718137891015641,0.885663566054666,13.8965475678003,0.595813051661158,0.690009337068161,0.836019879779994,21.950495049505,0.934713381280969,0.400990099009901,0.836633663366337,204
"UMass-trends_ensemble",2024-05-04,0.698921041350791,0.821747836834886,12.1229684782609,0.588036896999218,0.654993856415657,0.781132184785826,18.6575,0.974162503686903,0.52,0.84,204
"UMass-trends_ensemble",2024-11-30,0.962269524454733,0.918143075830445,84.4664396845695,0.717692344899927,0.823730894115784,0.797470727472296,101.973039215686,0.959608339535804,0.147058823529412,0.362745098039216,204
"UMass-trends_ensemble",2024-12-07,1.03305542953481,1.01112391521977,174.92102514919,0.966061335965356,0.908325870818121,0.863245388604642,193.914215686275,1.16990929457507,0.0882352941176471,0.200980392156863,204
"UMass-trends_ensemble",2024-12-14,0.982562782791596,0.991870056899915,284.441417306053,1.12972387227717,0.915446849627205,0.878748370159466,311.166666666667,1.36210317692696,0.0245098039215686,0.0735294117647059,204
"UMass-trends_ensemble",2024-12-21,0.912796034361325,0.892523321806364,305.62781543052,0.912113831709674,0.892714596069317,0.837598365172215,346.460784313725,1.12286834375336,0.0392156862745098,0.127450980392157,204
"UMass-trends_ensemble",2024-12-28,0.734261527301428,0.702063312553885,250.775561594203,0.630089248981235,0.794493888985299,0.726094537122518,314.191176470588,0.826612885493521,0.0784313725490196,0.269607843137255,204
"UMass-trends_ensemble",2025-01-04,0.701704057161215,0.666132954865782,149.580047953964,0.272705830016524,0.862911815820455,0.778524484424539,226.357843137255,0.410722813199103,0.313725490196078,0.691176470588235,204
"UMass-trends_ensemble",2025-01-11,0.917160940642876,0.89866614787958,196.240973998295,0.28962464745827,1.06518963922294,0.9993585996494,282.223039215686,0.412250231541191,0.240196078431373,0.647058823529412,204
"UMass-trends_ensemble",2025-01-18,0.515563954768726,0.551306573693772,168.074832693947,0.24617452899219,0.660865379743629,0.659593349164051,255.754901960784,0.368741327999636,0.485294117647059,0.818627450980392,204
"UMass-trends_ensemble",2025-02-01,0.765295049208588,0.789972352851851,215.087811167945,0.320238280244261,0.90214900959949,0.861589547617794,304.970588235294,0.434311588370797,0.274509803921569,0.573529411764706,204
"UMass-trends_ensemble",2025-02-08,1.03271088346108,0.993172518114899,243.906631500426,0.279148679727284,1.15365479012923,1.07337286139243,338.710784313725,0.382194857012453,0.299019607843137,0.553921568627451,204
"UMass-trends_ensemble",2025-02-15,1.24357554520488,1.18160751382787,318.390128942882,0.394832965913022,1.3383448886717,1.22838414264216,429.595588235294,0.513757944459232,0.205882352941176,0.504901960784314,204
"UMass-trends_ensemble",2025-02-22,1.09379911810964,1.07818095204689,240.629327578858,0.370780082515294,1.20085813432708,1.13459458241152,344.357843137255,0.506101084293537,0.318627450980392,0.622549019607843,204
"UMass-trends_ensemble",2025-03-01,0.87030714142698,0.983956771967744,174.525467817562,0.391373256110839,0.93680625162416,0.995471739658107,247.399509803922,0.519117102134852,0.357843137254902,0.691176470588235,204
"UMass-trends_ensemble",2025-03-08,0.609772624876138,0.751094631459773,103.467302855925,0.309065242915063,0.673980762349772,0.737626226909062,156.968137254902,0.414979984926054,0.529411764705882,0.867647058823529,204
"UMass-trends_ensemble",2025-03-15,0.484516054604884,0.707826540960078,63.7779624893436,0.329229310518262,0.542522941708673,0.688837992629535,102.879901960784,0.450160007613839,0.563725490196078,0.887254901960784,204
"UMass-trends_ensemble",2025-03-22,0.462407421229562,0.678988053170154,47.5995172634271,0.333450611698693,0.466647180086766,0.619231159167645,74.3455882352941,0.460757011668595,0.656862745098039,0.92156862745098,204
"UMass-trends_ensemble",2025-03-29,0.497873137977807,0.768065956711698,37.6576545183291,0.396402455030061,0.473698074974671,0.662329380028072,57.296568627451,0.527003960234478,0.642156862745098,0.941176470588235,204
"UMass-trends_ensemble",2025-04-05,0.463962018373643,0.760495921754625,24.2286295822677,0.383057269889684,0.40274678111588,0.603571129910741,34.5,0.464750735081532,0.764705882352941,0.936274509803922,204
"UMass-trends_ensemble",2025-04-12,0.495736931454931,0.856673241356875,16.161010230179,0.390339677174191,0.386712095400341,0.613752155603304,20.0294117647059,0.409692422600349,0.813725490196078,0.96078431372549,204
"UMass-trends_ensemble",2025-04-19,0.604172081341906,0.98216106256198,13.0745993179881,0.425328001733164,0.588119321104063,0.794664779733566,16.8161764705882,0.431076081741148,0.78921568627451,0.985294117647059,204
"UMass-trends_ensemble",2025-05-03,0.484417576082551,0.764293146242317,7.8692220801364,0.371934222382441,0.715667618141453,0.829982034456637,11.0612745098039,0.45594650818279,0.71078431372549,0.955882352941177,204
"UMass-trends_ensemble",2025-05-10,0.435560058998889,0.689819037938437,6.49132459505541,0.337787197910435,0.75,0.925620818881696,9.33823529411765,0.445917987507182,0.598039215686274,0.936274509803922,204
"UMass-trends_ensemble",2025-05-17,0.514215287132048,0.754235831883899,7.18333439897698,0.382787846605571,1.06149097815764,1.11922443392585,10.9583333333333,0.53702259161446,0.519607843137255,0.848039215686274,204
