"model_id","location","wis_scaled_relative_skill","wis_scaled_relative_skill__log","wis","wis__log","ae_median_scaled_relative_skill","ae_median_scaled_relative_skill__log","ae_median","ae_median__log","interval_coverage_50","interval_coverage_95","n"
"FluSight-baseline","01",1,1,70.2601007850187,0.499181780012972,1,1,94.14375,0.660936300921895,0.303125,0.815625,320
"FluSight-baseline","02",1,1,7.33505907470257,0.430870528384454,1,1,10.546875,0.653126221718477,0.471875,0.921875,320
"FluSight-baseline","04",1,1,170.129881371245,0.454522864953141,1,1,212.8375,0.541508192056926,0.346875,0.821875,320
"FluSight-baseline","05",1,1,44.6606072397895,0.50335393568123,1,1,62.703125,0.692017705592945,0.3375,0.859375,320
"FluSight-baseline","06",1,1,319.329290398721,0.424111351550255,1,1,435.596875,0.504158351028125,0.321875,0.8625,320
"FluSight-baseline","08",1,1,74.6838081339944,0.446219533688417,1,1,97.803125,0.593612443696814,0.31875,0.8375,320
"FluSight-baseline","09",1,1,64.1968792786372,0.552294664170495,1,1,82.55,0.739778410064499,0.340625,0.79375,320
"FluSight-baseline","10",1,1,20.2723177795476,0.502122614717245,1,1,26.4187498593736,0.72458661989431,0.359375,0.853125,320
"FluSight-baseline","11",1,1,17.0990812975446,0.55575589941625,1,1,22.38125,0.832491336702619,0.35,0.815625,320
"FluSight-baseline","12",1,1,297.321402465108,0.338167195353322,1,1,389.621875,0.410855998841975,0.225,0.725,320
"FluSight-baseline","13",1,1,151.00122561005,0.52545115900305,1,1,190.05,0.667880943374126,0.278125,0.74375,320
"FluSight-baseline","15",1,1,10.233304066793,0.374624928008764,1,1,14.371875,0.561261765113143,0.31875,0.8125,320
"FluSight-baseline","16",1,1,27.0600994113654,0.481904298450783,1,1,37.85,0.665782337211645,0.31875,0.9,320
"FluSight-baseline","17",1,1,180.235205055497,0.498863382868867,1,1,233.140625,0.644413502799814,0.24375,0.78125,320
"FluSight-baseline","18",1,1,125.78646756844,0.502133711836598,1,1,165.4875,0.651776272935736,0.271875,0.809375,320
"FluSight-baseline","19",1,1,42.5679537468763,0.541073510234258,1,1,57.00625,0.789714903617229,0.275,0.8375,320
"FluSight-baseline","20",1,1,41.2084253399442,0.510590198209391,1,1,55.459375,0.698946269972516,0.28125,0.828125,320
"FluSight-baseline","21",1,1,80.2020596154637,0.508923367792409,1,1,109.54375,0.676499102879535,0.328125,0.89375,320
"FluSight-baseline","22",1,1,66.2236781652861,0.401105771577313,1,1,88.596875,0.516816694164967,0.271875,0.796875,320
"FluSight-baseline","23",1,1,22.4819811830821,0.495765104445554,1,1,30.434375,0.734563762342993,0.315625,0.85,320
"FluSight-baseline","24",1,1,89.6062667365682,0.574183209054521,1,1,113.49375,0.757780731686219,0.309375,0.734375,320
"FluSight-baseline","25",1,1,142.137124798887,0.540979457159638,1,1,181.022082018927,0.678455744096801,0.318611987381703,0.769716088328076,320
"FluSight-baseline","26",1,1,155.458135509534,0.504289046290866,1,1,210.384375,0.652478425357789,0.26875,0.778125,320
"FluSight-baseline","27",1,1,102.656889819882,0.527075945107715,1,1,126.659305993691,0.712853670126961,0.264984227129338,0.782334384858044,320
"FluSight-baseline","28",1,1,42.3643846957118,0.441797558661719,1,1,58.08125,0.573209419190684,0.34375,0.834375,320
"FluSight-baseline","29",1,1,109.330359967786,0.503930372893241,1,1,145.1375,0.651165389543664,0.246875,0.859375,320
"FluSight-baseline","30",1,1,19.9277111050761,0.536396931755239,1,1,27.1374983437334,0.835864451584994,0.35625,0.790625,320
"FluSight-baseline","31",1,1,25.860010093845,0.519073793615114,1,1,34.809375,0.752757122888036,0.359375,0.846875,320
"FluSight-baseline","32",1,1,28.7497667770312,0.403132336017802,1,1,40.478125,0.55203333409971,0.45625,0.903125,320
"FluSight-baseline","33",1,1,26.102469232945,0.527188636281101,1,1,32.9156249062491,0.749848086343882,0.31875,0.790625,320
"FluSight-baseline","34",1,1,182.1216924548,0.536924458975029,1,1,233.040625,0.694508595341523,0.275,0.7375,320
"FluSight-baseline","35",1,1,37.6226419761848,0.464854747837333,1,1,51.2875,0.626460415827404,0.375,0.8375,320
"FluSight-baseline","36",1,1,345.580783004259,0.507325667387793,1,1,429.028125,0.614494720154175,0.3125,0.740625,320
"FluSight-baseline","37",1,1,235.650420258038,0.60896031746367,1,1,287.471875,0.781896661440654,0.278125,0.734375,320
"FluSight-baseline","38",1,1,13.0185066635897,0.466027773425233,1,1,17.68125,0.712417840069145,0.396875,0.815625,320
"FluSight-baseline","39",1,1,256.50686254183,0.592573932465321,1,1,323.115625,0.737337323370149,0.234375,0.753125,320
"FluSight-baseline","40",1,1,65.3671789926596,0.552521746640074,1,1,91.20625,0.726685370150424,0.34375,0.921875,320
"FluSight-baseline","41",1,1,53.774187239413,0.483182957837726,1,1,72.55,0.64573118683809,0.340625,0.871875,320
"FluSight-baseline","42",1,1,353.289797936791,0.440051357204427,1,1,440.028125,0.542005151525588,0.246875,0.753125,320
"FluSight-baseline","44",1,1,21.180334537299,0.513803369547949,1,1,26.2250005468805,0.719569084783319,0.3,0.78125,320
"FluSight-baseline","45",1,1,112.881892995759,0.565215769786975,1,1,140.715625,0.72478831071547,0.24375,0.74375,320
"FluSight-baseline","46",1,1,13.9278696841618,0.518018662087137,1,1,19.2437476640391,0.788555570145842,0.3875,0.85,320
"FluSight-baseline","47",1,1,98.3958324422571,0.430654028037536,1,1,132.06875,0.550592867407607,0.3,0.85625,320
"FluSight-baseline","48",1,1,326.398785185239,0.435777396301632,1,1,429.696875,0.528595472299709,0.3,0.8,320
"FluSight-baseline","49",1,1,29.0417576818634,0.482978454958083,1,1,37.121875,0.665883099658674,0.365625,0.821875,320
"FluSight-baseline","50",1,1,7.67888314080906,0.441143594130028,1,1,10.7375,0.705686429411665,0.34375,0.8875,320
"FluSight-baseline","51",1,1,114.005249805839,0.480709823179448,1,1,149.29375,0.589847646089721,0.26875,0.7875,320
"FluSight-baseline","53",1,1,51.500978479333,0.414464771430235,1,1,73.0625,0.563063706280173,0.3,0.93125,320
"FluSight-baseline","54",1,1,44.646409459258,0.563304605828506,1,1,60.065625,0.845753136532802,0.321875,0.8125,320
"FluSight-baseline","55",1,1,100.980605375319,0.552612435924815,1,1,128.275,0.784711987388458,0.259375,0.7875,320
"FluSight-baseline","56",1,1,10.8060719799597,0.491468711228202,1,1,15.365625,0.74855838464498,0.34375,0.9125,320
"UMass-AR2","01",0.898010603007689,0.98459682216374,62.1863537608121,0.488010216988078,0.912967865201204,1.02306175002657,85.6271016354277,0.668447577728928,0.440625,0.84375,320
"UMass-AR2","02",0.92645121563194,0.903146104061171,6.76157918133829,0.386119824800209,0.902114544857134,0.903123241991014,9.49753581954129,0.588371638624562,0.509375,0.896875,320
"UMass-AR2","04",0.834756160184125,0.743601560972852,137.577809073593,0.33849944411821,0.912426828513086,0.915073190694653,192.820361336331,0.492582680537476,0.521875,0.8875,320
"UMass-AR2","05",0.924082762473978,0.86770147861528,40.9985010287382,0.437465201508411,0.935486209807815,0.929659365876923,58.7321558807941,0.642582394562212,0.440625,0.84375,320
"UMass-AR2","06",0.811282460761062,0.730020681931133,251.509594890599,0.308092594526942,0.836344163890254,0.855404219165896,358.38669792631,0.424046637368742,0.48125,0.8375,320
"UMass-AR2","08",0.798330431960328,0.814775279756792,60.1095411092042,0.363401747385457,0.865853995891966,0.931876164431722,84.926010900665,0.547174039710341,0.425,0.8375,320
"UMass-AR2","09",0.738749352031437,0.804244846498385,47.566920060384,0.445839705888956,0.815717882515993,0.893132303523835,67.6020822627343,0.65800784656701,0.4625,0.88125,320
"UMass-AR2","10",0.917815386061529,0.971213098931444,18.7133366928146,0.489299643243938,0.91909052867638,0.988963932604261,24.4880257520928,0.715759482800065,0.515625,0.8375,320
"UMass-AR2","11",0.846271553154476,0.902143327617769,14.2516054901678,0.500126765875651,0.890405329756144,0.918700132516077,19.783513613109,0.765851496828757,0.45,0.828125,320
"UMass-AR2","12",0.856433704225613,0.769698017479433,253.327929112196,0.263272663301546,0.921946125237123,0.935101604631139,359.095868332025,0.383328274938254,0.409375,0.815625,320
"UMass-AR2","13",0.872025564048276,0.87115361507356,131.434078844534,0.458657288006615,0.915181270345132,0.986569646550409,173.965062608966,0.655228084898143,0.425,0.75625,320
"UMass-AR2","15",0.998947604734498,0.977020430477326,10.294997906474,0.366288994997014,1.02893980968985,0.987962329905361,14.8685385331061,0.558254320911572,0.359375,0.821875,320
"UMass-AR2","16",0.895759231312183,0.927751821813078,24.2152803216213,0.448728198608934,0.913633771262288,0.994701701052854,34.5685312469039,0.655807610816818,0.490625,0.88125,320
"UMass-AR2","17",0.810844645725642,0.839322347725154,142.677417459278,0.412102426303433,0.84967324754276,0.966642421384868,193.426942866183,0.608339757890049,0.46875,0.85625,320
"UMass-AR2","18",0.805096094179169,0.782188819280859,97.8638474787492,0.385535486427687,0.873272664947219,0.934415834881426,141.334870305519,0.587996169371636,0.421875,0.85,320
"UMass-AR2","19",0.810470881621454,0.838754277219923,33.6951831530486,0.450192313164263,0.887147882836457,0.893365623283415,49.7411008115879,0.701099341233423,0.428125,0.878125,320
"UMass-AR2","20",0.874175868506016,0.858146732922237,35.4442130895762,0.437307070313684,0.918508646172358,0.942040175617881,50.2189607201443,0.652002166159726,0.409375,0.859375,320
"UMass-AR2","21",0.894837986313409,0.856850906363719,69.878897643372,0.432130962845974,0.912275306810661,0.961145144564427,97.0820995526401,0.637273550199843,0.45,0.8875,320
"UMass-AR2","22",0.88436735147961,0.82060364431817,58.472721055359,0.331379136853752,0.945158145971341,0.951729751069893,84.0360471172476,0.494206110024039,0.3875,0.834375,320
"UMass-AR2","23",0.822078815642385,0.885596228446274,18.5193185034785,0.441049533780003,0.872826160640806,0.930992736009152,26.6542683079612,0.680313450932638,0.4875,0.89375,320
"UMass-AR2","24",0.735366961225552,0.804933877925574,65.8349225162912,0.460769582452491,0.807008410985114,0.901385778097422,91.4947684297435,0.667085623469702,0.428125,0.80625,320
"UMass-AR2","25",0.777602603997359,0.808140054838247,111.050505312747,0.442684932210875,0.849260481466517,0.937855378594069,154.601752731864,0.640955198076216,0.397476340694006,0.817034700315457,320
"UMass-AR2","26",0.851232954454893,0.791532229346741,131.099796760205,0.400273620746218,0.913410156569836,0.928620567489512,190.834024083132,0.601053039477434,0.390625,0.81875,320
"UMass-AR2","27",0.737681183941404,0.809656616029578,75.8370052160823,0.426325304655248,0.825374998546992,0.894949679094855,104.81680234187,0.633209728894718,0.50788643533123,0.876971608832808,320
"UMass-AR2","28",0.875525296105428,0.818011429817264,36.874055549972,0.362769251156683,0.898389541430651,0.943694544050023,52.4031989196327,0.541857921397745,0.4125,0.84375,320
"UMass-AR2","29",1.00917798397863,0.875163949756564,107.882780911298,0.439631678057701,1.04219393685693,0.975286358058525,149.148341421705,0.633999454850185,0.396875,0.8375,320
"UMass-AR2","30",0.917128600905478,0.962712165397797,18.220097657561,0.516281295650591,0.945290760586257,0.965931793976517,25.8147026042968,0.806728018991447,0.396875,0.821875,320
"UMass-AR2","31",0.851105332974327,0.9086743149026,21.7001225212707,0.469928079956321,0.905049553794085,0.959552234113963,31.2904017171975,0.721741539719742,0.421875,0.875,320
"UMass-AR2","32",0.911942569664737,0.875518873182727,25.9250192980696,0.350672003373804,0.921933326266572,0.929941793404674,36.9992831455203,0.507470797406265,0.540625,0.89375,320
"UMass-AR2","33",0.918701319746134,0.9167248607506,24.552144311672,0.484654865430804,1.00042378113957,0.972447592039674,33.9032411401525,0.726417070781014,0.45,0.840625,320
"UMass-AR2","34",0.711100186560026,0.834300214511492,130.173313621271,0.457166711931552,0.785517902555533,0.963908281801255,183.170829405789,0.66900532805034,0.421875,0.821875,320
"UMass-AR2","35",0.879835021559529,0.863640828204939,33.0960683111041,0.400959004764737,0.924932221334136,0.963124576247317,47.4855443802112,0.59898456458032,0.484375,0.86875,320
"UMass-AR2","36",0.688559658953873,0.762666104638717,238.60622807834,0.383870952594189,0.768054251245118,0.943573917232772,330.029934094884,0.561553758018508,0.421875,0.784375,320
"UMass-AR2","37",0.775221148999863,0.789303144992654,182.129836343677,0.481539201860031,0.843180722623205,0.909831953050748,241.976328853865,0.701630402518833,0.471875,0.79375,320
"UMass-AR2","38",0.868013384086299,0.927500520012665,11.3450348325575,0.437933257198364,0.895638701457756,0.927930297415261,15.8793191656277,0.661222644297942,0.4625,0.8375,320
"UMass-AR2","39",0.81296076718972,0.818539440448787,207.698454955634,0.483499648501613,0.919665790685856,0.973090343271604,301.256696851252,0.709737877657413,0.390625,0.83125,320
"UMass-AR2","40",0.897211916630354,0.850351250812498,56.6938728464579,0.46788014067774,0.913335651197502,0.960234147169456,81.7967607459172,0.692931227685456,0.459375,0.871875,320
"UMass-AR2","41",0.933867890562322,0.93796661224429,50.1331267470255,0.454248258647242,0.919708862941344,0.975538826856165,67.0804645939708,0.630865000942965,0.553125,0.834375,320
"UMass-AR2","42",0.757047087008464,0.739281490806442,261.237219767715,0.321319086754672,0.853194933085117,0.884354312444241,368.271302538462,0.46601353919557,0.4375,0.8375,320
"UMass-AR2","44",0.867994249893176,0.917856329060698,18.385323675323,0.473391746407788,0.939971655670769,0.978719453207559,24.6493344549178,0.70323187497499,0.403125,0.8,320
"UMass-AR2","45",0.825996043239951,0.824433358953054,92.2274763911331,0.46275390368097,0.895377474879732,0.948371402608622,125.303193343426,0.678834813416127,0.403125,0.775,320
"UMass-AR2","46",0.905725926232591,0.917067569726206,12.2803377568756,0.47145344406057,0.936620733703476,0.926440410358454,17.78483201226,0.723052947790489,0.428125,0.859375,320
"UMass-AR2","47",0.886188237356084,0.798243955011401,86.6618061332418,0.345213318832186,0.920820542341164,0.925774549458542,120.800473387994,0.505129955507269,0.48125,0.85,320
"UMass-AR2","48",0.840786976477843,0.743791858767762,269.362322827691,0.335008069728299,0.895086160290703,0.872561690868895,379.354290502495,0.456758467307924,0.475,0.815625,320
"UMass-AR2","49",0.878927209285956,0.925783671083885,25.541252596531,0.446205531742925,0.916464267525506,0.958850329223354,34.0551361872944,0.636339915536274,0.465625,0.815625,320
"UMass-AR2","50",0.929653593132822,0.996848860041722,6.99277423952027,0.437372243910962,0.932937806841292,0.988135760581628,10.0220740254009,0.693809260855616,0.46875,0.884375,320
"UMass-AR2","51",0.805510209252646,0.77250820917739,91.6495918616084,0.371949380125756,0.853581984444998,0.929014930781779,127.10983442085,0.543518689669769,0.45,0.83125,320
"UMass-AR2","53",0.804174990371732,0.804451826721981,40.7700416140433,0.333794238603802,0.812401940416368,0.850533706591811,58.6278595029306,0.473756188421661,0.584375,0.928125,320
"UMass-AR2","54",0.844258939651824,0.888856685169627,35.7284574713884,0.494820427765915,0.898976111906492,0.907030838790884,52.1753920953843,0.759018335991076,0.446875,0.85,320
"UMass-AR2","55",0.73868597765464,0.767878830748918,73.5092994496534,0.420349263290986,0.802178147940735,0.830063344086645,101.510367816418,0.64532521545748,0.4625,0.86875,320
"UMass-AR2","56",0.926709743296391,0.923543783673402,9.93309955561315,0.454881579261804,0.937861234775073,0.933107059173235,14.3960535539179,0.699689913733163,0.409375,0.8625,320
"UMass-AR6_fourierP_thetaP","01",0.834570508936111,0.844494448370434,57.3802665897261,0.419283951578606,0.856876617222273,0.905768444998365,79.6329361106622,0.592019767871177,0.43125,0.828125,320
"UMass-AR6_fourierP_thetaP","02",0.90079143018595,0.912497383856979,6.62735574737087,0.395848045713042,0.965177812666277,0.955503467700544,10.1487647628683,0.629979295047516,0.525,0.95,320
"UMass-AR6_fourierP_thetaP","04",0.769369424326383,0.610700560691795,122.11568675056,0.275562308382697,0.829460275759804,0.724994158678705,168.52283022342,0.387138744333623,0.503125,0.871875,320
"UMass-AR6_fourierP_thetaP","05",0.809607469035962,0.720139852973345,35.7201387623583,0.365972399136077,0.847542972754012,0.795995548239279,52.9745090610521,0.554602876560907,0.415625,0.85625,320
"UMass-AR6_fourierP_thetaP","06",0.633687531055155,0.506340805260832,202.408737946321,0.219388718370443,0.651640955418755,0.604511257780031,285.681079761085,0.307484988972541,0.50625,0.846875,320
"UMass-AR6_fourierP_thetaP","08",0.718704300180284,0.644135795966126,53.4526322230737,0.283725603926012,0.770180533120378,0.721565827577683,74.5722657344649,0.418275744864801,0.45625,0.859375,320
"UMass-AR6_fourierP_thetaP","09",0.695812469640676,0.657286397646995,45.0901101175574,0.36532245026339,0.754700545442213,0.707322199671363,62.5576349279213,0.522175293038895,0.51875,0.840625,320
"UMass-AR6_fourierP_thetaP","10",0.861565809676162,0.864096935523836,17.6193304463473,0.440804969252118,0.927454542071779,0.939482224678423,24.719980802149,0.689569344964736,0.5,0.875,320
"UMass-AR6_fourierP_thetaP","11",0.715833666319713,0.80069454383832,12.1480618712692,0.445212646109086,0.800787132073629,0.843140728715739,17.7456641824766,0.701723451173134,0.446875,0.86875,320
"UMass-AR6_fourierP_thetaP","12",0.669582702249145,0.569370154239668,197.702017856268,0.194838687974438,0.724028110824549,0.703152058176003,280.87037763846,0.287614731461544,0.440625,0.825,320
"UMass-AR6_fourierP_thetaP","13",0.748340555551882,0.660543563679701,110.730844664817,0.342490288559224,0.793277323619234,0.71960313924114,148.20709036212,0.472559690111539,0.4625,0.803125,320
"UMass-AR6_fourierP_thetaP","15",0.815463146744165,0.979339276372428,8.45700124342004,0.368847386684456,0.918282239146445,1.02852521261279,13.3807169207257,0.58020067092817,0.475,0.95,320
"UMass-AR6_fourierP_thetaP","16",0.867580117907216,0.856018089172686,23.1400839009799,0.416733231832817,0.931035055428861,0.968686906157542,34.9137675316871,0.649260574747088,0.409375,0.884375,320
"UMass-AR6_fourierP_thetaP","17",0.761628150041162,0.674976535786991,134.717310780618,0.336148823862687,0.781706482635543,0.751316693487572,179.364537835493,0.481496702801875,0.43125,0.828125,320
"UMass-AR6_fourierP_thetaP","18",0.780884846708199,0.627495258027018,95.4264742201376,0.31392325931975,0.823717558505207,0.707038572561705,133.353011337312,0.454085284321762,0.396875,0.796875,320
"UMass-AR6_fourierP_thetaP","19",0.706219245651787,0.630666618523363,29.3825982970393,0.341337259408543,0.760551102952487,0.66643354360016,42.5807502976875,0.527993515385187,0.4375,0.859375,320
"UMass-AR6_fourierP_thetaP","20",0.798747717430555,0.679169995919183,32.3319428266428,0.351593326059776,0.826202184635075,0.729798109852916,45.0753497861877,0.516842862623759,0.478125,0.8375,320
"UMass-AR6_fourierP_thetaP","21",0.859079184302192,0.713720653534222,67.9431770687975,0.369133041464155,0.859558472790215,0.791285579588434,92.1889149414393,0.539884983395331,0.446875,0.846875,320
"UMass-AR6_fourierP_thetaP","22",0.754011706918745,0.666968708769946,49.6520480261681,0.269046006502677,0.830647749922831,0.784410103494305,73.3251592092821,0.403792854176891,0.425,0.859375,320
"UMass-AR6_fourierP_thetaP","23",0.734501737101619,0.72690652711507,16.457053641091,0.366029303171357,0.804212331237236,0.749781542863748,24.2381862573192,0.547789591412122,0.54375,0.86875,320
"UMass-AR6_fourierP_thetaP","24",0.697749658874015,0.695602960251248,61.8429017860228,0.401423286937351,0.755597167221936,0.792212266256697,84.9648388944389,0.591247545303973,0.35,0.76875,320
"UMass-AR6_fourierP_thetaP","25",0.784781356765536,0.657946687000412,110.450691401927,0.359776207156474,0.831430656124832,0.761866234892425,149.155256461604,0.518328672340894,0.369085173501577,0.728706624605678,320
"UMass-AR6_fourierP_thetaP","26",0.851108705798685,0.657681855488546,131.003687639784,0.338607498653449,0.869274216133386,0.735333330392614,180.848412736769,0.485196899336546,0.4125,0.75625,320
"UMass-AR6_fourierP_thetaP","27",0.694662189475513,0.708549831592522,71.1326514539864,0.378552476696631,0.777189268393162,0.753017076236098,98.1404160287699,0.539934378872886,0.463722397476341,0.804416403785489,320
"UMass-AR6_fourierP_thetaP","28",0.750740825859617,0.645809579864702,31.1695333747715,0.285901985913243,0.807084780575453,0.738043086455949,46.5022266015677,0.422936678153054,0.465625,0.884375,320
"UMass-AR6_fourierP_thetaP","29",0.944113109690343,0.724041390401787,102.499044957746,0.372818749083013,0.951089624439006,0.78703532327808,137.69652047671,0.527726368777918,0.384375,0.76875,320
"UMass-AR6_fourierP_thetaP","30",0.797086424726539,0.748834719113615,15.5056957322758,0.400469166054406,0.850964850068062,0.752636933559902,22.5619342863695,0.625663395391419,0.428125,0.834375,320
"UMass-AR6_fourierP_thetaP","31",0.738427785369295,0.742384462154914,19.1957513098757,0.397154530947326,0.808934178526869,0.804242755203652,28.3511698614202,0.623563294516414,0.421875,0.8625,320
"UMass-AR6_fourierP_thetaP","32",0.86180798352109,0.763175123831257,24.2019102981593,0.306347526201189,0.887087565860568,0.825794396210145,35.1631639486507,0.453321015360037,0.475,0.85625,320
"UMass-AR6_fourierP_thetaP","33",0.814283723669568,0.790682091065423,21.559377944278,0.42496365007379,0.904986653511275,0.845014741272905,30.1395468176555,0.641186060790869,0.40625,0.8,320
"UMass-AR6_fourierP_thetaP","34",0.671837684474741,0.673289319162012,120.898030639696,0.3659589916506,0.725725814111767,0.744753787024329,167.086639192217,0.514501853245182,0.41875,0.78125,320
"UMass-AR6_fourierP_thetaP","35",0.82420985106152,0.763128676386406,30.8058859308146,0.355010603293338,0.896271225496528,0.888546338534638,45.7940415752691,0.553734355116284,0.396875,0.878125,320
"UMass-AR6_fourierP_thetaP","36",0.69817076488125,0.602473191706014,241.632065895532,0.307805073728187,0.748790277316462,0.715812707221718,320.95433094821,0.434342265371488,0.34375,0.759375,320
"UMass-AR6_fourierP_thetaP","37",0.707515877214675,0.623430674410105,165.323830241347,0.378205006763993,0.749641661773893,0.666190207139225,213.526334404473,0.516416039853804,0.490625,0.790625,320
"UMass-AR6_fourierP_thetaP","38",0.675123490026573,0.729854010574851,8.85158795812323,0.346187184941664,0.751400900268399,0.731381882076351,13.3450822653762,0.52381165317566,0.58125,0.946875,320
"UMass-AR6_fourierP_thetaP","39",0.691320275464186,0.688399584346644,172.372438783426,0.408985727510264,0.790632297976628,0.773921797723583,249.991252709316,0.562602579425925,0.44375,0.8,320
"UMass-AR6_fourierP_thetaP","40",0.762939714672415,0.678718095651953,48.9919748790581,0.381656816794287,0.787432270694891,0.76826254246829,71.1815782360212,0.565487573273456,0.45625,0.8625,320
"UMass-AR6_fourierP_thetaP","41",0.820094941904874,0.782278119977545,45.2183802906683,0.388563503276991,0.817750395275731,0.860825096620082,61.352569216389,0.567429591485579,0.465625,0.821875,320
"UMass-AR6_fourierP_thetaP","42",0.695075428402553,0.66193160240661,240.443119011863,0.294619696710497,0.7580013352815,0.77622140787832,327.878883077627,0.418136308713958,0.3875,0.78125,320
"UMass-AR6_fourierP_thetaP","44",0.729318449860887,0.779032214674794,15.4745739179116,0.40461349909523,0.841234135416683,0.864203145742634,22.0695107528271,0.622648987302105,0.43125,0.846875,320
"UMass-AR6_fourierP_thetaP","45",0.729182577303297,0.626546269633012,79.365990284119,0.349981132163104,0.785203900697077,0.717848660414956,107.064601773784,0.511991814534327,0.44375,0.7875,320
"UMass-AR6_fourierP_thetaP","46",0.779403428287194,0.789646327223973,10.6582156109324,0.418622016749146,0.866519895643389,0.818199871714885,16.5326642932098,0.662802381108593,0.471875,0.925,320
"UMass-AR6_fourierP_thetaP","47",0.83488303552364,0.650024868641836,80.7495348385282,0.283263739892537,0.855551163204002,0.704808586732684,111.236791147188,0.394173874001706,0.521875,0.84375,320
"UMass-AR6_fourierP_thetaP","48",0.705072003835865,0.611722889182381,225.621409967503,0.286945202674498,0.733799171546039,0.692419522116514,311.145275609089,0.37359690900399,0.484375,0.765625,320
"UMass-AR6_fourierP_thetaP","49",0.78438997930257,0.837303135622501,22.663067888538,0.403851732404854,0.846844033598819,0.910025718929033,31.3526506936084,0.604204405010791,0.478125,0.81875,320
"UMass-AR6_fourierP_thetaP","50",0.80515448840405,0.83058794524177,5.94567892637208,0.364962659353796,0.865982918773156,0.82184124039355,8.95490892682655,0.576296922143458,0.521875,0.925,320
"UMass-AR6_fourierP_thetaP","51",0.728646046073505,0.617831139005677,82.2167583045509,0.298355994334575,0.776234926214034,0.726440311968198,114.712255044592,0.42612354967293,0.471875,0.815625,320
"UMass-AR6_fourierP_thetaP","53",0.713725218891174,0.654183755009811,38.5382216419985,0.282969478337302,0.741448037321104,0.676021276940733,57.0509708385542,0.394560590799213,0.54375,0.903125,320
"UMass-AR6_fourierP_thetaP","54",0.706209753836849,0.659032822701863,30.676409240436,0.375790023401333,0.751324974391156,0.666714981033077,44.3942056706468,0.576656641210584,0.475,0.88125,320
"UMass-AR6_fourierP_thetaP","55",0.687753386237984,0.623365660377581,68.5054888288967,0.345316561196395,0.741425137055488,0.662173963238138,93.9557358207594,0.521527412516644,0.425,0.815625,320
"UMass-AR6_fourierP_thetaP","56",0.865686390727085,0.840746012021962,9.24659843603292,0.411135693125679,0.936931132275794,0.870150093933154,14.3080933928045,0.646473777119267,0.515625,0.940625,320
"UMass-AR6_pooled","01",0.931279749082536,0.973952796047842,63.899789000264,0.481913641647046,0.944068564246897,1.00296943900163,87.5183434583633,0.651448685621279,0.4375,0.815625,320
"UMass-AR6_pooled","02",0.996182711937512,1.05888106470214,7.2972818366648,0.456610365922023,1.05731349975621,1.15456213324166,11.1037589415726,0.757686257538168,0.50625,0.946875,320
"UMass-AR6_pooled","04",0.866130519899746,0.723854213192789,139.158706117272,0.32813972745759,0.938971892411444,0.872550107689413,193.189889933025,0.468548679259747,0.503125,0.859375,320
"UMass-AR6_pooled","05",0.845274049026461,0.797492121381452,36.7241019016825,0.398053025806754,0.880874601531406,0.920108040073255,54.2716529457007,0.627479145163563,0.446875,0.859375,320
"UMass-AR6_pooled","06",0.744193614891979,0.627231741349098,231.79217940168,0.267526061824912,0.751951358937097,0.752932378665331,324.981326532601,0.37668149402558,0.490625,0.83125,320
"UMass-AR6_pooled","08",0.814471421919519,0.789159174766794,60.7479449483124,0.348321551274227,0.880177431732061,0.882659512304589,85.4563924171954,0.512079960120932,0.428125,0.815625,320
"UMass-AR6_pooled","09",0.768970056801211,0.769906929232996,49.69671786951,0.42411225912056,0.838768583385841,0.840113002891275,69.3794504234595,0.615046654860593,0.45625,0.859375,320
"UMass-AR6_pooled","10",0.944302537347266,0.951227373248322,19.1878727884166,0.477926937024141,1.01437089601152,1.00656065981828,26.8640227204762,0.724322081686667,0.53125,0.871875,320
"UMass-AR6_pooled","11",0.789673003222054,0.900797011895085,13.4119192066845,0.496137339413697,0.888251742619354,0.986165329497349,19.7699248469373,0.816169942881714,0.425,0.8875,320
"UMass-AR6_pooled","12",0.782957995776635,0.706001826996295,230.231068546903,0.24037406761871,0.839787146158576,0.873692348707473,324.939050015692,0.355443526040604,0.403125,0.815625,320
"UMass-AR6_pooled","13",0.855892261746251,0.828284758899436,126.763591406419,0.430445809184921,0.897450682883638,0.904352179484242,167.81710409051,0.593586980231014,0.415625,0.7375,320
"UMass-AR6_pooled","15",0.878134408991537,1.08144175680588,9.11310727499548,0.408364101458786,0.984738606657781,1.13133328707967,14.3486734601708,0.639613697520604,0.471875,0.95,320
"UMass-AR6_pooled","16",0.980477303800064,0.964924483107345,26.0577378966873,0.461030360430629,1.03839900669767,1.08103094480302,38.7876919267542,0.705084621306469,0.44375,0.8625,320
"UMass-AR6_pooled","17",0.830140024910378,0.771980528193761,145.896828383616,0.380107862013744,0.854688870242829,0.866542378153613,194.674690100569,0.547420547331837,0.409375,0.828125,320
"UMass-AR6_pooled","18",0.869130228647844,0.732758341593813,104.917229040583,0.360805511226779,0.923363544080749,0.831692442331676,147.953209319569,0.523819382979777,0.375,0.809375,320
"UMass-AR6_pooled","19",0.762496598540554,0.729152163286554,31.2222454228315,0.388015030475936,0.820459518484294,0.766168660754698,45.2933172802353,0.59651737020303,0.471875,0.875,320
"UMass-AR6_pooled","20",0.89691119652273,0.790082266017512,35.9224705062247,0.40134204163102,0.931337158897656,0.856986427906066,50.3546084574188,0.593184848530989,0.471875,0.8375,320
"UMass-AR6_pooled","21",0.942735074069432,0.825434674031355,73.1456232894014,0.413392668819304,0.95380375865411,0.94749320483517,100.821492099852,0.624632115228234,0.421875,0.865625,320
"UMass-AR6_pooled","22",0.866692556123474,0.78854528727515,56.8701587964503,0.315948244018873,0.939363259811793,0.933984457053677,82.7474866760524,0.47617999685823,0.39375,0.84375,320
"UMass-AR6_pooled","23",0.803799661448947,0.81252216195824,17.8056023366619,0.399978096048745,0.890738825786708,0.861426494517702,26.6170208743103,0.618530352561135,0.5,0.89375,320
"UMass-AR6_pooled","24",0.763185937470433,0.771099109578069,67.3797308143424,0.437993895835928,0.828798499534236,0.873908287323247,92.7823873114606,0.639699211568018,0.365625,0.740625,320
"UMass-AR6_pooled","25",0.823405981189322,0.75643241021128,115.086523890264,0.409340153627659,0.87840820942082,0.878213531909515,156.630729356497,0.591135110201041,0.353312302839117,0.769716088328076,320
"UMass-AR6_pooled","26",0.894221480748733,0.745810615055039,134.36150000533,0.373607990918907,0.926222182514891,0.856683299652767,188.634614199437,0.549283165075952,0.378125,0.771875,320
"UMass-AR6_pooled","27",0.82363727883301,0.771912112661428,84.2249470753645,0.402981532415834,0.926623977168176,0.830170037972623,116.866965473571,0.581852993358421,0.444794952681388,0.848580441640379,320
"UMass-AR6_pooled","28",0.866414402183068,0.785320025701113,35.729548192874,0.344770758124202,0.912199130534386,0.889244612297339,52.0729811047977,0.503902837270713,0.475,0.853125,320
"UMass-AR6_pooled","29",1.01704396329942,0.828065563310369,108.513331737979,0.41579389237436,1.03239072680311,0.908122587399195,147.399202787685,0.592328923628755,0.365625,0.80625,320
"UMass-AR6_pooled","30",0.886026530981072,0.866886966230498,17.0839841121517,0.458768681275601,0.949088242326501,0.876709630428443,24.9722376836153,0.721085805663235,0.434375,0.85,320
"UMass-AR6_pooled","31",0.796473009135998,0.817112996323593,20.2328262875074,0.422018958036332,0.869403486246143,0.898493932277384,29.8696120779767,0.675316506720746,0.44375,0.90625,320
"UMass-AR6_pooled","32",0.980284902962194,0.887114126319602,27.4366121544571,0.35193713728831,0.988032295885631,0.942444907025045,39.0006881335648,0.509780031898414,0.5125,0.865625,320
"UMass-AR6_pooled","33",0.928871075470273,0.885818189364286,24.5183330230258,0.465567250873257,1.02947566579617,0.946328422154645,34.1600324891153,0.700927339941754,0.4625,0.834375,320
"UMass-AR6_pooled","34",0.751844460743252,0.804844127590291,135.205363508144,0.432670512834608,0.811824750096749,0.891228464947492,186.595132264327,0.607348844734221,0.39375,0.784375,320
"UMass-AR6_pooled","35",0.934342425656368,0.87028794710274,34.9084389278065,0.401761420198764,0.998575242796024,1.01785038501085,50.8683157983728,0.627420582124863,0.409375,0.84375,320
"UMass-AR6_pooled","36",0.738081866763104,0.701221453062071,255.733898338164,0.353991307189603,0.782623814297727,0.837362009827896,335.729205673992,0.500483302703295,0.371875,0.746875,320
"UMass-AR6_pooled","37",0.800210552041094,0.750380365175553,187.353575366103,0.454854430267976,0.857148118721214,0.841507907010025,244.393214037675,0.645380020984782,0.43125,0.753125,320
"UMass-AR6_pooled","38",0.763683283783692,0.828451957669221,9.97698908839029,0.387266131798673,0.833498827635801,0.833422738965081,14.7262146554881,0.58542988739091,0.60625,0.940625,320
"UMass-AR6_pooled","39",0.735415882801357,0.747559647086672,180.222078535766,0.435584068527728,0.866256321868168,0.901893730964537,269.882795834053,0.642362450309965,0.43125,0.85,320
"UMass-AR6_pooled","40",0.839722659991836,0.78975876420801,52.2964726261214,0.432436791308603,0.865767189690491,0.932408469276925,76.2523649235605,0.668255190165881,0.41875,0.871875,320
"UMass-AR6_pooled","41",0.908642724444556,0.892511728874629,49.3607482035461,0.430993128959712,0.897760289841824,0.975327312802954,66.158414904329,0.626734660458231,0.484375,0.809375,320
"UMass-AR6_pooled","42",0.737586534316792,0.72034554733889,251.504163300009,0.310579399047666,0.810392514069126,0.855216136185524,346.462544551189,0.447718609188659,0.359375,0.803125,320
"UMass-AR6_pooled","44",0.78467576313352,0.85853915397083,16.6796116086322,0.440721375438362,0.898326165332436,0.954081081552452,23.5839520252522,0.67975760401539,0.465625,0.85625,320
"UMass-AR6_pooled","45",0.850354257522294,0.7752871402997,92.5778911621619,0.432830800416956,0.906029364032308,0.891795475565193,123.468287963746,0.634994131089896,0.421875,0.759375,320
"UMass-AR6_pooled","46",0.873702116978698,0.871494480737552,11.7598112505404,0.448395571080086,0.964559684187984,0.912525311234244,18.1243358569118,0.71914864028246,0.4625,0.934375,320
"UMass-AR6_pooled","47",0.959812017184727,0.772934511928215,92.4162744393623,0.331664197919557,0.982141045244289,0.845568440897672,127.027134469057,0.460182074864839,0.509375,0.84375,320
"UMass-AR6_pooled","48",0.819830090329535,0.710787730930636,260.406990274193,0.323438347002693,0.836922686733323,0.813646459249533,350.433230595579,0.424105075934182,0.475,0.75625,320
"UMass-AR6_pooled","49",0.870071810145336,0.942677551538516,25.0367249513195,0.453685579427288,0.935299698385125,1.01511681760698,34.5013711443172,0.671914991778218,0.490625,0.8125,320
"UMass-AR6_pooled","50",0.885765928514352,0.938816855594645,6.43060715720888,0.406735036045542,0.961937633845209,0.951843381716248,9.82733987880279,0.659208678970021,0.50625,0.928125,320
"UMass-AR6_pooled","51",0.83353517658471,0.75015610384782,93.7793141220783,0.360461403836815,0.883530490738764,0.91007043849042,130.178714391234,0.529646091216926,0.4125,0.81875,320
"UMass-AR6_pooled","53",0.787004011176209,0.737459208422372,40.9493920316271,0.309686333987294,0.811116422477546,0.769252501818074,60.3752545764676,0.434611762520017,0.534375,0.915625,320
"UMass-AR6_pooled","54",0.786265246722287,0.756009164451568,33.4205715403314,0.41741956385831,0.848980523670453,0.764716556572003,49.3935832443655,0.635133282552214,0.465625,0.871875,320
"UMass-AR6_pooled","55",0.764267801030703,0.730245613564063,75.959739522917,0.398091010773462,0.822551633023722,0.763630678715289,103.786877835045,0.591286447313143,0.4125,0.815625,320
"UMass-AR6_pooled","56",0.979561625473699,0.974380267535113,10.4621967424499,0.47539720941108,1.0414126256359,1.02157434150832,15.8644927433711,0.757603691165529,0.503125,0.940625,320
"UMass-WISAR6_fourthroot_adaptive_t","01",0.793400374724314,0.656803507184549,54.7160090491015,0.331724778546425,0.836745132556227,0.730129898957162,77.7392585028116,0.486587517672532,0.446875,0.84375,320
"UMass-WISAR6_fourthroot_adaptive_t","02",0.810099103381159,0.803348649258976,5.99112365416056,0.349974325418212,0.879266632050441,0.819404567731634,9.2410131336307,0.54147017491367,0.609375,0.996875,320
"UMass-WISAR6_fourthroot_adaptive_t","04",0.685043932845925,0.52915803944096,105.39018660774,0.237636177114306,0.752183817349981,0.671506355251555,148.81356048737,0.356143581584831,0.471875,0.9,320
"UMass-WISAR6_fourthroot_adaptive_t","05",0.776143777257737,0.615610265457698,34.9663385634194,0.312227103427287,0.817605574974912,0.691970723409482,51.6935744276004,0.480026230061944,0.44375,0.88125,320
"UMass-WISAR6_fourthroot_adaptive_t","06",0.64580270297687,0.464536790896454,207.716604871961,0.20164084735843,0.670020344062716,0.606286166496296,295.045310987445,0.309144948529294,0.4,0.884375,320
"UMass-WISAR6_fourthroot_adaptive_t","08",0.722954093117258,0.612929338566619,53.940634171468,0.272762610746444,0.805729810337152,0.71193746634317,78.3073198990104,0.417109153821393,0.40625,0.896875,320
"UMass-WISAR6_fourthroot_adaptive_t","09",0.696512124395733,0.617795165948487,45.0717954387917,0.344183950978012,0.774869945068843,0.689574394553934,64.1640536444539,0.510464291130869,0.49375,0.865625,320
"UMass-WISAR6_fourthroot_adaptive_t","10",0.863597979440182,0.850084186781583,17.731611846467,0.437400921508323,0.965132368029348,0.945641480056363,25.8708269277939,0.701289269873152,0.409375,0.909375,320
"UMass-WISAR6_fourthroot_adaptive_t","11",0.675012636153774,0.807450063971103,11.3351745630812,0.448883597923046,0.786756687522109,0.852722765051888,17.4685700010741,0.713932260708031,0.4125,0.9125,320
"UMass-WISAR6_fourthroot_adaptive_t","12",0.672223851636641,0.542253517333607,197.539159104544,0.185087822265802,0.714902937893478,0.670656354499042,275.622181513838,0.273097415094277,0.365625,0.809375,320
"UMass-WISAR6_fourthroot_adaptive_t","13",0.769498003995774,0.598880987294267,114.199997005577,0.314577765693501,0.815349421576036,0.683429673876116,152.655023116889,0.451329851123461,0.36875,0.79375,320
"UMass-WISAR6_fourthroot_adaptive_t","15",0.784218331558202,0.850418157636755,8.09136386070877,0.317487789048717,0.886152478371598,0.874868609517826,12.8579965281369,0.490424407274936,0.46875,0.95,320
"UMass-WISAR6_fourthroot_adaptive_t","16",0.801884203054013,0.698692492673929,21.3551289479435,0.341326585292849,0.88322076160515,0.810363836003233,32.9988178268325,0.541666997357635,0.43125,0.9375,320
"UMass-WISAR6_fourthroot_adaptive_t","17",0.805398954714908,0.645105396012523,143.6855084678,0.325126982037547,0.837896499667452,0.740601661500773,193.60417881115,0.479221437570277,0.353125,0.790625,320
"UMass-WISAR6_fourthroot_adaptive_t","18",0.843868677217659,0.602623119597286,104.593245480106,0.307440180034045,0.858212742058992,0.676266839474292,139.686171428314,0.440346118752535,0.40625,0.775,320
"UMass-WISAR6_fourthroot_adaptive_t","19",0.716880587201058,0.59489828003092,30.0137391663512,0.323365647453664,0.792326939046516,0.629953003915578,44.3970889725822,0.500499805068736,0.5125,0.9125,320
"UMass-WISAR6_fourthroot_adaptive_t","20",0.777436826954538,0.616107856630821,31.4509243553862,0.320081448389236,0.819262176249863,0.664748825707075,44.5285315917605,0.471372758119428,0.496875,0.890625,320
"UMass-WISAR6_fourthroot_adaptive_t","21",0.890270205593231,0.671766995509922,70.1395373097007,0.349413493551944,0.922680636842578,0.791910895187681,98.1956980322475,0.538704904564883,0.39375,0.8625,320
"UMass-WISAR6_fourthroot_adaptive_t","22",0.739248723371194,0.618821537342349,48.1820644714754,0.248132931363714,0.834639586019033,0.764489022499949,72.8287085050993,0.388523563435664,0.4125,0.9,320
"UMass-WISAR6_fourthroot_adaptive_t","23",0.702428555035665,0.682678560415345,15.8071806653458,0.345833822982617,0.803500967703888,0.708255612835017,24.2620761937081,0.524330073062878,0.63125,0.984375,320
"UMass-WISAR6_fourthroot_adaptive_t","24",0.683184410236178,0.628791524648998,60.4348108677731,0.365574740788215,0.774731577363329,0.733307849950584,86.6303154211058,0.550978661929221,0.3375,0.815625,320
"UMass-WISAR6_fourthroot_adaptive_t","25",0.84758324165237,0.642214189073865,121.200180939375,0.35713962778085,0.883977380788386,0.744953668159836,160.740917900376,0.516030219068603,0.337539432176656,0.753943217665615,320
"UMass-WISAR6_fourthroot_adaptive_t","26",0.945411269061696,0.641471639831961,150.237676300829,0.339118904049649,0.948703962942283,0.713633528005582,202.304783195613,0.482191290214454,0.384375,0.75,320
"UMass-WISAR6_fourthroot_adaptive_t","27",0.697803536466431,0.692320448729063,71.6499320474113,0.37275497238999,0.787600535888784,0.778069776510449,99.6966115929207,0.561506128958953,0.375394321766562,0.832807570977918,320
"UMass-WISAR6_fourthroot_adaptive_t","28",0.710474324932751,0.582781351736676,28.8688523016736,0.255116477045341,0.789789866024525,0.716076049058964,44.6098279490844,0.405251451856758,0.390625,0.896875,320
"UMass-WISAR6_fourthroot_adaptive_t","29",0.894578021862224,0.633054454442529,98.1759987792061,0.329862931669313,0.900645651709895,0.7191299767025,130.816488572898,0.480986686932004,0.359375,0.8,320
"UMass-WISAR6_fourthroot_adaptive_t","30",0.724644783844219,0.702419400679407,14.3007562904667,0.377252564052732,0.832952633975347,0.695267601685986,22.4682292346816,0.582016757726078,0.5125,0.95,320
"UMass-WISAR6_fourthroot_adaptive_t","31",0.75136571501183,0.696571834725477,19.62544567014,0.371551754356116,0.847279778049934,0.749096007274901,29.7676018016454,0.585193181792293,0.45625,0.9125,320
"UMass-WISAR6_fourthroot_adaptive_t","32",0.791619859613725,0.696940729185435,22.0569511201237,0.279272851829054,0.848145765768645,0.773099820662381,33.2883179045518,0.421725811887499,0.528125,0.9375,320
"UMass-WISAR6_fourthroot_adaptive_t","33",0.652785977859827,0.684180811553032,17.013515452938,0.36872376179066,0.799355318419994,0.767618019205612,26.17362749568,0.585123503146867,0.496875,0.93125,320
"UMass-WISAR6_fourthroot_adaptive_t","34",0.684952930008396,0.565783134183814,123.469727675101,0.306773800734578,0.74254494571453,0.642576973842396,170.898031470105,0.443656591128682,0.3875,0.828125,320
"UMass-WISAR6_fourthroot_adaptive_t","35",0.727030815962376,0.637638172314019,27.0920310814375,0.296386418496044,0.82036673488804,0.733288770863414,41.6383729222721,0.457531892382437,0.515625,0.9625,320
"UMass-WISAR6_fourthroot_adaptive_t","36",0.764857720050386,0.601708886666976,265.023155423383,0.310642756818458,0.826273461212313,0.726193955247713,354.765968447672,0.446287526548606,0.328125,0.746875,320
"UMass-WISAR6_fourthroot_adaptive_t","37",0.726015579077778,0.608566119900295,169.489321708447,0.377987065266477,0.79037736739524,0.69196754362789,225.183110410733,0.543887270851223,0.396875,0.809375,320
"UMass-WISAR6_fourthroot_adaptive_t","38",0.666216338579042,0.742296913223831,8.74395975411481,0.354409424910827,0.773643757498293,0.767281727357911,13.7663193639221,0.555437896136547,0.5625,0.971875,320
"UMass-WISAR6_fourthroot_adaptive_t","39",0.78897127521152,0.616053286859929,198.501374995335,0.370517218628228,0.823615305563248,0.707240010004636,261.448917229629,0.519910355559751,0.38125,0.709375,320
"UMass-WISAR6_fourthroot_adaptive_t","40",0.710205995370596,0.526878904853114,45.9793867953571,0.296965194071312,0.740514878993615,0.607898105537584,67.1830069070751,0.447361227063241,0.440625,0.89375,320
"UMass-WISAR6_fourthroot_adaptive_t","41",0.760848470900169,0.69327851053369,42.0734685700089,0.345593147200761,0.78881458858461,0.79929136126867,59.0622308332487,0.532476147553937,0.39375,0.8625,320
"UMass-WISAR6_fourthroot_adaptive_t","42",0.781527420981562,0.675393622751042,271.886146660913,0.300829214499639,0.821858540688605,0.787771894834088,355.911474209993,0.421534929001862,0.284375,0.68125,320
"UMass-WISAR6_fourthroot_adaptive_t","44",0.690694652819407,0.747436234134308,14.6470934847259,0.388415026413089,0.853213506274985,0.858449954627265,22.3625985838899,0.61756943130226,0.44375,0.940625,320
"UMass-WISAR6_fourthroot_adaptive_t","45",0.702100537889358,0.569482063837899,76.4374942655274,0.319048903443926,0.763960279476252,0.658197883392884,104.278027805235,0.470927856042788,0.36875,0.8125,320
"UMass-WISAR6_fourthroot_adaptive_t","46",0.718118944453909,0.707923926260765,9.79013695647756,0.374719361680523,0.812447995823289,0.740452853406817,15.4957142836218,0.600637795757909,0.4875,0.953125,320
"UMass-WISAR6_fourthroot_adaptive_t","47",0.804474225807773,0.605888563118131,77.912534783096,0.266134093266769,0.826908845531055,0.692747337212606,107.655791592831,0.388353877547362,0.46875,0.83125,320
"UMass-WISAR6_fourthroot_adaptive_t","48",0.744337744294677,0.594937169675073,240.278032120599,0.283109616925601,0.786474011619882,0.709988436467712,336.042675385998,0.386325760921781,0.321875,0.76875,320
"UMass-WISAR6_fourthroot_adaptive_t","49",0.7314036684915,0.749540787670033,21.3205464311356,0.364184590460568,0.852716486221489,0.859845283890322,31.7465315493185,0.573216258444275,0.41875,0.90625,320
"UMass-WISAR6_fourthroot_adaptive_t","50",0.84113283906358,0.859596931742686,6.28714642385942,0.381571345329916,0.939859222829733,0.849328240199761,9.86494151977809,0.603185115813759,0.54375,0.9625,320
"UMass-WISAR6_fourthroot_adaptive_t","51",0.713290475676866,0.536164620859336,80.5170639752004,0.26147007823874,0.744369921851844,0.647083080576149,109.906832786875,0.382597846924589,0.4375,0.8125,320
"UMass-WISAR6_fourthroot_adaptive_t","53",0.623232199368064,0.514872679942647,34.3913571387898,0.225305312431146,0.647056859922643,0.576457715762921,50.6809952061352,0.337967849617511,0.48125,0.91875,320
"UMass-WISAR6_fourthroot_adaptive_t","54",0.72845063635514,0.630698187055926,32.5466367448934,0.360776918479784,0.784149654358048,0.654911964175412,46.7382338427305,0.561415754192389,0.446875,0.915625,320
"UMass-WISAR6_fourthroot_adaptive_t","55",0.694388062673865,0.597305243068938,69.7106445681632,0.333506642298939,0.779593698941945,0.643503709502289,99.4379424852067,0.512513941617973,0.396875,0.85625,320
"UMass-WISAR6_fourthroot_adaptive_t","56",0.790790274568858,0.781478297625984,8.30785194799121,0.384760466011503,0.848511349295548,0.794468171071515,12.8303553873158,0.597203713925081,0.559375,0.96875,320
"UMass-chronos_small","01",1.14504392525896,1.00733019344987,73.7187721295267,0.432494229359262,1.05582681344986,1.01352932001845,91.6368029323908,0.58491076629012,0.230769230769231,0.615384615384615,208
"UMass-chronos_small","02",0.987583401984471,1.00643066090571,6.71247674248031,0.403697165962818,0.97608922526436,1.00788643945625,9.57601224845992,0.61275114093324,0.432692307692308,0.783653846153846,208
"UMass-chronos_small","04",1.29870480904211,1.15929165542813,278.246816104873,0.555787548623323,1.1664078161131,1.22503284366348,309.449620476136,0.667508284424864,0.221153846153846,0.538461538461538,208
"UMass-chronos_small","05",1.12266325501958,1.07901616147099,56.4421792663939,0.548772808098867,0.98147301084474,1.07832587845727,67.5958023151526,0.728649015698665,0.144230769230769,0.451923076923077,208
"UMass-chronos_small","06",1.02881399371689,1.06734150302764,400.525651411434,0.501046847959766,0.936611982469937,1.22377916726807,490.853561593936,0.668066530542958,0.105769230769231,0.432692307692308,208
"UMass-chronos_small","08",1.0098435117419,1.05357184677138,72.5496035156904,0.44733722982636,1.02029933111631,1.07715161948001,91.9416114114798,0.60020241810789,0.201923076923077,0.572115384615385,208
"UMass-chronos_small","09",1.09083244118818,1.14020415609611,51.1187832615707,0.553515895429241,1.10157953752158,1.18775693269538,68.2325696039658,0.766935253192286,0.153846153846154,0.552884615384615,208
"UMass-chronos_small","10",0.996192700023175,1.25870410477207,18.6787060611486,0.60370603344109,1.13299539431173,1.33629101969458,27.2946243039749,0.906936131505475,0.403846153846154,0.745192307692308,208
"UMass-chronos_small","11",1.07443988953872,1.10027862840478,21.9353027185384,0.605184368723054,1.10107193984138,1.1020088068591,28.6708029589459,0.881588717284274,0.283653846153846,0.677884615384615,208
"UMass-chronos_small","12",1.15865659183735,1.0632337914735,327.881593086571,0.355205429613703,1.06074115748885,1.14629457932649,389.367674222359,0.458549479800252,0.139423076923077,0.355769230769231,208
"UMass-chronos_small","13",1.04952474998271,1.02488870422489,148.527402498961,0.527524850772608,1.03147404088422,1.05565694360865,179.337050215556,0.67405908398637,0.235576923076923,0.528846153846154,208
"UMass-chronos_small","15",0.998823833021172,1.33541527449068,10.2298474019513,0.440251339984043,0.99090204088158,1.30953981111056,14.0382829102186,0.640737355722143,0.3125,0.706730769230769,208
"UMass-chronos_small","16",1.27022515675453,1.3111336346198,37.0111288108999,0.700581319070509,1.1430241405394,1.36066573832431,45.6673117261848,0.973486116101691,0.1875,0.581730769230769,208
"UMass-chronos_small","17",0.999018408485317,1.07542912829216,162.669963196582,0.501003876109174,0.948996621340511,1.14730704510298,194.014058709145,0.671577733317304,0.163461538461538,0.447115384615385,208
"UMass-chronos_small","18",1.03274812342288,0.810777301564368,143.676810140137,0.410827967577544,1.01054315673725,0.86042674665879,179.896449263279,0.55856326386705,0.206730769230769,0.504807692307692,208
"UMass-chronos_small","19",1.02469885404364,0.865768564111362,44.3103318213686,0.492598333657285,0.971604618690178,0.835557147505241,55.4787742019846,0.675995789315315,0.182692307692308,0.509615384615385,208
"UMass-chronos_small","20",1.00196292428167,0.964368884404689,44.1238893345595,0.536784736331647,1.0409988345868,1.00162216717025,59.5583646194293,0.736672821976926,0.240384615384615,0.5625,208
"UMass-chronos_small","21",1.14638757646693,1.04415010755421,101.394537047985,0.531084591224722,1.15208729664434,1.1017577184779,133.321903152535,0.713215463048396,0.197115384615385,0.514423076923077,208
"UMass-chronos_small","22",1.19671720770524,1.11441326350827,75.242655578018,0.436340261775039,1.10190395342652,1.13083875186552,91.3246886810431,0.564153916623435,0.182692307692308,0.432692307692308,208
"UMass-chronos_small","23",1.14473541131078,1.18332482785136,25.104812114972,0.619543835350641,1.09546333881271,1.17437713596177,31.2731435203133,0.880512388716638,0.298076923076923,0.629807692307692,208
"UMass-chronos_small","24",1.09149986531282,1.18051975442539,99.1591067907572,0.642484892619842,1.06324354953105,1.24443157769409,117.703799313078,0.851606027368546,0.134615384615385,0.399038461538462,208
"UMass-chronos_small","25",1.03544985608181,0.992131621359585,147.803420866752,0.514518971789878,0.977207583466794,0.986527019582489,173.151496059139,0.628865680842751,0.24390243902439,0.507317073170732,208
"UMass-chronos_small","26",1.22423694014473,1.06907895800005,205.322466100252,0.581808791354536,1.0998519187194,1.08188139761251,241.924407738906,0.745437910868784,0.120192307692308,0.375,208
"UMass-chronos_small","27",0.872832458288581,1.10076078427806,82.9214795062813,0.592618284438477,0.84125186698544,1.10529737438891,94.7933391163989,0.781338964386438,0.2,0.468292682926829,208
"UMass-chronos_small","28",1.17919615349267,1.02416492586378,50.7157595080359,0.41511303469793,1.09180227756434,1.07014201516044,63.4482609583781,0.553233543841416,0.278846153846154,0.610576923076923,208
"UMass-chronos_small","29",1.19430069353756,1.18778111736082,139.622346849379,0.625990519649138,1.11207493535653,1.21371976934265,169.260159458679,0.816257575445411,0.120192307692308,0.360576923076923,208
"UMass-chronos_small","30",1.08797822585537,1.10213048519422,23.0347732961888,0.640163801612939,1.06490239253517,1.06356819517775,29.7989401334467,0.936728603821824,0.298076923076923,0.653846153846154,208
"UMass-chronos_small","31",1.02064215272975,0.962002273136183,29.311002779263,0.546204736722216,1.05063743303184,0.98638116359552,39.000709797983,0.782745574006155,0.201923076923077,0.658653846153846,208
"UMass-chronos_small","32",1.40859460993468,1.32085733989553,36.9017036174753,0.496429727779286,1.23864289481157,1.33557703782914,44.8966168004733,0.678710753195035,0.225961538461538,0.572115384615385,208
"UMass-chronos_small","33",0.719040264506219,0.955160333863974,18.8460216272563,0.531675972902775,0.823402780752789,1.00916255395681,26.3274252921916,0.769988340567092,0.394230769230769,0.697115384615385,208
"UMass-chronos_small","34",0.995584872234064,0.928197644064967,167.665842434882,0.518886118327151,1.00169341768042,0.920108613124614,210.08022577029,0.64523816908809,0.235576923076923,0.519230769230769,208
"UMass-chronos_small","35",1.28692849606519,1.23405405881239,42.3699548849253,0.536641456641699,1.15820930330255,1.26003060128762,51.7766255862438,0.732545361891994,0.206730769230769,0.5,208
"UMass-chronos_small","36",0.871399874065908,0.897083249714046,249.67219282774,0.421078091453093,0.90149840318645,1.04516453281018,319.320899990889,0.590587701622976,0.168269230769231,0.5625,208
"UMass-chronos_small","37",1.0236878744361,1.04895962168306,196.757291390921,0.659577347804019,1.01216590502158,1.09761640448108,236.349934079326,0.859947562465797,0.1875,0.447115384615385,208
"UMass-chronos_small","38",1.00151916850772,1.02831980513994,10.8734401731073,0.489280536564685,1.01544403738556,1.02727980037763,14.8839963763379,0.738000559497783,0.322115384615385,0.730769230769231,208
"UMass-chronos_small","39",1.02176591045319,0.938559400621787,270.715411363514,0.551043561118313,0.981497506810648,0.97032777512501,316.489678793229,0.684883198691025,0.225961538461538,0.370192307692308,208
"UMass-chronos_small","40",1.21938117416016,1.06702615951344,97.6855526357597,0.59878293080125,1.04741536860382,1.12429092956362,116.159924936982,0.802386841575546,0.197115384615385,0.480769230769231,208
"UMass-chronos_small","41",0.993917596028455,1.15344474815611,58.9603693844286,0.516033714816346,0.941881086508088,1.20951165082888,73.7492844783343,0.694078168930752,0.293269230769231,0.639423076923077,208
"UMass-chronos_small","42",1.00912402538468,1.04345859814832,347.108458321119,0.465524371165611,1.01955530902074,1.1245059059776,412.544955070202,0.592314312411613,0.168269230769231,0.394230769230769,208
"UMass-chronos_small","44",1.01785723015333,1.20903351332385,16.3627100635816,0.606224510637927,1.06986102959936,1.28152822440364,21.2100356454665,0.894071312353977,0.360576923076923,0.692307692307692,208
"UMass-chronos_small","45",1.17456850116422,0.989638981371835,122.140236063867,0.4756243010474,1.14816309024703,1.01304451006508,147.119773575893,0.613698522164739,0.245192307692308,0.567307692307692,208
"UMass-chronos_small","46",1.16072261697221,1.02736428987947,17.3600389085933,0.588518398818387,1.06696787135374,1.00674815928196,22.3757352434285,0.87801664780581,0.298076923076923,0.6875,208
"UMass-chronos_small","47",1.19621356161392,1.06452672405709,116.950222559808,0.495815771025988,1.09174821848956,1.07484464236953,139.022935411105,0.626710428545079,0.225961538461538,0.504807692307692,208
"UMass-chronos_small","48",0.986945963425604,0.866272455510506,366.775810238855,0.476340562689201,0.94242684472523,0.993737319574205,446.652403363815,0.60723465789026,0.163461538461538,0.528846153846154,208
"UMass-chronos_small","49",1.00653070553678,1.2062542778333,29.2992908128712,0.52759196850029,0.976235843410616,1.26957791031118,34.4092467524684,0.744704654015492,0.25,0.673076923076923,208
"UMass-chronos_small","50",1.14111184770524,0.981737966072929,9.18061960718027,0.444736866678098,1.10001065749222,0.95402337826101,12.2699279342801,0.687245272721778,0.418269230769231,0.778846153846154,208
"UMass-chronos_small","51",1.02660160627493,0.967152643687611,113.658918254381,0.438698733829653,0.986070771735919,1.03307587358714,137.3046614436,0.558220308039112,0.221153846153846,0.509615384615385,208
"UMass-chronos_small","53",0.998520983904056,0.831389065322376,61.1422826509539,0.387081792386534,0.905823897972113,0.856845678409208,76.8135017890197,0.522428071237809,0.264423076923077,0.620192307692308,208
"UMass-chronos_small","54",0.976274202524006,0.915883329027674,51.2462330496954,0.552149321781051,0.911139308222382,0.856587738540104,62.4268269127665,0.75444589052208,0.211538461538462,0.543269230769231,208
"UMass-chronos_small","55",1.08528558933051,1.07764846026552,92.0327019643284,0.607763756118633,1.00804788518748,1.01449037606255,107.861988074504,0.804139498680195,0.134615384615385,0.408653846153846,208
"UMass-chronos_small","56",1.23094969813094,1.29386435349242,15.3713807881774,0.649376889252169,1.25215828343611,1.32548239509277,21.7554864998047,0.990297181127718,0.288461538461538,0.745192307692308,208
"UMass-flusion","01",0.730002136472223,0.682439833042559,46.8660743475458,0.292745692336009,0.782945999731948,0.778298511279001,67.8499453697584,0.449017621154464,0.442307692307692,0.932692307692308,208
"UMass-flusion","02",0.894097519463332,0.879312117963218,6.11131599792882,0.353887068199235,0.965103889845975,0.937657654116173,9.49522349425367,0.57012820298512,0.456730769230769,0.956730769230769,208
"UMass-flusion","04",0.766676064250124,0.577422113844578,162.878674176189,0.271016685849786,0.842725757676499,0.745755711116106,221.825000620907,0.397902833174237,0.475961538461538,0.860576923076923,208
"UMass-flusion","05",0.711585483715706,0.634350352935391,35.8117403433891,0.324813085809627,0.785263321286296,0.750499800380792,54.2078133817128,0.510857158349673,0.375,0.879807692307692,208
"UMass-flusion","06",0.641710126412735,0.476202787713427,247.732628980184,0.220957749168617,0.680426506282885,0.597421229081812,353.998797622339,0.322163798657464,0.504807692307692,0.903846153846154,208
"UMass-flusion","08",0.64119014251598,0.580466818676245,45.6165554851313,0.243019148494337,0.722397475011971,0.657083279449568,64.6248348559847,0.361846819749375,0.485576923076923,0.903846153846154,208
"UMass-flusion","09",0.638739979820935,0.605993097035327,29.8480056385117,0.292459649305955,0.731902941838723,0.701047725787859,45.2433544735898,0.450277467000102,0.490384615384615,0.932692307692308,208
"UMass-flusion","10",0.834743603891481,0.796125179821895,15.5722127162857,0.375372772930027,0.902429362924933,0.867779521406848,21.662434105406,0.580384302984511,0.543269230769231,0.884615384615385,208
"UMass-flusion","11",0.705653273223417,0.792670295486045,14.4063973209585,0.433744016027048,0.801709041201291,0.860722501444226,20.8898269967971,0.685418929642641,0.350961538461538,0.836538461538462,208
"UMass-flusion","12",0.641592711282211,0.536876037307827,180.425826283589,0.178036175915631,0.721426411100106,0.669462386027887,262.880229281799,0.265425824137705,0.451923076923077,0.865384615384615,208
"UMass-flusion","13",0.687121562550912,0.602778712871197,96.9213032850193,0.308911703847943,0.769108778227533,0.699692697624764,133.113929866593,0.445881847322714,0.427884615384615,0.846153846153846,208
"UMass-flusion","15",0.79883662751379,0.918688930255809,8.19007438839479,0.302139338026626,0.891939621810976,0.966258948013893,12.6354184706856,0.471019844702733,0.461538461538462,0.951923076923077,208
"UMass-flusion","16",0.792725567010174,0.745911420469725,22.9337011658617,0.396256414416291,0.867433686369996,0.874883759076195,34.444575000674,0.623586279599514,0.394230769230769,0.884615384615385,208
"UMass-flusion","17",0.682650194503535,0.577412635739584,110.487994078577,0.267620224704172,0.753238217930994,0.660466987109151,153.169429757873,0.385682841041865,0.5,0.879807692307692,208
"UMass-flusion","18",0.705226083221082,0.537414759027239,97.6570423384739,0.270325408993292,0.779285559814702,0.610217744263511,138.361718226709,0.394000273943353,0.466346153846154,0.879807692307692,208
"UMass-flusion","19",0.62484542027314,0.557189004945858,26.9923406517898,0.315317321326473,0.698050834585267,0.584967393791205,39.8629610879081,0.470514590844874,0.5,0.903846153846154,208
"UMass-flusion","20",0.714534761842435,0.589222849238968,31.2564348896078,0.324106382975129,0.76868873900224,0.673906812814915,43.8697750740191,0.492038638772025,0.432692307692308,0.870192307692308,208
"UMass-flusion","21",0.801607324099393,0.670080817907401,70.4701904032952,0.338460497447601,0.832657321061182,0.806860005215673,96.1910802468315,0.521322167388643,0.394230769230769,0.899038461538462,208
"UMass-flusion","22",0.702431301606522,0.624823864728784,44.0449947404488,0.245613108820034,0.789853972775617,0.758816855411464,65.4295184537769,0.380770996493222,0.394230769230769,0.889423076923077,208
"UMass-flusion","23",0.664596042524912,0.646178585442048,14.5503844652183,0.336205643072122,0.765550603336511,0.687657125670754,21.7572936609883,0.51147665818806,0.524038461538462,0.913461538461538,208
"UMass-flusion","24",0.59314482884657,0.590189694438282,53.7520447622354,0.320759263979299,0.700439432720206,0.715076895613626,77.4915587889244,0.489967682549824,0.389423076923077,0.846153846153846,208
"UMass-flusion","25",0.671140862993738,0.527819371141309,95.2875147752214,0.270117133370039,0.797886195717497,0.656520178435969,140.803874356489,0.412871305570612,0.365853658536585,0.858536585365854,208
"UMass-flusion","26",0.736289047725411,0.531209551086954,122.307065536661,0.284895098443751,0.819624506649606,0.638705166576583,178.782696577435,0.435043994526776,0.389423076923077,0.817307692307692,208
"UMass-flusion","27",0.58494556283274,0.556395919901949,55.2798954967617,0.297538337190907,0.673845199457129,0.60349397450377,75.525582112309,0.424294566181856,0.48780487804878,0.907317073170732,208
"UMass-flusion","28",0.708618338256951,0.599173773441117,30.429040807521,0.242505413236809,0.773760553731622,0.696748905307329,44.9708223898268,0.359578245031046,0.495192307692308,0.918269230769231,208
"UMass-flusion","29",0.836823585238834,0.621639203502313,97.0118489275597,0.32590152455067,0.887604077314022,0.7278921749487,134.191644204066,0.487772428974427,0.394230769230769,0.855769230769231,208
"UMass-flusion","30",0.724811969209099,0.696630974105641,15.2325216797125,0.399699299113826,0.807680770024226,0.707496719941373,22.4476853201107,0.61567833605451,0.423076923076923,0.841346153846154,208
"UMass-flusion","31",0.687554920767471,0.671533760433121,19.7665344716249,0.382643692306393,0.77454533316807,0.736951067989452,28.8200499280323,0.587997720391557,0.375,0.894230769230769,208
"UMass-flusion","32",0.786456507825564,0.687466097462032,20.4907944515984,0.258566385414536,0.820089151553187,0.747476262104144,29.543865142403,0.380345019635774,0.567307692307692,0.918269230769231,208
"UMass-flusion","33",0.777184099193856,0.70611177003495,20.243987225754,0.390155455734469,0.908011192757692,0.783506155315126,28.8408167663461,0.593899235683085,0.485576923076923,0.879807692307692,208
"UMass-flusion","34",0.585820496179318,0.563214143294733,98.1628403494293,0.308586719182752,0.68679486541027,0.659859262079642,143.954274842421,0.456039517811015,0.4375,0.889423076923077,208
"UMass-flusion","35",0.760431989742153,0.678836257337654,24.8184704488692,0.291967124693525,0.878823144743411,0.810056469778175,39.0052713786418,0.464914306412138,0.4375,0.908653846153846,208
"UMass-flusion","36",0.557655329250599,0.491046201988236,158.218647633829,0.228258999789296,0.642717929143208,0.607023382675374,226.208100744634,0.341857627506723,0.451923076923077,0.908653846153846,208
"UMass-flusion","37",0.614947273681343,0.573957798420958,117.962452865004,0.359658559487001,0.720576659902223,0.686972842266264,168.164264240392,0.539640204693448,0.384615384615385,0.817307692307692,208
"UMass-flusion","38",0.63417486531051,0.677310513724964,6.85215094913476,0.320438118959244,0.706125077835638,0.68327144721254,10.2741401155659,0.487606753029231,0.567307692307692,0.951923076923077,208
"UMass-flusion","39",0.635369684903112,0.552645839974225,167.643612824432,0.321342019436211,0.769078927511338,0.679591875006137,247.236382749964,0.476826938617879,0.389423076923077,0.860576923076923,208
"UMass-flusion","40",0.679969145217518,0.555468021215479,54.0301467474646,0.31063455706578,0.723200382302921,0.675515565759117,79.7839041063194,0.481792032801613,0.461538461538462,0.903846153846154,208
"UMass-flusion","41",0.757026037033714,0.691938062210389,44.7364723500777,0.305627151232437,0.788179190234123,0.779253433775929,61.5178401967973,0.441855711766615,0.519230769230769,0.908653846153846,208
"UMass-flusion","42",0.623927749009104,0.588800858153999,214.107480345568,0.261329300098948,0.7369895714545,0.726709045500675,297.980551671091,0.381766568099022,0.423076923076923,0.870192307692308,208
"UMass-flusion","44",0.672524901585315,0.713490096580187,10.781908932241,0.351879167954885,0.80565959359156,0.806781597875307,15.9209009949701,0.554034975739379,0.475961538461538,0.899038461538462,208
"UMass-flusion","45",0.645345664441049,0.584313122039883,66.8511733241738,0.278915011275885,0.749001022113129,0.680715289736027,95.6154601428549,0.409490592478286,0.447115384615385,0.826923076923077,208
"UMass-flusion","46",0.709154296334999,0.680593653667011,10.6785261247454,0.391957693910191,0.795505719541988,0.731250400307848,16.7348896469148,0.640223344370705,0.389423076923077,0.9375,208
"UMass-flusion","47",0.726367150674699,0.550176625313504,70.4226087177401,0.253115335591233,0.789952973508839,0.655465705429415,100.012986729763,0.378616881574901,0.495192307692308,0.899038461538462,208
"UMass-flusion","48",0.622593236276839,0.557868483677958,230.38979381124,0.309551284835026,0.695449492291859,0.654154592943049,327.876487781778,0.40207727164844,0.490384615384615,0.807692307692308,208
"UMass-flusion","49",0.701377073907923,0.724962120126731,20.3795714393231,0.316102951534199,0.782992293123602,0.815989527749692,27.5408814374293,0.477053439510931,0.519230769230769,0.894230769230769,208
"UMass-flusion","50",0.747129508158001,0.736431172980815,6.02039533642119,0.330633868352446,0.81036368966361,0.718885056504346,9.02741841138802,0.511434298070385,0.509615384615385,0.918269230769231,208
"UMass-flusion","51",0.648687607324582,0.557461957913355,71.6258843824524,0.251129084631011,0.748288336439298,0.710748461902724,103.984461388353,0.381606000943374,0.408653846153846,0.855769230769231,208
"UMass-flusion","53",0.730300515716163,0.575836719293586,44.7305645346417,0.268009039339844,0.745469569742607,0.620288834137062,63.1724672267587,0.377495736315448,0.567307692307692,0.923076923076923,208
"UMass-flusion","54",0.662956225448125,0.595765958890491,34.6849309366838,0.356036062073669,0.733183406366345,0.621273517986996,50.119588777742,0.543034001596272,0.442307692307692,0.875,208
"UMass-flusion","55",0.607293788518012,0.532371425662388,51.1768887239036,0.296763994509713,0.720787339951669,0.580858286039115,76.6208862006158,0.455874283433298,0.432692307692308,0.894230769230769,208
"UMass-flusion","56",0.883275243544731,0.829338250250469,10.9684370237723,0.412628167829816,0.945884893434026,0.872654899135918,16.3561584530578,0.646391312264369,0.427884615384615,0.903846153846154,208
"UMass-flusion_spatial2_prod","01",0.686868943892502,0.622197525994959,43.9321614651145,0.265812005052344,0.750918320257207,0.707371134911588,64.8444081387503,0.406724227860416,0.346153846153846,0.913461538461538,208
"UMass-flusion_spatial2_prod","02",0.844283778474097,0.792169028832481,5.77042425374285,0.319564589765078,0.923405416096625,0.821892916356875,9.09120589202363,0.501158845878471,0.394230769230769,0.903846153846154,208
"UMass-flusion_spatial2_prod","04",0.697675716886056,0.534810254180972,148.101301841233,0.250972090378762,0.772070778870191,0.690406122334564,203.0462311737,0.368679523049661,0.375,0.846153846153846,208
"UMass-flusion_spatial2_prod","05",0.699055504634205,0.540024287920628,35.2075704819021,0.276680733421722,0.781267769522311,0.649749283476396,54.0012006392574,0.443190780739476,0.3125,0.927884615384615,208
"UMass-flusion_spatial2_prod","06",0.686595021569346,0.455992786519179,264.445097767979,0.210946351049864,0.736523003098255,0.579045424973089,381.745275486541,0.310895584323386,0.399038461538462,0.923076923076923,208
"UMass-flusion_spatial2_prod","08",0.58433812046794,0.547452765428967,41.5610586863632,0.2300344980939,0.668167344335619,0.616553507495652,59.6865741247727,0.339879630743147,0.475961538461538,0.908653846153846,208
"UMass-flusion_spatial2_prod","09",0.625074626838886,0.549442058234226,29.2505846491269,0.266379678484379,0.730515177347224,0.649440403855757,45.2051366597684,0.419244999155806,0.341346153846154,0.9375,208
"UMass-flusion_spatial2_prod","10",0.779715495115165,0.687969642875453,14.5203411148215,0.323047959843294,0.847230123492703,0.74134167802766,20.2975455006386,0.493592842803759,0.4375,0.870192307692308,208
"UMass-flusion_spatial2_prod","11",0.672594910727793,0.715536880361757,13.7070475641608,0.391163649658467,0.741927181937599,0.751758691048763,19.3033325611545,0.598505181264066,0.274038461538462,0.826923076923077,208
"UMass-flusion_spatial2_prod","12",0.653892091986312,0.541422306450796,183.630681976029,0.179511937882693,0.753828495463809,0.683473421049037,274.314244268918,0.270964462916297,0.331730769230769,0.884615384615385,208
"UMass-flusion_spatial2_prod","13",0.665536841560361,0.556320607375843,93.7106327756098,0.285182114734662,0.783036388681672,0.653456926950627,135.321731723453,0.415831529252968,0.355769230769231,0.807692307692308,208
"UMass-flusion_spatial2_prod","15",0.796935971310546,0.828711595130833,8.14737304875948,0.271238234812663,0.836344954751399,0.843156516336331,11.8279144794702,0.409627308295266,0.418269230769231,0.894230769230769,208
"UMass-flusion_spatial2_prod","16",0.671559556974558,0.611447734331822,19.3808282295272,0.32398997868366,0.73505249874245,0.714874871011423,29.086306457343,0.508221052279131,0.384615384615385,0.913461538461538,208
"UMass-flusion_spatial2_prod","17",0.719000067180029,0.587645980059409,116.26086881406,0.272359747709333,0.79890561070715,0.676201447183271,162.090919472643,0.393918896245977,0.370192307692308,0.860576923076923,208
"UMass-flusion_spatial2_prod","18",0.682299632756838,0.522119081761369,94.5634504751048,0.263472192280806,0.74693430936973,0.594156489067284,132.682039417204,0.385105788306779,0.394230769230769,0.899038461538462,208
"UMass-flusion_spatial2_prod","19",0.640690921661797,0.543599564277813,27.7195079462092,0.308865043864642,0.727770876169617,0.5888738620603,41.5957341193826,0.476119370547852,0.355769230769231,0.884615384615385,208
"UMass-flusion_spatial2_prod","20",0.667524541765316,0.548034214840527,29.1817395031273,0.300661780308766,0.721959073472244,0.622971286505344,41.1547376209498,0.45345503128242,0.365384615384615,0.875,208
"UMass-flusion_spatial2_prod","21",0.745739519988217,0.611570300547497,65.5231769985956,0.308497928657998,0.786023643966806,0.715316447076019,90.6765122482774,0.46109689535615,0.399038461538462,0.884615384615385,208
"UMass-flusion_spatial2_prod","22",0.638200546216031,0.562480502810369,39.9284612367209,0.220836288372231,0.733417627275845,0.691282413125223,60.5929175986456,0.346172586182869,0.302884615384615,0.923076923076923,208
"UMass-flusion_spatial2_prod","23",0.622719419150094,0.546531024646585,13.6455973134982,0.284911538654261,0.712789415345032,0.58482572497749,20.2666511711564,0.43531979179634,0.475961538461538,0.908653846153846,208
"UMass-flusion_spatial2_prod","24",0.554963909516934,0.537415803652834,50.1434584697377,0.291954698093418,0.654430685443895,0.654864754786429,72.1390785116628,0.448370659574824,0.384615384615385,0.860576923076923,208
"UMass-flusion_spatial2_prod","25",0.643895250235238,0.465684947256256,91.2104373155006,0.237974690517432,0.777919836998306,0.59197310135175,136.997739999008,0.371986818095557,0.317073170731707,0.902439024390244,208
"UMass-flusion_spatial2_prod","26",0.72111907433497,0.487976918819796,119.918938794325,0.2625435431868,0.802506732075201,0.587817524373533,174.991444441923,0.401086692027299,0.399038461538462,0.850961538461538,208
"UMass-flusion_spatial2_prod","27",0.567312219424025,0.554935810204882,53.582070531793,0.296071224654992,0.665808595475993,0.607186280729067,74.5177400618208,0.425430429674027,0.448780487804878,0.897560975609756,208
"UMass-flusion_spatial2_prod","28",0.619763450665095,0.497108621661454,26.5079970685306,0.200780721842654,0.685525174449284,0.597332623748867,39.6574960983745,0.307469902271099,0.423076923076923,0.923076923076923,208
"UMass-flusion_spatial2_prod","29",0.780869627843493,0.553023074041534,90.6396194793292,0.29033097483177,0.821342953474919,0.636249019671021,124.203162566154,0.426639428824733,0.360576923076923,0.855769230769231,208
"UMass-flusion_spatial2_prod","30",0.67690859494906,0.613085976758863,14.2200397583466,0.352304499048854,0.772003932243551,0.632530061380209,21.4647321200699,0.551252354088963,0.317307692307692,0.865384615384615,208
"UMass-flusion_spatial2_prod","31",0.665975853545767,0.594083670417023,19.1174549975398,0.338169497580232,0.729108364423032,0.630210933195329,27.0651657783032,0.502200148094313,0.346153846153846,0.831730769230769,208
"UMass-flusion_spatial2_prod","32",0.688867108106999,0.60697282603802,17.939384234979,0.228806919297202,0.738337757258419,0.670586660091586,26.5124845515683,0.340830826834523,0.413461538461538,0.932692307692308,208
"UMass-flusion_spatial2_prod","33",0.638817663290182,0.585416511796003,16.6491453693025,0.323311044263455,0.745561850845752,0.642616039388763,23.7022236532004,0.486604562418896,0.456730769230769,0.879807692307692,208
"UMass-flusion_spatial2_prod","34",0.57726307729693,0.484598612144614,96.4307268545505,0.265312278212898,0.685773060447797,0.580306270337227,143.102844393845,0.400036611596391,0.341346153846154,0.894230769230769,208
"UMass-flusion_spatial2_prod","35",0.615095715145125,0.54871488581707,20.0584902336665,0.235900912819675,0.696966993974807,0.63831716162394,30.8750758141214,0.366061864116268,0.399038461538462,0.927884615384615,208
"UMass-flusion_spatial2_prod","36",0.585804568231261,0.510768352322222,166.15716029007,0.237492337044421,0.70113954786538,0.638698214253691,246.13724458621,0.358985280597515,0.346153846153846,0.889423076923077,208
"UMass-flusion_spatial2_prod","37",0.597442576215096,0.530057783415635,114.145570408926,0.332079059498379,0.71744073700631,0.648732943288809,166.721901529034,0.508487111693987,0.331730769230769,0.8125,208
"UMass-flusion_spatial2_prod","38",0.588547797242147,0.582253900147115,6.34391468914539,0.276091574199195,0.685145629443002,0.600306166825844,9.94118026661184,0.428853942131343,0.456730769230769,0.942307692307692,208
"UMass-flusion_spatial2_prod","39",0.674631754574344,0.524015565162721,177.800523918844,0.304561033112709,0.777354631491817,0.63035941385625,249.595830772106,0.441045250639174,0.331730769230769,0.850961538461538,208
"UMass-flusion_spatial2_prod","40",0.68334269512139,0.511884846952132,54.3923094417396,0.286302119588699,0.752612508410368,0.632133850894232,83.1720966981259,0.450903017618388,0.370192307692308,0.913461538461538,208
"UMass-flusion_spatial2_prod","41",0.685394432678726,0.590545779909156,40.5051861312887,0.261184142213222,0.716606852577846,0.67399006315166,55.8881620043794,0.382338983639166,0.490384615384615,0.899038461538462,208
"UMass-flusion_spatial2_prod","42",0.647916896547331,0.549617690470247,221.965795807554,0.243631842664634,0.76322452550493,0.686527961484057,307.857711076063,0.359837971934129,0.375,0.865384615384615,208
"UMass-flusion_spatial2_prod","44",0.661945562881849,0.631638545097342,10.5817551412075,0.310378777646105,0.778712832506906,0.69835309418088,15.3450861966175,0.47808480935101,0.427884615384615,0.855769230769231,208
"UMass-flusion_spatial2_prod","45",0.594730071948864,0.510836115549505,61.3319978076852,0.242931955092387,0.715154668710701,0.613681370182308,90.8930895823961,0.367873905929688,0.355769230769231,0.879807692307692,208
"UMass-flusion_spatial2_prod","46",0.657346327352,0.589726094683988,9.88276807494196,0.339516428521648,0.712623787231422,0.608604606979509,14.9639209589781,0.532488940108663,0.384615384615385,0.870192307692308,208
"UMass-flusion_spatial2_prod","47",0.648410935942461,0.469514987816879,62.6954243989135,0.215377075915744,0.720990583453245,0.560107678103297,90.8404536126579,0.321604981223936,0.4375,0.913461538461538,208
"UMass-flusion_spatial2_prod","48",0.581322607967157,0.525878638476866,214.945883360887,0.291915415621286,0.665826701245695,0.628526578914588,313.186785439506,0.385521957280471,0.394230769230769,0.870192307692308,208
"UMass-flusion_spatial2_prod","49",0.641525676185214,0.634193639506568,18.6051815656189,0.275310324803791,0.721177174300718,0.726198703814849,25.3094893186966,0.422092896468446,0.418269230769231,0.913461538461538,208
"UMass-flusion_spatial2_prod","50",0.698565491532257,0.636613428770325,5.62056964700816,0.286085017691652,0.737368829532608,0.613430463153528,8.20987839148278,0.437339798413422,0.4375,0.908653846153846,208
"UMass-flusion_spatial2_prod","51",0.577485758034733,0.480623026239117,63.4565794435433,0.215708703102783,0.672366954153902,0.613286141033769,92.9827459722551,0.328012286885186,0.355769230769231,0.870192307692308,208
"UMass-flusion_spatial2_prod","53",0.715743951340259,0.518932180074455,43.9146171115831,0.241721419078678,0.75763258262224,0.579228053302979,64.3498590924196,0.352379880033398,0.490384615384615,0.918269230769231,208
"UMass-flusion_spatial2_prod","54",0.632496338187326,0.54370855002931,33.039335798838,0.32438048433242,0.69889022545776,0.574500175098899,47.7085895538609,0.501838572704014,0.399038461538462,0.870192307692308,208
"UMass-flusion_spatial2_prod","55",0.622596329092585,0.496946855601959,52.3790834078112,0.277095258181913,0.740606572469761,0.54599595709339,78.5175551668186,0.428400234190006,0.423076923076923,0.918269230769231,208
"UMass-flusion_spatial2_prod","56",0.794249452913989,0.754159308283552,9.86163397798605,0.375359818044917,0.822589154112496,0.758095893513324,14.2296437888909,0.561962262169471,0.341346153846154,0.8125,208
"UMass-flusion_spatial_mem","01",0.763361112550417,0.685849895849931,79.1416290655216,0.307991620407764,0.830352948337752,0.782930394790495,113.619440820569,0.458293773372721,0.239130434782609,0.847826086956522,92
"UMass-flusion_spatial_mem","02",0.864896563443874,0.76899585220602,8.87381109383738,0.34597072611047,0.943214678848016,0.806792579434291,13.8999040480905,0.546363902922739,0.25,0.869565217391304,92
"UMass-flusion_spatial_mem","04",0.753811910297994,0.602915659599947,270.687604170529,0.340358267772744,0.83619173078121,0.788838061601903,360.5695774226,0.49091812568394,0.206521739130435,0.706521739130435,92
"UMass-flusion_spatial_mem","05",0.751905207226533,0.560743418446547,47.3584676803626,0.283952237882721,0.821343182022567,0.67003852904634,69.0290802022403,0.451686497809966,0.282608695652174,0.880434782608696,92
"UMass-flusion_spatial_mem","06",0.779714984119328,0.491554013574491,513.101253422932,0.262498621081951,0.860026902608122,0.64833998839528,748.367098794806,0.396501790266472,0.206521739130435,0.847826086956522,92
"UMass-flusion_spatial_mem","08",0.634068973404411,0.557275720178305,68.4938630225096,0.257137056795606,0.739353178855958,0.663176825791814,96.9214040343482,0.384727445063501,0.33695652173913,0.869565217391304,92
"UMass-flusion_spatial_mem","09",0.636356987452191,0.535455739008654,41.2790167299,0.283377741978641,0.758125258155757,0.640689782110221,63.6740193673515,0.435956723256511,0.33695652173913,0.891304347826087,92
"UMass-flusion_spatial_mem","10",0.823751507966344,0.793753932561706,27.5017277594812,0.412614299699617,0.892895650415192,0.858455425662435,37.4860372578132,0.614424259548693,0.33695652173913,0.75,92
"UMass-flusion_spatial_mem","11",0.705061700549494,0.75134547287407,25.3389203972565,0.487621133324795,0.764573343499536,0.77407962741392,34.5351246170678,0.715847142910999,0.228260869565217,0.728260869565217,92
"UMass-flusion_spatial_mem","12",0.715497760585747,0.552311728375999,322.57527647242,0.218804560552832,0.847491371083001,0.729743801302054,481.796289777271,0.335713676942274,0.141304347826087,0.847826086956522,92
"UMass-flusion_spatial_mem","13",0.718838285783458,0.551013074005076,136.857751078284,0.309865181654212,0.853849614882077,0.671019020892296,203.227035812998,0.462481342116446,0.217391304347826,0.815217391304348,92
"UMass-flusion_spatial_mem","15",0.837774761839333,0.863221902448024,13.5011620296484,0.273636377106988,0.875618825196185,0.867217466017981,19.0422358029129,0.402334752367892,0.358695652173913,0.83695652173913,92
"UMass-flusion_spatial_mem","16",0.737526380532577,0.692974406703966,31.8344449535573,0.375821044925904,0.811776248811504,0.811867085234717,46.9972886274168,0.579852930385834,0.228260869565217,0.826086956521739,92
"UMass-flusion_spatial_mem","17",0.77549434098242,0.608959811361987,218.253232997462,0.317292685612079,0.881769024224125,0.735187989833669,302.459228923183,0.461650395250289,0.358695652173913,0.782608695652174,92
"UMass-flusion_spatial_mem","18",0.7290262029948,0.555694288871088,159.857589020684,0.317721075076444,0.804773584754745,0.639955083002129,219.001012663984,0.44568436364041,0.358695652173913,0.782608695652174,92
"UMass-flusion_spatial_mem","19",0.65904184333355,0.554489574510983,40.1757172597795,0.32692671791206,0.747332441039575,0.59241456050314,59.1337475692435,0.491136195745296,0.33695652173913,0.847826086956522,92
"UMass-flusion_spatial_mem","20",0.710868599363162,0.609716295536957,49.6310999392123,0.366062592845423,0.763255282600142,0.691303506685913,67.8449733446379,0.532471270980216,0.304347826086957,0.815217391304348,92
"UMass-flusion_spatial_mem","21",0.798961597640527,0.676387828010443,117.254399006647,0.384284981226691,0.839990064327206,0.785596702097298,156.241871731414,0.544926722377461,0.293478260869565,0.771739130434783,92
"UMass-flusion_spatial_mem","22",0.705200641597533,0.589629742153851,68.0389361628637,0.242792665292606,0.810907631900263,0.734348889704496,101.488957146112,0.371972821387934,0.228260869565217,0.858695652173913,92
"UMass-flusion_spatial_mem","23",0.648294116035903,0.553138258415835,20.7464754834427,0.295704055799159,0.756480804628466,0.597476425401267,30.9843079206327,0.445842202498842,0.445652173913043,0.880434782608696,92
"UMass-flusion_spatial_mem","24",0.614417325032371,0.558925113958928,87.9874561879471,0.312384089069022,0.716515418012304,0.673607345477867,121.978079686366,0.45460587524246,0.326086956521739,0.760869565217391,92
"UMass-flusion_spatial_mem","25",0.727297913374767,0.512283149712039,132.026437981508,0.249368002763788,0.864966015003913,0.650321780012538,194.40916303871,0.382706447532673,0.25,0.858695652173913,92
"UMass-flusion_spatial_mem","26",0.771902414634216,0.50564499581613,158.137387958837,0.268724944380036,0.873903505700804,0.625581447744932,235.339393467379,0.41778293645004,0.315217391304348,0.782608695652174,92
"UMass-flusion_spatial_mem","27",0.594824326386146,0.620464217723727,100.678684643451,0.356752027910148,0.710786731347694,0.699293519221332,138.858897128464,0.515431596859097,0.293478260869565,0.815217391304348,92
"UMass-flusion_spatial_mem","28",0.704916591918624,0.545462404083385,43.6528360102116,0.265555001312125,0.777641606119834,0.672207067082733,64.7454383755325,0.405483069454898,0.282608695652174,0.83695652173913,92
"UMass-flusion_spatial_mem","29",0.817358098877261,0.574487789715995,154.416704616048,0.382810445654126,0.878659511652806,0.682118696641774,208.70484228515,0.555117208270964,0.206521739130435,0.739130434782609,92
"UMass-flusion_spatial_mem","30",0.750288442413084,0.672196610749334,20.2181128103562,0.387613936852402,0.827015419953922,0.681321976340309,28.7270297015284,0.581549776426071,0.304347826086957,0.771739130434783,92
"UMass-flusion_spatial_mem","31",0.704934767719132,0.637388511638297,31.113468836218,0.365550443101794,0.771862726633726,0.662703953498508,43.1135514293683,0.521874985894082,0.282608695652174,0.793478260869565,92
"UMass-flusion_spatial_mem","32",0.731560716482414,0.586356330167914,28.9815537641554,0.210847355079652,0.825278194634734,0.687952719938815,43.9786305155122,0.326613305411642,0.347826086956522,0.880434782608696,92
"UMass-flusion_spatial_mem","33",0.65557192877228,0.636160957990732,31.4910487881075,0.396749613862369,0.77428086820728,0.713552366478539,44.3978827211997,0.578056375191658,0.293478260869565,0.717391304347826,92
"UMass-flusion_spatial_mem","34",0.645717183162797,0.528864924079185,169.020343645832,0.365543597367358,0.767487879082201,0.642348364010116,245.607175801759,0.533198415075086,0.217391304347826,0.771739130434783,92
"UMass-flusion_spatial_mem","35",0.663177501563912,0.609270447129816,29.6872693813132,0.279471997078716,0.758850858655195,0.721333968557258,45.3916349378131,0.435894867789452,0.195652173913043,0.83695652173913,92
"UMass-flusion_spatial_mem","36",0.644775101786949,0.540954830655851,268.957130073161,0.252414913546747,0.789873649147976,0.683497341816045,393.887678922709,0.372399445271834,0.271739130434783,0.804347826086957,92
"UMass-flusion_spatial_mem","37",0.656081473793961,0.524647964124371,192.743966698707,0.332721497394521,0.777126243826706,0.646338828961113,275.46390193459,0.49367181664977,0.315217391304348,0.771739130434783,92
"UMass-flusion_spatial_mem","38",0.633814737651686,0.582489076301678,9.39598602839129,0.285094164056564,0.759065577937525,0.614509339475829,15.0608499318336,0.446181629523883,0.369565217391304,0.902173913043478,92
"UMass-flusion_spatial_mem","39",0.725452676051427,0.559865434544469,323.649330207178,0.362974705783008,0.834719847274149,0.67688032113284,442.470274932926,0.496656233575455,0.304347826086957,0.739130434782609,92
"UMass-flusion_spatial_mem","40",0.718547619326879,0.529915928446164,80.8289145597049,0.346822975768726,0.776458020087039,0.667948528486115,117.759295317639,0.541359375192661,0.260869565217391,0.847826086956522,92
"UMass-flusion_spatial_mem","41",0.706982007931712,0.613543528167074,76.6741431310954,0.325880577089616,0.756236261717196,0.72365274995968,105.639141917983,0.471077388562071,0.326086956521739,0.782608695652174,92
"UMass-flusion_spatial_mem","42",0.68707265274174,0.589513454635713,429.935777336675,0.335184447110185,0.812641569267114,0.739854430670473,582.51922383183,0.473528386609442,0.260869565217391,0.728260869565217,92
"UMass-flusion_spatial_mem","44",0.719045695503359,0.715901616394579,19.1849769055103,0.377038899178143,0.847147089401819,0.787160044778615,27.3406630174536,0.559310018113621,0.293478260869565,0.739130434782609,92
"UMass-flusion_spatial_mem","45",0.662676000428574,0.56468572428261,105.596239145122,0.347377587344753,0.787420904076045,0.680187469486655,152.834397017116,0.514756579745384,0.217391304347826,0.771739130434783,92
"UMass-flusion_spatial_mem","46",0.671390882887816,0.599230516351043,14.2352011068553,0.363170166389901,0.737295373394117,0.623966117007531,21.6274732451148,0.576395146478898,0.271739130434783,0.858695652173913,92
"UMass-flusion_spatial_mem","47",0.724108702798767,0.526271761891488,113.397444483435,0.295056593236927,0.817130303994633,0.6592144312872,163.221323590453,0.443846630670351,0.228260869565217,0.815217391304348,92
"UMass-flusion_spatial_mem","48",0.648323062917761,0.506165246495769,353.409277463003,0.227392552812039,0.770663341307563,0.664178941400153,524.733733475495,0.350271250002288,0.195652173913043,0.826086956521739,92
"UMass-flusion_spatial_mem","49",0.677698615766923,0.695443526233544,36.6385635401415,0.306441109418114,0.762922626464269,0.801183960461023,48.7454352595473,0.440976589480739,0.282608695652174,0.804347826086957,92
"UMass-flusion_spatial_mem","50",0.750414162675804,0.682804641606377,9.46683879346509,0.331735873153377,0.798161983795214,0.659995336665854,13.7424783094595,0.506077689154455,0.315217391304348,0.83695652173913,92
"UMass-flusion_spatial_mem","51",0.664758748592305,0.534360087360051,99.9970043225178,0.278827045062584,0.772979527450924,0.695502334025845,144.820717618093,0.421468260491569,0.239130434782609,0.804347826086957,92
"UMass-flusion_spatial_mem","53",0.698719914101879,0.512739080314434,75.4604328518366,0.275005045756848,0.741486243604559,0.590761517416495,109.238566040358,0.403212967513701,0.347826086956522,0.858695652173913,92
"UMass-flusion_spatial_mem","54",0.691157358863703,0.631424042727528,54.6881410289453,0.358927531543423,0.76004882785379,0.655192148351648,76.5313258450844,0.53548172712138,0.326086956521739,0.793478260869565,92
"UMass-flusion_spatial_mem","55",0.688143476689874,0.536345918337552,90.9582597380002,0.331471755598162,0.832823967660378,0.598384534942989,135.682924579414,0.505244320823547,0.304347826086957,0.804347826086957,92
"UMass-flusion_spatial_mem","56",0.830623196917638,0.767492445611519,14.2056367797755,0.396182821449296,0.861284878525643,0.779972677972426,20.0083548263361,0.59298625713985,0.326086956521739,0.826086956521739,92
"UMass-gbqr","01",0.805030307843619,0.828795720355532,51.9063596789505,0.358613168588787,0.838375751616069,0.859315324982745,72.9399557859846,0.499337722704542,0.298076923076923,0.725961538461538,208
"UMass-gbqr","02",0.928093953953801,0.906901685702518,6.37215404884307,0.366817746591818,0.94179400177907,0.882310892374377,9.30353268467358,0.538938994093946,0.3125,0.725961538461538,208
"UMass-gbqr","04",0.820278054311879,0.697054564783183,175.012633260611,0.330642635610515,0.886263236584675,0.883527825327627,234.40014012617,0.477670991840574,0.230769230769231,0.730769230769231,208
"UMass-gbqr","05",0.968108681054289,0.830949928993495,49.3846555105909,0.431272841035551,1.00209683309441,0.898361130049186,69.903955986662,0.619363642732698,0.1875,0.634615384615385,208
"UMass-gbqr","06",0.779253289033517,0.604163682000759,301.418515682617,0.281066086525752,0.807250943839193,0.751491649530263,420.966943890122,0.406413376375273,0.307692307692308,0.802884615384615,208
"UMass-gbqr","08",0.747416932041943,0.769637894049553,53.5939185092256,0.327109712261251,0.821621710416348,0.853201352782249,74.1581331713618,0.477171176627578,0.240384615384615,0.740384615384615,208
"UMass-gbqr","09",0.768722009313286,0.727182821271605,36.0133082084602,0.352945195074265,0.836802188010955,0.801685856218587,51.899870470429,0.518700185766752,0.307692307692308,0.754807692307692,208
"UMass-gbqr","10",0.897155869511466,0.88652375861748,16.7431726420669,0.419137288910414,0.952201182345169,0.923821158217445,22.8448870633008,0.619461171594732,0.278846153846154,0.754807692307692,208
"UMass-gbqr","11",0.686595149431983,0.813341023266311,14.0438761972341,0.447042181691198,0.727077307119111,0.783448779542193,18.9544422558909,0.625317037039592,0.259615384615385,0.682692307692308,208
"UMass-gbqr","12",0.773039942225648,0.685237463558714,218.145871392783,0.228730984746687,0.874373074165073,0.854432371012092,320.199591015721,0.34172598779171,0.240384615384615,0.774038461538462,208
"UMass-gbqr","13",0.808874811600056,0.720165680160156,114.48501002619,0.372381119454185,0.896671944568971,0.807976093398149,155.738792166843,0.518421820819988,0.302884615384615,0.730769230769231,208
"UMass-gbqr","15",0.867388386257804,0.954871542866711,8.88141255647478,0.313083055318913,0.870839510945586,0.931698921752037,12.3308436695071,0.452882731060393,0.346153846153846,0.778846153846154,208
"UMass-gbqr","16",0.818358206910405,0.834155756951829,23.8026582196335,0.448235900117316,0.835234600892256,0.880803505834021,33.2959309555064,0.633975260856707,0.283653846153846,0.711538461538462,208
"UMass-gbqr","17",0.844863339133882,0.770566894025783,137.109925671145,0.360464119643447,0.938567253807487,0.8781942506128,191.445784385654,0.517717982935542,0.259615384615385,0.721153846153846,208
"UMass-gbqr","18",0.871510142525496,0.760358959258985,121.769794837089,0.388817222432628,0.981414237609854,0.862615457443589,175.830120239352,0.566816492232521,0.221153846153846,0.634615384615385,208
"UMass-gbqr","19",0.836710261922726,0.773924518763007,36.3595440991058,0.443381458764704,0.901626190334728,0.78426910079521,51.8176982102321,0.640165950005631,0.201923076923077,0.653846153846154,208
"UMass-gbqr","20",0.794864002659508,0.732044706830031,34.9117435733657,0.406195457543832,0.85863813517642,0.790765676172235,49.1407868753234,0.581736581197228,0.259615384615385,0.6875,208
"UMass-gbqr","21",0.889322059760664,0.831339826815112,78.5955233436577,0.423999425930803,0.926841550940227,0.912260610824834,107.533842525729,0.594404163867374,0.240384615384615,0.668269230769231,208
"UMass-gbqr","22",0.738490433355553,0.696802945331261,46.4611065457001,0.275901756777227,0.812185198607982,0.811303787887965,67.4823298879976,0.409568059790783,0.25,0.788461538461538,208
"UMass-gbqr","23",0.763214019180208,0.716915503112545,16.7809753004347,0.37508354987435,0.85156353210107,0.741673253242848,24.3160661727988,0.55489033168233,0.293269230769231,0.783653846153846,208
"UMass-gbqr","24",0.663227436723032,0.721240192554925,60.1596444975584,0.395004936284253,0.746423618199268,0.805589768691757,82.4932726761684,0.55459683937395,0.240384615384615,0.668269230769231,208
"UMass-gbqr","25",0.858055570341598,0.713882804602651,122.580244754389,0.369743746045411,0.954373572074375,0.84324929649692,169.307392638228,0.536688611018836,0.185365853658537,0.668292682926829,208
"UMass-gbqr","26",0.897954849782695,0.691750105283556,150.79705756414,0.377550811388071,0.975483826119391,0.805169968220573,214.616234428491,0.55694603369734,0.240384615384615,0.644230769230769,208
"UMass-gbqr","27",0.705826151532953,0.793731272894933,67.1300732413878,0.430223925751378,0.809996554473419,0.877047417542115,91.4809050134547,0.625514482563773,0.219512195121951,0.721951219512195,208
"UMass-gbqr","28",0.71598141908159,0.628523978266543,30.9068241095344,0.25702651985846,0.779494913967794,0.738918207228374,45.4935526064612,0.385377237451889,0.3125,0.783653846153846,208
"UMass-gbqr","29",0.913834513460798,0.755704923042581,106.668428637275,0.400948839356943,0.988340213564524,0.87431338269051,150.466277348092,0.593380983493731,0.201923076923077,0.620192307692308,208
"UMass-gbqr","30",0.839961743619417,0.863801635071545,17.8144144214463,0.502124797693057,0.887229097929674,0.819961346854196,24.8020773332061,0.721806362512606,0.206730769230769,0.639423076923077,208
"UMass-gbqr","31",0.811189191922793,0.803745044216538,23.3804193119667,0.460450061053188,0.896722576283633,0.821567316283937,33.3928774745426,0.657709310339926,0.245192307692308,0.682692307692308,208
"UMass-gbqr","32",0.834190988828175,0.796309603458322,21.809635620794,0.302318276952539,0.883502660403955,0.866201198828687,31.9476061705541,0.444233415796523,0.326923076923077,0.822115384615385,208
"UMass-gbqr","33",0.735643334580925,0.763880634427661,19.2105904160594,0.424576947954046,0.840245222559722,0.815957500443653,26.7709085443816,0.622510531065436,0.3125,0.725961538461538,208
"UMass-gbqr","34",0.697344594734875,0.627448901685461,116.938387310248,0.345954188698786,0.770762949101757,0.700933313020551,161.481555053276,0.487681193097359,0.288461538461538,0.735576923076923,208
"UMass-gbqr","35",0.728020909123133,0.687867862678207,23.7684125280585,0.297805071639703,0.812245783935687,0.786426979523947,35.9634686256128,0.454196484266595,0.307692307692308,0.802884615384615,208
"UMass-gbqr","36",0.694586979132104,0.639966442941132,197.617344905413,0.300329121193729,0.786999259401098,0.767608084639934,277.565364565789,0.435865067485849,0.326923076923077,0.759615384615385,208
"UMass-gbqr","37",0.670751650112592,0.678387267901293,128.44046316063,0.427502668073015,0.748565324770961,0.742526351101546,174.010209219384,0.584079860300832,0.298076923076923,0.677884615384615,208
"UMass-gbqr","38",0.794699270936057,0.832754856117009,8.62905584485535,0.39722418458299,0.878415750717877,0.813400896272163,12.8518494875206,0.584514342152447,0.278846153846154,0.759615384615385,208
"UMass-gbqr","39",0.824483108034316,0.738620372446384,218.331758210086,0.433718141133872,0.950426777153207,0.870217354267626,306.601345666482,0.615276516341053,0.269230769230769,0.625,208
"UMass-gbqr","40",0.838082337589325,0.701129159329783,66.9463178789114,0.395668673793875,0.895105666772599,0.833972087362322,99.1760431265672,0.600512568842225,0.221153846153846,0.706730769230769,208
"UMass-gbqr","41",0.767660309708254,0.747428279163217,45.4957206499993,0.33211041716819,0.786389572016792,0.859153707582654,61.5979371289975,0.491035840146396,0.317307692307692,0.774038461538462,208
"UMass-gbqr","42",0.707726930342407,0.672141725756368,242.797797061163,0.29955238864282,0.835846402135006,0.837822193494285,337.670941699719,0.441829193219399,0.254807692307692,0.730769230769231,208
"UMass-gbqr","44",0.776096653488688,0.810116493496828,12.4431896241343,0.400981822841587,0.881912274401549,0.862361401661101,17.4213474095471,0.594248561865465,0.278846153846154,0.721153846153846,208
"UMass-gbqr","45",0.69026749921581,0.668552740437221,71.4746446649992,0.320005658176325,0.790693017341798,0.761758429763386,100.720080082317,0.459300601612654,0.240384615384615,0.6875,208
"UMass-gbqr","46",0.797362070347045,0.782177577392034,12.0213021912484,0.45196283466517,0.833292540642582,0.757561666617757,17.5501500452034,0.665356282584131,0.269230769230769,0.649038461538462,208
"UMass-gbqr","47",0.78404008018653,0.622215032120922,76.3026175032093,0.288456183535938,0.84442173815971,0.733690102916262,107.227599918519,0.427131729336801,0.259615384615385,0.788461538461538,208
"UMass-gbqr","48",0.782222331342412,0.692418154410681,292.414176317207,0.387111059733405,0.91526804396626,0.841987589237076,435.990398916826,0.522239925244831,0.197115384615385,0.697115384615385,208
"UMass-gbqr","49",0.75457914357346,0.814812293544162,21.9213658731591,0.354873042954257,0.811332321434576,0.86427300976557,28.5100950754024,0.503746260257303,0.326923076923077,0.788461538461538,208
"UMass-gbqr","50",0.945156651388829,0.969586674229859,7.67093462409142,0.441591626838938,1.00858844122648,0.915683143371296,11.336820910751,0.661596074362507,0.221153846153846,0.692307692307692,208
"UMass-gbqr","51",0.705211346123839,0.625829521391942,77.9828930202943,0.283315498134438,0.796037458673038,0.77911289733145,110.667425855253,0.420626664837134,0.216346153846154,0.725961538461538,208
"UMass-gbqr","53",0.76674506810059,0.617180509308747,47.0207285838639,0.28841288340246,0.76768466928998,0.675537323568603,65.2950574225351,0.413627670219098,0.403846153846154,0.822115384615385,208
"UMass-gbqr","54",0.805511856288222,0.809469985469587,42.4482286092737,0.489839640685353,0.854580046103375,0.775615234709044,58.779901152454,0.685537891241169,0.245192307692308,0.629807692307692,208
"UMass-gbqr","55",0.784141769031974,0.704999281079643,66.2606496613391,0.396690873873491,0.921161281016381,0.745395340747136,98.1628620101111,0.590680000315692,0.1875,0.692307692307692,208
"UMass-gbqr","56",0.927039667320812,0.894361009174828,11.5385692674124,0.446757131549126,0.934618780645994,0.8493080653922,16.1902431048501,0.631612915651297,0.283653846153846,0.745192307692308,208
"UMass-gbqr_1src","01",0.753507842758753,0.733891445001714,53.0008374672317,0.375691115328881,0.775062108563214,0.751674996594519,73.5687025891879,0.507632117006202,0.303125,0.740625,320
"UMass-gbqr_1src","02",0.861083139803374,0.86839124872343,6.45325216731595,0.379914394461636,0.865615798160866,0.838632654713206,9.31079883662473,0.559155336405205,0.2875,0.703125,320
"UMass-gbqr_1src","04",0.837431967224738,0.641982015669796,132.677143728601,0.300830765309291,0.890600622593763,0.795632787312168,180.313240589963,0.439479368440822,0.2625,0.78125,320
"UMass-gbqr_1src","05",0.891318545264233,0.767314962860106,41.3852399598761,0.400285678583453,0.919469315236463,0.809330175263143,59.7333606084185,0.579142733914554,0.234375,0.6875,320
"UMass-gbqr_1src","06",0.703541148535354,0.515515079414472,238.299617681404,0.23517526545233,0.739094787787039,0.653715050091014,340.633607882315,0.345361218304897,0.353125,0.834375,320
"UMass-gbqr_1src","08",0.6403206001894,0.668095322744543,50.5191290750034,0.311378670377429,0.704916578400665,0.752236117160155,71.7473240190344,0.459587799280227,0.240625,0.740625,320
"UMass-gbqr_1src","09",0.666816610716276,0.674012946174724,43.2542338640051,0.379154901902375,0.710414792800358,0.742170202709079,59.3999442991768,0.553980542686616,0.25,0.746875,320
"UMass-gbqr_1src","10",0.805620285266488,0.816583242278249,16.8308035820788,0.420513122368675,0.821993745105161,0.836413282709553,22.4613792547548,0.619560224261133,0.296875,0.71875,320
"UMass-gbqr_1src","11",0.636402449632658,0.757980501360331,11.2799357560909,0.427876756102679,0.675731795504025,0.723202438110123,15.678192903444,0.612587457878397,0.33125,0.73125,320
"UMass-gbqr_1src","12",0.678869477923707,0.589910123622961,208.609981052896,0.211574342761308,0.746370378299679,0.722637516093463,302.407019811571,0.309974083802167,0.28125,0.784375,320
"UMass-gbqr_1src","13",0.698603722125529,0.617100607489982,108.595323136172,0.34217950252489,0.754451086782814,0.689720718793861,147.293033065294,0.478107592077247,0.3,0.7375,320
"UMass-gbqr_1src","15",0.793363468140552,0.911117152301183,8.42003178522835,0.343831194188091,0.805542679765616,0.86716135063662,11.9472066833842,0.492551458930271,0.328125,0.775,320
"UMass-gbqr_1src","16",0.719392406337517,0.731163664441011,20.3749016117255,0.377918236980102,0.728948860918319,0.771791562820247,28.6173990102394,0.541120084488052,0.2875,0.753125,320
"UMass-gbqr_1src","17",0.677454574538191,0.634810567025391,127.105132433035,0.333461874493834,0.725586133131105,0.702925811896948,175.761321525478,0.474212012407696,0.253125,0.715625,320
"UMass-gbqr_1src","18",0.723293264158731,0.624589684540398,97.7314700418077,0.337259069853181,0.792730793446495,0.697567215492788,140.297402911225,0.481461723979131,0.284375,0.684375,320
"UMass-gbqr_1src","19",0.674618327494122,0.65844927472773,30.6714631652023,0.38210378988945,0.706881724035704,0.652659643655869,42.9119414279618,0.54878064445544,0.24375,0.734375,320
"UMass-gbqr_1src","20",0.720427723419794,0.643207103753521,30.8593481734912,0.353769059019624,0.740913157326198,0.673931361455838,42.8125042652485,0.504443398326172,0.325,0.715625,320
"UMass-gbqr_1src","21",0.784626667462551,0.678740387076297,65.6365278069506,0.369296690565448,0.809684828577923,0.744635724511247,90.8767738848285,0.526394157329151,0.240625,0.69375,320
"UMass-gbqr_1src","22",0.660842131828275,0.638824597979385,44.8722981961051,0.264963926734767,0.712955776041759,0.728677838922912,64.7012989250602,0.385040311424811,0.2875,0.76875,320
"UMass-gbqr_1src","23",0.624479767426837,0.640636158325512,14.8638186705269,0.334184825662232,0.677939956135707,0.653050992585908,21.5568434382343,0.497032443317393,0.334375,0.8125,320
"UMass-gbqr_1src","24",0.57555417922925,0.643007846322559,53.9502000618061,0.381416056748374,0.639012797901235,0.707911868510913,75.0909353179732,0.538791169791878,0.271875,0.678125,320
"UMass-gbqr_1src","25",0.717269495992424,0.658063241718857,107.568440234957,0.370087807884211,0.782699768856034,0.762727142060984,148.461393745652,0.534069055881443,0.189274447949527,0.694006309148265,320
"UMass-gbqr_1src","26",0.755588711857905,0.605157215726279,125.137135452066,0.330456258353732,0.816093798299216,0.709280646813434,180.619641336402,0.493424604222095,0.23125,0.690625,320
"UMass-gbqr_1src","27",0.614215757440418,0.692683135914408,65.5594378665382,0.390330965001446,0.690725486438936,0.748116759322515,90.3279146308014,0.563874820228183,0.26813880126183,0.725552050473186,320
"UMass-gbqr_1src","28",0.724589448919627,0.626126754196453,29.9561240251053,0.277339177958328,0.777748711041919,0.714709975198321,44.5084919031026,0.410572092899573,0.29375,0.76875,320
"UMass-gbqr_1src","29",0.836726865956369,0.676735366466085,94.9998308591502,0.362988529940507,0.85808589588829,0.759680279158824,130.536578093602,0.525558023589035,0.20625,0.68125,320
"UMass-gbqr_1src","30",0.718690821731447,0.750471760434036,15.1048769301519,0.427818647965929,0.738811029507745,0.694214439178026,21.0902541908377,0.614258917618278,0.3,0.653125,320
"UMass-gbqr_1src","31",0.721063635793626,0.765947863548887,19.9590914866431,0.416942002194231,0.76868457670002,0.766501595330378,28.4890557274321,0.605446888777238,0.278125,0.71875,320
"UMass-gbqr_1src","32",0.774615003130888,0.736376069337309,22.1643844776563,0.301302437449085,0.800816127691446,0.784887987552644,32.2610101142761,0.43766768881439,0.33125,0.80625,320
"UMass-gbqr_1src","33",0.694196739642139,0.706617721961624,18.7251215904081,0.390170155043343,0.766607459735334,0.74522525188106,26.0280760302218,0.576715483752528,0.315625,0.740625,320
"UMass-gbqr_1src","34",0.606604033826869,0.573662389814838,113.744843129455,0.322539669542395,0.660925212633195,0.644633108017327,157.57825911371,0.460106519109267,0.2625,0.7375,320
"UMass-gbqr_1src","35",0.653714265703646,0.648167138536984,24.8335554964345,0.304838608533424,0.698688324568088,0.711980030235162,36.082215978396,0.450024607667817,0.334375,0.778125,320
"UMass-gbqr_1src","36",0.65440095996398,0.583592085183637,228.759569021523,0.30533721115072,0.714911471347655,0.70822629029884,310.386716058824,0.438845751712924,0.296875,0.746875,320
"UMass-gbqr_1src","37",0.60652540297331,0.581419327635861,143.340265976778,0.378248185385409,0.650624179260785,0.632784242642874,187.875532152092,0.516277986501671,0.33125,0.71875,320
"UMass-gbqr_1src","38",0.679603868542998,0.727442062404531,9.10920985194643,0.359880480816225,0.732128989811836,0.713506331342171,13.2888679133361,0.528572015606465,0.3,0.796875,320
"UMass-gbqr_1src","39",0.675813153857886,0.62594671514784,183.757829878811,0.392523540060124,0.748661559044421,0.712913077335127,256.867562698557,0.549645447967762,0.278125,0.671875,320
"UMass-gbqr_1src","40",0.825613855667525,0.641052296994821,54.5421809416212,0.369457583779031,0.859883577584015,0.730287837793799,80.2116757407771,0.552024391755891,0.2375,0.728125,320
"UMass-gbqr_1src","41",0.778065360101029,0.707810705690019,43.0172784075078,0.349332890886658,0.766523553360272,0.769778073300196,57.4676163966494,0.510569047545584,0.321875,0.7875,320
"UMass-gbqr_1src","42",0.613272425047057,0.61510386048289,223.018436315642,0.277471993619774,0.689911141206519,0.735908835435765,311.748016841707,0.40341832576015,0.240625,0.728125,320
"UMass-gbqr_1src","44",0.704401229550396,0.755776349859562,15.0200755551267,0.398703293853569,0.770716638494027,0.804184444999447,20.3474756531277,0.587427637123557,0.271875,0.73125,320
"UMass-gbqr_1src","45",0.614169563252923,0.600544364998106,69.2171578972954,0.341141665685483,0.68031243560855,0.662117984441907,96.0024580897134,0.481752577889022,0.240625,0.684375,320
"UMass-gbqr_1src","46",0.72453066043518,0.713792973601243,10.3613011183466,0.390692910518981,0.738208014933446,0.684713383813997,14.6926000844435,0.569240651444056,0.290625,0.7,320
"UMass-gbqr_1src","47",0.683553235626669,0.550626184629287,69.561845042016,0.254006567203615,0.715707776722603,0.629726259817009,97.2315628583308,0.367375683764259,0.340625,0.790625,320
"UMass-gbqr_1src","48",0.694140796558556,0.605629448346377,241.338467498996,0.306944542340871,0.787811803455819,0.729504072734341,358.768448167923,0.419496041813843,0.25625,0.75625,320
"UMass-gbqr_1src","49",0.646991936731613,0.779208954437116,19.7698862981109,0.379679040850288,0.703864479053971,0.825524321853705,27.1250767799701,0.552501685562784,0.334375,0.8,320
"UMass-gbqr_1src","50",0.838307374119183,0.856405645425981,6.56317981752194,0.396933244485888,0.854403005328946,0.797633417810415,9.43122109753108,0.58912422804412,0.290625,0.765625,320
"UMass-gbqr_1src","51",0.600843965255533,0.545644330285872,71.3640435578738,0.273255801295181,0.655181804128741,0.655315974278047,101.385896247342,0.399892601068571,0.2625,0.734375,320
"UMass-gbqr_1src","53",0.744156400291911,0.58880232218945,39.2943440513463,0.256325722942337,0.771367207810162,0.653707477812197,57.0857403844032,0.379613469788576,0.39375,0.86875,320
"UMass-gbqr_1src","54",0.727762750066149,0.70921707732459,33.759439640473,0.424416314334878,0.752944668301244,0.667850241199242,47.2276234753375,0.599856852404568,0.284375,0.7,320
"UMass-gbqr_1src","55",0.619386026877828,0.621130948569773,64.7351557882152,0.36193537195328,0.685766104888444,0.641512648465989,91.4930702431055,0.531474577529858,0.271875,0.740625,320
"UMass-gbqr_1src","56",0.833235237897769,0.810643446588112,9.38446086109586,0.411487860886972,0.837168762639296,0.780211561754053,13.3538243110738,0.598900508205785,0.275,0.778125,320
"UMass-gbqr_2src_all_otid10","01",0.87947256809776,0.85088056409641,60.3269716950822,0.419863188810861,0.953764287363336,0.990153901933849,88.1869997618182,0.639557328380743,0.346875,0.81875,320
"UMass-gbqr_2src_all_otid10","02",1.01237666162829,1.05523818647284,7.42779151124822,0.454498264301789,1.02553493043091,1.06155171765186,10.7459366490407,0.697094623451324,0.340625,0.78125,320
"UMass-gbqr_2src_all_otid10","04",0.839590392781868,0.667589487132345,127.604044186091,0.29797194515499,0.913850779594918,0.841341146725721,178.522760804414,0.443388606467954,0.340625,0.8375,320
"UMass-gbqr_2src_all_otid10","05",0.8624117647546,0.816508526813763,37.0988563004801,0.403431432579473,0.911848692400802,0.941492600313289,55.3095659324507,0.640071258635722,0.271875,0.80625,320
"UMass-gbqr_2src_all_otid10","06",0.648721755110996,0.642938493807594,199.367183058433,0.267215999713948,0.712030180085771,0.856185087540655,301.407033451117,0.419251835161561,0.340625,0.90625,320
"UMass-gbqr_2src_all_otid10","08",0.651023285880808,0.670477418562621,48.9562116800069,0.297138452379656,0.737542479931625,0.764608219341353,72.0796828913412,0.446913424272116,0.365625,0.85625,320
"UMass-gbqr_2src_all_otid10","09",0.625384241129398,0.643261805691067,40.4742743428263,0.357721927577648,0.716670174756146,0.758607401440767,59.578033956903,0.559863257912322,0.39375,0.859375,320
"UMass-gbqr_2src_all_otid10","10",0.811786733934147,0.878594954226948,16.586969557911,0.443402985764598,0.867627886311744,0.956218894984116,23.1222442991881,0.695445744081967,0.31875,0.7875,320
"UMass-gbqr_2src_all_otid10","11",0.788580772498535,0.914455807756435,13.314502270034,0.503764788869761,0.831876700360324,0.929163432829322,18.4754350928505,0.768758962846816,0.328125,0.784375,320
"UMass-gbqr_2src_all_otid10","12",0.726393770456437,0.717552327736632,213.769991420251,0.242684254962229,0.813192936778636,0.893139013648122,314.15839431017,0.36076336934598,0.346875,0.8375,320
"UMass-gbqr_2src_all_otid10","13",0.701350899227967,0.728941197271658,104.346119657975,0.376367090466665,0.803044932623051,0.876019136849336,150.442115664168,0.57043726288598,0.365625,0.83125,320
"UMass-gbqr_2src_all_otid10","15",0.885503759655183,1.0525999932079,9.18608217477903,0.395271690361652,0.964165445703742,1.12359891946577,14.0251418875551,0.632740939600253,0.3125,0.809375,320
"UMass-gbqr_2src_all_otid10","16",0.948802404243691,0.912831000418081,25.0493503247444,0.43268910823342,0.987242997601674,1.03764303327949,36.6777913872467,0.672028730457752,0.290625,0.796875,320
"UMass-gbqr_2src_all_otid10","17",0.706703451832112,0.754879758725556,124.979172361746,0.371669918704325,0.813520589529514,0.908998309045307,185.85824866506,0.57330303500185,0.35625,0.85,320
"UMass-gbqr_2src_all_otid10","18",0.715979054596031,0.585714030610154,85.890927712523,0.28923578319885,0.807397744952166,0.6918623873259,128.345542640732,0.436730522839011,0.390625,0.871875,320
"UMass-gbqr_2src_all_otid10","19",0.706909604060811,0.684088204420818,29.3242498815745,0.367775854259421,0.795181198161395,0.754635216985041,44.2365314060492,0.590253194733181,0.40625,0.86875,320
"UMass-gbqr_2src_all_otid10","20",0.788315500163182,0.743451200405044,31.9990795222539,0.384213839327712,0.857414493753063,0.857320552725604,46.5078300243127,0.598425145005782,0.3875,0.846875,320
"UMass-gbqr_2src_all_otid10","21",0.89452869594973,0.857582861860228,69.1223870477061,0.427793820757669,0.929188422230051,1.00664856252325,98.1009610315506,0.660188948546246,0.259375,0.7875,320
"UMass-gbqr_2src_all_otid10","22",0.796642589774003,0.745481589842931,52.578331500144,0.298017020258097,0.881823693535696,0.903963467335002,77.8018977977329,0.459221488520565,0.328125,0.809375,320
"UMass-gbqr_2src_all_otid10","23",0.713406137919702,0.748885869418608,16.0671010511908,0.374261188308601,0.797970797121403,0.806090816748999,24.0038818011473,0.589153445633518,0.3875,0.86875,320
"UMass-gbqr_2src_all_otid10","24",0.592559681955245,0.697629133737657,53.3752388708386,0.398010284759801,0.698907053604637,0.873674361802987,79.6244545795232,0.639569073297999,0.321875,0.821875,320
"UMass-gbqr_2src_all_otid10","25",0.654663594936054,0.615516321705334,92.5384735509266,0.33734046701901,0.755273694736863,0.748090978589241,134.891187702865,0.511902361202658,0.353312302839117,0.813880126182965,320
"UMass-gbqr_2src_all_otid10","26",0.780331320515117,0.633068320269216,118.727212003619,0.322140187103549,0.861937067210839,0.759388373645324,176.351001976751,0.495610991786076,0.35,0.8125,320
"UMass-gbqr_2src_all_otid10","27",0.531069968717153,0.643206740201235,54.7041287576732,0.341236828849452,0.655489117826246,0.751253366697815,82.9227385804847,0.532566028481493,0.384858044164038,0.886435331230284,320
"UMass-gbqr_2src_all_otid10","28",0.885196959359271,0.752910745695799,36.4747274032046,0.330209388500251,0.95718305420759,0.896379187572493,54.7063063618598,0.509544815518848,0.396875,0.85,320
"UMass-gbqr_2src_all_otid10","29",0.935964360832119,0.814071057819225,100.71893596909,0.41137462040681,0.993548798457615,0.954090891127197,142.284417706462,0.621995374083356,0.3,0.815625,320
"UMass-gbqr_2src_all_otid10","30",0.861666817921524,0.817702975424831,16.7549468563363,0.437521236643369,0.894561388878842,0.807219930536276,23.6036483359834,0.667663907650971,0.371875,0.76875,320
"UMass-gbqr_2src_all_otid10","31",0.721163394453952,0.754370910591833,18.4765289403219,0.396128111984856,0.792125659613182,0.815639592709097,27.2580114469639,0.622544891877524,0.375,0.84375,320
"UMass-gbqr_2src_all_otid10","32",0.945927171713704,0.886930933393332,26.5272062238338,0.35082702604544,0.982972671057277,0.972917942195817,38.6886892708337,0.522938398488614,0.365625,0.8375,320
"UMass-gbqr_2src_all_otid10","33",0.732313202294474,0.811065097955878,19.6742819284435,0.434669792945539,0.841350270029673,0.913658054635774,28.1628297021741,0.687659090734135,0.371875,0.8125,320
"UMass-gbqr_2src_all_otid10","34",0.547130739393096,0.632399331303795,100.000368873367,0.343247507488061,0.646770836978472,0.756062411132387,150.227341762569,0.524467297728174,0.3875,0.88125,320
"UMass-gbqr_2src_all_otid10","35",0.844108593982174,0.804119114802559,31.6309524676984,0.373617898544232,0.92571505454003,0.94424508767961,46.9925255574447,0.586546977403815,0.31875,0.865625,320
"UMass-gbqr_2src_all_otid10","36",0.50735077507573,0.575658685690324,177.724872866001,0.292559939719696,0.631306177545913,0.744385876143281,273.884627461901,0.450515254086199,0.325,0.86875,320
"UMass-gbqr_2src_all_otid10","37",0.595484540968824,0.614019079919798,139.977667081773,0.370832858640367,0.718849558105171,0.765841426455339,205.912067591043,0.579677499050829,0.396875,0.859375,320
"UMass-gbqr_2src_all_otid10","38",0.67686880174885,0.801585273281128,8.90443625427034,0.376596345770584,0.727411378288364,0.815267748220885,12.9633488960347,0.579439391252729,0.390625,0.85,320
"UMass-gbqr_2src_all_otid10","39",0.6338677950903,0.658531994615652,156.229276564363,0.386654808702366,0.753341299947279,0.845268101340646,235.156007267844,0.607875806322528,0.309375,0.828125,320
"UMass-gbqr_2src_all_otid10","40",0.870365656346051,0.80820815904916,54.9421569479981,0.448910597187474,0.916389552975884,1.01086102458312,81.9524858742791,0.733673552548832,0.290625,0.85,320
"UMass-gbqr_2src_all_otid10","41",0.872719651692808,0.924068376188194,47.2776289858796,0.446476969067675,0.911378623104905,1.09149316368682,66.9961842570634,0.705649716899667,0.29375,0.821875,320
"UMass-gbqr_2src_all_otid10","42",0.63825838330976,0.709984416702775,219.479974020065,0.305604832687064,0.761675588079017,0.893160067452819,327.761713609966,0.468935758098463,0.325,0.8,320
"UMass-gbqr_2src_all_otid10","44",0.636434403486192,0.799954318996232,13.6216094300114,0.418163911003099,0.750573855330012,0.906115647906311,19.8523684458374,0.656846263103349,0.315625,0.79375,320
"UMass-gbqr_2src_all_otid10","45",0.695972055548371,0.665841078380171,76.1968284463626,0.370438660564799,0.831489307839228,0.824315836057988,114.344762066205,0.586894519105911,0.340625,0.840625,320
"UMass-gbqr_2src_all_otid10","46",0.82294934334957,0.829118978805362,11.0561265340729,0.432522895554795,0.883821900247849,0.861119194910821,16.5035092925251,0.68299964852,0.321875,0.815625,320
"UMass-gbqr_2src_all_otid10","47",0.825719562781423,0.666974370291748,79.8891629588272,0.288684170697437,0.92249225715164,0.809246629885049,119.329548393675,0.442304886964729,0.340625,0.871875,320
"UMass-gbqr_2src_all_otid10","48",0.757162881082778,0.690603772521683,240.011617945038,0.313150012386213,0.859570250205103,0.856131508294228,360.888756319561,0.445674377117228,0.353125,0.85,320
"UMass-gbqr_2src_all_otid10","49",0.691352162141024,0.873043283762252,19.8539353267964,0.422407762746265,0.798711797471375,1.01871422084734,29.4303724481,0.676530805727946,0.371875,0.8625,320
"UMass-gbqr_2src_all_otid10","50",0.852113367376715,0.888016670026396,6.24310447341926,0.390790628875486,0.947508216992713,0.899593727623817,9.71368864144291,0.630921982980452,0.353125,0.846875,320
"UMass-gbqr_2src_all_otid10","51",0.70562575638108,0.671843234453057,80.3986193048826,0.325040217214452,0.8198420340574,0.881211722743477,121.549691545527,0.516694811784623,0.3375,0.853125,320
"UMass-gbqr_2src_all_otid10","53",0.820642025397388,0.698877762283565,41.8411188266898,0.295391426521335,0.874683389534311,0.803399478622757,63.6185037804411,0.45976944515438,0.36875,0.89375,320
"UMass-gbqr_2src_all_otid10","54",0.711368169869344,0.694767488528227,29.9902381360588,0.385830160672054,0.764892137360725,0.733987312282749,43.5144555783906,0.613254146509439,0.378125,0.859375,320
"UMass-gbqr_2src_all_otid10","55",0.555419381377123,0.600762814332831,55.461296902057,0.329480728945779,0.66909618594477,0.668689875236336,84.627887335021,0.521692897740854,0.3875,0.890625,320
"UMass-gbqr_2src_all_otid10","56",0.965633791848496,0.913473730656018,10.3099554811054,0.445980530582975,0.995677544144279,0.934452411086069,15.1766802908783,0.693869979937022,0.2875,0.85625,320
"UMass-gbqr_2src_mobsgleam_otid10","01",0.854677944898055,0.745889741551182,59.2042484900814,0.375837596512986,0.901395012073628,0.797826095728546,83.9341589394085,0.52915179022763,0.303125,0.790625,320
"UMass-gbqr_2src_mobsgleam_otid10","02",0.948760200194369,0.879508203019865,7.00452115418577,0.383319316700185,0.990585266497389,0.897590145362478,10.4710703781677,0.597476039005856,0.340625,0.80625,320
"UMass-gbqr_2src_mobsgleam_otid10","04",0.745167662960538,0.541826691991936,115.790907840299,0.24280415034999,0.803234405385255,0.68245522319111,157.345126458584,0.359292894325036,0.353125,0.828125,320
"UMass-gbqr_2src_mobsgleam_otid10","05",0.768501964166303,0.635197344966904,34.4211936224158,0.326613030007971,0.826174861887599,0.7119838447548,52.1239422752419,0.500958864665889,0.328125,0.825,320
"UMass-gbqr_2src_mobsgleam_otid10","06",0.552882807937791,0.531384041318424,172.33552615679,0.224558631019486,0.606575720782635,0.688957992962217,258.853731770315,0.342776282680396,0.3375,0.9125,320
"UMass-gbqr_2src_mobsgleam_otid10","08",0.658001671327841,0.619660235342551,50.1728426223383,0.276539016462443,0.762645267383727,0.717937582625843,75.1416629964791,0.421548419763828,0.3375,0.821875,320
"UMass-gbqr_2src_mobsgleam_otid10","09",0.681513917021267,0.636277774394567,43.9084333517149,0.351757387229416,0.769222954442937,0.721445532621327,63.5956071570321,0.528482395771914,0.35625,0.8125,320
"UMass-gbqr_2src_mobsgleam_otid10","10",0.8775337412295,0.860166124901488,17.9142803706675,0.433684994250876,0.925135796886559,0.926056399254658,24.4758636608664,0.671700198378621,0.303125,0.76875,320
"UMass-gbqr_2src_mobsgleam_otid10","11",0.754705469748027,0.823561660994588,12.7586703133753,0.458002069264227,0.817416410906821,0.835909509571102,18.0077774877685,0.698066440950936,0.365625,0.7625,320
"UMass-gbqr_2src_mobsgleam_otid10","12",0.60922553291743,0.532623886945865,181.276066633556,0.186732918481659,0.685503880450553,0.681992382453297,267.659698134627,0.286512395390149,0.328125,0.840625,320
"UMass-gbqr_2src_mobsgleam_otid10","13",0.783002813719732,0.646614241686738,117.507550136888,0.344458014505862,0.853276799905106,0.735558144057233,161.074256154096,0.493828114849674,0.3375,0.734375,320
"UMass-gbqr_2src_mobsgleam_otid10","15",0.800996739751126,0.908755403844033,8.32460476872615,0.34014413705392,0.832072725438589,0.897268023565899,12.1560451686097,0.506531888628791,0.284375,0.75625,320
"UMass-gbqr_2src_mobsgleam_otid10","16",0.878979147917886,0.75651592137431,23.5074061560104,0.369895354961091,0.928311793159125,0.85678782690492,34.5011696237172,0.569223213518866,0.296875,0.7875,320
"UMass-gbqr_2src_mobsgleam_otid10","17",0.693339261847228,0.63520420849697,122.246650565247,0.319757814345183,0.762999129647583,0.727833988154738,173.400735260479,0.46838947047772,0.3375,0.784375,320
"UMass-gbqr_2src_mobsgleam_otid10","18",0.724542444963924,0.566284603427289,87.5130957921807,0.285334819593647,0.805287818950898,0.649188584549659,128.005467729581,0.419387991350134,0.409375,0.796875,320
"UMass-gbqr_2src_mobsgleam_otid10","19",0.625239943018068,0.574293579768278,25.9130483143586,0.313347728689723,0.717529287482229,0.614988524541923,39.5758792823821,0.485823459402912,0.4125,0.8625,320
"UMass-gbqr_2src_mobsgleam_otid10","20",0.73804941869649,0.591884347520768,30.4496590672721,0.3147585728286,0.795429693782552,0.654947196819317,43.5471169731975,0.471524598846646,0.490625,0.821875,320
"UMass-gbqr_2src_mobsgleam_otid10","21",0.897732078058893,0.693102763621855,70.5431694044012,0.362161603305444,0.944022895786199,0.79555313316039,99.6957232794196,0.540382869787046,0.25625,0.778125,320
"UMass-gbqr_2src_mobsgleam_otid10","22",0.707189977554626,0.588623583834403,46.7212773740039,0.239102439723389,0.773057629357696,0.699740493590454,68.0713712222979,0.359540994888944,0.328125,0.775,320
"UMass-gbqr_2src_mobsgleam_otid10","23",0.674730522869389,0.69608775866601,15.0692951354604,0.350968896932447,0.782094250328175,0.740999265362177,23.3533577336815,0.543679722126609,0.44375,0.875,320
"UMass-gbqr_2src_mobsgleam_otid10","24",0.564479364186568,0.656906076431485,49.7891934823988,0.378692175581501,0.665570402558539,0.761833370773234,73.7943798513269,0.564160610951176,0.259375,0.753125,320
"UMass-gbqr_2src_mobsgleam_otid10","25",0.666418173826601,0.621225683671391,93.0353414408781,0.337845949098426,0.772219605952926,0.749618688020026,136.110733739556,0.507184049530951,0.318611987381703,0.823343848580442,320
"UMass-gbqr_2src_mobsgleam_otid10","26",0.751137444641847,0.589719083257894,112.951115847966,0.30108454062964,0.815925251067804,0.684726177831046,163.868996517996,0.446070175360043,0.34375,0.76875,320
"UMass-gbqr_2src_mobsgleam_otid10","27",0.731765747894393,0.682069944995696,76.1454114078929,0.366105177003341,0.874216284542707,0.755927991491153,111.243172559193,0.542092433032513,0.28391167192429,0.794952681388013,320
"UMass-gbqr_2src_mobsgleam_otid10","28",0.80540642777543,0.651540586609741,33.1615691099258,0.285989925895687,0.855717080573187,0.761766717722759,48.5525750873769,0.431645302293135,0.365625,0.821875,320
"UMass-gbqr_2src_mobsgleam_otid10","29",0.885275174216749,0.664953317648064,96.8225317013465,0.347751836126596,0.926284042807799,0.776292866554281,133.590441709587,0.518620488721212,0.275,0.734375,320
"UMass-gbqr_2src_mobsgleam_otid10","30",0.781635775390974,0.708635980915463,15.3786757583967,0.383851690220375,0.845802505800448,0.71749483432613,22.5064237162774,0.601398433380263,0.36875,0.8,320
"UMass-gbqr_2src_mobsgleam_otid10","31",0.644076758015633,0.671607965996064,16.936026378111,0.365215656260945,0.717262615870129,0.72240742085716,25.0276548617525,0.5673324527986,0.396875,0.859375,320
"UMass-gbqr_2src_mobsgleam_otid10","32",0.87315623410646,0.734689681082529,24.4269486140858,0.290523386076545,0.918956495252492,0.81222895224725,35.9999548391257,0.436896371963198,0.38125,0.83125,320
"UMass-gbqr_2src_mobsgleam_otid10","33",0.716971347031144,0.734234737120525,18.8594597582275,0.39331613896794,0.814613328083459,0.812724360300962,26.6892424768868,0.611966810883437,0.35625,0.7875,320
"UMass-gbqr_2src_mobsgleam_otid10","34",0.605303469014697,0.593236352222532,109.264612449751,0.320351415014672,0.683000823402847,0.675902236809391,156.778215434495,0.463959471149171,0.365625,0.796875,320
"UMass-gbqr_2src_mobsgleam_otid10","35",0.757630259952654,0.650391740482847,28.162143273602,0.300567655702712,0.849313202346321,0.744643985453889,42.7823725260288,0.461544993454787,0.4,0.81875,320
"UMass-gbqr_2src_mobsgleam_otid10","36",0.54974719809021,0.546098758512826,191.696324824467,0.280141019083448,0.665744340382949,0.697663006251962,286.986747304693,0.423845380916512,0.3,0.79375,320
"UMass-gbqr_2src_mobsgleam_otid10","37",0.590189250918144,0.570616540320828,137.760998673932,0.356505523445089,0.688760198768755,0.667954246576662,195.54570673207,0.522810067665188,0.371875,0.790625,320
"UMass-gbqr_2src_mobsgleam_otid10","38",0.771981963712025,0.767529547675819,10.1133449698551,0.362993521329879,0.878547621642917,0.771800336001268,15.5765482752221,0.551432199034534,0.403125,0.834375,320
"UMass-gbqr_2src_mobsgleam_otid10","39",0.646224920693703,0.604756957782927,158.43917259034,0.361638015413696,0.744569781594944,0.70156723553743,230.417952663944,0.516649644248412,0.371875,0.73125,320
"UMass-gbqr_2src_mobsgleam_otid10","40",0.765568728461664,0.611578470989859,51.3728893812409,0.350853045521231,0.824165492720864,0.733286587293433,78.1607774802119,0.549946414119827,0.33125,0.825,320
"UMass-gbqr_2src_mobsgleam_otid10","41",0.768098810082283,0.745381515053057,43.2677775926709,0.368375114679112,0.802067665359778,0.858801717287855,60.3405327846101,0.566771571621657,0.328125,0.828125,320
"UMass-gbqr_2src_mobsgleam_otid10","42",0.614748855765606,0.687751418109304,210.29679328884,0.299616841822618,0.735020809655967,0.847015564039296,312.431006476542,0.44539302030534,0.25625,0.78125,320
"UMass-gbqr_2src_mobsgleam_otid10","44",0.625977356491504,0.783598578839223,13.3092382049657,0.404685283688705,0.738683279212732,0.878173053984513,19.4196101297334,0.628980427263655,0.31875,0.765625,320
"UMass-gbqr_2src_mobsgleam_otid10","45",0.653682409648921,0.54346349271178,70.8498807566943,0.302804298660632,0.773982262168119,0.621348930450138,104.739347749246,0.442593021367862,0.39375,0.803125,320
"UMass-gbqr_2src_mobsgleam_otid10","46",0.722716677137487,0.721506084598669,9.90556362626688,0.383665573497994,0.79335896173874,0.742181064727754,15.1036914851102,0.598399506589214,0.365625,0.828125,320
"UMass-gbqr_2src_mobsgleam_otid10","47",0.854199344986551,0.60326198959906,83.5201050773055,0.267879764839669,0.908114440950878,0.706657075358267,117.764788943908,0.394397163934023,0.371875,0.8125,320
"UMass-gbqr_2src_mobsgleam_otid10","48",0.700739074920834,0.556480768686383,232.164854595752,0.273321899374797,0.80979449113929,0.695057220640925,353.495233410948,0.389690005456298,0.325,0.84375,320
"UMass-gbqr_2src_mobsgleam_otid10","49",0.735410057555119,0.798465279424203,21.4940262724649,0.386278705625749,0.833858499591598,0.869356249317708,30.8962431691818,0.578679757164784,0.315625,0.79375,320
"UMass-gbqr_2src_mobsgleam_otid10","50",0.750779673274567,0.761620441257004,5.45986243638775,0.337714750272951,0.841274989269899,0.75633048477274,8.55079534814477,0.535280216065366,0.4,0.903125,320
"UMass-gbqr_2src_mobsgleam_otid10","51",0.669983746342389,0.537079643741989,75.2851649438584,0.260867321638637,0.768265779094739,0.667641039202652,112.214724367357,0.393282216188499,0.33125,0.815625,320
"UMass-gbqr_2src_mobsgleam_otid10","53",0.793201679624149,0.623290318485295,41.1012837943297,0.265619079582226,0.819765850529712,0.694048140506001,59.7926718088938,0.397150416955321,0.415625,0.875,320
"UMass-gbqr_2src_mobsgleam_otid10","54",0.645934905115969,0.593411634221479,28.0303419228008,0.343720269406708,0.69026181006887,0.589158559615517,40.1237020668356,0.511586316869518,0.39375,0.81875,320
"UMass-gbqr_2src_mobsgleam_otid10","55",0.546508563966846,0.552512785901979,54.5996301277877,0.306102105632487,0.666388495353011,0.617680260154633,84.3550031560253,0.486284917003514,0.371875,0.84375,320
"UMass-gbqr_2src_mobsgleam_otid10","56",0.896277577510108,0.803096569052489,9.48097856366551,0.396494252331665,0.924880676269516,0.815712187284946,13.9055001031116,0.612784428196222,0.321875,0.834375,320
"UMass-gbqr_2src_mobsgleam_otid50","01",0.931272308851095,0.793557357148928,64.2514541378705,0.396804358369277,0.973455409112533,0.858078909738589,90.2007910327375,0.563422552349757,0.325,0.771875,320
"UMass-gbqr_2src_mobsgleam_otid50","02",0.969608748963039,0.892835571623555,7.09440165166029,0.386974586576336,1.00887239368167,0.908324446334966,10.5400592169665,0.599987673384195,0.35,0.8125,320
"UMass-gbqr_2src_mobsgleam_otid50","04",0.759620603754037,0.567019447057698,117.570298564805,0.252885581282297,0.809070538324776,0.717675323873868,157.748388106443,0.376182991505892,0.359375,0.821875,320
"UMass-gbqr_2src_mobsgleam_otid50","05",0.763475264642712,0.620815886456484,33.8005035260767,0.315659815336306,0.797563929765108,0.67327575406058,49.545039365967,0.468343065077641,0.36875,0.83125,320
"UMass-gbqr_2src_mobsgleam_otid50","06",0.581164116224991,0.59557328800821,179.362377364032,0.247059194843341,0.629886167740671,0.776298751702778,266.843115154795,0.377138386002653,0.346875,0.89375,320
"UMass-gbqr_2src_mobsgleam_otid50","08",0.684461202981904,0.639357750538472,51.7596040418868,0.283519709761616,0.778204247565545,0.725692659232221,75.9934979818971,0.421803031910731,0.353125,0.821875,320
"UMass-gbqr_2src_mobsgleam_otid50","09",0.737113537170893,0.665628579690343,47.4754855487947,0.367155759935437,0.83120092544899,0.737408890899749,68.6602111666131,0.537622797332301,0.378125,0.796875,320
"UMass-gbqr_2src_mobsgleam_otid50","10",0.935921849399523,0.904529135168298,18.9852902647621,0.451709149072332,0.979506579367875,0.988205167278051,25.7892281247805,0.70811565932405,0.3,0.759375,320
"UMass-gbqr_2src_mobsgleam_otid50","11",0.789539866739124,0.840868067596314,13.3204347565129,0.467222823337045,0.844383284467355,0.855623168383439,18.522887257954,0.711593483728419,0.390625,0.775,320
"UMass-gbqr_2src_mobsgleam_otid50","12",0.634531377473562,0.565829255006445,188.125925051377,0.19640809237454,0.702628299527921,0.720686359457432,273.585146232589,0.29964525498175,0.34375,0.83125,320
"UMass-gbqr_2src_mobsgleam_otid50","13",0.830605738093289,0.681579039532302,123.472527750342,0.358098179168561,0.890813814805297,0.775810634438489,166.46039870862,0.513747191113291,0.353125,0.734375,320
"UMass-gbqr_2src_mobsgleam_otid50","15",0.796650903674103,0.918608733715583,8.3083778899025,0.343659179616897,0.825729785193,0.910678262187695,12.066013646959,0.512900216372632,0.290625,0.746875,320
"UMass-gbqr_2src_mobsgleam_otid50","16",0.95713581364643,0.786782326151623,25.2224641306862,0.378414524257753,1.0004667546482,0.868200342579909,36.7190058547238,0.56869065672137,0.296875,0.775,320
"UMass-gbqr_2src_mobsgleam_otid50","17",0.757815645447028,0.672326125574402,132.968118973582,0.334891491117133,0.840793358255129,0.768613166248802,190.572469743338,0.489680475691713,0.34375,0.78125,320
"UMass-gbqr_2src_mobsgleam_otid50","18",0.767485874724061,0.584526140907898,91.2927278097939,0.291487531617156,0.83537697211179,0.644389520401718,130.932691840027,0.410939165362407,0.415625,0.778125,320
"UMass-gbqr_2src_mobsgleam_otid50","19",0.6909821684769,0.599799267051104,28.2647777166628,0.322772750346361,0.786923423241065,0.631067295761801,42.8978919707361,0.492359538808778,0.425,0.859375,320
"UMass-gbqr_2src_mobsgleam_otid50","20",0.820167165230218,0.644641753512558,33.2598130535798,0.33543072696635,0.882482437816685,0.699673093447024,47.563808685671,0.495736731121941,0.478125,0.828125,320
"UMass-gbqr_2src_mobsgleam_otid50","21",0.949513194907295,0.726657690038503,73.6335699523972,0.373416736698845,0.98497733603914,0.844827369868002,103.101876755723,0.564298592649144,0.25625,0.778125,320
"UMass-gbqr_2src_mobsgleam_otid50","22",0.759803309625374,0.626570632808068,50.0250097799876,0.253233526722232,0.822305282827311,0.748125301725796,72.4510295010938,0.383689527441063,0.35,0.784375,320
"UMass-gbqr_2src_mobsgleam_otid50","23",0.746034475342607,0.748604707606029,16.5487783841073,0.372684810008692,0.85395093771734,0.806062580244113,25.3882155824075,0.581969558494118,0.3875,0.88125,320
"UMass-gbqr_2src_mobsgleam_otid50","24",0.59783581173907,0.689995827474947,52.4770700611541,0.394115926560319,0.694067701530592,0.817901440195518,76.7904957150061,0.597469242811928,0.26875,0.778125,320
"UMass-gbqr_2src_mobsgleam_otid50","25",0.706814889021658,0.638642967265933,97.9133264951184,0.345743598537727,0.79637370112849,0.748806241726767,139.300707463522,0.502972891837214,0.334384858044164,0.829652996845426,320
"UMass-gbqr_2src_mobsgleam_otid50","26",0.806506727168161,0.607475050706162,120.133009605157,0.307534298462827,0.872991456831182,0.685302099887879,174.580392841471,0.44436675361095,0.371875,0.759375,320
"UMass-gbqr_2src_mobsgleam_otid50","27",0.80878095951945,0.717164291782856,83.5657296284124,0.379780297418443,0.942539467069888,0.776673780681701,119.293127990826,0.55056348150842,0.312302839116719,0.77602523659306,320
"UMass-gbqr_2src_mobsgleam_otid50","28",0.863493847781451,0.694699031808709,35.4803725304699,0.303883584991207,0.903567149959756,0.797678979718673,51.1435828989741,0.450703024305776,0.39375,0.825,320
"UMass-gbqr_2src_mobsgleam_otid50","29",0.950133711336985,0.686094144258342,102.226060654947,0.354183494912638,0.978225843316276,0.77265182533499,139.002470064743,0.510672513981411,0.290625,0.75,320
"UMass-gbqr_2src_mobsgleam_otid50","30",0.829350730205489,0.728280347781477,15.9603667693679,0.389357392812965,0.892568083327799,0.748378918152183,23.2914097591129,0.616004589184867,0.371875,0.803125,320
"UMass-gbqr_2src_mobsgleam_otid50","31",0.686866489362809,0.66605550795605,17.7384408837404,0.35763014309788,0.755736715212437,0.702770259021092,25.96660172638,0.544013222624643,0.39375,0.871875,320
"UMass-gbqr_2src_mobsgleam_otid50","32",0.948805343972221,0.777646420905763,26.4483248760915,0.305613151176514,1.00133186603266,0.855356833766218,39.1198747391252,0.456990337847668,0.36875,0.840625,320
"UMass-gbqr_2src_mobsgleam_otid50","33",0.767210742268595,0.761066077614489,19.9843728883127,0.402052003523193,0.85194977293276,0.822811094670566,27.7101969992093,0.609584578939711,0.36875,0.778125,320
"UMass-gbqr_2src_mobsgleam_otid50","34",0.649968702388192,0.624778352317191,116.759415117133,0.334439906312898,0.728348369267383,0.711397775068731,166.569975991919,0.484267000746249,0.371875,0.796875,320
"UMass-gbqr_2src_mobsgleam_otid50","35",0.829370715963531,0.681450443216779,30.749164758196,0.314032643381845,0.930338475375452,0.764101801687916,46.8211315820234,0.472229884871327,0.41875,0.840625,320
"UMass-gbqr_2src_mobsgleam_otid50","36",0.560938845210926,0.558928063594982,195.287658870732,0.285103552602329,0.669242890885776,0.691762191962333,287.953395878618,0.416145456287932,0.334375,0.809375,320
"UMass-gbqr_2src_mobsgleam_otid50","37",0.630336347924782,0.61506143890858,147.219516164395,0.378691463119362,0.734700939946,0.745862728257329,209.040741120088,0.57601899797478,0.346875,0.80625,320
"UMass-gbqr_2src_mobsgleam_otid50","38",0.822207346449505,0.812710551149311,10.7210558065434,0.380108791626696,0.919714613395246,0.80446110849678,16.2235262191208,0.569377993341905,0.41875,0.81875,320
"UMass-gbqr_2src_mobsgleam_otid50","39",0.693883361881514,0.636198456495382,168.184923916871,0.375841581275815,0.786068015446677,0.724487778940632,240.933794136634,0.525769123321717,0.39375,0.7375,320
"UMass-gbqr_2src_mobsgleam_otid50","40",0.805193934943193,0.632541328591869,54.2366913807526,0.358707221812395,0.827099102373805,0.737726655019382,78.3051342376617,0.546024106913638,0.334375,0.83125,320
"UMass-gbqr_2src_mobsgleam_otid50","41",0.806471024812191,0.792747030705712,45.1593952327069,0.387489304885347,0.830732758303319,0.924345323977964,62.3526059153411,0.600902772773341,0.3375,0.803125,320
"UMass-gbqr_2src_mobsgleam_otid50","42",0.66051061940837,0.73525841406618,224.328777731408,0.317222858658211,0.777399964442617,0.908562947449763,329.728276512884,0.473389917799705,0.2625,0.76875,320
"UMass-gbqr_2src_mobsgleam_otid50","44",0.648559611985543,0.824530773100792,13.8082731296171,0.421997112103275,0.757007805907181,0.933211950662217,19.9405751806853,0.661015619235813,0.334375,0.740625,320
"UMass-gbqr_2src_mobsgleam_otid50","45",0.727545652327072,0.583217876858074,78.5471224499875,0.324355233873902,0.853117654614721,0.667143881725331,115.177681812739,0.474925492244369,0.4125,0.80625,320
"UMass-gbqr_2src_mobsgleam_otid50","46",0.786928697973064,0.759349462167077,10.6683562033807,0.397398364113048,0.872643598366036,0.788334625181356,16.3797921235671,0.622416558776711,0.371875,0.834375,320
"UMass-gbqr_2src_mobsgleam_otid50","47",0.948512991142321,0.65458407048772,91.7395044039799,0.285613541868432,1.0048387729449,0.767632646839162,129.421730940609,0.421719356354421,0.35,0.821875,320
"UMass-gbqr_2src_mobsgleam_otid50","48",0.734927516713536,0.581477822805146,239.482555847321,0.27734574319484,0.822404738515898,0.720708796516584,351.33835053312,0.392508023672092,0.35,0.840625,320
"UMass-gbqr_2src_mobsgleam_otid50","49",0.797498519253959,0.8537772153497,23.1568804949259,0.411681317058922,0.895487174616011,0.954667984441624,33.0826493324726,0.633825293649235,0.309375,0.790625,320
"UMass-gbqr_2src_mobsgleam_otid50","50",0.77198346097631,0.761976220376812,5.54830855323692,0.334512080307627,0.856682894288856,0.740576968356344,8.58005155121935,0.516843524768551,0.428125,0.896875,320
"UMass-gbqr_2src_mobsgleam_otid50","51",0.743126067025739,0.567361329640481,83.0347903390239,0.274449916483765,0.849522448821204,0.7030811591631,123.729763683763,0.412850822149051,0.359375,0.81875,320
"UMass-gbqr_2src_mobsgleam_otid50","53",0.829485319182074,0.677001355701444,42.8640462146369,0.284167599928524,0.850518340465862,0.755049414578614,62.3175763513052,0.42577720598514,0.378125,0.865625,320
"UMass-gbqr_2src_mobsgleam_otid50","54",0.658534074647474,0.589718570716941,28.0328154955927,0.336626403601345,0.696940724634667,0.5728283413328,39.698331658792,0.490309486699993,0.409375,0.81875,320
"UMass-gbqr_2src_mobsgleam_otid50","55",0.597568082686744,0.571840571182715,59.9332571619088,0.31477609065671,0.726614611711327,0.627286568943344,92.3583921424262,0.489227920829515,0.39375,0.85,320
"UMass-gbqr_2src_mobsgleam_otid50","56",0.915783669128404,0.820708215897804,9.62543023903882,0.402908525309808,0.95391808929237,0.851293452532666,14.2762089211386,0.636590967585333,0.346875,0.8625,320
"UMass-gbqr_2src_nihflu_otid10","01",0.671220157466422,0.633482010860683,46.6315172279553,0.328755158180567,0.793963846075053,0.725993885324576,74.0186646607711,0.493786695346817,0.35,0.865625,320
"UMass-gbqr_2src_nihflu_otid10","02",0.856401169675542,0.868021762293831,6.26222508064748,0.375766401853899,0.916428377036432,0.874532967961104,9.57274701986762,0.57557824634018,0.36875,0.821875,320
"UMass-gbqr_2src_nihflu_otid10","04",0.73559201995925,0.525966161854721,115.696679032261,0.237269494707463,0.81151621703906,0.669650900850523,164.478547963063,0.356193183812797,0.425,0.909375,320
"UMass-gbqr_2src_nihflu_otid10","05",0.781165195416027,0.693962849567443,35.2559902626878,0.359310676326558,0.845272690580454,0.769505649043143,53.3782724720143,0.542994519809024,0.359375,0.859375,320
"UMass-gbqr_2src_nihflu_otid10","06",0.511477489058746,0.618329215347093,162.117749498612,0.27506906280092,0.566184817173007,0.772620277659898,252.871708735642,0.408785073886977,0.475,0.9625,320
"UMass-gbqr_2src_nihflu_otid10","08",0.585932946021905,0.616260950327195,44.0619020677784,0.276692387977604,0.701965968242458,0.700314365005472,68.675491998318,0.415571963101369,0.45,0.91875,320
"UMass-gbqr_2src_nihflu_otid10","09",0.624968084273512,0.617606073218447,40.4838135689884,0.343229848306272,0.744343127613416,0.710337068552231,61.7104070901369,0.524240953224916,0.396875,0.871875,320
"UMass-gbqr_2src_nihflu_otid10","10",0.758457388550488,0.749149981564356,15.4238879910951,0.383096877470392,0.822266143476521,0.802612037544089,21.7155768918244,0.589528235801204,0.3125,0.821875,320
"UMass-gbqr_2src_nihflu_otid10","11",0.656906865394227,0.731407431647733,10.983682759285,0.402720046754612,0.736304306090254,0.744379543786643,16.0946349496427,0.612725522595151,0.371875,0.809375,320
"UMass-gbqr_2src_nihflu_otid10","12",0.527194796309259,0.54224293645764,158.012365435955,0.190778447108877,0.641696043774398,0.687361582179734,252.846915636529,0.289460924940135,0.459375,0.925,320
"UMass-gbqr_2src_nihflu_otid10","13",0.655864680506257,0.630653336348225,98.1505732889999,0.336295100074437,0.79481093992384,0.740050976222558,148.965108836515,0.495795914689631,0.384375,0.890625,320
"UMass-gbqr_2src_nihflu_otid10","15",0.757554389259295,0.966100728138166,7.80464792900067,0.35968452850611,0.824998932314232,0.998041678143399,11.9781640654283,0.559609471038721,0.378125,0.871875,320
"UMass-gbqr_2src_nihflu_otid10","16",0.709523248464944,0.703814645929211,19.0907151499649,0.35231340657345,0.784369905131999,0.790223892678924,29.5167796579284,0.537129404041707,0.35625,0.875,320
"UMass-gbqr_2src_nihflu_otid10","17",0.590105158897289,0.683819116677795,104.655764247105,0.34514716535545,0.695686581935781,0.792773247935376,159.000967951064,0.514155149024968,0.440625,0.834375,320
"UMass-gbqr_2src_nihflu_otid10","18",0.674192502244493,0.543173233667841,84.4514663807573,0.281007469177082,0.799806413540066,0.657423395752829,132.31333526293,0.43792898804698,0.39375,0.85625,320
"UMass-gbqr_2src_nihflu_otid10","19",0.591188362402361,0.569200390012943,25.45665778037,0.315755784662583,0.681298000086683,0.614675987314575,39.2973198998201,0.497450026442918,0.409375,0.865625,320
"UMass-gbqr_2src_nihflu_otid10","20",0.617007043638159,0.574234953621128,25.58252979166,0.307008472349933,0.685451227472745,0.63537258113925,38.1371466555398,0.460548664166788,0.465625,0.86875,320
"UMass-gbqr_2src_nihflu_otid10","21",0.741209742127415,0.732210883408631,59.4157281572735,0.386357913547642,0.803382194246042,0.809899630009497,86.9368983153623,0.558514518494556,0.35625,0.803125,320
"UMass-gbqr_2src_nihflu_otid10","22",0.573059783221429,0.604032145157483,37.8066911448236,0.246211434477179,0.687756077277399,0.724589141958635,60.6930920807121,0.374307515485895,0.3875,0.9,320
"UMass-gbqr_2src_nihflu_otid10","23",0.638631554903006,0.640848142741788,14.4623024487506,0.3266203296971,0.734022824769436,0.680547719698997,22.2588089762569,0.506730240937522,0.471875,0.88125,320
"UMass-gbqr_2src_nihflu_otid10","24",0.588136613361993,0.693045957026037,52.2285763735067,0.399293822400018,0.723028401497315,0.835057433196812,80.649551488752,0.617784782205517,0.33125,0.8375,320
"UMass-gbqr_2src_nihflu_otid10","25",0.675864900387047,0.616155533318477,96.1731805667153,0.339109373790313,0.802195331005926,0.750507920103762,143.514674012868,0.512889424851582,0.334384858044164,0.848580441640379,320
"UMass-gbqr_2src_nihflu_otid10","26",0.705876724663309,0.574385570465389,110.071254320023,0.306480481398789,0.795374253649842,0.674967650101801,165.198523708322,0.460815113903059,0.4375,0.846875,320
"UMass-gbqr_2src_nihflu_otid10","27",0.612981188873854,0.674954649813289,63.2905508932557,0.365822227484565,0.757395445773455,0.765573729968067,96.2904235435593,0.556933630973743,0.356466876971609,0.867507886435331,320
"UMass-gbqr_2src_nihflu_otid10","28",0.659128301411242,0.543040776024937,27.097121306913,0.239116863925505,0.746467887421002,0.655260134156944,42.4723496727051,0.374008843694652,0.44375,0.903125,320
"UMass-gbqr_2src_nihflu_otid10","29",0.72127722382385,0.623027464179149,80.1954031690863,0.335966142851819,0.809108433359439,0.720592884900748,119.626675468101,0.502765978379966,0.38125,0.79375,320
"UMass-gbqr_2src_nihflu_otid10","30",0.700181603669415,0.640308307043694,14.1088923252742,0.349567697016369,0.764990427086182,0.639333605912875,20.8122074550722,0.539138292548647,0.403125,0.840625,320
"UMass-gbqr_2src_nihflu_otid10","31",0.613588490696305,0.678598275843362,16.3630602054095,0.370364347973428,0.703396552894069,0.720216636784573,25.0864475034004,0.568893462096051,0.384375,0.834375,320
"UMass-gbqr_2src_nihflu_otid10","32",0.718417384239977,0.747758121298495,20.0602893321706,0.300127778086261,0.832553387746251,0.845228074934199,32.7475247144622,0.463392868483153,0.40625,0.903125,320
"UMass-gbqr_2src_nihflu_otid10","33",0.603736255218412,0.649399849685536,15.9576795376899,0.355442961807961,0.724790796100196,0.728420530967348,23.9942952992313,0.562156850673019,0.34375,0.853125,320
"UMass-gbqr_2src_nihflu_otid10","34",0.557130156729695,0.544799962196771,100.90915137715,0.29732675870038,0.669546221038289,0.637506304583909,154.481422736433,0.442633875819531,0.3875,0.890625,320
"UMass-gbqr_2src_nihflu_otid10","35",0.653820018760518,0.630420053361508,24.2897417240333,0.291383322488521,0.764738758764519,0.744089489791198,38.5292521867439,0.461191517614508,0.3875,0.909375,320
"UMass-gbqr_2src_nihflu_otid10","36",0.540050142460364,0.55028083044089,188.104721125266,0.283135327503485,0.673513146172324,0.690580819461215,289.734488048917,0.422404724478252,0.39375,0.9,320
"UMass-gbqr_2src_nihflu_otid10","37",0.558393039951088,0.560166996803854,130.506571614766,0.351116155085214,0.669222833312499,0.661917657999972,190.007630412816,0.519305049387182,0.453125,0.871875,320
"UMass-gbqr_2src_nihflu_otid10","38",0.685052946657733,0.679543613469484,8.97301843485111,0.323320463861621,0.793250848844404,0.690602499328582,14.0574051077096,0.49471678703032,0.38125,0.8625,320
"UMass-gbqr_2src_nihflu_otid10","39",0.615574792493464,0.630678909531054,156.392762525373,0.382203288343091,0.721250702495266,0.768175197562042,229.359612398486,0.567086762056592,0.375,0.828125,320
"UMass-gbqr_2src_nihflu_otid10","40",0.689760554624258,0.617809417303568,46.6572910034325,0.355111533881743,0.768221278957832,0.742264737254082,73.3894514261523,0.557293495500001,0.359375,0.878125,320
"UMass-gbqr_2src_nihflu_otid10","41",0.66233512068113,0.77406764726173,36.3501273897919,0.382926634769303,0.758503168644393,0.917077859255877,56.6730041982528,0.608116507818019,0.378125,0.90625,320
"UMass-gbqr_2src_nihflu_otid10","42",0.565181732955759,0.656724461288721,197.637300574465,0.293362665983045,0.697817222805876,0.823526344927082,302.494142157722,0.44675128871132,0.35,0.85625,320
"UMass-gbqr_2src_nihflu_otid10","44",0.657286085487575,0.723325895151717,13.9520787050457,0.375259321534745,0.769773950443878,0.798079117339661,20.193602328536,0.573252277730701,0.3625,0.8125,320
"UMass-gbqr_2src_nihflu_otid10","45",0.635416757842047,0.562177579615822,69.2838184932153,0.314148363195326,0.776151422218833,0.677237590632861,105.653993999827,0.484371131887192,0.38125,0.865625,320
"UMass-gbqr_2src_nihflu_otid10","46",0.701819924231487,0.689479718072501,9.86900964120232,0.373043320927817,0.752907782190698,0.69247360858458,14.8672148965282,0.570601059980995,0.384375,0.81875,320
"UMass-gbqr_2src_nihflu_otid10","47",0.667850998115947,0.559298893286201,64.6787228950216,0.249855233336404,0.780354808208668,0.68060195624467,100.888367959569,0.384579404954412,0.440625,0.890625,320
"UMass-gbqr_2src_nihflu_otid10","48",0.661579314925951,0.58578039129848,218.307551455954,0.287934865985132,0.806842604224605,0.730484675039373,352.959088168809,0.410679185312899,0.39375,0.909375,320
"UMass-gbqr_2src_nihflu_otid10","49",0.662360012569833,0.840363775928516,19.2856332977024,0.407962800618579,0.770245403977843,0.973706711472863,28.5130817258268,0.647216226188406,0.4,0.89375,320
"UMass-gbqr_2src_nihflu_otid10","50",0.732711861201557,0.703474383370277,5.52268500335667,0.316225916595565,0.821883510028467,0.690884682509928,8.65100099626808,0.498794695133839,0.428125,0.875,320
"UMass-gbqr_2src_nihflu_otid10","51",0.590614548690447,0.532673588491804,66.9061272853826,0.25968306099004,0.704760244707037,0.680739252016681,103.813870968462,0.402941039179595,0.40625,0.9,320
"UMass-gbqr_2src_nihflu_otid10","53",0.676473950527401,0.653898918733464,34.7072696117909,0.281996611018195,0.74448873180065,0.737889791602187,55.2271759082284,0.42748707190459,0.465625,0.9625,320
"UMass-gbqr_2src_nihflu_otid10","54",0.64352364198395,0.598228811091099,28.7786516137578,0.352628864088509,0.687463797208387,0.597328800192737,41.1147087376932,0.527615288939882,0.415625,0.84375,320
"UMass-gbqr_2src_nihflu_otid10","55",0.560747278794597,0.548729640387145,56.2806811841316,0.310335297727328,0.678291504601608,0.60199783338203,86.2238525558986,0.482072236281405,0.440625,0.875,320
"UMass-gbqr_2src_nihflu_otid10","56",0.787198444244583,0.7790681807389,8.2677579303666,0.382486371542798,0.835222265217778,0.781307302710513,12.5484122734296,0.58380900948007,0.3375,0.84375,320
"UMass-gbqr_2src_nihflu_otid50","01",0.66601034005667,0.671563365128836,46.0762900709074,0.344870827837906,0.792041990183906,0.76956025861057,73.5153830323944,0.516610575574673,0.3625,0.890625,320
"UMass-gbqr_2src_nihflu_otid50","02",0.883544286914343,0.903711669351727,6.45455667143231,0.390950998737183,0.943849467953294,0.901266018555335,9.84025618858121,0.59265767371979,0.346875,0.825,320
"UMass-gbqr_2src_nihflu_otid50","04",0.733193263880585,0.56767409556305,114.898158506079,0.254630029675001,0.827874855509171,0.717484900171177,168.23647951975,0.379899048595247,0.434375,0.89375,320
"UMass-gbqr_2src_nihflu_otid50","05",0.778034791798983,0.724613812719453,34.9117456861242,0.370993970606027,0.842776881612677,0.819767696624911,52.9969925349835,0.570660397701576,0.365625,0.85625,320
"UMass-gbqr_2src_nihflu_otid50","06",0.504400643552216,0.770060170995663,156.636104017672,0.332026200299063,0.574108862744487,0.917976177643054,249.66794713016,0.469428331847685,0.490625,0.965625,320
"UMass-gbqr_2src_nihflu_otid50","08",0.597868639028479,0.674698620624965,44.7829931472982,0.301967718622919,0.730566752882392,0.756773035151434,71.1762986412979,0.44808590018476,0.465625,0.909375,320
"UMass-gbqr_2src_nihflu_otid50","09",0.635759820532602,0.636204725062454,41.1896272225555,0.353401633061731,0.751667279487044,0.721227026145901,62.2639595881904,0.532144414529234,0.434375,0.8625,320
"UMass-gbqr_2src_nihflu_otid50","10",0.780203353457673,0.731463136371505,15.7595997516013,0.370200035303697,0.849387337059874,0.790003911641971,22.3035574844603,0.574570331714723,0.378125,0.834375,320
"UMass-gbqr_2src_nihflu_otid50","11",0.700241089552057,0.770668186408388,11.5375250811659,0.422224017986338,0.772448899296887,0.774708343725072,16.6440465614506,0.636489601985247,0.371875,0.8125,320
"UMass-gbqr_2src_nihflu_otid50","12",0.528241252668631,0.614412918429407,157.856357533375,0.213963932064937,0.648705947835811,0.764131117916342,254.374955421393,0.318750663753528,0.46875,0.94375,320
"UMass-gbqr_2src_nihflu_otid50","13",0.663245820714677,0.706366082177293,98.8768902900846,0.372154036965408,0.804775594642357,0.837029091224098,150.402799373402,0.553929147200438,0.39375,0.875,320
"UMass-gbqr_2src_nihflu_otid50","15",0.761168616718341,0.9925012427598,7.80482005746966,0.368240781053572,0.842257332120394,1.02824325829189,12.1618818744279,0.574121950994307,0.378125,0.86875,320
"UMass-gbqr_2src_nihflu_otid50","16",0.707206300216995,0.701485069557846,18.8692132304416,0.346881109058485,0.789210982409533,0.79946499162906,29.4666000165984,0.537585888602442,0.359375,0.86875,320
"UMass-gbqr_2src_nihflu_otid50","17",0.586432029321963,0.756911480861406,103.501760287297,0.377217715025683,0.694124354173652,0.878605598984023,157.890438621461,0.558199903784752,0.446875,0.859375,320
"UMass-gbqr_2src_nihflu_otid50","18",0.669686139527142,0.565628091494151,83.5247828463646,0.291424012401267,0.796795026557589,0.684961672514515,131.379920404997,0.453547059681212,0.35,0.88125,320
"UMass-gbqr_2src_nihflu_otid50","19",0.594440032310885,0.579549028300352,25.4554272405135,0.320118281432173,0.669949095319543,0.604595895223315,38.2457781019162,0.486532623967151,0.4375,0.846875,320
"UMass-gbqr_2src_nihflu_otid50","20",0.621828464088895,0.597878313604841,25.5653294270268,0.315223399948241,0.694333712163007,0.681335168483696,38.1071894999033,0.481636777565613,0.446875,0.871875,320
"UMass-gbqr_2src_nihflu_otid50","21",0.731742840360931,0.774319228825135,58.215481979613,0.400237632370219,0.796322629593373,0.88019203197075,85.3980759924802,0.59040322504557,0.340625,0.8,320
"UMass-gbqr_2src_nihflu_otid50","22",0.566958093264669,0.648561656008097,37.221491370317,0.262100881842255,0.689303721362769,0.776088073299657,60.4737504299368,0.397925711116465,0.425,0.915625,320
"UMass-gbqr_2src_nihflu_otid50","23",0.675310176226938,0.665518129189947,15.1094105480238,0.335211982269962,0.766292739709215,0.706468346969307,22.9773714567882,0.51751255266195,0.43125,0.878125,320
"UMass-gbqr_2src_nihflu_otid50","24",0.592015570586288,0.739191509652591,52.2755735440954,0.422135853641382,0.725622345177173,0.899757808270886,80.4424258762352,0.655653008901649,0.3375,0.85,320
"UMass-gbqr_2src_nihflu_otid50","25",0.674976044546687,0.653953138252506,95.4766705378069,0.358543704661434,0.812241849896152,0.795329568607736,144.847567168108,0.543565564721198,0.375394321766562,0.823343848580442,320
"UMass-gbqr_2src_nihflu_otid50","26",0.685918168028607,0.605468148878107,106.015233404546,0.320030312423549,0.774021494311699,0.699645379985849,159.501566940179,0.473795396492635,0.5125,0.865625,320
"UMass-gbqr_2src_nihflu_otid50","27",0.624363824500759,0.715926408892658,64.235025458334,0.384149429580275,0.783680284555432,0.83226696810036,99.2562110800228,0.596661139000176,0.397476340694006,0.854889589905363,320
"UMass-gbqr_2src_nihflu_otid50","28",0.646184818323569,0.545355793035739,26.5244384676324,0.239629110269659,0.732567669482581,0.65488374559205,41.4807564100807,0.372044281527738,0.46875,0.90625,320
"UMass-gbqr_2src_nihflu_otid50","29",0.700560255400735,0.662177205037706,77.541352862073,0.353183880608165,0.785209119322164,0.755959374270358,115.482600452465,0.520962884303859,0.390625,0.815625,320
"UMass-gbqr_2src_nihflu_otid50","30",0.724059988957559,0.64575553091374,14.3304263863259,0.348920522513651,0.790511302726944,0.638254575161326,21.1999235941845,0.533149626624371,0.409375,0.846875,320
"UMass-gbqr_2src_nihflu_otid50","31",0.616688167784433,0.675078982332586,16.3322609492038,0.366835236522027,0.708396323179331,0.723353364164517,25.0245504825247,0.566894213840376,0.409375,0.8375,320
"UMass-gbqr_2src_nihflu_otid50","32",0.716938695208793,0.788651891511515,19.9284145490563,0.312866032116144,0.817121057454982,0.88298615240763,31.9195178537498,0.477614265702293,0.43125,0.90625,320
"UMass-gbqr_2src_nihflu_otid50","33",0.62394293980605,0.644630621247257,16.3368376062527,0.347749708122746,0.746744778146149,0.732966639431019,24.4839090777419,0.555333089776903,0.359375,0.85,320
"UMass-gbqr_2src_nihflu_otid50","34",0.563434994852091,0.586102917620677,101.45107404778,0.317019871175696,0.687531127217513,0.697130141877007,157.642805175504,0.480477340398448,0.43125,0.8875,320
"UMass-gbqr_2src_nihflu_otid50","35",0.649853516279956,0.635233616710209,24.0633306982299,0.291589202985882,0.756498011207064,0.754685320703627,38.0357523450872,0.463580300844218,0.4125,0.93125,320
"UMass-gbqr_2src_nihflu_otid50","36",0.535201917635405,0.618347263587846,186.273554995339,0.315551618370537,0.673639688431606,0.774364032804405,289.603910164221,0.470069053355947,0.41875,0.915625,320
"UMass-gbqr_2src_nihflu_otid50","37",0.581797690609977,0.618668808303914,135.725435983024,0.381924490149118,0.709794332833064,0.726765993441543,201.248245055403,0.562171223893586,0.43125,0.8875,320
"UMass-gbqr_2src_nihflu_otid50","38",0.731240351298311,0.71473954078152,9.55119044106331,0.337222776246835,0.833540660411439,0.722929764680885,14.723589919371,0.513366332866663,0.378125,0.846875,320
"UMass-gbqr_2src_nihflu_otid50","39",0.623879300052723,0.657902249337507,157.852979487445,0.398002908417914,0.736914383538247,0.801484554837828,233.913127086978,0.589084674682317,0.3625,0.859375,320
"UMass-gbqr_2src_nihflu_otid50","40",0.69429117365107,0.664211073118355,47.0171806971436,0.380120734622961,0.754918631722625,0.796530656062583,71.6350169475799,0.589172799386965,0.353125,0.86875,320
"UMass-gbqr_2src_nihflu_otid50","41",0.668759062395306,0.821897532752545,36.5383697450536,0.406323344423768,0.766968749281175,0.958959333518916,57.0315666246686,0.633900297911322,0.371875,0.9,320
"UMass-gbqr_2src_nihflu_otid50","42",0.570889548628244,0.736775259928841,197.697271313256,0.325981490433224,0.703018569915718,0.896936660211836,302.40610922085,0.481841410732337,0.371875,0.86875,320
"UMass-gbqr_2src_nihflu_otid50","44",0.687304131522904,0.731914484657332,14.6007338659767,0.377310534778892,0.796851697678404,0.806062976160154,20.9176138838447,0.576178059515004,0.378125,0.8,320
"UMass-gbqr_2src_nihflu_otid50","45",0.647035932246701,0.602542958056769,70.394730362954,0.335783337538137,0.787076379953355,0.725915932988541,106.863608249376,0.516368055690526,0.43125,0.88125,320
"UMass-gbqr_2src_nihflu_otid50","46",0.730304543263,0.701647649849045,10.1505057450763,0.373611891319093,0.778397061401524,0.704345955028874,15.2046386026274,0.569379082602273,0.384375,0.8125,320
"UMass-gbqr_2src_nihflu_otid50","47",0.668679759863558,0.61739839105335,64.4625124135135,0.272749908691954,0.796104008128486,0.745786183792539,102.588709286425,0.417711945228945,0.4375,0.915625,320
"UMass-gbqr_2src_nihflu_otid50","48",0.686560070856104,0.656892200376292,223.986159657571,0.313223430790486,0.825992473041354,0.788749319609781,356.216080344876,0.434687878080626,0.40625,0.903125,320
"UMass-gbqr_2src_nihflu_otid50","49",0.676551754597862,0.875956384348603,19.5601486091696,0.422894012376708,0.790701606823333,1.00116992858283,29.0742618965656,0.660814337959981,0.38125,0.871875,320
"UMass-gbqr_2src_nihflu_otid50","50",0.751790306759524,0.708907644461602,5.62539361199413,0.31722742227717,0.8305798606431,0.697899465748344,8.65909633423992,0.498427709406083,0.440625,0.88125,320
"UMass-gbqr_2src_nihflu_otid50","51",0.597935460210496,0.580462427790297,67.2535728117622,0.280813537543532,0.710694880716229,0.726178909795488,103.912797194798,0.425744244996763,0.440625,0.9125,320
"UMass-gbqr_2src_nihflu_otid50","53",0.688677330706901,0.746546630887951,35.0772677904214,0.317871178139146,0.764121941403075,0.822665184889918,56.175308667925,0.471470503951075,0.46875,0.9625,320
"UMass-gbqr_2src_nihflu_otid50","54",0.643792225263232,0.595963082335347,28.3722811123015,0.345587059152418,0.699862114843156,0.601621252395868,41.1968992326371,0.522161143575369,0.3875,0.846875,320
"UMass-gbqr_2src_nihflu_otid50","55",0.574069953619665,0.589159690491829,57.3720235832919,0.32885473310179,0.698958062280799,0.626542087441136,88.3909159463072,0.49919225431406,0.440625,0.871875,320
"UMass-gbqr_2src_nihflu_otid50","56",0.798408483048604,0.793148361083686,8.30619924031964,0.387632622036642,0.841224550697453,0.792240269329075,12.5280152080756,0.590355737298434,0.334375,0.859375,320
"UMass-gbqr_2src_utseirs_otid10","01",0.865869147588456,0.89902450568633,59.9320300346823,0.444716098652669,0.919568052169462,1.03283495881141,85.3678546610972,0.668673061271731,0.2875,0.8,320
"UMass-gbqr_2src_utseirs_otid10","02",1.04846715002318,1.09409640414903,7.81104415441883,0.472118883936702,1.03245438235469,1.07155761859308,10.9808670224663,0.702765905483576,0.29375,0.709375,320
"UMass-gbqr_2src_utseirs_otid10","04",0.847826688738156,0.672670056739611,137.975695840786,0.302797483216935,0.891758551837962,0.859764716922686,182.325084233168,0.453193376643198,0.39375,0.80625,320
"UMass-gbqr_2src_utseirs_otid10","05",0.829889132495179,0.914889092505232,37.1023304445586,0.46012532554413,0.854477274235046,1.00771988974319,53.8109850851663,0.693797455117063,0.265625,0.734375,320
"UMass-gbqr_2src_utseirs_otid10","06",0.643630735726103,0.568198462486093,201.60757671426,0.237940262267324,0.673323614399205,0.765731295322629,288.209281767644,0.373027857039695,0.459375,0.875,320
"UMass-gbqr_2src_utseirs_otid10","08",0.71631503681573,0.668132399140376,54.3519942140146,0.297517209465657,0.806968329278804,0.763556891799306,79.1304382762358,0.446889943062781,0.36875,0.8125,320
"UMass-gbqr_2src_utseirs_otid10","09",0.743162142429815,0.735032245233199,47.9588999826434,0.406219018051533,0.813752425298732,0.811064322163408,67.3907853669491,0.5933409962948,0.325,0.759375,320
"UMass-gbqr_2src_utseirs_otid10","10",0.872996262023062,0.874656102443324,17.7924815028401,0.44166018819644,0.915371478190846,0.925199010107824,24.2271395415238,0.67219615959977,0.271875,0.7875,320
"UMass-gbqr_2src_utseirs_otid10","11",0.81219943455923,0.953710744374682,13.8415613278462,0.526769271339341,0.871510196392678,0.960251642727579,19.3477954265839,0.793168506876245,0.259375,0.728125,320
"UMass-gbqr_2src_utseirs_otid10","12",0.734847278912214,0.731225898886617,217.244435113019,0.247869277654383,0.793022760425464,0.917203452801543,306.813229276253,0.369502578527327,0.378125,0.775,320
"UMass-gbqr_2src_utseirs_otid10","13",0.776004635163421,0.755004785209138,115.672994555824,0.391635743960327,0.85515343407506,0.920218201387221,160.241684967012,0.59971978452778,0.340625,0.75625,320
"UMass-gbqr_2src_utseirs_otid10","15",0.879547767787516,1.01888129319357,9.17224518517584,0.383036338533458,0.935794400085917,1.05297608464709,13.6230262049447,0.593197972663634,0.28125,0.825,320
"UMass-gbqr_2src_utseirs_otid10","16",0.921841041127001,0.944044552275872,24.92505316418,0.45762774027517,0.937030021151386,1.04247729101546,35.1473535549439,0.680645800568809,0.284375,0.75,320
"UMass-gbqr_2src_utseirs_otid10","17",0.720047312913468,0.73703868852578,127.81686610557,0.364127915364272,0.784622058418006,0.859468698530266,179.154090104943,0.542315623774265,0.378125,0.790625,320
"UMass-gbqr_2src_utseirs_otid10","18",0.765205855652528,0.663339176047596,94.8168220499224,0.333101364715867,0.837079148853712,0.771003681136985,135.816794431199,0.494642121017502,0.315625,0.79375,320
"UMass-gbqr_2src_utseirs_otid10","19",0.727307544400095,0.732633111445912,30.6494241524806,0.402304680838639,0.775564837860493,0.769606584650858,43.4094346258619,0.607495351220749,0.365625,0.765625,320
"UMass-gbqr_2src_utseirs_otid10","20",0.827959149379478,0.814119634338702,34.0756955058052,0.423036315917145,0.869874072800634,0.921276561569096,47.8042196891151,0.639089568621868,0.33125,0.771875,320
"UMass-gbqr_2src_utseirs_otid10","21",0.894330638187027,0.929775152526904,70.8907158374976,0.469241306598605,0.921541341042111,1.11033438529939,98.6220181952887,0.72662361839806,0.2375,0.715625,320
"UMass-gbqr_2src_utseirs_otid10","22",0.788091956227845,0.743067985233982,52.1051874940147,0.295753881023911,0.858834960979637,0.901555665993585,75.7556349748706,0.454581800388041,0.3,0.803125,320
"UMass-gbqr_2src_utseirs_otid10","23",0.769036956501992,0.804417851381879,17.4643028310591,0.407243592942031,0.84551535910145,0.845977627744444,25.4972853645872,0.621318861636772,0.3375,0.83125,320
"UMass-gbqr_2src_utseirs_otid10","24",0.641290390530664,0.711846658326025,57.3336862903656,0.407666794544289,0.736168377811343,0.869880451518967,82.491651051705,0.638131275202736,0.290625,0.765625,320
"UMass-gbqr_2src_utseirs_otid10","25",0.693826608460907,0.638915296834962,97.6727517660022,0.349293528173329,0.800743206160189,0.775769832387605,142.197850442285,0.526807479490528,0.324921135646688,0.79179810725552,320
"UMass-gbqr_2src_utseirs_otid10","26",0.825334768432701,0.682364188029265,126.669909249856,0.35024858960526,0.896230982536517,0.809003291596559,183.65742687908,0.526589051437525,0.3625,0.7375,320
"UMass-gbqr_2src_utseirs_otid10","27",0.690748936356035,0.69357829184596,71.2889094519287,0.36969932619886,0.80805874305511,0.770012222104653,102.312838064147,0.549880268710735,0.359621451104101,0.766561514195584,320
"UMass-gbqr_2src_utseirs_otid10","28",0.861482060199345,0.786010921137748,35.7148275617999,0.343882951330976,0.893265473064884,0.915946408579811,51.0522787143344,0.517059867642528,0.340625,0.79375,320
"UMass-gbqr_2src_utseirs_otid10","29",0.940923320677482,0.867527131167634,102.355854969203,0.439660260886675,0.975082173448725,1.00907337064701,140.680697523514,0.654290653172442,0.275,0.7125,320
"UMass-gbqr_2src_utseirs_otid10","30",0.864502727079383,0.845214792068782,17.0274132998308,0.455257529097253,0.901689579083302,0.820717023938759,24.0074858772771,0.679473729769656,0.3125,0.76875,320
"UMass-gbqr_2src_utseirs_otid10","31",0.778791708758245,0.846672236558056,20.2425807324272,0.447471656821577,0.820406264985988,0.873139802199901,28.4063054251311,0.664619948964387,0.334375,0.725,320
"UMass-gbqr_2src_utseirs_otid10","32",0.915990529078275,0.827129909611485,25.858049451844,0.328451514896537,0.919985015572104,0.897454528870497,36.2354104334139,0.482614164278162,0.3875,0.8,320
"UMass-gbqr_2src_utseirs_otid10","33",0.819137489133542,0.835421119908357,21.7572803750734,0.450210939128975,0.915031623095931,0.897746825166078,30.265317378929,0.676915500956756,0.26875,0.740625,320
"UMass-gbqr_2src_utseirs_otid10","34",0.65242986402593,0.725752804102661,118.075395301849,0.395175796314633,0.743082999193402,0.848968188671308,170.995900573989,0.585573310347588,0.31875,0.775,320
"UMass-gbqr_2src_utseirs_otid10","35",0.809432298159305,0.771884644301931,30.3426639959696,0.357463736370641,0.882486106515728,0.898160569896833,44.850926393391,0.555411432119424,0.3,0.8125,320
"UMass-gbqr_2src_utseirs_otid10","36",0.589684011223879,0.598485415584399,204.565080284685,0.303395057839984,0.704003490038535,0.764016915037337,302.569964131813,0.460395503217777,0.321875,0.784375,320
"UMass-gbqr_2src_utseirs_otid10","37",0.660190407766673,0.662604804001344,154.158206242984,0.399953887135252,0.748910134319849,0.819308623241181,212.931280026172,0.618627415909974,0.371875,0.8,320
"UMass-gbqr_2src_utseirs_otid10","38",0.767849097365597,0.868332807511389,10.0495907712337,0.409988386448143,0.836626052468254,0.86981396731573,14.8225332718343,0.616470098410952,0.346875,0.809375,320
"UMass-gbqr_2src_utseirs_otid10","39",0.688906085849457,0.737125381584048,171.846270669355,0.435133417490487,0.776037034508046,0.892181949327546,242.864187031344,0.642473280460452,0.315625,0.740625,320
"UMass-gbqr_2src_utseirs_otid10","40",0.881292278447081,0.898616609171106,56.984127432738,0.500388070108784,0.882634792375066,1.07516039507713,80.261099869089,0.776528401219908,0.253125,0.7625,320
"UMass-gbqr_2src_utseirs_otid10","41",0.889832599892852,0.916891737622572,48.9494608100457,0.441535907047748,0.903583556147125,1.06631370089846,66.5019558577138,0.68640637301173,0.325,0.80625,320
"UMass-gbqr_2src_utseirs_otid10","42",0.639487646546558,0.71852543682394,220.759384680678,0.310914377646983,0.748700929014438,0.903250626450463,320.071991280893,0.471277658310922,0.28125,0.784375,320
"UMass-gbqr_2src_utseirs_otid10","44",0.749437287542075,0.826980523992912,15.9050031082499,0.429235462863164,0.856582094841186,0.898757836466134,22.4856101783097,0.645577256210241,0.290625,0.753125,320
"UMass-gbqr_2src_utseirs_otid10","45",0.717894115966609,0.736804880194827,78.4620650031489,0.409282619368124,0.817479011636109,0.875628838594653,111.753297413314,0.621827407498883,0.328125,0.734375,320
"UMass-gbqr_2src_utseirs_otid10","46",0.860816442258363,0.898527277177612,11.726771901643,0.472818565693314,0.900305109132065,0.895277732558348,16.9569379796898,0.708624882695172,0.2625,0.740625,320
"UMass-gbqr_2src_utseirs_otid10","47",0.857570182118276,0.700078793508448,84.1706934320715,0.306521002590689,0.937300375018348,0.849727161632863,122.205083503646,0.466291118081141,0.346875,0.809375,320
"UMass-gbqr_2src_utseirs_otid10","48",0.714120550311895,0.709809291910536,234.035621640532,0.324126763084733,0.787997765302348,0.881116904496466,336.392516794731,0.455744052438279,0.4125,0.796875,320
"UMass-gbqr_2src_utseirs_otid10","49",0.729736704766679,0.809966776523888,21.2971149715542,0.391023869562647,0.80975112033055,0.906170362295917,29.9193022825477,0.600218676582307,0.29375,0.80625,320
"UMass-gbqr_2src_utseirs_otid10","50",0.876756803998705,0.955483139600915,6.50429341063836,0.421600921200709,0.924499384056197,0.930562082918411,9.61834090647162,0.652743044748531,0.315625,0.80625,320
"UMass-gbqr_2src_utseirs_otid10","51",0.716803691110492,0.752720441381008,81.5569890081763,0.361413255211641,0.810825934012423,0.96033946278362,119.711610301608,0.556561564153477,0.309375,0.746875,320
"UMass-gbqr_2src_utseirs_otid10","53",0.811576535459354,0.66351271022438,42.3829426230507,0.281442150226185,0.817741664210953,0.735883505872132,59.9923443448685,0.414933486480183,0.4125,0.86875,320
"UMass-gbqr_2src_utseirs_otid10","54",0.746964229507974,0.787768278075047,32.6179250334892,0.445345486618604,0.791916131483401,0.805141134195443,46.4393421574051,0.676080156888623,0.328125,0.753125,320
"UMass-gbqr_2src_utseirs_otid10","55",0.620192255882664,0.663702602883821,61.8372099759034,0.366394984373779,0.721611304248261,0.728026832994931,91.2082358903415,0.568630071912726,0.35,0.8,320
"UMass-gbqr_2src_utseirs_otid10","56",0.9867289534521,0.966205538976261,10.6858129440483,0.472494930839745,1.00411909793619,0.964091404582257,15.3248055730843,0.713066098168299,0.28125,0.80625,320
"UMass-gbqr_2src_utseirs_otid50","01",0.924723396294426,0.933752740494704,63.9496675494919,0.461218868562094,0.958061993642089,1.04865385433962,89.3319915309087,0.6782630692255,0.271875,0.753125,320
"UMass-gbqr_2src_utseirs_otid50","02",1.10951357722348,1.16546982959931,8.28844087232723,0.506247508549366,1.06626756153751,1.12570383241638,11.4116888382177,0.74594557186635,0.2625,0.703125,320
"UMass-gbqr_2src_utseirs_otid50","04",0.888310239319062,0.721347293017985,144.849768472033,0.325499442739836,0.923260389486075,0.906940632703854,191.620940100063,0.482544192587626,0.334375,0.79375,320
"UMass-gbqr_2src_utseirs_otid50","05",0.841467950691266,0.941733723393203,37.2245233051622,0.470393366872474,0.839845144038956,1.00898281577665,52.4489272021699,0.691475157696249,0.240625,0.7125,320
"UMass-gbqr_2src_utseirs_otid50","06",0.673780309665536,0.619971785616522,210.97311944926,0.260282913978023,0.699374120162217,0.819226961239694,303.098515861552,0.403608467828181,0.36875,0.840625,320
"UMass-gbqr_2src_utseirs_otid50","08",0.762139287582378,0.702203013097179,57.7308402504672,0.31396697163743,0.835296316271876,0.792925753867368,82.0452168524947,0.468306596912517,0.35625,0.76875,320
"UMass-gbqr_2src_utseirs_otid50","09",0.788224339018894,0.762252605625853,50.971352142767,0.421570995662983,0.846961302815406,0.83123398502485,70.3552484772308,0.610777741967303,0.29375,0.71875,320
"UMass-gbqr_2src_utseirs_otid50","10",0.914874249208838,0.892810655652554,18.631660167259,0.449466875678794,0.947177002342975,0.926679157164229,25.1150104326165,0.671901128644722,0.278125,0.746875,320
"UMass-gbqr_2src_utseirs_otid50","11",0.871196533248955,1.01201846935519,14.875491401173,0.561997152580573,0.910782200490793,1.00767833832726,20.354928476566,0.83758725938561,0.240625,0.690625,320
"UMass-gbqr_2src_utseirs_otid50","12",0.765052200115149,0.773245231401129,226.006096723744,0.261358630697705,0.807782205903479,0.936461983984011,313.451440392027,0.376949161214647,0.340625,0.7625,320
"UMass-gbqr_2src_utseirs_otid50","13",0.809784931474798,0.79670723188697,120.151225160858,0.411842189586937,0.862024699477385,0.953240148283859,161.300232475605,0.620611824198856,0.33125,0.740625,320
"UMass-gbqr_2src_utseirs_otid50","15",0.940139386920315,1.10346907465587,9.89491720846439,0.419157235001457,0.988588384261726,1.12815458306853,14.553736982569,0.642516787140231,0.240625,0.7625,320
"UMass-gbqr_2src_utseirs_otid50","16",0.984399477550589,0.98656828561823,26.5503434607108,0.474865604590446,0.970639238930207,1.05417242794175,36.626989911352,0.68713492604055,0.265625,0.70625,320
"UMass-gbqr_2src_utseirs_otid50","17",0.748986478280912,0.751027819170248,132.487322846106,0.369090828614535,0.800435624038719,0.871330906329394,183.105467243349,0.548296498148751,0.340625,0.7625,320
"UMass-gbqr_2src_utseirs_otid50","18",0.790026084218753,0.664768219820701,96.8075423112529,0.32997382959282,0.848726859094217,0.760341285001539,137.792780994812,0.484072800811915,0.309375,0.76875,320
"UMass-gbqr_2src_utseirs_otid50","19",0.753086751951783,0.752447811623667,31.3983304445001,0.409021484093593,0.771202617295635,0.765393174984905,42.8943451598462,0.599216570887988,0.365625,0.746875,320
"UMass-gbqr_2src_utseirs_otid50","20",0.89158149492232,0.874193029219331,36.605679065019,0.451798033171049,0.907096090157319,0.959770843107445,50.1256040390693,0.667410068410581,0.275,0.746875,320
"UMass-gbqr_2src_utseirs_otid50","21",0.93573866018715,0.964192509743719,73.586759922439,0.481686196165504,0.935254910678319,1.12285900280291,100.272409405034,0.731131156928983,0.253125,0.6875,320
"UMass-gbqr_2src_utseirs_otid50","22",0.85859846805956,0.803718068115851,56.9697426957654,0.320284068024999,0.920918519127301,0.957883335165781,82.1044557125506,0.486265525770382,0.265625,0.753125,320
"UMass-gbqr_2src_utseirs_otid50","23",0.825719957513417,0.840413683069285,18.6591336237958,0.423998363704499,0.880916129821239,0.860650317986521,26.5907527009374,0.633839446875614,0.3,0.796875,320
"UMass-gbqr_2src_utseirs_otid50","24",0.679895327621152,0.723384985272432,60.6075982013342,0.410607068737371,0.762139265954792,0.862889920383799,85.7822951681246,0.628772070694092,0.3,0.75,320
"UMass-gbqr_2src_utseirs_otid50","25",0.719704048887111,0.652276517328946,100.611012974837,0.355171910253567,0.812314515373021,0.77133892974065,144.160146933074,0.522710087042776,0.318611987381703,0.772870662460568,320
"UMass-gbqr_2src_utseirs_otid50","26",0.852357371176822,0.693345951630393,129.253187048646,0.351001288543169,0.897019261383425,0.804220118743256,182.708372655028,0.518113541491944,0.328125,0.746875,320
"UMass-gbqr_2src_utseirs_otid50","27",0.728490335203265,0.6954454583428,74.9769597492821,0.367856982209566,0.832354115817772,0.759105610163309,105.383426099522,0.539967841316452,0.350157728706625,0.757097791798107,320
"UMass-gbqr_2src_utseirs_otid50","28",0.938721555838068,0.847011465780217,39.0877262315439,0.371186239129784,0.96003455006333,0.966041321223323,55.5942233471058,0.548422398450698,0.31875,0.74375,320
"UMass-gbqr_2src_utseirs_otid50","29",0.977425882081693,0.891078039636324,105.339008334577,0.44638855528074,0.983715635373566,1.00879644052284,141.624938218806,0.649407866888263,0.2625,0.70625,320
"UMass-gbqr_2src_utseirs_otid50","30",0.911266095229554,0.879564122252055,17.8085822589917,0.47253085840354,0.921681044834981,0.841420028613883,24.475149312182,0.697455992814186,0.275,0.75,320
"UMass-gbqr_2src_utseirs_otid50","31",0.805242174601275,0.861566013802156,20.6993901950387,0.450372443047697,0.837196508589285,0.879968337067541,29.0356289682468,0.668380776198018,0.3,0.721875,320
"UMass-gbqr_2src_utseirs_otid50","32",0.992251453027938,0.885211677486976,28.0913592170162,0.352691029631289,0.996914021045519,0.962555602808275,39.6383621442128,0.521514472860254,0.34375,0.775,320
"UMass-gbqr_2src_utseirs_otid50","33",0.853159736689638,0.846849188680663,22.5812499567379,0.454048123899978,0.928007984594575,0.885177877527638,30.6324293269673,0.663541824163057,0.29375,0.7375,320
"UMass-gbqr_2src_utseirs_otid50","34",0.683715711722984,0.76224303584165,123.611186742405,0.414390581633062,0.751592296554181,0.874359968306107,173.204364556529,0.603003595316544,0.31875,0.746875,320
"UMass-gbqr_2src_utseirs_otid50","35",0.878966634881761,0.825475226014339,32.9309425484677,0.382847558091571,0.924872128104013,0.943222183616319,47.204702276415,0.587958563051587,0.275,0.78125,320
"UMass-gbqr_2src_utseirs_otid50","36",0.602839895891516,0.606279607905175,209.028685369073,0.306000023174967,0.701409158897445,0.757033925440744,301.202296551313,0.452258167464509,0.334375,0.78125,320
"UMass-gbqr_2src_utseirs_otid50","37",0.705967238164903,0.679048812610617,165.18742735337,0.406662513291597,0.783954509139556,0.813058230228689,223.865427145679,0.609589841122466,0.321875,0.784375,320
"UMass-gbqr_2src_utseirs_otid50","38",0.803723666748583,0.901006525110853,10.5028726040155,0.42284748376563,0.85967793470263,0.890834755692559,15.2230125307804,0.628933087728549,0.328125,0.78125,320
"UMass-gbqr_2src_utseirs_otid50","39",0.716921725518201,0.751618176652147,176.861272245463,0.439199048204511,0.786117959752004,0.906976712750608,245.321856779319,0.648402299097167,0.290625,0.71875,320
"UMass-gbqr_2src_utseirs_otid50","40",0.927397797437715,0.953784140337812,59.7225009597069,0.527114582639283,0.907055097079296,1.12243134811711,82.8805245693284,0.807742127125937,0.23125,0.7375,320
"UMass-gbqr_2src_utseirs_otid50","41",0.945335276797988,0.967223290072118,51.7672008103187,0.464296075123618,0.934893900573636,1.0861684742622,69.0499258455175,0.69858225819728,0.321875,0.76875,320
"UMass-gbqr_2src_utseirs_otid50","42",0.67390333668881,0.738723500638799,231.042170643796,0.316658216383283,0.758865259831006,0.891940654096739,324.190303577969,0.462710266471399,0.3,0.753125,320
"UMass-gbqr_2src_utseirs_otid50","44",0.787943368156935,0.852304017454232,16.7419025839349,0.442125300510017,0.881073037947911,0.901660324828863,23.1656350769323,0.647695420894883,0.24375,0.70625,320
"UMass-gbqr_2src_utseirs_otid50","45",0.767615252446016,0.785989131088832,83.8409301540963,0.436514535709206,0.848733352515904,0.909575515806354,116.629839251517,0.647245105874168,0.29375,0.703125,320
"UMass-gbqr_2src_utseirs_otid50","46",0.915761072829834,0.942648042207239,12.4460641169321,0.494523316707421,0.932971670498984,0.910308520101892,17.590998576372,0.719939244248445,0.24375,0.7,320
"UMass-gbqr_2src_utseirs_otid50","47",0.927229050087116,0.734130397781315,90.5341776913881,0.318700769863054,0.982801493996827,0.858564401117903,128.652455163085,0.469423255933076,0.321875,0.771875,320
"UMass-gbqr_2src_utseirs_otid50","48",0.745692639228953,0.745852200997909,241.320898610676,0.335669681229362,0.79185457438624,0.896182150281033,336.309402427538,0.459826873391119,0.34375,0.778125,320
"UMass-gbqr_2src_utseirs_otid50","49",0.775629200821049,0.85847071961069,22.5563366194906,0.416596787644201,0.839015372853251,0.961070272594548,31.1328700577442,0.642457147522167,0.275,0.765625,320
"UMass-gbqr_2src_utseirs_otid50","50",0.925723574770716,0.999115461967,6.86839120921251,0.440566021161177,0.955094629988567,0.957910340005747,9.97326306622107,0.674061309947829,0.2875,0.74375,320
"UMass-gbqr_2src_utseirs_otid50","51",0.773383313421895,0.802235091655063,87.9311394196441,0.384283184957386,0.857936411000489,0.995299281488056,127.455022146286,0.577424297942417,0.3,0.721875,320
"UMass-gbqr_2src_utseirs_otid50","53",0.873859213116201,0.705492447697384,45.5190493882588,0.299293855162185,0.878852087983437,0.780300619487193,65.2026915684661,0.445480179187946,0.328125,0.8625,320
"UMass-gbqr_2src_utseirs_otid50","54",0.772879867747139,0.802393661434513,33.5557665095113,0.449816212390783,0.806376977134204,0.822730002485689,47.3693883474307,0.686044006111421,0.328125,0.7625,320
"UMass-gbqr_2src_utseirs_otid50","55",0.645611555665888,0.674835527485818,64.3003964723105,0.368938933495828,0.713991461650995,0.707151052812253,90.1758357515629,0.547448682512148,0.365625,0.778125,320
"UMass-gbqr_2src_utseirs_otid50","56",1.06920778463169,1.02693683397704,11.6503391869239,0.504316137757533,1.08141202629363,1.01583072222824,16.7409367440127,0.756250438923266,0.253125,0.765625,320
"UMass-gbqr_3src_spatial","01",0.679127222499157,0.613703284154955,43.437732161221,0.262222898739279,0.738893662260922,0.695350566017565,63.8077931211914,0.399793990006579,0.365384615384615,0.923076923076923,208
"UMass-gbqr_3src_spatial","02",0.843177150860113,0.79176702623059,5.7623831812628,0.319379422910281,0.928578629998423,0.825240483975047,9.1403906252904,0.503070097931958,0.403846153846154,0.908653846153846,208
"UMass-gbqr_3src_spatial","04",0.700806444568578,0.534411769603322,148.779506299375,0.25085468755371,0.772505185222014,0.689213534033846,203.181669143452,0.368183161309397,0.365384615384615,0.841346153846154,208
"UMass-gbqr_3src_spatial","05",0.695658180767691,0.538510700901463,35.0252328584846,0.275802460910284,0.777681889669711,0.647742900130313,53.7137506183558,0.441437926747462,0.322115384615385,0.932692307692308,208
"UMass-gbqr_3src_spatial","06",0.681809359592942,0.454867785911617,262.673500262871,0.210564912704261,0.72971121793843,0.574220618335493,378.349282788362,0.308562788369559,0.413461538461538,0.927884615384615,208
"UMass-gbqr_3src_spatial","08",0.590492543985279,0.547880545174047,41.9826786528453,0.230139444488339,0.673706161178389,0.615965296328638,60.1290874208474,0.339299749492846,0.480769230769231,0.903846153846154,208
"UMass-gbqr_3src_spatial","09",0.623877428325785,0.55037417353348,29.1977029795947,0.266816999667546,0.721556922698562,0.650355329514124,44.6718854402752,0.41988546458008,0.360576923076923,0.932692307692308,208
"UMass-gbqr_3src_spatial","10",0.775075543189856,0.68694511765835,14.4336295321787,0.32260486238379,0.839836173189505,0.742818299261101,20.1210138657821,0.494746150321145,0.447115384615385,0.870192307692308,208
"UMass-gbqr_3src_spatial","11",0.674103744968217,0.717030028092278,13.7371294732574,0.391942712844835,0.741334758111224,0.750533925185162,19.2870210864999,0.59742244240671,0.269230769230769,0.831730769230769,208
"UMass-gbqr_3src_spatial","12",0.641597711520585,0.535399549366504,180.229788235139,0.177613362939949,0.734992431366274,0.675012389284923,267.619365485218,0.267839764912145,0.336538461538462,0.889423076923077,208
"UMass-gbqr_3src_spatial","13",0.669232144809259,0.558863186932582,94.3381590476778,0.286781968114378,0.784026080563382,0.654417232242379,135.659298173497,0.416809554452997,0.346153846153846,0.8125,208
"UMass-gbqr_3src_spatial","15",0.795252574433887,0.827336880889067,8.12955020526173,0.270768160157219,0.836980108709958,0.844598513297737,11.8343813004493,0.410162913287873,0.408653846153846,0.899038461538462,208
"UMass-gbqr_3src_spatial","16",0.674659839422217,0.611690006918408,19.4736083059065,0.324239203876759,0.742068042336417,0.719799304912664,29.3708097179459,0.511852517825522,0.389423076923077,0.899038461538462,208
"UMass-gbqr_3src_spatial","17",0.713274719908337,0.585592950953792,115.342489809709,0.271286684851983,0.794859052591845,0.680040069968068,161.326834309345,0.39616404924058,0.379807692307692,0.870192307692308,208
"UMass-gbqr_3src_spatial","18",0.679822370350367,0.521263050681736,94.2009496608684,0.262887535249154,0.744782352406895,0.597216580583416,132.282166481055,0.386854226832079,0.399038461538462,0.899038461538462,208
"UMass-gbqr_3src_spatial","19",0.640972324341311,0.547050090964251,27.7369943662759,0.310879982194769,0.727229813222451,0.591432625913579,41.5787779739752,0.478439306003447,0.350961538461538,0.889423076923077,208
"UMass-gbqr_3src_spatial","20",0.665622998943225,0.546739303314571,29.0986724837309,0.300027555362976,0.722611539872421,0.622516609243055,41.1858970899555,0.453238917131128,0.370192307692308,0.884615384615385,208
"UMass-gbqr_3src_spatial","21",0.743507802185226,0.610145741779977,65.3261343713756,0.307615294975712,0.777361553246829,0.708038908695467,89.6748540534741,0.456180201846806,0.403846153846154,0.879807692307692,208
"UMass-gbqr_3src_spatial","22",0.631829821395334,0.557215356526949,39.525757382667,0.218843263419558,0.719202841100033,0.677900594121781,59.4060010317893,0.339563889576803,0.307692307692308,0.923076923076923,208
"UMass-gbqr_3src_spatial","23",0.614937559239535,0.547123748832746,13.4791904372226,0.285137402105972,0.70149548562568,0.583473745347578,19.9573130997037,0.434278550035038,0.471153846153846,0.913461538461538,208
"UMass-gbqr_3src_spatial","24",0.550993380964294,0.538201573028409,49.7915741130318,0.292446741418769,0.652752215117885,0.651395323041399,71.9513527907287,0.445971521778716,0.375,0.865384615384615,208
"UMass-gbqr_3src_spatial","25",0.632969611245581,0.464870865066011,89.6833838050802,0.237645521662018,0.762131043849085,0.588571992375234,134.254166689941,0.369994754036473,0.307317073170732,0.892682926829268,208
"UMass-gbqr_3src_spatial","26",0.707080009979586,0.48233311043912,117.59908782661,0.259640332860278,0.798176940182528,0.586118874512198,174.091901306753,0.400137794268548,0.408653846153846,0.865384615384615,208
"UMass-gbqr_3src_spatial","27",0.578056789075202,0.557486689176737,54.5831015704209,0.297401126781113,0.688577909539956,0.612975077620627,77.0487811764494,0.429367381799559,0.473170731707317,0.91219512195122,208
"UMass-gbqr_3src_spatial","28",0.616272328830621,0.49223505601868,26.3564905000228,0.198780184640532,0.687845938601661,0.596914963871912,39.7976904331708,0.307251617440721,0.442307692307692,0.923076923076923,208
"UMass-gbqr_3src_spatial","29",0.772653789250576,0.550479937632779,89.6722176278934,0.288842839283083,0.814098481001673,0.635635333886157,123.109961095834,0.4260298182526,0.394230769230769,0.860576923076923,208
"UMass-gbqr_3src_spatial","30",0.675619560615034,0.615145736742048,14.1970689334541,0.353644422724998,0.768854294396581,0.635911358992386,21.3877462193191,0.554418173170524,0.317307692307692,0.870192307692308,208
"UMass-gbqr_3src_spatial","31",0.669991593143954,0.598595654222173,19.2364883702743,0.340746215104571,0.739504705212894,0.638704230603657,27.4579551460938,0.509038992225528,0.350961538461538,0.826923076923077,208
"UMass-gbqr_3src_spatial","32",0.687500729069785,0.604190521241531,17.9099423126184,0.227766331541139,0.737274678382559,0.668945442412688,26.4986580711774,0.340370657351681,0.442307692307692,0.932692307692308,208
"UMass-gbqr_3src_spatial","33",0.644167218074272,0.588081442295792,16.7886937217995,0.324820304642105,0.764685041523356,0.650741698496438,24.3077407206417,0.492815916790433,0.4375,0.860576923076923,208
"UMass-gbqr_3src_spatial","34",0.576804531996322,0.483175350119387,96.3380650461277,0.264472989502036,0.6816940729291,0.577381469684543,142.224257684286,0.39790088396657,0.336538461538462,0.894230769230769,208
"UMass-gbqr_3src_spatial","35",0.627006359072166,0.556636140870048,20.4530056970041,0.239310892998862,0.717772342086323,0.650157810315476,31.8187573130237,0.372986878463622,0.399038461538462,0.913461538461538,208
"UMass-gbqr_3src_spatial","36",0.585214637868612,0.512642073723635,166.01537213795,0.238299670601228,0.701001171594799,0.639803372015885,246.096161408366,0.359549742833604,0.350961538461538,0.884615384615385,208
"UMass-gbqr_3src_spatial","37",0.598667393088824,0.529541529819692,114.371936279343,0.331487800029753,0.709338328853468,0.641893546827702,164.784042771784,0.502705382207297,0.322115384615385,0.822115384615385,208
"UMass-gbqr_3src_spatial","38",0.591471112081156,0.578117388369786,6.37383552557113,0.27404510317239,0.693546292398923,0.5999347835317,10.0553305419379,0.42817873326778,0.456730769230769,0.9375,208
"UMass-gbqr_3src_spatial","39",0.670574003005762,0.520800995267473,176.719241002253,0.302590357072906,0.781064018549275,0.632131344386995,250.807121549298,0.442148975984284,0.341346153846154,0.860576923076923,208
"UMass-gbqr_3src_spatial","40",0.683829483475479,0.510020066596772,54.4256804402075,0.285366425005803,0.745932232445438,0.629557004752782,82.4373333485137,0.449198821231059,0.394230769230769,0.903846153846154,208
"UMass-gbqr_3src_spatial","41",0.681084352726743,0.586085893063616,40.2516970915355,0.259251443272256,0.717499186375676,0.670812436256296,55.9643687569801,0.380605920047871,0.471153846153846,0.903846153846154,208
"UMass-gbqr_3src_spatial","42",0.64366918758149,0.547990072280713,220.517121545477,0.242905520283164,0.763608904971499,0.688598282069708,308.032524838181,0.360859717707614,0.375,0.860576923076923,208
"UMass-gbqr_3src_spatial","44",0.653140936020863,0.629220703588992,10.4424162534004,0.309207013232674,0.765500385307562,0.695249646639324,15.0886268595426,0.476121302616725,0.432692307692308,0.860576923076923,208
"UMass-gbqr_3src_spatial","45",0.600447487289348,0.516920450877024,61.9287387796191,0.245809214069034,0.714482950125892,0.614816645141337,90.7936051425659,0.368413291763491,0.350961538461538,0.870192307692308,208
"UMass-gbqr_3src_spatial","46",0.664806832836481,0.594398000299662,9.99388418384458,0.342194983326844,0.720252601891018,0.612841016685157,15.121616670299,0.536121433185079,0.365384615384615,0.875,208
"UMass-gbqr_3src_spatial","47",0.650843645927952,0.46661407404152,62.9262734444111,0.213973448932015,0.730636808187708,0.560848716366741,92.0655343923576,0.321981838325863,0.451923076923077,0.908653846153846,208
"UMass-gbqr_3src_spatial","48",0.580679524881147,0.524464041093629,214.844902614643,0.291248376626555,0.669285663077991,0.628462663105413,315.135189973581,0.385812646608965,0.384615384615385,0.860576923076923,208
"UMass-gbqr_3src_spatial","49",0.642389661459973,0.636255663858124,18.6298531213906,0.276354860246267,0.719036781146936,0.725260292216512,25.2355844852471,0.421790323340135,0.408653846153846,0.918269230769231,208
"UMass-gbqr_3src_spatial","50",0.702230701229578,0.639726937331778,5.65054860146558,0.287496150810762,0.742619292982703,0.616809848222297,8.26829817072836,0.439660967764736,0.4375,0.903846153846154,208
"UMass-gbqr_3src_spatial","51",0.578668487391155,0.482254203581649,63.5759000027513,0.21636904827351,0.673331321053425,0.613644624137469,93.0567888272793,0.327913954462699,0.350961538461538,0.870192307692308,208
"UMass-gbqr_3src_spatial","53",0.712871186339399,0.518494987048916,43.7284128799457,0.241464632492494,0.753722417269753,0.576791532922675,64.000700928023,0.350832470736582,0.490384615384615,0.913461538461538,208
"UMass-gbqr_3src_spatial","54",0.628359686077388,0.541615674417047,32.8269618904884,0.323092096833596,0.692847831891475,0.568895636309812,47.3035650502149,0.496996526046291,0.394230769230769,0.870192307692308,208
"UMass-gbqr_3src_spatial","55",0.608995510773996,0.496214012323797,51.2318734635451,0.27658932418463,0.730160804214545,0.549531459656017,77.4241780120415,0.431068389522733,0.4375,0.9375,208
"UMass-gbqr_3src_spatial","56",0.801775135984878,0.761091284927812,9.95134451825987,0.378653377465752,0.828844037664831,0.76273046784681,14.3278720844801,0.56495793447547,0.346153846153846,0.817307692307692,208
"UMass-gbqr_4src","01",0.671089090656843,0.597801207567356,53.710973342931,0.384521036224913,0.730517139160873,0.670680416148272,77.5909408712302,0.543184771701857,0.330357142857143,0.848214285714286,112
"UMass-gbqr_4src","02",0.79842696224191,0.812410172341516,6.70481389213789,0.402347834765956,0.864347016068612,0.824729405374636,10.202445557355,0.627244448951222,0.276785714285714,0.821428571428571,112
"UMass-gbqr_4src","04",0.834412170311887,0.532238915129756,51.8214400262487,0.229762200201948,0.867830917473517,0.654823809478198,78.0767645341226,0.346941543750921,0.4375,0.919642857142857,112
"UMass-gbqr_4src","05",0.742493304647753,0.634714174260688,25.6698582487543,0.319618454493817,0.801096205443621,0.686910880384551,41.2587492612308,0.493855400198458,0.330357142857143,0.892857142857143,112
"UMass-gbqr_4src","06",0.498630092557611,0.361153574468089,102.648867518226,0.137260082288439,0.495465516968774,0.439953620155952,149.364691257428,0.196326039135162,0.5625,0.955357142857143,112
"UMass-gbqr_4src","08",0.506124420454236,0.545449063012562,43.6160858451968,0.279017144184961,0.584554896142606,0.631222677023557,67.6080888485987,0.424694685716624,0.348214285714286,0.839285714285714,112
"UMass-gbqr_4src","09",0.540742583518085,0.559593806901343,52.7628528472194,0.391305396411354,0.607169504235698,0.635036063259886,73.4669148951542,0.578855290808014,0.214285714285714,0.758928571428571,112
"UMass-gbqr_4src","10",0.658069051416121,0.699597781001474,15.8860711839931,0.403387584432116,0.688507058447403,0.735338421670786,21.8029170939198,0.618773777320217,0.330357142857143,0.821428571428571,112
"UMass-gbqr_4src","11",0.645403162915189,0.761886127186301,6.98481993165763,0.432568057851297,0.706364021321161,0.761778545685521,10.8321744562417,0.682524774981329,0.383928571428571,0.839285714285714,112
"UMass-gbqr_4src","12",0.578477292163603,0.467311256537954,191.509971720749,0.175787441003906,0.656930591436223,0.590620617683658,286.656943865303,0.260356640857936,0.366071428571429,0.839285714285714,112
"UMass-gbqr_4src","13",0.57120867592241,0.493474149777737,96.5541594998411,0.281004699950275,0.662243508293839,0.579668777871701,143.517708519011,0.420698509800203,0.339285714285714,0.803571428571429,112
"UMass-gbqr_4src","15",0.771514812208213,0.883048075351657,8.35817128642102,0.412201918296689,0.779454386834167,0.857673397924563,12.1614035218831,0.611698358243822,0.366071428571429,0.794642857142857,112
"UMass-gbqr_4src","16",0.662523306284963,0.642207464424915,15.5954703174829,0.266024392148426,0.738316645558175,0.747585919129585,25.0808810114428,0.428476372692317,0.321428571428571,0.928571428571429,112
"UMass-gbqr_4src","17",0.553724106307037,0.538738444367748,115.20758228687,0.308657767930708,0.623976473466361,0.605967216453429,171.390782070469,0.451654930060536,0.348214285714286,0.794642857142857,112
"UMass-gbqr_4src","18",0.618371091996182,0.497286667065283,60.6142951731663,0.257853683687906,0.735452175632683,0.575691983858459,99.0860241933977,0.378784718661634,0.455357142857143,0.848214285714286,112
"UMass-gbqr_4src","19",0.52376531979149,0.512442813817931,21.3552671653811,0.267709666229924,0.575664560312122,0.539597954247675,31.7961837382066,0.424239268969216,0.428571428571429,0.919642857142857,112
"UMass-gbqr_4src","20",0.563312774281089,0.497408311605398,21.3025946820717,0.241988214271357,0.613397954085312,0.537340635405917,32.3445298587364,0.362394218711523,0.455357142857143,0.892857142857143,112
"UMass-gbqr_4src","21",0.709249226004787,0.584400760444012,45.2008773446442,0.303566484370223,0.805091610474824,0.670023890414639,73.3165225618784,0.466626978486039,0.267857142857143,0.794642857142857,112
"UMass-gbqr_4src","22",0.5621547471786,0.563989666842768,41.5374606914762,0.24235047882236,0.641110186490341,0.653229859829195,64.0375143222529,0.350623448571653,0.366071428571429,0.776785714285714,112
"UMass-gbqr_4src","23",0.497435520054282,0.54700675279209,12.0852025988824,0.267716948144464,0.582804289677531,0.565637397502072,19.5818222698802,0.415177560988906,0.4375,0.928571428571429,112
"UMass-gbqr_4src","24",0.496652314286573,0.599457889180433,44.6208631376629,0.382670935781725,0.592149268570623,0.681017738444465,69.2916267850469,0.566490047445523,0.348214285714286,0.8125,112
"UMass-gbqr_4src","25",0.57592270127342,0.528652862902424,82.7962664345308,0.338432288296534,0.683011565284706,0.642053885462998,124.932023322598,0.514399078582553,0.258928571428571,0.830357142857143,112
"UMass-gbqr_4src","26",0.670900566271449,0.501311209932743,89.8452553108331,0.250628994253978,0.771040197873826,0.606363337968812,141.27971926875,0.386691610731475,0.419642857142857,0.875,112
"UMass-gbqr_4src","27",0.485165694883215,0.547182292409022,60.2922285270415,0.303195482218219,0.583128835819983,0.598049798943049,92.3151551062931,0.456181757875466,0.321428571428571,0.8125,112
"UMass-gbqr_4src","28",0.704244149566997,0.566724510119114,27.4127898885598,0.292263295503697,0.775980718239244,0.648808389607614,43.2260870082495,0.439078429080629,0.258928571428571,0.794642857142857,112
"UMass-gbqr_4src","29",0.688717482861324,0.5264897583092,68.6613293813421,0.268181154405342,0.746093464789589,0.60530903052128,100.7006400887,0.395728635297138,0.392857142857143,0.848214285714286,112
"UMass-gbqr_4src","30",0.563059460049535,0.598929653945046,10.0197013403107,0.292785686731982,0.63584907440457,0.590308511156098,16.0366818781467,0.463016702829368,0.446428571428571,0.919642857142857,112
"UMass-gbqr_4src","31",0.54094684535293,0.61437355367057,12.1162366369465,0.296699781692647,0.59896259809809,0.6357051573823,19.1438999592883,0.47675996918361,0.392857142857143,0.928571428571429,112
"UMass-gbqr_4src","32",0.726870707976008,0.637924155764389,23.4411094434188,0.288160129154698,0.798530780420487,0.714003948113454,36.6994524094975,0.438543890593434,0.366071428571429,0.8125,112
"UMass-gbqr_4src","33",0.562174366263195,0.593218227134004,15.9611815633522,0.310849821518629,0.657981611427587,0.656094229634597,23.9420250624937,0.498414803866303,0.383928571428571,0.875,112
"UMass-gbqr_4src","34",0.485004586205274,0.495864153147703,102.592256428968,0.277649719661118,0.558653013027489,0.567439044747454,151.883417228306,0.406158743086528,0.25,0.8125,112
"UMass-gbqr_4src","35",0.588408869955307,0.607968108750902,27.518445135209,0.324956815036085,0.658605680170334,0.664837735921188,41.4952983279345,0.476824953572139,0.321428571428571,0.758928571428571,112
"UMass-gbqr_4src","36",0.53074584553096,0.455606859911624,250.177163388036,0.281336674939176,0.600287327990989,0.571957405055893,345.907771465031,0.402803670007414,0.258928571428571,0.758928571428571,112
"UMass-gbqr_4src","37",0.5031119988125,0.445860801302519,159.216263613114,0.275016001535456,0.557342339924457,0.502666572834694,212.940075584483,0.385397511449787,0.4375,0.785714285714286,112
"UMass-gbqr_4src","38",0.545057459205294,0.58137405284317,9.67250047040846,0.284230859394508,0.606655800700996,0.58934203162577,14.5475908583793,0.432468020670782,0.375,0.883928571428571,112
"UMass-gbqr_4src","39",0.528027732773156,0.537253219796287,122.440768388364,0.339253590189058,0.619800022385071,0.622700128664441,189.560014376921,0.488248078797469,0.419642857142857,0.830357142857143,112
"UMass-gbqr_4src","40",0.685794561916195,0.532823411774002,27.8936257789522,0.308159885371354,0.69999946799066,0.588994427330337,41.7132856226658,0.456300282514917,0.446428571428571,0.901785714285714,112
"UMass-gbqr_4src","41",0.541471066113468,0.578993447460241,26.9601596908563,0.337860833072621,0.584234077480542,0.642010585953246,40.3077274637429,0.522595557495925,0.464285714285714,0.875,112
"UMass-gbqr_4src","42",0.509102688241143,0.547469793871781,184.944183185429,0.238623879423771,0.610836889984201,0.677269721974293,292.957157860984,0.364963561771049,0.267857142857143,0.830357142857143,112
"UMass-gbqr_4src","44",0.577326170275723,0.625015338401677,17.9348641506337,0.361305229193626,0.664403686405889,0.704471463160515,25.3968435590027,0.556061131360217,0.285714285714286,0.8125,112
"UMass-gbqr_4src","45",0.524163890696975,0.52636709912822,64.6756011823742,0.377977215161595,0.624618381208245,0.583304985570424,97.1350371185338,0.542821264510069,0.348214285714286,0.741071428571429,112
"UMass-gbqr_4src","46",0.610438644234159,0.587809965748104,7.12476222308856,0.268120739006471,0.630901920150211,0.574486406236434,10.1738025220168,0.395157065528542,0.464285714285714,0.901785714285714,112
"UMass-gbqr_4src","47",0.586279520164455,0.440740352753652,59.6895990862336,0.186425106602572,0.657563185223589,0.527360345449523,91.5901399940345,0.279140659265847,0.491071428571429,0.901785714285714,112
"UMass-gbqr_4src","48",0.555633836241233,0.443118503601422,143.942551993639,0.147918027102831,0.653351951880124,0.548858179224111,234.757852038539,0.2230169909907,0.473214285714286,0.9375,112
"UMass-gbqr_4src","49",0.54904358608643,0.702811734898335,16.6947481507712,0.410996696445226,0.631155043259733,0.802188072822178,26.2058134403108,0.659939709389811,0.357142857142857,0.821428571428571,112
"UMass-gbqr_4src","50",0.723646374532416,0.692561185173668,4.62462824790626,0.308828693676179,0.825626318140175,0.698466997627325,7.43521901304979,0.501308267995578,0.446428571428571,0.910714285714286,112
"UMass-gbqr_4src","51",0.512212348147296,0.485099394287816,63.1119625448551,0.271732646087553,0.593521124083658,0.56181298379356,98.4662488136213,0.3863809234554,0.348214285714286,0.839285714285714,112
"UMass-gbqr_4src","53",0.778087882106497,0.538139893392494,27.4109885837688,0.199330339103315,0.810476751361214,0.606199272932581,43.4619481733339,0.314451830584557,0.455357142857143,0.991071428571429,112
"UMass-gbqr_4src","54",0.616403252311593,0.549985984712371,17.9800052236128,0.292394030748413,0.679686710176348,0.554542044515028,28.7577674070573,0.461075601620842,0.419642857142857,0.919642857142857,112
"UMass-gbqr_4src","55",0.446982214361899,0.459906595497198,57.2166544400917,0.264380115898999,0.5189154642398,0.505400984098531,83.659326133913,0.415215450112132,0.482142857142857,0.866071428571429,112
"UMass-gbqr_4src","56",0.845512701645887,0.753060945096103,6.33375019685799,0.366771860681216,0.886076697739923,0.758188630017197,10.0301667607895,0.580891389339198,0.339285714285714,0.883928571428571,112
"UMass-gbqr_5src_all_otid10","01",0.94698167493501,0.974502086409216,75.7921834922021,0.626824682396098,0.986364215056629,1.14475039155456,104.765409851804,0.927134541460515,0.267857142857143,0.758928571428571,112
"UMass-gbqr_5src_all_otid10","02",1.01219709491381,1.05300946203821,8.49995486688428,0.52150513553766,1.0320011609446,1.04548241477109,12.1813756094793,0.795137213330474,0.348214285714286,0.767857142857143,112
"UMass-gbqr_5src_all_otid10","04",0.964735466853508,0.721876846327238,59.9152108700157,0.311626992638361,1.02341696727272,0.907330184985641,92.0744858993994,0.48072554863509,0.330357142857143,0.892857142857143,112
"UMass-gbqr_5src_all_otid10","05",0.986790946479534,0.892984506932676,34.1158412590682,0.449673789505637,1.02677022127454,0.99686321361711,52.8816075030653,0.716696001420728,0.25,0.803571428571429,112
"UMass-gbqr_5src_all_otid10","06",0.760759979839569,0.740071070874951,156.611386976605,0.281271523443179,0.833792275902433,0.96820136784529,251.357807148554,0.43205267765937,0.366071428571429,0.928571428571429,112
"UMass-gbqr_5src_all_otid10","08",0.679044578144712,0.733120385250419,58.5177585118189,0.375017889125312,0.756944541945857,0.81056366816046,87.5462239441285,0.545357596982963,0.392857142857143,0.785714285714286,112
"UMass-gbqr_5src_all_otid10","09",0.602484248739509,0.650726076334379,58.7872838720998,0.455031171029598,0.691560025095704,0.761018686847539,83.6780852038215,0.693692403899249,0.375,0.821428571428571,112
"UMass-gbqr_5src_all_otid10","10",0.810933215371218,0.899412250866997,19.5762781384859,0.518600466065694,0.84838988844093,0.961658184797645,26.8659183287234,0.809217701621128,0.366071428571429,0.776785714285714,112
"UMass-gbqr_5src_all_otid10","11",0.798836981222861,0.928643464451895,8.64534416501439,0.527246113980009,0.826497699366754,0.935687208017733,12.6744383872754,0.838340361148542,0.330357142857143,0.821428571428571,112
"UMass-gbqr_5src_all_otid10","12",0.801633730350015,0.801941766499018,265.387864155455,0.301664659249579,0.879723486548316,0.978600970434528,383.874414417419,0.431385653961568,0.366071428571429,0.8125,112
"UMass-gbqr_5src_all_otid10","13",0.739909818898678,0.802497714887789,125.070527953861,0.45697556738158,0.835887877193216,0.928237467970191,181.148944778122,0.673674578350681,0.339285714285714,0.830357142857143,112
"UMass-gbqr_5src_all_otid10","15",0.889999567746778,1.06430293945842,9.64177059773766,0.496810678307475,0.970948342563445,1.14908614884947,15.1491797240085,0.81953586578858,0.276785714285714,0.857142857142857,112
"UMass-gbqr_5src_all_otid10","16",1.00372003362261,1.00151958851895,23.627072199467,0.414863816631403,1.0097664718763,1.1292317213205,34.3021288803901,0.647215389561983,0.294642857142857,0.821428571428571,112
"UMass-gbqr_5src_all_otid10","17",0.758484039955068,0.834065077513514,157.809839685664,0.477858351906556,0.856640183526154,0.976858212643522,235.297703119976,0.728096860244054,0.330357142857143,0.794642857142857,112
"UMass-gbqr_5src_all_otid10","18",0.823970840269121,0.68072276326113,80.7677014216938,0.352969190010578,0.893982576467079,0.788434798694383,120.444513097116,0.518761875760146,0.375,0.8125,112
"UMass-gbqr_5src_all_otid10","19",0.781680983740464,0.745341555874852,31.8711560599716,0.389380305021592,0.854289755119644,0.802495984212977,47.1857326160985,0.630933284704372,0.366071428571429,0.866071428571429,112
"UMass-gbqr_5src_all_otid10","20",0.837263175412286,0.778830143889344,31.6624775477438,0.378899409887627,0.920789955917654,0.901176866091428,48.5533380482402,0.607773290887254,0.375,0.901785714285714,112
"UMass-gbqr_5src_all_otid10","21",0.988023880932317,0.992230317460795,62.9673528262681,0.515413205363173,0.973493846867304,1.10446653625551,88.6522510719025,0.769187323056367,0.169642857142857,0.696428571428571,112
"UMass-gbqr_5src_all_otid10","22",0.812717124771133,0.779094194858457,60.0514463195404,0.334782465481424,0.898960834282006,0.944602805981974,89.7930161047996,0.507018912837911,0.294642857142857,0.821428571428571,112
"UMass-gbqr_5src_all_otid10","23",0.71748918998245,0.763589361839359,17.4314094467957,0.373717166275846,0.810452580893951,0.81256191488849,27.2306478835495,0.59642003068696,0.446428571428571,0.866071428571429,112
"UMass-gbqr_5src_all_otid10","24",0.579924601618183,0.722127562097961,52.1023169219292,0.460978552337688,0.663143564164859,0.893516893960506,77.5991777612691,0.743252927316137,0.276785714285714,0.857142857142857,112
"UMass-gbqr_5src_all_otid10","25",0.673235968484588,0.600552317764695,96.7862952731498,0.384460785905944,0.777328712477259,0.707678842408412,142.183901082339,0.566976312595237,0.401785714285714,0.8125,112
"UMass-gbqr_5src_all_otid10","26",0.835155732991416,0.673944624815931,111.84187915048,0.336936537930505,0.902804286171475,0.785808553663802,165.423199019518,0.501127882105655,0.375,0.839285714285714,112
"UMass-gbqr_5src_all_otid10","27",0.554099089426872,0.679353783587693,68.8586791660779,0.376432133987393,0.681594455771599,0.797041566629096,107.903252315872,0.607969141712397,0.339285714285714,0.848214285714286,112
"UMass-gbqr_5src_all_otid10","28",0.885945013590487,0.748380992493367,34.4855183039939,0.385944654330315,0.930321968322519,0.863191557958104,51.8236824745388,0.584161363100008,0.348214285714286,0.821428571428571,112
"UMass-gbqr_5src_all_otid10","29",0.995174652635854,0.874959232002036,99.2134167013031,0.445683079666123,1.04291160597833,1.00237542294437,140.762345784077,0.655315943057326,0.330357142857143,0.821428571428571,112
"UMass-gbqr_5src_all_otid10","30",0.916351630314983,0.844447437857637,16.3065720584025,0.412806614889862,0.971682463807281,0.841063419309415,24.5067000738237,0.659699807675756,0.375,0.839285714285714,112
"UMass-gbqr_5src_all_otid10","31",0.808208807884656,0.807000017119141,18.1024240228372,0.389724993002544,0.877436170893723,0.853755441051152,28.0444059939441,0.640291199527115,0.401785714285714,0.883928571428571,112
"UMass-gbqr_5src_all_otid10","32",0.974759883996395,0.937327142050223,31.435374779978,0.423405051952846,1.00884528799105,1.0174069548565,46.3652379382013,0.624895150059719,0.303571428571429,0.776785714285714,112
"UMass-gbqr_5src_all_otid10","33",0.659435831509169,0.797305312771062,18.7226164473858,0.417792648361686,0.775897001228511,0.897992473425296,28.2326209831642,0.682177532280623,0.348214285714286,0.830357142857143,112
"UMass-gbqr_5src_all_otid10","34",0.539718379771197,0.623927574398302,114.165779029311,0.349356401387073,0.648856952933055,0.724752209025078,176.407553536222,0.518759590112135,0.428571428571429,0.857142857142857,112
"UMass-gbqr_5src_all_otid10","35",0.804267095959754,0.772401686540478,37.6136069395138,0.412845983817111,0.904109185517025,0.926872354239529,56.9631898169358,0.664757494045063,0.348214285714286,0.866071428571429,112
"UMass-gbqr_5src_all_otid10","36",0.474669744170069,0.605134276512398,223.744624932096,0.373669670554885,0.592294078665264,0.750073734386992,341.30176542076,0.528242925638355,0.330357142857143,0.803571428571429,112
"UMass-gbqr_5src_all_otid10","37",0.585960665168135,0.685277958406538,185.434789773508,0.422693368671973,0.702534451783704,0.851578928479385,268.41265869699,0.652910731637134,0.392857142857143,0.839285714285714,112
"UMass-gbqr_5src_all_otid10","38",0.637227675476796,0.801744470434211,11.3081380443692,0.391968851605738,0.681973840158761,0.79969387662266,16.3537155521855,0.586827358998136,0.410714285714286,0.830357142857143,112
"UMass-gbqr_5src_all_otid10","39",0.723848787407429,0.725896492958739,167.848384140131,0.458374156296868,0.838434546901775,0.925844304703896,256.427329823594,0.725938027356423,0.303571428571429,0.776785714285714,112
"UMass-gbqr_5src_all_otid10","40",0.970682678931302,0.795872509288808,39.481006266027,0.460295054258383,1.00550109022329,0.99355446590779,59.91826578209,0.769717271422358,0.294642857142857,0.866071428571429,112
"UMass-gbqr_5src_all_otid10","41",0.922154693955875,0.965351350387737,45.9146192005635,0.563312785110884,0.942409584865358,1.12197111348394,65.0191253303554,0.913282634856991,0.303571428571429,0.8125,112
"UMass-gbqr_5src_all_otid10","42",0.694731050766534,0.784320693344935,252.37829162024,0.341859311058434,0.790402883902299,0.939141227002886,379.076945465968,0.506079507310408,0.241071428571429,0.758928571428571,112
"UMass-gbqr_5src_all_otid10","44",0.566959335519215,0.756811409110566,17.6128143586742,0.437493134687382,0.674871565670367,0.845205739186471,25.7969784431311,0.667147051572038,0.366071428571429,0.785714285714286,112
"UMass-gbqr_5src_all_otid10","45",0.712079618668381,0.706226423593272,87.8621710584747,0.507131804600677,0.824825713289356,0.84343982022958,128.269482114346,0.784901691363805,0.357142857142857,0.785714285714286,112
"UMass-gbqr_5src_all_otid10","46",0.917722200790223,0.850219197261541,10.7112361401742,0.387814791804572,0.987957037152101,0.871025426712506,15.9316043828637,0.599129671101053,0.3125,0.830357142857143,112
"UMass-gbqr_5src_all_otid10","47",0.859918061925967,0.705223649583869,87.5489635881774,0.298296702879422,0.949283939777968,0.855366519671359,132.223109340875,0.452759818358111,0.339285714285714,0.875,112
"UMass-gbqr_5src_all_otid10","48",0.840570508784343,0.769823611661687,217.758272216667,0.256975930656684,0.918310710133751,0.94699183448842,329.9609792159,0.384790238015447,0.357142857142857,0.901785714285714,112
"UMass-gbqr_5src_all_otid10","49",0.784199157162455,0.916670919720121,23.8451149610794,0.536059233255226,0.853315340542892,1.07198554667538,35.4299991085074,0.881895223964331,0.383928571428571,0.839285714285714,112
"UMass-gbqr_5src_all_otid10","50",0.9146982557908,0.896705905499951,5.84558914535298,0.399861440888897,1.00687288513042,0.909404267000927,9.06744401766392,0.652703534378398,0.392857142857143,0.830357142857143,112
"UMass-gbqr_5src_all_otid10","51",0.69580710228208,0.673911976916056,85.7334891212786,0.377497656921097,0.801187575202732,0.882163101344089,132.918495947542,0.606698320558672,0.330357142857143,0.866071428571429,112
"UMass-gbqr_5src_all_otid10","53",0.881747494237862,0.707717934983433,31.0627771671333,0.262143092719677,0.913960516782013,0.783102298060916,49.0112819968475,0.406216177015467,0.366071428571429,0.9375,112
"UMass-gbqr_5src_all_otid10","54",0.831421051493669,0.807218547444497,24.2519078100533,0.429148908050104,0.894704747935517,0.837652142081796,37.8552510353539,0.696468318641409,0.392857142857143,0.883928571428571,112
"UMass-gbqr_5src_all_otid10","55",0.619092514486324,0.667662936147222,79.2479014369278,0.383810117463609,0.752087783161428,0.720209682108579,121.251266282859,0.591692926489295,0.392857142857143,0.857142857142857,112
"UMass-gbqr_5src_all_otid10","56",0.963151956868201,0.935989842544325,7.21498788195975,0.455865807892734,0.9809994174914,0.955905266194922,11.1046682242897,0.732373338471231,0.267857142857143,0.919642857142857,112
"UMass-gbqr_5src_mobsgleam_otid10","01",0.805580290019557,0.711657532584333,64.4750482241949,0.457756338399099,0.852618250998259,0.788349701581829,90.5597538408595,0.638485249255114,0.330357142857143,0.785714285714286,112
"UMass-gbqr_5src_mobsgleam_otid10","02",0.875523298407136,0.82148626850157,7.35223264200336,0.40684279034683,0.924972540717473,0.83664412262625,10.9180477438812,0.63630613658864,0.357142857142857,0.794642857142857,112
"UMass-gbqr_5src_mobsgleam_otid10","04",0.759746687090739,0.556730643488113,47.1843158345806,0.240335033631448,0.858452921916319,0.732812762158966,77.2330477038291,0.388261983305713,0.339285714285714,0.901785714285714,112
"UMass-gbqr_5src_mobsgleam_otid10","05",0.735761034863025,0.613451337862821,25.4371067747887,0.308911280803301,0.782442595336197,0.688478979829107,40.2980349088107,0.494982787172309,0.330357142857143,0.910714285714286,112
"UMass-gbqr_5src_mobsgleam_otid10","06",0.583627838629842,0.520869975963967,120.146652963071,0.19796192206512,0.649349192100864,0.678986593660231,195.754978448922,0.302992730260833,0.303571428571429,0.982142857142857,112
"UMass-gbqr_5src_mobsgleam_otid10","08",0.579972001525496,0.610095590345211,49.9800199003319,0.312086207202887,0.696892400270761,0.714100732186156,80.6007504621511,0.480456100620245,0.276785714285714,0.776785714285714,112
"UMass-gbqr_5src_mobsgleam_otid10","09",0.647685303576114,0.649554729018066,63.1977680425278,0.454212086686111,0.748813194273541,0.747307280065298,90.6056625576295,0.681194026532178,0.258928571428571,0.803571428571429,112
"UMass-gbqr_5src_mobsgleam_otid10","10",0.816409302180661,0.864476381434844,19.7084732397102,0.498456468524567,0.867009075856972,0.939540981164802,27.4555311650878,0.790606480947307,0.3125,0.794642857142857,112
"UMass-gbqr_5src_mobsgleam_otid10","11",0.730587157085431,0.794638922043715,7.90671634389555,0.45116376704605,0.799679750160356,0.811140593946877,12.2631820157815,0.726751303902384,0.410714285714286,0.857142857142857,112
"UMass-gbqr_5src_mobsgleam_otid10","12",0.622558980643735,0.499207508344838,206.103600595372,0.187785783445489,0.706790789470126,0.63900631059886,308.413842044865,0.281685961399422,0.383928571428571,0.857142857142857,112
"UMass-gbqr_5src_mobsgleam_otid10","13",0.72846032881872,0.591638315322932,123.135165383278,0.336903457559607,0.813611058134776,0.672512020003233,176.32123716858,0.488080116505265,0.330357142857143,0.741071428571429,112
"UMass-gbqr_5src_mobsgleam_otid10","15",0.76175712448797,0.89082045859387,8.25246181197584,0.415830023460613,0.778683940919018,0.866614287429143,12.149382672653,0.618075059963178,0.3125,0.803571428571429,112
"UMass-gbqr_5src_mobsgleam_otid10","16",0.839418678326167,0.747039520623752,19.7594997150874,0.309449430898073,0.902725746374174,0.854807959674196,30.6659170790597,0.489930327120343,0.330357142857143,0.839285714285714,112
"UMass-gbqr_5src_mobsgleam_otid10","17",0.710921348996943,0.591863969568624,147.913968131708,0.339094812474452,0.79298061992633,0.675979562366089,217.812007976653,0.503838316121632,0.366071428571429,0.794642857142857,112
"UMass-gbqr_5src_mobsgleam_otid10","18",0.773140806188596,0.571184163273628,75.7852131888221,0.296171102743369,0.872889027495868,0.648945948429596,117.602620758042,0.426983205246344,0.410714285714286,0.803571428571429,112
"UMass-gbqr_5src_mobsgleam_otid10","19",0.668811325726871,0.585831280540345,27.2691680881352,0.30604916753936,0.773477409971308,0.633642348924405,42.7221537338781,0.498178254345717,0.401785714285714,0.919642857142857,112
"UMass-gbqr_5src_mobsgleam_otid10","20",0.681708466709443,0.564068263238465,25.7799216007152,0.274418156197815,0.751165920536015,0.610125166025681,39.6090472487347,0.41148169017794,0.517857142857143,0.901785714285714,112
"UMass-gbqr_5src_mobsgleam_otid10","21",0.878123193052089,0.665219906621093,55.9633162608018,0.345547921998983,0.973801901376602,0.793538314377642,88.6803043829635,0.552646541784943,0.214285714285714,0.785714285714286,112
"UMass-gbqr_5src_mobsgleam_otid10","22",0.692954909166384,0.585330337491564,51.2022489268767,0.251520720857252,0.788994167820902,0.717748391892829,78.8089573160544,0.385253999928946,0.3125,0.758928571428571,112
"UMass-gbqr_5src_mobsgleam_otid10","23",0.699843171598856,0.678076965478227,17.0026991946487,0.331865548054556,0.838462656930046,0.741055315259047,28.1717671244668,0.543934223065561,0.419642857142857,0.919642857142857,112
"UMass-gbqr_5src_mobsgleam_otid10","24",0.59653498908808,0.653918351982927,53.5946482866234,0.417436407451851,0.720709842232377,0.776999409519277,84.3354202375746,0.646330348705907,0.294642857142857,0.830357142857143,112
"UMass-gbqr_5src_mobsgleam_otid10","25",0.718614896171525,0.621092932599248,103.310097476073,0.397610449455119,0.845407926583057,0.753180434998403,154.636507153372,0.603431161373936,0.25,0.821428571428571,112
"UMass-gbqr_5src_mobsgleam_otid10","26",0.826343992353492,0.589000901516074,110.661833809712,0.294469185282063,0.917776917761842,0.687495671073584,168.166673605713,0.438431533985708,0.392857142857143,0.758928571428571,112
"UMass-gbqr_5src_mobsgleam_otid10","27",0.607764827898048,0.626454661793642,75.5277965461834,0.347120559099515,0.762032539564183,0.711631835464258,120.637409376248,0.542820116712629,0.3125,0.785714285714286,112
"UMass-gbqr_5src_mobsgleam_otid10","28",0.778851256862428,0.642130816588296,30.3168806896554,0.331150788874704,0.838866986537325,0.75051769201893,46.7291731561181,0.507909784286525,0.241071428571429,0.794642857142857,112
"UMass-gbqr_5src_mobsgleam_otid10","29",0.846615732107907,0.605297727021515,84.4029127882496,0.308324028396817,0.924688592282671,0.716608842336573,124.805721427737,0.468492331884588,0.303571428571429,0.8125,112
"UMass-gbqr_5src_mobsgleam_otid10","30",0.760710897621191,0.702453405691805,13.5369291190197,0.343393087031162,0.843489445012062,0.715360518479035,21.2735575810972,0.5611029865583,0.428571428571429,0.857142857142857,112
"UMass-gbqr_5src_mobsgleam_otid10","31",0.61844249813695,0.608169118900938,13.851999911161,0.293703470359455,0.718600498565816,0.65992931477578,22.9677380506249,0.494927367069717,0.392857142857143,0.973214285714286,112
"UMass-gbqr_5src_mobsgleam_otid10","32",0.834686499609468,0.749226875064992,26.9180988772704,0.338437275237213,0.89524827987313,0.835098467635763,41.1444648690784,0.512920596578283,0.357142857142857,0.785714285714286,112
"UMass-gbqr_5src_mobsgleam_otid10","33",0.691454157092651,0.717222974726777,19.6316765871952,0.375829034721343,0.824966465560408,0.80815095199622,30.0181151739341,0.613927664716536,0.294642857142857,0.830357142857143,112
"UMass-gbqr_5src_mobsgleam_otid10","34",0.607518668056417,0.589506779803435,128.507467251557,0.330083130857007,0.713917809951762,0.684905219919545,194.095930867711,0.490238107213318,0.276785714285714,0.741071428571429,112
"UMass-gbqr_5src_mobsgleam_otid10","35",0.72461780367722,0.652923831519318,33.888604153778,0.348985490682385,0.830462605444232,0.737704092009977,52.3231040980238,0.529085069058614,0.401785714285714,0.821428571428571,112
"UMass-gbqr_5src_mobsgleam_otid10","36",0.503770175627062,0.50292334738967,237.46166757422,0.310554547689066,0.637084093368036,0.657408441252545,367.111429305509,0.462982960775726,0.303571428571429,0.741071428571429,112
"UMass-gbqr_5src_mobsgleam_otid10","37",0.610817247306072,0.542607546047359,193.300974924201,0.334691359457859,0.704310109300525,0.649915222560928,269.09107233751,0.498293944663567,0.366071428571429,0.803571428571429,112
"UMass-gbqr_5src_mobsgleam_otid10","38",0.693465165190979,0.723566442057965,12.306119333366,0.353748005521396,0.787235856470392,0.724818111265724,18.8778960585949,0.531882399530717,0.401785714285714,0.8125,112
"UMass-gbqr_5src_mobsgleam_otid10","39",0.707085581352696,0.587402483983093,163.961278023158,0.370920813937227,0.821262446658678,0.663253100596501,251.175404280841,0.520044941723806,0.473214285714286,0.714285714285714,112
"UMass-gbqr_5src_mobsgleam_otid10","40",0.70764459865802,0.577803726134039,28.7823419951173,0.334174373869535,0.761899259905413,0.6698264284946,45.4019222833985,0.518921698365449,0.330357142857143,0.866071428571429,112
"UMass-gbqr_5src_mobsgleam_otid10","41",0.680363280771547,0.702446736653756,33.8756839383029,0.409899698651217,0.75422012191826,0.835762175416796,52.0354773775836,0.680309031583093,0.383928571428571,0.839285714285714,112
"UMass-gbqr_5src_mobsgleam_otid10","42",0.641456047465877,0.662874125801464,233.024824830109,0.288924790443199,0.792244450625858,0.840804518591196,379.96016021968,0.453088336746705,0.25,0.758928571428571,112
"UMass-gbqr_5src_mobsgleam_otid10","44",0.637836941635236,0.761152920872963,19.8146550207836,0.440002850539109,0.7628991768309,0.850742210838467,29.1618355552438,0.671517160017228,0.321428571428571,0.741071428571429,112
"UMass-gbqr_5src_mobsgleam_otid10","45",0.665320063730286,0.572860733768585,82.0925971135388,0.411363676004629,0.790941894939845,0.656903334021977,123.000175202931,0.611311590429804,0.285714285714286,0.732142857142857,112
"UMass-gbqr_5src_mobsgleam_otid10","46",0.710713543136752,0.687715391790186,8.29512523724788,0.313691107360244,0.776461024370547,0.716945197066977,12.5210605257121,0.493146499451151,0.419642857142857,0.919642857142857,112
"UMass-gbqr_5src_mobsgleam_otid10","47",0.756561485765506,0.55153374588229,77.0261457482959,0.233288685115002,0.828608048338612,0.6647218246753,115.414501378619,0.351848389757285,0.464285714285714,0.857142857142857,112
"UMass-gbqr_5src_mobsgleam_otid10","48",0.615251001147861,0.46895217695452,159.386980139587,0.156541602882565,0.701821703119119,0.581521453663247,252.173663925173,0.236289026385376,0.446428571428571,0.928571428571429,112
"UMass-gbqr_5src_mobsgleam_otid10","49",0.675382331296414,0.754669324708791,20.5363257348013,0.441322453741797,0.78582698158493,0.831050273770978,32.627855066196,0.683683907479782,0.321428571428571,0.794642857142857,112
"UMass-gbqr_5src_mobsgleam_otid10","50",0.810969806377023,0.743674739798582,5.18268868160032,0.331621383537942,0.908492544454054,0.736684913840685,8.18147494977495,0.528738278931531,0.428571428571429,0.910714285714286,112
"UMass-gbqr_5src_mobsgleam_otid10","51",0.662406719609322,0.520746784998048,81.6180793545059,0.291700842127107,0.778364825728841,0.641733639066854,129.132159729473,0.441345506828224,0.357142857142857,0.803571428571429,112
"UMass-gbqr_5src_mobsgleam_otid10","53",0.738961207457789,0.573834957474394,26.0326085102828,0.212552011228207,0.775259324054868,0.639096954681369,41.5734078816897,0.331516740936314,0.401785714285714,0.9375,112
"UMass-gbqr_5src_mobsgleam_otid10","54",0.644517735777628,0.561323305846648,18.8000829206119,0.29842139347489,0.706315891066413,0.555165136852195,29.8844567755728,0.461593673563387,0.455357142857143,0.928571428571429,112
"UMass-gbqr_5src_mobsgleam_otid10","55",0.609313363005379,0.531911573436127,77.996105922421,0.305772617331205,0.746978731661184,0.586602684628355,120.427587215364,0.481927232827593,0.375,0.839285714285714,112
"UMass-gbqr_5src_mobsgleam_otid10","56",0.895059033501961,0.791800993223791,6.70490262134094,0.385639868147543,0.937901007668441,0.800812889480549,10.6168049967026,0.613548256402291,0.303571428571429,0.875,112
"UMass-gbqr_5src_mobsgleam_otid50","01",0.886629622635213,0.772111588091983,70.961874793408,0.496641934101381,0.938836288614879,0.854058654447295,99.7172921108432,0.691702999023291,0.348214285714286,0.767857142857143,112
"UMass-gbqr_5src_mobsgleam_otid50","02",0.945991905633913,0.839753107711095,7.9439948432284,0.415889480620029,1.01201169853955,0.854503997164419,11.9454270863549,0.649889388367983,0.401785714285714,0.776785714285714,112
"UMass-gbqr_5src_mobsgleam_otid50","04",0.783782830301117,0.598830006264623,48.6770883493598,0.258508906198193,0.89326170838603,0.795028190676064,80.3647146797261,0.421225227009462,0.321428571428571,0.901785714285714,112
"UMass-gbqr_5src_mobsgleam_otid50","05",0.762212697697873,0.619808767840001,26.3516071900302,0.312112646120573,0.799324022551779,0.690076650533733,41.167476766014,0.496131434439007,0.339285714285714,0.919642857142857,112
"UMass-gbqr_5src_mobsgleam_otid50","06",0.649606352367496,0.633598219787109,133.72910580094,0.240805435510016,0.721311225468925,0.838875444046863,217.448893621942,0.374341943587353,0.303571428571429,1,112
"UMass-gbqr_5src_mobsgleam_otid50","08",0.638960336551223,0.642512929310332,55.0634345319323,0.328668861667756,0.767965475192848,0.75378159783662,88.8208762292669,0.507153894251253,0.339285714285714,0.821428571428571,112
"UMass-gbqr_5src_mobsgleam_otid50","09",0.723487114352134,0.68411357286646,70.5941150465069,0.478377940426515,0.844048368218056,0.798829479680073,102.129025260133,0.728158127575482,0.294642857142857,0.803571428571429,112
"UMass-gbqr_5src_mobsgleam_otid50","10",0.920423220655929,0.951197551669529,22.2194141652382,0.548459833786845,1.0073912883038,1.08465456244755,31.9010073615719,0.912716894580764,0.294642857142857,0.776785714285714,112
"UMass-gbqr_5src_mobsgleam_otid50","11",0.778845213924794,0.807742723954734,8.42898499183978,0.45860357457221,0.860703738213058,0.839602116655994,13.1989919730414,0.752251752152977,0.4375,0.857142857142857,112
"UMass-gbqr_5src_mobsgleam_otid50","12",0.652250901245462,0.530265370533627,215.933370841848,0.199468750720162,0.746344903574945,0.682191637300924,325.673597663488,0.300722863020971,0.392857142857143,0.848214285714286,112
"UMass-gbqr_5src_mobsgleam_otid50","13",0.808551387527025,0.651867083295656,136.673343606053,0.371200222405694,0.893387308746437,0.740551840784349,193.6098999318,0.537460473533954,0.357142857142857,0.723214285714286,112
"UMass-gbqr_5src_mobsgleam_otid50","15",0.75722773688227,0.899783352696971,8.20339289348978,0.420013852456919,0.781737216367719,0.885502356474033,12.1970212714245,0.631546156132318,0.3125,0.785714285714286,112
"UMass-gbqr_5src_mobsgleam_otid50","16",0.951164464144638,0.803281275994837,22.3899401377918,0.332746697925873,1.01879863090318,0.897060617947663,34.6089545590369,0.514147297090433,0.348214285714286,0.848214285714286,112
"UMass-gbqr_5src_mobsgleam_otid50","17",0.816605539367506,0.641870524606371,169.902572058925,0.367744914989355,0.924900778614083,0.735104119702914,254.047186913369,0.547906538104192,0.357142857142857,0.785714285714286,112
"UMass-gbqr_5src_mobsgleam_otid50","18",0.860749995422541,0.609861339311642,84.3728870384607,0.316226038812544,0.965181161583449,0.684083369907811,130.036958345248,0.450102370845832,0.401785714285714,0.785714285714286,112
"UMass-gbqr_5src_mobsgleam_otid50","19",0.782718714886947,0.636134239266259,31.9134670436156,0.332328369682053,0.894855187533373,0.68052913397694,49.4263185951058,0.53504128404852,0.455357142857143,0.910714285714286,112
"UMass-gbqr_5src_mobsgleam_otid50","20",0.793172000439246,0.644663637018601,29.9950975904799,0.313627654962805,0.850790045811252,0.680554800212881,44.8622364273984,0.458980968240408,0.535714285714286,0.901785714285714,112
"UMass-gbqr_5src_mobsgleam_otid50","21",0.964750085969314,0.716259141070953,61.4840999542234,0.372060209483208,1.03960099455439,0.868728696920131,94.6723686856526,0.605011631327196,0.1875,0.776785714285714,112
"UMass-gbqr_5src_mobsgleam_otid50","22",0.756053245033177,0.62030756339105,55.8645677259597,0.266550690275081,0.834320706605318,0.752190299830577,83.3364144330206,0.403740816406806,0.294642857142857,0.741071428571429,112
"UMass-gbqr_5src_mobsgleam_otid50","23",0.829260015416235,0.760408335525631,20.1468831424903,0.372160303125014,0.990470714702567,0.864659074999239,33.2791330509224,0.634659319610833,0.410714285714286,0.910714285714286,112
"UMass-gbqr_5src_mobsgleam_otid50","24",0.665493955171701,0.708634007088687,59.7901466246348,0.452364784105393,0.784266575823566,0.866266259700936,91.7726488173007,0.720585069750657,0.267857142857143,0.866071428571429,112
"UMass-gbqr_5src_mobsgleam_otid50","25",0.808501265418908,0.647795097656664,116.232414586656,0.414704606050127,0.949065469489703,0.784886440917419,173.596869211924,0.628833297549023,0.267857142857143,0.830357142857143,112
"UMass-gbqr_5src_mobsgleam_otid50","26",0.921847498089452,0.633815815973292,123.451414393335,0.316874263635482,1.01158713566643,0.725287366654952,185.35576606373,0.462532152742748,0.419642857142857,0.794642857142857,112
"UMass-gbqr_5src_mobsgleam_otid50","27",0.71679509915137,0.700989463220511,89.0771428831146,0.388420534215973,0.869460746545829,0.768054037021065,137.64437418593,0.585857969304298,0.267857142857143,0.785714285714286,112
"UMass-gbqr_5src_mobsgleam_otid50","28",0.813986865605468,0.67407522019773,31.6845385689176,0.347624713162594,0.884586883799203,0.792409891844902,49.2760048113356,0.536260159505076,0.276785714285714,0.8125,112
"UMass-gbqr_5src_mobsgleam_otid50","29",0.939837834802534,0.651898514549081,93.6966415783838,0.332061342937324,1.00526986364683,0.759162787651458,135.681819381256,0.496312525962093,0.366071428571429,0.8125,112
"UMass-gbqr_5src_mobsgleam_otid50","30",0.885629146001411,0.756622295935843,15.7598622717891,0.369873451837185,0.978667168649471,0.799348127719788,24.6828605717718,0.626979837686559,0.392857142857143,0.857142857142857,112
"UMass-gbqr_5src_mobsgleam_otid50","31",0.696335853697879,0.62396355664459,15.5966710124524,0.301331087470416,0.794492747897114,0.666841074769579,25.3933880553115,0.500110981585631,0.464285714285714,0.964285714285714,112
"UMass-gbqr_5src_mobsgleam_otid50","32",0.921535992517688,0.809622043009105,29.7189387598348,0.365718699271456,0.987658564165034,0.893721091339944,45.391523233858,0.548926830919079,0.339285714285714,0.776785714285714,112
"UMass-gbqr_5src_mobsgleam_otid50","33",0.795588670438623,0.784821392604571,22.5882501598654,0.411251001159854,0.94235727392579,0.881953201411824,34.2896231115077,0.669992985833377,0.303571428571429,0.8125,112
"UMass-gbqr_5src_mobsgleam_otid50","34",0.686340631154991,0.641822659539071,145.180552992278,0.359376414612684,0.797295954597304,0.74159413537892,216.764308618496,0.530814621753598,0.330357142857143,0.758928571428571,112
"UMass-gbqr_5src_mobsgleam_otid50","35",0.823214058088079,0.691990833295282,38.4997100634296,0.369866665677253,0.943642008328563,0.776140628914106,59.4539461612872,0.556651945808458,0.446428571428571,0.848214285714286,112
"UMass-gbqr_5src_mobsgleam_otid50","36",0.527382071669006,0.532103743245386,248.591584508524,0.328573406195825,0.661739000435946,0.69351859631313,381.318499090041,0.488413705887801,0.321428571428571,0.758928571428571,112
"UMass-gbqr_5src_mobsgleam_otid50","37",0.673748227324565,0.6211028585391,213.216293039662,0.383108863121985,0.801677504509887,0.761656315031993,306.291584500566,0.583966518278664,0.357142857142857,0.830357142857143,112
"UMass-gbqr_5src_mobsgleam_otid50","38",0.7747916701075,0.802702573683599,13.7493261802343,0.392437263480382,0.880413112287815,0.790541471296206,21.1122843119869,0.580111186718705,0.428571428571429,0.803571428571429,112
"UMass-gbqr_5src_mobsgleam_otid50","39",0.81677032090093,0.639748961849085,189.395328087595,0.403975488893896,0.947406581406799,0.711773041133262,289.755402881683,0.558088562818362,0.464285714285714,0.723214285714286,112
"UMass-gbqr_5src_mobsgleam_otid50","40",0.724057699609739,0.608084523047287,29.4499193152702,0.351687356031246,0.757279460944933,0.704329590074604,45.1266263690873,0.545651666674273,0.366071428571429,0.875,112
"UMass-gbqr_5src_mobsgleam_otid50","41",0.719389689304692,0.746551781939101,35.8188315450002,0.435636375651928,0.785882766440437,0.897349225639153,54.2199600967105,0.730440788830825,0.392857142857143,0.839285714285714,112
"UMass-gbqr_5src_mobsgleam_otid50","42",0.739685847083288,0.72565531169945,268.709236785336,0.316289021861072,0.911982503059237,0.937522930605313,437.386488105016,0.505207448220659,0.214285714285714,0.776785714285714,112
"UMass-gbqr_5src_mobsgleam_otid50","44",0.697387126784955,0.842057189484177,21.6646049031789,0.486771519269814,0.828903982108762,0.960628216342448,31.6848704933134,0.758253585460307,0.366071428571429,0.714285714285714,112
"UMass-gbqr_5src_mobsgleam_otid50","45",0.778536133990252,0.624543967943369,96.0621160703536,0.44847671927098,0.923336741266188,0.713218381517238,143.589031853828,0.663718146259989,0.348214285714286,0.75,112
"UMass-gbqr_5src_mobsgleam_otid50","46",0.785997381290883,0.751547685329154,9.17380395648689,0.34280725494778,0.864643387598985,0.793094949148853,13.943072285,0.545525654548193,0.401785714285714,0.919642857142857,112
"UMass-gbqr_5src_mobsgleam_otid50","47",0.889080228387765,0.631922800521863,90.5179876879831,0.267291784643397,0.979389344672549,0.767499122220869,136.416407127055,0.406250133919481,0.401785714285714,0.875,112
"UMass-gbqr_5src_mobsgleam_otid50","48",0.69101113836422,0.532364294266603,179.01340815571,0.177709293265573,0.800518638864479,0.671714567098035,287.636756323827,0.272937103297966,0.4375,0.928571428571429,112
"UMass-gbqr_5src_mobsgleam_otid50","49",0.766271474321979,0.810339641835236,23.2999885675957,0.473877852709825,0.879190667953302,0.885309404603864,36.5043531995752,0.728321513356448,0.321428571428571,0.794642857142857,112
"UMass-gbqr_5src_mobsgleam_otid50","50",0.872250498132722,0.765982809491661,5.57431700742142,0.341569056276811,0.991572207562033,0.755542926896709,8.9296530022015,0.542273174488612,0.455357142857143,0.910714285714286,112
"UMass-gbqr_5src_mobsgleam_otid50","51",0.777983316277997,0.57176984200204,95.8587860973228,0.320281851409804,0.907836631153369,0.711383803872151,150.611770968185,0.489246669265901,0.392857142857143,0.8125,112
"UMass-gbqr_5src_mobsgleam_otid50","53",0.796357247406762,0.64813395580792,28.0545937281164,0.240072818948843,0.845425343764597,0.72611398818858,45.3360721493958,0.376654811369835,0.366071428571429,0.9375,112
"UMass-gbqr_5src_mobsgleam_otid50","54",0.699091827086196,0.585039647990363,20.3919668750236,0.311029927268048,0.759509764983446,0.570642203464438,32.1351070099866,0.47446212577571,0.446428571428571,0.928571428571429,112
"UMass-gbqr_5src_mobsgleam_otid50","55",0.71812382964362,0.581538555324138,91.9245591562775,0.334300991030837,0.889974005700068,0.647219424698675,143.481223290659,0.531727308024362,0.392857142857143,0.848214285714286,112
"UMass-gbqr_5src_mobsgleam_otid50","56",0.93863716175005,0.815803505326361,7.03134712990095,0.397330085363308,0.996252599979738,0.837550592976604,11.2773304378216,0.641695098467795,0.321428571428571,0.883928571428571,112
"UMass-gbqr_5src_nihflu_otid10","01",0.645218031942667,0.502516235252936,51.6403693586069,0.323231303405371,0.776713451761816,0.595017568666075,82.4976229562063,0.481905352255019,0.339285714285714,0.910714285714286,112
"UMass-gbqr_5src_nihflu_otid10","02",0.865595882013336,0.83564760059109,7.2688668709336,0.413856219643509,0.958850371254127,0.859021219467694,11.3179296376414,0.6533249426188,0.303571428571429,0.857142857142857,112
"UMass-gbqr_5src_nihflu_otid10","04",0.756527919569574,0.530470032186442,46.9844132277021,0.228998591180882,0.801182870481442,0.675771921891537,72.0805920460432,0.358040362019522,0.4375,0.9375,112
"UMass-gbqr_5src_nihflu_otid10","05",0.746009421709041,0.653977909332237,25.7914192459839,0.329318955098705,0.824788727291627,0.760747917039894,42.4789820018812,0.546940626139965,0.348214285714286,0.964285714285714,112
"UMass-gbqr_5src_nihflu_otid10","06",0.517075821529743,0.453458812671815,106.446137714707,0.172341625120066,0.510017143047566,0.537791548186911,153.751473106244,0.239985488694187,0.517857142857143,0.991071428571429,112
"UMass-gbqr_5src_nihflu_otid10","08",0.608399399211498,0.574332450466552,52.4297966108006,0.293792053206328,0.704893968602695,0.62733089325546,81.5261909062964,0.422076243850653,0.482142857142857,0.919642857142857,112
"UMass-gbqr_5src_nihflu_otid10","09",0.629557148734474,0.588652906701796,61.428916845202,0.411625461477367,0.743265173568962,0.688132559624788,89.9343574902695,0.627254412719952,0.267857142857143,0.821428571428571,112
"UMass-gbqr_5src_nihflu_otid10","10",0.731219083198565,0.717500589087606,17.651944551699,0.413710330879479,0.806586768732173,0.773883098242867,25.5421411181708,0.651208414781294,0.276785714285714,0.857142857142857,112
"UMass-gbqr_5src_nihflu_otid10","11",0.663597403790391,0.779487304626578,7.18172553052777,0.442561292889392,0.746248580927881,0.810352498039624,11.4438088185954,0.726045199766466,0.375,0.857142857142857,112
"UMass-gbqr_5src_nihflu_otid10","12",0.526263740312951,0.490072000915798,174.224218288736,0.184349299836854,0.624461393117987,0.63774683336079,272.488748197457,0.281130760220996,0.410714285714286,0.982142857142857,112
"UMass-gbqr_5src_nihflu_otid10","13",0.651125677871857,0.57321307389414,110.06291606856,0.326411358953142,0.781334326119962,0.662739938704665,169.326404362771,0.480987962853229,0.375,0.910714285714286,112
"UMass-gbqr_5src_nihflu_otid10","15",0.780723130980048,0.946439168323833,8.45792919688118,0.441792527070338,0.826849780797227,0.967458728528307,12.9008881162344,0.689997984479254,0.366071428571429,0.866071428571429,112
"UMass-gbqr_5src_nihflu_otid10","16",0.701241318833247,0.640209721866239,16.5068731462144,0.265196858556431,0.750965713456742,0.723236497344011,25.5105743805118,0.414520582920373,0.366071428571429,0.964285714285714,112
"UMass-gbqr_5src_nihflu_otid10","17",0.595531125743522,0.608128325974151,123.905931477444,0.348413100407015,0.697442310085651,0.67474988448954,191.570015950382,0.502921781265868,0.383928571428571,0.839285714285714,112
"UMass-gbqr_5src_nihflu_otid10","18",0.627902884250217,0.498419113429971,61.5486255076428,0.258440881145737,0.734529997730962,0.579713986826418,98.9617809796197,0.381431052648193,0.473214285714286,0.910714285714286,112
"UMass-gbqr_5src_nihflu_otid10","19",0.551083990099097,0.548288943507395,22.4691200322608,0.28643635173714,0.614942394975351,0.576866338966536,33.9656507054171,0.453540181184195,0.446428571428571,0.946428571428571,112
"UMass-gbqr_5src_nihflu_otid10","20",0.591543019714895,0.537854982978757,22.3701676250416,0.26166544432662,0.645481759824968,0.606146719312926,34.0363118508619,0.408798539131556,0.491071428571429,0.946428571428571,112
"UMass-gbqr_5src_nihflu_otid10","21",0.709270043589066,0.691950476017225,45.2022040617404,0.359433093829753,0.783995766779827,0.776446791247922,71.3954071507838,0.54074343517958,0.285714285714286,0.857142857142857,112
"UMass-gbqr_5src_nihflu_otid10","22",0.607626759438745,0.60925088633664,44.8973752546775,0.261799555394683,0.708242475809495,0.725988131452496,70.7430464278883,0.389676709418218,0.383928571428571,0.919642857142857,112
"UMass-gbqr_5src_nihflu_otid10","23",0.58389159842971,0.590820203379135,14.1856541769239,0.289160199473576,0.678251083975724,0.619294141606993,22.7887687445041,0.454561583768279,0.455357142857143,0.9375,112
"UMass-gbqr_5src_nihflu_otid10","24",0.573383381909145,0.693609440904575,51.5146324171068,0.442773677031551,0.703944211610535,0.851896274342057,82.3735537259958,0.708631704620496,0.321428571428571,0.910714285714286,112
"UMass-gbqr_5src_nihflu_otid10","25",0.629220829766547,0.536587038031926,90.4585552059605,0.343511578002979,0.76155671479296,0.661834177336841,139.298990075426,0.530246601889202,0.3125,0.883928571428571,112
"UMass-gbqr_5src_nihflu_otid10","26",0.657598885329088,0.468247348046869,88.0639288663327,0.234098818414262,0.769116542647572,0.557763709643449,140.927242872469,0.355698528892064,0.526785714285714,0.910714285714286,112
"UMass-gbqr_5src_nihflu_otid10","27",0.573593851781214,0.598427552224386,71.2813209137209,0.331590646821796,0.69426383561256,0.65549192009653,109.908942470903,0.499997587009097,0.3125,0.875,112
"UMass-gbqr_5src_nihflu_otid10","28",0.681777550385027,0.553593005944544,26.5382747601565,0.285491298499061,0.774156260058477,0.655010109637383,43.1244553746135,0.443275417793916,0.366071428571429,0.857142857142857,112
"UMass-gbqr_5src_nihflu_otid10","29",0.685448509209893,0.544020435786378,68.3354307622344,0.277110857688527,0.774633867091967,0.621073810028884,104.552753685552,0.406035064518806,0.464285714285714,0.919642857142857,112
"UMass-gbqr_5src_nihflu_otid10","30",0.625394578032619,0.62406086943261,11.1289612134129,0.305071036332673,0.693190701859027,0.622945402742477,17.4828889654551,0.488615903327646,0.464285714285714,0.919642857142857,112
"UMass-gbqr_5src_nihflu_otid10","31",0.571855308146974,0.595208321381777,12.8085306257441,0.287444304789057,0.652906808296704,0.626271582990758,20.8680519626091,0.469685068840308,0.464285714285714,0.973214285714286,112
"UMass-gbqr_5src_nihflu_otid10","32",0.769783769082393,0.678140712258124,24.8250278637221,0.306326564786072,0.860617094417974,0.757957495796421,39.552859919515,0.465540323676476,0.357142857142857,0.848214285714286,112
"UMass-gbqr_5src_nihflu_otid10","33",0.584056659943597,0.596707709333806,16.582460802349,0.312678330605819,0.699536540631203,0.66316440441647,25.45408731345,0.503785800314741,0.348214285714286,0.901785714285714,112
"UMass-gbqr_5src_nihflu_otid10","34",0.550100548260456,0.523113332578436,116.361902782022,0.29290738041742,0.653402892175541,0.610987886664749,177.643477751361,0.437329920078543,0.330357142857143,0.892857142857143,112
"UMass-gbqr_5src_nihflu_otid10","35",0.703602788913422,0.648411901712165,32.9057832611611,0.346573880075356,0.816431734141566,0.745735596695198,51.4390923015352,0.534845304438963,0.321428571428571,0.883928571428571,112
"UMass-gbqr_5src_nihflu_otid10","36",0.565629374768701,0.47008782170015,266.620179319571,0.290278651011037,0.705773793291269,0.608210944905503,406.692976200006,0.428335394525879,0.383928571428571,0.857142857142857,112
"UMass-gbqr_5src_nihflu_otid10","37",0.555586044931651,0.509782863043478,175.822350487355,0.314444428027637,0.652028968622054,0.5976309684174,249.116365141883,0.458207289763698,0.491071428571429,0.875,112
"UMass-gbqr_5src_nihflu_otid10","38",0.630224565709606,0.631023288683302,11.1838620045252,0.308504121852832,0.732798046948596,0.656356789012371,17.5724787540305,0.481644454604683,0.366071428571429,0.857142857142857,112
"UMass-gbqr_5src_nihflu_otid10","39",0.563814700683345,0.598823298018416,130.739165569513,0.378132594195769,0.683478696413548,0.754680295764365,209.035538624066,0.591731376872442,0.419642857142857,0.883928571428571,112
"UMass-gbqr_5src_nihflu_otid10","40",0.634297810971153,0.581983852026907,25.7990756330902,0.336591961174296,0.689270941380822,0.705074500233357,41.0739678585093,0.546228756541537,0.375,0.9375,112
"UMass-gbqr_5src_nihflu_otid10","41",0.658081488442851,0.698341104093286,32.7662605231388,0.407503933304899,0.723840497692599,0.801577099773289,49.9395133437505,0.652482436422776,0.419642857142857,0.919642857142857,112
"UMass-gbqr_5src_nihflu_otid10","42",0.522467394923896,0.568815754129398,189.799244488471,0.247927873733074,0.649665484233934,0.702162662243436,311.579338023405,0.378377739090385,0.330357142857143,0.901785714285714,112
"UMass-gbqr_5src_nihflu_otid10","44",0.645321401718682,0.687230464922606,20.0471627118403,0.397270187436793,0.771973577859813,0.780479154821776,29.5087047072945,0.616056355052634,0.294642857142857,0.803571428571429,112
"UMass-gbqr_5src_nihflu_otid10","45",0.611194403485849,0.572382186454263,75.4141332249883,0.411020037541112,0.736959202735465,0.671291880675343,114.605272060811,0.624701513852461,0.375,0.839285714285714,112
"UMass-gbqr_5src_nihflu_otid10","46",0.626186931724491,0.609387256770638,7.30856907222772,0.277962898125629,0.650240343556963,0.607313607243297,10.4856502031597,0.417737060944568,0.446428571428571,0.883928571428571,112
"UMass-gbqr_5src_nihflu_otid10","47",0.673796113764159,0.490972259979963,68.5997353023066,0.207672284450047,0.769578871491359,0.588386601483067,107.192492159332,0.311442878211053,0.517857142857143,0.928571428571429,112
"UMass-gbqr_5src_nihflu_otid10","48",0.596059125698345,0.478282487127454,154.415131145589,0.159656167184938,0.705973164659893,0.602294976971929,253.665338039451,0.244729911182112,0.446428571428571,0.991071428571429,112
"UMass-gbqr_5src_nihflu_otid10","49",0.635303524099833,0.764507749304619,19.3176509168335,0.447075857969881,0.736512291088038,0.899041785892982,30.580289111001,0.739618793912226,0.348214285714286,0.910714285714286,112
"UMass-gbqr_5src_nihflu_otid10","50",0.677044019116923,0.664378566186194,4.32680519944187,0.296261426563032,0.776011596783797,0.639831445544209,6.98841116372264,0.459223978891578,0.526785714285714,0.910714285714286,112
"UMass-gbqr_5src_nihflu_otid10","51",0.561252960790406,0.51614648783426,69.1544746387234,0.289123945648107,0.676946291385807,0.636374456094832,112.306637887513,0.437659785555436,0.348214285714286,0.910714285714286,112
"UMass-gbqr_5src_nihflu_otid10","53",0.708750079931881,0.563289344323856,24.9683111593544,0.208645851006378,0.724306600667865,0.631395775275598,38.8410597675497,0.327521932512856,0.464285714285714,1,112
"UMass-gbqr_5src_nihflu_otid10","54",0.608283123888004,0.543706962545674,17.7431473697241,0.289055857319431,0.667295933143005,0.538914733786864,28.2335095709358,0.448082228499774,0.482142857142857,0.964285714285714,112
"UMass-gbqr_5src_nihflu_otid10","55",0.517030322919786,0.487700296919055,66.1832716627932,0.280357494947518,0.612181131701869,0.521413317191543,98.6955766005218,0.428370486017768,0.508928571428571,0.901785714285714,112
"UMass-gbqr_5src_nihflu_otid10","56",0.82258365957957,0.789475799507644,6.1619883481967,0.384507402533346,0.870790227782768,0.794755717492325,9.85712774143016,0.608907512776755,0.330357142857143,0.875,112
"UMass-gbqr_5src_nihflu_otid50","01",0.665425513814574,0.531148117217907,53.257685949296,0.341648062660578,0.801089743243788,0.638124642745397,85.0867194874802,0.516817816714597,0.348214285714286,0.928571428571429,112
"UMass-gbqr_5src_nihflu_otid50","02",0.926949884587483,0.876422435899094,7.78408891158503,0.434050041997837,1.00982608755275,0.885881535129485,11.9196289095952,0.673753441695152,0.321428571428571,0.839285714285714,112
"UMass-gbqr_5src_nihflu_otid50","04",0.760336847873532,0.561582172839801,47.220967962509,0.242429390181675,0.809237872463958,0.716227068582142,72.8052821676417,0.379474480392055,0.410714285714286,0.946428571428571,112
"UMass-gbqr_5src_nihflu_otid50","05",0.762532544948748,0.701909074294805,26.3626651127614,0.35345530731625,0.853353276892473,0.83722789492376,43.9501381273664,0.601925997843294,0.375,0.964285714285714,112
"UMass-gbqr_5src_nihflu_otid50","06",0.547627687274428,0.52638914651941,112.735598511537,0.200059538863513,0.565206653943438,0.643540621986398,170.389087578473,0.287175228362441,0.464285714285714,0.991071428571429,112
"UMass-gbqr_5src_nihflu_otid50","08",0.644469353483934,0.593842314412487,55.5381829253099,0.303772062139823,0.76157665520471,0.641655793831557,88.0819620361843,0.431714220066549,0.473214285714286,0.928571428571429,112
"UMass-gbqr_5src_nihflu_otid50","09",0.656603447352931,0.59373639470435,64.0679541941439,0.415180176099758,0.78436177172885,0.686654057405783,94.9070055867734,0.625906711571219,0.375,0.839285714285714,112
"UMass-gbqr_5src_nihflu_otid50","10",0.797690559462022,0.729792698954001,19.2565947040713,0.420797952711957,0.890772673272181,0.787747630205846,28.2080517644633,0.662875163805528,0.339285714285714,0.857142857142857,112
"UMass-gbqr_5src_nihflu_otid50","11",0.728063226350934,0.823981188102447,7.87940132173048,0.467823116244147,0.816096671848008,0.837145101164366,12.5149374200595,0.750050359169351,0.366071428571429,0.866071428571429,112
"UMass-gbqr_5src_nihflu_otid50","12",0.535500763328041,0.543258751769158,177.282215621332,0.204356442179391,0.659314858695401,0.703060175154692,287.697338048164,0.309922105737102,0.401785714285714,0.991071428571429,112
"UMass-gbqr_5src_nihflu_otid50","13",0.688153982495072,0.644492541509623,116.321989120672,0.367000851673127,0.845492482409314,0.767685698809796,183.230401092274,0.557153053283285,0.410714285714286,0.910714285714286,112
"UMass-gbqr_5src_nihflu_otid50","15",0.810327352079429,0.98927983527744,8.77864520496598,0.461790311553763,0.862250636504537,1.00094743777591,13.4532284437104,0.7138823541193,0.321428571428571,0.866071428571429,112
"UMass-gbqr_5src_nihflu_otid50","16",0.719238037456801,0.652922156332341,16.9305069843651,0.270462785595445,0.78772825248619,0.750716361382542,26.7594110045039,0.430270575214258,0.383928571428571,0.973214285714286,112
"UMass-gbqr_5src_nihflu_otid50","17",0.62722440615619,0.676007064590913,130.500020789241,0.387302658355658,0.74494073869047,0.798478646095959,204.616650193616,0.595142455342745,0.428571428571429,0.857142857142857,112
"UMass-gbqr_5src_nihflu_otid50","18",0.640619485348767,0.505445437097014,62.7951388433466,0.262084178986442,0.744191911695703,0.594895085854438,100.263511632658,0.391419672405867,0.482142857142857,0.964285714285714,112
"UMass-gbqr_5src_nihflu_otid50","19",0.55915882320975,0.562511504090155,22.7983518692646,0.293866482170969,0.62350281358513,0.579032289267491,34.4384757875186,0.455243080843223,0.491071428571429,0.946428571428571,112
"UMass-gbqr_5src_nihflu_otid50","20",0.622563498232434,0.587591676929811,23.5432577995834,0.28586225300907,0.695441164400733,0.705929488938581,36.6706757939813,0.476094210548709,0.482142857142857,0.955357142857143,112
"UMass-gbqr_5src_nihflu_otid50","21",0.722370427784561,0.765841380920374,46.0370993812938,0.397815662345477,0.789034055773414,0.885948354127798,71.8542242889399,0.617003974776929,0.294642857142857,0.875,112
"UMass-gbqr_5src_nihflu_otid50","22",0.618035603861306,0.637350239036122,45.6664819254221,0.273874052467369,0.739303567206863,0.777981487188541,73.8455943629206,0.417584327872389,0.392857142857143,0.946428571428571,112
"UMass-gbqr_5src_nihflu_otid50","23",0.667402183255848,0.645447242892591,16.2145449498725,0.315895855349963,0.764403856109528,0.683285430450657,25.6834424829473,0.501531157109744,0.428571428571429,0.928571428571429,112
"UMass-gbqr_5src_nihflu_otid50","24",0.609162111583156,0.75389737163352,54.7291101394482,0.481259180825539,0.75250261512619,0.959799934438819,88.0557202881642,0.79838905758957,0.267857142857143,0.910714285714286,112
"UMass-gbqr_5src_nihflu_otid50","25",0.662768071017919,0.548335160152361,95.2814009084317,0.351032475233303,0.81518120463583,0.664975293258417,149.107632207158,0.532763193054465,0.419642857142857,0.892857142857143,112
"UMass-gbqr_5src_nihflu_otid50","26",0.674535590529592,0.490434522726089,90.3320482857578,0.245191228009364,0.775333679631438,0.56692779587314,142.066425200651,0.36154267388426,0.598214285714286,0.9375,112
"UMass-gbqr_5src_nihflu_otid50","27",0.608240934905986,0.617496499023248,75.5869630388448,0.342156812065595,0.734926723503706,0.697542781610482,116.346286282692,0.532073236828752,0.348214285714286,0.910714285714286,112
"UMass-gbqr_5src_nihflu_otid50","28",0.670502365605427,0.548710404886166,26.0993868098514,0.28297331127516,0.763018613430694,0.666230389388004,42.5040316052032,0.450868696311364,0.348214285714286,0.919642857142857,112
"UMass-gbqr_5src_nihflu_otid50","29",0.678261977163216,0.596680872247382,67.6189732070749,0.303934810896953,0.760684076453276,0.690375975030765,102.669942867989,0.451342254394553,0.482142857142857,0.919642857142857,112
"UMass-gbqr_5src_nihflu_otid50","30",0.694652755033643,0.659282816920478,12.3614176379326,0.322289222166931,0.770412600734934,0.655371902678247,19.4304942638649,0.514050080204331,0.419642857142857,0.892857142857143,112
"UMass-gbqr_5src_nihflu_otid50","31",0.59620839968254,0.604646566944371,13.3539960858369,0.292002322270853,0.686084637649558,0.642788709503683,21.9284738454015,0.48207242268801,0.455357142857143,0.973214285714286,112
"UMass-gbqr_5src_nihflu_otid50","32",0.781456505040249,0.70728912163307,25.2014660364119,0.319493348539657,0.86852632253554,0.793026202833304,39.9163579186073,0.487079654464031,0.357142857142857,0.857142857142857,112
"UMass-gbqr_5src_nihflu_otid50","33",0.623773390405486,0.624430422486754,17.7100930532085,0.327205194483957,0.755621399544351,0.710806270774982,27.4948511804092,0.539977875178937,0.330357142857143,0.910714285714286,112
"UMass-gbqr_5src_nihflu_otid50","34",0.589468889429025,0.548847169015431,124.689425999791,0.307316553629843,0.70228860686803,0.63751502765136,190.934248995762,0.456317387262083,0.428571428571429,0.910714285714286,112
"UMass-gbqr_5src_nihflu_otid50","35",0.741743988467316,0.674509306222174,34.6895539704548,0.360522850964149,0.87091478728574,0.80271215387356,54.8717844451097,0.575709176574063,0.348214285714286,0.910714285714286,112
"UMass-gbqr_5src_nihflu_otid50","36",0.593117265705306,0.516221384228576,279.577120273409,0.318766069061247,0.741932280545347,0.650635989624957,427.528834567138,0.458213430131615,0.410714285714286,0.866071428571429,112
"UMass-gbqr_5src_nihflu_otid50","37",0.596745801100537,0.598248976977519,188.84788476979,0.369012124614654,0.744311677654376,0.729469078052434,284.374205124302,0.55928836838218,0.464285714285714,0.892857142857143,112
"UMass-gbqr_5src_nihflu_otid50","38",0.692270726820752,0.679047496632085,12.2849230255222,0.331982916323051,0.806017794894714,0.707088906675125,19.3282864701076,0.518872443332255,0.339285714285714,0.839285714285714,112
"UMass-gbqr_5src_nihflu_otid50","39",0.594421745696137,0.616333042165243,137.836425574744,0.389189286545338,0.727165593737204,0.782948796567254,222.39676577099,0.613896204808319,0.4375,0.9375,112
"UMass-gbqr_5src_nihflu_otid50","40",0.630814839336898,0.637401367690829,25.6574111860973,0.36864283374707,0.686938367862297,0.802052918353092,40.9349687451337,0.621358974303455,0.401785714285714,0.955357142857143,112
"UMass-gbqr_5src_nihflu_otid50","41",0.684286387364196,0.725631623070556,34.0710177000517,0.423428806923227,0.748826512807861,0.837249485323872,51.6633591899464,0.681519699393039,0.446428571428571,0.910714285714286,112
"UMass-gbqr_5src_nihflu_otid50","42",0.557663247553502,0.612794777086315,202.585011223638,0.26709686750902,0.696335198651675,0.752564289417797,333.962116663966,0.405537904052418,0.330357142857143,0.892857142857143,112
"UMass-gbqr_5src_nihflu_otid50","44",0.701663198771941,0.723420548955907,21.797442758335,0.418190740586138,0.826483533480322,0.804557379099225,31.5923487984209,0.6350620427675,0.330357142857143,0.776785714285714,112
"UMass-gbqr_5src_nihflu_otid50","45",0.648910827600841,0.609705546430136,80.0678921873673,0.43782144607808,0.791615091414265,0.734421045687862,123.104864668528,0.683449259932583,0.366071428571429,0.883928571428571,112
"UMass-gbqr_5src_nihflu_otid50","46",0.67137916402076,0.646198270927146,7.83603225379849,0.294753692590401,0.683617613927486,0.643636968564867,11.0238856192015,0.442721869486856,0.410714285714286,0.910714285714286,112
"UMass-gbqr_5src_nihflu_otid50","47",0.710317143684535,0.538281677788175,72.3179713299818,0.227683302735752,0.829337918655883,0.654734341862946,115.516162977137,0.346561847906532,0.491071428571429,0.946428571428571,112
"UMass-gbqr_5src_nihflu_otid50","48",0.664342837352637,0.576966018734522,172.104715677747,0.192597859270058,0.800634549290552,0.727336825530974,287.678404447133,0.295538039527716,0.428571428571429,0.982142857142857,112
"UMass-gbqr_5src_nihflu_otid50","49",0.683738800801719,0.791515598706895,20.79042059604,0.46286975601006,0.809428207778244,0.927715379438008,33.6077875521827,0.763207829491742,0.330357142857143,0.928571428571429,112
"UMass-gbqr_5src_nihflu_otid50","50",0.708329275533768,0.669228613479064,4.52674081117186,0.298424172327292,0.798041535826885,0.649534812460018,7.18680287923683,0.4661883423888,0.4375,0.919642857142857,112
"UMass-gbqr_5src_nihflu_otid50","51",0.614249126874783,0.585243253883714,75.6843680726401,0.327829100294355,0.745240450210336,0.748149169819203,123.63676475657,0.514531659922183,0.339285714285714,0.955357142857143,112
"UMass-gbqr_5src_nihflu_otid50","53",0.729138200284399,0.601469665078806,25.6865571918133,0.222788077547473,0.744902549185742,0.666147060448687,39.9455208709203,0.345548356703338,0.455357142857143,1,112
"UMass-gbqr_5src_nihflu_otid50","54",0.628974244554726,0.579946131403175,18.3466913261761,0.308322014908444,0.701927948709973,0.58462777183759,29.6988014967616,0.486090467423456,0.455357142857143,0.964285714285714,112
"UMass-gbqr_5src_nihflu_otid50","55",0.554351528541428,0.52110502751727,70.960630709147,0.299560408394722,0.682024409807717,0.538446953601591,109.955679611479,0.442364580274748,0.526785714285714,0.892857142857143,112
"UMass-gbqr_5src_nihflu_otid50","56",0.873473489679727,0.826658082471741,6.54320494114379,0.40261671386588,0.916720648624842,0.817358839534697,10.3770486259476,0.626225048871038,0.330357142857143,0.875,112
"UMass-gbqr_5src_utseirs_otid10","01",0.832547780121616,0.934453211310346,66.6334056795065,0.601064220962228,0.891924877452091,1.10064020257794,94.7346567494075,0.891409653194661,0.294642857142857,0.848214285714286,112
"UMass-gbqr_5src_utseirs_otid10","02",0.938686073321727,1.03708720374373,7.88264390156828,0.513619603859861,0.942091451552121,1.03810661445827,11.1201132945741,0.78952757970684,0.330357142857143,0.776785714285714,112
"UMass-gbqr_5src_utseirs_otid10","04",0.752524337687464,0.635210128445988,46.7357694689271,0.274213839975852,0.838444116403395,0.846147256439205,75.4329011946569,0.448309348469709,0.4375,0.946428571428571,112
"UMass-gbqr_5src_utseirs_otid10","05",0.784754105552716,0.86141270679764,27.130920270349,0.433775405045417,0.808058935243879,0.988788309765335,41.6173497901691,0.710890539624795,0.285714285714286,0.883928571428571,112
"UMass-gbqr_5src_utseirs_otid10","06",0.675100434247013,0.589816698928605,138.977362318966,0.224165824052198,0.723378213233001,0.789405548315133,218.072014663953,0.35226636961663,0.517857142857143,1,112
"UMass-gbqr_5src_utseirs_otid10","08",0.660900604892272,0.663284231617609,56.9541724389692,0.339294142457074,0.786756827242003,0.758428621093609,90.9942348091164,0.510280470899213,0.392857142857143,0.857142857142857,112
"UMass-gbqr_5src_utseirs_otid10","09",0.715922332559041,0.730114847676171,69.8559829283122,0.510545106776186,0.825538322706814,0.845285538312303,99.8893278958986,0.770504282203788,0.285714285714286,0.776785714285714,112
"UMass-gbqr_5src_utseirs_otid10","10",0.843667798832785,0.877359336965808,20.3665051244378,0.505884771548259,0.888840950099916,0.934424420000928,28.1468799875635,0.786300988693731,0.366071428571429,0.794642857142857,112
"UMass-gbqr_5src_utseirs_otid10","11",0.787053633183387,0.936436044239367,8.51781989959861,0.531670424889523,0.856931322225361,0.96013522547592,13.1411415349291,0.860244860440226,0.285714285714286,0.830357142857143,112
"UMass-gbqr_5src_utseirs_otid10","12",0.751742076369193,0.751371385355807,248.870795339785,0.282641710909718,0.850902898310955,0.964190961826077,371.298319085247,0.425033452017206,0.383928571428571,0.839285714285714,112
"UMass-gbqr_5src_utseirs_otid10","13",0.752189153895435,0.753396251675717,127.146163216077,0.429015152548823,0.856519709194542,0.888472475866463,185.620159994725,0.644814868187099,0.348214285714286,0.794642857142857,112
"UMass-gbqr_5src_utseirs_otid10","15",0.831566642770025,1.00062222536983,9.00874011278245,0.467084876011411,0.936090186017319,1.06259049353958,14.6053068368365,0.757846590504633,0.267857142857143,0.857142857142857,112
"UMass-gbqr_5src_utseirs_otid10","16",0.850858419272072,0.90602452271729,20.0287855480069,0.375306480037985,0.91204086235949,1.06385413969037,30.9823549069768,0.609744447004787,0.285714285714286,0.901785714285714,112
"UMass-gbqr_5src_utseirs_otid10","17",0.705283363317358,0.7579481279083,146.740931430371,0.434248900952277,0.786987699803846,0.893580162674457,216.165902217293,0.666025941532486,0.357142857142857,0.803571428571429,112
"UMass-gbqr_5src_utseirs_otid10","18",0.741774712452339,0.660636955565161,72.7106295144442,0.342554272725911,0.832151919832811,0.744258829094476,112.114190416533,0.489695669028631,0.366071428571429,0.830357142857143,112
"UMass-gbqr_5src_utseirs_otid10","19",0.72261049747754,0.685715187744158,29.4626995087897,0.358230380229317,0.78578182932189,0.741707401565766,43.4017744808126,0.583140472183644,0.455357142857143,0.883928571428571,112
"UMass-gbqr_5src_utseirs_otid10","20",0.782134212357961,0.77254386041628,29.5776855657264,0.375841144722856,0.85007459259851,0.936204028179199,44.8245105144768,0.631396371298603,0.348214285714286,0.883928571428571,112
"UMass-gbqr_5src_utseirs_otid10","21",0.864567191392366,0.932993527768874,55.099384167768,0.48464270469084,0.896634456700139,1.14395374102174,81.6529690771991,0.796687529112488,0.205357142857143,0.776785714285714,112
"UMass-gbqr_5src_utseirs_otid10","22",0.76353154444877,0.774654707402183,56.417137226748,0.332874785298599,0.864588446364357,0.955721894183489,86.3597181632771,0.512987122942708,0.3125,0.848214285714286,112
"UMass-gbqr_5src_utseirs_otid10","23",0.701755279362854,0.747157446516372,17.0491538782955,0.36567503114683,0.797879878813141,0.807425469331484,26.8082137629379,0.592649882270451,0.392857142857143,0.901785714285714,112
"UMass-gbqr_5src_utseirs_otid10","24",0.625261056252785,0.69867868250915,56.1754918155232,0.446009686538706,0.759128828423269,0.861764135753946,88.8311009618372,0.716840074188337,0.3125,0.875,112
"UMass-gbqr_5src_utseirs_otid10","25",0.690241639861856,0.610594083433662,99.2310783927197,0.390889310127354,0.815407325128427,0.765504929391114,149.148992693701,0.613305268054304,0.383928571428571,0.830357142857143,112
"UMass-gbqr_5src_utseirs_otid10","26",0.800560757060684,0.657742918572222,107.209010136458,0.328836544831201,0.886084690349144,0.788264844500209,162.359623591701,0.502694314309714,0.446428571428571,0.848214285714286,112
"UMass-gbqr_5src_utseirs_otid10","27",0.647431337936891,0.697764209816892,80.4572099679377,0.386633410848583,0.786783302834288,0.780246202480614,124.555703945004,0.595157936433248,0.348214285714286,0.803571428571429,112
"UMass-gbqr_5src_utseirs_otid10","28",0.800188282688982,0.75432441120209,31.1474270366712,0.389009711703614,0.853334522393388,0.889766791311761,47.5350887530006,0.602146043785829,0.321428571428571,0.8125,112
"UMass-gbqr_5src_utseirs_otid10","29",0.917725922575545,0.880639565958578,91.4922060493756,0.448576504455174,0.971323482574159,1.05875114263132,131.100057894205,0.692172301529949,0.3125,0.821428571428571,112
"UMass-gbqr_5src_utseirs_otid10","30",0.821057217357623,0.812018348327984,14.6107981215807,0.396953712657535,0.873328251476174,0.823576666563128,22.0261189453434,0.645983829595208,0.330357142857143,0.839285714285714,112
"UMass-gbqr_5src_utseirs_otid10","31",0.780903712806461,0.825032859936761,17.4908389915097,0.398433604392667,0.852953324284871,0.88815214203855,27.2618910795125,0.66608770268952,0.383928571428571,0.910714285714286,112
"UMass-gbqr_5src_utseirs_otid10","32",0.819079449382322,0.789080116178895,26.4147816181637,0.356439595736983,0.873871388083415,0.898931149000359,40.1620102885718,0.552126867785334,0.410714285714286,0.821428571428571,112
"UMass-gbqr_5src_utseirs_otid10","33",0.749639028584228,0.780305690705891,21.283653898595,0.408884746946767,0.868279918413751,0.86546161881741,31.5941649536657,0.657464832813623,0.294642857142857,0.794642857142857,112
"UMass-gbqr_5src_utseirs_otid10","34",0.628420870467268,0.6578744349311,132.928877214795,0.368364301535683,0.772263703623302,0.794189307901285,209.958681994835,0.56846093700427,0.392857142857143,0.785714285714286,112
"UMass-gbqr_5src_utseirs_otid10","35",0.741341818936589,0.754645838701238,34.6707454841599,0.403355545619687,0.819270702767074,0.889737939733585,51.6179608622021,0.638124505999956,0.339285714285714,0.821428571428571,112
"UMass-gbqr_5src_utseirs_otid10","36",0.608301322895557,0.601041427860581,286.734414840225,0.371142341552519,0.761053794177474,0.759936049538288,438.547358295872,0.535188507079553,0.303571428571429,0.732142857142857,112
"UMass-gbqr_5src_utseirs_otid10","37",0.655119905256657,0.689098471077723,207.321120902972,0.425049938515241,0.762398758922604,0.863382023261575,291.284615793768,0.661960236024922,0.357142857142857,0.839285714285714,112
"UMass-gbqr_5src_utseirs_otid10","38",0.737216445266168,0.797281366070442,13.0825223895232,0.389786862260534,0.822612961590324,0.82477976231807,19.7262381505092,0.60523575811323,0.392857142857143,0.830357142857143,112
"UMass-gbqr_5src_utseirs_otid10","39",0.683553776555568,0.75361930971262,158.504647467423,0.475879989239988,0.803808555884173,0.933676228623939,245.837295751227,0.732078899392937,0.375,0.8125,112
"UMass-gbqr_5src_utseirs_otid10","40",0.871031855371638,0.838864536557942,35.4278642096493,0.485159611450096,0.911585332766039,1.0586617684227,54.3217832211411,0.820156595043796,0.258928571428571,0.901785714285714,112
"UMass-gbqr_5src_utseirs_otid10","41",0.845417480467416,0.945398164588462,42.0938286554107,0.551669475491117,0.903190270961507,1.12443262122292,62.3132896437952,0.915286298094452,0.348214285714286,0.866071428571429,112
"UMass-gbqr_5src_utseirs_otid10","42",0.626376021579933,0.706845825716579,227.546631266594,0.30809059234872,0.776087245226815,0.920983393013836,372.211170186019,0.49629470880004,0.232142857142857,0.821428571428571,112
"UMass-gbqr_5src_utseirs_otid10","44",0.72703078563285,0.795084157491217,22.5854968040446,0.459617622321403,0.876054349008446,0.893952680081805,33.4871941655053,0.705624520883571,0.303571428571429,0.767857142857143,112
"UMass-gbqr_5src_utseirs_otid10","45",0.69792636959056,0.735874456568924,86.1158281511547,0.528421662872055,0.800903518758821,0.879042988702967,124.549317412844,0.818033856199306,0.3125,0.785714285714286,112
"UMass-gbqr_5src_utseirs_otid10","46",0.8609704422148,0.853102229214481,10.0488554252388,0.389129843781987,0.918430089693643,0.887291673111321,14.8104262554734,0.610318312162604,0.339285714285714,0.892857142857143,112
"UMass-gbqr_5src_utseirs_otid10","47",0.761519922248031,0.657326737120291,77.5309682357904,0.278037185101735,0.853566968432243,0.818651030331714,118.890959667108,0.433325695204993,0.392857142857143,0.866071428571429,112
"UMass-gbqr_5src_utseirs_otid10","48",0.664265174411221,0.710024017512165,172.084596309102,0.237014141843406,0.756709353030436,0.891926435654798,271.895510258599,0.362415569985652,0.401785714285714,0.928571428571429,112
"UMass-gbqr_5src_utseirs_otid10","49",0.691375627968323,0.815775583388907,21.0226333191249,0.477056732500373,0.812661857464353,0.93586193646443,33.7420499989625,0.769909794602779,0.339285714285714,0.848214285714286,112
"UMass-gbqr_5src_utseirs_otid10","50",0.845298798927457,0.895596366942597,5.40207598769093,0.399366672555663,0.887665725900964,0.894241750238049,7.99391799587831,0.641820994412053,0.410714285714286,0.883928571428571,112
"UMass-gbqr_5src_utseirs_otid10","51",0.663594387534303,0.73216607607413,81.7644172041659,0.410129197376656,0.769904407678451,0.981892277962513,127.728560775681,0.675286004483457,0.303571428571429,0.866071428571429,112
"UMass-gbqr_5src_utseirs_otid10","53",0.735959886466704,0.622695100903131,25.9268760123031,0.230650110027181,0.779147812525167,0.721571822323359,41.7819287110471,0.374298668043849,0.446428571428571,0.982142857142857,112
"UMass-gbqr_5src_utseirs_otid10","54",0.739800004971422,0.768966144002418,21.57939287947,0.408812436323296,0.790597568325713,0.808621194747118,33.4504421553234,0.672330452738625,0.419642857142857,0.910714285714286,112
"UMass-gbqr_5src_utseirs_otid10","55",0.624834761258194,0.647295704188671,79.9829466774299,0.372101889752889,0.733364269970907,0.72042381561822,118.232669605126,0.591868849260296,0.410714285714286,0.866071428571429,112
"UMass-gbqr_5src_utseirs_otid10","56",0.889475425304796,0.928584579310574,6.66307571625823,0.452259138083652,0.937246343374253,0.96637720392492,10.609394360513,0.74039648497623,0.258928571428571,0.946428571428571,112
"UMass-gbqr_5src_utseirs_otid50","01",0.883110115600171,1.0070142861781,70.6801891704837,0.647737361371696,0.933044540406884,1.20050698907099,99.1021290042476,0.972291868204548,0.267857142857143,0.803571428571429,112
"UMass-gbqr_5src_utseirs_otid50","02",0.971853046002955,1.0803290715362,8.1611645298908,0.53503522920511,0.958080818242608,1.05803825656336,11.3088461068863,0.804686505516231,0.294642857142857,0.776785714285714,112
"UMass-gbqr_5src_utseirs_otid50","04",0.781345303545606,0.689808879288984,48.5257049550766,0.297783572976128,0.860158616401865,0.91268033818246,77.3865051389512,0.483560189621782,0.357142857142857,0.955357142857143,112
"UMass-gbqr_5src_utseirs_otid50","05",0.814375715839566,0.912589537305802,28.1550137300524,0.459546153732357,0.82176441863269,1.00387980155397,42.3232214430373,0.721740585722038,0.276785714285714,0.848214285714286,112
"UMass-gbqr_5src_utseirs_otid50","06",0.717705858844666,0.66142768024994,147.74818993318,0.251382304474409,0.750970955238212,0.89962766742548,226.390214920892,0.401452172570924,0.455357142857143,1,112
"UMass-gbqr_5src_utseirs_otid50","08",0.700950724535955,0.678224232504677,60.4055559049587,0.34693649930449,0.808017014668463,0.770260176764695,93.4531324249792,0.518240892791792,0.383928571428571,0.857142857142857,112
"UMass-gbqr_5src_utseirs_otid50","09",0.780268701823687,0.774654580248722,76.1345674456897,0.541690265095336,0.877359075281299,0.882995836697887,106.159588165286,0.804878402039421,0.258928571428571,0.741071428571429,112
"UMass-gbqr_5src_utseirs_otid50","10",0.901745625356246,0.911022228132884,21.7685289460685,0.525294770724428,0.959957231484085,0.957683347556498,30.398915559346,0.805872949080727,0.339285714285714,0.776785714285714,112
"UMass-gbqr_5src_utseirs_otid50","11",0.82822759530563,0.962977092802614,8.96342154492948,0.546739356348795,0.878181083789349,0.985134698260382,13.4670091010377,0.882643442854374,0.276785714285714,0.821428571428571,112
"UMass-gbqr_5src_utseirs_otid50","12",0.792343788806044,0.837239529395795,262.312347680609,0.314942540588787,0.863444670032879,1.07640146162255,376.771021984655,0.474497943979197,0.357142857142857,0.821428571428571,112
"UMass-gbqr_5src_utseirs_otid50","13",0.808009819500979,0.841964164463239,136.581799748666,0.479449404817741,0.891933335013867,1.02686299791114,193.294802878025,0.745252719279285,0.3125,0.767857142857143,112
"UMass-gbqr_5src_utseirs_otid50","15",0.854153787736528,1.01529582811999,9.25343693974408,0.473934431965124,0.956380734790438,1.08207444409948,14.9218892507383,0.771742673324076,0.258928571428571,0.857142857142857,112
"UMass-gbqr_5src_utseirs_otid50","16",0.900819063616797,0.964971205232841,21.2048343579568,0.399724220805617,0.925357837061414,1.10464397853408,31.4347373094877,0.633123006904373,0.303571428571429,0.857142857142857,112
"UMass-gbqr_5src_utseirs_otid50","17",0.751711071694738,0.816331729593794,156.400659031813,0.467698439162139,0.83574003361693,0.983375728748727,229.55695296247,0.732954661459594,0.285714285714286,0.8125,112
"UMass-gbqr_5src_utseirs_otid50","18",0.778778839069879,0.694519034654574,76.33786740194,0.36012284932936,0.851667025090133,0.80008790765855,114.743422140541,0.526429204339121,0.321428571428571,0.830357142857143,112
"UMass-gbqr_5src_utseirs_otid50","19",0.773989986666513,0.726568301350691,31.5575742112387,0.379572807351231,0.824298301159649,0.781389454113454,45.5291884297221,0.614339042955657,0.392857142857143,0.883928571428571,112
"UMass-gbqr_5src_utseirs_otid50","20",0.843006531091294,0.871505201375042,31.8796719444109,0.423985652206493,0.887494289570847,1.03681565025355,46.7976545361772,0.699251038845549,0.3125,0.875,112
"UMass-gbqr_5src_utseirs_otid50","21",0.916561695926203,1.04187404350419,58.4130250373791,0.541200597177279,0.928905684105092,1.29821200414508,84.5917826747466,0.904118127121767,0.1875,0.794642857142857,112
"UMass-gbqr_5src_utseirs_otid50","22",0.810321186929763,0.831189132050864,59.8744111269985,0.357168040457428,0.88100318669047,1.00739366266246,87.9993102191823,0.540722128293859,0.267857142857143,0.803571428571429,112
"UMass-gbqr_5src_utseirs_otid50","23",0.770376826666629,0.786625425889766,18.7163152859176,0.38499151477951,0.8663604904588,0.835847204059451,29.1091150945324,0.613511421050493,0.348214285714286,0.883928571428571,112
"UMass-gbqr_5src_utseirs_otid50","24",0.664592368232518,0.742700444631072,59.709145114599,0.474111491869832,0.785272495311028,0.91875579308881,91.8903586607483,0.764247366018017,0.232142857142857,0.866071428571429,112
"UMass-gbqr_5src_utseirs_otid50","25",0.743567513387711,0.643810978407857,106.897355868045,0.412154057876005,0.87088588076596,0.780502147124484,159.296768454897,0.625320700338129,0.383928571428571,0.839285714285714,112
"UMass-gbqr_5src_utseirs_otid50","26",0.866858827779937,0.73073165141085,116.087474978857,0.365327036846474,0.953047952439204,0.895557608947017,174.629477868418,0.571117336128198,0.375,0.857142857142857,112
"UMass-gbqr_5src_utseirs_otid50","27",0.69638292989917,0.722358853819705,86.5404936800366,0.400261382827698,0.825118926124871,0.78485815875184,130.624618381709,0.598675854711577,0.357142857142857,0.785714285714286,112
"UMass-gbqr_5src_utseirs_otid50","28",0.852166858949396,0.801726968290441,33.1706994921247,0.413455500270323,0.888633963489691,0.937120861486742,49.5014478084597,0.634192717466451,0.330357142857143,0.767857142857143,112
"UMass-gbqr_5src_utseirs_otid50","29",0.977406491960502,0.991137279648084,97.4420292122525,0.504861368403087,1.00378707860276,1.16485350381813,135.481687078671,0.761538097308847,0.321428571428571,0.785714285714286,112
"UMass-gbqr_5src_utseirs_otid50","30",0.898909195563826,0.864356293849876,15.9961821275788,0.422539023421217,0.939638220496685,0.863615230983195,23.6985156214374,0.677388635274688,0.3125,0.839285714285714,112
"UMass-gbqr_5src_utseirs_otid50","31",0.846258168721338,0.883014140418372,18.954661287445,0.426434538284392,0.893197453588417,0.932246811009858,28.5481643589829,0.699157393529357,0.339285714285714,0.901785714285714,112
"UMass-gbqr_5src_utseirs_otid50","32",0.873896464377872,0.837816357901318,28.1825948396515,0.378454503908033,0.928610274606937,0.946264320983175,42.677739437874,0.581199078730831,0.366071428571429,0.8125,112
"UMass-gbqr_5src_utseirs_otid50","33",0.802878778269001,0.818508028099377,22.7952299541782,0.428902995235818,0.922268117968148,0.905837352904863,33.5586375230523,0.688137048293042,0.25,0.803571428571429,112
"UMass-gbqr_5src_utseirs_otid50","34",0.675863690112227,0.702047249232345,142.964382150555,0.393098030379619,0.798358632068094,0.84491476926062,217.053223350738,0.604768959546782,0.348214285714286,0.794642857142857,112
"UMass-gbqr_5src_utseirs_otid50","35",0.790687508750999,0.780084759355753,36.9785228259937,0.416952559204546,0.852577307244047,0.909942497974916,53.7164357625477,0.652615316350874,0.3125,0.830357142857143,112
"UMass-gbqr_5src_utseirs_otid50","36",0.626951848009944,0.649117249883672,295.525695088772,0.400829102448893,0.767340339131804,0.845921082335254,442.169898126331,0.595743867444091,0.294642857142857,0.714285714285714,112
"UMass-gbqr_5src_utseirs_otid50","37",0.702858213602472,0.759826721347289,222.428522642487,0.468676560384467,0.811194813419506,0.952641639101414,309.927799324743,0.730396125094774,0.303571428571429,0.830357142857143,112
"UMass-gbqr_5src_utseirs_otid50","38",0.794457002726411,0.865837367623523,14.0983039545858,0.423303547676386,0.894834151920738,0.905888064493079,21.4581004800509,0.664754246561831,0.366071428571429,0.821428571428571,112
"UMass-gbqr_5src_utseirs_otid50","39",0.750887046886815,0.798184860541615,174.118102681529,0.504021324759992,0.869336081342009,1.00033347922799,265.878273839728,0.784343662233361,0.321428571428571,0.785714285714286,112
"UMass-gbqr_5src_utseirs_otid50","40",0.920495520480429,0.931753172994502,37.4397217553622,0.538882009760801,0.92079808347239,1.13558853741731,54.8707752120743,0.879752585763608,0.223214285714286,0.857142857142857,112
"UMass-gbqr_5src_utseirs_otid50","41",0.913998809102114,1.01936818800766,45.5085329443654,0.594833303759703,0.940257188883724,1.16691271524266,64.8706263057934,0.94986502452427,0.285714285714286,0.866071428571429,112
"UMass-gbqr_5src_utseirs_otid50","42",0.694587779558247,0.781625828898048,252.326244799033,0.340684709252023,0.844322904366623,1.01702122579846,404.936968339575,0.548047073302142,0.1875,0.8125,112
"UMass-gbqr_5src_utseirs_otid50","44",0.773672709283288,0.82894437803554,24.0344464748959,0.479191341544995,0.922907814858744,0.917044336252909,35.2781687894332,0.723851479854881,0.25,0.741071428571429,112
"UMass-gbqr_5src_utseirs_otid50","45",0.747080205518085,0.774625487671353,92.180827945027,0.556248263062293,0.846344589720566,0.905542432869344,131.615904383975,0.84269413195049,0.285714285714286,0.785714285714286,112
"UMass-gbqr_5src_utseirs_otid50","46",0.925911980309783,0.914382753111204,10.8068235219488,0.417082039748896,0.98386172690031,0.940621313716882,15.8655642006462,0.647000788995158,0.330357142857143,0.883928571428571,112
"UMass-gbqr_5src_utseirs_otid50","47",0.839904489001442,0.719663683316769,85.5113653043197,0.304404572992021,0.92095884647481,0.883230484841468,128.277786185203,0.467508681586943,0.383928571428571,0.857142857142857,112
"UMass-gbqr_5src_utseirs_otid50","48",0.710052342636498,0.814378701349818,183.946224260873,0.271848929438035,0.798218932668382,1.03960401005156,286.810441983812,0.422421250005451,0.348214285714286,0.946428571428571,112
"UMass-gbqr_5src_utseirs_otid50","49",0.742826203981804,0.844564957071072,22.5870890937198,0.493892446659028,0.838833241587493,0.96109018405162,34.8286964848459,0.790664431757295,0.303571428571429,0.839285714285714,112
"UMass-gbqr_5src_utseirs_otid50","50",0.896592455051892,0.953326187684283,5.72987987008407,0.425109705095588,0.925448805438703,0.934567168772782,8.33417540431871,0.670763615596039,0.401785714285714,0.848214285714286,112
"UMass-gbqr_5src_utseirs_otid50","51",0.715324550965802,0.814073941166616,88.1383208180419,0.456010600608749,0.828022943106784,1.06990820719118,137.370532961599,0.735818026695772,0.3125,0.875,112
"UMass-gbqr_5src_utseirs_otid50","53",0.821169803762975,0.678391357660848,28.9287066845771,0.251280347410834,0.864971960604709,0.776996436644626,46.3842626701506,0.403048902844451,0.357142857142857,0.982142857142857,112
"UMass-gbqr_5src_utseirs_otid50","54",0.78402271694,0.833043797804978,22.8693351197413,0.442878619820736,0.824674946085788,0.904300184532613,34.8922671738122,0.751883028082849,0.410714285714286,0.910714285714286,112
"UMass-gbqr_5src_utseirs_otid50","55",0.693079301537342,0.717963780723951,88.7186953338931,0.412725865246344,0.819521159435461,0.793319890442784,132.122845965467,0.651757091412567,0.366071428571429,0.839285714285714,112
"UMass-gbqr_5src_utseirs_otid50","56",0.941646434578956,0.979194660640465,7.05388964444317,0.476908343197088,0.984814727374767,1.01340273783347,11.147856578607,0.776425418469909,0.276785714285714,0.919642857142857,112
"UMass-trends_ensemble","01",1.0932152578311,0.9172271218566,70.3964140886288,0.392799309053488,1.08409613086337,0.919794331371816,94.0625,0.531187829941134,0.346153846153846,0.649038461538462,208
"UMass-trends_ensemble","02",1.08751293887305,1.0619400244804,7.44604306020067,0.428559812929733,1.04653875381364,0.985377759427101,10.3125,0.60165696533301,0.350961538461538,0.682692307692308,208
"UMass-trends_ensemble","04",0.942875383177536,0.745369081558192,202.083336120401,0.355787732738171,0.982146984082272,0.849062036866828,260.8125,0.461348383107195,0.355769230769231,0.634615384615385,208
"UMass-trends_ensemble","05",0.905691381247899,0.881239640273589,45.6311444397993,0.44886757350532,0.881947255638014,0.863521145636434,60.7211538461538,0.586127094585206,0.413461538461538,0.653846153846154,208
"UMass-trends_ensemble","06",0.78537724931525,0.687827572003293,306.166257316054,0.324104677762155,0.780622952866615,0.740965336192471,409.634615384615,0.406015807954271,0.408653846153846,0.644230769230769,208
"UMass-trends_ensemble","08",0.889517695325926,0.819227594230996,63.3766335702341,0.344138633291446,0.953689511492979,0.841715116258419,85.3774038461538,0.464786688680768,0.355769230769231,0.658653846153846,208
"UMass-trends_ensemble","09",0.953748221745714,0.979888137093081,44.4733340301003,0.472898898216771,0.988405243247281,0.991110990801988,61.0360576923077,0.637696741769757,0.341346153846154,0.653846153846154,208
"UMass-trends_ensemble","10",0.893177417863467,0.948065237599551,16.7248839882943,0.449277907476572,0.930474096581973,0.883438494407258,22.3822115384615,0.592879282449537,0.471153846153846,0.682692307692308,208
"UMass-trends_ensemble","11",0.924501688114118,1.02658086845294,18.9235503762542,0.563529375769084,1.01961394626816,0.975541932607321,26.5721153846154,0.778717968149714,0.365384615384615,0.649038461538462,208
"UMass-trends_ensemble","12",0.748597037235081,0.667883368698977,211.621101588629,0.222328619558858,0.772313029317759,0.766139551482402,282.90625,0.305576576857521,0.394230769230769,0.701923076923077,208
"UMass-trends_ensemble","13",0.91476365196132,0.857474739216039,129.407336956522,0.439629664100921,0.938128164932062,0.825975157644938,163.129807692308,0.527718359706999,0.456730769230769,0.6875,208
"UMass-trends_ensemble","15",0.82373207856414,0.96474065876659,8.47561454849498,0.319947760265847,0.850065358957598,0.928215225935747,12.0985576923077,0.456224252645182,0.403846153846154,0.759615384615385,208
"UMass-trends_ensemble","16",1.08899864779752,0.911750221782052,31.6811099498328,0.488468704550719,1.0813665966082,0.967478222032157,43.0889423076923,0.695966628895058,0.317307692307692,0.644230769230769,208
"UMass-trends_ensemble","17",0.894435424289004,0.861176516234838,145.48539506689,0.401685552439016,0.950535734545656,0.865404485517189,193.915865384615,0.50927624189899,0.355769230769231,0.610576923076923,208
"UMass-trends_ensemble","18",0.934697246082109,0.789192401298798,129.524799331104,0.396860128293288,0.998714684223107,0.798071617973727,177.168269230769,0.516521181646917,0.336538461538462,0.615384615384615,208
"UMass-trends_ensemble","19",0.88324293870446,0.867645631531147,38.0769941471572,0.490323606598069,0.945579705229946,0.839784600824886,53.8100961538462,0.676675434302711,0.307692307692308,0.620192307692308,208
"UMass-trends_ensemble","20",0.914521502898697,0.799182495620772,40.1107451923077,0.440519082692719,0.97311960586803,0.824072679519315,55.5408653846154,0.602269231505903,0.346153846153846,0.605769230769231,208
"UMass-trends_ensemble","21",1.00053377771984,0.875229334963357,88.1404420986622,0.441837606536424,1.04965056345205,0.937443221266256,121.163461538462,0.604800319070297,0.322115384615385,0.673076923076923,208
"UMass-trends_ensemble","22",0.926809470083022,0.800502229670061,58.4443405100334,0.31543355776539,0.967081351185197,0.866575477093112,80.4086538461538,0.435429842633148,0.322115384615385,0.658653846153846,208
"UMass-trends_ensemble","23",0.961221068241917,0.933950147424427,21.0121592809365,0.483383378686697,0.999005814089905,0.895085884617353,28.3581730769231,0.662338086545636,0.375,0.663461538461538,208
"UMass-trends_ensemble","24",0.860793479656607,0.874815659136219,78.3083768812709,0.476694132524812,0.93650856161423,0.925579812485601,103.836538461538,0.637444947002534,0.326923076923077,0.591346153846154,208
"UMass-trends_ensemble","25",0.875996482076366,0.789776783753299,124.457080593849,0.403808662141172,0.953953033412956,0.800280660572237,168.317073170732,0.504492171602945,0.297560975609756,0.590243902439024,208
"UMass-trends_ensemble","26",0.95379977578924,0.762143198685791,158.818404055184,0.410143675989258,0.986037155970812,0.775595685828101,215.389423076923,0.531121060696491,0.307692307692308,0.538461538461538,208
"UMass-trends_ensemble","27",0.815324366286889,0.810062199618515,77.1099787910923,0.434848497916921,0.885843343040054,0.803390651572088,99.3170731707317,0.567582599908714,0.302439024390244,0.570731707317073,208
"UMass-trends_ensemble","28",0.995609563028504,0.895650542961553,43.0670213210702,0.364499201631801,1.01479213059542,0.919318057619213,59.3581730769231,0.478102824804585,0.365384615384615,0.706730769230769,208
"UMass-trends_ensemble","29",0.938924485874951,0.844607777899954,109.390264423077,0.444028569679722,0.958960719511973,0.819722045187224,145.485576923077,0.553252830215272,0.298076923076923,0.596153846153846,208
"UMass-trends_ensemble","30",0.959508008030359,0.945388599551456,20.3046132943144,0.546084368372828,0.985402448394466,0.885246233873651,27.5168269230769,0.773728799229775,0.389423076923077,0.644230769230769,208
"UMass-trends_ensemble","31",0.877634259234817,0.869173760081609,25.2047606605351,0.494163090785361,0.912148742571865,0.832089631640086,33.8389423076923,0.661854993575637,0.317307692307692,0.639423076923077,208
"UMass-trends_ensemble","32",1.1876347745088,0.998289887824915,31.1804985367893,0.378551012010059,1.11622540862517,0.971930446605165,40.4711538461538,0.498220191393614,0.365384615384615,0.610576923076923,208
"UMass-trends_ensemble","33",0.803930889977347,0.88658098250913,21.0124498327759,0.49378655414015,0.910583523981558,0.875046377852145,29.0048076923077,0.667799906788413,0.355769230769231,0.668269230769231,208
"UMass-trends_ensemble","34",0.897319469046597,0.747882578745014,150.771225961538,0.412239493456156,0.960166272924798,0.801565432677504,201.492788461538,0.5567456357448,0.346153846153846,0.653846153846154,208
"UMass-trends_ensemble","35",1.01719504836462,0.966475244520744,33.7034866220736,0.423771697849403,1.02023135561392,0.970102213157053,45.7548076923077,0.56575583291136,0.346153846153846,0.668269230769231,208
"UMass-trends_ensemble","36",0.784044112420469,0.769230582773625,223.906974289298,0.360300421846198,0.830789217903081,0.846177150793485,293.608173076923,0.478900774132627,0.408653846153846,0.629807692307692,208
"UMass-trends_ensemble","37",0.90424785827664,0.809512926125381,174.241254180602,0.507893339028294,0.993659028376472,0.838912704539129,232.449519230769,0.659130320661308,0.399038461538462,0.600961538461538,208
"UMass-trends_ensemble","38",0.893234281818315,0.928670418457806,9.6355612458194,0.43850483528787,0.930777453815918,0.889724866998283,13.5432692307692,0.634735517480321,0.427884615384615,0.735576923076923,208
"UMass-trends_ensemble","39",0.858684800781489,0.809566514304431,226.616822742475,0.470577490048635,0.972241803074098,0.840739926204934,311.995192307692,0.588949690782794,0.336538461538462,0.620192307692308,208
"UMass-trends_ensemble","40",0.87780521621912,0.825560491019818,70.0519680183946,0.460998169912197,0.864422152101465,0.826176131115981,95.5961538461538,0.591087945825386,0.427884615384615,0.711538461538462,208
"UMass-trends_ensemble","41",0.918774993203565,0.841475814130452,54.3744366638796,0.374038336891635,0.897314864688947,0.797675102776628,70.1009615384615,0.456310421900722,0.442307692307692,0.653846153846154,208
"UMass-trends_ensemble","42",0.885684464481284,0.868288917009047,304.621496655518,0.387605534633258,0.997246099652205,0.940665847404165,403.586538461538,0.49700564961752,0.326923076923077,0.600961538461538,208
"UMass-trends_ensemble","44",0.788490497694411,0.862166775304543,12.6896132943144,0.42781822901579,0.919436507951383,0.887571990563234,18.2355769230769,0.614830670039091,0.375,0.697115384615385,208
"UMass-trends_ensemble","45",0.984707287018436,0.908394878065694,102.478931856187,0.434954879244283,1.05971170337441,0.926251239057316,135.579326923077,0.558050402397613,0.375,0.610576923076923,208
"UMass-trends_ensemble","46",1.03370243524639,0.921034536641441,15.5461486204013,0.530036424683115,1.01917133269771,0.869157894066002,21.4278846153846,0.762341197125185,0.384615384615385,0.653846153846154,208
"UMass-trends_ensemble","47",0.990195956523371,0.768929464098873,96.564672867893,0.355101120306612,1.02966719386211,0.825583868924425,130.877403846154,0.478462514751396,0.360576923076923,0.682692307692308,208
"UMass-trends_ensemble","48",0.828721573108153,0.685708381852788,307.423785535117,0.377998853955698,0.877537238602153,0.747372933873172,414.435096153846,0.458586772702835,0.384615384615385,0.610576923076923,208
"UMass-trends_ensemble","49",0.950131594433758,0.911048715762071,27.6447763377926,0.399249340024657,1.04895270389326,0.947284959324209,36.8966346153846,0.55578632900212,0.423076923076923,0.725961538461538,208
"UMass-trends_ensemble","50",1.00892341823561,0.912901993779676,8.12630225752508,0.409869367184416,1.05414660120872,0.899957177477753,11.7524038461538,0.64148097940794,0.346153846153846,0.725961538461538,208
"UMass-trends_ensemble","51",0.904069999028362,0.808619860821119,100.361494565217,0.365073784190921,0.98378017629642,0.87530119831216,137.112980769231,0.471356871978449,0.350961538461538,0.663461538461538,208
"UMass-trends_ensemble","53",0.994022020493437,0.817805812947219,60.8799581939799,0.381052556206812,0.951771546651491,0.822698912120241,80.7451923076923,0.502524159309265,0.375,0.663461538461538,208
"UMass-trends_ensemble","54",0.989706241576715,0.850352142495177,51.7302184364548,0.506128286427101,1.04242271249289,0.82862021277651,71.0576923076923,0.722105435548746,0.341346153846154,0.596153846153846,208
"UMass-trends_ensemble","55",0.95587020111208,0.863675228617422,80.5909636287625,0.482672238742738,1.04193432129353,0.813261313233345,110.774038461538,0.641577425067312,0.293269230769231,0.557692307692308,208
"UMass-trends_ensemble","56",0.98878439705519,0.95845035996628,12.3149446070234,0.477367436302109,1.01074614561201,0.941931840135295,17.5240384615385,0.69775487003037,0.504807692307692,0.778846153846154,208
