"model_id","wis_scaled_relative_skill","wis","ae_median_scaled_relative_skill","ae_median","interval_coverage_50","interval_coverage_95","n"
"UMass-AR2",1,358.028106742107,1,426.667922270085,0.789473684210526,1,19
"UMass-AR4_pooled",0.801453210510524,286.942775601466,0.624147994230327,266.303927887295,0.947368421052632,1,19
"UMass-AR6_pooled",0.878170938714208,314.409878583787,1.10552147705366,471.690551639442,0.736842105263158,1,19
"UMass-AR6_unpooled",1.33129533233747,476.64114735139,1.92810049815911,822.658633477462,0.473684210526316,1,19
