"model_id","location","wis_scaled_relative_skill","wis_scaled_relative_skill__log","wis","wis__log","ae_median_scaled_relative_skill","ae_median_scaled_relative_skill__log","ae_median","ae_median__log","interval_coverage_50","interval_coverage_95","n"
"FluSight-baseline","01",1,1,9.10641304347826,0.496163660941101,1,1,4.16666666666667,0.221380743698704,1,1,12
"FluSight-baseline","02",1,1,1.53666666666667,0.454161764089457,1,1,2,0.859079388387024,0.916666666666667,1,12
"FluSight-baseline","04",1,1,18.6196014492754,0.471661812386945,1,1,12,0.302470021283778,1,1,12
"FluSight-baseline","05",1,1,6.7493115942029,0.602495563692862,1,1,4,0.736095681370436,1,1,12
"FluSight-baseline","06",1,1,46.2661231884058,0.452218091351805,1,1,17.3333333333333,0.116989822839461,1,1,12
"FluSight-baseline","08",1,1,8.34960144927536,0.543761504431144,1,1,5.58333333333333,0.563548365498943,1,1,12
"FluSight-baseline","09",1,1,6.24561594202899,0.573930156287128,1,1,2.75,0.53949089136269,1,1,12
"FluSight-baseline","10",1,1,2.42971014492754,0.458575849859926,1,1,1.66666666666667,0.688804180465027,0.916666666666667,1,12
"FluSight-baseline","11",1,1,1.76188405797101,0.449219694633678,1,1,2.08333333333333,1.02896435065032,0.916666666666667,1,12
"FluSight-baseline","12",1,1,39.8864855072464,0.503652467752626,1,1,15.3333333333333,0.129452359527149,1,1,12
"FluSight-baseline","13",1,1,15.5805434782609,0.626568536298227,1,1,12,0.625855767056828,0.916666666666667,1,12
"FluSight-baseline","15",1,1,4.00514492753623,0.442797919233827,1,1,6.25,0.597641678694221,0.666666666666667,1,12
"FluSight-baseline","16",1,1,4.12340579710145,0.485124131007165,1,1,2.91666666666667,0.574592013452382,1,1,12
"FluSight-baseline","17",1,1,21.9304710144928,0.67564419152791,1,1,17.6666666666667,0.611309027016353,0.833333333333333,1,12
"FluSight-baseline","18",1,1,13.5403623188406,0.589564401403538,1,1,6.08333333333333,0.503944767107409,1,1,12
"FluSight-baseline","19",1,1,4.37952898550725,0.548642441452454,1,1,2.25,0.82632583937789,1,1,12
"FluSight-baseline","20",1,1,4.46231884057971,0.515902916899281,1,1,1.83333333333333,0.437089404335769,1,1,12
"FluSight-baseline","21",1,1,11.1848913043478,0.718043280033377,1,1,10.8333333333333,0.950935032613531,0.833333333333333,1,12
"FluSight-baseline","22",1,1,9.76510869565217,0.469706162979027,1,1,6.25,0.253093318167661,1,1,12
"FluSight-baseline","23",1,1,2.71532608695652,0.449139394975598,1,1,1.58333333333333,0.622652118105578,1,1,12
"FluSight-baseline","24",1,1,9.18934782608696,0.509752896785888,1,1,3.58333333333333,0.228356031120872,1,1,12
"FluSight-baseline","25",1,1,14.2750362318841,0.666462889428246,1,1,9.08333333333333,0.998653982477753,1,1,12
"FluSight-baseline","26",1,1,17.5435869565217,0.63968802678241,1,1,8,0.567928017643846,1,1,12
"FluSight-baseline","27",1,1,9.1754347826087,0.55114324521245,1,1,7.91666666666667,0.788607900128859,1,1,12
"FluSight-baseline","28",1,1,6.14409420289855,0.488982532803901,1,1,3.83333333333333,0.35216920858729,1,1,12
"FluSight-baseline","29",1,1,11.5807246376812,0.614685111980345,1,1,4.75,0.367321971907659,1,1,12
"FluSight-baseline","30",1,1,2.70282608695652,0.487549920801804,1,1,2.58333333333333,0.793201094506308,1,1,12
"FluSight-baseline","31",1,1,3.05583333333333,0.534027945628599,1,1,2.58333333333333,0.963457252632055,1,1,12
"FluSight-baseline","32",1,1,8.42177536231884,0.336695865200129,1,1,11,0.408042972418411,0.75,1,12
"FluSight-baseline","33",1,1,2.42460144927536,0.461614634901581,1,1,1.41666666666667,0.565831020277146,1,1,12
"FluSight-baseline","34",1,1,20.2349275362319,0.553694981539098,1,1,15.6666666666667,0.514151968075313,1,1,12
"FluSight-baseline","35",1,1,5.07514492753623,0.541740069424755,1,1,3.33333333333333,0.653386968040474,1,1,12
"FluSight-baseline","36",1,1,33.566884057971,0.674782209431062,1,1,20.6666666666667,0.550428824466446,1,1,12
"FluSight-baseline","37",1,1,17.5049275362319,0.644982853846097,1,1,5.25,0.39972754671939,1,1,12
"FluSight-baseline","38",1,1,2.7131884057971,0.427388545566223,1,1,3.41666666666667,0.587094260339331,0.916666666666667,1,12
"FluSight-baseline","39",1,1,22.1645652173913,0.677283762144308,1,1,4.58333333333333,0.28185600897575,1,1,12
"FluSight-baseline","40",1,1,8.49894927536232,0.586946850819049,1,1,3.25,0.353358206237098,1,1,12
"FluSight-baseline","41",1,1,7.50474637681159,0.598572470448556,1,1,5.41666666666667,0.812648950228091,1,1,12
"FluSight-baseline","42",1,1,41.7772101449275,0.383754052802435,1,1,20.75,0.130006679164581,0.833333333333333,1,12
"FluSight-baseline","44",1,1,3.09510869565217,0.522769313120433,1,1,3.75,0.923452755540452,0.75,1,12
"FluSight-baseline","45",1,1,8.8763768115942,0.587608368855498,1,1,3.41666666666667,0.443596867212096,1,1,12
"FluSight-baseline","46",1,1,2.49673913043478,0.494920780947362,1,1,2.41666666666667,0.718580857246607,0.833333333333333,1,12
"FluSight-baseline","47",1,1,13.8986594202899,0.442561729553302,1,1,9.58333333333333,0.302208073127259,1,1,12
"FluSight-baseline","48",1,1,44.0094565217391,0.567433611461373,1,1,14.0833333333333,0.130552901199035,1,1,12
"FluSight-baseline","49",1,1,3.7,0.454292190135238,1,1,3.25,0.486513592995165,1,1,12
"FluSight-baseline","50",1,1,1.03840579710145,0.337496821524565,1,1,0.666666666666667,0.390177602260352,1,1,12
"FluSight-baseline","51",1,1,12.7920652173913,0.585988671240462,1,1,4.25,0.272657901144203,1,1,12
"FluSight-baseline","53",1,1,10.230615942029,0.506785601958995,1,1,11.4166666666667,0.611279438349029,0.916666666666667,1,12
"FluSight-baseline","54",1,1,4.76007246376812,0.540914453226761,1,1,1.5,0.341195380185175,1,1,12
"FluSight-baseline","55",1,1,8.13981884057971,0.637289643752364,1,1,3.25,0.903624567585633,1,1,12
"FluSight-baseline","56",1,1,2.90913043478261,0.532964023509118,1,1,4.16666666666667,1.00706126461243,0.666666666666667,1,12
"FluSight-baseline","72",1,1,16.5851086956522,0.313244569296611,1,1,19.5833333333333,0.33010362140047,0.833333333333333,1,12
"UMass-gbqr_1src","01",0.280186355454282,0.283919217789479,2.55149268191351,0.140870398509961,0.921746418337865,0.921677715406403,3.84061007640777,0.204041698087192,0.583333333333333,1,12
"UMass-gbqr_1src","02",0.618742691182735,0.929996241983875,0.950801268784136,0.422368733855962,0.777950241657862,0.78836292656616,1.55590048331572,0.677266340781462,0.333333333333333,0.833333333333333,12
"UMass-gbqr_1src","04",0.360812826593601,0.381829211159165,6.71819102895936,0.180094257757609,0.933417355117289,0.956620228017842,11.2010082614075,0.289348940729049,0.416666666666667,0.833333333333333,12
"UMass-gbqr_1src","05",0.39603384847739,0.883864645529099,2.67295584522524,0.532524527836246,0.928129387931981,0.950973849789965,3.71251755172792,0.700007743926611,0.25,0.583333333333333,12
"UMass-gbqr_1src","06",0.25402564702513,0.214462050661375,11.7527818782792,0.0969836192174809,1.14634244602986,1.40050573201303,19.8699357311842,0.163844917473853,0.583333333333333,1,12
"UMass-gbqr_1src","08",0.347267046322484,0.559653764814151,2.89954143325979,0.304318173115896,0.901511646847788,0.951365187132697,5.03344002823348,0.536140296201227,0.0833333333333333,1,12
"UMass-gbqr_1src","09",0.275125074503853,0.624639557537641,1.71832555137318,0.358499478880701,1.11172110137174,1.17397228028948,3.05723302877228,0.633347351928463,0.333333333333333,1,12
"UMass-gbqr_1src","10",0.310313333023442,0.69264270721,0.753971453353335,0.317629218108106,0.80818168972852,0.864006527732197,1.34696948288087,0.59513130825101,0.583333333333333,1,12
"UMass-gbqr_1src","11",0.46007768227644,0.676732171718541,0.810603533831114,0.304001419528188,0.629255176630312,0.473421280100316,1.31094828464648,0.487133620062466,0.5,0.916666666666667,12
"UMass-gbqr_1src","12",0.197138103419924,0.131796096567471,7.86314610498483,0.0663794292763701,0.751571014371581,0.750832433899581,11.5240888870309,0.0971970301778132,0.583333333333333,0.833333333333333,12
"UMass-gbqr_1src","13",0.337889385153717,0.461615803546748,5.26450025623032,0.289233938360416,0.646189127953972,0.698371010861677,7.75426953544766,0.437079524693087,0.25,0.916666666666667,12
"UMass-gbqr_1src","15",0.717765570052565,0.636086260299663,2.87475513205618,0.281657672513917,0.754349576743459,0.795001156956575,4.71468485464662,0.475125826007376,0.25,1,12
"UMass-gbqr_1src","16",0.318969426775691,0.616840308647658,1.31524038346501,0.299244118702886,0.707355465300818,0.812558933691905,2.06312010712739,0.466889873758752,0.333333333333333,0.833333333333333,12
"UMass-gbqr_1src","17",0.526403831637354,0.565275804804239,11.5442839716409,0.381925314127249,0.851038352097639,0.847965886286455,15.0350108870583,0.518369200888832,0.333333333333333,0.833333333333333,12
"UMass-gbqr_1src","18",0.250848247322675,0.51127631082893,3.39657615579515,0.301430312145667,0.867571960669616,0.903676270609379,5.27772942740683,0.455402927732735,0.0833333333333333,0.75,12
"UMass-gbqr_1src","19",0.251194698986628,0.655881959490634,1.10011446521771,0.359844679559561,0.780384982521502,0.693239273708856,1.75586621067338,0.57284152473719,0.666666666666667,1,12
"UMass-gbqr_1src","20",0.15847518565158,0.332300536593083,0.707166806697411,0.171434816115568,0.574250286892021,0.575659234374779,1.05279219263537,0.251614551853257,0.666666666666667,1,12
"UMass-gbqr_1src","21",0.550110579877214,0.604714412512594,6.15292704129839,0.434211120243999,0.824139440941279,0.659705026265874,8.92817727686385,0.62733662066745,0,0.5,12
"UMass-gbqr_1src","22",0.449387754756409,0.382251198560549,4.38832027169141,0.17954574377001,1.1654428886796,1.18425203289874,7.28401805424752,0.299726276553139,0.0833333333333333,1,12
"UMass-gbqr_1src","23",0.282570707959226,0.722379072428811,0.76727161473146,0.32444889953371,0.686366645274154,0.799764678260638,1.08674718835074,0.497975170905012,0.583333333333333,0.916666666666667,12
"UMass-gbqr_1src","24",0.225956846497735,0.311463118457846,2.07639605615342,0.158769226875853,0.894485267973751,1.08611556377055,3.20523887690594,0.24802103948125,0.75,1,12
"UMass-gbqr_1src","25",0.432879617824247,1.09834998775503,6.17937222848525,0.732009506442697,1.09797852055501,1.06450530923064,9.97330489504136,1.06307246643189,0,0.666666666666667,12
"UMass-gbqr_1src","26",0.238733003524387,0.525140748085235,4.1882332067217,0.335926248925682,0.764710765940658,0.837511592541077,6.11768612752526,0.475646298505594,0.333333333333333,0.75,12
"UMass-gbqr_1src","27",0.313260636197587,0.624058992849723,2.87430253738947,0.34394589852321,0.590892345040157,0.712060247109227,4.67789773156791,0.561536336238044,0.416666666666667,1,12
"UMass-gbqr_1src","28",0.543210004050251,0.610728455295794,3.33753343684164,0.298635546925951,1.28231139916362,1.27871319778746,4.91552703012723,0.450323414874932,0.333333333333333,0.916666666666667,12
"UMass-gbqr_1src","29",0.253678913804328,0.363120048794447,2.93778564715398,0.223204487855523,0.955598345917271,0.945727509099191,4.53909214310704,0.347386493529634,0.166666666666667,0.833333333333333,12
"UMass-gbqr_1src","30",0.43692914555138,0.812225588694688,1.18094349274789,0.396000521441294,0.669952380804937,0.766844541205201,1.73071031707942,0.608261929400153,0.333333333333333,0.583333333333333,12
"UMass-gbqr_1src","31",0.531807998501801,1.28365251564834,1.62511660875509,0.685506315832664,1.0718151212956,1.21927358840883,2.76885573001363,1.1747179816952,0.0833333333333333,0.666666666666667,12
"UMass-gbqr_1src","32",0.451232031126341,0.487797686731575,3.80017480242891,0.164239464176709,0.412833421275125,0.536810069583102,4.54116763402637,0.219041576416823,0.416666666666667,1,12
"UMass-gbqr_1src","33",0.352333693313126,0.740979338363235,0.854268783435546,0.34204690674816,1.04661891529819,1.07483608573977,1.48271013000578,0.608175599024828,0.333333333333333,1,12
"UMass-gbqr_1src","34",0.220874483207952,0.29678943771683,4.46937916231557,0.164330822237619,0.473852293990802,0.557171660426666,7.42368593918923,0.28647090576416,0.25,1,12
"UMass-gbqr_1src","35",0.388108723829514,0.80459640209054,1.96970802107592,0.435882110727437,0.883828413650429,0.998051508662023,2.9460947121681,0.652113849192899,0.333333333333333,0.75,12
"UMass-gbqr_1src","36",0.258634680016845,0.38614811314105,8.68156031749586,0.260565876952953,0.688699589571955,0.76296264951715,14.2331248511537,0.419956634285529,0.25,0.916666666666667,12
"UMass-gbqr_1src","37",0.121420881568169,0.277939213437204,2.1254637332362,0.179266027078468,0.533726948875904,0.626402998159673,2.80206648159849,0.250390533712037,0.666666666666667,1,12
"UMass-gbqr_1src","38",0.655571978698731,0.69094317813056,1.77869029177086,0.295301199970124,0.784472293014143,0.786541637710463,2.68028033446499,0.46177408101771,0.333333333333333,0.916666666666667,12
"UMass-gbqr_1src","39",0.111514636459554,0.230343236435818,2.47167343250146,0.156007733757747,0.826018537909921,0.833204433197236,3.7859182987538,0.234843676201874,0.583333333333333,1,12
"UMass-gbqr_1src","40",0.304233919777563,0.510096123004173,2.58566865203415,0.299399313012306,1.34539328290837,1.43367590055423,4.3725281694522,0.5066011445452,0.25,1,12
"UMass-gbqr_1src","41",0.334777343810489,0.741830058950017,2.51241905800038,0.444039051038709,0.707149275065489,0.854705326887759,3.83039190660473,0.694575386649695,0.416666666666667,0.833333333333333,12
"UMass-gbqr_1src","42",0.517651542286068,0.386850451943606,21.6260372639309,0.148455428761812,1.51453330855544,1.63746673043271,31.4265661525255,0.21288161186604,0.333333333333333,0.75,12
"UMass-gbqr_1src","44",0.439490636217487,0.796259809984885,1.36027128981445,0.416260193931205,0.557830298982383,0.703217152846755,2.09186362118394,0.649387817539647,0.583333333333333,0.833333333333333,12
"UMass-gbqr_1src","45",0.214736224331425,0.447676112322515,1.90607964226475,0.263058230137404,0.890974092537257,0.930077354641762,3.04416148283563,0.412579400783999,0.333333333333333,1,12
"UMass-gbqr_1src","46",0.514385106878012,0.901433222692849,1.28428542445521,0.446138034547042,0.788330749902635,0.866661538395116,1.90513264559804,0.622766391202625,0.333333333333333,0.666666666666667,12
"UMass-gbqr_1src","47",0.186334948886026,0.204057768667219,2.58980599266399,0.0903081590301519,0.355835457887787,0.417808585177226,3.41008980475795,0.126265127462436,0.75,1,12
"UMass-gbqr_1src","48",0.11277035350504,0.0873703907662736,4.96296196952123,0.049576896367298,0.502552897135666,0.543243919288203,7.07761996799396,0.0709220697218095,0.666666666666667,1,12
"UMass-gbqr_1src","49",0.433465270417811,0.599741610560072,1.6038215005459,0.27245792977657,0.708194990538232,0.769303687423317,2.30163371924925,0.374276701072747,0.416666666666667,1,12
"UMass-gbqr_1src","50",0.383789778236421,0.675600938036366,0.398529530588979,0.228013169206288,0.975624069986877,1.00408493115644,0.650416046657918,0.39177145090437,0.5,1,12
"UMass-gbqr_1src","51",0.165456861716794,0.236724042908021,2.11653496574612,0.138717607354341,0.793806524529291,0.817883935972652,3.37367772924949,0.223002517361863,0.5,1,12
"UMass-gbqr_1src","53",0.414407213849995,0.523202576202277,4.23964104850557,0.265151532527168,0.644899092056581,0.745643601965287,7.36259796764597,0.455796602217888,0.333333333333333,1,12
"UMass-gbqr_1src","54",0.243302321744709,0.40268891095879,1.15813668210784,0.217820252091754,0.950951799712681,0.87426075721508,1.42642769956902,0.298293731438978,0.666666666666667,1,12
"UMass-gbqr_1src","55",0.137473052846223,0.525616837007174,1.11900574562969,0.334970166806546,0.467072358856661,0.543367865612343,1.51798516628415,0.491000552603882,0.666666666666667,1,12
"UMass-gbqr_1src","56",0.560739172369413,0.920790782273258,1.63126339231467,0.490748360130464,0.586235414586304,0.72155660038187,2.44264756077627,0.726651702470014,0.166666666666667,0.75,12
"UMass-gbqr_1src","72",0.568724900701502,0.549406226593398,9.4323642960584,0.172098516818125,0.784604718725487,0.83383345231459,15.3651757417075,0.275251442253902,0.5,0.916666666666667,12
"UMass-gbqr_2src_mobsgleam_otid10","01",0.259576895819857,0.275350823531113,2.36381442987954,0.136619072646344,0.837057917113797,0.830104988723639,3.48774132130749,0.183769259751643,0.583333333333333,1,12
"UMass-gbqr_2src_mobsgleam_otid10","02",0.543635350499367,0.825219917812119,0.835386321934027,0.374783333635308,0.769131243553422,0.828080021757434,1.53826248710684,0.71138647862689,0.583333333333333,1,12
"UMass-gbqr_2src_mobsgleam_otid10","04",0.324539062545869,0.351376936754945,6.04278799932553,0.16573108282081,0.770989012478835,0.809593693585063,9.25186814974601,0.244877821729886,0.5,1,12
"UMass-gbqr_2src_mobsgleam_otid10","05",0.321807236127231,0.702900985076662,2.17197730989191,0.423494725224032,0.920361147325517,0.949442780535991,3.68144458930207,0.698880730460881,0.25,1,12
"UMass-gbqr_2src_mobsgleam_otid10","06",0.367822289084969,0.367819620205303,17.0177113382466,0.166334686610988,1.52234052190345,1.88351595720241,26.3872357129931,0.220352198148407,0.166666666666667,1,12
"UMass-gbqr_2src_mobsgleam_otid10","08",0.359241567155714,0.567741588476707,2.99952390976331,0.308716020278222,1.01168394812454,1.01870539968894,5.64856871036202,0.574089762919652,0.166666666666667,1,12
"UMass-gbqr_2src_mobsgleam_otid10","09",0.258286518600583,0.58601467321016,1.61315839818297,0.336331492982058,1.04514220454005,1.05490750322975,2.87414106248514,0.569112989222609,0.416666666666667,1,12
"UMass-gbqr_2src_mobsgleam_otid10","10",0.258946066194356,0.576416728391349,0.629163884021503,0.264330791095541,0.568395314113361,0.634278284155629,0.947325523522269,0.436893533704582,0.916666666666667,1,12
"UMass-gbqr_2src_mobsgleam_otid10","11",0.565707947422088,0.923648967953445,0.996711814030481,0.414921307332758,0.911797406840324,0.844181513850692,1.89957793091734,0.868632683230384,0.583333333333333,1,12
"UMass-gbqr_2src_mobsgleam_otid10","12",0.183067243755507,0.133227959659308,7.30190896490558,0.067100590656058,0.60306970506075,0.585974947436936,9.2470688109315,0.0758558395695087,0.833333333333333,1,12
"UMass-gbqr_2src_mobsgleam_otid10","13",0.319163631837506,0.445338336833032,4.97274284252391,0.27903498986696,0.626902783142573,0.680215907170483,7.52283339771087,0.425717048346439,0.25,1,12
"UMass-gbqr_2src_mobsgleam_otid10","15",0.661629506164709,0.657221166910086,2.64992206052389,0.291016165184214,0.659360817464723,0.720083668507534,4.12100510915452,0.430352012447136,0.5,0.916666666666667,12
"UMass-gbqr_2src_mobsgleam_otid10","16",0.284687578329967,0.55375930378463,1.17388241084856,0.268642001035651,0.682936243871967,0.7870463640064,1.9918973779599,0.452230554974813,0.583333333333333,1,12
"UMass-gbqr_2src_mobsgleam_otid10","17",0.472403909596615,0.522615302877502,10.3600402465416,0.353101993792784,0.79642222382626,0.794772335197504,14.0701259542639,0.485851502929101,0.5,0.833333333333333,12
"UMass-gbqr_2src_mobsgleam_otid10","18",0.292318718103074,0.557253601600541,3.95810135569465,0.328536886057589,0.984561922833029,0.987925686797553,5.98941836390093,0.49785998015262,0.25,1,12
"UMass-gbqr_2src_mobsgleam_otid10","19",0.288572111882806,0.691509211994015,1.26380992839979,0.379391302355259,0.914329185889157,0.777025002476582,2.0572406682506,0.642075837389069,0.666666666666667,1,12
"UMass-gbqr_2src_mobsgleam_otid10","20",0.172202287231427,0.400154506940681,0.768421510703714,0.206440877341091,0.592892835702595,0.616704212826855,1.08697019878809,0.269554877035849,0.583333333333333,1,12
"UMass-gbqr_2src_mobsgleam_otid10","21",0.502571464129981,0.569078127721084,5.62120719896078,0.4086227254241,0.818700164228306,0.653300783791548,8.86925177913998,0.621246602141261,0.0833333333333333,1,12
"UMass-gbqr_2src_mobsgleam_otid10","22",0.390580580815682,0.345876439188869,3.81406182607609,0.162460295116253,1.05900573803777,1.0548433468116,6.61878586273606,0.266973802791627,0.333333333333333,1,12
"UMass-gbqr_2src_mobsgleam_otid10","23",0.262525247727033,0.640801560769996,0.712841653637936,0.287809225303655,0.622445360982886,0.729691833793004,0.985538488222903,0.454344165875557,1,1,12
"UMass-gbqr_2src_mobsgleam_otid10","24",0.258850135308448,0.426388604575113,2.37866392817901,0.217352826338656,0.930890498433119,1.15956852185812,3.33569095271868,0.264794465464216,0.583333333333333,1,12
"UMass-gbqr_2src_mobsgleam_otid10","25",0.461299916460536,1.06483035231112,6.58507302123924,0.709669913352168,1.19173668984844,1.10453814927137,10.8249415994566,1.10305142156846,0,1,12
"UMass-gbqr_2src_mobsgleam_otid10","26",0.244697184644674,0.519333648674499,4.2928663368299,0.332211516962299,0.759982009409008,0.8383119891959,6.07985607527207,0.476100866191097,0.25,1,12
"UMass-gbqr_2src_mobsgleam_otid10","27",0.266217253043941,0.533376318333821,2.44265904330992,0.293966755005971,0.548235692522051,0.673185186748438,4.34019923246623,0.530879156519539,0.416666666666667,1,12
"UMass-gbqr_2src_mobsgleam_otid10","28",0.472176077742923,0.545515400231054,2.90109430200767,0.266747502088515,1.28429324943974,1.30234300301312,4.92312412285234,0.458645104680324,0.416666666666667,1,12
"UMass-gbqr_2src_mobsgleam_otid10","29",0.233763869913938,0.347626721932999,2.70715500771204,0.213680970498746,0.96757128390667,0.957407004943897,4.59596359855668,0.351676628974198,0.416666666666667,1,12
"UMass-gbqr_2src_mobsgleam_otid10","30",0.398277059603164,0.753350921677686,1.07647362653177,0.367296182199922,0.629697399654104,0.743109472283763,1.62671828243977,0.589435246753486,0.75,0.916666666666667,12
"UMass-gbqr_2src_mobsgleam_otid10","31",0.436288234333434,1.0113757516803,1.33322412941725,0.540102914928411,0.903296729870632,1.09898193595579,2.3335165521658,1.05882211670822,0.333333333333333,1,12
"UMass-gbqr_2src_mobsgleam_otid10","32",0.372339918639552,0.427128298004149,3.13576315320638,0.143812331847966,0.34758191949033,0.460758044632016,3.82340111439363,0.188009082097343,0.916666666666667,1,12
"UMass-gbqr_2src_mobsgleam_otid10","33",0.389141364609386,0.823950045705782,0.943512716604911,0.380347399525616,1.23981418302591,1.34817883034118,1.75640342595337,0.762841403088002,0.583333333333333,1,12
"UMass-gbqr_2src_mobsgleam_otid10","34",0.189878880093663,0.272583858939747,3.84218537935613,0.150928314743499,0.4039722140223,0.485545270117457,6.3288980196827,0.24964405622055,0.333333333333333,1,12
"UMass-gbqr_2src_mobsgleam_otid10","35",0.353715355299864,0.687603790063527,1.79515669124178,0.37250252496574,0.882065888775229,0.981302772707976,2.94021962925076,0.641170443389375,0.5,1,12
"UMass-gbqr_2src_mobsgleam_otid10","36",0.276439477324659,0.419276102141512,9.27921188440295,0.282920054564693,0.699766872304465,0.788057883778893,14.4618486942923,0.433769774579931,0.25,1,12
"UMass-gbqr_2src_mobsgleam_otid10","37",0.105845241590846,0.279674873662966,1.85281328410272,0.180385498164186,0.404251081488291,0.5193101678466,2.12231817781353,0.207582579379756,0.75,1,12
"UMass-gbqr_2src_mobsgleam_otid10","38",0.699962540953036,0.835001532576449,1.89913025060606,0.356870090553416,0.807345282862496,0.812041670484123,2.75842971644686,0.476745003897591,0.5,0.916666666666667,12
"UMass-gbqr_2src_mobsgleam_otid10","39",0.123804414217591,0.278240793044594,2.74407101312671,0.188447971095258,0.844512771749535,0.823703278566458,3.87068353718537,0.232165718676982,0.666666666666667,1,12
"UMass-gbqr_2src_mobsgleam_otid10","40",0.303873692285233,0.548404508587308,2.58260709684925,0.321884299290289,1.37991890556485,1.5349296996778,4.48473644308577,0.542380005378197,0.333333333333333,1,12
"UMass-gbqr_2src_mobsgleam_otid10","41",0.274446301766227,0.644134007881792,2.05964988880943,0.385560884397733,0.680529380551024,0.840968522147651,3.68620081131805,0.683412186698158,0.5,1,12
"UMass-gbqr_2src_mobsgleam_otid10","42",0.676794684382812,0.541894339248342,28.2745937544306,0.207954148877249,2.12289019627828,2.46352874175537,44.0499715727742,0.320275190742113,0.166666666666667,0.916666666666667,12
"UMass-gbqr_2src_mobsgleam_otid10","44",0.413086812602339,0.70114049017566,1.27854858574474,0.366534732450054,0.509557569535574,0.642412573339228,1.9108408857584,0.593237661043943,0.583333333333333,0.916666666666667,12
"UMass-gbqr_2src_mobsgleam_otid10","45",0.215865300061718,0.444002000527684,1.91610174389566,0.26089929129865,0.710967012442595,0.785898304371143,2.4291372925122,0.348622025766337,0.583333333333333,1,12
"UMass-gbqr_2src_mobsgleam_otid10","46",0.405673365642905,0.69979075306451,1.01286056617582,0.34634098600643,0.658257935739914,0.771778169960604,1.59079001137146,0.554585018974509,0.5,1,12
"UMass-gbqr_2src_mobsgleam_otid10","47",0.179182279363942,0.208359301815421,2.49039347503066,0.0922118529799513,0.337999779468769,0.390431150959474,3.23916455324237,0.117991445820321,0.833333333333333,1,12
"UMass-gbqr_2src_mobsgleam_otid10","48",0.136693789002148,0.11652791840549,6.01581936388182,0.0661218575769032,0.402427915190327,0.441942879708169,5.66752647226377,0.0576969251101578,1,1,12
"UMass-gbqr_2src_mobsgleam_otid10","49",0.496398335548038,0.768775719620939,1.83667384152774,0.34924880538939,1.02887129149258,1.20985658724005,3.3438316973509,0.588611675267027,0.416666666666667,1,12
"UMass-gbqr_2src_mobsgleam_otid10","50",0.352157153113611,0.592978255317108,0.365682029283916,0.200128276402706,0.808760327138805,0.793720072217628,0.53917355142587,0.309691794643787,0.75,1,12
"UMass-gbqr_2src_mobsgleam_otid10","51",0.184021786485134,0.277518422277628,2.35401869413869,0.162622651515217,0.797832518538811,0.826170033789597,3.39078820378995,0.225261787401306,0.5,1,12
"UMass-gbqr_2src_mobsgleam_otid10","53",0.285048240077285,0.406223070115184,2.91621906918198,0.205868003117955,0.422467866070891,0.539623195205474,4.82317480430934,0.329860563685311,0.333333333333333,1,12
"UMass-gbqr_2src_mobsgleam_otid10","54",0.248553231032517,0.481772514835315,1.18313139081848,0.260597716441826,0.957609102689704,0.926363442820621,1.43641365403456,0.316070927062829,0.833333333333333,1,12
"UMass-gbqr_2src_mobsgleam_otid10","55",0.135473300642769,0.501774459118462,1.10272812496753,0.31977566629564,0.378627785759813,0.475872328739751,1.23054030371939,0.430009927283426,0.666666666666667,1,12
"UMass-gbqr_2src_mobsgleam_otid10","56",0.474374122267883,0.758357939261591,1.38001619656278,0.404177498568941,0.524702859917148,0.662943661630968,2.18626191632145,0.667624882248881,0.333333333333333,1,12
"UMass-gbqr_2src_mobsgleam_otid10","72",0.54193129052179,0.522844877951759,8.98798935887895,0.163778318602938,0.776707044294351,0.82881327940446,15.2105129507644,0.273594264996212,0.333333333333333,1,12
"UMass-gbqr_2src_mobsgleam_otid50","01",0.316205640022691,0.361394988978799,2.87949916472403,0.17931106077749,1.11200520902939,1.17365141758862,4.63335503762246,0.259823823668808,0.666666666666667,1,12
"UMass-gbqr_2src_mobsgleam_otid50","02",0.526106240840763,0.802327406768272,0.808449923425306,0.364386430435197,0.778189607875809,0.854167326364323,1.55637921575162,0.733797544313242,0.5,1,12
"UMass-gbqr_2src_mobsgleam_otid50","04",0.355604786702989,0.388094640209886,6.62121940186423,0.183049421379054,0.956310909263373,0.972962909987553,11.4757309111605,0.294292112092262,0.333333333333333,1,12
"UMass-gbqr_2src_mobsgleam_otid50","05",0.330631403273064,0.71126297844541,2.23153436351846,0.428532789132332,0.901853660662558,0.93617839217926,3.60741464265023,0.689116871475472,0.416666666666667,1,12
"UMass-gbqr_2src_mobsgleam_otid50","06",0.503220544108842,0.529311549191616,23.2820636846763,0.239364258505899,2.24209913169246,2.90272009310182,38.8630516160027,0.339588709444524,0,1,12
"UMass-gbqr_2src_mobsgleam_otid50","08",0.33890046772943,0.543882472042456,2.82968383651375,0.295742351231535,0.826842294976813,0.88650171927879,4.61653614695387,0.499586594911565,0.416666666666667,1,12
"UMass-gbqr_2src_mobsgleam_otid50","09",0.238616648930986,0.559064102459696,1.4903079465969,0.320863747699216,0.807417274640103,0.877851503370188,2.22039750526028,0.47359289003726,0.666666666666667,1,12
"UMass-gbqr_2src_mobsgleam_otid50","10",0.261681323531469,0.597149162925816,0.635809766522475,0.27383818488185,0.604235811804391,0.699756530325539,1.00705968634065,0.481995223395934,0.916666666666667,1,12
"UMass-gbqr_2src_mobsgleam_otid50","11",0.564472870282052,0.933228242419165,0.994535751307087,0.419224506083061,0.959058245370981,0.924939037425442,1.99803801118954,0.951729296035604,0.583333333333333,1,12
"UMass-gbqr_2src_mobsgleam_otid50","12",0.228786178548638,0.1680139592319,9.12547659493852,0.0846206451840358,0.675163675283295,0.663299950801618,10.3525096876772,0.0858657437055115,0.916666666666667,1,12
"UMass-gbqr_2src_mobsgleam_otid50","13",0.323994358759357,0.489801059501022,5.04800819336142,0.306893932928876,0.684384476271053,0.789343849688822,8.21261371525264,0.494015400518588,0.5,1,12
"UMass-gbqr_2src_mobsgleam_otid50","15",0.669600718970287,0.687927949084525,2.68184792305846,0.304613064437422,0.622009401526188,0.689794625076981,3.88755875953867,0.412250017685258,0.5,0.833333333333333,12
"UMass-gbqr_2src_mobsgleam_otid50","16",0.303821439997929,0.593125070691414,1.25277908697117,0.287739284497735,0.678927515738488,0.776318421514562,1.98020525423726,0.446066364898227,0.75,1,12
"UMass-gbqr_2src_mobsgleam_otid50","17",0.44765632520624,0.515213384405649,9.81731406438979,0.348100930571113,0.789460873926961,0.797943670307466,13.947142106043,0.487790168709514,0.5,0.916666666666667,12
"UMass-gbqr_2src_mobsgleam_otid50","18",0.270083935019674,0.521364074918584,3.65703433666459,0.307377698742685,0.793929664646739,0.844276789124031,4.82973879326766,0.425468869869301,0.25,1,12
"UMass-gbqr_2src_mobsgleam_otid50","19",0.305369945368191,0.703936602997099,1.33737652704276,0.386209496496075,0.887624928350835,0.778026438245101,1.99715608878938,0.642903349641074,0.833333333333333,1,12
"UMass-gbqr_2src_mobsgleam_otid50","20",0.222835906162099,0.55925170631577,0.994364862424785,0.288519586569206,0.781029180274245,0.903041166252774,1.43188683050278,0.394709725448103,0.833333333333333,1,12
"UMass-gbqr_2src_mobsgleam_otid50","21",0.487684377046879,0.59341001490965,5.45469674809792,0.42609407351038,0.930870739847821,0.784502651846611,10.0844330150181,0.746011054819159,0.0833333333333333,1,12
"UMass-gbqr_2src_mobsgleam_otid50","22",0.410092087010676,0.384049383178535,4.0045938048861,0.180390362167252,1.19034687037804,1.21377897358578,7.43966793986272,0.307199347946963,0.5,1,12
"UMass-gbqr_2src_mobsgleam_otid50","23",0.275995376049803,0.649840857954545,0.749417444467404,0.291869129772128,0.667590492908015,0.721919487929011,1.05701828043769,0.449504698260693,1,1,12
"UMass-gbqr_2src_mobsgleam_otid50","24",0.306654014819631,0.550216231675411,2.81795040444361,0.280474317955156,1.38138186484025,1.91539302823774,4.94995168234422,0.437391549964958,0.666666666666667,1,12
"UMass-gbqr_2src_mobsgleam_otid50","25",0.381569249285665,0.930432727947471,5.44691485852567,0.620098884286476,0.923051742289564,0.957314264782647,8.3843866591302,0.956025703007953,0,1,12
"UMass-gbqr_2src_mobsgleam_otid50","26",0.231460919601243,0.490541646966534,4.0606547700609,0.313793618202615,0.61287980337513,0.724845880692435,4.90303842700104,0.411660284118962,0.5,1,12
"UMass-gbqr_2src_mobsgleam_otid50","27",0.251535258509196,0.526583844120751,2.30794535997775,0.290223128725158,0.418744904929829,0.547072649729157,3.31506383069448,0.431425813520841,0.416666666666667,1,12
"UMass-gbqr_2src_mobsgleam_otid50","28",0.464057851230947,0.553772003758837,2.85121515355762,0.270784836993888,1.13409982147182,1.20049641214207,4.34738264897532,0.422777871375953,0.5,1,12
"UMass-gbqr_2src_mobsgleam_otid50","29",0.254948585335086,0.398916085069616,2.95248936353199,0.245207778421778,1.00940426041615,1.00682153678542,4.79467023697671,0.369827672251119,0.5,1,12
"UMass-gbqr_2src_mobsgleam_otid50","30",0.403068856139225,0.798769153207001,1.08942501921282,0.389439837384998,0.732814498729657,0.957760468336647,1.89310412171828,0.759696651759503,0.75,1,12
"UMass-gbqr_2src_mobsgleam_otid50","31",0.405188860304673,0.907845090501932,1.23818962561436,0.484814648629756,0.809377984588468,1.02944352012768,2.09089312685354,0.991824825642087,0.666666666666667,1,12
"UMass-gbqr_2src_mobsgleam_otid50","32",0.374636516806259,0.44976848171397,3.1551045870639,0.151435188090434,0.35003568603102,0.460291336554546,3.85039254634122,0.18781864514616,0.916666666666667,1,12
"UMass-gbqr_2src_mobsgleam_otid50","33",0.406309008832094,0.878380613566219,0.985137411667932,0.405473346235997,1.33545942467933,1.52470771399752,1.89190085162906,0.86272692143565,0.583333333333333,1,12
"UMass-gbqr_2src_mobsgleam_otid50","34",0.179542647763766,0.281650399999008,3.633032467163,0.15594841302793,0.290559658934276,0.352003458932522,4.55210132330365,0.180983271179474,0.666666666666667,1,12
"UMass-gbqr_2src_mobsgleam_otid50","35",0.33360236558052,0.657663013360088,1.69308035349006,0.356282406515788,0.778224602032781,0.916262464925721,2.59408200677594,0.598673953887107,0.75,1,12
"UMass-gbqr_2src_mobsgleam_otid50","36",0.228359369895841,0.367311972373404,7.66531249284502,0.247855584268607,0.505359228860017,0.601122742226219,10.4440907297737,0.330875284363624,0.5,1,12
"UMass-gbqr_2src_mobsgleam_otid50","37",0.135201305573997,0.359791599444124,2.36668905687676,0.232059412599323,0.606792844810369,0.778491540864344,3.18566243525444,0.311184513771502,0.916666666666667,1,12
"UMass-gbqr_2src_mobsgleam_otid50","38",0.751022311831057,0.990081357646961,2.03766502895496,0.423149431436966,0.895411798352664,0.963850471897278,3.0593236443716,0.565871079876247,0.5,0.916666666666667,12
"UMass-gbqr_2src_mobsgleam_otid50","39",0.134330247790441,0.285674177635629,2.97737153781956,0.19348248177654,0.751863155899039,0.760528154555775,3.44603946453726,0.214359430356783,0.833333333333333,1,12
"UMass-gbqr_2src_mobsgleam_otid50","40",0.331076867264434,0.630613186231066,2.81380550112629,0.370136423743291,1.6180324576275,1.89822117899516,5.25860548728938,0.670752030851002,0.333333333333333,1,12
"UMass-gbqr_2src_mobsgleam_otid50","41",0.281711238447499,0.641957504835471,2.11417139604597,0.384258089592358,0.608283613202873,0.771695595151031,3.29486957151556,0.627117615295128,0.5,1,12
"UMass-gbqr_2src_mobsgleam_otid50","42",0.772424920729144,0.642354916894897,32.2697582344804,0.246506302695988,2.49473324545144,3.00615774343523,51.7657148431173,0.390820585268904,0.0833333333333333,1,12
"UMass-gbqr_2src_mobsgleam_otid50","44",0.435858453985399,0.758619284789441,1.34902929100372,0.39658288242929,0.561031069309749,0.713123549737601,2.10386650991156,0.658535907045976,0.75,0.916666666666667,12
"UMass-gbqr_2src_mobsgleam_otid50","45",0.239568828432967,0.463568427787374,2.12650319348318,0.272396687705046,0.676141505804224,0.755920214428582,2.3101501448311,0.335323838982815,0.75,1,12
"UMass-gbqr_2src_mobsgleam_otid50","46",0.412012688416692,0.7131503286105,1.02868820140559,0.352952917568777,0.716059951510514,0.846694193058286,1.73047821615041,0.608418239073547,0.666666666666667,1,12
"UMass-gbqr_2src_mobsgleam_otid50","47",0.202988546517086,0.256497213365892,2.82126867426064,0.113515850372812,0.406419317578807,0.453011724205889,3.89485179346356,0.136903800276319,0.75,1,12
"UMass-gbqr_2src_mobsgleam_otid50","48",0.174349464942714,0.160531293619501,7.67302519698483,0.0910908516910796,0.490474679220682,0.533586335065673,6.90751839902461,0.0696612440829842,1,1,12
"UMass-gbqr_2src_mobsgleam_otid50","49",0.505473692632605,0.846492303538544,1.87025266274064,0.384554842507148,0.971123533107815,1.25929818131083,3.1561514826004,0.61266568284181,0.583333333333333,1,12
"UMass-gbqr_2src_mobsgleam_otid50","50",0.349070119606156,0.581176182627867,0.362476435793928,0.196145114382685,0.75,0.703918089034135,0.5,0.274653072167027,0.75,1,12
"UMass-gbqr_2src_mobsgleam_otid50","51",0.18892495203738,0.296240580599863,2.41674030765469,0.173593624193217,0.665698668158679,0.702538905220594,2.82921933967439,0.191552783369593,0.75,1,12
"UMass-gbqr_2src_mobsgleam_otid50","53",0.234544475450708,0.362094594638872,2.39953444966084,0.183504327110159,0.288345776893321,0.38839595244345,3.29194761953209,0.237418459666669,0.583333333333333,1,12
"UMass-gbqr_2src_mobsgleam_otid50","54",0.271292450055905,0.522994898058838,1.2913717211393,0.282895499323882,0.93840940210449,0.910191294293189,1.40761410315673,0.310553064697601,0.916666666666667,1,12
"UMass-gbqr_2src_mobsgleam_otid50","55",0.147255223320322,0.526454792947151,1.19863084115653,0.335504187449014,0.528552694946074,0.614735124975655,1.71779625857474,0.555489761485826,1,1,12
"UMass-gbqr_2src_mobsgleam_otid50","56",0.441279847564128,0.712228087120189,1.28374063480504,0.379591946967779,0.505369906337609,0.652674121180126,2.10570794307337,0.657282825855466,0.583333333333333,1,12
"UMass-gbqr_2src_mobsgleam_otid50","72",0.578915773742396,0.565180885057315,9.60138103314522,0.177039842914456,0.815581710109104,0.872248380451547,15.9718084896366,0.28793234914775,0.333333333333333,1,12
"UMass-gbqr_2src_nihflu_otid10","01",0.297080461572021,0.315694762104387,2.70533739022199,0.156636268905642,0.904464072490575,0.904918577944338,3.76860030204406,0.200331547772091,0.5,1,12
"UMass-gbqr_2src_nihflu_otid10","02",0.753346114475077,1.11512945265393,1.1576418625767,0.506449159405418,0.894348180850751,0.93961808967762,1.7886963617015,0.807206533797634,0.333333333333333,0.583333333333333,12
"UMass-gbqr_2src_nihflu_otid10","04",0.401799741748912,0.425596466936025,7.48135105378651,0.200737600940526,0.939282574129908,0.965134351547007,11.2713908895589,0.291924207854128,0.25,1,12
"UMass-gbqr_2src_nihflu_otid10","05",0.334076281244005,0.731448826693609,2.25478491834835,0.440694673151249,0.939828410847043,0.960200047501027,3.75931364338817,0.706799108217193,0.25,1,12
"UMass-gbqr_2src_nihflu_otid10","06",0.385805727733975,0.383858718759315,17.8497353261327,0.173587857146087,1.62832949500041,2.05092359562198,28.2243779133405,0.239937188109085,0.333333333333333,1,12
"UMass-gbqr_2src_nihflu_otid10","08",0.223004729059311,0.426741832303684,1.86200060894888,0.232045780737154,0.442110140603863,0.552921929187,2.46844828503823,0.311598249441856,0.583333333333333,1,12
"UMass-gbqr_2src_nihflu_otid10","09",0.185819732834657,0.484204513168466,1.1605586857357,0.277899571917711,0.631392604142887,0.719146874999783,1.73632966139294,0.387973188614326,0.5,1,12
"UMass-gbqr_2src_nihflu_otid10","10",0.292412859568464,0.674029286636838,0.710478491400769,0.309093552949968,0.700402497869433,0.760592669498866,1.16733749644906,0.523899410381874,0.5,1,12
"UMass-gbqr_2src_nihflu_otid10","11",0.780086197385119,1.32906651610548,1.37442143501607,0.597042854512749,0.98765528705701,0.975728916271806,2.05761518136877,1.00399027074236,0.0833333333333333,0.583333333333333,12
"UMass-gbqr_2src_nihflu_otid10","12",0.244982581042332,0.17514353153729,9.7714941682728,0.0882114718696663,0.778264062831276,0.776770715013917,11.9333822967462,0.100554801870143,0.5,1,12
"UMass-gbqr_2src_nihflu_otid10","13",0.374784269665773,0.54127807978788,5.83934260849582,0.339147814183007,0.720883934421191,0.777435200236397,8.65060721305429,0.486562303580929,0.25,1,12
"UMass-gbqr_2src_nihflu_otid10","15",0.758697935745677,0.782709556885238,3.03869518888401,0.346582163153214,0.671115064150531,0.78937942254971,4.19446915094082,0.471766043219284,0.333333333333333,0.916666666666667,12
"UMass-gbqr_2src_nihflu_otid10","16",0.35413795516808,0.656324661501558,1.46025449731371,0.318398931069515,0.744173441270597,0.84214051549607,2.17050587037258,0.483887214408713,0.416666666666667,1,12
"UMass-gbqr_2src_nihflu_otid10","17",0.525635782290767,0.614711942828152,11.5274402877079,0.415326553634678,0.905656229842023,0.922863213532498,15.9999267272091,0.564154613133736,0.25,0.833333333333333,12
"UMass-gbqr_2src_nihflu_otid10","18",0.226486587914258,0.460632648705912,3.06671046071699,0.271572611801227,0.865130033962473,0.903871174505601,5.26287437327171,0.455501148531325,0.333333333333333,1,12
"UMass-gbqr_2src_nihflu_otid10","19",0.300032262042871,0.865643294066684,1.31399998820406,0.47492865028369,0.986613280454407,1.05965083275922,2.21987988102242,0.875616863827244,0.333333333333333,0.916666666666667,12
"UMass-gbqr_2src_nihflu_otid10","20",0.207846618900036,0.482416751338983,0.927477883468419,0.248880209176856,0.752560089794055,0.79938621206354,1.37969349795577,0.349403243265079,0.583333333333333,1,12
"UMass-gbqr_2src_nihflu_otid10","21",0.76761908613471,1.05469883072392,8.58573604155954,0.757319407860371,1.04480895604419,1.03352015030964,11.3187636904788,0.982810517841443,0,0.416666666666667,12
"UMass-gbqr_2src_nihflu_otid10","22",0.479437794592882,0.432830212891138,4.68176217700326,0.203303018518492,1.14427844098687,1.1700823335834,7.15174025616797,0.296140020335983,0.166666666666667,0.916666666666667,12
"UMass-gbqr_2src_nihflu_otid10","23",0.27824393873419,0.701234355789319,0.755523025382479,0.314951974295318,0.680701373062323,0.781377147817815,1.07777717401534,0.486526136128058,0.5,1,12
"UMass-gbqr_2src_nihflu_otid10","24",0.240033813866821,0.360142550299121,2.20575420564443,0.183583708270834,0.878624220831336,1.04696882637121,3.14840345797896,0.239081645897407,0.666666666666667,1,12
"UMass-gbqr_2src_nihflu_otid10","25",0.315955454424184,0.825950215145051,4.51027555956662,0.550465166909452,0.863605011859152,0.926548924719681,7.84441219105397,0.925301773631789,0.166666666666667,1,12
"UMass-gbqr_2src_nihflu_otid10","26",0.221365934126798,0.48013558893596,3.88355251456515,0.307136987474455,0.817013179482998,0.877188494275375,6.53610543586398,0.498179922653804,0.5,1,12
"UMass-gbqr_2src_nihflu_otid10","27",0.287680328800611,0.585235568022582,2.63959209514943,0.322548630173718,0.517362787212707,0.613579259620558,4.0957887321006,0.483873451491988,0.416666666666667,1,12
"UMass-gbqr_2src_nihflu_otid10","28",0.342508388728207,0.430244977230166,2.1044038056291,0.210382278692163,0.762768125190053,0.834579764400674,2.9239444798952,0.293913295131952,0.583333333333333,1,12
"UMass-gbqr_2src_nihflu_otid10","29",0.290236965195174,0.474601237196825,3.36115437360156,0.291730314632341,1.04199741718342,1.06116097498373,4.94948773162124,0.389787741842478,0.333333333333333,1,12
"UMass-gbqr_2src_nihflu_otid10","30",0.462028188564917,0.824054532310428,1.24878184096252,0.401767721964317,0.749492475721515,0.831736043407104,1.93618889561391,0.659733939970861,0.333333333333333,0.833333333333333,12
"UMass-gbqr_2src_nihflu_otid10","31",0.472061712518977,1.05593918140147,1.44254191650591,0.563901031752569,0.867394294690366,0.982993737596956,2.24076859461678,0.947072445779679,0.333333333333333,0.916666666666667,12
"UMass-gbqr_2src_nihflu_otid10","32",0.388397835478723,0.461567610099144,3.27099932161267,0.155407905830687,0.446269078718088,0.553221373817121,4.90895986589897,0.225738093777735,0.75,1,12
"UMass-gbqr_2src_nihflu_otid10","33",0.353194496702475,0.749982787238104,0.856355888580902,0.346203030513388,1.01980657167451,1.05281327958036,1.44472597653889,0.595714412146285,0.333333333333333,1,12
"UMass-gbqr_2src_nihflu_otid10","34",0.259500201096272,0.351680313383096,5.25096776482067,0.194723624626318,0.592691665618129,0.664041726708004,9.2855027613507,0.341418360671049,0.166666666666667,1,12
"UMass-gbqr_2src_nihflu_otid10","35",0.354124428592846,0.712668380831834,1.79723279748965,0.386081018108665,0.804224467169504,0.907361526192891,2.68074822389835,0.59285819651575,0.25,1,12
"UMass-gbqr_2src_nihflu_otid10","36",0.242014643898286,0.380498900256946,8.12367749206491,0.256753888601471,0.642649700414575,0.728117001420487,13.2814271419012,0.400776585165912,0.416666666666667,1,12
"UMass-gbqr_2src_nihflu_otid10","37",0.133877567705645,0.332693279786127,2.34351712141429,0.214581461051874,0.58342423630473,0.67480290955678,3.06297724059983,0.269737311556238,0.75,1,12
"UMass-gbqr_2src_nihflu_otid10","38",0.708473195341171,0.769235890268749,1.92222125941769,0.328762608339299,0.773566707003951,0.787973302464072,2.6430195822635,0.462614603177284,0.416666666666667,0.75,12
"UMass-gbqr_2src_nihflu_otid10","39",0.117079206330526,0.295782733055677,2.59500970431337,0.200328842221275,0.767191926253315,0.770098639263877,3.51629632866103,0.217056928980572,0.833333333333333,1,12
"UMass-gbqr_2src_nihflu_otid10","40",0.297675560077646,0.540872920128483,2.52992948561498,0.317463657162716,1.21424983841867,1.27741771465081,3.94631197486069,0.451386032264503,0.25,1,12
"UMass-gbqr_2src_nihflu_otid10","41",0.303664736729022,0.693858009665118,2.27892683273258,0.415324302985767,0.658876091995958,0.814351048681724,3.5689121649781,0.661781524828348,0.5,1,12
"UMass-gbqr_2src_nihflu_otid10","42",0.713055376164906,0.579682171765139,29.7894642950116,0.222455382752189,2.17879492728521,2.57240307322344,45.2099947411681,0.334429581022541,0.25,0.833333333333333,12
"UMass-gbqr_2src_nihflu_otid10","44",0.452908444443867,0.757912849883479,1.40180086473251,0.396213579938736,0.619549625604653,0.734736544644058,2.32331109601745,0.678494486747826,0.333333333333333,1,12
"UMass-gbqr_2src_nihflu_otid10","45",0.206261522421988,0.449180602825526,1.83085499475065,0.263942281347837,0.803319346223496,0.855858942580431,2.74467443293028,0.379656345704136,0.5,1,12
"UMass-gbqr_2src_nihflu_otid10","46",0.561193065695179,0.925047407841863,1.40115268684981,0.457825185502428,0.898724381244719,0.955664614382319,2.17191725467474,0.686722297843094,0.25,0.833333333333333,12
"UMass-gbqr_2src_nihflu_otid10","47",0.193862473830005,0.215970155310765,2.6944284981381,0.0955801254662276,0.336089538776675,0.394532398222676,3.22085807994313,0.119230875853151,0.666666666666667,1,12
"UMass-gbqr_2src_nihflu_otid10","48",0.142538724662407,0.12171329378239,6.27305180569435,0.0690642138538005,0.487403136403419,0.525518187886172,6.86426083768148,0.0686079240613996,1,1,12
"UMass-gbqr_2src_nihflu_otid10","49",0.537716357728927,0.860393648640227,1.98955052359703,0.390870115019217,1.04627294090879,1.34620223595519,3.40038705795358,0.654945686712684,0.333333333333333,0.916666666666667,12
"UMass-gbqr_2src_nihflu_otid10","50",0.411677248133534,0.708753907095467,0.427488040996634,0.239202190887837,0.958948753336877,0.971571117914828,0.639299168891251,0.379085289213417,0.5,0.833333333333333,12
"UMass-gbqr_2src_nihflu_otid10","51",0.189375507126642,0.287936650400199,2.42250383774056,0.168727615169442,0.853530421759426,0.869024269080476,3.62750429247756,0.236946333250857,0.583333333333333,1,12
"UMass-gbqr_2src_nihflu_otid10","53",0.3273191142492,0.460735486856958,3.34867614836867,0.233494111050674,0.511150869523033,0.635551084694105,5.8356390937213,0.388499310093929,0.416666666666667,1,12
"UMass-gbqr_2src_nihflu_otid10","54",0.210688962169463,0.454661692918992,1.00289472724274,0.24593308102843,1.06442963762072,1.08740161031265,1.59664445643109,0.371016405844595,0.5,1,12
"UMass-gbqr_2src_nihflu_otid10","55",0.188691326614983,0.76828170537289,1.53591321543462,0.489617974318548,0.797443446604695,1.03078737011297,2.59169120146526,0.931444791591063,0.5,1,12
"UMass-gbqr_2src_nihflu_otid10","56",0.596559921001246,0.944973426339683,1.73547062235623,0.503636839411194,0.692380253199568,0.790168347380673,2.88491772166486,0.795747935169898,0.25,0.916666666666667,12
"UMass-gbqr_2src_nihflu_otid10","72",0.565182113239141,0.547564646946159,9.37360678090954,0.1715216519947,0.743599362760359,0.792243198954088,14.5621541873904,0.261522349004637,0.5,1,12
"UMass-gbqr_2src_nihflu_otid50","01",0.376364014300824,0.482405512182019,3.42732616892486,0.239352084982397,1.2316216608205,1.36936770494501,5.13175692008543,0.303151640917714,0.5,0.916666666666667,12
"UMass-gbqr_2src_nihflu_otid50","02",0.807592627024441,1.22905075263047,1.24100067019422,0.558187857970129,0.89625470580053,0.952936716701836,1.79250941160106,0.818648291755753,0.416666666666667,0.666666666666667,12
"UMass-gbqr_2src_nihflu_otid50","04",0.4926422292766,0.562270200985495,9.17280196621282,0.26520138204799,1.24945916883507,1.29599829029097,14.9935100260208,0.392000630448049,0.166666666666667,0.916666666666667,12
"UMass-gbqr_2src_nihflu_otid50","05",0.336923062375009,0.721745648469092,2.27399873124199,0.434848551317256,1.02382341435789,1.0216754826303,4.09529365743154,0.752050910526218,0.166666666666667,1,12
"UMass-gbqr_2src_nihflu_otid50","06",0.602896616364478,0.817374178938934,27.893689122592,0.369631391120013,2.70382079101471,3.90804521747727,46.866227044255,0.457201517641267,0.0833333333333333,1,12
"UMass-gbqr_2src_nihflu_otid50","08",0.190268958376489,0.467928229754654,1.58866997061244,0.254441358177193,0.35968113838319,0.475661316474952,2.00821968930614,0.268058157430534,1,1,12
"UMass-gbqr_2src_nihflu_otid50","09",0.163164280600743,0.485311268946226,1.01906143208969,0.278534772434212,0.635076540993254,0.828234743847061,1.74646048773145,0.4468251002156,0.916666666666667,1,12
"UMass-gbqr_2src_nihflu_otid50","10",0.263339344724648,0.580398441906705,0.639838277436048,0.266156708754744,0.587640894284546,0.619827486910697,0.979401490474244,0.42693976415122,0.833333333333333,1,12
"UMass-gbqr_2src_nihflu_otid50","11",0.859138957880686,1.48951969012582,1.51370323347181,0.66912158034917,0.999290953877338,0.998576977174289,2.08185615391112,1.0275001108925,0.0833333333333333,0.5,12
"UMass-gbqr_2src_nihflu_otid50","12",0.361478053242524,0.332707354738238,14.4180891318456,0.167568880253362,1.33351754211014,1.42774250156133,20.4472689790222,0.184824635624309,0.333333333333333,1,12
"UMass-gbqr_2src_nihflu_otid50","13",0.431347948746084,0.678983170642655,6.720635469697,0.425429491400698,0.852047337421669,0.922117537042823,10.22456804906,0.577112578462489,0.333333333333333,0.833333333333333,12
"UMass-gbqr_2src_nihflu_otid50","15",0.882295925972611,0.99376160233646,3.53372305249509,0.440035569729058,0.825025846426509,1.09970559044804,5.15641154016568,0.657229895144787,0.333333333333333,0.916666666666667,12
"UMass-gbqr_2src_nihflu_otid50","16",0.338103873223866,0.644011745432637,1.39413947087374,0.312425638361415,0.726778395137187,0.828134897141519,2.11977031915013,0.475839697958726,0.5,1,12
"UMass-gbqr_2src_nihflu_otid50","17",0.552112835432498,0.765521703781881,12.1080945341818,0.517220292648778,0.984475732855104,1.12013461946068,17.3924046137735,0.684748404349842,0.5,0.833333333333333,12
"UMass-gbqr_2src_nihflu_otid50","18",0.210408852103995,0.463189779582803,2.84901209257944,0.273080205135972,0.794791510895294,0.838455912849851,4.8349816912797,0.422535469730948,0.5,1,12
"UMass-gbqr_2src_nihflu_otid50","19",0.339434190850069,0.99503388908805,1.48656187750008,0.545917822237198,1.0347324392238,1.11593052438415,2.32814798825355,0.922122227249146,0.333333333333333,0.916666666666667,12
"UMass-gbqr_2src_nihflu_otid50","20",0.265807143292682,0.666391349070542,1.18611622347561,0.34379324078194,1.22054991981906,1.46256744281143,2.2376748530016,0.639272732379338,0.5,1,12
"UMass-gbqr_2src_nihflu_otid50","21",0.835100890145725,1.31931088982465,9.34051268444405,0.947322318713447,1.18117268284589,1.59956235905161,12.7960373974971,1.52107988407212,0,0.416666666666667,12
"UMass-gbqr_2src_nihflu_otid50","22",0.537889655579491,0.547199353493299,5.25255095300064,0.257022908713942,1.26687567946781,1.37302854093807,7.9179729966738,0.347504349364917,0.333333333333333,0.916666666666667,12
"UMass-gbqr_2src_nihflu_otid50","23",0.288349373142339,0.692356271332116,0.782962575050954,0.310964476813668,0.8549573401116,0.882096815449313,1.3536824551767,0.5492394505137,0.5,1,12
"UMass-gbqr_2src_nihflu_otid50","24",0.297375375745067,0.532384138488306,2.73268576263472,0.271384356797273,1.21484052382549,1.50822492141912,4.35317854370802,0.344412257092859,0.666666666666667,1,12
"UMass-gbqr_2src_nihflu_otid50","25",0.232529709782111,0.674004298465109,3.31937003212912,0.449198852242114,0.64518440054553,0.787384958648214,5.86042497162189,0.78632512469712,0.5,1,12
"UMass-gbqr_2src_nihflu_otid50","26",0.212924415080139,0.497408044845363,3.73545799112494,0.318185970712827,0.805991709501054,0.858865577958886,6.44793367600843,0.487773825112726,0.666666666666667,1,12
"UMass-gbqr_2src_nihflu_otid50","27",0.258554487766266,0.622935064062065,2.37234984025017,0.343326452763792,0.527120659591578,0.704372635597872,4.17303855509999,0.555473825067068,0.833333333333333,1,12
"UMass-gbqr_2src_nihflu_otid50","28",0.284671089795179,0.416595416144498,1.74904599254337,0.203707881740832,0.621892868596027,0.755004761527904,2.38392266295144,0.265889429346917,0.833333333333333,1,12
"UMass-gbqr_2src_nihflu_otid50","29",0.311042209367565,0.570108605059935,3.60209417738174,0.350437271742224,1.09976021905569,1.17523995384394,5.22386104051453,0.431691457310622,0.416666666666667,1,12
"UMass-gbqr_2src_nihflu_otid50","30",0.470248035930212,0.820979772546527,1.27099865885225,0.400268623084943,0.768168324273666,0.842816447095211,1.98443483770697,0.668522928303839,0.416666666666667,0.916666666666667,12
"UMass-gbqr_2src_nihflu_otid50","31",0.411538485030599,0.920603874835056,1.257593020506,0.491628196015893,0.777631680717079,0.892250404299718,2.00888184185245,0.859645123186447,0.5,0.916666666666667,12
"UMass-gbqr_2src_nihflu_otid50","32",0.405835278322158,0.538930735490023,3.41785354813336,0.181455750268755,0.452817959505417,0.592101538359023,4.98099755455959,0.241602871685529,0.5,1,12
"UMass-gbqr_2src_nihflu_otid50","33",0.353890467960977,0.737550616864042,0.858043341502921,0.340464158725131,1.03722014901947,1.05651312703478,1.46939521111091,0.597807900606285,0.5,1,12
"UMass-gbqr_2src_nihflu_otid50","34",0.22683299670045,0.358512210166595,4.58994925105993,0.198506411589734,0.453612299989598,0.510485806443876,7.10659269983704,0.262467282057632,0.666666666666667,1,12
"UMass-gbqr_2src_nihflu_otid50","35",0.330673153169281,0.68151581515918,1.67821417597949,0.369204425018403,0.870926916897574,0.968176215137651,2.90308972299191,0.632593721737691,0.333333333333333,1,12
"UMass-gbqr_2src_nihflu_otid50","36",0.229254386957201,0.459775992737815,7.69535542677358,0.310248660222983,0.545119834636767,0.663492973970857,11.2658099158265,0.365205657704525,0.75,1,12
"UMass-gbqr_2src_nihflu_otid50","37",0.141922120526243,0.386851053263082,2.48433643560025,0.249512296346991,0.510484135718983,0.584692165071301,2.68004171252466,0.23371756473,0.916666666666667,1,12
"UMass-gbqr_2src_nihflu_otid50","38",0.737160546354349,0.838335106389642,2.00005544757968,0.358294821816974,0.813844411477896,0.871221275752049,2.78063507254948,0.511489010479538,0.5,0.75,12
"UMass-gbqr_2src_nihflu_otid50","39",0.12356303869626,0.369746837779639,2.7387210296423,0.250423529332355,0.71372139771382,0.776707434245034,3.27122307285501,0.2189196575581,0.916666666666667,1,12
"UMass-gbqr_2src_nihflu_otid50","40",0.301917337543928,0.579257323917298,2.56598013713829,0.339993262087128,1.28468062229658,1.38785989321225,4.17521202246389,0.490411682373892,0.25,1,12
"UMass-gbqr_2src_nihflu_otid50","41",0.263430146834255,0.626979752746079,1.97697643999732,0.375292819522445,0.553644365909716,0.707885918350995,2.99890698201096,0.575262748429184,0.666666666666667,1,12
"UMass-gbqr_2src_nihflu_otid50","42",0.85036808422705,0.789997621978958,35.5260061552929,0.303164789138711,2.62217317800866,3.31998280513655,54.4100934436797,0.431619939379313,0.166666666666667,0.833333333333333,12
"UMass-gbqr_2src_nihflu_otid50","44",0.419370827963269,0.671341012075646,1.29799829633197,0.350956479752362,0.567648987278207,0.650583062692073,2.12868370229328,0.600782721950941,0.5,0.916666666666667,12
"UMass-gbqr_2src_nihflu_otid50","45",0.251223711042248,0.57360563446915,2.22995632321806,0.33705547123674,1.13725165778498,1.16015592168736,3.88560983076534,0.514641532338076,0.5,1,12
"UMass-gbqr_2src_nihflu_otid50","46",0.521579404053565,0.879221479846005,1.30224770772939,0.43514498143108,0.851643174512013,0.96130853662073,2.05813767173737,0.690777912323405,0.416666666666667,0.833333333333333,12
"UMass-gbqr_2src_nihflu_otid50","47",0.211537139552939,0.293621646671274,2.94008265738862,0.129945703785128,0.311310073700977,0.360943062814734,2.98338820630103,0.109079907521892,1,1,12
"UMass-gbqr_2src_nihflu_otid50","48",0.197623761035797,0.24507119402159,8.69731431896748,0.139061632688822,0.665605996788499,0.71498126149678,9.37395112143803,0.0933428779913509,0.833333333333333,1,12
"UMass-gbqr_2src_nihflu_otid50","49",0.593978353964856,1.08725316118189,2.19771990966997,0.493930619824779,1.12224177139978,1.72929650331694,3.64728575704928,0.841326255182697,0.416666666666667,0.916666666666667,12
"UMass-gbqr_2src_nihflu_otid50","50",0.406811730513008,0.687031516365219,0.42243565929358,0.231870953060463,0.934846999430612,0.934509668130936,0.623231332953741,0.364624741600446,0.666666666666667,0.833333333333333,12
"UMass-gbqr_2src_nihflu_otid50","51",0.211502088405785,0.373327539025332,2.70554850850127,0.218765708530926,0.929469640020082,0.917903011344567,3.95024597008535,0.250273508527153,0.666666666666667,1,12
"UMass-gbqr_2src_nihflu_otid50","53",0.315732927947624,0.569785093877462,3.23014232608445,0.288758881787952,0.41707947901683,0.556155935770409,4.76165738544214,0.339966688052214,0.75,1,12
"UMass-gbqr_2src_nihflu_otid50","54",0.24254703908307,0.573038312740512,1.15454148190781,0.30996470561402,1.2540680279933,1.39969252161589,1.88110204198996,0.477568622055081,0.416666666666667,1,12
"UMass-gbqr_2src_nihflu_otid50","55",0.219133953354236,0.934818123480662,1.78371068212352,0.595749908886244,0.725152398624761,0.912074372528179,2.35674529553047,0.824172810481714,0.666666666666667,0.833333333333333,12
"UMass-gbqr_2src_nihflu_otid50","56",0.525777205355404,0.81195411101429,1.52955447001435,0.432742329910945,0.629888844827775,0.732757169248755,2.62453685344906,0.737931361517479,0.25,1,12
"UMass-gbqr_2src_nihflu_otid50","72",0.643086215807174,0.636340381524686,10.6656547898376,0.199330168736741,0.824710975273214,0.883462533957143,16.1505899324338,0.291634181830888,0.333333333333333,1,12
"UMass-gbqr_2src_utseirs_otid10","01",0.339562594140794,0.430668184574315,3.09219723636104,0.21368190310925,1.2533011244057,1.41207722394089,5.2220880183571,0.312606705996035,0.666666666666667,1,12
"UMass-gbqr_2src_utseirs_otid10","02",0.760372691717143,1.16213470985941,1.16843936960534,0.527797149939339,0.880834193316589,0.941626376540843,1.76166838663318,0.808931811647798,0.416666666666667,0.916666666666667,12
"UMass-gbqr_2src_utseirs_otid10","04",0.364307299151307,0.39754173254561,6.78325671525927,0.187505254071908,0.947851815758933,0.963024814624854,11.3742217891072,0.291286136176386,0.75,1,12
"UMass-gbqr_2src_utseirs_otid10","05",0.349659817866879,0.768923085576801,2.3599630627558,0.46327274788105,1.07179971070252,1.05435327601427,4.28719884281008,0.776104893112877,0.333333333333333,1,12
"UMass-gbqr_2src_utseirs_otid10","06",0.314121609078364,0.333645851990032,14.5331890617598,0.150880690374379,1.27626944964721,1.57718391689338,22.122003793885,0.184514467022603,0.916666666666667,1,12
"UMass-gbqr_2src_utseirs_otid10","08",0.310848907824624,0.544036863315667,2.59546449127814,0.295826303262528,0.650707222890464,0.650664206667038,3.63311532780509,0.366680750155876,1,1,12
"UMass-gbqr_2src_utseirs_otid10","09",0.178125335473817,0.654040434202105,1.11250243491453,0.375373528619715,0.573199049580979,1.2173208253443,1.57629738634769,0.656733497139363,0.75,1,12
"UMass-gbqr_2src_utseirs_otid10","10",0.295772140891335,0.631453876578846,0.718640571310614,0.289569498099489,0.616944065836601,0.673105216039561,1.02824010972767,0.463637686700865,0.666666666666667,1,12
"UMass-gbqr_2src_utseirs_otid10","11",0.78096897286716,1.36800522599017,1.37597678306465,0.61453488987658,0.999374950150595,0.998744254065775,2.08203114614707,1.02767223285053,0.0833333333333333,0.833333333333333,12
"UMass-gbqr_2src_utseirs_otid10","12",0.359347446676008,0.304091533602764,14.3331067239086,0.153156451321713,1.57800145040991,1.75208654971566,24.1960222396186,0.226811737956474,0.666666666666667,1,12
"UMass-gbqr_2src_utseirs_otid10","13",0.420444451816267,0.741326656229007,6.55075306171691,0.464491957912268,0.839035279545466,1.13545891214893,10.0684233545456,0.710633508424481,0.666666666666667,0.833333333333333,12
"UMass-gbqr_2src_utseirs_otid10","15",1.00123187701298,0.893198920145433,4.0100787735061,0.395506623302299,1.02384730199956,1.01491406034655,6.39904563749727,0.60655494275588,0.333333333333333,1,12
"UMass-gbqr_2src_utseirs_otid10","16",0.310067265855012,0.60562894193251,1.27853316151795,0.293805214167797,0.716588970620803,0.809852392883795,2.09005116431067,0.465334717026329,0.75,1,12
"UMass-gbqr_2src_utseirs_otid10","17",0.556240542643869,0.900490127322407,12.1986170975371,0.608410924053612,1.03053019272211,1.66183503153874,18.2060334047573,1.01589475619164,0.5,0.833333333333333,12
"UMass-gbqr_2src_utseirs_otid10","18",0.161443350042247,0.396505531770533,2.18600145353943,0.233765546491486,0.515346714749533,0.571899661089872,3.13502584805966,0.288205841516742,0.916666666666667,1,12
"UMass-gbqr_2src_utseirs_otid10","19",0.312888135357917,0.916560386432082,1.37030265802131,0.502863928150702,1.03805546778288,1.13826459582252,2.33562480251148,0.940577447577176,0.583333333333333,1,12
"UMass-gbqr_2src_utseirs_otid10","20",0.272925851695579,0.794804171029275,1.21788217010245,0.410041790197718,1.22128687327896,1.84436334333402,2.23902593434476,0.806151675116593,0.416666666666667,1,12
"UMass-gbqr_2src_utseirs_otid10","21",0.880444090353524,1.49144239783025,9.84767145015956,1.07092019131888,1.41736507334579,2.0434694264853,15.3547882945794,1.94320666571955,0,0.416666666666667,12
"UMass-gbqr_2src_utseirs_otid10","22",0.451538683724162,0.451237740199531,4.40932432685815,0.211949147540449,1.13590968652862,1.17262225350168,7.09943554080386,0.29678285709598,0.416666666666667,1,12
"UMass-gbqr_2src_utseirs_otid10","23",0.277188604936024,0.627573787960702,0.752657449989872,0.281868111427214,0.601538823770684,0.682263525285928,0.95243647097025,0.424812829125462,0.833333333333333,1,12
"UMass-gbqr_2src_utseirs_otid10","24",0.479014474792731,0.536547960492688,4.40183062260077,0.273506877125708,1.87446397664991,1.50843114344597,6.71682924966216,0.34445934913644,0.666666666666667,1,12
"UMass-gbqr_2src_utseirs_otid10","25",0.180687612677624,0.46494298718612,2.57932221762571,0.309867246659461,0.428407764320729,0.439154240507217,3.89137052591328,0.438563131204526,0.75,1,12
"UMass-gbqr_2src_utseirs_otid10","26",0.174932818557318,0.505591291849302,3.06894911390976,0.323420695841449,0.618111186941644,0.847221321554339,4.94488949553315,0.481160725655955,0.666666666666667,1,12
"UMass-gbqr_2src_utseirs_otid10","27",0.344880741084403,0.624421891192393,3.16443074759769,0.344145907493471,0.634652062558407,0.713943902686179,5.02432882858739,0.56302180190715,0.666666666666667,1,12
"UMass-gbqr_2src_utseirs_otid10","28",0.406511313244084,0.521924222832938,2.49764380311565,0.255211828412558,0.883173459780722,0.98567869134018,3.38549826249277,0.347125684650627,0.75,1,12
"UMass-gbqr_2src_utseirs_otid10","29",0.422163464445434,0.958934208996494,4.88895883383207,0.589442581638794,1.54089106231707,2.489311024994,7.31923254600608,0.914378634392273,0.25,0.916666666666667,12
"UMass-gbqr_2src_utseirs_otid10","30",0.423455161964001,0.775225085717506,1.1445256584127,0.377960929145142,0.699333436228155,0.825472206388517,1.80661137692273,0.654765457591909,0.75,1,12
"UMass-gbqr_2src_utseirs_otid10","31",0.38407896478823,0.809657176478206,1.17368130323203,0.432379558618108,0.708294986985525,0.782674710201476,1.82976204971261,0.754073625995303,0.583333333333333,0.916666666666667,12
"UMass-gbqr_2src_utseirs_otid10","32",0.762172537737121,0.695540634829916,6.41884590015051,0.234185655825906,0.83721453212312,0.866611572143044,9.20935985335432,0.35361476182944,0.75,1,12
"UMass-gbqr_2src_utseirs_otid10","33",0.382194233050605,0.79988472331152,0.926668691359182,0.3692384945148,1.14943655713252,1.21955581580701,1.62836845593774,0.690062511543006,0.583333333333333,1,12
"UMass-gbqr_2src_utseirs_otid10","34",0.292951107755251,0.384109949632223,5.92784443708637,0.212679751470598,0.68397957963405,0.737195121183356,10.7156800809334,0.379030322411941,0.5,1,12
"UMass-gbqr_2src_utseirs_otid10","35",0.347348945061402,0.657078633335034,1.76284623661344,0.355965824440444,0.807521469698527,0.844376880159518,2.69173823232842,0.551704849610901,0.666666666666667,1,12
"UMass-gbqr_2src_utseirs_otid10","36",0.210178156617928,0.512485855698196,7.05502581471207,0.345816338010197,0.497127975199892,0.793855913003762,10.2739781541311,0.436961176990398,0.833333333333333,1,12
"UMass-gbqr_2src_utseirs_otid10","37",0.155365388622961,0.430315878741544,2.71965986948344,0.277546363526012,0.696560877153872,0.747357359946263,3.65694460505783,0.298739324014,1,1,12
"UMass-gbqr_2src_utseirs_otid10","38",0.795746882993593,0.91886927554036,2.1590112168874,0.392714203238684,0.936817676140179,1.03175224392149,3.20079372681228,0.605735820498533,0.666666666666667,0.833333333333333,12
"UMass-gbqr_2src_utseirs_otid10","39",0.168508462809635,0.580619040543415,3.73491681362651,0.393243848151862,1.29185100401719,1.99409072775715,5.92098376841211,0.562046454061179,0.75,1,12
"UMass-gbqr_2src_utseirs_otid10","40",0.322335399941307,0.686949939281851,2.73951221375479,0.40320310353182,1.41414218214274,1.88011307718361,4.59596209196391,0.664353384476511,0.333333333333333,1,12
"UMass-gbqr_2src_utseirs_otid10","41",0.412531027534233,0.825670510312707,3.0959407342099,0.494223637134397,0.865201186500086,0.962730117532251,4.68650642687546,0.782361619365551,0.666666666666667,1,12
"UMass-gbqr_2src_utseirs_otid10","42",0.682496014428596,0.555628661791732,28.5127794178589,0.213224750815771,2.22542640717601,2.69538790057693,46.1775979489022,0.350418430014398,0.166666666666667,0.75,12
"UMass-gbqr_2src_utseirs_otid10","44",0.497291885888476,0.769139085317384,1.53917244029069,0.402082311325447,0.59845583979557,0.736658314691793,2.24420939923339,0.680269150593922,0.75,1,12
"UMass-gbqr_2src_utseirs_otid10","45",0.249557829829452,0.540315322252561,2.21516933384992,0.31749380517646,1.06427044805061,1.06512301896211,3.63625736417292,0.47248523440708,0.916666666666667,1,12
"UMass-gbqr_2src_utseirs_otid10","46",0.498532421214983,0.839423598483722,1.24470540383784,0.415448182907209,0.842246557695166,0.928148002221547,2.03542918109665,0.666949387088085,0.416666666666667,0.916666666666667,12
"UMass-gbqr_2src_utseirs_otid10","47",0.227210242334699,0.267320181053233,3.1579177750115,0.118305681671421,0.297928192357784,0.354210601377078,2.8551451767621,0.107045303323415,1,1,12
"UMass-gbqr_2src_utseirs_otid10","48",0.219194379464278,0.205473564382344,9.64662551284272,0.116592606697314,0.667520685718825,0.75295305232466,9.40091632387345,0.0983002054476535,1,1,12
"UMass-gbqr_2src_utseirs_otid10","49",0.58445093514477,0.806783980380632,2.16246846003565,0.366515661413142,1.05308678460123,1.26639722369696,3.42253204995399,0.61611946345991,0.416666666666667,1,12
"UMass-gbqr_2src_utseirs_otid10","50",0.377094462089282,0.625935411229879,0.391577075488363,0.211251211769755,0.827492567561758,0.816948878200987,0.551661711707839,0.318755154465745,0.75,0.833333333333333,12
"UMass-gbqr_2src_utseirs_otid10","51",0.218160471685262,0.380022482615915,2.79072298165472,0.222688869629602,0.769029242522332,0.788437523416519,3.26837428071991,0.214973720318081,0.833333333333333,1,12
"UMass-gbqr_2src_utseirs_otid10","53",0.379714951722453,0.53186568087664,3.8847178385185,0.269541869244399,0.531220547835297,0.662683454538141,6.06476792111964,0.405084769893269,0.5,1,12
"UMass-gbqr_2src_utseirs_otid10","54",0.279600517479257,0.730115342209641,1.33091872410832,0.394929941123797,1.46963695407525,2.03205281935801,2.20445543111288,0.693327034257213,0.5,1,12
"UMass-gbqr_2src_utseirs_otid10","55",0.219689375895985,0.989516882199893,1.78823172099334,0.63060886134412,0.884687468792769,1.2175687289575,2.8752342735765,1.10022501621001,0.5,0.833333333333333,12
"UMass-gbqr_2src_utseirs_otid10","56",0.754055296777472,1.01567747329162,2.19364521336438,0.541319552753079,0.895994038674638,0.946583861088239,3.73330849447766,0.953267940209243,0.333333333333333,1,12
"UMass-gbqr_2src_utseirs_otid10","72",0.627341572569018,0.587754224804447,10.4045281703585,0.184110819001132,0.837390561475853,0.880147865200188,16.3988984955688,0.290539997670475,0.583333333333333,1,12
"UMass-gbqr_2src_utseirs_otid50","01",0.383717636368215,0.499182280871347,3.49429128883616,0.247676107954056,1.53139351276856,1.8509893515127,6.38080630320234,0.409773399216262,0.583333333333333,1,12
"UMass-gbqr_2src_utseirs_otid50","02",0.761793812586565,1.17340291466405,1.17062315867469,0.532914737711533,0.867827551954605,0.935354338909342,1.73565510390921,0.803543633395387,0.416666666666667,1,12
"UMass-gbqr_2src_utseirs_otid50","04",0.382134472744325,0.416698435652607,7.1151915825283,0.196540739378713,0.998832317202175,1.01506682778401,11.9859878064261,0.307027285004287,0.75,1,12
"UMass-gbqr_2src_utseirs_otid50","05",0.347053089429615,0.765650038595266,2.34236944029124,0.461300751594917,1.05055178662147,1.0805587009383,4.20220714648589,0.795394593227928,0.333333333333333,1,12
"UMass-gbqr_2src_utseirs_otid50","06",0.353694078364268,0.37699420480456,16.3640538006109,0.17048359974741,1.49077556376602,1.89236353526416,25.8401097719443,0.221387274738409,0.916666666666667,1,12
"UMass-gbqr_2src_utseirs_otid50","08",0.284794318384872,0.518447312528106,2.37791905353171,0.281911690628566,0.509048222370888,0.536858984555752,2.84218590823746,0.302546003249816,1,1,12
"UMass-gbqr_2src_utseirs_otid50","09",0.179791788094683,0.697088951363787,1.12291045797005,0.400080370802249,0.57383179419522,1.31676752848179,1.57803743403685,0.710384087658086,0.75,1,12
"UMass-gbqr_2src_utseirs_otid50","10",0.27883717779506,0.593843468711271,0.677493519671621,0.272322273348037,0.536063633249781,0.584208442974133,0.893439388749635,0.402405217783548,0.833333333333333,1,12
"UMass-gbqr_2src_utseirs_otid50","11",0.788742097424455,1.39016742141377,1.38967212730277,0.624490584537181,1,1,2.08333333333333,1.02896435065032,0.0833333333333333,0.833333333333333,12
"UMass-gbqr_2src_utseirs_otid50","12",0.425656041334979,0.371451925690622,16.9779235237795,0.187082679025547,2.02007832575016,2.35517846814793,30.9745343281691,0.304883409809287,0.583333333333333,1,12
"UMass-gbqr_2src_utseirs_otid50","13",0.435563240283034,0.819459273347089,6.786312002762,0.513447397457094,0.891998475012188,1.37601887948297,10.7039817001463,0.861189351303494,0.583333333333333,0.916666666666667,12
"UMass-gbqr_2src_utseirs_otid50","15",1.00799456493196,0.908352241959695,4.03716431872133,0.402216482671135,1.01417957610265,1.00652718066291,6.33862235064158,0.601542593902744,0.25,1,12
"UMass-gbqr_2src_utseirs_otid50","16",0.303800453805788,0.603493226198585,1.25269255238484,0.292769126928299,0.704378379079695,0.803991593184594,2.05443693898244,0.461967148326724,0.75,1,12
"UMass-gbqr_2src_utseirs_otid50","17",0.561104966825716,0.975444891347124,12.3052962110593,0.659053674994258,1.07348438412816,2.0353214793251,18.9648907862642,1.24421039319171,0.416666666666667,0.833333333333333,12
"UMass-gbqr_2src_utseirs_otid50","18",0.170564847318799,0.431682384667241,2.30950983155426,0.254504566712794,0.527326611213703,0.604678493203073,3.20790355155003,0.304724562432082,0.916666666666667,1,12
"UMass-gbqr_2src_utseirs_otid50","19",0.326961956831686,0.965165352904279,1.43193936710254,0.529530675622723,1.0824541073293,1.22149148729482,2.43552174149092,1.00934997853184,0.583333333333333,1,12
"UMass-gbqr_2src_utseirs_otid50","20",0.301681881115134,0.90313104692559,1.34620074196159,0.465927941451214,1.29429295078837,2.04552915925213,2.37287040977867,0.894079121768957,0.416666666666667,1,12
"UMass-gbqr_2src_utseirs_otid50","21",0.904324803105328,1.61965477209122,10.1147746265588,1.16298222507409,1.46966813652,2.22197090117321,15.9214048123,2.11294997137347,0,0.5,12
"UMass-gbqr_2src_utseirs_otid50","22",0.497352305748464,0.506499344362705,4.85669932566698,0.237905863591999,1.31173692356239,1.40079066291592,8.19835577226492,0.354530756935668,0.333333333333333,1,12
"UMass-gbqr_2src_utseirs_otid50","23",0.274778053194147,0.615938643271355,0.746112015961194,0.276642309580987,0.600133349638657,0.656586472051619,0.950211136927874,0.40882495754241,0.916666666666667,1,12
"UMass-gbqr_2src_utseirs_otid50","24",0.565768546713302,0.603347322565789,5.19904396480826,0.307558045445921,2.21375775745249,1.73038701296649,7.93263196420475,0.395144310584128,0.666666666666667,1,12
"UMass-gbqr_2src_utseirs_otid50","25",0.158431010580912,0.416002557175426,2.26160841629653,0.277250266264674,0.347557791127077,0.41621392717432,3.15698326940429,0.415653695935341,0.833333333333333,1,12
"UMass-gbqr_2src_utseirs_otid50","26",0.189914223614667,0.565267274322254,3.33177669626423,0.361594707315874,0.667302205207865,1.05650276787838,5.33841764166292,0.600017522596407,0.666666666666667,1,12
"UMass-gbqr_2src_utseirs_otid50","27",0.323298137750647,0.590902811501352,2.9664009782699,0.325672093136016,0.507588851629312,0.588432525494081,4.01841174206538,0.464042538297409,0.75,1,12
"UMass-gbqr_2src_utseirs_otid50","28",0.389110076707202,0.52647101537339,2.39072896658613,0.257435130545122,0.80997284918521,0.966683237706332,3.10489592187664,0.340436070777638,1,1,12
"UMass-gbqr_2src_utseirs_otid50","29",0.437762346891896,1.05682821592477,5.06960519610011,0.649616570249705,1.67422431142371,2.82735523579464,7.95256547926264,1.03854970049553,0.25,0.916666666666667,12
"UMass-gbqr_2src_utseirs_otid50","30",0.431279071618076,0.78672686110017,1.16567232552772,0.38356861882204,0.697005803559114,0.82959768176042,1.80059832586105,0.658037789172261,0.75,1,12
"UMass-gbqr_2src_utseirs_otid50","31",0.36585946376428,0.765809185188924,1.11800554468634,0.408963505909953,0.634315978024748,0.716763928653798,1.63864960989727,0.690571405486546,0.583333333333333,1,12
"UMass-gbqr_2src_utseirs_otid50","32",0.827692400989318,0.743825457503427,6.97063947023036,0.250442955971998,0.944466831617829,0.952114727524089,10.3891351477961,0.388503723502275,0.666666666666667,1,12
"UMass-gbqr_2src_utseirs_otid50","33",0.392108929900545,0.822338021084276,0.950707879710672,0.379603265368507,1.17499974322764,1.25934258266914,1.66458296957249,0.712575098430135,0.583333333333333,1,12
"UMass-gbqr_2src_utseirs_otid50","34",0.276977862900573,0.363371151684032,5.60462698493346,0.201196783123531,0.611195088648683,0.650016454757309,9.5753897221627,0.334207239494808,0.666666666666667,1,12
"UMass-gbqr_2src_utseirs_otid50","35",0.322326428612994,0.624253969951779,1.63585333918611,0.338183389020356,0.649878029743059,0.713702292382202,2.16626009914353,0.466323776903142,0.666666666666667,1,12
"UMass-gbqr_2src_utseirs_otid50","36",0.223643544533618,0.574590308346139,7.50701692967363,0.387723317783483,0.600086200253206,1.20731166709738,12.4017814718996,0.664539141685036,0.833333333333333,1,12
"UMass-gbqr_2src_utseirs_otid50","37",0.158503265631676,0.448821122561303,2.77458817913861,0.289481928495998,0.65949523465004,0.837423895630434,3.46234998191271,0.334741399364548,1,1,12
"UMass-gbqr_2src_utseirs_otid50","38",0.805420618199394,0.941692164654634,2.18525788308853,0.402468444622852,0.965064564022098,1.07803141333868,3.2973039270755,0.632906055236633,0.583333333333333,0.916666666666667,12
"UMass-gbqr_2src_utseirs_otid50","39",0.19460950620409,0.719409880179338,4.31343509218487,0.487244630171648,1.59903326309301,3.16335454799669,7.32890245584298,0.891610487873634,0.666666666666667,1,12
"UMass-gbqr_2src_utseirs_otid50","40",0.355777212507911,0.79400303237977,3.02373248243454,0.466037579396082,1.62127236665744,2.37569371070117,5.26913519163667,0.839470868182123,0.333333333333333,1,12
"UMass-gbqr_2src_utseirs_otid50","41",0.394905958167234,0.800114945050813,2.96366905873686,0.478926779301876,0.761667439762344,0.906592589683271,4.12569863204603,0.736741516290677,0.666666666666667,1,12
"UMass-gbqr_2src_utseirs_otid50","42",0.69136991605197,0.572012367228819,28.883506270784,0.219512064177174,2.35787756996843,2.91697240216489,48.9259595768449,0.379225895220188,0.166666666666667,0.833333333333333,12
"UMass-gbqr_2src_utseirs_otid50","44",0.505943122695803,0.771765641100017,1.56594895856119,0.403455394087807,0.596266314616742,0.731390758496876,2.23599867981278,0.675404811310761,0.75,1,12
"UMass-gbqr_2src_utseirs_otid50","45",0.259533089388996,0.566853714786325,2.30371349649389,0.333087986725272,1.1147574111217,1.12793085725329,3.80875448799914,0.500346594709411,0.833333333333333,1,12
"UMass-gbqr_2src_utseirs_otid50","46",0.491407340623574,0.8350669485342,1.22691593631777,0.413291986311877,0.813366354565094,0.910937175006297,1.96563535686564,0.654582016113827,0.416666666666667,0.916666666666667,12
"UMass-gbqr_2src_utseirs_otid50","47",0.227449305979777,0.267807259024086,3.16124043919421,0.118521243740629,0.262654366159932,0.30890173227993,2.51710434236601,0.0933525972979899,1,1,12
"UMass-gbqr_2src_utseirs_otid50","48",0.247200199555056,0.23482389925596,10.8791464344835,0.133246973212251,0.884168042669635,1.0872821250628,12.4520332675974,0.141947835848801,1,1,12
"UMass-gbqr_2src_utseirs_otid50","49",0.601921653503343,0.856010547685571,2.22711011796237,0.388878906486943,1.07739164204767,1.38810108144734,3.50152283665494,0.675330044575418,0.583333333333333,1,12
"UMass-gbqr_2src_utseirs_otid50","50",0.376632947432024,0.6239412039474,0.391097835992819,0.210578173150458,0.795637907027208,0.773364552194116,0.530425271351472,0.301749526648251,0.75,0.833333333333333,12
"UMass-gbqr_2src_utseirs_otid50","51",0.23179218593091,0.417354959843154,2.9651007593099,0.244565278354106,0.736806715151881,0.779873502923204,3.13142853939549,0.212638672465018,0.916666666666667,1,12
"UMass-gbqr_2src_utseirs_otid50","53",0.378082127120705,0.536593877161028,3.86801303711731,0.271938051044563,0.495123158392542,0.650282393389784,5.65265605831485,0.39750425619957,0.416666666666667,1,12
"UMass-gbqr_2src_utseirs_otid50","54",0.301402647594368,0.817487955102911,1.43469844332076,0.442191050253954,1.65386927407645,2.37486083940007,2.48080391111468,0.810291546985991,0.5,1,12
"UMass-gbqr_2src_utseirs_otid50","55",0.240156662795552,1.10150430221127,1.95483172851398,0.70197728434792,0.913497021748947,1.25828834536921,2.96886532068408,1.13702026198229,0.416666666666667,0.75,12
"UMass-gbqr_2src_utseirs_otid50","56",0.772673024452571,1.02445941075972,2.2478066115705,0.546000009480282,0.926811810533514,0.962823562313344,3.86171587722298,0.969622314261924,0.416666666666667,1,12
"UMass-gbqr_2src_utseirs_otid50","72",0.661850281584317,0.610873211162952,10.9768588603239,0.191352715925576,0.866828459864329,0.903472969005616,16.9753906723431,0.298239698906188,0.5,1,12
"UMass-gbqr_4src","01",0.295842762728688,0.306888734798395,2.69406639333117,0.152267038159154,0.928787698788893,0.937878196308048,3.86994874495372,0.207628172597475,0.583333333333333,0.916666666666667,12
"UMass-gbqr_4src","02",0.657210952254566,0.9754651999759,1.00991416329785,0.443018996028929,0.846681303812885,0.8767112699421,1.69336260762577,0.753164581573871,0.333333333333333,0.833333333333333,12
"UMass-gbqr_4src","04",0.363574162896139,0.381801620353028,6.76960601038002,0.180081244227981,0.919465480385044,0.943231507835833,11.0335857646205,0.285299254250634,0.333333333333333,1,12
"UMass-gbqr_4src","05",0.332223122913174,0.744696569039337,2.24227737534018,0.448676379143496,0.879531030086305,0.918594332104446,3.51812412034522,0.676173320793443,0.25,0.916666666666667,12
"UMass-gbqr_4src","06",0.236692099481365,0.200006768576482,10.9508258323272,0.0904466791430987,1.02687802157081,1.23387127814894,17.7992190405607,0.144350382237344,0.583333333333333,1,12
"UMass-gbqr_4src","08",0.27460628934833,0.448566257458814,2.29285307152294,0.243913062992853,0.710894948265107,0.775460214107065,3.96916346114685,0.437009336169497,0.416666666666667,1,12
"UMass-gbqr_4src","09",0.200765475002514,0.503651457531941,1.25390405128472,0.289060759735547,0.77923069280066,0.876875473249415,2.14288440520182,0.473066330677407,0.5,1,12
"UMass-gbqr_4src","10",0.293455323318566,0.652368489790497,0.71301137615011,0.299160434627513,0.669363816574852,0.740147927898225,1.11560636095809,0.509816986898825,0.5,1,12
"UMass-gbqr_4src","11",0.644828350027439,1.04108153133832,1.1361127900411,0.467674327596561,0.889929043678822,0.80378311587138,1.85401884099755,0.827064171886288,0.333333333333333,0.75,12
"UMass-gbqr_4src","12",0.208672558027415,0.142725073277568,8.32321496152051,0.0718838353664217,0.692868011046353,0.684829653044837,10.6239761693774,0.0886528144608133,0.5,1,12
"UMass-gbqr_4src","13",0.331717125878913,0.464073783597707,5.16833310224014,0.290774031323196,0.637558113665045,0.691422823782127,7.65069736398054,0.432730961738761,0.25,0.916666666666667,12
"UMass-gbqr_4src","15",0.658389959831723,0.622596644342703,2.63694720796081,0.275684498636912,0.67265337099166,0.712655256911323,4.20408356869787,0.425912484070745,0.583333333333333,1,12
"UMass-gbqr_4src","16",0.300186402294969,0.576990174369627,1.2377903514341,0.279911856940738,0.67592867647417,0.788995168821918,1.97145863971633,0.453350322657588,0.333333333333333,1,12
"UMass-gbqr_4src","17",0.514293366633997,0.564836737004901,11.2786957699128,0.381628660518939,0.855496424377486,0.865486595156783,15.1137701640023,0.529079768380989,0.25,0.833333333333333,12
"UMass-gbqr_4src","18",0.242104111278802,0.481350407962693,3.27817738559587,0.283787065135874,0.922981468152727,0.939495019377072,5.61480393126242,0.473453598738549,0.333333333333333,1,12
"UMass-gbqr_4src","19",0.264451837283922,0.71872449471803,1.15817448665558,0.394322761513782,0.881628996813917,0.865630318930274,1.98366524283131,0.71529269988101,0.583333333333333,1,12
"UMass-gbqr_4src","20",0.189135509225868,0.446302545673832,0.84398294624123,0.230248785132704,0.738212267645406,0.798223465172267,1.35338915734991,0.348895018918979,0.416666666666667,1,12
"UMass-gbqr_4src","21",0.671545332672818,0.830421263049903,7.51116155188757,0.596278407529812,0.978824511085206,0.88620713604181,10.6039322034231,0.842725411814263,0,0.416666666666667,12
"UMass-gbqr_4src","22",0.488821691578923,0.426835163056445,4.77339695106075,0.20048710666377,1.21088392993345,1.24473255941654,7.56802456208409,0.315033493694057,0.166666666666667,1,12
"UMass-gbqr_4src","23",0.28328146794247,0.682860337203021,0.769201559855526,0.306699478704198,0.631322568315487,0.752311553832208,0.999594066499521,0.468428382468923,0.666666666666667,1,12
"UMass-gbqr_4src","24",0.253422166045719,0.395436653509251,2.32878443063447,0.201574979621658,1.03667267712903,1.33953759570572,3.71474375971234,0.305891488892554,0.75,1,12
"UMass-gbqr_4src","25",0.360168298693419,0.919337988233256,5.14141551342459,0.612704651999086,0.972213850181735,0.988829784840326,8.83094247248409,0.987498802623411,0.166666666666667,1,12
"UMass-gbqr_4src","26",0.228720625441683,0.487066720247168,4.0125801811862,0.311570749186291,0.838391796380548,0.888694120172394,6.70713437104439,0.504714289961249,0.416666666666667,1,12
"UMass-gbqr_4src","27",0.263603205695761,0.523180656544334,2.41867402234804,0.288347484880224,0.477793053999047,0.598462147465796,3.78252834415912,0.471951977419609,0.5,1,12
"UMass-gbqr_4src","28",0.388901624506019,0.461436196863827,2.38944821662526,0.225634240269874,0.936851364858057,0.976547543684443,3.59126356528922,0.343909975607212,0.5,1,12
"UMass-gbqr_4src","29",0.2694910448741,0.422007151012508,3.12090158300792,0.25940151287663,0.981075238059157,0.978148268890736,4.660107380781,0.359295350947008,0.333333333333333,0.916666666666667,12
"UMass-gbqr_4src","30",0.398043987899673,0.739747443614287,1.07584367425144,0.360663807547483,0.645201180665221,0.741409682595602,1.66676971671849,0.588086971712406,0.416666666666667,1,12
"UMass-gbqr_4src","31",0.473188048982858,1.12537444025235,1.44598381301678,0.600981400390895,0.964681779145592,1.12645569981275,2.49209459612611,1.08529191375331,0.333333333333333,0.916666666666667,12
"UMass-gbqr_4src","32",0.40744158942248,0.439996255088942,3.43138153938227,0.148144919791988,0.421117622940666,0.533178844884423,4.63229385234733,0.217559880697255,0.75,1,12
"UMass-gbqr_4src","33",0.365119577753236,0.76685352017339,0.885269457379304,0.353990807737832,1.09402464455146,1.1304069242601,1.5498682464479,0.639619303282441,0.5,1,12
"UMass-gbqr_4src","34",0.220018721470209,0.300816071799211,4.45206288556406,0.166560349321528,0.430933483097349,0.505565518177426,6.7512912351918,0.259937506161939,0.0833333333333333,1,12
"UMass-gbqr_4src","35",0.367870855477444,0.745910223756415,1.86699790616476,0.404089456402435,0.860125376892398,0.958575339293583,2.86708458964133,0.626320634579402,0.166666666666667,0.916666666666667,12
"UMass-gbqr_4src","36",0.225956429050522,0.340923829620701,7.58465325609203,0.230049334999156,0.606661087425928,0.692729118892601,12.5376624734692,0.381298074585731,0.25,1,12
"UMass-gbqr_4src","37",0.105397744163311,0.260148781143087,1.84497987406107,0.167791503286252,0.491148875644073,0.577693081126584,2.57853159713139,0.230919838075495,0.833333333333333,1,12
"UMass-gbqr_4src","38",0.670236587131517,0.732358755773413,1.81847813734625,0.313001743462688,0.800082063137211,0.805629850948357,2.7336137157188,0.472980661449811,0.416666666666667,0.916666666666667,12
"UMass-gbqr_4src","39",0.102781580477541,0.237581002344841,2.27810904364101,0.16090975508213,0.722616231429552,0.724262452902971,3.31199106071878,0.204137724426218,0.75,1,12
"UMass-gbqr_4src","40",0.334289109326498,0.620001523133945,2.84110618347195,0.363907941506483,1.40104354904356,1.5713233777816,4.55339153439158,0.555240010191325,0.333333333333333,1,12
"UMass-gbqr_4src","41",0.276181409891432,0.655003766931501,2.07267143522545,0.392067222925299,0.612483859751772,0.78428474955804,3.31762090698877,0.637348178408242,0.416666666666667,1,12
"UMass-gbqr_4src","42",0.538277778115751,0.40771354290581,22.4877438526864,0.156461724472544,1.70746062383504,1.89674824720673,35.429807944577,0.246589940830586,0.166666666666667,0.833333333333333,12
"UMass-gbqr_4src","44",0.440573260579566,0.751242159720922,1.36362212989165,0.392726347824417,0.552412131296169,0.702745013144155,2.07154549236064,0.648951818830281,0.5,1,12
"UMass-gbqr_4src","45",0.184255934859815,0.40014889568028,1.63552510758827,0.235130839890018,0.694333214886315,0.768488757691682,2.37230515086158,0.340899205399745,0.583333333333333,1,12
"UMass-gbqr_4src","46",0.477976199832386,0.818920057007147,1.19338188153803,0.405300554147435,0.772933595485286,0.852729244650698,1.86792285575611,0.61275491162035,0.416666666666667,0.833333333333333,12
"UMass-gbqr_4src","47",0.159782273000882,0.176769656941001,2.22075939383904,0.0782314851083535,0.255780741218359,0.302677891792217,2.4512321033426,0.091471702456747,0.75,1,12
"UMass-gbqr_4src","48",0.112492825064682,0.0904361829923849,4.95074809369172,0.0513165299221506,0.360001743851991,0.394637032544078,5.07002455924888,0.0515210095192076,0.833333333333333,1,12
"UMass-gbqr_4src","49",0.476151932556951,0.710652168763023,1.76176215046072,0.32284373017171,0.934112469000474,1.14514317347397,3.03586552425154,0.557127719820707,0.416666666666667,1,12
"UMass-gbqr_4src","50",0.378810663297482,0.652481376969196,0.39335918877195,0.220210390831075,0.911448582735855,0.921670396157898,0.60763238849057,0.359615145247237,0.583333333333333,0.916666666666667,12
"UMass-gbqr_4src","51",0.157723205446671,0.231546767485866,2.01760553036982,0.135683782609067,0.744191353369343,0.762762491563034,3.16281325181971,0.207973220021099,0.583333333333333,1,12
"UMass-gbqr_4src","53",0.41918096434129,0.540842742490439,4.28847945638508,0.274091314818171,0.633845101794419,0.739298214090257,7.23639824548629,0.451917797081533,0.25,1,12
"UMass-gbqr_4src","54",0.203867513772794,0.405537549179765,0.970424138566743,0.219361121677493,0.911639928435198,0.902497695326886,1.3674598926528,0.307928044273301,0.666666666666667,1,12
"UMass-gbqr_4src","55",0.14145826828634,0.541788478838478,1.15144467735293,0.345276186668109,0.607877554430405,0.664045544872628,1.97560205189882,0.600047868342694,0.916666666666667,1,12
"UMass-gbqr_4src","56",0.567801015712659,0.912589103403939,1.65180721571017,0.486377160360742,0.646221887982813,0.770374773920536,2.69259119992839,0.775814594049933,0.25,0.916666666666667,12
"UMass-gbqr_4src","72",0.542249389322621,0.521607787465026,8.99326506206668,0.16339080672624,0.781519516048256,0.83158538502582,15.3047571892783,0.274509347100727,0.583333333333333,0.916666666666667,12
"UMass-gbqr_5src_mobsgleam_otid10","01",0.295379194839739,0.317538761752263,2.6898449526607,0.157551194521707,0.9459163688596,0.95663481396904,3.94131820358167,0.211780526564537,0.5,1,12
"UMass-gbqr_5src_mobsgleam_otid10","02",0.566546950545928,0.861300689138916,0.870593814005575,0.391169840390795,0.783281769934404,0.848012567396988,1.56656353986881,0.728510117743915,0.583333333333333,1,12
"UMass-gbqr_5src_mobsgleam_otid10","04",0.336682951000976,0.360752462393273,6.26890236240408,0.170153160235464,0.862447888433492,0.887611101117793,10.3493746612019,0.268475748646816,0.333333333333333,1,12
"UMass-gbqr_5src_mobsgleam_otid10","05",0.327341557707417,0.714688431127531,2.20933017069911,0.430596609176949,0.954137971837205,0.977809976636931,3.81655188734882,0.719761701003372,0.333333333333333,1,12
"UMass-gbqr_5src_mobsgleam_otid10","06",0.343495373481229,0.337723723240963,15.89219926413,0.152724777528253,1.39038805248335,1.72383457530608,24.1000595763781,0.201671101569595,0,1,12
"UMass-gbqr_5src_mobsgleam_otid10","08",0.31618212879196,0.507684521241778,2.63999476079632,0.276059299046834,0.859365711934179,0.901740251739281,4.79812522496583,0.508174244972277,0.333333333333333,1,12
"UMass-gbqr_5src_mobsgleam_otid10","09",0.200824903834146,0.511900215455728,1.25427522094298,0.29379497065992,0.793083712394641,0.896612378867295,2.18098020908526,0.483714211481939,0.5,1,12
"UMass-gbqr_5src_mobsgleam_otid10","10",0.255553429996631,0.5651024491247,0.620920761433844,0.259142335865285,0.516581325081888,0.581100953459024,0.86096887513648,0.400264766014789,0.916666666666667,1,12
"UMass-gbqr_5src_mobsgleam_otid10","11",0.613401561845243,1.01459297944974,1.08074243294965,0.455775148405885,0.958690346678925,0.924228706690524,1.99727155558109,0.950998391032203,0.333333333333333,1,12
"UMass-gbqr_5src_mobsgleam_otid10","12",0.193085454855713,0.143402555227182,7.70150019676247,0.0722250508222027,0.616665041825603,0.602632904163587,9.45553064132591,0.0780122513726748,0.833333333333333,1,12
"UMass-gbqr_5src_mobsgleam_otid10","13",0.332840972030103,0.472698648276129,5.18584323606163,0.296178100160525,0.642108533129103,0.698055711215261,7.70530239754924,0.436882192591027,0.333333333333333,1,12
"UMass-gbqr_5src_mobsgleam_otid10","15",0.668211115489857,0.678594695273767,2.67628235972753,0.300480319070337,0.664370214621127,0.728894205220428,4.15231384138204,0.435617556398427,0.5,0.916666666666667,12
"UMass-gbqr_5src_mobsgleam_otid10","16",0.278028218684103,0.546200735774497,1.14642316867982,0.264975157298077,0.659284520901129,0.763712500984811,1.92291318596163,0.438823103639617,0.666666666666667,1,12
"UMass-gbqr_5src_mobsgleam_otid10","17",0.48094182817018,0.54141785914934,10.5472808223433,0.365805831723728,0.81989164567459,0.834131954110153,14.4847524069178,0.509912393270327,0.416666666666667,0.833333333333333,12
"UMass-gbqr_5src_mobsgleam_otid10","18",0.239986015286214,0.477873635595528,3.24949759843015,0.28173728391641,0.834735349305628,0.874659782603569,5.07797337494257,0.440780220442373,0.25,1,12
"UMass-gbqr_5src_mobsgleam_otid10","19",0.290539795740483,0.739308846078479,1.2724274568888,0.405616210299893,0.9166403916592,0.874309915426198,2.0624408812332,0.722464874740965,0.5,1,12
"UMass-gbqr_5src_mobsgleam_otid10","20",0.204426879599597,0.501421525592473,0.912217916358204,0.258684827649244,0.75577418156922,0.851461543665117,1.38558599954357,0.3721648189354,0.5,1,12
"UMass-gbqr_5src_mobsgleam_otid10","21",0.601550662603493,0.721289125879468,6.72827877527848,0.517916809798901,0.948908788103108,0.815481474225911,10.2798452044503,0.775469902288747,0,1,12
"UMass-gbqr_5src_mobsgleam_otid10","22",0.441829593069771,0.397847471739253,4.31451400128209,0.186871409401552,1.16244581335683,1.18077017341319,7.26528633348022,0.298845041182549,0.166666666666667,1,12
"UMass-gbqr_5src_mobsgleam_otid10","23",0.262045367541054,0.634308309724922,0.711538622450334,0.284892850457846,0.619072755646857,0.72068634643874,0.980198529774191,0.448736880099852,1,1,12
"UMass-gbqr_5src_mobsgleam_otid10","24",0.271835315997506,0.458190841584439,2.49798927011535,0.233564108778432,1.02218612657717,1.31067204037947,3.66283362023487,0.29929986524215,0.666666666666667,1,12
"UMass-gbqr_5src_mobsgleam_otid10","25",0.371095325588585,0.927758451989864,5.29739921825986,0.618316578604641,0.985830501160952,0.984120656120079,8.95462705221198,0.982796012472936,0,1,12
"UMass-gbqr_5src_mobsgleam_otid10","26",0.200768547399657,0.449605600850309,3.52220046944045,0.287607319638254,0.620138115694802,0.727949621025834,4.96110492555842,0.41342298521379,0.416666666666667,1,12
"UMass-gbqr_5src_mobsgleam_otid10","27",0.245850533368256,0.496539873011823,2.25578553518999,0.273664596989114,0.47115316399628,0.600580751868071,3.72996254830389,0.473622725588491,0.5,1,12
"UMass-gbqr_5src_mobsgleam_otid10","28",0.431426299485553,0.508824944158073,2.65072382564716,0.248806509948218,1.18482808983616,1.20328741824346,4.5418410110386,0.423760777785842,0.5,1,12
"UMass-gbqr_5src_mobsgleam_otid10","29",0.267132724813327,0.419154063224134,3.0935905277766,0.257647762289944,1.01701726986014,1.01985931830907,4.83083203183566,0.37461673586969,0.416666666666667,1,12
"UMass-gbqr_5src_mobsgleam_otid10","30",0.400952493083361,0.766044580155438,1.08370485793596,0.373484974385435,0.641241134535949,0.763919686021377,1.6565395975512,0.605941931067071,0.666666666666667,1,12
"UMass-gbqr_5src_mobsgleam_otid10","31",0.405500072896668,0.936396987273175,1.23914063942674,0.500062159406303,0.837714684438511,1.04178496343062,2.16409626813282,1.00371527870026,0.5,1,12
"UMass-gbqr_5src_mobsgleam_otid10","32",0.376139466911443,0.431063773856085,3.16776209523053,0.145137390294907,0.348336839206153,0.463490472959932,3.83170523126768,0.189124030274186,0.833333333333333,1,12
"UMass-gbqr_5src_mobsgleam_otid10","33",0.39485041313986,0.836918450876576,0.957354883945879,0.386333805143787,1.2625697599907,1.39218709908394,1.78864049332016,0.787742646691348,0.5,1,12
"UMass-gbqr_5src_mobsgleam_otid10","34",0.174741751450575,0.254483581086414,3.53588667815663,0.140906281731645,0.344436791061475,0.418739222966512,5.39617639329644,0.215295595598559,0.416666666666667,1,12
"UMass-gbqr_5src_mobsgleam_otid10","35",0.335916009428864,0.661070421340808,1.70482243133111,0.358128335951821,0.879816060755726,0.968208822688545,2.93272020251909,0.632615027086505,0.5,1,12
"UMass-gbqr_5src_mobsgleam_otid10","36",0.223596959776845,0.35494799352053,7.50545322454418,0.239512591300906,0.578794333691692,0.673502398185707,11.9617495629616,0.370715133308691,0.5,1,12
"UMass-gbqr_5src_mobsgleam_otid10","37",0.101186018659833,0.285002444765984,1.77125392432018,0.183821690178279,0.437013698692393,0.561376650251629,2.29432191813506,0.224397711190633,0.75,1,12
"UMass-gbqr_5src_mobsgleam_otid10","38",0.70973852498379,0.844905065702191,1.92565433713356,0.361102747171993,0.817010822626757,0.825688766042056,2.79145364397475,0.484757135369956,0.5,0.916666666666667,12
"UMass-gbqr_5src_mobsgleam_otid10","39",0.115893521858387,0.28021971719777,2.56872952350337,0.18978826429072,0.770032544085907,0.768846576749857,3.52931582706041,0.216704027637382,0.75,1,12
"UMass-gbqr_5src_mobsgleam_otid10","40",0.340708062196741,0.652301788882199,2.89566053831709,0.382866480768039,1.47178356482853,1.73050109060612,4.78329658569272,0.611486761267921,0.333333333333333,1,12
"UMass-gbqr_5src_mobsgleam_otid10","41",0.255579190178762,0.616973620859657,1.91805700148251,0.369303424439556,0.598677630209913,0.777178607446138,3.24283716363703,0.631573379480834,0.416666666666667,1,12
"UMass-gbqr_5src_mobsgleam_otid10","42",0.653669647511156,0.518612875762959,27.3084942294343,0.199019792909561,2.06585679745568,2.38674665700963,42.8665285472053,0.310293006884987,0.25,1,12
"UMass-gbqr_5src_mobsgleam_otid10","44",0.423736453344723,0.718095538536011,1.31151038141206,0.375398311435318,0.526331910416046,0.660876772229167,1.97374466406017,0.610288476387704,0.583333333333333,0.916666666666667,12
"UMass-gbqr_5src_mobsgleam_otid10","45",0.197967889531625,0.424925198107645,1.75723758407876,0.249689602545633,0.685555640322035,0.764267222559014,2.34231510443362,0.339026545640068,0.666666666666667,1,12
"UMass-gbqr_5src_mobsgleam_otid10","46",0.405134428374173,0.701661418899257,1.01151498040813,0.347266817402255,0.654686802109975,0.770261080349925,1.58215977176577,0.553494867421547,0.583333333333333,1,12
"UMass-gbqr_5src_mobsgleam_otid10","47",0.167340274153419,0.19683402275403,2.32580547775631,0.0871112055449575,0.294822288977123,0.337783502802062,2.82538026936409,0.102080901515987,0.833333333333333,1,12
"UMass-gbqr_5src_mobsgleam_otid10","48",0.129229616161447,0.114478982264081,5.68732517377824,0.0649592223425302,0.294621097926537,0.323194577452328,4.14924712913206,0.0421939897381978,1,1,12
"UMass-gbqr_5src_mobsgleam_otid10","49",0.494423854692078,0.767216728994229,1.82936826236069,0.348540568123181,1.01719990483266,1.20228165326152,3.30589969070614,0.58492636692043,0.416666666666667,1,12
"UMass-gbqr_5src_mobsgleam_otid10","50",0.35145424788685,0.586742947282309,0.364952128421635,0.198023879759734,0.773622004963789,0.741667242961433,0.515748003309193,0.289381946533737,0.75,1,12
"UMass-gbqr_5src_mobsgleam_otid10","51",0.170148303155665,0.263684572355307,2.17654819059573,0.154516172181096,0.707541376809314,0.738513465668267,3.00705085143959,0.201361531515841,0.583333333333333,1,12
"UMass-gbqr_5src_mobsgleam_otid10","53",0.304209123567587,0.428633559279688,3.11224670928122,0.217225316359383,0.439757732635916,0.561003158314428,5.02056744759338,0.342929695526475,0.333333333333333,1,12
"UMass-gbqr_5src_mobsgleam_otid10","54",0.240468940130406,0.50557024508582,1.14464958030625,0.273470252688316,0.981737339598088,1.07609182438454,1.47260600939713,0.367157559135043,0.833333333333333,1,12
"UMass-gbqr_5src_mobsgleam_otid10","55",0.132361601223841,0.499360199286115,1.07739945541112,0.318237083507158,0.487786655954178,0.564023028076367,1.58530663185108,0.509665064853847,1,1,12
"UMass-gbqr_5src_mobsgleam_otid10","56",0.492531176017293,0.784017154157181,1.43283743423118,0.41785293697978,0.545846501891005,0.682494890942928,2.27436042454585,0.68731416796451,0.333333333333333,1,12
"UMass-gbqr_5src_mobsgleam_otid10","72",0.545503870986602,0.526439971607256,9.04724099421181,0.164904462166635,0.765127782009762,0.817286267048042,14.9837523976912,0.26978915647343,0.333333333333333,1,12
"UMass-gbqr_5src_mobsgleam_otid50","01",0.337182005516442,0.39404513499322,3.07051861306108,0.195510876754266,1.16646099717353,1.25162774864981,4.86025415488972,0.277086281830028,0.666666666666667,1,12
"UMass-gbqr_5src_mobsgleam_otid50","02",0.544351213946118,0.827887980333839,0.836486365430535,0.375995065616874,0.790606853544944,0.872619238910716,1.58121370708989,0.749649202058168,0.583333333333333,1,12
"UMass-gbqr_5src_mobsgleam_otid50","04",0.356859697123164,0.38729911740793,6.64458533374243,0.182674203652488,0.951270410138222,0.965710738997368,11.4152449216587,0.292098547778507,0.333333333333333,1,12
"UMass-gbqr_5src_mobsgleam_otid50","05",0.320739876367102,0.694113575804493,2.16477336628768,0.418200350121196,0.890799744555593,0.931611148073789,3.56319897822237,0.68575494281367,0.416666666666667,1,12
"UMass-gbqr_5src_mobsgleam_otid50","06",0.467660453780225,0.48589517112273,21.6368361649417,0.219730586882179,2.04928714381387,2.61475071590928,35.5209771594404,0.30589922302358,0,1,12
"UMass-gbqr_5src_mobsgleam_otid50","08",0.318584271938298,0.518825907305068,2.66005169869235,0.282117555894057,0.753910202351434,0.820316118144047,4.20933196312884,0.462287807572515,0.833333333333333,1,12
"UMass-gbqr_5src_mobsgleam_otid50","09",0.220004729024341,0.556196674851461,1.37406504291619,0.31921804452388,0.780593561334717,0.936695765493954,2.14663229367047,0.50533883346199,0.75,1,12
"UMass-gbqr_5src_mobsgleam_otid50","10",0.259164419321955,0.58978578683372,0.629694418830808,0.270461518432578,0.587671066024131,0.679433273520283,0.979451776706886,0.46799647914781,0.916666666666667,1,12
"UMass-gbqr_5src_mobsgleam_otid50","11",0.593936387982996,0.993814138522025,1.04644705343613,0.446440883829496,0.982471587855796,0.966905328647836,2.04681580803291,0.994911113632458,0.416666666666667,1,12
"UMass-gbqr_5src_mobsgleam_otid50","12",0.240181544537088,0.179049994762962,9.5799976952866,0.0901789717134607,0.754975386583162,0.742541045187401,11.5762892609418,0.0961236903452648,1,1,12
"UMass-gbqr_5src_mobsgleam_otid50","13",0.335548318600557,0.518970029681465,5.22802516701331,0.325170291880163,0.689347228937292,0.802876804328168,8.27216674724751,0.50248507822494,0.583333333333333,1,12
"UMass-gbqr_5src_mobsgleam_otid50","15",0.67138411073736,0.692612623801679,2.68899066554816,0.306687428654465,0.640447856465911,0.721376074507404,4.00279910291195,0.431124408138452,0.5,0.916666666666667,12
"UMass-gbqr_5src_mobsgleam_otid50","16",0.297959576335551,0.587911251081517,1.2286082443639,0.285209934790256,0.653546091728913,0.750880738661822,1.90617610087599,0.431450075490308,0.833333333333333,1,12
"UMass-gbqr_5src_mobsgleam_otid50","17",0.456444965364483,0.540979804364387,10.0100530826369,0.365509862552703,0.816167379274897,0.839052808950486,14.4189570338565,0.51292055625486,0.583333333333333,0.833333333333333,12
"UMass-gbqr_5src_mobsgleam_otid50","18",0.220589598730428,0.436960697058974,2.98686309057765,0.257616471798447,0.705107258760121,0.766303603212977,4.28940249079073,0.386174690854732,0.416666666666667,1,12
"UMass-gbqr_5src_mobsgleam_otid50","19",0.297000349362612,0.727921894048763,1.30072163873934,0.399368845137608,0.88020860278501,0.869689741813883,1.98046935626627,0.718647105902698,0.833333333333333,1,12
"UMass-gbqr_5src_mobsgleam_otid50","20",0.242695222348255,0.634965641526488,1.0829834632033,0.327580626594338,0.88975850048955,1.0807695459715,1.63122391756418,0.472392917072924,0.583333333333333,1,12
"UMass-gbqr_5src_mobsgleam_otid50","21",0.563723809413232,0.718909743200207,6.30518953395989,0.51620831005543,1.02708945805152,0.920352249400669,11.1268024622248,0.875195196299762,0,1,12
"UMass-gbqr_5src_mobsgleam_otid50","22",0.450142908938674,0.428287995673996,4.39569443436321,0.201169511098011,1.24924158589099,1.28870650310435,7.8077599118187,0.326163005014923,0.416666666666667,1,12
"UMass-gbqr_5src_mobsgleam_otid50","23",0.275047840117276,0.64591505739869,0.746844575431487,0.290105898085676,0.66390033757438,0.715998464204362,1.05117553449277,0.445817960297187,1,1,12
"UMass-gbqr_5src_mobsgleam_otid50","24",0.315733261206524,0.572180341885335,2.90138275749152,0.291670586759989,1.44853690087674,2.03077195674413,5.19059056147497,0.463739024153655,0.583333333333333,1,12
"UMass-gbqr_5src_mobsgleam_otid50","25",0.317680476767735,0.801043282715732,4.53490031602162,0.533865620755814,0.820311738383567,0.884719559941152,7.45116495698406,0.883528711911197,0.0833333333333333,1,12
"UMass-gbqr_5src_mobsgleam_otid50","26",0.197242900532112,0.42751686480716,3.46034797704167,0.273477419664694,0.562773901090398,0.675835225432055,4.50219120872319,0.383825759833509,0.5,1,12
"UMass-gbqr_5src_mobsgleam_otid50","27",0.235783765497432,0.497381167544234,2.16341856311959,0.274128270787887,0.375198437947585,0.501223533737303,2.97032096708504,0.395268838435741,0.5,1,12
"UMass-gbqr_5src_mobsgleam_otid50","28",0.429764520900515,0.520463393561267,2.64051370147633,0.254497508415302,1.0037805208315,1.08140105330111,3.8478253298541,0.380836153106515,0.583333333333333,1,12
"UMass-gbqr_5src_mobsgleam_otid50","29",0.288495835983864,0.47414285374916,3.34099083564675,0.291448553151483,1.14035486408381,1.20202825745409,5.41668560439809,0.441531389816765,0.5,1,12
"UMass-gbqr_5src_mobsgleam_otid50","30",0.405027413747333,0.801818588189879,1.09471865980882,0.39092658916939,0.730271807519405,0.954851440853695,1.88653550275846,0.757389207976076,0.666666666666667,1,12
"UMass-gbqr_5src_mobsgleam_otid50","31",0.388690588999259,0.868895773398023,1.1877736582169,0.464014624833119,0.768695106884421,0.985683812441745,1.98579569278476,0.949664217899013,0.75,1,12
"UMass-gbqr_5src_mobsgleam_otid50","32",0.380501219212667,0.455195929542045,3.20449579329752,0.153262587332736,0.360132783886743,0.47157759545966,3.96146062275417,0.192423923777287,0.916666666666667,1,12
"UMass-gbqr_5src_mobsgleam_otid50","33",0.407176653702316,0.878137345763152,0.987241104677727,0.405361050257901,1.33847760832838,1.53122669150904,1.89617661179854,0.86641556113216,0.583333333333333,1,12
"UMass-gbqr_5src_mobsgleam_otid50","34",0.167175983544161,0.262657671236604,3.3827939128144,0.145432234426454,0.256106297322714,0.314541098187888,4.01233199138918,0.161721924673873,0.833333333333333,1,12
"UMass-gbqr_5src_mobsgleam_otid50","35",0.310316434306438,0.624710298404417,1.57490087750145,0.338430600427968,0.710638177145604,0.851197996046436,2.36879392381868,0.556161677838908,0.833333333333333,1,12
"UMass-gbqr_5src_mobsgleam_otid50","36",0.203641084141591,0.327566830131662,6.83559666082029,0.221036269372572,0.449195427913028,0.538300057735038,9.28337217686925,0.296295867989317,0.583333333333333,1,12
"UMass-gbqr_5src_mobsgleam_otid50","37",0.136046172551925,0.394023810048952,2.38147839210314,0.254138601488685,0.606657103444582,0.78608031402285,3.18494979308406,0.314217955448761,1,1,12
"UMass-gbqr_5src_mobsgleam_otid50","38",0.73964641139353,0.961156573021461,2.00680006778236,0.410787309805057,0.880923397768856,0.936930811510006,3.00982160904359,0.550066701772596,0.5,0.916666666666667,12
"UMass-gbqr_5src_mobsgleam_otid50","39",0.129422319658431,0.304317832103224,2.86858944465536,0.206109526214472,0.705153942242553,0.729256130231285,3.2319555686117,0.20554522238809,0.833333333333333,1,12
"UMass-gbqr_5src_mobsgleam_otid50","40",0.360192277013024,0.722163139318924,3.06125589171094,0.423871380400841,1.70315981880012,2.06313405517302,5.53526941110038,0.72902534896261,0.333333333333333,1,12
"UMass-gbqr_5src_mobsgleam_otid50","41",0.263992648055857,0.614669192436716,1.98119786900209,0.367924057025464,0.562004433906621,0.732914982355771,3.04419068366086,0.595602591017858,0.583333333333333,1,12
"UMass-gbqr_5src_mobsgleam_otid50","42",0.726417083593946,0.598160928124011,30.3476791541697,0.229546680395655,2.38190669868379,2.84718456112333,49.4245639976886,0.370153009760308,0.0833333333333333,1,12
"UMass-gbqr_5src_mobsgleam_otid50","44",0.430667485925221,0.745627696969838,1.33296268062181,0.389791278988493,0.54840390432538,0.685982366045866,2.05651464122018,0.633472306177214,0.75,0.916666666666667,12
"UMass-gbqr_5src_mobsgleam_otid50","45",0.221960124485823,0.447706916271817,1.97020170208452,0.263076330795807,0.656495973377617,0.739542000966392,2.24302790904019,0.328058514800457,0.833333333333333,1,12
"UMass-gbqr_5src_mobsgleam_otid50","46",0.408949564146679,0.710117679633264,1.02104037917926,0.351451996568624,0.690320812952509,0.820666634378862,1.66827529796856,0.58971533364565,0.666666666666667,1,12
"UMass-gbqr_5src_mobsgleam_otid50","47",0.196093636100404,0.247040676562998,2.72543866264578,0.109330749089738,0.390054732803717,0.43790934936636,3.73802452270229,0.132339740676419,0.75,1,12
"UMass-gbqr_5src_mobsgleam_otid50","48",0.174107438927387,0.164309234483217,7.66237376358617,0.0932345823192656,0.464170350051655,0.497730502236097,6.53706576322747,0.0649801610821754,1,1,12
"UMass-gbqr_5src_mobsgleam_otid50","49",0.509564742839629,0.849682917300578,1.88538954850663,0.386004313420978,0.985950444286844,1.28519284287438,3.20433894393224,0.625263787678486,0.5,1,12
"UMass-gbqr_5src_mobsgleam_otid50","50",0.348681751999909,0.578602469828317,0.362073152620196,0.19527649449332,0.75,0.703918089034135,0.5,0.274653072167027,0.75,1,12
"UMass-gbqr_5src_mobsgleam_otid50","51",0.184119782644561,0.295774118990572,2.35527226740114,0.173320282974603,0.633906516237661,0.671809185272404,2.69410269401006,0.18317408242577,0.75,1,12
"UMass-gbqr_5src_mobsgleam_otid50","53",0.241163545402541,0.372140953451222,2.46725161223147,0.188595677108372,0.297225888722445,0.407193329515479,3.39332889624792,0.248908909765694,0.5,1,12
"UMass-gbqr_5src_mobsgleam_otid50","54",0.259646704326848,0.529772705527767,1.23593712757437,0.286561713345014,0.964737755871166,1.05230589793882,1.44710663380675,0.359041910918337,0.833333333333333,1,12
"UMass-gbqr_5src_mobsgleam_otid50","55",0.155468576960984,0.579236123899074,1.26548605186514,0.369141183048141,0.636886349149933,0.721654680229074,2.06988063473728,0.652104898368145,1,1,12
"UMass-gbqr_5src_mobsgleam_otid50","56",0.446242236970663,0.717280398997281,1.29817687285683,0.382284647433816,0.506907166160288,0.650616203730783,2.11211319233453,0.655210376906464,0.583333333333333,1,12
"UMass-gbqr_5src_mobsgleam_otid50","72",0.566447628058909,0.551317052245398,9.39459548175136,0.172697072576487,0.800499461035918,0.855647558738992,15.6764477786201,0.282452357782212,0.333333333333333,1,12
"UMass-gbqr_5src_nihflu_otid10","01",0.356621311994302,0.403120425132881,3.24754096712724,0.200013705934063,1.17327170292803,1.27119179621777,4.88863209553347,0.281417385230381,0.5,1,12
"UMass-gbqr_5src_nihflu_otid10","02",0.758435029477983,1.12642173892736,1.16546182863117,0.511577684059963,0.89341482209759,0.947889422720157,1.78682964419518,0.814312265528962,0.333333333333333,0.666666666666667,12
"UMass-gbqr_5src_nihflu_otid10","04",0.421314588816126,0.440532613977679,7.8447097285216,0.20778241112427,1.0108362004978,1.03029401732628,12.1300344059736,0.311633053349229,0.166666666666667,1,12
"UMass-gbqr_5src_nihflu_otid10","05",0.308892498473924,0.686310816384773,2.08481172131236,0.413499222186252,0.865701415758604,0.906955462841909,3.46280566303442,0.667605999393254,0.333333333333333,1,12
"UMass-gbqr_5src_nihflu_otid10","06",0.366694477745673,0.348437616489761,16.9655318798894,0.157569793884172,1.48324744837407,1.87932621383824,25.7096224384838,0.21986204081449,0.166666666666667,1,12
"UMass-gbqr_5src_nihflu_otid10","08",0.179214549334255,0.358835523043156,1.49637006085253,0.195120943853283,0.301460004200962,0.381546999718179,1.68315169012204,0.215020188052205,1,1,12
"UMass-gbqr_5src_nihflu_otid10","09",0.168026952854816,0.500123354716321,1.04943181544059,0.287035875135181,0.677398994619412,0.957373629387065,1.86284723520338,0.516494352685161,0.666666666666667,1,12
"UMass-gbqr_5src_nihflu_otid10","10",0.261657130885444,0.595890978893133,0.635750985404995,0.273261212069782,0.582314020535817,0.63891008738627,0.970523367559696,0.440083939132939,0.583333333333333,1,12
"UMass-gbqr_5src_nihflu_otid10","11",0.816035211325387,1.40453969230004,1.43775942957721,0.630946891675902,0.99934907472406,0.998692686840383,2.08197723900846,1.02761917201394,0.0833333333333333,0.583333333333333,12
"UMass-gbqr_5src_nihflu_otid10","12",0.317274514162972,0.23277038046837,12.65496531098,0.117235376542612,1.20883854150315,1.261086503845,18.5355243030483,0.163250623490579,0.333333333333333,1,12
"UMass-gbqr_5src_nihflu_otid10","13",0.367448178328394,0.556435615593449,5.7250423184533,0.34864504920659,0.677882841130426,0.753179522983656,8.13459409356511,0.471381748088432,0.333333333333333,1,12
"UMass-gbqr_5src_nihflu_otid10","15",0.721328554222774,0.742672503641202,2.88902540003239,0.328853839284501,0.691912317168519,0.842248963212405,4.32445198230324,0.503363084252729,0.583333333333333,0.916666666666667,12
"UMass-gbqr_5src_nihflu_otid10","16",0.287259894750845,0.5552428937155,1.18448911529039,0.269361726311636,0.620864645639875,0.738319562633024,1.81085521644963,0.424232524064591,0.5,1,12
"UMass-gbqr_5src_nihflu_otid10","17",0.54649181743265,0.667202224816587,11.9848229618642,0.450791307771826,0.899779047633437,0.945833329943313,15.8960965081907,0.578196452647284,0.25,0.833333333333333,12
"UMass-gbqr_5src_nihflu_otid10","18",0.181898728050349,0.388858146735276,2.46297468313798,0.229256920510873,0.685090100076839,0.745839635384325,4.1676314421341,0.375861981353229,0.5,1,12
"UMass-gbqr_5src_nihflu_otid10","19",0.306908509267345,0.903688770825131,1.34411471223516,0.495802013538667,1.01687456274379,1.08687901500824,2.28796776617352,0.898116214378897,0.333333333333333,0.916666666666667,12
"UMass-gbqr_5src_nihflu_otid10","20",0.242184381640194,0.623312615364243,1.08070392908718,0.321568796406533,1.01712666420914,1.28527627902867,1.86473221771675,0.561780643207533,0.416666666666667,1,12
"UMass-gbqr_5src_nihflu_otid10","21",0.837123675109346,1.24880584380782,9.36313731439422,0.896696644212616,1.17629008275727,1.34292044713013,12.7431425632037,1.27703009918907,0,0.416666666666667,12
"UMass-gbqr_5src_nihflu_otid10","22",0.584211021074468,0.546494677857684,5.70488412199012,0.256691918224992,1.40704138432201,1.51885367692763,8.79400865201257,0.384411716904766,0.25,1,12
"UMass-gbqr_5src_nihflu_otid10","23",0.251428450142349,0.619948655366224,0.682710229674568,0.278443363987121,0.629290798709099,0.708276898167749,0.996377097956074,0.441010110849398,0.666666666666667,1,12
"UMass-gbqr_5src_nihflu_otid10","24",0.302343263999076,0.509773130081515,2.77833741576195,0.259858329762661,1.28692311658322,1.78224784188723,4.61147450108988,0.406987043647106,0.583333333333333,1,12
"UMass-gbqr_5src_nihflu_otid10","25",0.238001618837898,0.660561153873328,3.39748173215806,0.440239495254474,0.646918406370553,0.765561724050996,5.87617552453253,0.764531264556062,0.166666666666667,1,12
"UMass-gbqr_5src_nihflu_otid10","26",0.179847992607931,0.412229107789236,3.15517889727311,0.263698024543969,0.632554936991104,0.719053524087854,5.06043949592883,0.408370642515036,0.583333333333333,1,12
"UMass-gbqr_5src_nihflu_otid10","27",0.222392348154744,0.466725330258386,2.04054648664506,0.257232513141459,0.389347293456419,0.485707931097728,3.08233273986332,0.383033111618912,0.583333333333333,1,12
"UMass-gbqr_5src_nihflu_otid10","28",0.269748891384834,0.360667664490748,1.65736259979587,0.176360188083153,0.615010023697517,0.733234362376094,2.35753842417382,0.258222565106995,0.666666666666667,1,12
"UMass-gbqr_5src_nihflu_otid10","29",0.322666884850171,0.567916436769588,3.7367163431482,0.349089778531193,1.17003731747423,1.2896864756438,5.55767725800258,0.473730179376121,0.166666666666667,1,12
"UMass-gbqr_5src_nihflu_otid10","30",0.431513370414811,0.774178909489943,1.16630559442768,0.377450866008249,0.710776298670315,0.817087944210505,1.83617210489831,0.648115051655682,0.583333333333333,0.916666666666667,12
"UMass-gbqr_5src_nihflu_otid10","31",0.399437371829581,0.898021805299793,1.22061403541589,0.479568739813934,0.725244030308195,0.860300683891135,1.87354707829617,0.82886293333923,0.416666666666667,0.916666666666667,12
"UMass-gbqr_5src_nihflu_otid10","32",0.387276294328087,0.440201860985391,3.26155395398242,0.148214146447183,0.403357341632722,0.507626524789538,4.43693075795994,0.207133436053551,0.75,1,12
"UMass-gbqr_5src_nihflu_otid10","33",0.370835416414084,0.782340184431659,0.89912808808022,0.361139678605256,1.12059939954031,1.1873881175682,1.58751581601544,0.671861030028575,0.5,1,12
"UMass-gbqr_5src_nihflu_otid10","34",0.192609875712571,0.276030862647893,3.89744687780651,0.152836903398046,0.399675475213273,0.462014676232775,6.26158244500794,0.23754575506476,0.166666666666667,1,12
"UMass-gbqr_5src_nihflu_otid10","35",0.304243044843702,0.622278820601842,1.54407754577669,0.337113371474397,0.69090274273837,0.789676549061685,2.30300914246123,0.515964366124079,0.25,1,12
"UMass-gbqr_5src_nihflu_otid10","36",0.18889723827178,0.317282512857976,6.34069169593976,0.214096595040145,0.440083127452554,0.520967583698007,9.09505130068611,0.286755574680019,0.666666666666667,1,12
"UMass-gbqr_5src_nihflu_otid10","37",0.106979510722686,0.292005353136235,1.87266858306215,0.188338446004146,0.558380224267892,0.658492881639256,2.93149617740643,0.263217744109842,0.833333333333333,1,12
"UMass-gbqr_5src_nihflu_otid10","38",0.700099453499922,0.775017551666395,1.89950172014087,0.331233624194996,0.797166319313094,0.82356355024107,2.7236515909864,0.483509433371215,0.5,0.75,12
"UMass-gbqr_5src_nihflu_otid10","39",0.122852626188452,0.335806051407222,2.72297504528173,0.227435985847908,0.875332178217953,1.00297757362421,4.01193915016562,0.282695255993901,0.583333333333333,1,12
"UMass-gbqr_5src_nihflu_otid10","40",0.351844217381635,0.678985456176136,2.99030615635607,0.398528375254518,1.42563046529721,1.63218063104032,4.63329901221593,0.576744420039342,0.333333333333333,1,12
"UMass-gbqr_5src_nihflu_otid10","41",0.238914151463274,0.614166644554281,1.79299011256302,0.367623245697956,0.498497647421455,0.710318915322873,2.70019559019955,0.577239920864289,0.5,1,12
"UMass-gbqr_5src_nihflu_otid10","42",0.674643145771581,0.537248486090687,28.1847084737343,0.206171283899274,2.04464294050892,2.38769313167679,42.4263410155602,0.310416054913377,0.25,0.833333333333333,12
"UMass-gbqr_5src_nihflu_otid10","44",0.424604269501595,0.704394827495809,1.31419636674543,0.36823600013557,0.578857437261619,0.702732824655058,2.17071538973107,0.648940563336439,0.583333333333333,1,12
"UMass-gbqr_5src_nihflu_otid10","45",0.206875788704282,0.474581196491713,1.83630745373495,0.278867882759986,0.846558059983084,0.922317919807781,2.8924067049422,0.409137339800309,0.583333333333333,1,12
"UMass-gbqr_5src_nihflu_otid10","46",0.515271483616765,0.868253992301517,1.28649847594316,0.429716943930532,0.81971436143669,0.90458321580642,1.980976373472,0.650016182665069,0.25,0.833333333333333,12
"UMass-gbqr_5src_nihflu_otid10","47",0.149099323360527,0.176075943390404,2.07228071518364,0.0779244740395867,0.224974195512996,0.272522122456184,2.15600270699955,0.0823583855120343,0.833333333333333,1,12
"UMass-gbqr_5src_nihflu_otid10","48",0.136884620925598,0.123903496222363,6.02421777311984,0.070307008334146,0.492193587533763,0.547994502939888,6.93172635776717,0.0715422721999257,0.666666666666667,1,12
"UMass-gbqr_5src_nihflu_otid10","49",0.546477590793781,0.903781260824989,2.02196708593699,0.410580768383371,1.04065682946287,1.45796737464524,3.38213469575433,0.709320945908383,0.333333333333333,0.916666666666667,12
"UMass-gbqr_5src_nihflu_otid10","50",0.398534942869274,0.673710995271246,0.413840995022949,0.227375319530196,0.912088160841753,0.913627178297908,0.608058773894502,0.356476861788168,0.583333333333333,0.833333333333333,12
"UMass-gbqr_5src_nihflu_otid10","51",0.170681112237695,0.267317560822806,2.18336391912148,0.156645062265798,0.76376228011842,0.776056212486824,3.24598969050328,0.211597858066577,0.416666666666667,1,12
"UMass-gbqr_5src_nihflu_otid10","53",0.363870058304991,0.506349371832983,3.72261481932206,0.256610571205937,0.561353554157052,0.693453467383726,6.40878640995967,0.423893846063511,0.333333333333333,1,12
"UMass-gbqr_5src_nihflu_otid10","54",0.23504362512507,0.550099691559598,1.11882468774208,0.29755687388017,1.20413448526942,1.36823973264476,1.80620172790413,0.46683707576419,0.416666666666667,1,12
"UMass-gbqr_5src_nihflu_otid10","55",0.185433981326414,0.758426115681471,1.50939901488445,0.483337109075134,0.709863041727683,0.899191922977468,2.30705488561497,0.812531912577009,0.5,0.916666666666667,12
"UMass-gbqr_5src_nihflu_otid10","56",0.536000219085424,0.855097194581255,1.55929455039155,0.455736041315385,0.624677833444743,0.738494147258991,2.60282430601976,0.74370884984752,0.25,1,12
"UMass-gbqr_5src_nihflu_otid10","72",0.544104228984242,0.523941228698091,9.02402777946768,0.16412174452027,0.730145161168539,0.775106413377914,14.2986760728839,0.255865434026779,0.416666666666667,1,12
"UMass-gbqr_5src_nihflu_otid50","01",0.441282831018463,0.549444355941361,4.01850372824954,0.272614323127291,1.46766414039121,1.74139674970373,6.11526725163004,0.385511707523918,0.333333333333333,1,12
"UMass-gbqr_5src_nihflu_otid50","02",0.811263252391392,1.23607439228267,1.24664119784144,0.561377726544899,0.88650836204855,0.946254156692661,1.7730167240971,0.81290744219021,0.416666666666667,0.583333333333333,12
"UMass-gbqr_5src_nihflu_otid50","04",0.492259517879819,0.521979727832696,9.16567603253467,0.246197904458813,1.12769117075889,1.16166183167619,13.5322940491067,0.351367878951648,0.25,1,12
"UMass-gbqr_5src_nihflu_otid50","05",0.288203883030223,0.629414506707228,1.94517780923018,0.379219448015036,0.841453605430671,0.886832103375541,3.36581442172268,0.652793281395396,0.416666666666667,1,12
"UMass-gbqr_5src_nihflu_otid50","06",0.521756520637392,0.542580481178941,24.1396514581636,0.245364709603484,2.24293598141963,3.04846757496727,38.8775570112735,0.356639681527261,0.0833333333333333,1,12
"UMass-gbqr_5src_nihflu_otid50","08",0.154336668810875,0.384613843525342,1.28864967357961,0.209138202180384,0.15592371306406,0.219071988740593,0.870574064607669,0.123457661181364,0.916666666666667,1,12
"UMass-gbqr_5src_nihflu_otid50","09",0.154058976328749,0.533541607409799,0.962193198571499,0.306215618126391,0.631607017913764,1.10685903031858,1.73691929926285,0.597140364879413,0.833333333333333,1,12
"UMass-gbqr_5src_nihflu_otid50","10",0.248292660880478,0.552880782162259,0.603279197052349,0.253537774551278,0.532712982496155,0.56407570409824,0.887854970826926,0.388537703081622,0.75,1,12
"UMass-gbqr_5src_nihflu_otid50","11",0.872212376283101,1.53799368225579,1.53673708093821,0.690897052291473,1,1,2.08333333333333,1.02896435065032,0.0833333333333333,0.583333333333333,12
"UMass-gbqr_5src_nihflu_otid50","12",0.461238741157707,0.375896011207138,18.3971923645674,0.189320953662844,1.71570372027803,1.91030796229442,26.307457044263,0.247293873142513,0.166666666666667,1,12
"UMass-gbqr_5src_nihflu_otid50","13",0.41339051583842,0.69337024879466,6.44084890552118,0.434443981900007,0.779858200317803,0.955303710006641,9.35829840381364,0.59788233619844,0.5,0.916666666666667,12
"UMass-gbqr_5src_nihflu_otid50","15",0.791306911817975,0.853876569083962,3.16929886399212,0.378094768072898,0.740711384911384,0.956485875921094,4.62944615569615,0.571635824532795,0.333333333333333,0.916666666666667,12
"UMass-gbqr_5src_nihflu_otid50","16",0.285858799594885,0.570669643232559,1.17871183140201,0.276845614765364,0.583817191392308,0.721361503375345,1.7028001415609,0.414488558651476,0.583333333333333,1,12
"UMass-gbqr_5src_nihflu_otid50","17",0.579145807446662,0.856487460717677,12.700940343374,0.578680777950388,1.03799353395154,1.47792202609969,18.3378857664772,0.903467075781039,0.333333333333333,0.833333333333333,12
"UMass-gbqr_5src_nihflu_otid50","18",0.152610120582034,0.358396106506198,2.06639632620269,0.211297585997685,0.523964675442904,0.585100508430103,3.187451775611,0.294858339455235,0.75,1,12
"UMass-gbqr_5src_nihflu_otid50","19",0.359113646031254,1.0857699220544,1.57274862188507,0.595699460891569,1.093579795731,1.219303194238,2.46055454039475,1.00754173543485,0.333333333333333,0.916666666666667,12
"UMass-gbqr_5src_nihflu_otid50","20",0.292763569832129,0.815904421580645,1.30640439349728,0.420927471004476,1.2538963697147,1.8662415708812,2.29881001114362,0.815714416563113,0.416666666666667,1,12
"UMass-gbqr_5src_nihflu_otid50","21",0.91135405874708,1.53047592399461,10.1933960868623,1.09894795247721,1.29632032759337,1.78338370816043,14.0434702155948,1.69588204468197,0,0.416666666666667,12
"UMass-gbqr_5src_nihflu_otid50","22",0.644600035665272,0.64733782578848,6.29458941349265,0.304058566302293,1.50214148651547,1.68566722043495,9.38838429072166,0.426631110146339,0.166666666666667,0.916666666666667,12
"UMass-gbqr_5src_nihflu_otid50","23",0.265515021691014,0.630910644894443,0.720959864876438,0.283366825331555,0.652642800436907,0.693942577075593,1.03335110069177,0.432084815459762,0.583333333333333,1,12
"UMass-gbqr_5src_nihflu_otid50","24",0.340234579121286,0.615203207544545,3.1265338900078,0.313601617157801,1.44795030909754,2.00593894589661,5.18848860759953,0.458068256355735,0.416666666666667,1,12
"UMass-gbqr_5src_nihflu_otid50","25",0.151251072299037,0.477795476068319,2.15911453718007,0.318432953536236,0.401175027466179,0.572135963358063,3.64400649948446,0.571365858326275,0.666666666666667,1,12
"UMass-gbqr_5src_nihflu_otid50","26",0.17044770950494,0.432367429717567,2.99026421323987,0.276580267961013,0.549001586269579,0.621254371401814,4.39201269015663,0.352827763602806,0.833333333333333,1,12
"UMass-gbqr_5src_nihflu_otid50","27",0.208218572022928,0.452836537896749,1.91049592812429,0.249577799047185,0.38503600498146,0.468386588076141,3.04820170610323,0.369373363671247,0.583333333333333,1,12
"UMass-gbqr_5src_nihflu_otid50","28",0.252324574953866,0.374514797896619,1.55030595822289,0.18313119444803,0.546746935246738,0.689888477415601,2.09586325177916,0.242957479104942,0.75,1,12
"UMass-gbqr_5src_nihflu_otid50","29",0.366821898925378,0.734206298167172,4.24806340252611,0.451305680605563,1.40189592976942,1.75567389081831,6.65900566640476,0.644897595602175,0.25,1,12
"UMass-gbqr_5src_nihflu_otid50","30",0.443950906626622,0.789870620034743,1.19992209175843,0.385101358241611,0.737546345377141,0.840076265309828,1.90532805889095,0.666349413112527,0.583333333333333,0.916666666666667,12
"UMass-gbqr_5src_nihflu_otid50","31",0.357264581939788,0.793200358989398,1.091741018311,0.423591158182975,0.638235953446238,0.742045912156517,1.64877621306945,0.714929515853165,0.583333333333333,0.916666666666667,12
"UMass-gbqr_5src_nihflu_otid50","32",0.398642681709964,0.479176845827049,3.35727911519368,0.161336862689607,0.443188377369371,0.543348183484536,4.87507215106308,0.221709407847174,0.583333333333333,1,12
"UMass-gbqr_5src_nihflu_otid50","33",0.370752369549426,0.777565368189292,0.898926732531814,0.358935553548814,1.13454052472377,1.18878675090679,1.60726574335868,0.672652420157544,0.416666666666667,1,12
"UMass-gbqr_5src_nihflu_otid50","34",0.172370694849177,0.267117737975194,3.48790851964304,0.147901750996941,0.325447758950078,0.372443079978416,5.09868155688455,0.191492342566934,0.75,1,12
"UMass-gbqr_5src_nihflu_otid50","35",0.274795803451583,0.580463860224177,1.39462852799554,0.314460531936407,0.691346763254468,0.794705039912231,2.30448921084823,0.519249916514736,0.5,1,12
"UMass-gbqr_5src_nihflu_otid50","36",0.201179429062789,0.412593626612357,6.75296657019945,0.278410838962661,0.430307693532288,0.547450347981559,8.89302566633396,0.301332451493236,0.666666666666667,1,12
"UMass-gbqr_5src_nihflu_otid50","37",0.126081630172639,0.428209783853693,2.20704979982203,0.276187968434775,0.565721676611314,0.740474282467772,2.9700388022094,0.295987968339643,0.916666666666667,1,12
"UMass-gbqr_5src_nihflu_otid50","38",0.736507106128652,0.833612449030881,1.99828254113544,0.356276412157206,0.817907797433241,0.877238847970041,2.79451830789691,0.515021892589898,0.5,0.75,12
"UMass-gbqr_5src_nihflu_otid50","39",0.158898517118285,0.54913028101776,3.52191654561499,0.371917022635069,1.21754601244426,1.68579188023519,5.58041922370284,0.475150571326817,0.583333333333333,1,12
"UMass-gbqr_5src_nihflu_otid50","40",0.372597611643767,0.766487529316017,3.16668820148153,0.44988744152411,1.56485606372099,1.93929449735913,5.08578220709322,0.685265624952299,0.333333333333333,1,12
"UMass-gbqr_5src_nihflu_otid50","41",0.240844484120237,0.643049674604534,1.8074767695764,0.384911832349175,0.527067883243625,0.80310179452637,2.8549510342363,0.652639830248151,0.666666666666667,1,12
"UMass-gbqr_5src_nihflu_otid50","42",0.765012718393845,0.642513637598398,31.9600970998819,0.24656721240922,2.32613340147794,2.80922586892691,48.2672680806673,0.365218126242422,0.166666666666667,0.833333333333333,12
"UMass-gbqr_5src_nihflu_otid50","44",0.434929047449997,0.704898053492721,1.3461526767542,0.36849907124432,0.576673802095262,0.674010277441982,2.16252675785723,0.622416647966383,0.5,0.916666666666667,12
"UMass-gbqr_5src_nihflu_otid50","45",0.244576776526678,0.596758321858156,2.17095562781586,0.350660184108015,1.06309249242174,1.20815732220111,3.63223268244096,0.535934803227769,0.5,1,12
"UMass-gbqr_5src_nihflu_otid50","46",0.515741909417458,0.876590658016585,1.28767300644772,0.43384293303673,0.8184554694006,0.930389584988333,1.97793405105145,0.668560145554231,0.166666666666667,0.833333333333333,12
"UMass-gbqr_5src_nihflu_otid50","47",0.177100902146146,0.232018059105876,2.46146512195537,0.102682313525497,0.311309231108977,0.370906107221397,2.98338013146103,0.112090819974511,1,1,12
"UMass-gbqr_5src_nihflu_otid50","48",0.233528500360457,0.248116731897447,10.2774623832005,0.140789773244562,1.0320632243826,1.22881626880558,14.5348904100549,0.160425528933143,0.416666666666667,1,12
"UMass-gbqr_5src_nihflu_otid50","49",0.585158875264678,1.0350648357776,2.16508783847931,0.470221871177376,1.10586908223412,1.67072717903802,3.59407451726088,0.812831482788464,0.25,0.916666666666667,12
"UMass-gbqr_5src_nihflu_otid50","50",0.402247893721483,0.674920836947067,0.417696544712236,0.227783637250334,0.911929560616727,0.906381479512064,0.607953040411151,0.353649752409207,0.583333333333333,0.833333333333333,12
"UMass-gbqr_5src_nihflu_otid50","51",0.199604499180755,0.37268040792978,2.55335377120494,0.218386497040125,0.892183086306365,0.950884446428122,3.79177811680205,0.259266157393759,0.666666666666667,1,12
"UMass-gbqr_5src_nihflu_otid50","53",0.319773685422282,0.504720756527598,3.27148176392256,0.255785212418038,0.470740195809967,0.640017539203073,5.37428390216379,0.391229561897582,0.5,1,12
"UMass-gbqr_5src_nihflu_otid50","54",0.272891432336279,0.686112580173417,1.29898299266216,0.371128211156506,1.40302645990392,1.73458418950848,2.10453968985588,0.59183211200254,0.333333333333333,1,12
"UMass-gbqr_5src_nihflu_otid50","55",0.217035385333713,0.919966941338662,1.76662871861184,0.586285404309668,0.701765417528694,0.83351053141635,2.28073760696825,0.75318059352917,0.5,0.833333333333333,12
"UMass-gbqr_5src_nihflu_otid50","56",0.537142377127313,0.846372707075195,1.56261723711255,0.4510862033511,0.608014506365503,0.716184388849929,2.53339377652293,0.721241556330893,0.333333333333333,1,12
"UMass-gbqr_5src_nihflu_otid50","72",0.610809048130441,0.591823739713761,10.1303344555312,0.185385572446146,0.768994223390994,0.818038913480834,15.0594702080736,0.270037607786529,0.333333333333333,1,12
"UMass-gbqr_5src_utseirs_otid10","01",0.334812304291043,0.419179031953096,3.04893913491297,0.207981403083595,1.0784931450665,1.14109185090068,4.49372143777708,0.252615762580923,0.666666666666667,1,12
"UMass-gbqr_5src_utseirs_otid10","02",0.739003557770823,1.12562820042218,1.1356021337745,0.511217289212578,0.882605804043133,0.942388153820588,1.76521160808627,0.809586238807368,0.416666666666667,0.916666666666667,12
"UMass-gbqr_5src_utseirs_otid10","04",0.363749990961325,0.403066165443629,6.77287985887739,0.190110918104998,0.922996209986738,0.942939244781077,11.0759545198409,0.285210853438242,0.75,1,12
"UMass-gbqr_5src_utseirs_otid10","05",0.340877145461477,0.742464149016005,2.30068607006193,0.447331355983139,1.0372196647711,1.02830949523921,4.14887865908441,0.756934178557793,0.416666666666667,1,12
"UMass-gbqr_5src_utseirs_otid10","06",0.313514339844387,0.333278994461634,14.5050930685721,0.150714790763089,1.14441852519734,1.38722908895038,19.8365877700872,0.162291685354052,0.833333333333333,1,12
"UMass-gbqr_5src_utseirs_otid10","08",0.308911839557472,0.532246654590018,2.57929074326739,0.289415241628312,0.627287308829294,0.617360395937632,3.50235414096356,0.347912442054433,1,1,12
"UMass-gbqr_5src_utseirs_otid10","09",0.176614458916844,0.633421016019804,1.10306608020386,0.363539422719797,0.577496480733251,1.16330513242886,1.58811532201644,0.627592522820836,0.75,1,12
"UMass-gbqr_5src_utseirs_otid10","10",0.310923716094107,0.664351483109789,0.755454507292421,0.304655545972774,0.704409414401738,0.765271786447389,1.17401569066956,0.527122405696901,0.666666666666667,1,12
"UMass-gbqr_5src_utseirs_otid10","11",0.783132083200265,1.37597880537692,1.37978793267618,0.618116778773832,0.999594911755989,0.999183947306651,2.08248939949164,1.02812466152061,0.0833333333333333,0.75,12
"UMass-gbqr_5src_utseirs_otid10","12",0.343262184830467,0.292334168199021,13.6915221604262,0.147234825221849,1.30585927720149,1.38868487415444,20.0231755837562,0.179768533598955,0.583333333333333,1,12
"UMass-gbqr_5src_utseirs_otid10","13",0.398953693984843,0.699095092421856,6.21591537494363,0.438030988792036,0.762635847129714,0.945230746690241,9.15163016555657,0.591578114015519,0.583333333333333,0.916666666666667,12
"UMass-gbqr_5src_utseirs_otid10","15",0.903470032202557,0.839410083678535,3.61852841665707,0.371689038436748,0.926407837009822,0.958250719461839,5.79004898131138,0.572690568589119,0.416666666666667,1,12
"UMass-gbqr_5src_utseirs_otid10","16",0.299782387709924,0.58789119797121,1.23612443535202,0.285200206542544,0.690282353839641,0.783941954940942,2.01332353203229,0.450446786319312,0.666666666666667,1,12
"UMass-gbqr_5src_utseirs_otid10","17",0.539524008460997,0.860257957252468,11.8320156291768,0.581228292033296,0.999377326300955,1.45011537438701,17.6556660979835,0.886468618577978,0.583333333333333,0.833333333333333,12
"UMass-gbqr_5src_utseirs_otid10","18",0.160166824264693,0.396027172711206,2.16871683200202,0.233483523019018,0.462112329708337,0.505461095586353,2.81118333905905,0.254724474097121,0.916666666666667,1,12
"UMass-gbqr_5src_utseirs_otid10","19",0.305303350310146,0.87594938106653,1.33708487205576,0.480583007017107,0.994610758053779,1.04978063600387,2.237874205621,0.867460865208557,0.583333333333333,1,12
"UMass-gbqr_5src_utseirs_otid10","20",0.264014687710414,0.768182529577213,1.17811771515995,0.396307607719953,1.10713111145094,1.62725034080066,2.02974037099339,0.711253882165739,0.583333333333333,1,12
"UMass-gbqr_5src_utseirs_otid10","21",0.840200894341753,1.405191130639,9.39755567702834,1.00898804851783,1.3707967601779,1.86947131726085,14.8502982352605,1.7777457680495,0,0.5,12
"UMass-gbqr_5src_utseirs_otid10","22",0.463731518034716,0.468665521445231,4.52838867920879,0.220135083798604,1.16864491888723,1.20528650921998,7.3040307430452,0.305049961961202,0.416666666666667,1,12
"UMass-gbqr_5src_utseirs_otid10","23",0.283295944430795,0.638174698329959,0.769240868241923,0.286629397896652,0.597511800064277,0.68931086620691,0.946060350101772,0.429200870876923,0.833333333333333,1,12
"UMass-gbqr_5src_utseirs_otid10","24",0.328875684954287,0.420724738264084,3.02215306058753,0.214465654079601,1.35359833468762,1.26588549420367,4.85039403263062,0.289072587309833,1,1,12
"UMass-gbqr_5src_utseirs_otid10","25",0.189348277858564,0.487936909727221,2.70295352687585,0.325191842715493,0.474234048083284,0.52186112989261,4.3076259367565,0.521158695667595,0.75,1,12
"UMass-gbqr_5src_utseirs_otid10","26",0.166600975369272,0.458659165588965,2.92277869843215,0.293398776601272,0.56862350203531,0.690332393206876,4.54898801628248,0.392059107589313,0.75,1,12
"UMass-gbqr_5src_utseirs_otid10","27",0.336507379978355,0.616390592748339,3.08760151885792,0.339719511605746,0.636014015136148,0.712773670447506,5.03511095316117,0.562098947518747,0.666666666666667,1,12
"UMass-gbqr_5src_utseirs_otid10","28",0.408901848577585,0.518262060834906,2.51233147740004,0.253421095163222,0.900531411919142,0.966964561566262,3.45203707902338,0.340535144378746,0.75,1,12
"UMass-gbqr_5src_utseirs_otid10","29",0.409243752095709,0.911231200437623,4.73933920271185,0.560120252480985,1.46749490120084,2.23147111546713,6.970600780704,0.81966837038837,0.25,0.916666666666667,12
"UMass-gbqr_5src_utseirs_otid10","30",0.396433417792196,0.735968259510005,1.07149058335008,0.358821266636745,0.660970545458532,0.777814388217664,1.70750724243454,0.616963224057006,0.75,1,12
"UMass-gbqr_5src_utseirs_otid10","31",0.380374374028902,0.801600773645517,1.16236069130332,0.428077214364211,0.722650627624907,0.800370054013949,1.86684745469768,0.771122333329248,0.583333333333333,1,12
"UMass-gbqr_5src_utseirs_otid10","32",0.690046652774165,0.649609633608849,5.81141789918404,0.21872087763027,0.734093998100737,0.793739307758072,8.0750339791081,0.323879746462936,0.833333333333333,1,12
"UMass-gbqr_5src_utseirs_otid10","33",0.386395087322068,0.811679739614861,0.936854088713967,0.374683246659325,1.15450181747703,1.21900300682589,1.6355442414258,0.689749715073203,0.583333333333333,1,12
"UMass-gbqr_5src_utseirs_otid10","34",0.283341528049319,0.379678817420428,5.73339528808318,0.21022625580239,0.655615256174788,0.717184252682247,10.2713056800717,0.3687416949892,0.75,1,12
"UMass-gbqr_5src_utseirs_otid10","35",0.333174451406972,0.638512834963694,1.69090862704276,0.345907987541829,0.832361471857865,0.868582507767472,2.77453823952622,0.567520491243179,0.75,1,12
"UMass-gbqr_5src_utseirs_otid10","36",0.199920369434072,0.458531448356162,6.71070386162023,0.309408863815396,0.414122574818062,0.545787019331316,8.55853321290662,0.300416907459582,0.833333333333333,1,12
"UMass-gbqr_5src_utseirs_otid10","37",0.157557389123695,0.462954514233679,2.75803067940816,0.298597723791372,0.663444202612047,0.731983025765368,3.48308206371325,0.292593779129427,1,1,12
"UMass-gbqr_5src_utseirs_otid10","38",0.759024918865975,0.863194186684705,2.05937760957825,0.368919307988395,0.895615826846506,0.946417823740627,3.06002074172556,0.555636472200963,0.583333333333333,0.916666666666667,12
"UMass-gbqr_5src_utseirs_otid10","39",0.166304755186301,0.565205858084348,3.68607259228907,0.382804749949369,1.17246903381932,1.6132364393025,5.37381640500521,0.454700384316052,0.833333333333333,1,12
"UMass-gbqr_5src_utseirs_otid10","40",0.338557544030597,0.718353126516501,2.87738339350729,0.421635105384878,1.42652439325155,1.75395933844199,4.63620427806755,0.619775925644668,0.333333333333333,1,12
"UMass-gbqr_5src_utseirs_otid10","41",0.372044573495065,0.767006109112477,2.7921001649495,0.45910874158059,0.852455709776191,0.937238084228109,4.61746842795437,0.76164554526176,0.75,1,12
"UMass-gbqr_5src_utseirs_otid10","42",0.641452517210075,0.519065813238062,26.798096609478,0.199193609501298,1.99443452637471,2.33088827444362,41.3845164222752,0.303031044064075,0.166666666666667,0.916666666666667,12
"UMass-gbqr_5src_utseirs_otid10","44",0.490067543437141,0.765843801005623,1.51681231514919,0.400359637809251,0.594465228052592,0.73694276623851,2.22924460519722,0.680531828158556,0.75,1,12
"UMass-gbqr_5src_utseirs_otid10","45",0.24195289439355,0.539467410320739,2.14766506129301,0.316995565029269,0.871434219127303,0.924574048585531,2.97740024868495,0.410138151458146,1,1,12
"UMass-gbqr_5src_utseirs_otid10","46",0.488200720516311,0.824050877831292,1.21890984241953,0.407839903996623,0.826407687882902,0.908604005806471,1.99715191238368,0.652905445390115,0.333333333333333,0.916666666666667,12
"UMass-gbqr_5src_utseirs_otid10","47",0.229033283276765,0.272429950104844,3.18325560017453,0.12056706990052,0.337353043740121,0.39759362454383,3.23296666917616,0.120156003161074,1,1,12
"UMass-gbqr_5src_utseirs_otid10","48",0.219961745736018,0.211806706455124,9.6803968854151,0.12018624437557,0.681229465844594,0.7586416824404,9.59398164397804,0.0990428726131116,1,1,12
"UMass-gbqr_5src_utseirs_otid10","49",0.535174069917254,0.747092707117561,1.98014405869384,0.3393983821505,0.961571174207928,1.10395850551649,3.12510631617577,0.537090819036398,0.5,1,12
"UMass-gbqr_5src_utseirs_otid10","50",0.385962874195957,0.642629695227037,0.400786086031019,0.216885479556425,0.842560476940337,0.835906366827959,0.561706984626891,0.326151941923095,0.75,0.833333333333333,12
"UMass-gbqr_5src_utseirs_otid10","51",0.211562146626649,0.376045720214364,2.70631677717939,0.220358531914078,0.748218686112086,0.770326616550412,3.17992941597637,0.21003563846415,0.916666666666667,1,12
"UMass-gbqr_5src_utseirs_otid10","53",0.382301201489715,0.531482944850259,3.91117676661752,0.269347904136878,0.571862601323502,0.697170283759088,6.52876469844332,0.426165859489889,0.5,1,12
"UMass-gbqr_5src_utseirs_otid10","54",0.283571137188582,0.74910829800302,1.34981916165078,0.405203505421933,1.48183220958823,1.99049389746557,2.22274831438234,0.679147322102035,0.583333333333333,1,12
"UMass-gbqr_5src_utseirs_otid10","55",0.205227957831487,0.912007965407435,1.67051839777043,0.581213231373822,0.820476685056707,1.08247707473079,2.6665492264343,0.978152878574969,0.416666666666667,1,12
"UMass-gbqr_5src_utseirs_otid10","56",0.728297973997759,1.00570738795361,2.1187138017474,0.536005855956602,0.836570144909861,0.905498919790152,3.48570893712442,0.911892887269063,0.333333333333333,1,12
"UMass-gbqr_5src_utseirs_otid10","72",0.584941513638956,0.554808423436464,9.7013185843014,0.173790725641487,0.80668356194197,0.854277839356697,15.7975530880302,0.282000208453814,0.5,1,12
"UMass-gbqr_5src_utseirs_otid50","01",0.392576772429839,0.507414453691928,3.57496624102169,0.251760612958216,1.51434053104498,1.80928627369146,6.30975221268741,0.400541140833673,0.583333333333333,1,12
"UMass-gbqr_5src_utseirs_otid50","02",0.754198277873148,1.16223595726806,1.15895135366507,0.527843132641061,0.870405202774909,0.936810374624402,1.74081040554982,0.804794483666951,0.416666666666667,0.916666666666667,12
"UMass-gbqr_5src_utseirs_otid50","04",0.384027529132114,0.423533783424068,7.15043953798994,0.199764711896896,0.970527800688698,0.986406943965048,11.6463336082644,0.298358529335574,0.666666666666667,1,12
"UMass-gbqr_5src_utseirs_otid50","05",0.347708507479714,0.767311788948698,2.34679306093582,0.462301948810825,1.07806054888311,1.09952477493757,4.31224219553244,0.809355438391347,0.25,1,12
"UMass-gbqr_5src_utseirs_otid50","06",0.357954875313631,0.389966797018488,16.5611843571509,0.176350040638277,1.42700041245781,1.77209604795708,24.7346738159353,0.207317202705007,0.75,1,12
"UMass-gbqr_5src_utseirs_otid50","08",0.291278620714402,0.524498649687293,2.4320603936599,0.285202174826066,0.500994140123072,0.520085689032763,2.79721728235382,0.293093439973805,1,1,12
"UMass-gbqr_5src_utseirs_otid50","09",0.181998931890283,0.699996298138372,1.1366954304462,0.401748984790967,0.588132809516614,1.30323749982246,1.61736522617069,0.703084760436501,0.75,1,12
"UMass-gbqr_5src_utseirs_otid50","10",0.285276605517438,0.60576503134106,0.693139462536209,0.277789214062651,0.560654884360864,0.614709979851259,0.934424807268107,0.42341480389512,0.833333333333333,1,12
"UMass-gbqr_5src_utseirs_otid50","11",0.792774258726944,1.40482034490244,1.39677632802079,0.63107296635225,1,1,2.08333333333333,1.02896435065032,0.0833333333333333,0.833333333333333,12
"UMass-gbqr_5src_utseirs_otid50","12",0.432481507765676,0.382627243595825,17.2501673916477,0.192711155466423,1.90898949736476,2.18133982046233,29.2711722929263,0.282379586689377,0.5,1,12
"UMass-gbqr_5src_utseirs_otid50","13",0.431937911378065,0.829177766236491,6.72982740813513,0.519536699321832,0.871529876597304,1.34205142042469,10.4583585191676,0.839930621159601,0.5,1,12
"UMass-gbqr_5src_utseirs_otid50","15",0.969018470906221,0.893780838100701,3.88105941343897,0.395764295362056,0.975129682468262,0.982458276734322,6.09456051542664,0.587158013754532,0.333333333333333,1,12
"UMass-gbqr_5src_utseirs_otid50","16",0.300436008001801,0.599160396138942,1.23881957705264,0.290667166510813,0.713872578336506,0.808253433935941,2.08212835348148,0.464415967985054,0.666666666666667,1,12
"UMass-gbqr_5src_utseirs_otid50","17",0.553078661464786,0.981064014242354,12.1292755539879,0.662850202739901,1.07372309945804,2.03169795078099,18.9691080904253,1.24199529748304,0.333333333333333,0.833333333333333,12
"UMass-gbqr_5src_utseirs_otid50","18",0.169155912657145,0.433811961452387,2.29043234575189,0.255760089375371,0.556426386071263,0.641569883218401,3.38492718193352,0.323315785381625,0.833333333333333,1,12
"UMass-gbqr_5src_utseirs_otid50","19",0.331661857076583,0.967071383736729,1.45252271645406,0.530576405032122,1.08207210523403,1.21807305228624,2.43466223677657,1.00652523735401,0.5,1,12
"UMass-gbqr_5src_utseirs_otid50","20",0.302636246650969,0.912334401458394,1.35045942527295,0.470675978899945,1.28331986837985,2.03410192046242,2.35275309202973,0.88908439677316,0.416666666666667,1,12
"UMass-gbqr_5src_utseirs_otid50","21",0.894273281716929,1.60849651926481,10.0023494523863,1.15497011661517,1.47120766366913,2.22334214074514,15.9380830230822,2.11425393112052,0,0.75,12
"UMass-gbqr_5src_utseirs_otid50","22",0.510327832756844,0.521415687764552,4.98340675728719,0.244912162016958,1.28595728172151,1.36634878868135,8.03723301075941,0.345813748701726,0.25,1,12
"UMass-gbqr_5src_utseirs_otid50","23",0.275864512334213,0.617030139419503,0.749062106806627,0.277132543500584,0.591808014769758,0.658859146122468,0.937029356718783,0.410240042866388,0.833333333333333,1,12
"UMass-gbqr_5src_utseirs_otid50","24",0.45309880906177,0.522694859597239,4.16368255605437,0.266445218814785,1.89664857364386,1.54509755471241,6.79632405555715,0.352832345288689,0.666666666666667,1,12
"UMass-gbqr_5src_utseirs_otid50","25",0.155029920382004,0.412957578729896,2.21305773047921,0.275220901131619,0.339031462322205,0.396826326448042,3.07953578276003,0.396292191259354,0.833333333333333,1,12
"UMass-gbqr_5src_utseirs_otid50","26",0.191993404469926,0.573711478440491,3.3682529863968,0.366996363586017,0.664555506671243,1.0295187498381,5.31644405336994,0.584692542722721,0.583333333333333,1,12
"UMass-gbqr_5src_utseirs_otid50","27",0.323650800670136,0.59769621812328,2.96963681388792,0.329416233307673,0.530171216114979,0.616276685879773,4.19718879424358,0.48600066315002,0.75,1,12
"UMass-gbqr_5src_utseirs_otid50","28",0.395309977708634,0.527606991564844,2.42882174238758,0.257990603060424,0.823229754581288,0.95773079412891,3.15571405922827,0.337283295808055,1,1,12
"UMass-gbqr_5src_utseirs_otid50","29",0.4516640207493,1.08873046960369,5.23059665304555,0.669226410624757,1.64207813514561,2.73358462345378,7.79987114194163,1.0041056942635,0.25,0.916666666666667,12
"UMass-gbqr_5src_utseirs_otid50","30",0.415478061986318,0.766017610959866,1.12296494449476,0.37347182555627,0.673179214320461,0.804100074131468,1.73904630366119,0.637813058893684,0.75,1,12
"UMass-gbqr_5src_utseirs_otid50","31",0.358170034305371,0.750268366036075,1.0945079298315,0.400664274184371,0.64249158236264,0.72709040549298,1.65976992110349,0.700520524491393,0.583333333333333,1,12
"UMass-gbqr_5src_utseirs_otid50","32",0.771538204388224,0.714156242649281,6.49772144080446,0.240453454006873,0.869976220430151,0.898936271320797,9.56973842473167,0.366804628164461,0.75,1,12
"UMass-gbqr_5src_utseirs_otid50","33",0.395756281401841,0.831061550449264,0.959551253446732,0.383630174191379,1.18876872927021,1.27552567346986,1.68408903313279,0.721731993209146,0.583333333333333,1,12
"UMass-gbqr_5src_utseirs_otid50","34",0.270677733272111,0.368150195841692,5.47714431843267,0.203842915890181,0.635077522637552,0.679745306421152,9.94954785465498,0.349492387086392,0.666666666666667,1,12
"UMass-gbqr_5src_utseirs_otid50","35",0.314754993862068,0.613328799961759,1.59742721051577,0.332264786671485,0.664542069329573,0.732764749678298,2.21514023109858,0.47877893807924,0.75,1,12
"UMass-gbqr_5src_utseirs_otid50","36",0.22081719113208,0.565007123426753,7.41214505273734,0.381256755090193,0.587353119663978,1.1825581755999,12.1386311397222,0.650914106458637,0.833333333333333,1,12
"UMass-gbqr_5src_utseirs_otid50","37",0.14951891959671,0.443678123896526,2.61731785283608,0.286164782539864,0.582058077409123,0.727774953621258,3.0558049063979,0.290911696774843,1,1,12
"UMass-gbqr_5src_utseirs_otid50","38",0.780801640934584,0.914616286536974,2.11846195941107,0.390896524454217,0.959934543889057,1.06146593792188,3.27977635828761,0.62318055969964,0.583333333333333,0.916666666666667,12
"UMass-gbqr_5src_utseirs_otid50","39",0.197471674263398,0.74164972108258,4.37687380279855,0.502307313288087,1.62186921085522,3.22682943405381,7.43356721641976,0.909501265927884,0.583333333333333,1,12
"UMass-gbqr_5src_utseirs_otid50","40",0.36673460707587,0.8179268230196,3.11685882305775,0.480079572971784,1.5914270209382,2.2836228727256,5.17213781804914,0.806936882028328,0.333333333333333,1,12
"UMass-gbqr_5src_utseirs_otid50","41",0.380875773770861,0.784221721971441,2.85837608322218,0.469413533499866,0.744401990129201,0.893237087295912,4.03217744653317,0.725888181295821,0.666666666666667,1,12
"UMass-gbqr_5src_utseirs_otid50","42",0.704349224625258,0.584168487862873,29.4257455725862,0.224177024736847,2.36489189226587,2.91707380510119,49.0715067645167,0.379239078279193,0.166666666666667,0.916666666666667,12
"UMass-gbqr_5src_utseirs_otid50","44",0.500842147757874,0.769118613559939,1.55016088667451,0.402071609318869,0.610329227182669,0.744493682166273,2.28873460193501,0.687504742278902,0.75,1,12
"UMass-gbqr_5src_utseirs_otid50","45",0.254139356285571,0.569949791786298,2.25583668904672,0.334907267481077,1.07475978756136,1.10239695343265,3.67209594083464,0.489019834966885,0.916666666666667,1,12
"UMass-gbqr_5src_utseirs_otid50","46",0.485502030887685,0.825313551002262,1.21217191842284,0.40846482718848,0.810518282839522,0.907240498905088,1.95875251686218,0.651925655432057,0.416666666666667,0.916666666666667,12
"UMass-gbqr_5src_utseirs_otid50","47",0.223415825692054,0.27325873175547,3.10518047039671,0.120933856941243,0.269305094803543,0.310760774263867,2.58084049186729,0.0939144147938185,1,1,12
"UMass-gbqr_5src_utseirs_otid50","48",0.24392452365503,0.241727425867878,10.734985718382,0.137164266249471,0.851296445451678,1.03186165346233,11.9890916067778,0.134712532495541,1,1,12
"UMass-gbqr_5src_utseirs_otid50","49",0.586823462676337,0.832950471041235,2.17124681190245,0.3784028937635,1.05091592765074,1.30124215018705,3.41547676486489,0.633071993844258,0.5,1,12
"UMass-gbqr_5src_utseirs_otid50","50",0.378878169812169,0.628703976251293,0.393429287928144,0.212185593664667,0.796609114326201,0.774186101903847,0.531072742884134,0.302070076944131,0.75,0.833333333333333,12
"UMass-gbqr_5src_utseirs_otid50","51",0.228322658846034,0.430664315935011,2.92071834256665,0.25236441024544,0.752081141597181,0.797017700965698,3.19634485178802,0.217313173520085,0.916666666666667,1,12
"UMass-gbqr_5src_utseirs_otid50","53",0.368319334245443,0.530657759522699,3.76813365268893,0.268929712093923,0.498210407811331,0.657813640555467,5.68790215584603,0.402107952737076,0.416666666666667,1,12
"UMass-gbqr_5src_utseirs_otid50","54",0.303452715743576,0.820240835135358,1.44445691626665,0.443680122851504,1.63998310193849,2.35589004459495,2.45997465290773,0.803818799440042,0.583333333333333,1,12
"UMass-gbqr_5src_utseirs_otid50","55",0.22944550575742,1.05023736833022,1.86764485065059,0.669305398318587,0.912875882174344,1.25735193272969,2.96684661706662,1.13617409651582,0.416666666666667,1,12
"UMass-gbqr_5src_utseirs_otid50","56",0.74860281583578,1.00990505355792,2.17778323511183,0.538243060706418,0.908416688301981,0.951231760916694,3.78506953459159,0.957948660088278,0.333333333333333,1,12
"UMass-gbqr_5src_utseirs_otid50","72",0.627519641604656,0.582948656992751,10.4074814646699,0.182605500981732,0.846694649741751,0.888005207255705,16.5811035574426,0.293133734737583,0.583333333333333,1,12
