"model_id","reference_date","wis_scaled_relative_skill","wis_scaled_relative_skill__log","wis","wis__log","ae_median_scaled_relative_skill","ae_median_scaled_relative_skill__log","ae_median","ae_median__log","interval_coverage_50","interval_coverage_95","n"
"FluSight-baseline",2024-11-30,1,1,87.7783589087809,0.781678110735395,1,1,123.794117647059,1.20331481329406,0.205882352941176,0.833333333333333,204
"FluSight-baseline",2024-12-07,1,1,169.323949275362,0.955433178291881,1,1,213.485294117647,1.35524534508794,0.102941176470588,0.647058823529412,204
"FluSight-baseline",2024-12-14,1,1,289.489305200341,1.13898374531853,1,1,339.906862745098,1.5500491644494,0.0245098039215686,0.387254901960784,204
"FluSight-baseline",2024-12-21,1,1,334.825967604433,1.02194957759049,1,1,388.098039215686,1.34058086840045,0.0147058823529412,0.225490196078431,204
"FluSight-baseline",2024-12-28,1,1,341.534388320546,0.897482089883274,1,1,395.460784313725,1.13843699853376,0.0147058823529412,0.161764705882353,204
"FluSight-baseline",2025-01-04,1,1,213.166856351236,0.409386486623336,1,1,262.31862745098,0.527565698210117,0.0882352941176471,0.426470588235294,204
"FluSight-baseline",2025-01-11,1,1,213.965690537084,0.322282805624363,1,1,264.950980392157,0.412514818690527,0.0735294117647059,0.514705882352941,204
"FluSight-baseline",2025-01-18,1,1,326.001907502131,0.446529282868536,1,1,387,0.559043429511482,0.0490196078431373,0.416666666666667,204
"FluSight-baseline",2025-02-01,1,1,281.052139812447,0.405379098506651,1,1,338.049019607843,0.504081774867887,0.0882352941176471,0.367647058823529,204
"FluSight-baseline",2025-02-08,1,1,236.180944160273,0.281067664112499,1,1,293.598039215686,0.356069051826644,0.0931372549019608,0.514705882352941,204
"FluSight-baseline",2025-02-15,1,1,256.027975277067,0.334148997270628,1,1,320.990196078431,0.41823882824975,0.0882352941176471,0.5,204
"FluSight-baseline",2025-02-22,1,1,219.9940771526,0.343894113331702,1,1,286.759803921569,0.44606337112755,0.0637254901960784,0.549019607843137,204
"FluSight-baseline",2025-03-01,1,1,200.533190537084,0.397754522618062,1,1,264.088235294118,0.521478492511643,0.0735294117647059,0.622549019607843,204
"FluSight-baseline",2025-03-08,1,1,169.681777493606,0.411486422575524,1,1,232.897058823529,0.562588435426137,0.0735294117647059,0.715686274509804,204
"FluSight-baseline",2025-03-15,1,1,131.632299658994,0.465127105959751,1,1,189.632352941176,0.653506357707449,0.0980392156862745,0.803921568627451,204
"FluSight-baseline",2025-03-22,1,1,102.938480392157,0.491099379645684,1,1,159.31862745098,0.744079177617503,0.0735294117647059,0.931372549019608,204
"FluSight-baseline",2025-03-29,1,1,75.6370481670929,0.516104706329089,1,1,120.955882352941,0.795682595587322,0.161764705882353,0.941176470588235,204
"FluSight-baseline",2025-04-05,1,1,52.2211487638534,0.503694048754252,1,1,85.6617647058823,0.770001598900632,0.225490196078431,0.970588235294118,204
"FluSight-baseline",2025-04-12,1,1,32.5999722932651,0.45564593164593,1,1,51.7941176470589,0.667520951022372,0.495098039215686,1,204
"FluSight-baseline",2025-04-19,1,1,21.6405221653879,0.433053210869194,1,1,28.5931372549019,0.542462800334097,0.754901960784314,1,204
"FluSight-baseline",2025-05-03,1,1,16.2447080136402,0.486638175693545,1,1,15.4558823529412,0.549345033090124,0.852941176470588,1,204
"FluSight-baseline",2025-05-10,1,1,14.9033972719523,0.489675087715657,1,1,12.4509803921569,0.48175017070805,0.901960784313726,1,204
"FluSight-baseline",2025-05-17,1,1,13.9695076726343,0.507517450675154,1,1,10.3235294117647,0.4798167153399,0.906862745098039,1,204
"UMass-AR2",2024-11-30,0.943812270082585,0.90076289469171,82.8462921858204,0.704106637743161,0.924429614731088,0.883275268422854,114.438948482446,1.06285821470951,0.215686274509804,0.656862745098039,204
"UMass-AR2",2024-12-07,0.981792519782089,0.947347558995553,166.240986818513,0.905127289238176,0.965559026857644,0.92790653591391,206.132652836653,1.25754101347401,0.0931372549019608,0.436274509803922,204
"UMass-AR2",2024-12-14,0.960708851109516,0.950173009794289,278.114937807511,1.08223161339608,0.970986520642172,0.932236934333815,330.044981999259,1.445013081133,0.0294117647058824,0.215686274509804,204
"UMass-AR2",2024-12-21,0.91729672870879,0.922753144193262,307.134764770302,0.943007185928601,0.968267703377675,0.944437942226799,375.782797116751,1.26609543674073,0.0245098039215686,0.176470588235294,204
"UMass-AR2",2024-12-28,0.849933676257158,0.933053492628708,290.281578233521,0.837398798537301,0.918143177879535,0.982596537059624,363.089621236537,1.11862425241983,0.053921568627451,0.230392156862745,204
"UMass-AR2",2025-01-04,0.697853606146679,0.860202113024191,148.759259415661,0.352155120836944,0.884235580984907,1.01010849038666,231.951463947281,0.532898590998807,0.259803921568627,0.740196078431373,204
"UMass-AR2",2025-01-11,0.901069174156893,0.927215402453526,192.79788807016,0.298825581320846,1.12337883806192,1.10160598646669,297.640324496307,0.454428793775705,0.313725490196078,0.813725490196078,204
"UMass-AR2",2025-01-18,1.29549516299205,1.41090608374894,422.333894295194,0.63001088177127,1.37773368989307,1.55869985450312,533.182937988617,0.871380912240475,0.137254901960784,0.416666666666667,204
"UMass-AR2",2025-02-01,0.892614289150388,1.06501870044486,250.871155992883,0.431736320679064,1.04656589526822,1.23630895874723,353.790574850427,0.623200814210372,0.191176470588235,0.583333333333333,204
"UMass-AR2",2025-02-08,0.73600930194172,0.812814906375967,173.831371843339,0.228455987090913,0.886480216186511,0.966777593160583,260.268853275857,0.344239580923933,0.441176470588235,0.848039215686274,204
"UMass-AR2",2025-02-15,0.529263197701495,0.660199761622271,135.50618489618,0.22060508834439,0.657796538441147,0.838765057524823,211.146239853937,0.350804114836017,0.397058823529412,0.901960784313726,204
"UMass-AR2",2025-02-22,0.433732008054341,0.602253719806705,95.4184728434589,0.207111508973646,0.507382557735559,0.720818142839449,145.496922769473,0.321530570764864,0.509803921568627,0.946078431372549,204
"UMass-AR2",2025-03-01,0.399907469100221,0.527047915507567,80.1947206982778,0.209635692029557,0.48843222762617,0.660687974948568,128.98920505457,0.344534569196749,0.436274509803922,0.955882352941177,204
"UMass-AR2",2025-03-08,0.361433932087798,0.486316919397325,61.328752043161,0.200112809400755,0.419571618827298,0.570580593261109,97.7169959907048,0.321002043247284,0.553921568627451,0.985294117647059,204
"UMass-AR2",2025-03-15,0.421658249392507,0.557358925880826,55.5038450377214,0.259242744175784,0.463009089998353,0.639457384945806,87.8015031695405,0.417889466545065,0.450980392156863,0.955882352941177,204
"UMass-AR2",2025-03-22,0.458579699611495,0.594522728403608,47.2054974166991,0.291969743104271,0.460280829810633,0.646442891096998,73.3313100474284,0.481004694784135,0.465686274509804,0.96078431372549,204
"UMass-AR2",2025-03-29,0.546880105839972,0.790763328903978,41.3643969070429,0.4081166756398,0.524037861029844,0.773645180421977,63.3854618672128,0.61557600522178,0.441176470588235,0.906862745098039,204
"UMass-AR2",2025-04-05,0.530648538793784,0.681647501501434,27.7110762856716,0.343341789854477,0.514791726137059,0.707478550195834,44.0979677168878,0.544759614838694,0.446078431372549,0.946078431372549,204
"UMass-AR2",2025-04-12,0.601686888470087,0.751893214176398,19.6149758933457,0.342597084071658,0.587723702069191,0.797321795547685,30.4406305689366,0.532229003234856,0.509803921568627,0.980392156862745,204
"UMass-AR2",2025-04-19,0.650088275080391,0.763742947225507,14.068249726336,0.330741335574707,0.711161407978341,0.876495371306692,20.334335748714,0.475466133598902,0.67156862745098,0.990196078431373,204
"UMass-AR2",2025-05-03,0.722941826513039,0.814662732299572,11.7439788825521,0.396445985851783,1.01332353105191,1.04404829499672,15.6618092814052,0.573542745162661,0.666666666666667,0.970588235294118,204
"UMass-AR2",2025-05-10,0.655526814691113,0.748547438814215,9.76957654175908,0.366545032760682,1.00771652295291,1.05412704399713,12.5470586681391,0.50782588339359,0.745098039215686,1,204
"UMass-AR2",2025-05-17,0.669897861773566,0.749565771141575,9.35814331992712,0.380417709283128,1.16451065658787,1.10829061793606,12.0218600135984,0.531776363940109,0.725490196078431,1,204
"UMass-AR6_fourierP_thetaP",2024-11-30,0.594087735168625,0.419080405742051,52.1480464409364,0.327585979806669,0.61829682582243,0.411377295781204,76.541509996665,0.495016393866376,0.42156862745098,0.86764705882353,204
"UMass-AR6_fourierP_thetaP",2024-12-07,0.719295211006165,0.489051384571116,121.793905822419,0.467255918708826,0.737218165233143,0.496704375605347,157.38523683367,0.67315629292396,0.284313725490196,0.63235294117647,204
"UMass-AR6_fourierP_thetaP",2024-12-14,0.795188731341523,0.585236692672948,230.198633339198,0.666575080118464,0.820057150910956,0.590396772156872,278.743053437826,0.915144023375385,0.102941176470588,0.362745098039216,204
"UMass-AR6_fourierP_thetaP",2024-12-21,0.760041612034766,0.586153685036355,254.481668169174,0.599019510826012,0.811442749355203,0.613777470361125,314.91933996054,0.822818334221347,0.0784313725490196,0.333333333333333,204
"UMass-AR6_fourierP_thetaP",2024-12-28,0.739281156452662,0.61193943711985,252.489937565966,0.549204684908318,0.806743342838506,0.662265075007701,319.035355098792,0.753947064225505,0.0784313725490196,0.362745098039216,204
"UMass-AR6_fourierP_thetaP",2025-01-04,0.589974439638869,0.572778143588342,125.7629966254,0.234487631818268,0.737924472367861,0.671127893645702,193.571334754026,0.35406405579948,0.338235294117647,0.774509803921569,204
"UMass-AR6_fourierP_thetaP",2025-01-11,0.792764047303073,0.829205337674351,169.624306814176,0.267238622664387,0.965655974266312,0.970188649289031,255.851497103403,0.400217194757072,0.245098039215686,0.696078431372549,204
"UMass-AR6_fourierP_thetaP",2025-01-18,1.0735108337593,1.07229140959383,349.966579529734,0.478809514152023,1.14241508128547,1.18681712485609,442.114636457476,0.663482315682506,0.17156862745098,0.475490196078431,204
"UMass-AR6_fourierP_thetaP",2025-02-01,1.16492283037693,1.3196983777811,327.404054193808,0.534978138685593,1.25744353169506,1.44612085369143,425.077553101739,0.72896316660224,0.102941176470588,0.338235294117647,204
"UMass-AR6_fourierP_thetaP",2025-02-08,0.69468734399988,0.89601696096803,164.071912802084,0.251841394224465,0.839289358065421,1.07779579446709,246.4137098626,0.383769726598641,0.279411764705882,0.764705882352941,204
"UMass-AR6_fourierP_thetaP",2025-02-15,0.414687919997877,0.621353006186376,106.171708528915,0.207624483968268,0.504605646144059,0.772021528666905,161.973465298065,0.322889379533228,0.450980392156863,0.86764705882353,204
"UMass-AR6_fourierP_thetaP",2025-02-22,0.289566497637064,0.535841665456942,63.7029144219766,0.184272794428498,0.308545781542161,0.619323544638282,88.4785278158571,0.276257548140016,0.598039215686274,0.901960784313726,204
"UMass-AR6_fourierP_thetaP",2025-03-01,0.285669137576763,0.476373319079651,57.2861435962456,0.189479642118508,0.327778802519355,0.555543077738233,86.5625255241554,0.289703766704212,0.558823529411765,0.931372549019608,204
"UMass-AR6_fourierP_thetaP",2025-03-08,0.212024411203406,0.375471378861253,35.9766789650291,0.154501374467116,0.232429785614127,0.400939797811525,54.1322134525137,0.225564093550858,0.602941176470588,0.995098039215686,204
"UMass-AR6_fourierP_thetaP",2025-03-15,0.250024775568231,0.434467838884972,32.9113361797701,0.202082768533154,0.269991521481857,0.477810844526955,51.1991274927727,0.312252424679931,0.544117647058823,0.946078431372549,204
"UMass-AR6_fourierP_thetaP",2025-03-22,0.231626762969397,0.37652482452469,23.843306998224,0.184911107745275,0.222583056205771,0.358987764651542,35.4616270085478,0.267115320696665,0.696078431372549,0.985294117647059,204
"UMass-AR6_fourierP_thetaP",2025-03-29,0.296083759368995,0.627191414151121,22.3949015688866,0.32369644061259,0.263273695032359,0.587914075360246,31.8445020829581,0.467792997464961,0.602941176470588,0.965686274509804,204
"UMass-AR6_fourierP_thetaP",2025-04-05,0.299227361083351,0.554700102057924,15.625996537349,0.279399140249953,0.259521996711226,0.503819074482906,22.2311122182779,0.387941492908475,0.642156862745098,0.955882352941177,204
"UMass-AR6_fourierP_thetaP",2025-04-12,0.390723415053127,0.713646695842384,12.7375725050619,0.325170213593143,0.367402203180738,0.72208928198755,19.0292729353318,0.482009724235391,0.637254901960784,0.970588235294118,204
"UMass-AR6_fourierP_thetaP",2025-04-19,0.581234025401129,0.948318803558441,12.5782078099708,0.410672502808615,0.683937101393358,1.12703697267645,19.5559074138601,0.611375632278129,0.524509803921569,0.955882352941177,204
"UMass-AR6_fourierP_thetaP",2025-05-03,0.524783963278747,0.742084193500556,8.52496225370414,0.361126498136126,0.802460932697777,0.917652443828395,12.4027417686083,0.504107812120143,0.705882352941177,0.970588235294118,204
"UMass-AR6_fourierP_thetaP",2025-05-10,0.472453654011652,0.702747943470244,7.04116449832113,0.34411816086079,0.761781500784624,0.975643575693309,9.48492652937719,0.470016459140464,0.75,0.995098039215686,204
"UMass-AR6_fourierP_thetaP",2025-05-17,0.498478791546859,0.721580173610472,6.96350330315931,0.366214530168522,0.907510917140249,1.05426511230586,9.36871564459493,0.50585402328405,0.730392156862745,1,204
"UMass-AR6_pooled",2024-11-30,0.882980903494462,0.754177492353938,77.5066146565365,0.589524037382384,0.860142534212746,0.731443413565298,106.480586073572,0.880156694629496,0.245098039215686,0.71078431372549,204
"UMass-AR6_pooled",2024-12-07,0.932611328474488,0.799649243747963,157.913433276242,0.764011418472815,0.910274936412356,0.790151814699225,194.330312527914,1.07084956878392,0.147058823529412,0.509803921568627,204
"UMass-AR6_pooled",2024-12-14,0.932252524472015,0.83593989585227,269.877135580667,0.952121953439002,0.933374718179223,0.83011567947714,317.26047222189,1.28672011536989,0.0294117647058824,0.284313725490196,204
"UMass-AR6_pooled",2024-12-21,0.873586272943242,0.774026203152069,292.499369124171,0.791015751355226,0.913580682969855,0.802425953051307,354.558871725928,1.07571688096858,0.0441176470588235,0.240196078431373,204
"UMass-AR6_pooled",2024-12-28,0.813286833610543,0.750887620704262,277.76542124633,0.67390819109714,0.882403845645952,0.808158597246782,348.956116880596,0.920037647788884,0.0686274509803922,0.343137254901961,204
"UMass-AR6_pooled",2025-01-04,0.634099502414904,0.648143402021103,135.168997543668,0.265341150181516,0.79811664165034,0.760632076930284,209.360861983503,0.401283392746737,0.294117647058824,0.794117647058823,204
"UMass-AR6_pooled",2025-01-11,0.877448412760413,0.927033780812704,187.74385554695,0.298767047788879,1.06899913018031,1.06918399713098,283.232367579635,0.441054242723298,0.299019607843137,0.691176470588235,204
"UMass-AR6_pooled",2025-01-18,0.988302416147654,1.00800217697407,322.188472853101,0.450102489214154,1.11230449807986,1.15730032562981,430.461840756906,0.646981143014846,0.176470588235294,0.583333333333333,204
"UMass-AR6_pooled",2025-02-01,0.990031717746328,1.21469283111336,278.250532754798,0.492411084839227,1.1178850297356,1.36890694664088,377.899938336406,0.690041043291713,0.181372549019608,0.480392156862745,204
"UMass-AR6_pooled",2025-02-08,0.663942311951118,0.839825989436596,156.810522104569,0.236047929111912,0.81033241540242,1.02805856598658,237.912008275061,0.366059838813101,0.367647058823529,0.799019607843137,204
"UMass-AR6_pooled",2025-02-15,0.518788948479916,0.71932896270259,132.824484075432,0.240363051594791,0.624196522089823,0.895794186276608,200.360964017087,0.374655910821267,0.431372549019608,0.862745098039216,204
"UMass-AR6_pooled",2025-02-22,0.389718125458436,0.614760374884711,85.7356793598699,0.211412474032443,0.462685096630527,0.74212211764968,132.679487587202,0.331033493587132,0.455882352941176,0.911764705882353,204
"UMass-AR6_pooled",2025-03-01,0.371414347534634,0.558672730731801,74.4809041223695,0.222214605311956,0.445407570628052,0.666528245525946,117.626899313802,0.3475801446933,0.446078431372549,0.931372549019608,204
"UMass-AR6_pooled",2025-03-08,0.25641489729122,0.419648711101238,43.5089355482146,0.172679746869478,0.292934479412243,0.457946785673036,68.2235786831131,0.257635565660222,0.612745098039216,0.990196078431373,204
"UMass-AR6_pooled",2025-03-15,0.2737445903654,0.481048646010692,36.0336299490069,0.22374876454481,0.294197648373644,0.53230500219995,55.789392290855,0.347864703177146,0.514705882352941,0.955882352941177,204
"UMass-AR6_pooled",2025-03-22,0.246974901052986,0.420459884453054,25.4232210093977,0.206487588420791,0.231448740356694,0.400520014353591,36.8740956388868,0.298018602899571,0.686274509803922,0.990196078431373,204
"UMass-AR6_pooled",2025-03-29,0.326636803008833,0.707307759397526,24.7058436023244,0.365044863448146,0.292719276061753,0.663211054641748,35.4061183177635,0.527705493379551,0.588235294117647,0.955882352941177,204
"UMass-AR6_pooled",2025-04-05,0.32330430040767,0.623294440464574,16.8833219675825,0.313949700283617,0.28382032514121,0.575464602248473,24.3125499109934,0.443108663842041,0.647058823529412,0.955882352941177,204
"UMass-AR6_pooled",2025-04-12,0.419144343217308,0.811468785974093,13.664093975763,0.369742450986757,0.399690310358054,0.825794911100503,20.7016069570745,0.551235404407243,0.61764705882353,0.970588235294118,204
"UMass-AR6_pooled",2025-04-19,0.622430117031616,1.08584561233961,13.4697127440277,0.470228928931892,0.757725561655246,1.39480496964192,21.6657509859561,0.75662980975187,0.544117647058823,0.96078431372549,204
"UMass-AR6_pooled",2025-05-03,0.561944484488969,0.812068074217116,9.12862407039888,0.395183326175988,0.829994810417934,1.01366794857524,12.8283021433713,0.556853452752463,0.700980392156863,0.970588235294118,204
"UMass-AR6_pooled",2025-05-10,0.505370942713582,0.755846606449197,7.53174392896154,0.370119253312593,0.788320272778182,1.09608788722095,9.81536025910088,0.528040526779716,0.774509803921569,0.995098039215686,204
"UMass-AR6_pooled",2025-05-17,0.538211621689937,0.769729402989163,7.51855137869851,0.390651104314769,0.944100042778817,1.1519333177302,9.74644455927543,0.552716860803897,0.725490196078431,1,204
"UMass-WISAR6_fourthroot_adaptive_t",2024-11-30,0.505893076610489,0.382218973264348,44.4064640481829,0.298772204908498,0.528239128286401,0.38963728005637,65.3928967928665,0.468856310903437,0.436274509803922,0.92156862745098,204
"UMass-WISAR6_fourthroot_adaptive_t",2024-12-07,0.746352451320427,0.508227855694434,126.375344608922,0.4855777554626,0.75724294014366,0.521292147841774,161.660231795081,0.706478756793461,0.264705882352941,0.705882352941177,204
"UMass-WISAR6_fourthroot_adaptive_t",2024-12-14,0.805680246768675,0.601942520342588,233.235814850703,0.685602746286277,0.835606619380505,0.625053673035872,284.028424482665,0.968863923625285,0.122549019607843,0.485294117647059,204
"UMass-WISAR6_fourthroot_adaptive_t",2024-12-21,0.811321743298066,0.655830348313196,271.65158773829,0.670225547429694,0.86763416244213,0.707633580066807,336.727117200335,0.948640039275277,0.0686274509803922,0.441176470588235,204
"UMass-WISAR6_fourthroot_adaptive_t",2024-12-28,0.72880982663365,0.571337544429554,248.913618341327,0.512765213403414,0.819081315624701,0.659989259482723,323.914539493662,0.751356191630033,0.0931372549019608,0.514705882352941,204
"UMass-WISAR6_fourthroot_adaptive_t",2025-01-04,0.792184471117169,0.704402820495333,168.867473358314,0.288372995850153,0.93089012228848,0.824658560891363,244.189819186389,0.435061569461603,0.32843137254902,0.794117647058823,204
"UMass-WISAR6_fourthroot_adaptive_t",2025-01-11,0.773358236806118,0.708655237319804,165.472129170763,0.228387398103825,0.946134831949036,0.865706939989107,250.679351308066,0.357116941388738,0.323529411764706,0.887254901960784,204
"UMass-WISAR6_fourthroot_adaptive_t",2025-01-18,0.988268912159009,0.93254274509816,322.177550488893,0.416407643212937,1.07590315629687,1.06110567729188,416.374521486887,0.593204156907359,0.264705882352941,0.63235294117647,204
"UMass-WISAR6_fourthroot_adaptive_t",2025-02-01,1.31880856061187,1.43545520706908,370.65396796294,0.581903537788342,1.413572560688,1.63199749043985,477.856818285125,0.822660191560857,0.0784313725490196,0.455882352941176,204
"UMass-WISAR6_fourthroot_adaptive_t",2025-02-08,0.959924973568942,1.324957652193,226.715986580538,0.372402752349869,1.08616720788179,1.59538044150034,318.896562494471,0.568065601107797,0.166666666666667,0.715686274509804,204
"UMass-WISAR6_fourthroot_adaptive_t",2025-02-15,0.460568941335834,0.640146188659395,117.918533525716,0.213904207047151,0.569362022413876,0.808957309340768,182.759627214242,0.338337357162754,0.392156862745098,0.92156862745098,204
"UMass-WISAR6_fourthroot_adaptive_t",2025-02-22,0.261354739375342,0.438712782969514,57.4964946983366,0.150870743506585,0.301637588643444,0.513696862603854,86.4975357747689,0.229141354270721,0.627450980392157,0.985294117647059,204
"UMass-WISAR6_fourthroot_adaptive_t",2025-03-01,0.231151372224171,0.430942385606058,46.3535221691381,0.171409282862626,0.261663383885533,0.489294481686184,69.1022212914176,0.255156548703977,0.656862745098039,0.995098039215686,204
"UMass-WISAR6_fourthroot_adaptive_t",2025-03-08,0.220591673122429,0.424752013031115,37.4303871957023,0.174779686323925,0.248237870994417,0.473274207589943,57.8138700432144,0.266258595975571,0.647058823529412,0.995098039215686,204
"UMass-WISAR6_fourthroot_adaptive_t",2025-03-15,0.234093393887963,0.399181354334984,30.8142517724513,0.185670068094925,0.257889766984219,0.431835007058978,48.9042433126692,0.282206922593684,0.612745098039216,0.995098039215686,204
"UMass-WISAR6_fourthroot_adaptive_t",2025-03-22,0.218143719746425,0.363701681593382,22.4553830177895,0.178613670206602,0.218779500960877,0.348890436950015,34.8556498074973,0.259602109404379,0.71078431372549,0.995098039215686,204
"UMass-WISAR6_fourthroot_adaptive_t",2025-03-29,0.210088036804924,0.385504564332551,15.890438959144,0.198960719963375,0.203037299830457,0.383582495496639,24.5585557515515,0.305209915638628,0.676470588235294,1,204
"UMass-WISAR6_fourthroot_adaptive_t",2025-04-05,0.24509500437756,0.42792371788076,12.7991426848778,0.215542630017332,0.224732492705965,0.420898313989056,19.2509819119448,0.324092374746154,0.67156862745098,0.995098039215686,204
"UMass-WISAR6_fourthroot_adaptive_t",2025-04-12,0.351720715571938,0.520305147043925,11.4660855826126,0.237074923465002,0.340711234608856,0.533850595240345,17.6468377690058,0.356356457038695,0.612745098039216,0.995098039215686,204
"UMass-WISAR6_fourthroot_adaptive_t",2025-04-19,0.471672582599647,0.611836148647678,10.2072409785534,0.264957608697718,0.559101181441859,0.75407535885624,15.9864568203449,0.409057830828095,0.583333333333333,0.995098039215686,204
"UMass-WISAR6_fourthroot_adaptive_t",2025-05-03,0.391266712107103,0.515961680784397,6.35601349363693,0.251086651064694,0.632703615338282,0.680200428808985,9.77899264294903,0.373664727071988,0.666666666666667,0.995098039215686,204
"UMass-WISAR6_fourthroot_adaptive_t",2025-05-10,0.412172070017448,0.540772363620587,6.14276410387295,0.264802754590115,0.792733151882716,0.847580135579725,9.8703049303044,0.408321875004285,0.651960784313726,0.995098039215686,204
"UMass-WISAR6_fourthroot_adaptive_t",2025-05-17,0.427000170541691,0.574543274270505,5.9649821585983,0.291590737860322,0.944477686328304,0.951083223686398,9.75034317356572,0.456345628404091,0.549019607843137,0.990196078431373,204
"UMass-chronos_small",2024-11-30,0.963682271570548,0.822485112659681,84.5904483079488,0.642918608971808,0.809660483280415,0.727448569884113,100.23120512139,0.875349640051133,0.205882352941176,0.524509803921569,204
"UMass-chronos_small",2024-12-07,0.970252959861848,0.920122305398763,164.287062959918,0.879115378664392,0.858310345195186,0.82812768824969,183.236636488213,1.12231619463883,0.122549019607843,0.357843137254902,204
"UMass-chronos_small",2024-12-14,0.981535421560995,0.945449753050346,284.144007217216,1.07685190073976,0.896776673351655,0.843552698305839,304.820545621947,1.30754815517801,0.0490196078431373,0.200980392156863,204
"UMass-chronos_small",2024-12-21,0.940166734960035,0.928633533049284,314.792236742495,0.949016646836079,0.896119698385975,0.872416769990432,347.782297846149,1.16954523112089,0.0392156862745098,0.205882352941176,204
"UMass-chronos_small",2024-12-28,0.933373600639412,0.951322093010195,318.779181768927,0.85379454018692,0.913716700794789,0.917598463676967,361.339123136857,1.0446280408476,0.0490196078431373,0.254901960784314,204
"UMass-chronos_small",2025-01-04,0.992234887438557,1.04036521003084,211.5115917173,0.425911458139674,1.02416805367098,1.06200076279416,268.658358118113,0.56027517392318,0.176470588235294,0.534313725490196,204
"UMass-chronos_small",2025-01-11,1.01129488071568,1.02168147905694,216.382407488948,0.32927037352492,1.08098842735538,1.03168297959716,286.408943620383,0.425584517274625,0.230392156862745,0.431372549019608,204
"UMass-chronos_small",2025-01-18,1.22063370331725,1.48072975756947,397.928915642814,0.661189196769599,1.23604939361048,1.48825042134255,478.351115327255,0.831996619519246,0.127450980392157,0.401960784313726,204
"UMass-chronos_small",2025-02-01,0.991767539176575,1.27471999549583,278.738389082101,0.516744842622504,1.02386187476821,1.33150349527612,346.115502979241,0.671186645141581,0.117647058823529,0.397058823529412,204
"UMass-chronos_small",2025-02-08,1.26464182791927,1.21385822629717,298.684300942547,0.341176296229089,1.22156313556612,1.20953501622923,358.648541380377,0.430677986379865,0.215686274509804,0.42156862745098,204
"UMass-chronos_small",2025-02-15,1.29104435131933,1.35292117606774,330.543471261182,0.452077254369235,1.19970515021836,1.31910249895428,385.093591404896,0.551699883503956,0.122549019607843,0.338235294117647,204
"UMass-chronos_small",2025-02-22,1.02348283611739,1.23378991020787,225.16016201317,0.424293087208537,0.973405427078004,1.24902591508472,279.133549405079,0.557144710308362,0.166666666666667,0.431372549019608,204
"UMass-chronos_small",2025-03-01,0.84372505284019,1.06207590075605,169.194876782113,0.422445492889371,0.776856179943142,1.06032209566216,205.158577638514,0.552935168022691,0.200980392156863,0.534313725490196,204
"UMass-chronos_small",2025-03-08,0.508694800606614,0.826685893328825,86.3162379686858,0.340170020839529,0.514546367260028,0.860214968793556,119.836335563192,0.48394699342371,0.284313725490196,0.691176470588235,204
"UMass-chronos_small",2025-03-15,0.66431034759502,0.948160164176696,87.4446987411983,0.441014993149829,0.594001019652752,0.914802593011833,112.641811006209,0.597829310580493,0.230392156862745,0.509803921568627,204
"UMass-chronos_small",2025-03-22,0.471518051208454,0.652886746123326,48.5373516688695,0.320632276000054,0.41862776174842,0.626356681063332,66.6952004146342,0.466058964140833,0.308823529411765,0.700980392156863,204
"UMass-chronos_small",2025-03-29,0.471796735534664,0.751276657819868,35.6853124107126,0.387737418856022,0.428162747412588,0.729576902508109,51.788802903949,0.58051164346821,0.299019607843137,0.696078431372549,204
"UMass-chronos_small",2025-04-05,0.486422239195512,0.828188236705136,25.4015281150755,0.417153486076655,0.432455819856269,0.82589647679034,37.0449286862171,0.635941607654961,0.303921568627451,0.735294117647059,204
"UMass-chronos_small",2025-04-12,0.581348824909694,0.919777965177702,18.9519555847783,0.419093087850791,0.558873973647336,0.977686952771463,28.9463843409693,0.652626524516172,0.343137254901961,0.823529411764706,204
"UMass-chronos_small",2025-04-19,0.839941218060597,1.13719545488893,18.1767665470633,0.492466143125505,0.985688069682096,1.46299111301626,28.1839142669396,0.7936182560307,0.225490196078431,0.818627450980392,204
"UMass-chronos_small",2025-05-03,0.739097337385524,0.891598290262624,12.0064204394868,0.433885765424888,1.25298976135587,1.30592168409405,19.3660623409562,0.717401590761755,0.303921568627451,0.887254901960784,204
"UMass-chronos_small",2025-05-10,0.672787058388205,0.885554962345878,10.0268128105876,0.433634203863753,1.26117183252168,1.3985100597954,15.702825757868,0.673732460043361,0.372549019607843,0.86764705882353,204
"UMass-chronos_small",2025-05-17,0.678550881810076,0.907789382051802,9.47902174971862,0.460718952928904,1.40729621282402,1.47755795574827,14.5282638441539,0.708957005051474,0.333333333333333,0.813725490196078,204
"UMass-flusion",2024-11-30,0.835555884274474,0.66164177453473,73.3437242981886,0.517190892301922,0.817146691729036,0.638652557409651,101.157953690809,0.768500082879169,0.235294117647059,0.725490196078431,204
"UMass-flusion",2024-12-07,0.907157092650696,0.736370239597354,153.603421540771,0.703552558418054,0.885054067720117,0.724154195630304,188.946027957249,0.981406602753875,0.137254901960784,0.504901960784314,204
"UMass-flusion",2024-12-14,0.898776475084471,0.767768029528143,260.186177302615,0.874475305807793,0.89978781325654,0.749569980831305,305.844052740303,1.16187032248392,0.0343137254901961,0.299019607843137,204
"UMass-flusion",2024-12-21,0.814913543859065,0.688001943648358,272.854215836569,0.703103295692875,0.865488778141133,0.712390773217651,335.894497759754,0.955017441400584,0.0637254901960784,0.28921568627451,204
"UMass-flusion",2024-12-28,0.742799196938427,0.645745275132365,253.691469371359,0.579544819058045,0.839420037263374,0.718684393230594,331.957706304831,0.818176903522496,0.0833333333333333,0.387254901960784,204
"UMass-flusion",2025-01-04,0.578702166920857,0.551460786160478,123.360121686168,0.225760593756781,0.75243553116814,0.660508535372171,197.377855781376,0.348461646637361,0.377450980392157,0.892156862745098,204
"UMass-flusion",2025-01-11,0.768201400841677,0.793142559392234,164.368743202645,0.255616209301017,0.967669065346251,0.962225003921415,256.384867558651,0.396932073032134,0.284313725490196,0.901960784313726,204
"UMass-flusion",2025-01-18,1.00131358701141,1.04455067065714,326.430139373521,0.466422461888379,1.22054066030523,1.29307515636313,472.349235538123,0.722885170029338,0.161764705882353,0.740196078431373,204
"UMass-flusion",2025-02-01,1.06819979628924,1.23224864493068,300.21983849431,0.499527844818043,1.21464847999497,1.38793996601039,410.610727830455,0.699635241476592,0.122549019607843,0.465686274509804,204
"UMass-flusion",2025-02-08,0.655158628420319,0.768387359566656,154.73598343506,0.215968840286971,0.834404874173374,0.926533456411492,244.979634969314,0.329909889310103,0.372549019607843,0.82843137254902,204
"UMass-flusion",2025-02-15,0.463141484704794,0.627356275070167,118.577176595783,0.209630470246132,0.565002311135539,0.793959044975256,181.360202636164,0.332064500648742,0.372549019607843,0.901960784313726,204
"UMass-flusion",2025-02-22,0.348736118540194,0.518589571939852,76.7198805680297,0.178339901025322,0.400406806584205,0.617301206680103,114.820577344948,0.275355457252831,0.446078431372549,0.946078431372549,204
"UMass-flusion",2025-03-01,0.332693134991885,0.479445737926176,66.7160158297075,0.19070171061009,0.390741444100956,0.572672406450102,103.190218428897,0.298636343218614,0.372549019607843,0.965686274509804,204
"UMass-flusion",2025-03-08,0.236926661948554,0.36737711178495,40.2021371350574,0.151170693464517,0.256942786590864,0.40903962627831,59.841219282934,0.230120963375206,0.519607843137255,0.995098039215686,204
"UMass-flusion",2025-03-15,0.256284838337826,0.404432497354046,33.7353626381416,0.188112517050362,0.261420665511197,0.444298867826038,49.5738159083365,0.290352134846538,0.5,0.980392156862745,204
"UMass-flusion",2025-03-22,0.249861291248846,0.370603969127894,25.7203416299783,0.182003379332937,0.231848311951901,0.367330934380235,36.9377548370037,0.273323299567114,0.612745098039216,0.985294117647059,204
"UMass-flusion",2025-03-29,0.310192569304124,0.526932844817899,23.4620503055303,0.271952521129893,0.279107114595835,0.521147399861114,33.7596473169228,0.414667915805075,0.529411764705882,0.950980392156863,204
"UMass-flusion",2025-04-05,0.289016604423639,0.485695921393545,15.0927790948306,0.244642145110142,0.25939010765655,0.473755916849152,22.2198143691088,0.364792813462482,0.583333333333333,0.955882352941177,204
"UMass-flusion",2025-04-12,0.367653371045542,0.601460981760137,11.9854897096102,0.274053249382773,0.360924896126625,0.65106849563936,18.6937865317349,0.434601861389891,0.573529411764706,0.980392156862745,204
"UMass-flusion",2025-04-19,0.574088958651372,0.810275864907177,12.4235848345995,0.350892564987866,0.696454017478615,1.03020409910612,19.9138053134939,0.558847400516774,0.480392156862745,0.965686274509804,204
"UMass-flusion",2025-05-03,0.458616061200016,0.60396911350303,7.45008400456002,0.293914427570362,0.741586098683788,0.845275846045118,11.4618674958333,0.464348087615938,0.593137254901961,0.975490196078431,204
"UMass-flusion",2025-05-10,0.408139298205127,0.551303416868822,6.0826621034468,0.269959549013182,0.722800186269607,0.860096077911501,8.9995709466902,0.41435143235919,0.637254901960784,0.985294117647059,204
"UMass-flusion",2025-05-17,0.427347677944658,0.579766173029871,5.96983666593034,0.29424145012381,0.855451710361513,0.958418429652223,8.83128089226151,0.459865182836955,0.544117647058823,0.985294117647059,204
"UMass-flusion_3src_spatial",2024-11-30,0.825927524928889,0.649542809877392,72.4985627158491,0.50773339646672,0.807172444794012,0.628628433651538,99.923200592294,0.756437906270739,0.230392156862745,0.700980392156863,204
"UMass-flusion_3src_spatial",2024-12-07,0.874148172419377,0.6960747316595,148.014220805889,0.665052893198105,0.842625205456665,0.667141292247495,179.888089817859,0.904140130834375,0.137254901960784,0.5,204
"UMass-flusion_3src_spatial",2024-12-14,0.851962313073507,0.693641227871984,246.633978068525,0.790046083628978,0.856004282023288,0.675146149030866,290.961729998906,1.04650972418653,0.0441176470588235,0.303921568627451,204
"UMass-flusion_3src_spatial",2024-12-21,0.745203307630317,0.57883543773691,249.513418539345,0.591540631089641,0.797279510099632,0.596161496980311,309.42261457651,0.799202697328776,0.0833333333333333,0.313725490196078,204
"UMass-flusion_3src_spatial",2024-12-28,0.714697378494192,0.59478595311005,244.093731998311,0.533809740230423,0.828283358953699,0.675493424858144,327.553586765837,0.769006707124798,0.0931372549019608,0.411764705882353,204
"UMass-flusion_3src_spatial",2025-01-04,0.566395369450756,0.538995157750656,120.736720357715,0.220657333938532,0.728875312461224,0.645096289423878,191.197571547733,0.340330674342664,0.382352941176471,0.877450980392157,204
"UMass-flusion_3src_spatial",2025-01-11,0.769667938489055,0.79638151867383,164.682531943065,0.256660070185593,0.956618655090359,0.953509642772842,253.457050527617,0.393336857408108,0.25,0.86764705882353,204
"UMass-flusion_3src_spatial",2025-01-18,1.07904764915092,1.13220117647159,351.77159190889,0.505560979392771,1.25737234624379,1.35753309372512,486.603097996345,0.758919956391422,0.137254901960784,0.607843137254902,204
"UMass-flusion_3src_spatial",2025-02-01,1.05589954899002,1.20978493071997,296.762827670642,0.490421524602193,1.21788218599768,1.38170047104467,411.703878974373,0.696490025779991,0.122549019607843,0.450980392156863,204
"UMass-flusion_3src_spatial",2025-02-08,0.645403383373875,0.736714693169251,152.431980449476,0.207066677926438,0.81389381009788,0.888523607917569,238.957626774522,0.316375758596797,0.377450980392157,0.848039215686274,204
"UMass-flusion_3src_spatial",2025-02-15,0.501362431488392,0.640032720089441,128.362808213961,0.213866291638279,0.635331767953946,0.815612494988543,203.935268770394,0.341120814209864,0.357843137254902,0.916666666666667,204
"UMass-flusion_3src_spatial",2025-02-22,0.36490756406332,0.534374402561887,80.2775028021134,0.183768211356178,0.425755252208776,0.638858336648953,122.089492641967,0.28497130331857,0.475490196078431,0.946078431372549,204
"UMass-flusion_3src_spatial",2025-03-01,0.341888120622666,0.489873886577334,68.5599156351909,0.194849553898622,0.404454581803562,0.590080429625491,106.811696765123,0.307714252901723,0.392156862745098,0.975490196078431,204
"UMass-flusion_3src_spatial",2025-03-08,0.244351978210198,0.377538157110818,41.4620779967854,0.155351825655286,0.26451275611728,0.42051013736404,61.6042429210201,0.236574140260465,0.529411764705882,0.995098039215686,204
"UMass-flusion_3src_spatial",2025-03-15,0.264899236669761,0.416821922096577,34.8692957007528,0.193875174325362,0.280678332727686,0.467344097940632,53.2256926547575,0.305412339241256,0.495098039215686,0.980392156862745,204
"UMass-flusion_3src_spatial",2025-03-22,0.259648606093089,0.382601035289211,26.7278329471643,0.187895131082328,0.2468858339006,0.387670969286783,39.3335121941344,0.28845789601309,0.593137254901961,0.985294117647059,204
"UMass-flusion_3src_spatial",2025-03-29,0.307935634971197,0.520060347683902,23.2913424546807,0.268405593014804,0.275722355947493,0.518425611175619,33.3502408480608,0.41250223591916,0.524509803921569,0.96078431372549,204
"UMass-flusion_3src_spatial",2025-04-05,0.28524140805797,0.480467614143392,14.8956340038062,0.242008677863181,0.257964805389013,0.470906322542228,22.0977204616324,0.362598621289933,0.57843137254902,0.950980392156863,204
"UMass-flusion_3src_spatial",2025-04-12,0.360675909494165,0.583677207721754,11.758024656358,0.265950145092874,0.35852527733566,0.63944837091444,18.5695003937676,0.426845184682514,0.57843137254902,0.970588235294118,204
"UMass-flusion_3src_spatial",2025-04-19,0.570012445817607,0.808920779453645,12.3353669682629,0.350305740881212,0.69952719547629,1.05837640826832,20.0016771137902,0.574129830236778,0.490196078431373,0.96078431372549,204
"UMass-flusion_3src_spatial",2025-05-03,0.450664697536904,0.597180225197329,7.3209164235425,0.290610695350289,0.722818594486833,0.835416180428274,11.1717991589068,0.458931729281395,0.57843137254902,0.975490196078431,204
"UMass-flusion_3src_spatial",2025-05-10,0.419415323580869,0.580173687551227,6.2507131892701,0.284096601341964,0.75324580611494,0.922101688238504,9.37864876241151,0.44422264571908,0.637254901960784,0.990196078431373,204
"UMass-flusion_3src_spatial",2025-05-17,0.422316134991076,0.584922942324492,5.89954848803509,0.296858600529937,0.839193907884297,0.969963029237955,8.66344299021731,0.465404474690096,0.568627450980392,0.995098039215686,204
"UMass-flusion_3src_spatial_fourierP",2024-11-30,0.665799997141706,0.466958715090743,58.44283111057,0.36501140620356,0.677124991750138,0.453732404121894,83.8240908904803,0.545982923151402,0.348039215686274,0.799019607843137,204
"UMass-flusion_3src_spatial_fourierP",2024-12-07,0.76533719976713,0.542071212822603,129.589917191917,0.517912821727634,0.755541686307636,0.528093901262527,161.297039119529,0.715696801455372,0.205882352941176,0.57843137254902,204
"UMass-flusion_3src_spatial_fourierP",2024-12-14,0.784156587478281,0.583295172996518,227.004945677358,0.664363720765795,0.799343084292874,0.573109695939654,271.702200038982,0.888348205329112,0.0882352941176471,0.367647058823529,204
"UMass-flusion_3src_spatial_fourierP",2024-12-21,0.690536337636964,0.506637516416233,231.209497415318,0.517757995893064,0.746457216690772,0.526294397561277,289.698582156087,0.705540200516986,0.0882352941176471,0.362745098039216,204
"UMass-flusion_3src_spatial_fourierP",2024-12-28,0.680552137253794,0.539938872748623,232.431957917214,0.484585467923653,0.790219610852298,0.614298361304487,312.500867087737,0.699339982647689,0.0931372549019608,0.426470588235294,204
"UMass-flusion_3src_spatial_fourierP",2025-01-04,0.558327087976748,0.511657371000302,119.016830159744,0.209465613468747,0.713754262137899,0.609745776270159,187.231038381301,0.321680956188637,0.397058823529412,0.877450980392157,204
"UMass-flusion_3src_spatial_fourierP",2025-01-11,0.749328876090119,0.759995332651704,160.330670412,0.244933428068412,0.928265417819754,0.913551554108566,245.944832515479,0.376853553707545,0.240196078431373,0.877450980392157,204
"UMass-flusion_3src_spatial_fourierP",2025-01-18,1.11994691731702,1.17144710320103,365.104831346482,0.523085434910779,1.2732500200652,1.37937958798303,492.747757765234,0.771133095464165,0.151960784313725,0.558823529411765,204
"UMass-flusion_3src_spatial_fourierP",2025-02-01,1.14567324543397,1.27338304934478,321.993917155088,0.516202872597035,1.29491911045788,1.43658723629074,437.746135761747,0.724157443821988,0.102941176470588,0.382352941176471,204
"UMass-flusion_3src_spatial_fourierP",2025-02-08,0.6550446711352,0.757530630052292,154.709068895867,0.212917364682468,0.813715759544961,0.901920704328886,238.905351481304,0.321146050013205,0.352941176470588,0.808823529411765,204
"UMass-flusion_3src_spatial_fourierP",2025-02-15,0.446585925918635,0.592842740733372,114.338490400182,0.198097807355227,0.559827669677747,0.75236426604797,179.699193459991,0.314667949048886,0.362745098039216,0.92156862745098,204
"UMass-flusion_3src_spatial_fourierP",2025-02-22,0.32214095459891,0.495098168754152,70.8691020200449,0.170261345755859,0.363513354874116,0.578100855578895,104.241018366573,0.257869616491242,0.553921568627451,0.946078431372549,204
"UMass-flusion_3src_spatial_fourierP",2025-03-01,0.299444483946611,0.444450896281695,60.0485577545446,0.176782354077695,0.355256573640478,0.531651365349305,93.8190816093487,0.277244752544112,0.411764705882353,0.970588235294118,204
"UMass-flusion_3src_spatial_fourierP",2025-03-08,0.220848292274783,0.351293049608989,37.4739307896127,0.144552320259249,0.241144270700384,0.390646307546585,56.1617913982644,0.219773094967631,0.504901960784314,1,204
"UMass-flusion_3src_spatial_fourierP",2025-03-15,0.250027319568523,0.39617105485065,32.9116710523789,0.184269896207704,0.264046640691765,0.440856678048793,50.0717857605929,0.288102641942673,0.490196078431373,0.975490196078431,204
"UMass-flusion_3src_spatial_fourierP",2025-03-22,0.250616262581942,0.369145783760665,25.7980572317469,0.181287265403682,0.23798100655934,0.371664632563329,37.9148073244368,0.276547914147234,0.583333333333333,0.985294117647059,204
"UMass-flusion_3src_spatial_fourierP",2025-03-29,0.292826858946847,0.50091855086348,22.1485592347811,0.258526421588189,0.261837399436722,0.495217523321794,31.6707736818682,0.39403596433701,0.529411764705882,0.965686274509804,204
"UMass-flusion_3src_spatial_fourierP",2025-04-05,0.274217168420495,0.459983133545362,14.3199355456893,0.231690766894131,0.249550339689281,0.451675475235553,21.3769224807362,0.347790838115579,0.563725490196078,0.955882352941177,204
"UMass-flusion_3src_spatial_fourierP",2025-04-12,0.349064863543196,0.558517637454788,11.3795048800606,0.254486289258771,0.344578925379515,0.606825630043951,17.8471613998037,0.405068821671688,0.558823529411765,0.975490196078431,204
"UMass-flusion_3src_spatial_fourierP",2025-04-19,0.553000343301194,0.768376976413528,11.9672161866766,0.332748116793841,0.673138192519999,0.983449944547053,19.247132730241,0.533485010907407,0.485294117647059,0.96078431372549,204
"UMass-flusion_3src_spatial_fourierP",2025-05-03,0.434098426198116,0.575560127362772,7.05180218276915,0.280089530381764,0.70851387935844,0.802570566348061,10.95070716479,0.440888154327636,0.563725490196078,0.975490196078431,204
"UMass-flusion_3src_spatial_fourierP",2025-05-10,0.408171533616003,0.563337024432296,6.0831425205813,0.275852106852362,0.74757941721705,0.883294280819954,9.30809666534954,0.425527170570457,0.622549019607843,0.990196078431373,204
"UMass-flusion_3src_spatial_fourierP",2025-05-17,0.410700417482123,0.566721251013559,5.73728263317061,0.287620924557836,0.844353540033081,0.933168079096352,8.71670860445917,0.447749642572056,0.563725490196078,0.995098039215686,204
"UMass-flusion_spatial2_prod",2024-11-30,0.771842289490951,0.586482145256653,67.7510495079118,0.458440255284262,0.755095088036644,0.557197148590737,93.4763301631245,0.670483582824446,0.220588235294118,0.681372549019608,204
"UMass-flusion_spatial2_prod",2024-12-07,0.816957981330018,0.622684191201746,138.330551790826,0.594933135871994,0.776512742270275,0.577073548949308,165.77405116967,0.78207624098693,0.142156862745098,0.455882352941176,204
"UMass-flusion_spatial2_prod",2024-12-14,0.772973467082488,0.589319891097971,223.767551924008,0.671225776753476,0.7778889947149,0.559611232168959,264.40980775748,0.867424922839997,0.0833333333333333,0.313725490196078,204
"UMass-flusion_spatial2_prod",2024-12-21,0.623750031795693,0.439618476308302,208.847707939289,0.449267916164243,0.679984002845373,0.44755502174156,263.900458202323,0.599983699703281,0.122549019607843,0.416666666666667,204
"UMass-flusion_spatial2_prod",2024-12-28,0.63620936950254,0.487378992680661,217.28737785685,0.437413916916245,0.77778409889335,0.579053281916988,307.583109775108,0.6592156802567,0.137254901960784,0.544117647058823,204
"UMass-flusion_spatial2_prod",2025-01-04,0.564876577641516,0.487490755938287,120.412964282287,0.19957212783493,0.712871598611832,0.577401104513132,186.999499296642,0.304617016849764,0.401960784313726,0.897058823529412,204
"UMass-flusion_spatial2_prod",2025-01-11,0.772062522407708,0.741533808240239,165.194890744768,0.238983596184983,0.9538706022138,0.892275117847724,252.728951223803,0.368076708461023,0.166666666666667,0.965686274509804,204
"UMass-flusion_spatial2_prod",2025-01-18,1.20713648726317,1.35308679020611,393.528797463216,0.604192874089624,1.44208879102401,1.68193559517918,558.088362126292,0.940275043346405,0.0980392156862745,0.637254901960784,204
"UMass-flusion_spatial2_prod",2025-02-01,1.14491928164872,1.24865519330677,321.782014019901,0.506178716608347,1.31599011155939,1.41544426437574,444.86916702627,0.713499657013093,0.0833333333333333,0.455882352941176,204
"UMass-flusion_spatial2_prod",2025-02-08,0.704545016762956,0.733835301132945,166.40010726249,0.206257373932729,0.923095346960518,0.903697827491914,271.018983876732,0.321778828572844,0.323529411764706,0.86764705882353,204
"UMass-flusion_spatial2_prod",2025-02-15,0.522382128075657,0.619417171214764,133.744438572136,0.206977626653622,0.667814756403507,0.782624237848306,214.361989602032,0.32732384419753,0.323529411764706,0.936274509803922,204
"UMass-flusion_spatial2_prod",2025-02-22,0.405502292204565,0.533315589536244,89.2081025568073,0.18340409178954,0.480915379690991,0.635432500162794,137.907199983055,0.283443163146623,0.352941176470588,0.950980392156863,204
"UMass-flusion_spatial2_prod",2025-03-01,0.388992248612634,0.525955338522501,78.0058567084862,0.209201114592438,0.452293448521486,0.620741452574269,119.44537865513,0.323703316927917,0.254901960784314,0.955882352941177,204
"UMass-flusion_spatial2_prod",2025-03-08,0.300969412001015,0.440954887619486,51.0690247995376,0.181446949223734,0.337255947165765,0.502252752250005,78.5459181656502,0.282561590076801,0.28921568627451,0.990196078431373,204
"UMass-flusion_spatial2_prod",2025-03-15,0.333431918858797,0.476206423100802,43.8904102590946,0.221496515416321,0.380693553085577,0.551224710400835,72.1918142211546,0.360228852772393,0.294117647058824,0.970588235294118,204
"UMass-flusion_spatial2_prod",2025-03-22,0.34577285788588,0.482130073592622,35.5933325516257,0.236773780049864,0.350544802495491,0.497022493205557,55.8483167936566,0.369824088001792,0.338235294117647,0.941176470588235,204
"UMass-flusion_spatial2_prod",2025-03-29,0.333628267972782,0.521815206283524,25.2346573745611,0.269311283797011,0.309182691243696,0.517749024847972,37.3974652276382,0.41196388795384,0.436274509803922,0.92156862745098,204
"UMass-flusion_spatial2_prod",2025-04-05,0.285989032518117,0.454684210652437,14.9346758119591,0.229021730968157,0.254445064362018,0.439309009218635,21.7962132339523,0.338268639509802,0.387254901960784,0.897058823529412,204
"UMass-flusion_spatial2_prod",2025-04-12,0.324665328693825,0.486396954559645,10.5840807200025,0.221624793510073,0.328985958888909,0.53995245784821,17.0395374589226,0.360429578169704,0.5,0.970588235294118,204
"UMass-flusion_spatial2_prod",2025-04-19,0.543672122323373,0.679517000559264,11.7653486138424,0.294267018932393,0.66783810189431,0.874466862902223,19.0955865115172,0.474365743249313,0.411764705882353,0.96078431372549,204
"UMass-flusion_spatial2_prod",2025-05-03,0.390173152148566,0.511013808727967,6.33824893141508,0.248678827633588,0.646285797040133,0.719111725681119,9.98891724542912,0.395040454739791,0.333333333333333,0.970588235294118,204
"UMass-flusion_spatial2_prod",2025-05-10,0.409637293608747,0.532069898316414,6.1049873240585,0.260541374128951,0.769805984002397,0.836045401126456,9.58483921257887,0.40276501471235,0.357843137254902,0.950980392156863,204
"UMass-flusion_spatial2_prod",2025-05-17,0.38752769272814,0.513655793845805,5.41357107692401,0.260689279017145,0.846578086723225,0.876557161568004,8.7396737776427,0.420586778071226,0.372549019607843,0.946078431372549,204
"UMass-flusion_spatial_mem",2024-11-30,0.771942380962183,0.585984383518756,67.7598353729974,0.458051165829386,0.758294243607614,0.560074649388521,93.8723668042484,0.673946122159685,0.225490196078431,0.681372549019608,204
"UMass-flusion_spatial_mem",2024-12-07,0.816691635305942,0.621957573842965,138.285453030156,0.594238901539491,0.774777003952112,0.576278520245686,165.403496564306,0.780998782037135,0.142156862745098,0.455882352941176,204
"UMass-flusion_spatial_mem",2024-12-14,0.772939352006073,0.589169730422929,223.75767597424,0.671054746185416,0.783355878975942,0.565483077129825,266.268039235641,0.876526571215363,0.0784313725490196,0.313725490196078,204
"UMass-flusion_spatial_mem",2024-12-21,0.624167548615723,0.439591977649799,208.987503412546,0.44924083587138,0.684382937728412,0.452507903106743,265.607676205068,0.606623437704903,0.107843137254902,0.42156862745098,204
"UMass-flusion_spatial_mem",2024-12-28,0.63561569350759,0.487665505627666,217.084617089054,0.437671057154701,0.773272812234957,0.575661702195875,305.799072814916,0.655354580418709,0.137254901960784,0.549019607843137,204
"UMass-flusion_spatial_mem",2025-01-04,0.56683574048085,0.487974977875106,120.830592865828,0.19977036175239,0.716548974414541,0.578188306965297,187.96414346983,0.305032317861073,0.397058823529412,0.911764705882353,204
"UMass-flusion_spatial_mem",2025-01-11,0.769390826551137,0.739950143490591,164.623239495912,0.238473208266298,0.951516844007411,0.89436767830347,252.105320679415,0.368939920658024,0.176470588235294,0.975490196078431,204
"UMass-flusion_spatial_mem",2025-01-18,1.20671153639543,1.35567950769122,393.390262669736,0.605350598368932,1.4474476892235,1.69549063164514,560.162255729496,0.947852897419487,0.107843137254902,0.642156862745098,204
"UMass-flusion_spatial_mem",2025-02-01,1.14190708921713,1.24418066358127,320.935430891476,0.504364835781982,1.31432951854646,1.41008773157584,444.307805186279,0.71079952645218,0.0833333333333333,0.455882352941176,204
"UMass-flusion_spatial_mem",2025-02-08,0.704815764560701,0.732605138087946,166.464052732991,0.205911614879194,0.919710245287181,0.898746279412818,270.025124662894,0.320015735543246,0.392156862745098,0.877450980392157,204
"UMass-flusion_spatial_mem",2025-02-15,0.520556659482696,0.617663753112461,133.277067544348,0.206391723752942,0.667026354185128,0.784266023915954,214.108920219365,0.328010502878699,0.318627450980392,0.936274509803922,204
"UMass-flusion_spatial_mem",2025-02-22,0.406207777673377,0.534189339777574,89.3633051814631,0.183704569354056,0.481885247225438,0.637787191181176,138.185319007063,0.284493504560246,0.367647058823529,0.950980392156863,204
"UMass-flusion_spatial_mem",2025-03-01,0.38590445931867,0.52316016537349,77.3866524696614,0.208089321830919,0.451047639256844,0.619327153250057,119.116375084918,0.322965790248367,0.254901960784314,0.955882352941177,204
"UMass-flusion_spatial_mem",2025-03-08,0.303669551540539,0.443972497636537,51.5271892760848,0.182688654774379,0.337417621129274,0.502549611524412,78.5835715562398,0.282728599671532,0.308823529411765,0.995098039215686,204
"UMass-flusion_spatial_mem",2025-03-15,0.332957242025385,0.476121725585342,43.8279274559178,0.221457120306073,0.381589882136742,0.553310813758978,72.3617872081366,0.361592134579775,0.299019607843137,0.975490196078431,204
"UMass-flusion_spatial_mem",2025-03-22,0.345504813344164,0.482434415772505,35.565740453824,0.236923242305605,0.351052289940463,0.501611105219005,55.9291689968382,0.373238378655165,0.333333333333333,0.941176470588235,204
"UMass-flusion_spatial_mem",2025-03-29,0.331995020678721,0.520064803552524,25.1111233703115,0.268407892709571,0.311631425073999,0.522220978415838,37.6936539887301,0.415522143576065,0.436274509803922,0.926470588235294,204
"UMass-flusion_spatial_mem",2025-04-05,0.285603914036572,0.454467464526854,14.9145644824426,0.228912557234611,0.252714242704958,0.438528644349664,21.6479479964173,0.337667757312968,0.392156862745098,0.887254901960784,204
"UMass-flusion_spatial_mem",2025-04-12,0.325961870911726,0.48945109368242,10.6263479603831,0.223016399576046,0.331324512167868,0.548861121160274,17.1606607625769,0.366376297576112,0.495098039215686,0.970588235294118,204
"UMass-flusion_spatial_mem",2025-04-19,0.542452975051433,0.678324521725045,11.7389656302812,0.29375061214434,0.670650041488393,0.878795263650567,19.1759886862833,0.476713739640228,0.416666666666667,0.96078431372549,204
"UMass-flusion_spatial_mem",2025-05-03,0.391282694810696,0.511770538934069,6.35627312799006,0.249047081440578,0.64429925919009,0.715680447224515,9.95821355012918,0.393155498962506,0.323529411764706,0.970588235294118,204
"UMass-flusion_spatial_mem",2025-05-10,0.408685355731415,0.532140007605705,6.0908002156944,0.260575704901334,0.764024431935435,0.836563434175021,9.5128532211569,0.403014577221929,0.357843137254902,0.946078431372549,204
"UMass-flusion_spatial_mem",2025-05-17,0.386856749850929,0.513587314693608,5.40419833525291,0.260654524652398,0.843720403364737,0.880076950347565,8.71017239944184,0.422275631562125,0.372549019607843,0.941176470588235,204
"UMass-gbqr",2024-11-30,0.845712351942691,0.621513346651791,74.2352423624148,0.485823378607604,0.733926607106187,0.522124699552261,90.85579674441,0.628280385357947,0.259803921568627,0.573529411764706,204
"UMass-gbqr",2024-12-07,0.909680067238195,0.717916371139861,154.030621561848,0.685921120225931,0.836102526582308,0.656755305114714,178.495593799932,0.890064570118529,0.176470588235294,0.352941176470588,204
"UMass-gbqr",2024-12-14,0.86168860706073,0.702425227933098,249.44963615706,0.800050916917462,0.802627037899894,0.616249428110177,272.818438406944,0.955216911134603,0.0931372549019608,0.240196078431373,204
"UMass-gbqr",2024-12-21,0.764631874982932,0.614091877058704,256.018607402352,0.627570934361893,0.772410454902192,0.600812418076893,299.770983017237,0.805437633171293,0.0833333333333333,0.25,204
"UMass-gbqr",2024-12-28,0.843417309552229,0.707295710487936,288.056014916881,0.634785232414188,0.871270132543673,0.717321499126969,344.553169964845,0.816625334449846,0.0392156862745098,0.17156862745098,204
"UMass-gbqr",2025-01-04,0.863250400867704,0.807770713564436,184.016374196913,0.33069041442337,1.08914347999907,0.99104918187703,285.702622770541,0.522843553597521,0.176470588235294,0.803921568627451,204
"UMass-gbqr",2025-01-11,0.746418413892329,0.762262400235468,159.707931358067,0.245664064969848,0.976600207806485,0.958241048796416,258.751182509512,0.395288632506074,0.401960784313726,0.980392156862745,204
"UMass-gbqr",2025-01-18,0.969549042675459,1.0208678328772,316.074837329065,0.455847381318211,1.24286478932751,1.30032053855178,480.988673469748,0.726935653336203,0.147058823529412,0.86764705882353,204
"UMass-gbqr",2025-02-01,1.16994140254299,1.27444086517004,328.814534639884,0.516631689022667,1.32705132812352,1.4003492190043,448.60840044144,0.705890519750544,0.0833333333333333,0.637254901960784,204
"UMass-gbqr",2025-02-08,0.747895437545528,0.803400200460792,176.638650572663,0.225809817691029,0.941052115723691,0.958899850449346,276.291055976249,0.341434560546209,0.32843137254902,0.843137254901961,204
"UMass-gbqr",2025-02-15,0.545966818398803,0.636947977777044,139.782779083108,0.212835528087753,0.682035631574326,0.818942695106371,218.92675111152,0.342513633204981,0.382352941176471,0.936274509803922,204
"UMass-gbqr",2025-02-22,0.468997354297802,0.571108297568597,103.176640145756,0.19640078160873,0.533895672769858,0.665692490589387,153.099818438058,0.296941036486597,0.446078431372549,0.838235294117647,204
"UMass-gbqr",2025-03-01,0.482130271961873,0.60821268322863,96.6831216910266,0.241919345467855,0.553117990704401,0.668892616455765,146.071954074553,0.348813113281521,0.269607843137255,0.745098039215686,204
"UMass-gbqr",2025-03-08,0.368714603869093,0.532487919991165,62.5641493723585,0.219111549261846,0.40492502492932,0.573414200939451,94.305847350083,0.322596198157655,0.372549019607843,0.715686274509804,204
"UMass-gbqr",2025-03-15,0.306317391874026,0.461297446225808,40.3212627179233,0.214561946149634,0.315394304647429,0.486084064077364,59.8089640945382,0.317659026254833,0.348039215686274,0.808823529411765,204
"UMass-gbqr",2025-03-22,0.327504976561962,0.486753490432312,33.7128646081574,0.23904433719168,0.295876985305893,0.451605120872818,47.1387151932688,0.3360299669469,0.348039215686274,0.754901960784314,204
"UMass-gbqr",2025-03-29,0.332888478557325,0.542424951354117,25.1787018869107,0.279948070224187,0.299779012731434,0.508773709439581,36.2600349958242,0.404822385693476,0.357843137254902,0.803921568627451,204
"UMass-gbqr",2025-04-05,0.285613194117811,0.472729237068165,14.9150490989456,0.238110903383373,0.25392953548479,0.439780426881318,21.7520521205721,0.338631631863818,0.426470588235294,0.838235294117647,204
"UMass-gbqr",2025-04-12,0.378035036609465,0.60093035713384,12.323931719352,0.27381147243057,0.393134484296749,0.65119359477069,20.3620537307816,0.434685367681008,0.426470588235294,0.92156862745098,204
"UMass-gbqr",2025-04-19,0.67167496024128,0.894266765989593,14.5353968650374,0.387265094385403,0.820594675275746,1.12417886641165,23.4633761808011,0.609825215950073,0.294117647058824,0.877450980392157,204
"UMass-gbqr",2025-05-03,0.47880415640651,0.614804695811701,7.77803371654108,0.299187435577631,0.780308725256256,0.845343847206497,12.0603598565342,0.464385443716186,0.32843137254902,0.901960784313726,204
"UMass-gbqr",2025-05-10,0.419311875139818,0.543263091375031,6.24917145605595,0.266022401921747,0.771460349106175,0.851930365534078,9.60543768004747,0.410417599027414,0.28921568627451,0.892156862745098,204
"UMass-gbqr",2025-05-17,0.437417345504398,0.557979414311415,6.110504964167,0.283184289880545,0.892482508232579,0.883627018507953,9.21356942322457,0.423979013606076,0.333333333333333,0.808823529411765,204
"UMass-gbqr_1src",2024-11-30,0.837702485427049,0.615564110218051,73.5321494245934,0.48117299071176,0.713370715446831,0.495954536575826,88.3110982739915,0.596789440582083,0.25,0.514705882352941,204
"UMass-gbqr_1src",2024-12-07,0.88916940995752,0.69026582400045,150.557676068851,0.659502870091014,0.817365262923603,0.630559812254254,174.495463556793,0.854563250357106,0.151960784313725,0.343137254901961,204
"UMass-gbqr_1src",2024-12-14,0.857400550207023,0.698099746526085,248.208289557821,0.795124263904197,0.805915284943705,0.620461878905703,273.936136143537,0.961746416970493,0.0980392156862745,0.259803921568627,204
"UMass-gbqr_1src",2024-12-21,0.76284943516294,0.612973914353556,255.421800264927,0.626428432847605,0.778542902862646,0.604624955954543,302.150974046281,0.810548648510123,0.0882352941176471,0.254901960784314,204
"UMass-gbqr_1src",2024-12-28,0.84198528325589,0.712738375072217,287.566928691702,0.639669926399822,0.866992866520373,0.712242862800384,342.861678988552,0.810843626953564,0.0294117647058824,0.196078431372549,204
"UMass-gbqr_1src",2025-01-04,0.870043893759949,0.819146096695098,185.464521720397,0.335347342557226,1.08222175840839,0.974645828892512,283.886926263276,0.514189707227256,0.156862745098039,0.843137254901961,204
"UMass-gbqr_1src",2025-01-11,0.752611281010845,0.768097949686445,161.032992447485,0.247544762219268,0.980135453250536,0.96225236531943,259.68784925584,0.396943360014275,0.431372549019608,0.975490196078431,204
"UMass-gbqr_1src",2025-01-18,1.01173299121899,1.0476396208864,329.826885020229,0.467801768619067,1.25934353650653,1.31697161571929,487.365948628029,0.736244328620987,0.161764705882353,0.838235294117647,204
"UMass-gbqr_1src",2025-02-01,1.2208641509909,1.33060940310762,343.1264820563,0.539401240296242,1.35089651682492,1.42188859557053,456.669243104315,0.716748126919597,0.053921568627451,0.553921568627451,204
"UMass-gbqr_1src",2025-02-08,0.745412489645492,0.804374745647947,176.052225593332,0.226083730830354,0.924145855407153,0.948297346463873,271.327411096843,0.337659337005113,0.32843137254902,0.833333333333333,204
"UMass-gbqr_1src",2025-02-15,0.529204978798457,0.625802978808962,135.491279228312,0.209111437857987,0.638370672555402,0.780110733500864,204.910727354278,0.326272599084455,0.397058823529412,0.92156862745098,204
"UMass-gbqr_1src",2025-02-22,0.469827042930816,0.573808258861713,103.3591667309,0.197329282403657,0.550293618402008,0.679403413920855,157.80209011225,0.303056977169102,0.441176470588235,0.848039215686274,204
"UMass-gbqr_1src",2025-03-01,0.487464936506736,0.617879796311373,97.752898992653,0.245764483417175,0.542065608113261,0.67127142345287,143.153149860264,0.350053609968347,0.264705882352941,0.774509803921569,204
"UMass-gbqr_1src",2025-03-08,0.371106097966517,0.525857068455038,62.969942341675,0.216383043884616,0.396567524909505,0.546452529980759,92.3594101763504,0.307427873876529,0.377450980392157,0.730392156862745,204
"UMass-gbqr_1src",2025-03-15,0.303295164371472,0.456345224260157,39.9234399616695,0.21225853347868,0.3265536059702,0.494960462277269,61.9251286615548,0.323459808912013,0.352941176470588,0.794117647058823,204
"UMass-gbqr_1src",2025-03-22,0.327166266104991,0.488845250466524,33.6779982684238,0.240071599246849,0.300722565506355,0.458432493268954,47.9107063800101,0.341110072584705,0.308823529411765,0.740196078431373,204
"UMass-gbqr_1src",2025-03-29,0.331390135983375,0.548938889213099,25.065371677474,0.283309944209943,0.304746592180018,0.51736889545347,36.860892951186,0.411661425610563,0.343137254901961,0.769607843137255,204
"UMass-gbqr_1src",2025-04-05,0.282192568400402,0.470405382470926,14.7364200944913,0.236940391652573,0.253125102402243,0.443373705778403,21.6831429631333,0.341398462359869,0.46078431372549,0.852941176470588,204
"UMass-gbqr_1src",2025-04-12,0.376691407521703,0.591324244991365,12.2801294483186,0.269434486513917,0.381226169372397,0.637783893217352,19.7452730666115,0.425734110947198,0.431372549019608,0.931372549019608,204
"UMass-gbqr_1src",2025-04-19,0.677443361197161,0.894127945598626,14.660228073782,0.38720497776936,0.820146805715059,1.1184414800449,23.4505701849801,0.606712897274971,0.279411764705882,0.887254901960784,204
"UMass-gbqr_1src",2025-05-03,0.493168212916444,0.611925679838513,8.01137362043639,0.297786396496646,0.790066697672536,0.831950333806651,12.2111779302035,0.457027783654354,0.308823529411765,0.911764705882353,204
"UMass-gbqr_1src",2025-05-10,0.412967854232288,0.54130234510717,6.15462399216946,0.265062273321045,0.76244144003098,0.858286636623276,9.49314341999358,0.413479733709701,0.362745098039216,0.862745098039216,204
"UMass-gbqr_1src",2025-05-17,0.443237292030067,0.566164416275292,6.19180675181165,0.287338321211023,0.883985053396507,0.895011843096175,9.12584569829924,0.429441642744717,0.318627450980392,0.794117647058823,204
"UMass-gbqr_2src_all_otid10",2024-11-30,0.628026182044972,0.553530851617965,55.1271076116549,0.432682950326485,0.714341924206359,0.60280388816365,88.4313282054284,0.725362848138576,0.348039215686274,0.911764705882353,204
"UMass-gbqr_2src_all_otid10",2024-12-07,0.659835215360356,0.59278026367746,111.725904535775,0.566361931354055,0.718127706977067,0.642280012718585,153.309704738031,0.870446997479889,0.205882352941176,0.705882352941177,204
"UMass-gbqr_2src_all_otid10",2024-12-14,0.679530350114967,0.59645068284839,196.716768917326,0.679347632648454,0.742613440314307,0.617767016278565,252.41940472958,0.95756924740699,0.0882352941176471,0.401960784313726,204
"UMass-gbqr_2src_all_otid10",2024-12-21,0.571158250071847,0.514656172212641,191.238613735561,0.525952657797046,0.687746160429764,0.567614795002727,266.912936340908,0.760933534801696,0.102941176470588,0.598039215686274,204
"UMass-gbqr_2src_all_otid10",2024-12-28,0.575354412278268,0.567963375021353,196.503317264985,0.509736956791321,0.656234486346639,0.605573602762826,259.515004664357,0.68940739472059,0.117647058823529,0.553921568627451,204
"UMass-gbqr_2src_all_otid10",2025-01-04,0.600604261758333,0.603966149069802,128.028922390179,0.247255579807112,0.751016640448481,0.708418638750878,197.005654315292,0.373737373777668,0.308823529411765,0.848039215686274,204
"UMass-gbqr_2src_all_otid10",2025-01-11,0.77576488218377,0.819995602228797,165.98706871087,0.264270483285936,0.957717000357573,0.963450504433184,253.748058182975,0.397437610153552,0.333333333333333,0.848039215686274,204
"UMass-gbqr_2src_all_otid10",2025-01-18,0.962491757296999,1.01760682194972,313.7741488339,0.454391244447341,1.10389956475523,1.13307119889544,427.209131560274,0.633436008911194,0.181372549019608,0.583333333333333,204
"UMass-gbqr_2src_all_otid10",2025-02-01,0.847312930362554,1.09904756941359,238.139112169151,0.445530912904805,0.998598291415048,1.25148745956012,337.575173394924,0.630852019839968,0.230392156862745,0.563725490196078,204
"UMass-gbqr_2src_all_otid10",2025-02-08,0.702090808156241,0.800145994639605,165.82046995659,0.224895165662327,0.880379329103536,0.934906139767854,258.47764479082,0.332891142734047,0.32843137254902,0.78921568627451,204
"UMass-gbqr_2src_all_otid10",2025-02-15,0.454535211687081,0.693477795222754,116.373729940377,0.231724909903129,0.562149652502919,0.830604831497784,180.444527182334,0.347391191464215,0.313725490196078,0.78921568627451,204
"UMass-gbqr_2src_all_otid10",2025-02-22,0.34262555773156,0.62178280374937,75.3755933820494,0.213827445980289,0.413440722063083,0.748299597217522,118.558180392001,0.333789040948235,0.406862745098039,0.877450980392157,204
"UMass-gbqr_2src_all_otid10",2025-03-01,0.366967431814644,0.627047530959488,73.5891499249905,0.249410991335625,0.437520149649196,0.750910199800287,115.543924226474,0.39158351900347,0.348039215686274,0.892156862745098,204
"UMass-gbqr_2src_all_otid10",2025-03-08,0.278930285825809,0.47132827929998,47.3293866957229,0.193945187507826,0.318392231713483,0.546661471067678,74.1526143183299,0.307545421715715,0.411764705882353,0.96078431372549,204
"UMass-gbqr_2src_all_otid10",2025-03-15,0.33536416547375,0.573982301523254,44.1447563245291,0.266974726779628,0.364268967847856,0.653488071083635,69.0771814764428,0.427058609139133,0.333333333333333,0.877450980392157,204
"UMass-gbqr_2src_all_otid10",2025-03-22,0.286598544425127,0.448508176925832,29.5020186457267,0.220262087454293,0.29512226794879,0.489904749489237,47.0184746598216,0.36452792311086,0.32843137254902,0.950980392156863,204
"UMass-gbqr_2src_all_otid10",2025-03-29,0.331130465237323,0.682173626874189,25.0457309487473,0.352073019363353,0.313101624545045,0.689042906626632,37.8714832629852,0.548259448415711,0.318627450980392,0.897058823529412,204
"UMass-gbqr_2src_all_otid10",2025-04-05,0.312349832553898,0.608398100903896,16.3112670721618,0.306446502698681,0.299856431249036,0.621435825241777,25.6862310592005,0.478506579050303,0.357843137254902,0.872549019607843,204
"UMass-gbqr_2src_all_otid10",2025-04-12,0.484629898347408,0.870940901206214,15.7989212586134,0.396840678338651,0.484500789399517,0.972199148596866,25.0942908862515,0.64896330025452,0.230392156862745,0.916666666666667,204
"UMass-gbqr_2src_all_otid10",2025-04-19,0.785594562645316,1.28706220574083,17.0006765459342,0.557366420784451,0.893298484995679,1.68801778244949,25.5422061910774,0.915686853281304,0.205882352941176,0.852941176470588,204
"UMass-gbqr_2src_all_otid10",2025-05-03,0.685663108699672,0.976747082420326,11.138396996551,0.47532241830302,1.10241597363513,1.37214301087443,17.0388115925076,0.753779947713195,0.313725490196078,0.892156862745098,204
"UMass-gbqr_2src_all_otid10",2025-05-10,0.565791182951224,0.871880792071352,8.43221077248991,0.426938303335137,1.02638559669689,1.40578335007,12.7795069392652,0.677236368874756,0.406862745098039,0.857843137254902,204
"UMass-gbqr_2src_all_otid10",2025-05-17,0.641625311472917,0.962659255297979,8.96318971157728,0.488566371117673,1.3538104483241,1.70087739304942,13.9761019812282,0.816109403928866,0.343137254901961,0.784313725490196,204
"UMass-gbqr_2src_mobsgleam_otid10",2024-11-30,0.775305379985579,0.56382856432726,68.0550339082829,0.440732446941982,0.771418636027963,0.536945720197938,95.4970893835794,0.646114739049027,0.348039215686274,0.754901960784314,204
"UMass-gbqr_2src_mobsgleam_otid10",2024-12-07,0.792371929609973,0.65442748271194,134.1675444165,0.625261729769024,0.794953603710058,0.639941003717092,169.710903897925,0.867277066418497,0.225490196078431,0.568627450980392,204
"UMass-gbqr_2src_mobsgleam_otid10",2024-12-14,0.807719986464226,0.713878564779195,233.826297677957,0.813096081414825,0.822780964034938,0.696495138838467,279.668896211503,1.07960170799964,0.0784313725490196,0.338235294117647,204
"UMass-gbqr_2src_mobsgleam_otid10",2024-12-21,0.710972748530191,0.670127080347637,238.052138467004,0.684836086693216,0.767406612416139,0.704860940340694,297.829001559856,0.944923091503483,0.0735294117647059,0.303921568627451,204
"UMass-gbqr_2src_mobsgleam_otid10",2024-12-28,0.6499664558049,0.658687099839915,221.9858959122,0.59115987494348,0.699355396247284,0.687388532866761,276.567633513987,0.782548538183361,0.0980392156862745,0.352941176470588,204
"UMass-gbqr_2src_mobsgleam_otid10",2025-01-04,0.649002197260283,0.674045003537682,138.345758155019,0.275944915824306,0.793447099908592,0.776204969102584,208.135954202983,0.409499116478767,0.235294117647059,0.769607843137255,204
"UMass-gbqr_2src_mobsgleam_otid10",2025-01-11,0.943074506033767,0.98200437718958,201.785587911435,0.316483125816063,1.12213831294452,1.08078262852215,297.311646150252,0.445838850048686,0.235294117647059,0.583333333333333,204
"UMass-gbqr_2src_mobsgleam_otid10",2025-01-18,0.438572905554406,0.42786647897668,142.975603789489,0.191054912020942,0.573306126990045,0.523559260371463,221.869471145147,0.292692364470558,0.352941176470588,0.872549019607843,204
"UMass-gbqr_2src_mobsgleam_otid10",2025-02-01,0.740619725708636,0.816141699095714,208.15275869772,0.330846786233107,0.803585948743067,0.838750028129466,271.651442143232,0.422798602849991,0.215686274509804,0.5,204
"UMass-gbqr_2src_mobsgleam_otid10",2025-02-08,0.7799965869221,0.830407085672694,184.220330341052,0.233400579832492,0.941191953133938,0.966753203017245,276.332111965706,0.344230896348721,0.186274509803922,0.656862745098039,204
"UMass-gbqr_2src_mobsgleam_otid10",2025-02-15,0.527499960109548,0.705338331273201,135.054746745581,0.235688096131478,0.609837726464178,0.808855094493166,195.751931393761,0.338294606944663,0.235294117647059,0.720588235294118,204
"UMass-gbqr_2src_mobsgleam_otid10",2025-02-22,0.281430684813084,0.535645445108832,61.9130837878787,0.184205315405867,0.309504466154924,0.575535332191473,88.753440027436,0.256725230480342,0.333333333333333,0.784313725490196,204
"UMass-gbqr_2src_mobsgleam_otid10",2025-03-01,0.342712577662689,0.554706334539726,68.7252466358873,0.220636953288063,0.362502135663419,0.594859117939669,95.7325492977011,0.310206236079984,0.318627450980392,0.769607843137255,204
"UMass-gbqr_2src_mobsgleam_otid10",2025-03-08,0.305310802092007,0.489730404256862,51.8056795869704,0.201517412074121,0.346502172960454,0.566248796627156,80.6993369584515,0.318565024556404,0.264705882352941,0.848039215686274,204
"UMass-gbqr_2src_mobsgleam_otid10",2025-03-15,0.342096182626649,0.533668335210004,45.0309072237091,0.248223608298587,0.356289188212359,0.580102551478969,67.5639570882112,0.37910070551382,0.279411764705882,0.803921568627451,204
"UMass-gbqr_2src_mobsgleam_otid10",2025-03-22,0.280949428904779,0.425932913022279,28.9205072785023,0.20917538935592,0.291243518318078,0.455304443540783,46.4005175924306,0.33878255591542,0.357843137254902,0.931372549019608,204
"UMass-gbqr_2src_mobsgleam_otid10",2025-03-29,0.310539834302482,0.621524280140552,23.4883164049379,0.320771606078338,0.305662032915531,0.614216104758897,36.9716208930918,0.488721064486094,0.352941176470588,0.887254901960784,204
"UMass-gbqr_2src_mobsgleam_otid10",2025-04-05,0.343547193878253,0.62879160329293,17.9404291189206,0.316718588485293,0.338863943970459,0.647333742930919,29.0276834357048,0.498448017079139,0.362745098039216,0.877450980392157,204
"UMass-gbqr_2src_mobsgleam_otid10",2025-04-12,0.478037456820348,0.810494054068208,15.5840078474863,0.369298318359395,0.485973123279701,0.90754617170227,25.1705491204575,0.605806083631412,0.323529411764706,0.901960784313726,204
"UMass-gbqr_2src_mobsgleam_otid10",2025-04-19,0.665231149744153,0.967577772742705,14.3959494411448,0.419012661251891,0.827149306668795,1.27580745788433,23.6507936558778,0.692078086291062,0.348039215686274,0.906862745098039,204
"UMass-gbqr_2src_mobsgleam_otid10",2025-05-03,0.534715587601677,0.680434011195188,8.6862985909313,0.331125165887868,0.922916416997642,0.957462929001736,14.2644875627135,0.525977504415025,0.485294117647059,0.965686274509804,204
"UMass-gbqr_2src_mobsgleam_otid10",2025-05-10,0.481627765544239,0.634428738162068,7.17788992710848,0.310663948008845,0.958304646984688,1.0249340709175,11.9318323693192,0.493762163629,0.42156862745098,0.995098039215686,204
"UMass-gbqr_2src_mobsgleam_otid10",2025-05-17,0.512649541848269,0.647888658620036,7.16146170822184,0.328814800344186,1.11677813464518,1.10007720833192,11.5290919194252,0.52783543272211,0.436274509803922,0.975490196078431,204
"UMass-gbqr_2src_mobsgleam_otid50",2024-11-30,0.779355218652299,0.564305853526464,68.4105221002929,0.441105533461491,0.774274864326527,0.538999761451264,95.8506736455986,0.648586397316271,0.367647058823529,0.764705882352941,204
"UMass-gbqr_2src_mobsgleam_otid50",2024-12-07,0.789413195342143,0.645372278613774,133.666559845415,0.616610087337431,0.792437014640545,0.629425123558469,169.173649140247,0.853025468784019,0.235294117647059,0.568627450980392,204
"UMass-gbqr_2src_mobsgleam_otid50",2024-12-14,0.812665055103934,0.708694109147257,235.257842162635,0.807191070721722,0.827021253853066,0.691782059618877,281.110199820713,1.07229620349333,0.0931372549019608,0.338235294117647,204
"UMass-gbqr_2src_mobsgleam_otid50",2024-12-21,0.71868661877552,0.683724219332674,240.634942535872,0.698731677135413,0.77615939884821,0.721441635897622,301.225940811816,0.967150854751873,0.0686274509803922,0.303921568627451,204
"UMass-gbqr_2src_mobsgleam_otid50",2024-12-28,0.663879459915418,0.681625738083865,226.737665260786,0.611746891933736,0.719968322319138,0.712814383801055,284.719237425363,0.811494267606166,0.0833333333333333,0.308823529411765,204
"UMass-gbqr_2src_mobsgleam_otid50",2025-01-04,0.709773192880303,0.730882692196106,151.300120248674,0.29921349749197,0.847941225090651,0.815300843256456,222.430778324882,0.43012475862389,0.225490196078431,0.666666666666667,204
"UMass-gbqr_2src_mobsgleam_otid50",2025-01-11,1.00353443697741,1.02478244244746,214.721938785615,0.330269760706556,1.16379200028111,1.10406935361839,308.347831447029,0.455444969229657,0.230392156862745,0.544117647058823,204
"UMass-gbqr_2src_mobsgleam_otid50",2025-01-18,0.402175280582047,0.403315292838979,131.109908619952,0.180092088481303,0.515155059525146,0.485377811623157,199.365008036232,0.271347276418588,0.387254901960784,0.833333333333333,204
"UMass-gbqr_2src_mobsgleam_otid50",2025-02-01,0.73661013286378,0.795502360356166,207.025854048896,0.322480029701096,0.786693662335015,0.807520073357973,265.941021284055,0.407056151819733,0.196078431372549,0.490196078431373,204
"UMass-gbqr_2src_mobsgleam_otid50",2025-02-08,0.832690783735972,0.887882011446356,196.665695496319,0.249554922964735,0.942706584224607,0.981176683435488,276.776804684062,0.349366651345285,0.137254901960784,0.593137254901961,204
"UMass-gbqr_2src_mobsgleam_otid50",2025-02-15,0.563046368391034,0.746509939929553,144.155621686262,0.249445547880017,0.634268238980813,0.822720846808197,203.593886396773,0.344093802945703,0.156862745098039,0.666666666666667,204
"UMass-gbqr_2src_mobsgleam_otid50",2025-02-22,0.282647343170667,0.551453164906333,62.1807414204653,0.189641497189424,0.315741122052553,0.590842002129419,90.5418622497662,0.263552975273599,0.259803921568627,0.779411764705882,204
"UMass-gbqr_2src_mobsgleam_otid50",2025-03-01,0.342350105409172,0.571141563423009,68.6525589184084,0.227174139906652,0.353247905381501,0.591944824132091,93.288615953544,0.308686494538472,0.28921568627451,0.71078431372549,204
"UMass-gbqr_2src_mobsgleam_otid50",2025-03-08,0.306806603200511,0.508088015634893,52.0594897778382,0.209071319907099,0.335978814251922,0.56895022081604,78.2484776662896,0.320084814564251,0.240196078431373,0.808823529411765,204
"UMass-gbqr_2src_mobsgleam_otid50",2025-03-15,0.342439549008668,0.54419759113429,45.0761053301997,0.25312105063456,0.348066291295765,0.577034267241147,66.0046297979249,0.377095562257149,0.264705882352941,0.784313725490196,204
"UMass-gbqr_2src_mobsgleam_otid50",2025-03-22,0.290395090056314,0.450417200520552,29.8928292837405,0.221199607757389,0.291645466226742,0.468999494035685,46.4645553815458,0.348972757825098,0.318627450980392,0.926470588235294,204
"UMass-gbqr_2src_mobsgleam_otid50",2025-03-29,0.322039969314088,0.655108771768382,24.3581526707388,0.338104720267131,0.305839217261557,0.634157323847662,36.9930523820044,0.504587945449817,0.308823529411765,0.852941176470588,204
"UMass-gbqr_2src_mobsgleam_otid50",2025-04-05,0.353330386149799,0.649910609612811,18.4513186579184,0.327356106284221,0.346585572581846,0.665539600255919,29.6891317689596,0.512466556328746,0.323529411764706,0.862745098039216,204
"UMass-gbqr_2src_mobsgleam_otid50",2025-04-12,0.483563827683874,0.830268187645984,15.7641673845195,0.378308321875932,0.492795994315864,0.925825441823634,25.5239337055952,0.61800787940682,0.338235294117647,0.897058823529412,204
"UMass-gbqr_2src_mobsgleam_otid50",2025-04-19,0.653490799071778,0.970050103808239,14.1418821221899,0.420083312158153,0.820929681354075,1.2602120101217,23.47295505558,0.683618136025277,0.343137254901961,0.901960784313726,204
"UMass-gbqr_2src_mobsgleam_otid50",2025-05-03,0.562866025715403,0.745952453163178,9.14359423854484,0.363008940961454,1.02480655185604,1.08860139400519,15.8392895000102,0.598017768811736,0.490196078431373,0.96078431372549,204
"UMass-gbqr_2src_mobsgleam_otid50",2025-05-10,0.530317564355662,0.740507088610168,7.90353334188654,0.36260787356925,1.14419214259844,1.28039396844901,14.2463139323531,0.616830012873865,0.490196078431373,0.990196078431373,204
"UMass-gbqr_2src_mobsgleam_otid50",2025-05-17,0.536755130344877,0.737078248375842,7.49820491167857,0.374080073563815,1.25442790219722,1.31913419912699,12.9501233432713,0.632942638517644,0.485294117647059,0.975490196078431,204
"UMass-gbqr_2src_nihflu_otid10",2024-11-30,0.454760171849756,0.353733655705646,39.9181015820468,0.276505855695514,0.506040937402848,0.348613481118408,62.6448913390762,0.41949176594379,0.480392156862745,0.965686274509804,204
"UMass-gbqr_2src_nihflu_otid10",2024-12-07,0.452703254337676,0.330611359480487,76.653502874264,0.315877061967841,0.563251422033286,0.360744602076564,120.245895494959,0.488897442729867,0.397058823529412,0.857843137254902,204
"UMass-gbqr_2src_nihflu_otid10",2024-12-14,0.482609895480007,0.335930617035502,139.710403325316,0.382619512358261,0.61208059967594,0.373007020429663,208.050396382987,0.578179220350762,0.254901960784314,0.715686274509804,204
"UMass-gbqr_2src_nihflu_otid10",2024-12-21,0.420758015307537,0.315641366138109,140.880709602667,0.322569560794925,0.552936584013901,0.364308064243125,214.593604066415,0.488384421128334,0.333333333333333,0.745098039215686,204
"UMass-gbqr_2src_nihflu_otid10",2024-12-28,0.402704913840068,0.321501790631945,137.537576422046,0.288542098957573,0.527601445525571,0.387801535482168,208.645681452598,0.441487616081104,0.357843137254902,0.764705882352941,204
"UMass-gbqr_2src_nihflu_otid10",2025-01-04,0.546453331852363,0.507276456369452,116.485738893627,0.207672126219826,0.693096362291873,0.613976097930163,181.812086447672,0.32391272878885,0.392156862745098,0.92156862745098,204
"UMass-gbqr_2src_nihflu_otid10",2025-01-11,0.803327173270149,0.807009526192237,171.884453355951,0.260085294266822,1.00997197581474,0.983356091345655,267.593065160719,0.405648959729679,0.225490196078431,0.88235294117647,204
"UMass-gbqr_2src_nihflu_otid10",2025-01-18,0.77925507654699,0.728411753241781,254.038641385038,0.325257177808066,0.961761453001693,0.858119435958276,372.201682311655,0.479726032408574,0.303921568627451,0.691176470588235,204
"UMass-gbqr_2src_nihflu_otid10",2025-02-01,0.862038031087047,0.90220429578215,242.277633236723,0.365734764092996,0.966362241729868,1.00899259310913,326.67780840282,0.508614777163,0.191176470588235,0.514705882352941,204
"UMass-gbqr_2src_nihflu_otid10",2025-02-08,0.686237691612516,0.763472459711645,162.07626592341,0.214587420865376,0.848916005615978,0.927280340836037,249.240074707664,0.330175831738974,0.401960784313726,0.794117647058823,204
"UMass-gbqr_2src_nihflu_otid10",2025-02-15,0.581978484465176,0.66201672938619,149.002773032435,0.221212226300776,0.774284215699727,0.870179986354839,248.53764221789,0.363943057859431,0.382352941176471,0.92156862745098,204
"UMass-gbqr_2src_nihflu_otid10",2025-02-22,0.444759107602751,0.552287920903558,97.8443694322813,0.189928564862938,0.578702384646525,0.704847038320342,165.948582350182,0.314406446042441,0.558823529411765,0.955882352941177,204
"UMass-gbqr_2src_nihflu_otid10",2025-03-01,0.313425710567438,0.418668783001421,62.852257736441,0.166527401917815,0.360142333195639,0.505852405075325,95.1093532283424,0.263791149632069,0.67156862745098,1,204
"UMass-gbqr_2src_nihflu_otid10",2025-03-08,0.243593536766707,0.359911088319161,41.3333843045289,0.148098526177715,0.229581999013154,0.376983163787512,53.4689723289899,0.212086368297212,0.691176470588235,1,204
"UMass-gbqr_2src_nihflu_otid10",2025-03-15,0.227539170756747,0.335066762425609,29.9515043092112,0.155848633510327,0.213306742251948,0.347772214812715,40.449859431454,0.22727135341411,0.661764705882353,1,204
"UMass-gbqr_2src_nihflu_otid10",2025-03-22,0.218804641731088,0.310516805808838,22.5234173225486,0.15249461070228,0.19471635267875,0.28418049669052,31.0219420510396,0.211452790272415,0.720588235294118,1,204
"UMass-gbqr_2src_nihflu_otid10",2025-03-29,0.261628428895814,0.414331803090502,19.7888020782735,0.213838593556826,0.243409454679077,0.391631057488327,29.441805363756,0.31161401633492,0.568627450980392,0.975490196078431,204
"UMass-gbqr_2src_nihflu_otid10",2025-04-05,0.335034765922444,0.520175151350025,17.4959003522987,0.26200912804485,0.334190918447466,0.53983615199424,28.6273838228896,0.41567470017993,0.495098039215686,0.985294117647059,204
"UMass-gbqr_2src_nihflu_otid10",2025-04-12,0.452680031286999,0.687549490059372,14.7573564776705,0.313279127950786,0.47920768284021,0.768886123781535,24.8201391024003,0.513247596574556,0.397058823529412,0.975490196078431,204
"UMass-gbqr_2src_nihflu_otid10",2025-04-19,0.756573007242462,1.21530626916184,16.3726349329647,0.526292282049995,0.948925508900005,1.73815208568921,27.1327573206555,0.942882847809522,0.284313725490196,0.936274509803922,204
"UMass-gbqr_2src_nihflu_otid10",2025-05-03,1.21378149050056,2.24911852124041,19.7175259055426,1.094506934095,1.65773316207801,2.66777908973247,25.6217287256469,1.46553119232623,0.0686274509803922,0.862745098039216,204
"UMass-gbqr_2src_nihflu_otid10",2025-05-10,1.18356335238154,1.99884591831332,17.6391148370657,0.978785050380162,1.82462050088337,2.68169498917031,22.7183140796262,1.29190701881972,0.0588235294117647,0.784313725490196,204
"UMass-gbqr_2src_nihflu_otid10",2025-05-17,0.861849073784484,1.21388339194494,12.0396072488851,0.616067004496803,1.63551631771189,1.8631649548763,16.8843008093198,0.893977688785157,0.240196078431373,0.764705882352941,204
"UMass-gbqr_2src_nihflu_otid50",2024-11-30,0.446890942849519,0.347061525329891,39.2273535745286,0.271290397428814,0.499671457509805,0.343735752592794,61.8563871958461,0.413622322953691,0.553921568627451,0.965686274509804,204
"UMass-gbqr_2src_nihflu_otid50",2024-12-07,0.427581740780499,0.317480741029599,72.3998289869882,0.303331633448371,0.560603559910423,0.357441616199952,119.680615870877,0.484421086495697,0.480392156862745,0.92156862745098,204
"UMass-gbqr_2src_nihflu_otid50",2024-12-14,0.437263142580914,0.313752756731849,126.583003335466,0.357359289966455,0.598680310090205,0.367325023679403,203.495545990024,0.569371846035617,0.274509803921569,0.862745098039216,204
"UMass-gbqr_2src_nihflu_otid50",2024-12-21,0.379401274538605,0.289541598983405,127.033398857744,0.295896914775965,0.52571380143388,0.345092422658572,204.028495525113,0.462624299646043,0.348039215686274,0.862745098039216,204
"UMass-gbqr_2src_nihflu_otid50",2024-12-28,0.375582580785261,0.302188398277522,128.274366992346,0.27120867522459,0.505058174354782,0.37087334148331,199.730701754401,0.422215933714447,0.406862745098039,0.862745098039216,204
"UMass-gbqr_2src_nihflu_otid50",2025-01-04,0.563351757074983,0.511879947284978,120.08792307562,0.209556733191936,0.712646528973648,0.620286617318324,186.940459338073,0.327241942355933,0.436274509803922,0.911764705882353,204
"UMass-gbqr_2src_nihflu_otid50",2025-01-11,0.802288559591091,0.797734358880062,171.662225662911,0.257096067322819,1.0226996379019,0.98487048420503,270.965271708812,0.40627366922549,0.259803921568627,0.857843137254902,204
"UMass-gbqr_2src_nihflu_otid50",2025-01-18,0.788644800464621,0.742082171467299,257.099709293104,0.331361419854819,0.966257613657955,0.864254853023878,373.941696485629,0.483155997006411,0.28921568627451,0.691176470588235,204
"UMass-gbqr_2src_nihflu_otid50",2025-02-01,0.844030646583813,0.856042503526328,237.216619289664,0.34702173836288,0.953225331208,0.968440241031201,322.236888680226,0.488173075552491,0.200980392156863,0.519607843137255,204
"UMass-gbqr_2src_nihflu_otid50",2025-02-08,0.696527550335023,0.759345314342916,164.506534471768,0.213427413757135,0.85365837957766,0.922847047648799,250.632426404041,0.328597273237325,0.362745098039216,0.794117647058823,204
"UMass-gbqr_2src_nihflu_otid50",2025-02-15,0.590734160323454,0.674881222338691,151.244470994613,0.225510883721249,0.773093900184441,0.872575872043078,248.155562607243,0.364945110282301,0.338235294117647,0.931372549019608,204
"UMass-gbqr_2src_nihflu_otid50",2025-02-22,0.494198801002565,0.583790049324775,108.720809156481,0.200761961384414,0.647550993387899,0.755733506164902,185.691595893131,0.337105035433958,0.46078431372549,0.965686274509804,204
"UMass-gbqr_2src_nihflu_otid50",2025-03-01,0.338043611419842,0.437004805473128,67.7889639386993,0.173820637782763,0.372958336736009,0.512630210116183,98.493908986842,0.267325629187314,0.598039215686274,1,204
"UMass-gbqr_2src_nihflu_otid50",2025-03-08,0.260604816146036,0.373233593043884,44.2198884270538,0.153580555986637,0.245311119076445,0.388228258542782,57.1322381296127,0.218412728561798,0.705882352941177,1,204
"UMass-gbqr_2src_nihflu_otid50",2025-03-15,0.243255821365108,0.350797846575691,32.0203231717267,0.163165587154664,0.221290874746159,0.367046390135936,41.9639092625254,0.239867149527403,0.558823529411765,1,204
"UMass-gbqr_2src_nihflu_otid50",2025-03-22,0.219971847101491,0.309981743463945,22.6435676696834,0.152231841916631,0.197797981895076,0.289041670979933,31.5129029880974,0.215069888839938,0.725490196078431,1,204
"UMass-gbqr_2src_nihflu_otid50",2025-03-29,0.246358449734702,0.382888358897162,18.633825928954,0.197610484025447,0.231514985433626,0.365530753251377,28.0030993410525,0.290846458514044,0.573529411764706,0.990196078431373,204
"UMass-gbqr_2src_nihflu_otid50",2025-04-05,0.322024488422868,0.486633508984846,16.8164887155343,0.245114402400066,0.317156271065444,0.496832705526808,27.1681658670031,0.382561977641769,0.519607843137255,0.990196078431373,204
"UMass-gbqr_2src_nihflu_otid50",2025-04-12,0.421209422986944,0.606568143726456,13.7314155190366,0.276380306954983,0.432909776727681,0.644868410560884,22.4221799063955,0.430463174701887,0.470588235294118,0.980392156862745,204
"UMass-gbqr_2src_nihflu_otid50",2025-04-19,0.736274636647396,1.22337379757618,15.9333675941809,0.529785951133605,0.910842092059507,1.70727075973106,26.0438329557995,0.926130877252233,0.343137254901961,0.950980392156863,204
"UMass-gbqr_2src_nihflu_otid50",2025-05-03,1.35931805270309,2.6647973924904,22.0817248638317,1.29679214167444,1.81713773517643,3.13594702532968,28.0854670539768,1.72271692239861,0.0980392156862745,0.455882352941176,204
"UMass-gbqr_2src_nihflu_otid50",2025-05-10,1.5527278503627,3.09019482498033,23.1409200091798,1.51319142198071,2.30449676305011,4.11843458882308,28.6932440105258,1.98405656621546,0.0343137254901961,0.362745098039216,204
"UMass-gbqr_2src_nihflu_otid50",2025-05-17,1.14139087579627,1.81906526515603,15.9446685969108,0.923207365983712,2.08352217840135,2.82571945100768,21.5093024887904,1.35582742545457,0.117647058823529,0.573529411764706,204
"UMass-gbqr_2src_utseirs_otid10",2024-11-30,0.84386107477704,0.84739268718682,74.0727402909287,0.662388314771182,0.797056793189699,0.786728211362091,98.670942427513,0.946681710768346,0.132352941176471,0.534313725490196,204
"UMass-gbqr_2src_utseirs_otid10",2024-12-07,0.892378855211123,0.843740566451588,151.101112014174,0.806137731058632,0.82042991507964,0.755344341283706,175.149721723693,1.02367690246326,0.117647058823529,0.294117647058824,204
"UMass-gbqr_2src_utseirs_otid10",2024-12-14,0.902243703149619,0.857453107882702,261.189902746166,0.976625152251254,0.849049030942983,0.741275536487924,288.597592424595,1.14901352595989,0.0392156862745098,0.176470588235294,204
"UMass-gbqr_2src_utseirs_otid10",2024-12-21,0.816732135831994,0.747638911945115,273.463127653583,0.764049270252524,0.833577708109631,0.717869842485352,323.509874051254,0.962362576837504,0.0490196078431373,0.181372549019608,204
"UMass-gbqr_2src_utseirs_otid10",2024-12-28,0.710230347359302,0.726426914882011,242.568087252048,0.651955145715767,0.774166377208288,0.759404612650344,306.152442720105,0.864534307898353,0.0735294117647059,0.294117647058824,204
"UMass-gbqr_2src_utseirs_otid10",2025-01-04,0.615131446289624,0.638711764052962,131.125636648348,0.261479965050636,0.776282631002104,0.752166533595358,203.633394278508,0.396817262466518,0.303921568627451,0.803921568627451,204
"UMass-gbqr_2src_utseirs_otid10",2025-01-11,0.911687729423834,0.947262490065197,195.069894580357,0.305286412960932,1.07702526775527,1.0541112987412,285.358900598885,0.434836531279861,0.299019607843137,0.642156862745098,204
"UMass-gbqr_2src_utseirs_otid10",2025-01-18,0.927709776154886,0.937472538701234,302.435156634868,0.418608940415208,1.03546619750182,1.02484577105937,400.725418433203,0.572933294573369,0.156862745098039,0.67156862745098,204
"UMass-gbqr_2src_utseirs_otid10",2025-02-01,0.925605686671901,1.12789015758729,260.143458861707,0.45722309529726,0.993848806090647,1.18189677184637,335.969614537368,0.595772622462946,0.0882352941176471,0.436274509803922,204
"UMass-gbqr_2src_utseirs_otid10",2025-02-08,0.745101056827259,0.822377491035829,175.978671096279,0.231143720424138,0.893828000470746,0.952792827418276,262.426148334289,0.339260038646053,0.318627450980392,0.78921568627451,204
"UMass-gbqr_2src_utseirs_otid10",2025-02-15,0.561434238444874,0.765138216936327,143.742871320263,0.25567016796271,0.631718965926938,0.882612667939105,202.775594739352,0.369142888037237,0.235294117647059,0.764705882352941,204
"UMass-gbqr_2src_utseirs_otid10",2025-02-22,0.348956840924747,0.556014782881466,76.7684381853263,0.191210210758341,0.379940997554609,0.653805549452848,108.951805960525,0.291638707450837,0.401960784313726,0.843137254901961,204
"UMass-gbqr_2src_utseirs_otid10",2025-03-01,0.321502166115674,0.520020943794052,64.4718551357599,0.206840682250197,0.368537747484449,0.603803164765952,97.3264833724372,0.314870364135907,0.338235294117647,0.808823529411765,204
"UMass-gbqr_2src_utseirs_otid10",2025-03-08,0.242867718751761,0.379521735352329,41.210226213616,0.156168041169784,0.270215569242416,0.433145556167691,62.9324113248845,0.243682680756166,0.426470588235294,0.88235294117647,204
"UMass-gbqr_2src_utseirs_otid10",2025-03-15,0.293652343271419,0.484817046586996,38.6541332450692,0.225501549798963,0.317412066332315,0.538228435198993,60.1915969905176,0.351735704301474,0.299019607843137,0.843137254901961,204
"UMass-gbqr_2src_utseirs_otid10",2025-03-22,0.263644232010794,0.387728259248827,27.1391366073484,0.1904131075882,0.261107577220035,0.392658572546452,41.5993008197469,0.292169067744827,0.416666666666667,0.92156862745098,204
"UMass-gbqr_2src_utseirs_otid10",2025-03-29,0.340159221011342,0.640528347449732,25.7286393841157,0.330579694656001,0.307715279566796,0.609360137033548,37.2199731534837,0.484857255482299,0.28921568627451,0.818627450980392,204
"UMass-gbqr_2src_utseirs_otid10",2025-04-05,0.321680579695775,0.559944912279327,16.7985294067356,0.282040919945319,0.303511124195704,0.546630884907402,25.9992985064703,0.420906655387167,0.28921568627451,0.82843137254902,204
"UMass-gbqr_2src_utseirs_otid10",2025-04-12,0.463802283891184,0.820180165473516,15.1199416044057,0.373711755614693,0.454298849222761,0.882840211557731,23.5300080435671,0.589314337619809,0.176470588235294,0.838235294117647,204
"UMass-gbqr_2src_utseirs_otid10",2025-04-19,0.842569672202005,1.399545223079,18.2336476671711,0.606077552611003,0.89818106455496,1.76364716618363,25.681814458574,0.956712980569265,0.186274509803922,0.700980392156863,204
"UMass-gbqr_2src_utseirs_otid10",2025-05-03,0.693384518211562,1.07883287153931,11.2638290395254,0.52500126048412,1.128625506433,1.5311147685379,17.4439030479571,0.841110293187229,0.269607843137255,0.784313725490196,204
"UMass-gbqr_2src_utseirs_otid10",2025-05-10,0.621796467449378,1.02036831476274,9.26687977669461,0.499648944033723,1.12012144244062,1.69045977520174,13.9466101166626,0.814379285278528,0.313725490196078,0.740196078431373,204
"UMass-gbqr_2src_utseirs_otid10",2025-05-17,0.669867735422141,1.0940993013818,9.35772246962974,0.555274488222756,1.34367895994931,1.79055652765893,13.8715092630062,0.859138951731724,0.269607843137255,0.745098039215686,204
"UMass-gbqr_2src_utseirs_otid50",2024-11-30,0.851762331183301,0.924736207391148,74.7662996115878,0.722846051522127,0.781948436236078,0.86487970021874,96.8006167093428,1.04072255499054,0.102941176470588,0.495098039215686,204
"UMass-gbqr_2src_utseirs_otid50",2024-12-07,0.874485266780524,0.845374644518249,148.071298954397,0.80769898345944,0.777643529639246,0.744200265051838,166.01545764372,1.00857394502472,0.117647058823529,0.284313725490196,204
"UMass-gbqr_2src_utseirs_otid50",2024-12-14,0.887409717849073,0.842985433539056,256.895622648158,0.960146706341281,0.813707001993512,0.70614410140573,276.584594241334,1.09455807436483,0.0441176470588235,0.166666666666667,204
"UMass-gbqr_2src_utseirs_otid50",2024-12-21,0.80882425617481,0.73068269016822,270.815364195667,0.746720866570094,0.803397363194256,0.676979278622881,311.796941366743,0.90754546922537,0.0441176470588235,0.161764705882353,204
"UMass-gbqr_2src_utseirs_otid50",2024-12-28,0.69871536965338,0.720960071854493,238.635326384731,0.647048752010367,0.729321621102008,0.717738243690108,288.418100297958,0.817099771879461,0.0784313725490196,0.269607843137255,204
"UMass-gbqr_2src_utseirs_otid50",2025-01-04,0.672898912728996,0.675460422650007,143.439745868605,0.2765243692818,0.844309419126251,0.778029056196708,221.478087969133,0.410461442260175,0.284313725490196,0.730392156862745,204
"UMass-gbqr_2src_utseirs_otid50",2025-01-11,0.973084205832056,1.00509272063571,208.206634051586,0.323924101919102,1.14767308498077,1.10444212715026,304.077109035345,0.455598743835571,0.254901960784314,0.568627450980392,204
"UMass-gbqr_2src_utseirs_otid50",2025-01-18,0.927616341006774,0.929807451165397,302.404696598356,0.415186254374706,0.971825206537996,0.959538931003806,376.096354930205,0.536423934738149,0.102941176470588,0.441176470588235,204
"UMass-gbqr_2src_utseirs_otid50",2025-02-01,0.916604826363947,1.15313899896942,257.613747812004,0.467458447855086,0.969579975121361,1.18383526260208,327.765560021173,0.596749780323646,0.107843137254902,0.426470588235294,204
"UMass-gbqr_2src_utseirs_otid50",2025-02-08,0.796548240705634,0.875338017924121,188.129515559061,0.246029212006798,0.921390718397585,0.975964307982966,270.518508273063,0.347510685760141,0.269607843137255,0.715686274509804,204
"UMass-gbqr_2src_utseirs_otid50",2025-02-15,0.596657426451034,0.823410589761314,152.760992828284,0.275141822910759,0.658830011280595,0.916823368798745,211.477974503313,0.383451131478376,0.200980392156863,0.700980392156863,204
"UMass-gbqr_2src_utseirs_otid50",2025-02-22,0.35646645815843,0.594784374449504,78.4205094984197,0.204542845074864,0.397143493357245,0.694897228689268,113.88479028385,0.309968200416327,0.294117647058824,0.808823529411765,204
"UMass-gbqr_2src_utseirs_otid50",2025-03-01,0.333727451799736,0.552495975907982,66.9234306792122,0.21975777314568,0.381354485336715,0.626963389910738,100.71123305407,0.326947923430641,0.225490196078431,0.759803921568627,204
"UMass-gbqr_2src_utseirs_otid50",2025-03-08,0.243672360125627,0.391981304325505,41.3467591921785,0.16129498463339,0.2727425717753,0.444649151312219,63.5209427824328,0.250154470350301,0.308823529411765,0.872549019607843,204
"UMass-gbqr_2src_utseirs_otid50",2025-03-15,0.305829079011056,0.509792567177948,40.2569849728175,0.23711834141127,0.324101092894773,0.554359746364996,61.4600528364425,0.362277618706614,0.25,0.857843137254902,204
"UMass-gbqr_2src_utseirs_otid50",2025-03-22,0.269628938193563,0.395817290258727,27.7551931673962,0.194385625699097,0.266431138126782,0.398296075867004,42.4474432365615,0.296363816579399,0.333333333333333,0.892156862745098,204
"UMass-gbqr_2src_utseirs_otid50",2025-03-29,0.347945629037805,0.655300465011257,26.3175803030619,0.33820365405195,0.311793005140877,0.612495130275456,37.71319804829,0.48735171504217,0.25,0.764705882352941,204
"UMass-gbqr_2src_utseirs_otid50",2025-04-05,0.333021898589627,0.575914765181734,17.3907861078698,0.290084839811741,0.30778764564857,0.553219663779651,26.3656328809253,0.425980025653602,0.225490196078431,0.808823529411765,204
"UMass-gbqr_2src_utseirs_otid50",2025-04-12,0.492356450753009,0.856344897227153,16.0508066529584,0.390190068507304,0.459890037753382,0.895002361018267,23.819598720109,0.597432827194182,0.166666666666667,0.779411764705882,204
"UMass-gbqr_2src_utseirs_otid50",2025-04-19,0.879468229860146,1.45210550125912,19.032151722043,0.62883894984108,0.903982459167423,1.79505807681406,25.8476945309979,0.973752231110894,0.17156862745098,0.651960784313726,204
"UMass-gbqr_2src_utseirs_otid50",2025-05-03,0.729768717549321,1.12575821503291,11.8548797340774,0.547836924035638,1.15773321385542,1.58047656613008,17.8937883494419,0.868226951518894,0.240196078431373,0.686274509803922,204
"UMass-gbqr_2src_utseirs_otid50",2025-05-10,0.654581886803965,1.08078974974806,9.75549390606357,0.529235815510064,1.13685614664965,1.71628182580294,14.1549735906378,0.826819062563691,0.274509803921569,0.676470588235294,204
"UMass-gbqr_2src_utseirs_otid50",2025-05-17,0.693145896524855,1.15409832858614,9.68290691975893,0.585725041552494,1.36427861787721,1.8319598915581,14.0841704374971,0.879004977801846,0.259803921568627,0.686274509803922,204
"UMass-gbqr_3src",2024-11-30,0.791449249958918,0.600532163831733,69.4721163209794,0.469422847259828,0.778176900721437,0.572367791974843,96.3337227981333,0.688738642735742,0.269607843137255,0.71078431372549,204
"UMass-gbqr_3src",2024-12-07,0.88230213550676,0.691854081500016,149.39488203809,0.66102034400177,0.858420290444131,0.667996596321197,183.260108182021,0.905299277698894,0.122549019607843,0.504901960784314,204
"UMass-gbqr_3src",2024-12-14,0.865276829241824,0.713551975194712,250.48838810317,0.812724101186709,0.865595719611735,0.683587491578777,294.22192545881,1.05959422014975,0.0392156862745098,0.318627450980392,204
"UMass-gbqr_3src",2024-12-21,0.765209721436992,0.62780499167318,256.212085400459,0.641585046049606,0.822502042306278,0.644483931070465,319.211429869964,0.863982827984578,0.0588235294117647,0.299019607843137,204
"UMass-gbqr_3src",2024-12-28,0.727432148075167,0.616455974468111,248.443093737553,0.553258196286671,0.865245601495509,0.720453879259326,342.170704191415,0.820191351885993,0.0735294117647059,0.436274509803922,204
"UMass-gbqr_3src",2025-01-04,0.608541605890348,0.528173478614712,129.720901086578,0.216227084737703,0.78792568656544,0.62741235599529,206.687584633218,0.33100123765631,0.455882352941176,0.906862745098039,204
"UMass-gbqr_3src",2025-01-11,0.769280728999624,0.737712987385472,164.599682397276,0.23775221132012,0.983202341908387,0.92172263824461,260.500424412492,0.380224246998429,0.269607843137255,0.975490196078431,204
"UMass-gbqr_3src",2025-01-18,1.08291281084381,1.17843129764561,353.031641993576,0.526204082247532,1.35297180321467,1.51035079290147,523.600087844077,0.844351687029023,0.156862745098039,0.78921568627451,204
"UMass-gbqr_3src",2025-02-01,1.19655151384786,1.33179165063504,336.293363362763,0.539880498733117,1.35006614758418,1.4827118221185,456.38853759657,0.74740800691109,0.0784313725490196,0.42156862745098,204
"UMass-gbqr_3src",2025-02-08,0.695150928138436,0.773607499114254,164.181402541626,0.217436052715956,0.879138194192609,0.922950631081126,258.113250014569,0.328634156091859,0.318627450980392,0.808823529411765,204
"UMass-gbqr_3src",2025-02-15,0.489477120585882,0.593848725417621,125.319836128052,0.198433956128738,0.615769540520203,0.742985172705489,197.655985550705,0.310745248039282,0.308823529411765,0.931372549019608,204
"UMass-gbqr_3src",2025-02-22,0.387460976192244,0.514512425517946,85.2391198900582,0.176937794371637,0.450498462726171,0.603212592730445,129.184850838325,0.269071042619931,0.367647058823529,0.950980392156863,204
"UMass-gbqr_3src",2025-03-01,0.350118457853021,0.491402391024768,70.21037141919,0.195457523455431,0.389784173332427,0.555527183768246,102.937414480937,0.289695478340703,0.279411764705882,0.970588235294118,204
"UMass-gbqr_3src",2025-03-08,0.275150399859611,0.412257020218601,46.6880089262553,0.169638166431397,0.287274246879122,0.441555250019182,66.905327173892,0.248413877262488,0.401960784313726,0.990196078431373,204
"UMass-gbqr_3src",2025-03-15,0.287831006881606,0.428059841413978,37.8878573489896,0.199102235214473,0.304252558742331,0.472418197563394,57.6961286026818,0.308728295604372,0.367647058823529,0.990196078431373,204
"UMass-gbqr_3src",2025-03-22,0.318031455618208,0.451806233285826,32.7376747582441,0.221881760886722,0.313253071735815,0.456569092257488,49.9070494337535,0.339723554692522,0.357843137254902,0.955882352941177,204
"UMass-gbqr_3src",2025-03-29,0.334707482293398,0.531097479462604,25.3162859601122,0.274101908670166,0.31143652973058,0.527033902855451,37.6700802505003,0.419351703786542,0.441176470588235,0.916666666666667,204
"UMass-gbqr_3src",2025-04-05,0.29078313335677,0.460448293506002,15.1850292650433,0.231925065198024,0.264704389056647,0.450680889057182,22.6750450919849,0.347025005167989,0.431372549019608,0.901960784313726,204
"UMass-gbqr_3src",2025-04-12,0.327478565586289,0.492962702963581,10.6757921647512,0.224616450058536,0.329648633108034,0.550002190063892,17.0738600853897,0.367137984975836,0.490196078431373,0.965686274509804,204
"UMass-gbqr_3src",2025-04-19,0.565431800504545,0.696272946186836,12.2362394118338,0.301523234987562,0.700884372916407,0.903052339875464,20.0404830746147,0.489872301137103,0.406862745098039,0.936274509803922,204
"UMass-gbqr_3src",2025-05-03,0.414465778133826,0.529764533367529,6.7328755474302,0.257803646065117,0.667134199354954,0.737884466439635,10.3111476988538,0.40535316663297,0.318627450980392,0.950980392156863,204
"UMass-gbqr_3src",2025-05-10,0.389645337863299,0.499488754265091,5.8070392653408,0.244587199557743,0.719092521177252,0.777269622078927,8.95340688132462,0.374449773122704,0.367647058823529,0.941176470588235,204
"UMass-gbqr_3src",2025-05-17,0.411780396511291,0.524596040967675,5.75236940850487,0.266241645346193,0.859574893045359,0.865598295615103,8.87384668996827,0.415328531005855,0.348039215686274,0.897058823529412,204
"UMass-gbqr_3src_ar6fp",2024-11-30,0.678423186034216,0.477314397276861,59.5508739157501,0.37310621629018,0.691439048241052,0.46505859156073,85.5960868837232,0.559611892274698,0.372549019607843,0.799019607843137,204
"UMass-gbqr_3src_ar6fp",2024-12-07,0.796386755641348,0.569357438391833,134.847350615786,0.543982986946833,0.796062178041399,0.56534849718213,169.947568215103,0.766185919158547,0.191176470588235,0.588235294117647,204
"UMass-gbqr_3src_ar6fp",2024-12-14,0.829385218873194,0.640163637377893,240.098150755034,0.729135977317407,0.842816039715924,0.63193830737042,286.478955931088,0.97953544532309,0.0686274509803922,0.348039215686274,204
"UMass-gbqr_3src_ar6fp",2024-12-21,0.76120639727464,0.601097097727941,254.871668514166,0.614290925113938,0.816968713981726,0.626533141940827,317.063955996869,0.839918343504694,0.0735294117647059,0.333333333333333,204
"UMass-gbqr_3src_ar6fp",2024-12-28,0.728819917539616,0.605021671290393,248.917064732723,0.542996113974374,0.833151915108165,0.684706269558207,329.478909801158,0.779494950393095,0.0833333333333333,0.372549019607843,204
"UMass-gbqr_3src_ar6fp",2025-01-04,0.568632541363106,0.520492892117214,121.213611261388,0.213082756416286,0.744211370247426,0.629602550907931,195.220505176718,0.332156709364614,0.411764705882353,0.897058823529412,204
"UMass-gbqr_3src_ar6fp",2025-01-11,0.753578044508804,0.757116066348495,161.239846666912,0.244005490046074,0.956623795589072,0.931238048596812,253.458412507791,0.384149494774634,0.254901960784314,0.906862745098039,204
"UMass-gbqr_3src_ar6fp",2025-01-18,1.0583354312294,1.10069754845527,345.019369357877,0.491493686966888,1.24211456052588,1.32933778897573,480.698334923517,0.743157556528204,0.156862745098039,0.681372549019608,204
"UMass-gbqr_3src_ar6fp",2025-02-01,1.17643672176303,1.31548133724482,330.64005800544,0.533268638594628,1.30354952876775,1.46030501076193,440.663640210204,0.736113141673342,0.0980392156862745,0.377450980392157,204
"UMass-gbqr_3src_ar6fp",2025-02-08,0.679566319244119,0.80986655279598,160.500614898597,0.227627300237208,0.836841914090097,0.962304224623595,245.695145110354,0.342646752830497,0.299019607843137,0.799019607843137,204
"UMass-gbqr_3src_ar6fp",2025-02-15,0.440591099579726,0.588436848245726,112.803647150494,0.196625582798398,0.54707478578574,0.73954154625093,175.60564275893,0.309304989745998,0.372549019607843,0.901960784313726,204
"UMass-gbqr_3src_ar6fp",2025-02-22,0.307346459187224,0.476770175398691,67.6144006550126,0.163958456731733,0.346165547038965,0.555847491183335,99.266364393296,0.247943205750029,0.504901960784314,0.941176470588235,204
"UMass-gbqr_3src_ar6fp",2025-03-01,0.286249714848948,0.430005241491115,57.4025686089901,0.171036529552563,0.335149506190512,0.508862833648398,88.5090416495473,0.265361023386169,0.431372549019608,0.975490196078431,204
"UMass-gbqr_3src_ar6fp",2025-03-08,0.213144411939064,0.339987748791042,36.1667226806498,0.139900342469532,0.230321693178969,0.377254953352056,53.6412449246372,0.212239273963093,0.53921568627451,1,204
"UMass-gbqr_3src_ar6fp",2025-03-15,0.242236188777274,0.382047773759984,31.8861065893827,0.177700775347347,0.24899922688505,0.417061355963063,47.2183092747459,0.272552247675952,0.514705882352941,0.980392156862745,204
"UMass-gbqr_3src_ar6fp",2025-03-22,0.243622677605259,0.358686064219595,25.0781482217537,0.176150503625795,0.226949722685065,0.353297141608373,36.1573183185651,0.262881046582573,0.583333333333333,0.985294117647059,204
"UMass-gbqr_3src_ar6fp",2025-03-29,0.2934469337312,0.509816529985544,22.1954598611125,0.263118710489904,0.261492467874406,0.499744865736239,31.6290521803969,0.397638291900449,0.529411764705882,0.955882352941177,204
"UMass-gbqr_3src_ar6fp",2025-04-05,0.278718712762703,0.464589472586081,14.5550113624508,0.234010952455486,0.254221201133569,0.455578236938223,21.7770367147506,0.350795970866764,0.573529411764706,0.96078431372549,204
"UMass-gbqr_3src_ar6fp",2025-04-12,0.353922277389405,0.566580109076417,11.5378564368639,0.258159921652176,0.346817408978192,0.616663181775732,17.9631016826646,0.411635593559419,0.573529411764706,0.980392156862745,204
"UMass-gbqr_3src_ar6fp",2025-04-19,0.563675888214801,0.77293933728567,12.1982405530071,0.334723861818666,0.687601204647342,0.981498496700573,19.6606756211174,0.532426423043899,0.475490196078431,0.955882352941177,204
"UMass-gbqr_3src_ar6fp",2025-05-03,0.443678755401233,0.581419262823051,7.20743183334833,0.282940809373295,0.726145394348159,0.80863780305206,11.2232177861752,0.444221160675559,0.563725490196078,0.975490196078431,204
"UMass-gbqr_3src_ar6fp",2025-05-10,0.401031529551089,0.541328587988722,5.97673220347855,0.26507512380637,0.722680957002868,0.832770911333916,8.99808642542787,0.401187528695812,0.63235294117647,0.990196078431373,204
"UMass-gbqr_3src_ar6fp",2025-05-17,0.416561905010993,0.563980975971893,5.81916472817821,0.286230187154541,0.862248508749594,0.927793260640797,8.90144784032669,0.445170714835163,0.553921568627451,0.985294117647059,204
"UMass-gbqr_3src_ar6p",2024-11-30,0.8344519574644,0.661893354659434,73.2468234144449,0.517387546978499,0.818827636978306,0.640595380871107,101.366044824756,0.770837911129953,0.235294117647059,0.705882352941177,204
"UMass-gbqr_3src_ar6p",2024-12-07,0.905836092276727,0.735828980377478,153.379744540457,0.703035421401328,0.8843117018966,0.722954435981822,188.787543771073,0.979780634075045,0.132352941176471,0.509803921568627,204
"UMass-gbqr_3src_ar6p",2024-12-14,0.897717337468251,0.765800614587629,259.879568289984,0.87223445217025,0.899477237446337,0.749267947035914,305.738485891012,1.16140215525174,0.0392156862745098,0.299019607843137,204
"UMass-gbqr_3src_ar6p",2024-12-21,0.817244018958356,0.690747048803875,273.634519416667,0.705908654746997,0.867921077592107,0.714316049177159,336.838468407462,0.957598429518292,0.0637254901960784,0.28921568627451,204
"UMass-gbqr_3src_ar6p",2024-12-28,0.763894370062533,0.668429144346673,260.896196420816,0.599903185407141,0.870680014175814,0.754268387237053,344.319801292253,0.858687038855053,0.0784313725490196,0.372549019607843,204
"UMass-gbqr_3src_ar6p",2025-01-04,0.571470116804961,0.545908395134391,121.818488297987,0.223487519902252,0.748187696363917,0.659322504377191,196.263569585893,0.347835937367396,0.392156862745098,0.892156862745098,204
"UMass-gbqr_3src_ar6p",2025-01-11,0.766012124605889,0.788088793436949,163.900313201078,0.253987467429979,0.964470402713684,0.957792430661386,255.537378758209,0.395103570877441,0.279411764705882,0.906862745098039,204
"UMass-gbqr_3src_ar6p",2025-01-18,1.02011701737222,1.06558466167503,332.560093538729,0.475814754813463,1.22634674352104,1.30792456242208,474.596189742642,0.731186632918745,0.161764705882353,0.720588235294118,204
"UMass-gbqr_3src_ar6p",2025-02-01,1.08202951498213,1.24766600319641,304.10671052595,0.505777719613159,1.22478573406294,1.40301900631394,414.03761662965,0.707236310876108,0.127450980392157,0.426470588235294,204
"UMass-gbqr_3src_ar6p",2025-02-08,0.65610819630862,0.773652432236378,154.960253275464,0.217448681963633,0.82616903945498,0.936838125357671,242.561610044689,0.333579063011156,0.352941176470588,0.82843137254902,204
"UMass-gbqr_3src_ar6p",2025-02-15,0.478759960345447,0.626069658004367,122.575943290974,0.209200548443724,0.588684792730075,0.790457003391806,188.962047046817,0.330599810880398,0.367647058823529,0.906862745098039,204
"UMass-gbqr_3src_ar6p",2025-02-22,0.354606189360673,0.51964651716661,78.0112613810013,0.178703378266918,0.412928995448432,0.619654030730192,118.411437768323,0.276404965880284,0.450980392156863,0.946078431372549,204
"UMass-gbqr_3src_ar6p",2025-03-01,0.328108654269379,0.475772384420778,65.7966752834678,0.189240617640144,0.383944057765603,0.568294172705611,101.395108666981,0.296353188485673,0.387254901960784,0.970588235294118,204
"UMass-gbqr_3src_ar6p",2025-03-08,0.236301887744038,0.365773527417832,40.096124337503,0.150510840269994,0.254423276372618,0.405851310156607,59.2544327634288,0.228327253596654,0.519607843137255,0.995098039215686,204
"UMass-gbqr_3src_ar6p",2025-03-15,0.255846843721426,0.402370887696829,33.6777083995465,0.187153606516882,0.261588047922992,0.4426446531438,49.6055570289263,0.289271095034683,0.5,0.985294117647059,204
"UMass-gbqr_3src_ar6p",2025-03-22,0.251995071306522,0.371815460351581,25.9399897066066,0.182598341921336,0.23525385823031,0.36971393945011,37.4803217958004,0.275096444019765,0.598039215686274,0.985294117647059,204
"UMass-gbqr_3src_ar6p",2025-03-29,0.308936199461116,0.529636744319954,23.3670221991991,0.273348016388345,0.276646378589963,0.523481382839438,33.4620068220948,0.416525025439325,0.519607843137255,0.950980392156863,204
"UMass-gbqr_3src_ar6p",2025-04-05,0.289842567583293,0.484675850124246,15.1359118398644,0.244128341282491,0.262694307279471,0.474579192705787,22.5028579397488,0.365426737188428,0.57843137254902,0.96078431372549,204
"UMass-gbqr_3src_ar6p",2025-04-12,0.36548111197239,0.592615054032426,11.9146741240116,0.270022638402008,0.360757071415584,0.649377921444177,18.6850941989072,0.433473367695349,0.593137254901961,0.980392156862745,204
"UMass-gbqr_3src_ar6p",2025-04-19,0.578788877282865,0.812884347079851,12.5252935279198,0.352022176568238,0.706020154969311,1.05154896067506,20.1873311957647,0.570426193896202,0.475490196078431,0.955882352941177,204
"UMass-gbqr_3src_ar6p",2025-05-03,0.457985657747821,0.601400447823681,7.43984328454831,0.292664416790197,0.738721050965374,0.839997631199975,11.4175856553619,0.461448526507176,0.588235294117647,0.975490196078431,204
"UMass-gbqr_3src_ar6p",2025-05-10,0.41045963334707,0.555592366407241,6.11724297987125,0.272059740754616,0.72176290146961,0.859024470566585,8.98665573398437,0.413835185337844,0.656862745098039,0.990196078431373,204
"UMass-gbqr_3src_ar6p",2025-05-17,0.426886946652346,0.581386580300818,5.96340047660737,0.295063835091017,0.85630138233359,0.962898307552467,8.8400525058556,0.462014703136174,0.549019607843137,0.985294117647059,204
"UMass-gbqr_3src_spatial",2024-11-30,0.776637339750546,0.589960464043927,68.1719511505842,0.461159180942434,0.755129135183465,0.559003906259092,93.4805449996236,0.67265768109081,0.220588235294118,0.67156862745098,204
"UMass-gbqr_3src_spatial",2024-12-07,0.819820165300495,0.625961881549465,138.81518808426,0.598064749978372,0.775490905939001,0.575048391046123,165.555904139948,0.779331655165571,0.142156862745098,0.46078431372549,204
"UMass-gbqr_3src_spatial",2024-12-14,0.775159644275959,0.592554533921269,224.400426840791,0.674909982351124,0.779089036384666,0.563386754579103,264.817710156613,0.873277168197201,0.0735294117647059,0.308823529411765,204
"UMass-gbqr_3src_spatial",2024-12-21,0.626436764593578,0.444838689238708,209.747295848035,0.454602710563405,0.682220595048146,0.455221106508186,264.768475250744,0.610260706276956,0.107843137254902,0.397058823529412,204
"UMass-gbqr_3src_spatial",2024-12-28,0.6339450915388,0.48815465040438,216.514049067516,0.438110055831162,0.776732203220041,0.57722389823512,307.167126287125,0.657133042188748,0.137254901960784,0.544117647058823,204
"UMass-gbqr_3src_spatial",2025-01-04,0.564821076248817,0.487804339349343,120.401133224882,0.199700504645845,0.718089028658956,0.57789214004897,188.368128385425,0.304876070355073,0.416666666666667,0.911764705882353,204
"UMass-gbqr_3src_spatial",2025-01-11,0.741505128662401,0.726092396994941,158.65665689104,0.234007094846049,0.910358309573281,0.871635023394545,241.200326629587,0.359562363639914,0.196078431372549,0.970588235294118,204
"UMass-gbqr_3src_spatial",2025-01-18,1.19484518113273,1.32115843333741,389.521808218999,0.589935927793874,1.42029002970942,1.6287213505342,549.652241497547,0.910525969521212,0.107843137254902,0.637254901960784,204
"UMass-gbqr_3src_spatial",2025-02-01,1.1419854692864,1.25076670930689,320.957459777664,0.507034681060958,1.33314128485472,1.43866534644873,450.667104343878,0.7252049812788,0.0833333333333333,0.470588235294118,204
"UMass-gbqr_3src_spatial",2025-02-08,0.676000030768704,0.712901610095925,159.658325519326,0.200373590291702,0.878055008705422,0.868473037891875,257.795228879424,0.309236371139165,0.387254901960784,0.88235294117647,204
"UMass-gbqr_3src_spatial",2025-02-15,0.520179177636037,0.616942182812939,133.180421631445,0.206150611760896,0.671819892220996,0.786630545990973,215.647598933408,0.328999437820726,0.323529411764706,0.950980392156863,204
"UMass-gbqr_3src_spatial",2025-02-22,0.412557805002675,0.542103125424013,90.7602735836658,0.186426073652036,0.485277021364183,0.648311871524032,139.157943494036,0.28918817895402,0.382352941176471,0.950980392156863,204
"UMass-gbqr_3src_spatial",2025-03-01,0.384948460376394,0.518909664633377,77.1949429516166,0.206398665938147,0.448652280287282,0.617390865783995,118.48378896175,0.321956057979496,0.245098039215686,0.96078431372549,204
"UMass-gbqr_3src_spatial",2025-03-08,0.304564111281374,0.443669018376446,51.6789797629841,0.182563777179318,0.336241232841319,0.502746280349407,78.3095941839406,0.282839243278083,0.308823529411765,0.995098039215686,204
"UMass-gbqr_3src_spatial",2025-03-15,0.332724645236253,0.478364357434647,43.7973102056709,0.222500229167873,0.378122614412212,0.556096303508035,71.704281071257,0.363412469840112,0.308823529411765,0.975490196078431,204
"UMass-gbqr_3src_spatial",2025-03-22,0.349336309450197,0.48594911570296,35.9601488406075,0.238649309261092,0.356342187685936,0.503114525501868,56.771948245003,0.37435704238285,0.303921568627451,0.941176470588235,204
"UMass-gbqr_3src_spatial",2025-03-29,0.337824758919701,0.52491154845397,25.552067562446,0.270909320563584,0.306809639748661,0.515763837377623,37.1104306901873,0.410384308834705,0.426470588235294,0.926470588235294,204
"UMass-gbqr_3src_spatial",2025-04-05,0.286118922002438,0.45723201944735,14.9414587900426,0.230305047095518,0.25536270468266,0.441145793595974,21.8748199231838,0.339682966417189,0.382352941176471,0.877450980392157,204
"UMass-gbqr_3src_spatial",2025-04-12,0.32121511355357,0.484608015788025,10.4716038020244,0.22080967083682,0.327271625821405,0.539169102373168,16.9507450903381,0.359906671978016,0.485294117647059,0.980392156862745,204
"UMass-gbqr_3src_spatial",2025-04-19,0.540419585700035,0.68447796219981,11.6949620229514,0.29641537929983,0.671422430904993,0.900348735193864,19.1980737228864,0.488405696170526,0.401960784313726,0.965686274509804,204
"UMass-gbqr_3src_spatial",2025-05-03,0.389645054967605,0.512873521284673,6.32967014690754,0.249583834759498,0.643738027650565,0.718868114781466,9.94953922148152,0.39490662830206,0.338235294117647,0.96078431372549,204
"UMass-gbqr_3src_spatial",2025-05-10,0.403594333317231,0.531615492819827,6.01492668613541,0.260318863077551,0.760865527297547,0.842296422091125,9.47352176144985,0.405776445129179,0.333333333333333,0.96078431372549,204
"UMass-gbqr_3src_spatial",2025-05-17,0.382753814753593,0.512131417594518,5.34688235193036,0.259915631468223,0.828539985284854,0.878727552691034,8.55345690691129,0.421628168010881,0.382352941176471,0.955882352941177,204
"UMass-gbqr_3src_spatial_wisar",2024-11-30,0.599448405786927,0.432398856063662,52.6185973104614,0.337996720891989,0.613592686489244,0.429928597467195,75.9591652186243,0.517339449991015,0.392156862745098,0.862745098039216,204
"UMass-gbqr_3src_spatial_wisar",2024-12-07,0.77831978011678,0.551616483415898,131.788178968505,0.527032689948242,0.765513236504428,0.543449335073703,163.4258184461,0.736507181649776,0.235294117647059,0.612745098039216,204
"UMass-gbqr_3src_spatial_wisar",2024-12-14,0.789028520206606,0.588913176906883,228.415318097864,0.670762535900836,0.807145679005692,0.590387816976808,274.354355529087,0.915130142406009,0.0980392156862745,0.397058823529412,204
"UMass-gbqr_3src_spatial_wisar",2024-12-21,0.715746512639109,0.533266873931319,239.650518653888,0.544971856557112,0.774434835991584,0.563771660336407,300.556641348655,0.755781501993343,0.0784313725490196,0.42156862745098,204
"UMass-gbqr_3src_spatial_wisar",2024-12-28,0.672947081138905,0.512972367706645,229.834569728872,0.460383512621731,0.797906759422371,0.608994264997219,315.540832890394,0.693301603167709,0.112745098039216,0.534313725490196,204
"UMass-gbqr_3src_spatial_wisar",2025-01-04,0.647110262993172,0.558757592450742,137.942460474876,0.228747807647523,0.809430015996121,0.664558369070934,212.328570813728,0.350598199980284,0.343137254901961,0.872549019607843,204
"UMass-gbqr_3src_spatial_wisar",2025-01-11,0.735205434738005,0.69410774009456,157.308738530335,0.223698989883261,0.912425427961402,0.850259885872861,241.748011673107,0.350744802660672,0.264705882352941,0.955882352941177,204
"UMass-gbqr_3src_spatial_wisar",2025-01-18,1.0737654645515,1.07840798420533,350.049589653701,0.481540743826909,1.23124784882017,1.28540396615957,476.492917493407,0.718596641549507,0.205882352941176,0.651960784313726,204
"UMass-gbqr_3src_spatial_wisar",2025-02-01,1.21657878776462,1.3202533113728,341.922071551679,0.535203097164728,1.37222346685911,1.52288315603762,463.878797654597,0.767657644211854,0.0735294117647059,0.46078431372549,204
"UMass-gbqr_3src_spatial_wisar",2025-02-08,0.721574280800389,0.861205899038626,170.422094921206,0.242057130362692,0.869381938085712,1.02187991081954,255.248832351498,0.363859810926209,0.264705882352941,0.818627450980392,204
"UMass-gbqr_3src_spatial_wisar",2025-02-15,0.431659614496284,0.561069419338218,110.516937108363,0.187480783871079,0.549624847364717,0.719378082995692,176.424187525178,0.30087184650067,0.392156862745098,0.950980392156863,204
"UMass-gbqr_3src_spatial_wisar",2025-02-22,0.2940414627682,0.423282613994316,64.6873802462908,0.1455643992283,0.330334400407061,0.489396221531397,94.7266278892777,0.21830172839338,0.588235294117647,0.990196078431373,204
"UMass-gbqr_3src_spatial_wisar",2025-03-01,0.248330369028305,0.386405604188156,49.7984812084977,0.153694576630804,0.288054316963692,0.451764315230326,76.071756235794,0.235585374076865,0.519607843137255,0.995098039215686,204
"UMass-gbqr_3src_spatial_wisar",2025-03-08,0.195358630967475,0.327187157917308,33.1487997512786,0.134633073124046,0.206563317458407,0.354940852603209,48.1079890968941,0.199685618934858,0.57843137254902,1,204
"UMass-gbqr_3src_spatial_wisar",2025-03-15,0.213574440256154,0.34378777831644,28.1132947193,0.159905014392658,0.21970043586265,0.378375123937563,41.6623105948364,0.247270549091542,0.53921568627451,1,204
"UMass-gbqr_3src_spatial_wisar",2025-03-22,0.221967953756194,0.33693725678123,22.8490438554191,0.16546967778478,0.20581233629345,0.32510651481959,32.7897389307521,0.241904988185053,0.63235294117647,0.990196078431373,204
"UMass-gbqr_3src_spatial_wisar",2025-03-29,0.236922136717681,0.384308987968443,17.9200910667658,0.198343677375082,0.220772315656545,0.386962045366236,26.7037102393394,0.307898964650785,0.558823529411765,0.990196078431373,204
"UMass-gbqr_3src_spatial_wisar",2025-04-05,0.233672867070173,0.385063641344888,12.2026655533476,0.193954264537062,0.216828327845016,0.384483246683794,18.5738972014297,0.296052714697028,0.553921568627451,0.985294117647059,204
"UMass-gbqr_3src_spatial_wisar",2025-04-12,0.322318657154069,0.472159716890024,10.5075792928251,0.215137654088033,0.323490679641681,0.512395844849159,16.7549143190883,0.342034961653622,0.57843137254902,1,204
"UMass-gbqr_3src_spatial_wisar",2025-04-19,0.487894308066377,0.619231034225939,10.558287588077,0.268159987641395,0.610224929860203,0.801898273691372,17.4482451758557,0.4349999831297,0.480392156862745,0.995098039215686,204
"UMass-gbqr_3src_spatial_wisar",2025-05-03,0.360451895655599,0.484685728198283,5.85543579788831,0.23586657855511,0.608525672804369,0.68353194741621,9.40530120760869,0.375494880271515,0.490196078431373,0.985294117647059,204
"UMass-gbqr_3src_spatial_wisar",2025-05-10,0.389908299434549,0.511452271226951,5.8109582861044,0.25044543577543,0.753754325198724,0.82087980158053,9.38498032355275,0.39545898454221,0.5,0.995098039215686,204
"UMass-gbqr_3src_spatial_wisar",2025-05-17,0.391846183575101,0.518717626919867,5.47389826794483,0.263258247634637,0.878581684794827,0.893023822458809,9.07006386361719,0.428487757212468,0.46078431372549,0.990196078431373,204
"UMass-gbqr_3src_wisar",2024-11-30,0.614597143236782,0.442533170042453,53.9483286233496,0.34591849229653,0.631801372588754,0.440971425083798,78.2132934478254,0.530627448042726,0.401960784313726,0.86764705882353,204
"UMass-gbqr_3src_wisar",2024-12-07,0.809583886618988,0.580597041901123,137.081940952024,0.554721677050455,0.806969508184141,0.585704939472367,172.276122798664,0.793773892814942,0.225490196078431,0.627450980392157,204
"UMass-gbqr_3src_wisar",2024-12-14,0.834076833479428,0.646245168748371,241.45632300766,0.736062742695025,0.850596475874338,0.651287678716359,289.123579576483,1.00952792221048,0.0784313725490196,0.392156862745098,204
"UMass-gbqr_3src_wisar",2024-12-21,0.786914186371266,0.633725661200153,263.479303873414,0.64763567177175,0.845040490265043,0.672632820539344,327.958557329725,0.901718690673276,0.0637254901960784,0.367647058823529,204
"UMass-gbqr_3src_wisar",2024-12-28,0.722142310549479,0.576182051831466,246.636432313901,0.517113072030938,0.841924326492402,0.679983212673722,332.948054487491,0.774118047689617,0.0735294117647059,0.490196078431373,204
"UMass-gbqr_3src_wisar",2025-01-04,0.672142761807342,0.586815847760867,143.278559553709,0.240234478209716,0.849156345297344,0.705063220735554,222.74952698969,0.371967170329627,0.387254901960784,0.862745098039216,204
"UMass-gbqr_3src_wisar",2025-01-11,0.747814452015694,0.700071305412018,160.006635619149,0.225620944445296,0.948821912472272,0.875082355785497,251.39129592709,0.360984439336133,0.32843137254902,0.950980392156863,204
"UMass-gbqr_3src_wisar",2025-01-18,1.01692550746614,1.01860047342956,331.519655221535,0.454834938930054,1.20045824525129,1.23926235102372,464.57734091225,0.692801474780765,0.225490196078431,0.725490196078431,204
"UMass-gbqr_3src_wisar",2025-02-01,1.24839966422468,1.36562376842086,350.865396971485,0.553595332141705,1.38121933000638,1.54795454721985,466.919840372057,0.7802956755774,0.0686274509803922,0.441176470588235,204
"UMass-gbqr_3src_wisar",2025-02-08,0.768222940880378,0.94718183942167,181.439619502709,0.266222187096029,0.925261808807317,1.12848809429195,271.655052826987,0.40181968573219,0.245098039215686,0.799019607843137,204
"UMass-gbqr_3src_wisar",2025-02-15,0.440830986211757,0.566648059558747,112.865064839189,0.189344880906902,0.556216897600389,0.719726467504803,178.540171022886,0.301017554429541,0.401960784313726,0.950980392156863,204
"UMass-gbqr_3src_wisar",2025-02-22,0.279287117280374,0.405550869570063,61.4415116267058,0.139466556701697,0.317230746187951,0.471531924979472,90.9690265747496,0.210333120050606,0.544117647058823,0.990196078431373,204
"UMass-gbqr_3src_wisar",2025-03-01,0.236139198240318,0.372677605979884,47.353746834,0.148234203256971,0.272281728167474,0.43398696825546,71.9064010945808,0.226314869975556,0.514705882352941,0.995098039215686,204
"UMass-gbqr_3src_wisar",2025-03-08,0.189067938764506,0.314251931595373,32.0813839166137,0.129310403119628,0.19916398238965,0.343467489687514,46.3847057221307,0.193230837643042,0.583333333333333,1,204
"UMass-gbqr_3src_wisar",2025-03-15,0.209091761675711,0.330530954328818,27.5232294291241,0.153738906217078,0.21001267418228,0.354027766386719,39.8251975526544,0.231359396138689,0.57843137254902,1,204
"UMass-gbqr_3src_wisar",2025-03-22,0.217892210603252,0.328386149718486,22.4294930487866,0.161270234410983,0.200673463205952,0.31037493942418,31.9710207238071,0.230943529679826,0.647058823529412,0.990196078431373,204
"UMass-gbqr_3src_wisar",2025-03-29,0.23681997219562,0.387417442258944,17.9123636438898,0.199947965263819,0.219701707206089,0.39045580542467,26.57421384956,0.31067888872244,0.549019607843137,0.990196078431373,204
"UMass-gbqr_3src_wisar",2025-04-05,0.237481739750221,0.391869116986413,12.401569260195,0.19738214211664,0.220981807994103,0.393455070831359,18.9296916406713,0.302961033635708,0.553921568627451,0.985294117647059,204
"UMass-gbqr_3src_wisar",2025-04-12,0.328303252609171,0.479467742859933,10.7026769388478,0.218467526389586,0.329224997470312,0.525821789477352,17.05191825133,0.350997060980207,0.588235294117647,1,204
"UMass-gbqr_3src_wisar",2025-04-19,0.500469475275621,0.625209857152427,10.8304207728021,0.270749136106928,0.625306409672162,0.805233212432606,17.8794719981261,0.436809063338213,0.485294117647059,0.990196078431373,204
"UMass-gbqr_3src_wisar",2025-05-03,0.374328072869314,0.492829871811183,6.08085024507066,0.239829829745478,0.629582749403531,0.694124490984241,9.73075690622221,0.381313841468404,0.490196078431373,0.980392156862745,204
"UMass-gbqr_3src_wisar",2025-05-10,0.384153256084718,0.494820158961961,5.72518858874455,0.242301104743174,0.734421995362749,0.778687833137929,9.1442738638303,0.375132996542479,0.514705882352941,0.995098039215686,204
"UMass-gbqr_3src_wisar",2025-05-17,0.40024626014161,0.518870123206509,5.5912432019914,0.26333564216127,0.888894420163972,0.884034838631483,9.1765276905163,0.424174692518197,0.436274509803922,0.985294117647059,204
"UMass-trends_ensemble",2024-11-30,0.962269524454733,0.918143075830445,84.4664396845695,0.717692344899927,0.823730894115783,0.797470727472295,101.973039215686,0.959608339535804,0.147058823529412,0.362745098039216,204
"UMass-trends_ensemble",2024-12-07,1.03305542953481,1.01112391521977,174.92102514919,0.966061335965356,0.908325870818121,0.863245388604642,193.914215686275,1.16990929457507,0.0882352941176471,0.200980392156863,204
"UMass-trends_ensemble",2024-12-14,0.982562782791597,0.991870056899915,284.441417306053,1.12972387227717,0.915446849627205,0.878748370159466,311.166666666667,1.36210317692696,0.0245098039215686,0.0735294117647059,204
"UMass-trends_ensemble",2024-12-21,0.912796034361326,0.892523321806364,305.62781543052,0.912113831709674,0.892714596069317,0.837598365172214,346.460784313725,1.12286834375336,0.0392156862745098,0.127450980392157,204
"UMass-trends_ensemble",2024-12-28,0.734261527301428,0.702063312553885,250.775561594203,0.630089248981235,0.794493888985299,0.726094537122518,314.191176470588,0.826612885493521,0.0784313725490196,0.269607843137255,204
"UMass-trends_ensemble",2025-01-04,0.701704057161214,0.666132954865782,149.580047953964,0.272705830016524,0.862911815820455,0.778524484424539,226.357843137255,0.410722813199103,0.313725490196078,0.691176470588235,204
"UMass-trends_ensemble",2025-01-11,0.917160940642876,0.89866614787958,196.240973998295,0.28962464745827,1.06518963922294,0.999358599649399,282.223039215686,0.412250231541191,0.240196078431373,0.647058823529412,204
"UMass-trends_ensemble",2025-01-18,0.515563954768726,0.551306573693772,168.074832693947,0.24617452899219,0.660865379743629,0.659593349164051,255.754901960784,0.368741327999636,0.485294117647059,0.818627450980392,204
"UMass-trends_ensemble",2025-02-01,0.765295049208588,0.789972352851851,215.087811167945,0.320238280244261,0.90214900959949,0.861589547617793,304.970588235294,0.434311588370797,0.274509803921569,0.573529411764706,204
"UMass-trends_ensemble",2025-02-08,1.03271088346107,0.993172518114899,243.906631500426,0.279148679727284,1.15365479012923,1.07337286139243,338.710784313725,0.382194857012453,0.299019607843137,0.553921568627451,204
"UMass-trends_ensemble",2025-02-15,1.24357554520488,1.18160751382787,318.390128942881,0.394832965913022,1.3383448886717,1.22838414264216,429.595588235294,0.513757944459232,0.205882352941176,0.504901960784314,204
"UMass-trends_ensemble",2025-02-22,1.09379911810964,1.07818095204689,240.629327578858,0.370780082515294,1.20085813432708,1.13459458241152,344.357843137255,0.506101084293537,0.318627450980392,0.622549019607843,204
"UMass-trends_ensemble",2025-03-01,0.87030714142698,0.983956771967743,174.525467817562,0.391373256110839,0.93680625162416,0.995471739658107,247.399509803922,0.519117102134852,0.357843137254902,0.691176470588235,204
"UMass-trends_ensemble",2025-03-08,0.609772624876138,0.751094631459773,103.467302855925,0.309065242915063,0.673980762349772,0.737626226909061,156.968137254902,0.414979984926054,0.529411764705882,0.86764705882353,204
"UMass-trends_ensemble",2025-03-15,0.484516054604884,0.707826540960078,63.7779624893436,0.329229310518262,0.542522941708673,0.688837992629535,102.879901960784,0.450160007613839,0.563725490196078,0.887254901960784,204
"UMass-trends_ensemble",2025-03-22,0.462407421229562,0.678988053170154,47.5995172634271,0.333450611698693,0.466647180086767,0.619231159167645,74.3455882352941,0.460757011668595,0.656862745098039,0.92156862745098,204
"UMass-trends_ensemble",2025-03-29,0.497873137977806,0.768065956711698,37.6576545183291,0.396402455030061,0.473698074974671,0.662329380028072,57.296568627451,0.527003960234478,0.642156862745098,0.941176470588235,204
"UMass-trends_ensemble",2025-04-05,0.463962018373644,0.760495921754626,24.2286295822677,0.383057269889684,0.40274678111588,0.60357112991074,34.5,0.464750735081532,0.764705882352941,0.936274509803922,204
"UMass-trends_ensemble",2025-04-12,0.495736931454931,0.856673241356874,16.161010230179,0.390339677174191,0.386712095400341,0.613752155603304,20.0294117647059,0.409692422600349,0.813725490196078,0.96078431372549,204
"UMass-trends_ensemble",2025-04-19,0.604172081341906,0.98216106256198,13.0745993179881,0.425328001733164,0.588119321104063,0.794664779733566,16.8161764705882,0.431076081741148,0.78921568627451,0.985294117647059,204
"UMass-trends_ensemble",2025-05-03,0.484417576082552,0.764293146242316,7.8692220801364,0.371934222382441,0.715667618141453,0.829982034456637,11.0612745098039,0.45594650818279,0.71078431372549,0.955882352941177,204
"UMass-trends_ensemble",2025-05-10,0.43556005899889,0.689819037938437,6.49132459505541,0.337787197910435,0.75,0.925620818881695,9.33823529411764,0.445917987507182,0.598039215686274,0.936274509803922,204
"UMass-trends_ensemble",2025-05-17,0.514215287132049,0.754235831883899,7.18333439897698,0.382787846605571,1.06149097815764,1.11922443392585,10.9583333333333,0.53702259161446,0.519607843137255,0.848039215686274,204
