"model_id","reference_date","wis_scaled_relative_skill","wis_scaled_relative_skill__log","wis","wis__log","ae_median_scaled_relative_skill","ae_median_scaled_relative_skill__log","ae_median","ae_median__log","interval_coverage_50","interval_coverage_95","n"
"FluSight-baseline",2025-11-22,1,1,2702.83119565217,0.882339575181679,1,1,4680.5,1.0619456576078,0,1,4
"FluSight-baseline",2025-11-29,1,1,5476.43467391304,0.884969407189429,1,1,7964.75,1.09721042298509,0,0.75,4
"FluSight-baseline",2025-12-06,1,1,11842.2292391304,1.01981663529566,1,1,14730,1.24905227094836,0,0.5,4
"FluSight-baseline",2025-12-13,1,1,18258.1554347826,1.08747979760114,1,1,21385.75,1.30300156783904,0,0.25,4
"FluSight-baseline",2025-12-20,1,1,19944.6764130435,0.990472360817219,1,1,23251.25,1.1984810109238,0,0,4
"FluSight-baseline",2025-12-27,1,1,11704.5819565217,0.423624723087602,1,1,13945,0.520688917102875,0.25,0.25,4
"FluSight-baseline",2026-01-03,1,1,7668.97945652174,0.285172920860901,1,1,10765,0.392088705307554,0,0.25,4
"FluSight-baseline",2026-01-10,1,1,14852.4833695652,0.564853931160941,1,1,18491.75,0.674394028811284,0,0,4
"FluSight-baseline",2026-01-17,1,1,6488.96217391304,0.305907010938069,1,1,9789,0.456386277814025,0,1,4
"FluSight-baseline",2026-01-24,1,1,947.65902173913,0.0601769619447911,1,1,987,0.0591488316533062,0.5,1,4
"FluSight-baseline",2026-01-31,1,1,1496.91173913043,0.118977484319676,1,1,2169.5,0.147251514970996,0.25,1,4
"FluSight-baseline",2026-02-07,1,1,1323.1772826087,0.102759907062584,1,1,1835.25,0.130879282807998,0.5,1,4
"FluSight-baseline",2026-02-14,1,1,1637.84826086957,0.135541812414521,1,1,2600.25,0.203578788049974,0.25,1,4
"FluSight-baseline",2026-02-21,1,1,2013.1722826087,0.183765292320822,1,1,3444,0.302655339809024,0,1,4
"FluSight-baseline",2026-02-28,1,1,2602.19858695652,0.265457671123234,1,1,4461.75,0.440389569516638,0,1,4
"FluSight-baseline",2026-03-07,1,1,2060.31934782609,0.315182823947086,1,1,3529,0.495056400367113,0,1,4
"FluSight-baseline",2026-03-14,1,1,2138.34413043478,0.398456021019059,1,1,3694.5,0.634626371262008,0,1,4
"FluSight-baseline",2026-03-21,1,1,2006.67608695652,0.483514953100777,1,1,3475,0.742576819396873,0,1,4
"FluSight-baseline",2026-03-28,1,1,1643.73445652174,0.520848718614869,1,1,2808.75,0.754134737078786,0,1,4
"FluSight-baseline",2026-04-04,1,1,703.521739130435,0.477559028626093,1,1,655.25,0.271301902025183,1,1,4
"FluSight-baseline",2026-04-11,1,1,680.570869565217,0.518045167407448,1,1,618,0.283725784712756,1,1,4
"FluSight-baseline",2026-04-18,1,1,563.34402173913,0.585342217136886,1,1,176.5,0.102545533197123,1,1,4
"FluSight-baseline",2026-04-25,1,1,554.873695652174,0.628387647167127,1,1,187.5,0.118887790318835,1,1,4
"FluSight-baseline",2026-05-02,1,1,537.404565217391,0.637958326705203,1,1,186.75,0.128782321221256,1,1,4
"FluSight-baseline",2026-05-09,1,1,544.408152173913,0.646044039375451,1,1,268.25,0.197482461206144,1,1,4
"FluSight-baseline",2026-05-16,1,1,521.18902173913,0.657130408563223,1,1,210.5,0.17109934546819,1,1,4
"FluSight-baseline",2026-05-23,1,1,501.639673913043,0.729088579803014,1,1,164.75,0.153301855401495,1,1,4
"FluSight-baseline",2026-05-30,1,1,489.791956521739,0.735007259324964,1,1,151.75,0.158039025833902,1,1,4
"UMass-AR2",2025-11-22,0.81655649659976,0.462325739327865,2207.01437202228,0.407928296434104,0.76574490174085,0.626612296540864,3584.06901259805,0.665428207315219,0,1,4
"UMass-AR2",2025-11-29,0.794479397158845,0.500009168079269,4350.91451831023,0.442492817064391,0.777740645396981,0.615475549217181,6194.50980542561,0.675306187693562,0,0.75,4
"UMass-AR2",2025-12-06,0.867560743384217,0.636259716760469,10273.8532020263,0.648868243520832,0.857599453210786,0.704996253783674,12632.4399457949,0.880577171798586,0,0,4
"UMass-AR2",2025-12-13,0.865614930263235,0.700567768035087,15804.5319434146,0.761853294588681,0.875107228645316,0.747624291315097,18714.8244150016,0.974155623738126,0,0,4
"UMass-AR2",2025-12-20,0.820660029898579,0.710681802501731,16367.7987414457,0.703910682713726,0.851276828477105,0.745780351096854,19793.2503581283,0.893803589109662,0,0.25,4
"UMass-AR2",2025-12-27,0.68122602085591,0.594612102951206,7973.46579202318,0.251892387457241,0.869223553678651,0.740752497681191,12121.3224560488,0.38570161585887,0,0.75,4
"UMass-AR2",2026-01-03,3.02351379163257,2.29438903781538,23187.2651545403,0.654297623505045,2.84765361480394,2.06489742346094,30654.9911633644,0.809622957357704,0,0.25,4
"UMass-AR2",2026-01-10,0.661456296716159,0.683258291178814,9824.26864667095,0.38594113177066,0.785517170671013,0.836183319855705,14525.5871407557,0.563917037902284,0,0.25,4
"UMass-AR2",2026-01-17,0.580826767714539,1.06533593054269,3768.96292529582,0.325893730157241,0.64455739966239,1.17204236337195,6309.57238529514,0.534904051659679,0,1,4
"UMass-AR2",2026-01-24,9.00074919227969,14.9177852687498,8529.64117447504,0.897706996418122,10.7606487277588,19.9987881638957,10620.7602942979,1.1829049543764,0,0,4
"UMass-AR2",2026-01-31,4.34082861324088,5.0717418639995,6497.83730871356,0.603423088097446,4.06691507401252,5.80467039056491,8823.17225307017,0.854746508917967,0,0,4
"UMass-AR2",2026-02-07,1.84893992937183,1.93546013435517,2446.47531145293,0.198887703529674,2.24052216598879,2.49497193244023,4111.91830513093,0.326540137143862,0.25,0.75,4
"UMass-AR2",2026-02-14,0.957288296759166,0.939084670876064,1567.89297199779,0.127285238301235,0.74652601195864,0.71070718413837,1941.15426259545,0.144684907205299,0.5,0.75,4
"UMass-AR2",2026-02-21,0.533484985199552,0.547786605986783,1073.99718539165,0.100664165778592,0.318547349133358,0.321773657354001,1097.07707041529,0.0973865156080675,0.75,1,4
"UMass-AR2",2026-02-28,0.264037642413007,0.3184652565592,687.078379990458,0.0845390453398684,0.121812034182241,0.159196268288351,543.494843512615,0.070108376060162,1,1,4
"UMass-AR2",2026-03-07,0.476309886783387,0.536228092421258,981.350475300666,0.169009884449091,0.453993453331045,0.521900827762402,1602.14289680526,0.258370345140671,0.5,1,4
"UMass-AR2",2026-03-14,0.362222391019792,0.409531172439778,774.556123749225,0.163180161453624,0.33014133186457,0.439550416940423,1219.70715057366,0.278950286089603,0.25,1,4
"UMass-AR2",2026-03-21,0.31008592820832,0.347873005716558,622.242017037352,0.168201800044068,0.304184613060158,0.402799078786561,1057.04153038405,0.299109258781315,0.75,1,4
"UMass-AR2",2026-03-28,0.245138901577166,0.303642086912613,402.943259156279,0.158151591885979,0.166752901450695,0.227917249642943,468.367211949639,0.171880315135201,0.75,1,4
"UMass-AR2",2026-04-04,1.41162372790246,2.63127050237144,993.107980051725,1.256586985165,2.51925799218631,6.0407452576264,1650.74379938008,1.63886567804364,0,0.75,4
"UMass-AR2",2026-04-11,0.464713716780929,0.322317367212658,316.270618328481,0.166974954456009,0.434318400247305,0.477715685004415,268.408771352835,0.135540257597469,1,1,4
"UMass-AR2",2026-04-18,0.585560119581431,0.524399726856172,329.871792735049,0.306953298783969,2.4470632848242,2.74142648597404,431.906669771472,0.281121040724922,0.5,1,4
"UMass-AR2",2026-04-25,0.547949382907573,0.341433690356094,304.042699124253,0.214552713346455,1.62459122673787,1.60721539182829,304.610855013351,0.191078286500887,0.75,1,4
"UMass-AR2",2026-05-02,0.594882947117785,0.321804274795378,319.692811551074,0.205297716675041,2.09746523120049,1.91564715804301,391.701631926691,0.246701487653681,1,1,4
"UMass-AR2",2026-05-09,0.558084423563805,0.339961030629203,303.825709789415,0.219629797457932,1.35901058377449,1.28527216540457,364.554589097508,0.253818710543845,1,1,4
"UMass-AR2",2026-05-16,0.525968663760741,0.355293510367773,274.129093330898,0.233474169627837,1.2992571205928,1.24086957060981,273.493623884785,0.212311971342733,1,1,4
"UMass-AR2",2026-05-23,0.510690970568679,0.357553917726496,256.182851946408,0.260688478078215,1.53869574582953,1.45590448231204,253.500124125414,0.22319285842579,1,1,4
"UMass-AR2",2026-05-30,0.554740156237309,0.365453854234735,271.707266484647,0.268611235810818,2.06538161185069,1.82292628751884,313.421659598343,0.28809349464649,1,1,4
"UMass-AR6_fourierP_thetaP",2025-11-22,0.293653321660955,0.136525888949172,793.69535849211,0.120462194856713,0.317359040580676,0.205276713395902,1485.39898943785,0.217992714398778,0,1,4
"UMass-AR6_fourierP_thetaP",2025-11-29,0.496942152103076,0.248513942008965,2721.47123270625,0.219927235937982,0.493227151150826,0.309879543409102,3928.43095212854,0.340003064898327,0,0.75,4
"UMass-AR6_fourierP_thetaP",2025-12-06,0.695461044934861,0.425517518785314,8235.80912100382,0.433949844266997,0.674739321206629,0.457633374303861,9938.91020137364,0.571608005435999,0,0.5,4
"UMass-AR6_fourierP_thetaP",2025-12-13,0.750434920777316,0.54266975175033,13701.557427241,0.590142391797712,0.738888264112165,0.555898468496366,15801.6796942367,0.724336576010088,0,0.25,4
"UMass-AR6_fourierP_thetaP",2025-12-20,0.731190228021099,0.594463678076458,14583.3524942603,0.588799842644477,0.733511237870951,0.596913596892368,17055.053169547,0.715389611037725,0,0,4
"UMass-AR6_fourierP_thetaP",2025-12-27,0.739445919991666,0.672924254420599,8654.90537295807,0.285067350937857,0.770056971014695,0.694548161683099,10738.4444607999,0.361643530182565,0.25,0.25,4
"UMass-AR6_fourierP_thetaP",2026-01-03,2.05424453299286,1.79804737754455,15753.9591221943,0.512754422500662,1.86160375820839,1.57393258275651,20040.1644571134,0.617121188614373,0.25,0.25,4
"UMass-AR6_fourierP_thetaP",2026-01-10,1.31877274415979,1.22197406285813,19587.0502508692,0.690236853182119,1.30886872133633,1.20169220316969,24203.273177771,0.810414046286714,0,0,4
"UMass-AR6_fourierP_thetaP",2026-01-17,0.677141846776605,0.70959336871582,4393.94783010701,0.217069586405332,0.726068572099112,0.767411434109665,7107.4852522782,0.350236047965233,0,0.75,4
"UMass-AR6_fourierP_thetaP",2026-01-24,1.62494188026468,1.80826150202258,1539.89083263457,0.108815683593444,2.91490419620724,3.33501777185375,2877.01044165655,0.197262404748162,0.25,1,4
"UMass-AR6_fourierP_thetaP",2026-01-31,2.27776862170566,2.23830321654502,3409.61858885415,0.266307685849166,2.4973842870955,2.89581025372617,5418.0752108537,0.426412446929724,0,0.75,4
"UMass-AR6_fourierP_thetaP",2026-02-07,1.63286322814818,1.65144219384039,2160.56752909277,0.169702046358269,1.99907876726418,2.18790508086301,3668.80930762159,0.286351447835326,0.25,1,4
"UMass-AR6_fourierP_thetaP",2026-02-14,0.987310491922564,0.980131073936449,1617.06477213365,0.132848742165137,0.984570246092179,1.01263320326908,2560.12878240119,0.206150640260682,0.5,0.75,4
"UMass-AR6_fourierP_thetaP",2026-02-21,0.419107655847409,0.427499637619695,843.735916181109,0.0785595958742287,0.27816857408474,0.266682678980258,958.012569147846,0.0807129368279509,0.75,1,4
"UMass-AR6_fourierP_thetaP",2026-02-28,0.223806666197993,0.258687056579516,582.389390531866,0.0686704635893226,0.143086174580628,0.191456771937008,638.414739435115,0.0843155653743839,1,1,4
"UMass-AR6_fourierP_thetaP",2026-03-07,0.320948996422997,0.361454581988225,661.257426995667,0.113924275879662,0.276552768472077,0.348714572445918,975.954719937959,0.172633380990633,0.5,1,4
"UMass-AR6_fourierP_thetaP",2026-03-14,0.305237571626996,0.358918542472579,652.702969676753,0.143013254303584,0.276282049846068,0.380134231488315,1020.7240331563,0.241243207921902,0.5,1,4
"UMass-AR6_fourierP_thetaP",2026-03-21,0.305916034495396,0.3424180562369,613.874391038478,0.165564250402244,0.306096150816297,0.409259598740073,1063.68412408663,0.303906691140044,0.25,1,4
"UMass-AR6_fourierP_thetaP",2026-03-28,0.25795875836199,0.272124359148481,424.015699481168,0.141735623766379,0.253508586338151,0.326273762017269,712.042241877282,0.2460543777346,0.75,1,4
"UMass-AR6_fourierP_thetaP",2026-04-04,0.618398775418748,0.610898339605871,435.056981958729,0.291740017651473,1.23215002906214,1.68452318147533,807.366306542966,0.457014343139768,0,1,4
"UMass-AR6_fourierP_thetaP",2026-04-11,0.30836661856492,0.271527232337305,209.865337741613,0.14066337053186,0.362342475075299,0.441704406948302,223.927649596535,0.125322929472489,1,1,4
"UMass-AR6_fourierP_thetaP",2026-04-18,0.435354617285996,0.340578923638078,245.254420984593,0.199355222272407,2.21234453246467,2.46282444481852,390.478809980015,0.252551645864823,0.5,1,4
"UMass-AR6_fourierP_thetaP",2026-04-25,0.404941779179616,0.293649906747302,224.69154153736,0.184525973991783,1.3720623618754,1.42341771037955,257.261692851638,0.169226986287721,0.75,1,4
"UMass-AR6_fourierP_thetaP",2026-05-02,0.372374737087057,0.230155469502729,200.11588368221,0.146829598206011,1.046689029576,1.04800383831074,195.469176273317,0.134964366946443,1,1,4
"UMass-AR6_fourierP_thetaP",2026-05-09,0.433532951189547,0.257870640938252,236.018872863604,0.166595790508085,1.1298327515589,1.1032812560523,303.077635605676,0.217878697847815,1,1,4
"UMass-AR6_fourierP_thetaP",2026-05-16,0.455237076705238,0.270259821436929,237.264566667384,0.177595946879073,1.50132818528147,1.40866975492679,316.029583001749,0.241022473048809,1,1,4
"UMass-AR6_fourierP_thetaP",2026-05-23,0.486286645618014,0.274553202753206,243.940674336088,0.200173604675704,2.19566568507231,1.95776331682391,361.735921615663,0.300128748906091,0.75,1,4
"UMass-AR6_fourierP_thetaP",2026-05-30,0.537022350603307,0.309069286974102,263.029227797897,0.227168169560355,2.716649687718,2.30349747022504,412.251590111206,0.364042496205225,0.75,1,4
"UMass-AR6_pooled",2025-11-22,0.937126743303016,0.510292757515474,2532.89539607932,0.450251494884491,0.774355875404595,0.640618933317535,3624.37267483121,0.680302494417894,0,0.5,4
"UMass-AR6_pooled",2025-11-29,0.93513780594536,0.599949587946254,5121.22110536613,0.530937031188338,0.814054429716116,0.670045629421696,6483.74001908143,0.735181048477088,0,0.25,4
"UMass-AR6_pooled",2025-12-06,0.944671037099836,0.71222068666893,11187.0109769033,0.726334504266673,0.871413379248272,0.731308254445309,12835.919076327,0.913442235978195,0,0,4
"UMass-AR6_pooled",2025-12-13,0.926802688802543,0.765889071368395,16921.7075495313,0.83288889231663,0.886818416173697,0.769425248449161,18965.2769436866,1.0025623050642,0,0,4
"UMass-AR6_pooled",2025-12-20,0.893432905318881,0.787361130325802,17819.2301933504,0.779859437569511,0.873598030672478,0.780307828413009,20312.2462106734,0.935184115028176,0,0,4
"UMass-AR6_pooled",2025-12-27,0.744907248827994,0.680944418460997,8718.82794391439,0.288464890708588,0.809127553172743,0.743960700085375,11283.2837289939,0.387372091294551,0.25,0.5,4
"UMass-AR6_pooled",2026-01-03,2.10121613288695,1.81612139627972,16114.1833568221,0.517908643215065,1.94723982721603,1.6213657626229,20962.0367399806,0.635719202696809,0.25,0.25,4
"UMass-AR6_pooled",2026-01-10,1.31927157879046,1.21653245314704,19594.4591839253,0.687163138544966,1.33188539769345,1.21516833366374,24628.8918027978,0.819502268223383,0,0,4
"UMass-AR6_pooled",2026-01-17,0.434040188972844,0.466777547571376,2816.47036820286,0.142790524350562,0.488405117137468,0.539724540997299,4780.99769165867,0.24632287431064,0.25,1,4
"UMass-AR6_pooled",2026-01-24,3.49982936946849,4.33553423323256,3316.64487652439,0.260899278563575,5.58261855552478,7.32067941087391,5510.04451430295,0.433009634061606,0,1,4
"UMass-AR6_pooled",2026-01-31,3.78127735254256,4.18980768022545,5660.23845792901,0.498492777576482,3.59549591097209,4.85878641700172,7800.42837885394,0.715463660824002,0,0,4
"UMass-AR6_pooled",2026-02-07,2.82513106416017,3.18556711361363,3738.14924448886,0.327348580536562,3.13596452305403,3.93662229530477,5755.27889093491,0.515222302695463,0,0.5,4
"UMass-AR6_pooled",2026-02-14,1.49765583814675,1.60680602028697,2452.9330098898,0.21778940018826,1.5149570013656,1.74056233194466,3939.26694280091,0.354341570062729,0,0.75,4
"UMass-AR6_pooled",2026-02-21,0.508626034419184,0.524908958018862,1023.95183470588,0.0964600481121543,0.380835635764894,0.376928142743338,1311.5979295743,0.114079315125569,0.75,1,4
"UMass-AR6_pooled",2026-02-28,0.290318605796807,0.328980538902688,755.466665771637,0.0873304077019742,0.21773048210224,0.284592092140619,971.458978519671,0.125331388945646,0.75,1,4
"UMass-AR6_pooled",2026-03-07,0.386682060612337,0.431339449784946,796.688530936857,0.135950785863001,0.347803500417544,0.439696406392873,1227.39855297351,0.217674520203211,0.5,1,4
"UMass-AR6_pooled",2026-03-14,0.414720533563812,0.471289995120198,886.815218716958,0.187788336201686,0.39037814148014,0.507561024970982,1442.25204369838,0.32211161147136,0.5,1,4
"UMass-AR6_pooled",2026-03-21,0.411881941415199,0.445380579643187,826.513642487107,0.215348170078173,0.40532078071553,0.522725835785476,1408.48971298647,0.388164088554151,0.25,1,4
"UMass-AR6_pooled",2026-03-28,0.33007254254156,0.336579747862615,542.5516113273,0.175307130385959,0.338247246599457,0.430604855055357,950.051953886225,0.32473407915202,0.25,1,4
"UMass-AR6_pooled",2026-04-04,0.630690590644005,0.646744721799262,443.704541183072,0.308858781111509,1.24040453805919,1.67644783017332,812.775073563284,0.454823484972011,0.5,1,4
"UMass-AR6_pooled",2026-04-11,0.333847824156448,0.273717220065674,227.20710398861,0.141797883091223,0.198578170374971,0.222771922208118,122.721309291732,0.0632061384404674,1,1,4
"UMass-AR6_pooled",2026-04-18,0.452351330375322,0.345804971299214,254.82941769268,0.202414248597239,1.81308670778654,1.94014459769724,320.009803924325,0.198953162250381,0.75,1,4
"UMass-AR6_pooled",2026-04-25,0.452606915970269,0.305931021131237,251.139672142156,0.192243274564095,1.50471895145147,1.55083895238733,282.13480339715,0.184375816189707,0.75,1,4
"UMass-AR6_pooled",2026-05-02,0.490739966922646,0.270928041094974,263.725898558861,0.172840799754468,1.79126570911581,1.68141802888165,334.518871177377,0.216536916702648,1,1,4
"UMass-AR6_pooled",2026-05-09,0.616171474532738,0.323909935971448,335.448773872643,0.209260083428838,1.93127437702659,1.71210952795688,518.064351637383,0.338111603435414,0.75,1,4
"UMass-AR6_pooled",2026-05-16,0.619256418236472,0.333150374102679,322.749646826345,0.218923241447084,2.34811290561544,2.019981030876,494.277766632049,0.345617432241043,0.75,1,4
"UMass-AR6_pooled",2026-05-23,0.633338972785149,0.328927687429889,317.707955784364,0.239817420486148,3.03267684812744,2.50900454771496,499.633510728996,0.384635052375493,0.75,1,4
"UMass-AR6_pooled",2026-05-30,0.68818513803224,0.368451470397614,337.067545205994,0.270814505451203,3.58527202428384,2.82704233804676,544.065029685073,0.446783017096107,0.5,1,4
"UMass-WISAR6_fourthroot_adaptive_t",2025-11-22,0.413028226621853,0.186227814397737,1116.34557559844,0.164316170642712,0.394150360901374,0.262068032964889,1844.82076419888,0.27830200960488,0,1,4
"UMass-WISAR6_fourthroot_adaptive_t",2025-11-29,0.575915137915185,0.288020859270852,3153.96163051013,0.254889649087116,0.520141982082928,0.331604238536987,4142.800851795,0.363839626828815,0,0.75,4
"UMass-WISAR6_fourthroot_adaptive_t",2025-12-06,0.710584443813704,0.426214156117812,8414.90387740188,0.434660286607447,0.664278222496668,0.438643663815877,9784.81821737593,0.54788886442633,0,0.5,4
"UMass-WISAR6_fourthroot_adaptive_t",2025-12-13,0.766576644381503,0.551069434906,13996.2755257915,0.599276877535754,0.737827473119474,0.550330717477953,15778.9938832648,0.717081787703759,0,0.25,4
"UMass-WISAR6_fourthroot_adaptive_t",2025-12-20,0.791270527371872,0.654013654851352,15781.6346236103,0.647782448727316,0.769148134235293,0.638227908608879,17883.6555561384,0.764904029109351,0,0,4
"UMass-WISAR6_fourthroot_adaptive_t",2025-12-27,0.762270218949012,0.701549915659298,8922.05425070448,0.2971938887533,0.807138158446777,0.741787514360239,11255.5416195403,0.386240537572666,0.25,0.5,4
"UMass-WISAR6_fourthroot_adaptive_t",2026-01-03,1.69398147486964,1.57026104164529,12991.1091305037,0.447795927760068,1.52736261466953,1.37736513130097,16442.0585469175,0.540049311067566,0,0.25,4
"UMass-WISAR6_fourthroot_adaptive_t",2026-01-10,1.40685612136768,1.2832189301482,20895.3071459845,0.724831257234348,1.34270413275069,1.22206627298587,24828.9491467925,0.824154197313332,0,0,4
"UMass-WISAR6_fourthroot_adaptive_t",2026-01-17,1.54140229709025,1.45892743343933,10002.1012006013,0.446296130338975,1.30442202004548,1.21729639170981,12768.9871542252,0.555557369208884,0,0,4
"UMass-WISAR6_fourthroot_adaptive_t",2026-01-24,1.62618760616054,1.56687404459937,1541.0713560184,0.0942897197541374,2.67107496117229,2.72060731763529,2636.35098667705,0.160920744225562,0.25,1,4
"UMass-WISAR6_fourthroot_adaptive_t",2026-01-31,2.87526113523423,2.91960209547769,4304.01214639762,0.34736691253439,2.71509334535988,3.31145230318934,5890.39501275825,0.487616368398825,0,0.25,4
"UMass-WISAR6_fourthroot_adaptive_t",2026-02-07,2.29342384079364,2.41061139411561,3034.60632553133,0.247714202823327,2.47480180156661,2.89077113416102,4541.88000632511,0.378342052801058,0,0.5,4
"UMass-WISAR6_fourthroot_adaptive_t",2026-02-14,1.03385651650628,1.03328717351573,1693.30009754847,0.140053616243,1.07205616655339,1.1470586215005,2787.61404708045,0.233516803987344,0,0.75,4
"UMass-WISAR6_fourthroot_adaptive_t",2026-02-21,0.260519608729821,0.262339766389644,524.470855370939,0.048208943857969,0.194340503583147,0.197044980140434,669.308694340358,0.0596367154220654,0.75,1,4
"UMass-WISAR6_fourthroot_adaptive_t",2026-02-28,0.262186190094469,0.284106471824902,682.26053338334,0.0754182423616772,0.274001863377978,0.316292021272698,1222.52781392669,0.139291707089831,0.25,1,4
"UMass-WISAR6_fourthroot_adaptive_t",2026-03-07,0.242734619824758,0.299970625036121,500.110833612159,0.0945455887000569,0.185010586035096,0.265688616514768,652.902358117854,0.131530850110319,0.75,1,4
"UMass-WISAR6_fourthroot_adaptive_t",2026-03-14,0.299583486859782,0.370449522635195,640.612590701801,0.14760784277763,0.261884168417493,0.367693363086718,967.531060218426,0.233347904752848,0.5,1,4
"UMass-WISAR6_fourthroot_adaptive_t",2026-03-21,0.331617190979231,0.378690724548813,665.448287161717,0.183102627919919,0.314169446208273,0.414177068373163,1091.73882557375,0.307558290099664,0.25,1,4
"UMass-WISAR6_fourthroot_adaptive_t",2026-03-28,0.378898986010534,0.372048755642694,622.809318846663,0.193781117638754,0.365657348664854,0.435136795387271,1027.04007806241,0.328151772782685,0,0.75,4
"UMass-WISAR6_fourthroot_adaptive_t",2026-04-04,0.237701361353067,0.185982547290882,167.228075132782,0.0888176446256401,0.432855866918838,0.539564552720781,283.628806798569,0.146384889418515,0.75,1,4
"UMass-WISAR6_fourthroot_adaptive_t",2026-04-11,0.246566531020297,0.202086674994089,167.805998422163,0.104690025378127,0.486868508625468,0.645245975373711,300.884738330539,0.183072920695654,0.5,1,4
"UMass-WISAR6_fourthroot_adaptive_t",2026-04-18,0.419153590590127,0.281161281396862,236.127669449439,0.164575567825887,2.50555755876203,2.92316909148452,442.230909121498,0.29975793311163,0,1,4
"UMass-WISAR6_fourthroot_adaptive_t",2026-04-25,0.404026674067684,0.263592877396081,224.183773781992,0.165638508036936,2.17896138240195,2.49019028253863,408.555259200366,0.296053220164454,0.25,1,4
"UMass-WISAR6_fourthroot_adaptive_t",2026-05-02,0.173467745917093,0.107963017025573,93.2223585738165,0.0688759056876799,0.325679793519844,0.320096486905519,60.8207014398308,0.0412227685984621,1,1,4
"UMass-WISAR6_fourthroot_adaptive_t",2026-05-09,0.172510730227822,0.109994010928446,93.916247873501,0.0710609751273205,0.305316139820702,0.336916779929478,81.9010545069033,0.066535154922122,1,1,4
"UMass-WISAR6_fourthroot_adaptive_t",2026-05-16,0.166858228209195,0.108927046338653,86.9646767294751,0.0715792744641043,0.324220854988113,0.349635476877479,68.2484899749977,0.059822401246195,1,1,4
"UMass-WISAR6_fourthroot_adaptive_t",2026-05-23,0.155725484630743,0.102360723882039,78.1180813301164,0.0746300348027641,0.389586368771639,0.404425424381764,64.1843542551275,0.0619991679292615,1,1,4
"UMass-WISAR6_fourthroot_adaptive_t",2026-05-30,0.193399890210976,0.125673801154438,94.7257106175235,0.0923711561554742,0.889597187401715,0.891341570419395,134.99637318821,0.140866753474342,1,1,4
"UMass-flusion",2025-11-22,0.711523429932032,0.368643210902524,1923.12772285773,0.325268494101343,0.618438152979259,0.464078856245287,2894.59977501942,0.492826526177275,0,0.25,4
"UMass-flusion",2025-11-29,0.627997349054543,0.354125533840905,3439.18645748777,0.313390263753825,0.585871020276684,0.400003244489317,4666.31620874872,0.438887729081531,0,0.75,4
"UMass-flusion",2025-12-06,0.62373281728544,0.381434793909728,7386.38700626283,0.388993548109712,0.633521866483814,0.411169565630786,9331.77709330658,0.513572279695985,0,0.5,4
"UMass-flusion",2025-12-13,0.614259425290178,0.416559360764223,11215.2440642283,0.452999889332739,0.640001505069617,0.434033809309546,13686.9121870426,0.565546734025491,0,0.25,4
"UMass-flusion",2025-12-20,0.587515065551874,0.454534814524789,11717.7978702201,0.450204170815984,0.606822075430356,0.453405377141045,14109.3717813501,0.543397734754286,0,0.25,4
"UMass-flusion",2025-12-27,0.611628696180785,0.544929898636729,7158.85820140853,0.230845777412139,0.729447160715871,0.640133019786884,10172.1406561828,0.333310168874626,0.25,0.5,4
"UMass-flusion",2026-01-03,1.56423078643598,1.4424001319851,11996.0537664364,0.411333458688339,1.61618258582142,1.43075050412054,17398.2055363676,0.560981112778753,0.25,0.5,4
"UMass-flusion",2026-01-10,1.09389954692667,1.04456312376986,16247.1248287033,0.590025586807159,1.22012301751338,1.14643897380444,22562.209809103,0.77315159833025,0,0,4
"UMass-flusion",2026-01-17,0.982037613457184,0.94631515942608,6372.4049270835,0.289484441825415,1.23285656400133,1.17575203372515,12068.432905009,0.536597094304091,0,1,4
"UMass-flusion",2026-01-24,1.36400106708155,1.47755785803559,1292.60791688164,0.0889149429942347,1.02895882683703,1.0928253635536,1015.58236208815,0.064639343455295,1,1,4
"UMass-flusion",2026-01-31,1.98034385989963,1.99260938856832,2964.39997139863,0.237075652283627,2.34972423399486,2.7078987017676,5097.72672565185,0.398742186223274,0,1,4
"UMass-flusion",2026-02-07,1.98681976295915,2.07165044062017,2628.91477498554,0.212882606744291,2.2693258653425,2.57453505880846,4164.78029436983,0.336953302060899,0,0.5,4
"UMass-flusion",2026-02-14,1.30047805074038,1.34114335706071,2129.98571370417,0.181781001323703,1.2740052987718,1.39855871514576,3312.73227813138,0.284716888246101,0.25,0.75,4
"UMass-flusion",2026-02-21,0.427020270673881,0.420643547394518,859.66537303272,0.077299684449821,0.302678634983628,0.296689738069332,1042.42521888361,0.0897947334932239,0.75,1,4
"UMass-flusion",2026-02-28,0.296344672326588,0.337955996493959,771.14768758034,0.0897130117714182,0.301164770615803,0.368462952773867,1343.72191529506,0.162267241154912,0.5,1,4
"UMass-flusion",2026-03-07,0.352996257401928,0.414454917518845,727.285018835389,0.130629071302346,0.308463774386266,0.407576883596585,1088.56865980913,0.201773544866171,0.5,1,4
"UMass-flusion",2026-03-14,0.402994554212323,0.485719304371971,861.741039597103,0.1935377813522,0.363348948069998,0.481097597662955,1342.39268864461,0.305317222627711,0.5,0.75,4
"UMass-flusion",2026-03-21,0.400521488935347,0.457541728096276,803.716894158783,0.22122826720212,0.354636294250653,0.467520992264498,1232.36112252102,0.347170251437041,0.25,0.75,4
"UMass-flusion",2026-03-28,0.339172607519628,0.348659081911738,557.509701688338,0.181598636047165,0.332891473907084,0.418402566074644,935.008927336522,0.315531909159791,0,1,4
"UMass-flusion",2026-04-04,0.462198698596521,0.367886926573628,325.166832260448,0.175687723298741,0.897646908043685,1.14260015573221,588.183136495625,0.309989595504419,0,1,4
"UMass-flusion",2026-04-11,0.219547523842149,0.166818204123033,149.417649212142,0.0864193644815265,0.229372302680785,0.27040470179311,141.752083056725,0.0767207862062689,1,1,4
"UMass-flusion",2026-04-18,0.367844953578373,0.238231543104841,207.223255525285,0.139446979632929,1.99217087357871,2.17552298591543,351.618159186643,0.223090164573295,0.5,1,4
"UMass-flusion",2026-04-25,0.329073972665177,0.19934525060114,182.594491355669,0.125266092999192,1.22978423151192,1.25825119757393,230.584543408485,0.149590704545593,0.75,1,4
"UMass-flusion",2026-05-02,0.278312560727663,0.159266397883833,149.566440692389,0.101605324694335,0.954230546934966,0.963898823497297,178.202554640105,0.12413312791242,0.75,1,4
"UMass-flusion",2026-05-09,0.347469367820704,0.198347611150825,189.165156472307,0.128141291908351,1.09206632587017,1.07517639804069,292.946791914672,0.212328481315831,0.75,1,4
"UMass-flusion",2026-05-16,0.365592472270153,0.211229494556555,190.542782977671,0.138805324058552,1.44887595577125,1.3752997218466,304.988388689848,0.235312882230537,0.5,1,4
"UMass-flusion",2026-05-23,0.382494878067002,0.21327025795459,191.87460590694,0.155492909486334,1.94332559602795,1.77035754493062,320.162891945605,0.271399096361901,0.75,1,4
"UMass-flusion",2026-05-30,0.405513405918302,0.237775701923098,198.61720448052,0.174766867004566,2.19942490354517,1.9455878090295,333.76272911298,0.307478802013338,0.5,1,4
"UMass-flusion_3src_spatial",2025-11-22,0.715981753120847,0.372642040057202,1935.17781785276,0.328796819318906,0.621908948900272,0.46895611495947,2910.84483532772,0.498005909889831,0,0.25,4
"UMass-flusion_3src_spatial",2025-11-29,0.628926448889067,0.356276832778533,3444.27461203708,0.315294097499346,0.59150181189585,0.406943527861481,4711.16405629747,0.44650268033594,0,0.75,4
"UMass-flusion_3src_spatial",2025-12-06,0.626541263978326,0.384852175620089,7419.64527580588,0.392478650827094,0.636825446762633,0.414974416632588,9380.43883081358,0.518324737480406,0,0.5,4
"UMass-flusion_3src_spatial",2025-12-13,0.614745318579531,0.417701183056415,11224.11557943,0.454241598007948,0.643469576700631,0.438039540779154,13761.0794999255,0.570766208410733,0,0.25,4
"UMass-flusion_3src_spatial",2025-12-20,0.59003573176357,0.457326852469299,11768.0717421577,0.452969607230375,0.609773454145097,0.457513494940003,14177.9950256912,0.548321235926974,0,0.25,4
"UMass-flusion_3src_spatial",2025-12-27,0.613924713697896,0.54780028891281,7185.73212661117,0.232061745697998,0.73262597816642,0.644082098201179,10216.4692655307,0.33536641023772,0.25,0.5,4
"UMass-flusion_3src_spatial",2026-01-03,1.5557025864176,1.43564557477239,11930.6511756943,0.409407241878871,1.60027797846452,1.42066162897923,17226.9924381705,0.557025378786588,0,0.5,4
"UMass-flusion_3src_spatial",2026-01-10,1.08662903652231,1.03944003235478,16139.1396938343,0.587131788481655,1.21142702669332,1.14091289209684,22401.4057208562,0.76942484182392,0,0,4
"UMass-flusion_3src_spatial",2026-01-17,0.948126379040926,0.919057417119559,6152.35620968571,0.281146107351507,1.18327551745661,1.1393652145036,11583.0840403828,0.519990649318074,0,1,4
"UMass-flusion_3src_spatial",2026-01-24,1.3564474754742,1.47491862450742,1285.44968764839,0.0887561219386465,1.17487808988729,1.25988863397669,1159.60467471875,0.074520940713001,1,1,4
"UMass-flusion_3src_spatial",2026-01-31,2.09987975699303,2.11328161645244,3143.33465900523,0.251432930384531,2.41428887014246,2.79999281400036,5237.79970377407,0.412303183769457,0,1,4
"UMass-flusion_3src_spatial",2026-02-07,2.01836241166065,2.10767940701711,2670.65129118067,0.216584939982801,2.31755206501324,2.63642142795536,4253.28742731555,0.345052945670436,0,0.5,4
"UMass-flusion_3src_spatial",2026-02-14,1.32439357950919,1.36840022504045,2169.15572090594,0.185475446610421,1.31323425599518,1.45557466051425,3414.73737415146,0.296324125303743,0,0.75,4
"UMass-flusion_3src_spatial",2026-02-21,0.43441395610946,0.426568468656613,874.550135617956,0.0783884793375279,0.314101930183997,0.308413686790793,1081.76704755369,0.0933430491774212,0.75,1,4
"UMass-flusion_3src_spatial",2026-02-28,0.287124589291254,0.329292883008461,747.155200534173,0.0874133218408817,0.281902058480434,0.349395402306514,1257.77650942507,0.153870090812858,0.5,1,4
"UMass-flusion_3src_spatial",2026-03-07,0.356687453149928,0.418098498167036,734.890060851608,0.131777465340322,0.315580132201607,0.412982188339058,1113.68228653947,0.204449475574867,0.5,1,4
"UMass-flusion_3src_spatial",2026-03-14,0.387533380429349,0.469248569339918,828.679729388649,0.186974917808069,0.345183967854789,0.46007883852395,1275.28216923952,0.291978163786894,0.5,0.75,4
"UMass-flusion_3src_spatial",2026-03-21,0.393135811376608,0.451016200966722,788.89623161569,0.218073077258115,0.348739377703544,0.460311365704461,1211.86933751981,0.341816549877049,0.25,0.75,4
"UMass-flusion_3src_spatial",2026-03-28,0.329776123607278,0.340806916469734,542.064377311455,0.177508845738346,0.321998242466758,0.407017469268601,904.412563528507,0.306946012173349,0,1,4
"UMass-flusion_3src_spatial",2026-04-04,0.485758726781413,0.386829647472389,341.741824263046,0.184733990690688,0.95358173227132,1.22703807741463,624.834430070782,0.332897764259911,0,1,4
"UMass-flusion_3src_spatial",2026-04-11,0.225629272392838,0.171572394054006,153.556710111761,0.0888822496002039,0.283958045780316,0.339499331960686,175.486072292235,0.0963247143700021,1,1,4
"UMass-flusion_3src_spatial",2026-04-18,0.384834296073502,0.249584923821049,216.794100053194,0.146092592673353,2.08752712439861,2.29620559797865,368.448537456355,0.235465627374939,0.5,1,4
"UMass-flusion_3src_spatial",2026-04-25,0.33857566318484,0.20551932837124,187.866729489258,0.129145807202572,1.29787422626244,1.3368778167171,243.351417424207,0.158938449555765,0.5,1,4
"UMass-flusion_3src_spatial",2026-05-02,0.275235234667572,0.158406134476983,147.912671619033,0.101056512490776,0.932570686387724,0.945995570133385,174.157575682907,0.121827505386803,0.75,1,4
"UMass-flusion_3src_spatial",2026-05-09,0.333006109162599,0.191337446292976,181.291240551835,0.123612416686898,0.983986165077605,0.980776768546048,263.954288782067,0.193686210146282,0.75,1,4
"UMass-flusion_3src_spatial",2026-05-16,0.349035559972294,0.203198625861574,181.913502054129,0.133527996031901,1.30220768433736,1.25111708479062,274.114717553015,0.214065314311745,0.5,1,4
"UMass-flusion_3src_spatial",2026-05-23,0.370552551367221,0.208071184277299,185.883861035499,0.151702324242667,1.84509610601706,1.6968293514891,303.97958346631,0.260127087882995,0.75,1,4
"UMass-flusion_3src_spatial",2026-05-30,0.390419293546736,0.230873845077295,191.224229650091,0.169693952120078,2.03544991932873,1.82086940191124,308.879525258135,0.287768426448813,0.5,1,4
"UMass-flusion_3src_spatial_fourierP",2025-11-22,0.381335787097299,0.186108960875742,1030.68626138515,0.164211301476606,0.393410531488312,0.264398049580552,1841.35799263104,0.280776360632037,0,1,4
"UMass-flusion_3src_spatial_fourierP",2025-11-29,0.423850026789823,0.214104721009172,2321.18698325076,0.189476128027945,0.431088172613206,0.258707513593981,3433.50952282103,0.283856580419873,0,0.75,4
"UMass-flusion_3src_spatial_fourierP",2025-12-06,0.509988258267325,0.28474965396477,6039.39786366652,0.290392434007956,0.538488417741809,0.315437848235368,7931.93439333684,0.393998360681451,0,0.5,4
"UMass-flusion_3src_spatial_fourierP",2025-12-13,0.528705322364421,0.339617203747291,9653.18395492645,0.36932684799297,0.569504500669864,0.363760889748242,12179.2808752006,0.473981009660485,0,0.25,4
"UMass-flusion_3src_spatial_fourierP",2025-12-20,0.522233031533432,0.392798498742579,10415.768826137,0.389056056375021,0.539730057744335,0.391926343815607,12549.398505128,0.469716280743796,0,0.25,4
"UMass-flusion_3src_spatial_fourierP",2025-12-27,0.619173678401899,0.551993826565336,7247.16906417606,0.233838231924806,0.765919292398428,0.666224667570432,10680.7445324961,0.346895800704471,0.25,0.5,4
"UMass-flusion_3src_spatial_fourierP",2026-01-03,1.52962596571308,1.42413818184134,11730.6701072159,0.406125645025226,1.5574599439607,1.39416947897282,16766.0562967369,0.546638105989762,0,0.5,4
"UMass-flusion_3src_spatial_fourierP",2026-01-10,1.08605298833933,1.04325877742522,16130.5839477765,0.589288821646795,1.19991868851476,1.13372592902217,22188.5964083429,0.76457799684108,0,0,4
"UMass-flusion_3src_spatial_fourierP",2026-01-17,1.07144193550892,1.02278806700684,6952.54619106156,0.312878040401187,1.30210724493743,1.2263813728729,12746.3278206925,0.559703629945917,0,1,4
"UMass-flusion_3src_spatial_fourierP",2026-01-24,1.37290441133628,1.35842116321273,1301.04525138828,0.0817456586436512,1.33387119513288,1.32545134300818,1316.53086959615,0.0783988983522392,1,1,4
"UMass-flusion_3src_spatial_fourierP",2026-01-31,1.47865397969524,1.42996884494605,2213.41450031774,0.170134095827194,1.86523305820417,2.033379361954,4046.62311977395,0.299418191558484,0,1,4
"UMass-flusion_3src_spatial_fourierP",2026-02-07,1.47451887744157,1.46631659055528,1951.04988140837,0.150678556569786,1.74910918711833,1.86163756275469,3210.05263565892,0.243649789061763,0.25,1,4
"UMass-flusion_3src_spatial_fourierP",2026-02-14,1.07071749061374,1.06118127901024,1753.67277988434,0.143834433857407,1.04804087835847,1.09859412896992,2725.16829395162,0.223650461334513,0.5,0.75,4
"UMass-flusion_3src_spatial_fourierP",2026-02-21,0.390106111455421,0.381315169594711,785.350810858313,0.0700724936069359,0.262768399343928,0.254772130667709,904.974367340488,0.0771081457811045,0.75,1,4
"UMass-flusion_3src_spatial_fourierP",2026-02-28,0.247354782740588,0.285552510753054,643.666266124495,0.0758021044878981,0.244579904719625,0.304718665349184,1091.25438988279,0.134194921856812,0.5,1,4
"UMass-flusion_3src_spatial_fourierP",2026-03-07,0.31505953436571,0.373220198838424,649.123254370751,0.117632596223987,0.277259886954971,0.366308496845098,978.450141064093,0.181343365872022,0.5,1,4
"UMass-flusion_3src_spatial_fourierP",2026-03-14,0.326582474841686,0.403518157546562,698.345718180585,0.160784239464945,0.288135922037753,0.395343486170205,1064.51816396848,0.250895402030269,0.25,0.75,4
"UMass-flusion_3src_spatial_fourierP",2026-03-21,0.333951132514478,0.389175509714231,670.131751828852,0.188172178327448,0.299127062753928,0.400897110271164,1039.4665430699,0.297696901050558,0.25,0.75,4
"UMass-flusion_3src_spatial_fourierP",2026-03-28,0.284289131188358,0.295063147048643,467.295840548933,0.153683262050756,0.279628912336106,0.354020662315321,785.407707524038,0.266979279095622,0,1,4
"UMass-flusion_3src_spatial_fourierP",2026-04-04,0.483265137931179,0.386372413730256,339.987530298453,0.18451563458894,0.949454477772796,1.2310895609101,622.130046560625,0.333996939438257,0,1,4
"UMass-flusion_3src_spatial_fourierP",2026-04-11,0.224450945494005,0.177453593493644,152.75477514959,0.0919289765484679,0.374345289424996,0.465896732753387,231.345388864648,0.132186916095564,1,1,4
"UMass-flusion_3src_spatial_fourierP",2026-04-18,0.395653356047828,0.260876732234754,222.888952810567,0.152702164845717,2.28715603673768,2.57349939499148,403.6830404842,0.263900867641874,0.25,1,4
"UMass-flusion_3src_spatial_fourierP",2026-04-25,0.331604903245311,0.206908163369981,183.998838160107,0.130018533959734,1.48304997647975,1.56841602747756,278.071870589953,0.186465515807453,0.5,1,4
"UMass-flusion_3src_spatial_fourierP",2026-05-02,0.232102881450051,0.141745743643057,124.733148091368,0.0904278774321091,0.609959117526278,0.613135765571479,113.909865198032,0.0789610471140669,0.75,1,4
"UMass-flusion_3src_spatial_fourierP",2026-05-09,0.243978329297769,0.148642964481966,132.823791423477,0.0960299011986708,0.614075005948639,0.647879123339687,164.725620345723,0.1279447638412,1,1,4
"UMass-flusion_3src_spatial_fourierP",2026-05-16,0.264372355411769,0.161921153628386,137.78796929193,0.10640331383885,0.878815324170404,0.889351834856837,184.99062573787,0.152167516834938,0.75,1,4
"UMass-flusion_3src_spatial_fourierP",2026-05-23,0.293531773322538,0.172813015253574,147.247183052635,0.125995995862705,1.42659052448948,1.36789747152702,235.030788909643,0.209701220384106,0.75,1,4
"UMass-flusion_3src_spatial_fourierP",2026-05-30,0.313634616121446,0.194374345206529,153.615712263068,0.142866554753336,1.60113875104583,1.49806745514002,242.972805471205,0.236753121243802,0.5,1,4
"UMass-flusion_4src_spatial",2025-11-22,0.671823792429587,0.347736908249495,1815.82630416004,0.30682203589985,0.58339955287723,0.433865108722304,2730.60160724188,0.460741168195184,0,0.5,4
"UMass-flusion_4src_spatial",2025-11-29,0.571148595407876,0.322372181691412,3127.85797184842,0.285289518525812,0.552512345346855,0.376718488980628,4400.62270260136,0.413339452640738,0,0.75,4
"UMass-flusion_4src_spatial",2025-12-06,0.597617995551342,0.359378253468707,7077.12930074862,0.366499921250888,0.60434995145953,0.385962698893663,8902.07478499888,0.482087585554488,0,0.5,4
"UMass-flusion_4src_spatial",2025-12-13,0.604004378331064,0.403601158773555,11028.0058228578,0.438908106454653,0.620361742114122,0.414122339948395,13266.9011264171,0.539602058229932,0,0.25,4
"UMass-flusion_4src_spatial",2025-12-20,0.595976668320839,0.459827059529985,11886.5617993829,0.455445993220304,0.600607265022514,0.448331606523852,13964.8696708547,0.537316917015796,0,0.25,4
"UMass-flusion_4src_spatial",2025-12-27,0.622865474846648,0.555352323896074,7290.37999823042,0.23526097442653,0.720342689289643,0.634816050013551,10045.1788021441,0.330541681641081,0.25,0.5,4
"UMass-flusion_4src_spatial",2026-01-03,1.5160851182029,1.41333993702318,11626.8256258364,0.403046278010263,1.54232749364937,1.38596681308468,16603.1554691355,0.543421933341608,0,0.5,4
"UMass-flusion_4src_spatial",2026-01-10,1.03355464269989,1.00660313700505,15350.8531422371,0.568583739056239,1.11169464593016,1.07535558896248,20557.179468879,0.725213388045141,0,0,4
"UMass-flusion_4src_spatial",2026-01-17,0.943766913410479,0.923430519646921,6124.06780211127,0.282483870074178,1.15679668053148,1.12023744874758,11323.8827057226,0.511260999501788,0,1,4
"UMass-flusion_4src_spatial",2026-01-24,1.26957774174009,1.40091121651278,1203.12680075919,0.0843025809641205,1.04030581117242,1.12304481984803,1026.78183562717,0.0664267889883088,1,1,4
"UMass-flusion_4src_spatial",2026-01-31,2.44317024361158,2.49951191300183,3657.21021835634,0.297385639436019,2.79452902732014,3.39036781321935,6062.73072477104,0.499236796805454,0,1,4
"UMass-flusion_4src_spatial",2026-02-07,2.23553443308957,2.37203207953671,2958.00837635363,0.243749796042661,2.5782252935125,3.04704125928026,4731.68796991881,0.39879457470098,0,0.5,4
"UMass-flusion_4src_spatial",2026-02-14,1.31660285179452,1.3507568326803,2156.39569106756,0.183084029232785,1.27620765328164,1.40311538768944,3318.45895044559,0.285644530120085,0.25,0.75,4
"UMass-flusion_4src_spatial",2026-02-21,0.425444365791128,0.414804353109548,856.492805002733,0.0762266432051255,0.320759457356437,0.315096951105702,1104.69557113557,0.0953657748096837,0.75,1,4
"UMass-flusion_4src_spatial",2026-02-28,0.266029817729376,0.307561210315305,692.262415783682,0.0816444826181442,0.257542441949484,0.324112054563406,1149.08999036811,0.142735568184332,0.5,1,4
"UMass-flusion_4src_spatial",2026-03-07,0.348754254222076,0.403969927649273,718.545137610401,0.127324382586198,0.319080949645306,0.413637779074955,1126.03667129829,0.204774029964694,0.5,1,4
"UMass-flusion_4src_spatial",2026-03-14,0.362384585350292,0.43600184643826,774.902951043839,0.173727560888752,0.342403326813525,0.455618211552702,1265.00909091257,0.289147332278577,0.25,1,4
"UMass-flusion_4src_spatial",2026-03-21,0.351460604537667,0.399284941196431,705.267590633019,0.193060239616439,0.336709239865959,0.446002266233074,1170.06460853421,0.331190944303154,0.25,1,4
"UMass-flusion_4src_spatial",2026-03-28,0.297757918533686,0.307561912520072,489.434950396013,0.160193228030818,0.298896662635473,0.381093722533648,839.526001177385,0.287396014245288,0,1,4
"UMass-flusion_4src_spatial",2026-04-04,0.514922716437317,0.428790100236876,362.259324985749,0.204772583753607,1.02406223510283,1.34127406417842,671.01677955113,0.363890204748652,0,1,4
"UMass-flusion_4src_spatial",2026-04-11,0.257972656959338,0.208993566567353,175.568675470866,0.108268107179464,0.364763554758823,0.447068871496812,225.423876840953,0.126844966386079,1,1,4
"UMass-flusion_4src_spatial",2026-04-18,0.414288095797779,0.280913415116356,233.386722045367,0.164430481227702,2.22494155288129,2.47921561444328,392.702184083548,0.254232487093719,0.5,1,4
"UMass-flusion_4src_spatial",2026-04-25,0.359557588785138,0.226007410668243,199.509048088994,0.142020265032152,1.35077458448836,1.39904566765353,253.270234591568,0.166329447982468,0.5,1,4
"UMass-flusion_4src_spatial",2026-05-02,0.277168358664174,0.162910028905598,148.951541279938,0.103929809444111,0.924236276384739,0.939682695011292,172.60112461485,0.121014518675,0.75,1,4
"UMass-flusion_4src_spatial",2026-05-09,0.324730556995079,0.189532058620921,176.785962488097,0.122446056742605,0.922137169252256,0.927256386306843,247.363295651918,0.18311687333699,0.75,1,4
"UMass-flusion_4src_spatial",2026-05-16,0.339096769899875,0.200681546012852,176.733513779015,0.131873946322524,1.20392724834715,1.16915537657172,253.426685777075,0.200041719682037,0.5,1,4
"UMass-flusion_4src_spatial",2026-05-23,0.356326823231331,0.203032905082562,178.747671412235,0.148028972419925,1.77074508049806,1.64396249170404,291.730252012055,0.252022500188695,0.75,1,4
"UMass-flusion_4src_spatial",2026-05-30,0.374187943935929,0.224875499197805,183.274245167226,0.165285124354711,1.86909042503463,1.69488967553717,283.634471999005,0.267858713217834,0.5,1,4
"UMass-flusion_4src_spatial_fourierP",2025-11-22,0.342778292903781,0.168693245116685,926.471863252738,0.148844726232275,0.35490113546527,0.237612367556407,1661.1147645452,0.252331421920433,0,1,4
"UMass-flusion_4src_spatial_fourierP",2025-11-29,0.37132021478043,0.189329508396311,2033.51089934838,0.167550822808949,0.392098706064208,0.234509877158426,3122.9681691249,0.257306681511177,0.25,0.75,4
"UMass-flusion_4src_spatial_fourierP",2025-12-06,0.482948361084979,0.264451830119626,5719.18520263067,0.269692375590376,0.506012922438708,0.290716927618232,7453.57034752217,0.363120638644683,0.25,0.5,4
"UMass-flusion_4src_spatial_fourierP",2025-12-13,0.518364646173369,0.327518903425988,9464.38228172945,0.356170190808242,0.546396666083358,0.34224378221973,11685.1025016922,0.445944184815473,0.25,0.25,4
"UMass-flusion_4src_spatial_fourierP",2025-12-20,0.525222698578887,0.393303098450173,10475.3967679414,0.38955584843867,0.53056386862175,0.383445348964142,12336.2731502915,0.459551969460573,0,0.25,4
"UMass-flusion_4src_spatial_fourierP",2025-12-27,0.627435300113869,0.559199458568168,7343.86789259759,0.236890715786677,0.753636003521651,0.657538950197429,10509.4540691094,0.342373243931261,0.25,0.5,4
"UMass-flusion_4src_spatial_fourierP",2026-01-03,1.49000849749838,1.40129947495149,11426.8445573579,0.399612664272764,1.49950945914555,1.35883112061507,16142.2193277019,0.532782334813577,0,0.5,4
"UMass-flusion_4src_spatial_fourierP",2026-01-10,1.03297859451692,1.01027309156136,15342.2973961793,0.570656727314553,1.10018630775159,1.06805453559766,20344.3701563655,0.720289601251872,0,0,4
"UMass-flusion_4src_spatial_fourierP",2026-01-17,1.07038018105337,1.03040435644354,6945.65650656155,0.315207916737209,1.2756284080123,1.20785261195056,12487.1264860324,0.551247357716063,0,1,4
"UMass-flusion_4src_spatial_fourierP",2026-01-24,1.23265393784972,1.24047335034183,1168.13562488555,0.0746479175970478,1.119408297552,1.11978631861884,1104.85598968383,0.066234052447661,1,1,4
"UMass-flusion_4src_spatial_fourierP",2026-01-31,1.80731222450521,1.75920604490193,2705.38688513578,0.209305909622399,2.24547321538185,2.54654584263863,4871.55414077092,0.374982733271631,0,1,4
"UMass-flusion_4src_spatial_fourierP",2026-02-07,1.65944403405263,1.6720839396941,2195.73864761897,0.171823190243805,2.00978241561755,2.2211025867645,3688.45317826211,0.290696313598727,0.25,1,4
"UMass-flusion_4src_spatial_fourierP",2026-02-14,1.05865351491813,1.04225566415889,1733.91381827212,0.141269221719396,1.01101427564493,1.05019770882502,2628.88987024573,0.213797976775456,0.5,0.75,4
"UMass-flusion_4src_spatial_fourierP",2026-02-21,0.38214446008932,0.37126228360698,769.322635004285,0.0682251220747325,0.26942592651636,0.261325105027488,927.902890922345,0.079091438462723,0.75,1,4
"UMass-flusion_4src_spatial_fourierP",2026-02-28,0.226056393761937,0.262847182517389,588.243628419798,0.0697748009323697,0.220220288188681,0.278866452134392,982.567870825845,0.122809876808097,0.5,1,4
"UMass-flusion_4src_spatial_fourierP",2026-03-07,0.3089835553402,0.360379646375652,636.604797227507,0.11358547463773,0.280760704398668,0.36642411656132,990.8045258229,0.181400604152546,0.5,1,4
"UMass-flusion_4src_spatial_fourierP",2026-03-14,0.304037709191555,0.371736861909565,650.137250880599,0.148120790862597,0.285355280996489,0.390303377881644,1054.24508564153,0.247696816396332,0.25,1,4
"UMass-flusion_4src_spatial_fourierP",2026-03-21,0.294845601062734,0.338891997450067,591.65961699691,0.163859348253298,0.287096924916344,0.385403894120449,997.661814084295,0.286191997879132,0.25,1,4
"UMass-flusion_4src_spatial_fourierP",2026-03-28,0.25611884521946,0.265757435116271,420.991370851785,0.138419419542684,0.25652733250482,0.326850999386342,720.521145172912,0.246489692486158,0,1,4
"UMass-flusion_4src_spatial_fourierP",2026-04-04,0.512429127587081,0.427845408585888,360.505031021155,0.204321437726411,1.0199349806043,1.34606268772311,668.31239604097,0.365189367424409,0,1,4
"UMass-flusion_4src_spatial_fourierP",2026-04-11,0.260290330918279,0.21852482457972,177.146016852471,0.113205729332084,0.455150798403499,0.578731434221529,281.283193413362,0.164201030312442,1,1,4
"UMass-flusion_4src_spatial_fourierP",2026-04-18,0.428526048602603,0.294690012128108,241.407587639769,0.172494505067163,2.42457046522035,2.76534141224748,427.936687111392,0.283573409591002,0.25,1,4
"UMass-flusion_4src_spatial_fourierP",2026-04-25,0.35558017785492,0.229604319915434,197.302087387017,0.144280518371068,1.59357669269244,1.7044426649626,298.795629879833,0.202637422162551,0.5,1,4
"UMass-flusion_4src_spatial_fourierP",2026-05-02,0.236830126632477,0.147990215656474,127.273591233306,0.0944115903489463,0.617769697117671,0.619980221855135,115.368490936725,0.0798424920817735,0.75,1,4
"UMass-flusion_4src_spatial_fourierP",2026-05-09,0.238255671219295,0.14822078863804,129.708329713452,0.0957571570111347,0.562206209199711,0.597866680967784,150.811815617823,0.118068183630666,1,1,4
"UMass-flusion_4src_spatial_fourierP",2026-05-16,0.258057481804694,0.16149284588519,134.496726494252,0.106121859796572,0.780534888180178,0.800039322529722,164.302593961928,0.136886204433649,1,1,4
"UMass-flusion_4src_spatial_fourierP",2026-05-23,0.282359227759703,0.169241883365432,141.642590939716,0.12339232438609,1.3522394989705,1.30822478560519,222.78145745539,0.200553286915498,0.75,1,4
"UMass-flusion_4src_spatial_fourierP",2026-05-30,0.299103536101266,0.188818932929105,146.49850614961,0.138783286400885,1.43477925675171,1.36367641329328,217.727752212073,0.21551409190954,0.75,1,4
"UMass-gbqr_1src",2025-11-22,0.470201596358728,0.239405815647033,1270.87554288382,0.211237225674027,0.459922848658213,0.328219642006127,2152.66889314476,0.348551423569992,0,1,4
"UMass-gbqr_1src",2025-11-29,0.322675367473609,0.158028191857288,1767.1105708501,0.139850115267161,0.283415467665438,0.155488701356205,2257.3333460883,0.170603823784443,0.25,0.75,4
"UMass-gbqr_1src",2025-12-06,0.591936264566496,0.33423879241483,7009.84493995101,0.340862280665776,0.567947160552498,0.343003517064843,8365.8616749383,0.428429321933117,0,0.5,4
"UMass-gbqr_1src",2025-12-13,0.30028614431183,0.181710190491953,5482.67109775696,0.197606161178254,0.335467242582153,0.182571132187458,7174.21858305128,0.237890471482407,0.25,0.75,4
"UMass-gbqr_1src",2025-12-20,0.332514842882578,0.234757792675587,6631.90094382701,0.232521105131628,0.337869712719596,0.221607068180253,7855.89315787151,0.265591863100529,0.25,0.25,4
"UMass-gbqr_1src",2025-12-27,0.450696079265656,0.40517102217856,5275.20919724788,0.171640462073513,0.564342710010244,0.494361210752998,7869.75909109285,0.257408403484645,0.25,0.75,4
"UMass-gbqr_1src",2026-01-03,0.790985314633321,0.798037752739368,6066.05012833332,0.227578756905955,0.934311766174122,0.950042685474633,10057.8661628644,0.372501006534661,0.5,0.75,4
"UMass-gbqr_1src",2026-01-10,0.784536831999605,0.796900007317943,11652.3202500855,0.450132101875722,0.895621194781673,0.923485779801633,16561.603228604,0.622793295590354,0,0.25,4
"UMass-gbqr_1src",2026-01-17,0.207478659851304,0.237199841499601,1346.32117566928,0.0725610945081269,0.202809688624157,0.239343618293796,1985.30404194187,0.109233143071646,1,1,4
"UMass-gbqr_1src",2026-01-24,1.41281091601275,1.33642794215703,1338.86301057101,0.0804221734171392,2.11887878380185,2.01340756942429,2091.33335961242,0.11909070537337,0.75,1,4
"UMass-gbqr_1src",2026-01-31,2.41845691847826,2.44043118699735,3620.21655185133,0.290356363284226,2.58007232611714,3.09297373030371,5597.46691151113,0.455445067552715,0,1,4
"UMass-gbqr_1src",2026-02-07,1.11944526291308,1.11399012989708,1481.2245410105,0.114473522216861,1.48372162292599,1.57822749921854,2723.00010847491,0.206557283205583,0.25,1,4
"UMass-gbqr_1src",2026-02-14,0.93652223792114,0.893337410544164,1533.88131864481,0.121084571722851,1.01625382021784,1.03177964537393,2642.51399602143,0.210048449739856,0.5,0.75,4
"UMass-gbqr_1src",2026-02-21,0.418922272195484,0.406671758662384,843.362706951404,0.0747321546092158,0.33617134981228,0.342789245651384,1157.77412875349,0.103746995625499,0.5,0.75,4
"UMass-gbqr_1src",2026-02-28,0.398521952120579,0.461822439874302,1037.03326067932,0.122594309361482,0.370188422707579,0.440177666234883,1651.68819501554,0.193849652944019,0,1,4
"UMass-gbqr_1src",2026-03-07,0.383583052472871,0.464306830686619,790.303584508045,0.14634153807373,0.356734846828141,0.451109112210812,1258.91727445651,0.223324453263889,0.5,0.75,4
"UMass-gbqr_1src",2026-03-14,0.450233960969786,0.559026609321847,962.755147762145,0.222747518394159,0.362908943266512,0.476664453455318,1340.76709089813,0.302503832405937,0.25,0.5,4
"UMass-gbqr_1src",2026-03-21,0.436853475023415,0.511746287180467,876.623421833344,0.247436982045561,0.370480483682814,0.485910918161445,1287.41968079778,0.36082618411854,0.25,0.75,4
"UMass-gbqr_1src",2026-03-28,0.432312893100865,0.450594181667587,710.607598388491,0.234691402136878,0.403993841226278,0.488142620121277,1134.71770154431,0.368125306482108,0,1,4
"UMass-gbqr_1src",2026-04-04,0.271341111656422,0.199416042394728,190.894370770112,0.0952329314984862,0.447039296415474,0.522511603496314,292.92249897624,0.141758391858778,0.5,1,4
"UMass-gbqr_1src",2026-04-11,0.218714342101765,0.168900118466152,148.850609990582,0.0874978901459353,0.408469266576986,0.520427546501252,252.434006744578,0.147658714017202,0,1,4
"UMass-gbqr_1src",2026-04-18,0.361914361124986,0.222505388744818,203.882291721298,0.130241797572796,1.93866063053715,2.10265950341437,342.173601289807,0.215618339909624,0,1,4
"UMass-gbqr_1src",2026-04-25,0.325371810281598,0.190665311085814,180.540258831988,0.119811726229603,1.34771781130357,1.4135257263913,252.69708961942,0.168050950169488,0.25,0.75,4
"UMass-gbqr_1src",2026-05-02,0.222570856784568,0.138302682386744,119.610594520373,0.0882313478342883,1.07803373793614,1.15552539573785,201.322800559574,0.148811242693231,0.25,1,4
"UMass-gbqr_1src",2026-05-09,0.0889498057425945,0.0602048198969023,48.4249993805544,0.0388949650360663,0.211923082884044,0.233212629722628,56.8483669836447,0.0460554041019816,0.75,1,4
"UMass-gbqr_1src",2026-05-16,0.0962106160933977,0.0665045892947822,50.143916882637,0.0437021879346096,0.391251982432803,0.423034299868255,82.358542302105,0.0723808918180524,0.5,1,4
"UMass-gbqr_1src",2026-05-23,0.113175361427648,0.07478796484796,56.7732514015562,0.0545270510773569,0.622697881150872,0.640231864974255,102.589475919606,0.0981487327877129,0.5,1,4
"UMass-gbqr_1src",2026-05-30,0.106723063246957,0.0781120527067377,52.2720979537203,0.0574129257802264,0.560647160110015,0.589448259667847,85.0782065466948,0.0931558287373957,0.5,1,4
"UMass-gbqr_2src_all_otid10",2025-11-22,0.299480814815151,0.147518231260613,809.446088781721,0.130161173502042,0.286225800356887,0.192345618687253,1339.67985857041,0.204260594524813,0,1,4
"UMass-gbqr_2src_all_otid10",2025-11-29,0.265302278744812,0.135882278821926,1452.91059838623,0.120251659736588,0.333394420680556,0.18826908554518,2655.40321211546,0.206570802986043,0.25,1,4
"UMass-gbqr_2src_all_otid10",2025-12-06,0.445095373788497,0.25770948779724,5270.92144967983,0.262816422729149,0.551850140027897,0.337165741071946,8128.75256261093,0.421137634571901,0,0.75,4
"UMass-gbqr_2src_all_otid10",2025-12-13,0.538123065946302,0.371924304099531,9825.13458108935,0.404460166945104,0.637436710938923,0.441728609688922,13632.0621409621,0.575573070984026,0,0.25,4
"UMass-gbqr_2src_all_otid10",2025-12-20,0.577235471720027,0.450229135990067,11512.7746975864,0.445939515232779,0.617862399116815,0.47246451767052,14366.0731074648,0.566239752763388,0,0.25,4
"UMass-gbqr_2src_all_otid10",2025-12-27,0.703044922590366,0.575764354810558,8228.84691557542,0.243908015370334,0.948011924848918,0.760113105157908,13220.0262920182,0.395782469600375,0.25,1,4
"UMass-gbqr_2src_all_otid10",2026-01-03,2.95634613873669,2.1482752842268,22672.157804339,0.61262993761624,3.1654797394738,2.2288347205518,34076.3893954354,0.873900919925679,0,0.5,4
"UMass-gbqr_2src_all_otid10",2026-01-10,0.971920316026393,0.903287502652684,14435.4303303246,0.510225496841917,1.1691873886849,1.11392854816081,21620.3208947141,0.751226761402072,0,0.5,4
"UMass-gbqr_2src_all_otid10",2026-01-17,0.427991281075356,0.480908268415555,2777.21923366257,0.147113210926405,0.358593816760335,0.404149007378759,3510.27487226692,0.184448061159825,1,1,4
"UMass-gbqr_2src_all_otid10",2026-01-24,4.19365913228482,5.918227301963,3974.15891080841,0.356140939130851,7.39464786437986,10.61351227197,7298.51744214292,0.627776850625052,0,1,4
"UMass-gbqr_2src_all_otid10",2026-01-31,3.95378574505904,4.80227767182293,5918.46829578545,0.571362916398044,4.17788669716318,6.06774298857763,9063.92518949552,0.893484347522696,0,1,4
"UMass-gbqr_2src_all_otid10",2026-02-07,1.60229787642024,1.69540414875935,2120.12415005141,0.174219572760031,2.09191011863944,2.39164390808862,3839.17804523303,0.313016639422756,0.25,1,4
"UMass-gbqr_2src_all_otid10",2026-02-14,0.964165458027124,0.916743915239404,1579.15671862023,0.124257131791533,0.700202883291047,0.663287639369706,1820.70254727755,0.135031293751413,0.5,0.5,4
"UMass-gbqr_2src_all_otid10",2026-02-21,0.443346058187971,0.443952742518152,892.531995947845,0.0815831055054787,0.36377967063804,0.38132052613373,1252.85718567741,0.11540869341316,0.75,0.75,4
"UMass-gbqr_2src_all_otid10",2026-02-28,0.22955919768805,0.276094803450398,597.358619846716,0.0732914835331696,0.199475246532199,0.258036614487739,890.008681215039,0.113636633573786,1,1,4
"UMass-gbqr_2src_all_otid10",2026-03-07,0.337087188982463,0.378235489187996,694.507257364877,0.11921332959928,0.330963299296254,0.390790623009927,1167.96948321648,0.193463399124516,0.75,1,4
"UMass-gbqr_2src_all_otid10",2026-03-14,0.21100283179483,0.239460592845822,451.196666873593,0.095414515016211,0.169750881891497,0.185841675071014,627.144633148134,0.117940027879571,0.5,1,4
"UMass-gbqr_2src_all_otid10",2026-03-21,0.163388225029051,0.187722001164241,327.867244056067,0.0907663945889119,0.141848088249501,0.175065566853496,492.922106667016,0.12999963181998,0.25,1,4
"UMass-gbqr_2src_all_otid10",2026-03-28,0.161009389956517,0.22828345105123,264.656682095072,0.118901142961013,0.147882102384398,0.240665774130447,415.363855072179,0.181494420297727,0.5,1,4
"UMass-gbqr_2src_all_otid10",2026-04-04,0.983678047168863,1.33948544687177,692.038890488668,0.639683368866872,1.73379328931126,3.1452497186563,1136.06805282121,0.853312231015624,0,1,4
"UMass-gbqr_2src_all_otid10",2026-04-11,0.807453691750407,1.03653274750547,549.52946112822,0.536970780704772,1.50847545086074,2.74800273810539,932.237828631935,0.779679233261752,0,1,4
"UMass-gbqr_2src_all_otid10",2026-04-18,0.855219626475772,0.965198093015501,481.782863849098,0.564971191741988,4.86711463780136,7.37805226017777,859.04573357194,0.756586302976166,0,1,4
"UMass-gbqr_2src_all_otid10",2026-04-25,0.772456538282765,0.692267684186612,428.615814127643,0.435012461275861,3.64765465548115,5.00644856946503,683.935247902716,0.595205607768592,0,0.75,4
"UMass-gbqr_2src_all_otid10",2026-05-02,0.378160994844947,0.301330672515606,203.225445016825,0.192236411623009,1.52557509688242,1.75865428401474,284.901149342792,0.226483580921124,0,1,4
"UMass-gbqr_2src_all_otid10",2026-05-09,0.157418164632293,0.124605360355921,85.6997321260757,0.0805005503321732,0.383951494008769,0.438470012226263,102.994988267852,0.0865901371795303,0.75,1,4
"UMass-gbqr_2src_all_otid10",2026-05-16,0.183936984398833,0.164782412960479,95.8659369604732,0.108283534352753,0.507268163842626,0.563415781663038,106.779948488873,0.0964000714689943,1,1,4
"UMass-gbqr_2src_all_otid10",2026-05-23,0.264511670676373,0.209981254996694,132.68954822429,0.153094934990794,1.36938801008263,1.59659523634698,225.606674661113,0.244761012057181,0,1,4
"UMass-gbqr_2src_all_otid10",2026-05-30,0.177877275358533,0.149451430474175,87.1228587186119,0.109847886315019,1.00198513236056,1.14741398806826,152.051243835714,0.181336188902501,0.25,1,4
"UMass-gbqr_2src_mobsgleam_otid10",2025-11-22,0.490236862647763,0.247263186881665,1325.02748562302,0.218170095271236,0.553435961909012,0.396892890106911,2590.35701971513,0.421478681184442,0,1,4
"UMass-gbqr_2src_mobsgleam_otid10",2025-11-29,0.476635442067469,0.275553514907446,2610.26286175416,0.243856430736606,0.593868093543494,0.392219936645419,4730.01089805054,0.430347802589905,0.5,1,4
"UMass-gbqr_2src_mobsgleam_otid10",2025-12-06,0.522830785856025,0.343663462066467,6191.48201938176,0.350473715558682,0.712375647936937,0.493409264294088,10493.2932941111,0.616293962073491,0.5,0.75,4
"UMass-gbqr_2src_mobsgleam_otid10",2025-12-13,0.522745874495159,0.365485880850239,9544.37542942398,0.397458511733094,0.691548790132967,0.489172973876237,14789.2895385861,0.637393151905224,0.25,0.75,4
"UMass-gbqr_2src_mobsgleam_otid10",2025-12-20,0.475175714280938,0.357852517680645,9477.22586067011,0.354443028011534,0.584723781098513,0.429923883324114,13595.5588152668,0.515255610306569,0.25,0.25,4
"UMass-gbqr_2src_mobsgleam_otid10",2025-12-27,0.577656540115707,0.509373638222677,6761.22831650508,0.215783266440206,0.792450569473555,0.673286041515575,11050.7231913087,0.350572579857226,0.25,0.75,4
"UMass-gbqr_2src_mobsgleam_otid10",2026-01-03,1.63602749896462,1.46036788994573,12546.6612798643,0.416457376707293,1.75797514320831,1.51298741121398,18924.6024166374,0.593225275209518,0.25,0.5,4
"UMass-gbqr_2src_mobsgleam_otid10",2026-01-10,1.08141288982869,1.03647384121511,16061.6669618141,0.585456323755836,1.27618459515629,1.17836684506977,23598.8864874813,0.794683564064247,0,0.25,4
"UMass-gbqr_2src_mobsgleam_otid10",2026-01-17,1.54788546041927,1.4170884035849,10044.1702022106,0.433497277775659,1.61438144178179,1.43699323627281,15803.179933602,0.655823994346478,0,0.25,4
"UMass-gbqr_2src_mobsgleam_otid10",2026-01-24,2.1271696535172,1.8253399195002,2015.83151292527,0.109843410872072,4.66940146627033,4.2129542499683,4608.69924720881,0.249191321694456,0.5,1,4
"UMass-gbqr_2src_mobsgleam_otid10",2026-01-31,1.36913107017156,1.28256986139772,2049.46837134802,0.152596935573336,1.49490825877955,1.59577866630637,3243.20346742223,0.234980826172009,0,1,4
"UMass-gbqr_2src_mobsgleam_otid10",2026-02-07,1.87770668192537,1.9063053217843,2484.53882492621,0.195891757699465,1.94155214979392,2.16425635814145,3563.2335829093,0.283256319966203,0,0.25,4
"UMass-gbqr_2src_mobsgleam_otid10",2026-02-14,1.15170048131453,1.14826631963998,1886.31063036365,0.155638098098554,0.990427449443933,1.0697355500966,2575.35897541659,0.217775466822638,0,0.5,4
"UMass-gbqr_2src_mobsgleam_otid10",2026-02-21,0.477044433910113,0.483071478026624,960.372631920595,0.088771771371414,0.450415077232908,0.49199642908031,1551.22952599013,0.148905346428128,0.25,0.75,4
"UMass-gbqr_2src_mobsgleam_otid10",2026-02-28,0.117638133734168,0.139130259119618,306.117785375255,0.0369331945686659,0.044233363524306,0.0576625130218192,197.358209704572,0.0253939692869265,1,1,4
"UMass-gbqr_2src_mobsgleam_otid10",2026-03-07,0.207667201908493,0.274670787324574,427.860754000974,0.0865715144047286,0.151989623055946,0.223341175053804,536.371379764434,0.110566478175897,0.5,0.75,4
"UMass-gbqr_2src_mobsgleam_otid10",2026-03-14,0.251881538573616,0.321755041659725,538.609409573774,0.128205233642556,0.219253934174172,0.311528783550439,810.033659806479,0.197704381448283,0.25,0.75,4
"UMass-gbqr_2src_mobsgleam_otid10",2026-03-21,0.296257429924279,0.330112766885013,594.492700212249,0.159614458998375,0.302598345102472,0.390724246715729,1051.52924923109,0.290142768387405,0.25,0.75,4
"UMass-gbqr_2src_mobsgleam_otid10",2026-03-28,0.261568571827754,0.260862499128279,429.94927425646,0.135869898405637,0.253427448103715,0.29066342221065,711.81434486131,0.219199383487249,0.5,1,4
"UMass-gbqr_2src_mobsgleam_otid10",2026-04-04,0.293749910382324,0.259601211481592,206.659447821582,0.123974902385306,0.499825993750324,0.660837225672553,327.5109824049,0.179286396254008,0.75,1,4
"UMass-gbqr_2src_mobsgleam_otid10",2026-04-11,0.21515462664665,0.185459275548769,146.42797134789,0.0960762814489259,0.26293705118862,0.345803080774068,162.495097634567,0.098113250448711,0.5,1,4
"UMass-gbqr_2src_mobsgleam_otid10",2026-04-18,0.39805914939132,0.26914819638415,224.244242108164,0.157543802009892,1.78261082764137,1.92034005588519,314.630811078701,0.196922294950539,0,1,4
"UMass-gbqr_2src_mobsgleam_otid10",2026-04-25,0.352308633313177,0.227314705114138,195.486793376649,0.142841752713162,1.3462609056092,1.40876592069856,252.423919801725,0.167485067388332,0,1,4
"UMass-gbqr_2src_mobsgleam_otid10",2026-05-02,0.292563500001193,0.207445787346009,157.224960516619,0.132341767377303,1.19536788238789,1.29163190903114,223.234952035938,0.166339355408473,0,1,4
"UMass-gbqr_2src_mobsgleam_otid10",2026-05-09,0.109231128777935,0.0881022732683356,59.4663169778661,0.0569179485004354,0.26520663306663,0.294501971501512,71.1416793201234,0.0581589741621802,1,1,4
"UMass-gbqr_2src_mobsgleam_otid10",2026-05-16,0.155414726749791,0.11553816573421,81.000449398578,0.0759236420535667,0.622147648418518,0.638613455703645,130.962079992098,0.109266344278072,0.5,1,4
"UMass-gbqr_2src_mobsgleam_otid10",2026-05-23,0.162294353568737,0.11617633060319,81.4132866021496,0.0847028358862052,0.793982999655312,0.803673299417141,130.808699193213,0.123204607937289,0.5,1,4
"UMass-gbqr_2src_mobsgleam_otid10",2026-05-30,0.201090848198474,0.151997764853643,98.4926799777467,0.111719460568596,1.09810916411136,1.07362886156491,166.638065653899,0.169675259388879,0,1,4
"UMass-gbqr_2src_mobsgleam_otid50",2025-11-22,0.532231140227635,0.266934527466957,1438.53092910478,0.235526897566517,0.582593596245282,0.424619314819637,2726.82932722604,0.450922637509111,0,1,4
"UMass-gbqr_2src_mobsgleam_otid50",2025-11-29,0.614408126496288,0.385977329379623,3364.76596787822,0.341578128369644,0.744269494857778,0.576388162004155,5927.92045916848,0.632419099036176,0.25,1,4
"UMass-gbqr_2src_mobsgleam_otid50",2025-12-06,0.667977000989729,0.476853134394667,7910.33677218723,0.486302759048559,0.815373045774726,0.641603996268057,12010.4449642617,0.801396928588161,0,0.75,4
"UMass-gbqr_2src_mobsgleam_otid50",2025-12-13,0.627127818100472,0.465215604243059,11450.1971803545,0.505912571143135,0.76488050736802,0.584974739571377,16357.5433104456,0.762223002807741,0,0.5,4
"UMass-gbqr_2src_mobsgleam_otid50",2025-12-20,0.567211073958647,0.440263370343561,11312.8413280001,0.436068699805533,0.646448386665697,0.494389018244283,15030.7330504608,0.592515850375032,0,0.25,4
"UMass-gbqr_2src_mobsgleam_otid50",2025-12-27,0.611955424975652,0.539771961780245,7162.68242536561,0.228660747839608,0.820107190877277,0.700760405168209,11436.3947767836,0.364878176515607,0.25,0.75,4
"UMass-gbqr_2src_mobsgleam_otid50",2026-01-03,2.11841440142372,1.74084738054512,16246.0765249183,0.496442532283101,2.39835643504382,1.85345015746803,25818.3070232467,0.726716872593723,0.25,0.5,4
"UMass-gbqr_2src_mobsgleam_otid50",2026-01-10,1.24556048784602,1.14126474130578,18499.6664315205,0.644647875621943,1.42781531470061,1.26876406461325,26402.803845615,0.855646909145513,0,0.25,4
"UMass-gbqr_2src_mobsgleam_otid50",2026-01-17,1.4573781129234,1.34441528508903,9456.87144784874,0.411266061321037,1.58325728109886,1.41491406807442,15498.5055246767,0.645747364955187,0,0.5,4
"UMass-gbqr_2src_mobsgleam_otid50",2026-01-24,1.76665448688992,1.54990013405015,1674.18606279715,0.0932682813849625,3.96725769289912,3.6449024857611,3915.68334289143,0.215591723523,0.5,1,4
"UMass-gbqr_2src_mobsgleam_otid50",2026-01-31,1.77849548002629,1.66079219233633,2662.25076204177,0.197596877021937,1.64719807691299,1.77203527910592,3573.59622786273,0.260934879430399,0,1,4
"UMass-gbqr_2src_mobsgleam_otid50",2026-02-07,2.15312482122111,2.24262409635293,2848.96585006068,0.230451843717539,2.35431122594281,2.70446301160599,4320.74967741155,0.35395817933975,0,0.5,4
"UMass-gbqr_2src_mobsgleam_otid50",2026-02-14,1.32904183132821,1.3828984348853,2176.76885206381,0.187440560249557,1.20447698476078,1.34549793538027,3131.94127962422,0.273914839008457,0,0.5,4
"UMass-gbqr_2src_mobsgleam_otid50",2026-02-21,0.569665888856029,0.602423937729702,1146.8355777926,0.110704611017959,0.618867253166328,0.722907274580378,2131.37881990483,0.218791746838539,0,0.75,4
"UMass-gbqr_2src_mobsgleam_otid50",2026-02-28,0.11749689583557,0.140470958626325,305.750256315098,0.0372890935373925,0.0573622986299511,0.0684183870578077,255.936235912184,0.0301307440234106,1,1,4
"UMass-gbqr_2src_mobsgleam_otid50",2026-03-07,0.194641377562165,0.253760523448728,401.02339607885,0.0799809583868608,0.144463657715398,0.211037918606306,509.812248077639,0.104475672326206,0.5,0.75,4
"UMass-gbqr_2src_mobsgleam_otid50",2026-03-14,0.20895717481461,0.268368531513817,446.822348277056,0.106933057233723,0.17634561853491,0.255345477991799,651.508887677227,0.162048974116099,0.5,0.75,4
"UMass-gbqr_2src_mobsgleam_otid50",2026-03-21,0.227077007395272,0.254920137434875,455.670000637741,0.123257698296267,0.191143527717696,0.258218591932677,664.223758818994,0.191747140706506,0.5,1,4
"UMass-gbqr_2src_mobsgleam_otid50",2026-03-28,0.213823172690819,0.220259850445257,351.468516554698,0.114722060866715,0.196141647952434,0.224813489685288,550.912853686399,0.169539661935579,0.5,1,4
"UMass-gbqr_2src_mobsgleam_otid50",2026-04-04,0.342631618947474,0.309627355412083,241.048792443004,0.14786533908666,0.623068236021884,0.826839558375985,408.26546165334,0.224323144857067,0.75,1,4
"UMass-gbqr_2src_mobsgleam_otid50",2026-04-11,0.325128950552245,0.295626672692464,221.273292598168,0.153147969145074,0.596862611257607,0.826816843127301,368.861093757201,0.234589257630017,0.5,1,4
"UMass-gbqr_2src_mobsgleam_otid50",2026-04-18,0.540613626370095,0.383182320884664,304.551454486305,0.224292789274287,2.70704544974721,3.11486418653738,477.793521880383,0.319415408845098,0,1,4
"UMass-gbqr_2src_mobsgleam_otid50",2026-04-25,0.516174571381654,0.363805794542687,286.411692024215,0.228611067258446,2.55769744915135,3.00037867775272,479.568271715878,0.35670839111777,0,1,4
"UMass-gbqr_2src_mobsgleam_otid50",2026-05-02,0.409205297507307,0.309051590240079,219.908794991567,0.197162035375143,1.90118801004215,2.19918997664726,355.046860875371,0.283216789999154,0,1,4
"UMass-gbqr_2src_mobsgleam_otid50",2026-05-09,0.133854530312041,0.116914564686943,72.871497507285,0.0755319576321752,0.272808174505512,0.290091775848089,73.1807928111035,0.0572880378701415,0.25,1,4
"UMass-gbqr_2src_mobsgleam_otid50",2026-05-16,0.120059781397767,0.111547224600195,62.573840016916,0.0733010732756199,0.278984843347403,0.305849343490593,58.7263095246282,0.0523306224831159,1,1,4
"UMass-gbqr_2src_mobsgleam_otid50",2026-05-23,0.119535715455868,0.103014125087578,59.9638573222442,0.0751064221597524,0.337225273758206,0.359725467272219,55.5578638516645,0.055146581568001,1,1,4
"UMass-gbqr_2src_mobsgleam_otid50",2026-05-30,0.15581271328023,0.130556177344995,76.3158136884845,0.0959597380982887,0.76899713080703,0.777158256762151,116.695314599967,0.122821333817464,0.75,1,4
"UMass-gbqr_2src_nihflu_otid10",2025-11-22,0.363850854814095,0.183068415918356,983.427440956245,0.161528508330586,0.407323789678568,0.282719736050897,1906.47899759054,0.300232996019272,0,1,4
"UMass-gbqr_2src_nihflu_otid10",2025-11-29,0.342624772100477,0.188440337806052,1876.36218207261,0.166763934038798,0.43056483185403,0.274371330348344,3429.34124450938,0.301043083426488,0,1,4
"UMass-gbqr_2src_nihflu_otid10",2025-12-06,0.360854020322031,0.21761114086022,4273.31603051532,0.22192346147492,0.52000406166641,0.316429542150108,7659.65982834622,0.395237038217743,0,1,4
"UMass-gbqr_2src_nihflu_otid10",2025-12-13,0.313177247547008,0.206224987322297,5718.03886435066,0.22426550747355,0.489118292240766,0.302502593429167,10460.161518288,0.394161353513582,0,1,4
"UMass-gbqr_2src_nihflu_otid10",2025-12-20,0.335823002498002,0.245935471380903,6697.88111687934,0.243592286947339,0.394507027025871,0.270693986835003,9172.78151213528,0.324421602993008,0.25,0.5,4
"UMass-gbqr_2src_nihflu_otid10",2025-12-27,0.633557777470845,0.537408114629921,7415.52893059927,0.22765936374513,0.918248232372121,0.737951823565189,12804.9716004292,0.38424333588625,0.25,0.75,4
"UMass-gbqr_2src_nihflu_otid10",2026-01-03,1.64647333507042,1.43911391250514,12626.7701823659,0.410396317880651,1.9301156768761,1.61237620190696,20777.6952615712,0.632194497474413,0.25,0.5,4
"UMass-gbqr_2src_nihflu_otid10",2026-01-10,0.728082489688209,0.745952233855026,10813.8330697658,0.421354051751297,0.897672739940658,0.92631066550322,16599.5398887977,0.624698381639579,0,0.25,4
"UMass-gbqr_2src_nihflu_otid10",2026-01-17,0.856118972785499,0.814008390464294,5555.32363077439,0.249010873605441,0.95906764847246,0.966520595755344,9388.31321089691,0.441106737127376,0,1,4
"UMass-gbqr_2src_nihflu_otid10",2026-01-24,2.14759926850597,1.84737342702807,2035.19182188004,0.111169320416087,0.900905677301315,0.901006191715637,889.193903496398,0.0532934635523747,1,1,4
"UMass-gbqr_2src_nihflu_otid10",2026-01-31,1.13377892708671,1.06686655546081,1697.16698553481,0.126933098873526,1.2890445977984,1.33560936292047,2796.58225492363,0.196670502099487,1,1,4
"UMass-gbqr_2src_nihflu_otid10",2026-02-07,0.882254054408257,0.836229162919616,1167.37852228242,0.0859308310646425,0.817394664238467,0.805038420337599,1500.12355754365,0.105362851086669,1,1,4
"UMass-gbqr_2src_nihflu_otid10",2026-02-14,0.79547976245392,0.745071517111485,1302.87514549209,0.100988343807727,0.801927723230794,0.81470678035496,2085.21256233087,0.165857018960759,0.75,1,4
"UMass-gbqr_2src_nihflu_otid10",2026-02-21,0.608171393973561,0.604859575628988,1224.35379342307,0.111152196728509,0.713124864844666,0.745962630648175,2456.00203452503,0.225769573463657,0.5,1,4
"UMass-gbqr_2src_nihflu_otid10",2026-02-28,0.377168472343738,0.411862172052028,981.467265777426,0.109331973016688,0.40135527305143,0.465706266012591,1790.74688953722,0.205092182010486,0.5,1,4
"UMass-gbqr_2src_nihflu_otid10",2026-03-07,0.353643466406024,0.397180052515453,728.618476068615,0.125184330567272,0.29120217392439,0.38011355468544,1027.65247177917,0.188177648113322,0.75,1,4
"UMass-gbqr_2src_nihflu_otid10",2026-03-14,0.277177322089594,0.32478202861253,592.700499779914,0.129411354819447,0.282113293944138,0.378034414288608,1042.26756447662,0.239910608552138,0.75,1,4
"UMass-gbqr_2src_nihflu_otid10",2026-03-21,0.218768029538458,0.249538941598106,438.996573465421,0.120655809643626,0.204727599895193,0.271726586449631,711.428409635795,0.201777864311336,0.75,1,4
"UMass-gbqr_2src_nihflu_otid10",2026-03-28,0.181141705878528,0.212466787160886,297.748863465664,0.110663053840966,0.166977693100922,0.202362531146501,468.998595497216,0.152608614220764,0.75,1,4
"UMass-gbqr_2src_nihflu_otid10",2026-04-04,0.531860254009113,0.50725603242287,374.175250874846,0.242244698108592,0.87805134111379,1.16675502541137,575.343141264811,0.316542857591544,0,1,4
"UMass-gbqr_2src_nihflu_otid10",2026-04-11,0.320797387961585,0.315485072018731,218.325357279266,0.163435516948494,0.427321632357276,0.583694313319188,264.084768796796,0.16560912707886,0.25,1,4
"UMass-gbqr_2src_nihflu_otid10",2026-04-18,0.648985918269905,0.496391474575981,365.602337250231,0.290558886296153,2.80324838077906,3.42519838974682,494.773339207504,0.351238795182514,0,1,4
"UMass-gbqr_2src_nihflu_otid10",2026-04-25,0.474532926777356,0.349776061221746,263.305838789594,0.219794956146518,1.96278242427216,2.24097607774248,368.02170455103,0.266424694040174,0,1,4
"UMass-gbqr_2src_nihflu_otid10",2026-05-02,0.189878210388005,0.148928394719986,102.041417097822,0.0950101094944541,0.732934499262723,0.795524897943405,136.875517737313,0.102449542946454,0,1,4
"UMass-gbqr_2src_nihflu_otid10",2026-05-09,0.0893553072066821,0.0854348979052998,48.6457576833222,0.0551947065463692,0.0684146758052862,0.073477495796796,18.352236784768,0.0145105167132153,1,1,4
"UMass-gbqr_2src_nihflu_otid10",2026-05-16,0.128059507602258,0.109422226081013,66.7432094916156,0.0719046721305134,0.433039274454033,0.447690792364487,91.1547672725738,0.0765996015456989,0.75,1,4
"UMass-gbqr_2src_nihflu_otid10",2026-05-23,0.120618643686496,0.0964853048968091,60.5070970867275,0.0703463339190754,0.497094777405275,0.5154729235258,81.896364577519,0.0790229555857382,0.75,1,4
"UMass-gbqr_2src_nihflu_otid10",2026-05-30,0.12708840079367,0.106051521989878,62.2468764759508,0.0779486385250217,0.619629332156429,0.650946515005378,94.0287511547381,0.102874953101424,0.75,1,4
"UMass-gbqr_2src_nihflu_otid50",2025-11-22,0.374751815529625,0.189572913200809,1012.89089764076,0.167267683699556,0.42363829681881,0.29671723841037,1982.83904826044,0.315097582867269,0,1,4
"UMass-gbqr_2src_nihflu_otid50",2025-11-29,0.333453038597686,0.184129616837041,1826.13378269803,0.162949077858293,0.447933911118464,0.283761415338008,3567.68161858079,0.311345982549863,0,1,4
"UMass-gbqr_2src_nihflu_otid50",2025-12-06,0.346369445882547,0.208785958460414,4101.78637957171,0.212923393654079,0.51447749015731,0.311907380614884,7578.25343001718,0.389588622082575,0,1,4
"UMass-gbqr_2src_nihflu_otid50",2025-12-13,0.297447651644427,0.193830905805055,5430.84545743502,0.210787194213728,0.444792467989745,0.270393472615464,9512.22052231168,0.352323118751393,0,1,4
"UMass-gbqr_2src_nihflu_otid50",2025-12-20,0.344600099025143,0.250025119784314,6872.93746695922,0.247642970656377,0.385970358662794,0.26418490672524,8974.29330185829,0.316620594082874,0.25,0.5,4
"UMass-gbqr_2src_nihflu_otid50",2025-12-27,0.685028649716447,0.572661669703685,8017.97397317157,0.242593641251107,0.962799808202225,0.765465488164795,13426.24332538,0.398569396112151,0.25,0.75,4
"UMass-gbqr_2src_nihflu_otid50",2026-01-03,1.89356432632764,1.59814922918874,14521.7059182091,0.45574888365935,2.21256961241865,1.76836177255644,23818.3118776868,0.693354677917026,0.25,0.5,4
"UMass-gbqr_2src_nihflu_otid50",2026-01-10,0.730818402907124,0.745614089726961,10854.4681753503,0.42116304971126,0.920402886209529,0.942894860279603,17019.860071065,0.635882663569415,0,0.25,4
"UMass-gbqr_2src_nihflu_otid50",2026-01-17,0.781814452343626,0.753786897717413,5073.16440827633,0.230588696765014,0.889379647835571,0.909352295893409,8706.1373726624,0.415015909544431,0,1,4
"UMass-gbqr_2src_nihflu_otid50",2026-01-24,1.84012710644728,1.65646009741939,1743.81305357149,0.0996807362454719,0.660222506521089,0.683247792251407,651.639613936315,0.0404133086413716,1,1,4
"UMass-gbqr_2src_nihflu_otid50",2026-01-31,1.01428208385575,0.908060008333071,1518.29075811335,0.108038695402773,1.04213034137074,1.05376156737699,2260.90177560383,0.155167987214474,1,1,4
"UMass-gbqr_2src_nihflu_otid50",2026-02-07,0.911531048157641,0.816437554561556,1206.11717531468,0.0838970472291492,0.775677476038697,0.789480598928181,1423.56208790002,0.103326654578549,1,1,4
"UMass-gbqr_2src_nihflu_otid50",2026-02-14,0.944190275474173,0.863465490423474,1546.44040061533,0.117035677529391,0.933025828062933,0.939383774031628,2426.10040942064,0.191238610231169,0.5,1,4
"UMass-gbqr_2src_nihflu_otid50",2026-02-21,0.736003540065558,0.71372966986369,1481.70192676186,0.131158741420545,0.85892310543001,0.879325885111433,2958.13117510095,0.266132674561271,0.25,1,4
"UMass-gbqr_2src_nihflu_otid50",2026-02-28,0.37580701564044,0.411155022837284,977.9244850679,0.109144254833006,0.373833102604242,0.4352668979177,1667.94984554448,0.191687001798818,0.5,1,4
"UMass-gbqr_2src_nihflu_otid50",2026-03-07,0.343513955779228,0.384605798753628,707.748449340218,0.121221141757593,0.26496674123713,0.340369068684359,935.067629825831,0.168501885939185,0.5,1,4
"UMass-gbqr_2src_nihflu_otid50",2026-03-14,0.255367713264774,0.301957852229812,546.064050762282,0.120316924314952,0.22176652081089,0.294208924737204,819.316411135832,0.186712742298869,0.75,1,4
"UMass-gbqr_2src_nihflu_otid50",2026-03-21,0.20674530683059,0.267914959029406,414.870863307435,0.1295408888501,0.142203527319403,0.168648434972057,494.157257434926,0.12523441843781,0.75,1,4
"UMass-gbqr_2src_nihflu_otid50",2026-03-28,0.165950289751956,0.2471868064806,272.778209335057,0.128746931413922,0.0998415159985598,0.140823156517413,280.429858060955,0.106199634114864,0.75,1,4
"UMass-gbqr_2src_nihflu_otid50",2026-04-04,0.729901344078157,0.878424080760142,513.501462979507,0.419499350729582,1.35492992279158,2.04441396139868,887.817831909185,0.554653396254299,0,1,4
"UMass-gbqr_2src_nihflu_otid50",2026-04-11,0.389588942850391,0.471816371410182,265.142885608684,0.244422191112762,0.677946135904853,0.995820976245996,418.970711989199,0.282540087918818,0.5,1,4
"UMass-gbqr_2src_nihflu_otid50",2026-04-18,0.681246839017566,0.646116534533729,383.776334089226,0.378199284852774,3.47501801402377,4.9115006461079,613.340679475196,0.503652452553148,0,1,4
"UMass-gbqr_2src_nihflu_otid50",2026-04-25,0.43360427521188,0.414974077899045,240.595606637398,0.260764584446329,2.30072773196255,2.97640879288775,431.386449742977,0.353858664471977,0,1,4
"UMass-gbqr_2src_nihflu_otid50",2026-05-02,0.238014123579056,0.287873931264343,127.909876597601,0.183651571491449,0.933422829440483,1.16103142805423,174.31671339801,0.149520322315653,0.75,1,4
"UMass-gbqr_2src_nihflu_otid50",2026-05-09,0.16818952899472,0.233878299668604,91.5637506950163,0.151095681440167,0.171118048654705,0.19587359344202,45.9024165516245,0.0386815993182217,1,1,4
"UMass-gbqr_2src_nihflu_otid50",2026-05-16,0.175322056944263,0.242658800070649,91.3759313480725,0.159458476431887,0.298735835764423,0.348295663091811,62.883893428411,0.0595931599844179,1,1,4
"UMass-gbqr_2src_nihflu_otid50",2026-05-23,0.155141212276368,0.241927996360191,77.8249871367916,0.176386939280841,0.33170190323523,0.333924060300018,54.6478885580041,0.0511911780071936,0.75,1,4
"UMass-gbqr_2src_nihflu_otid50",2026-05-30,0.16244850529154,0.215643301738736,79.5659712407755,0.158499392202774,0.405295177695267,0.421361574828965,61.5035432152568,0.0665915728098085,1,1,4
"UMass-gbqr_2src_utseirs_otid10",2025-11-22,0.577857941934174,0.283018046598983,1561.85247211505,0.249718023004895,0.490724172124671,0.35076769599175,2296.83448762952,0.37249623158753,0,1,4
"UMass-gbqr_2src_utseirs_otid10",2025-11-29,0.383304407332752,0.20288290346058,2099.14154698077,0.179545162804379,0.429094297524068,0.263278362211649,3417.62880620482,0.288871763165064,0,1,4
"UMass-gbqr_2src_utseirs_otid10",2025-12-06,0.458373146561038,0.275739567728386,5428.15987863735,0.281203798178643,0.593480293288171,0.375313067931929,8741.96472013476,0.468785639816973,0,1,4
"UMass-gbqr_2src_utseirs_otid10",2025-12-13,0.542705572902201,0.384697792164812,9908.80270537113,0.418351077160997,0.715247892027035,0.521719352698942,15296.1126069172,0.679801134538692,0,0.75,4
"UMass-gbqr_2src_utseirs_otid10",2025-12-20,0.625941626504827,0.505489530638735,12484.2031940929,0.500673408780136,0.739475877096113,0.598537013302392,17193.738487331,0.717335244777961,0,0.25,4
"UMass-gbqr_2src_utseirs_otid10",2025-12-27,0.619054246700617,0.552821226080391,7245.7711660402,0.234188738815254,0.863899699755265,0.75541450188497,12047.0813130872,0.393335958950293,0.25,0.75,4
"UMass-gbqr_2src_utseirs_otid10",2026-01-03,1.7539834639967,1.41090979778961,13451.2631524695,0.402353268106927,2.18605989725994,1.74300114207868,23532.9347940032,0.683411061147217,0.25,0.75,4
"UMass-gbqr_2src_utseirs_otid10",2026-01-10,0.989718798964306,0.913008301524064,14699.7820021634,0.515716328298441,1.3210823327662,1.20877397968259,24429.1242269293,0.815189954080392,0,0.25,4
"UMass-gbqr_2src_utseirs_otid10",2026-01-17,0.511258705551115,0.519355449804106,3317.53840140493,0.158874473263971,0.624072500205749,0.673237003733295,6109.04570451408,0.307256130220506,0.25,1,4
"UMass-gbqr_2src_utseirs_otid10",2026-01-24,2.07671687475979,2.43931984038771,1968.019481964,0.146790857206185,3.30324534389116,3.92329035147942,3260.30315442057,0.232058040526697,0.5,1,4
"UMass-gbqr_2src_utseirs_otid10",2026-01-31,3.32107901641609,3.60236809688694,4971.36216625301,0.428600693761068,3.37359804382977,4.39717906023221,7319.02095608868,0.647491278217935,0,0.75,4
"UMass-gbqr_2src_utseirs_otid10",2026-02-07,1.93472467614795,1.95598330044284,2559.98373958143,0.200996662169473,2.03419713743303,2.23030925774883,3733.26029647397,0.291901276094205,0,0.75,4
"UMass-gbqr_2src_utseirs_otid10",2026-02-14,0.933498081837128,0.890964347718382,1528.92820986202,0.120762922486471,0.81896372919957,0.804912105850517,2129.51043685118,0.1638630309958,0.5,0.5,4
"UMass-gbqr_2src_utseirs_otid10",2026-02-21,0.376997690998277,0.368714359394027,758.961302125209,0.0677569020369279,0.248605595357368,0.234451120540231,856.197670410776,0.0709578835557099,0.75,1,4
"UMass-gbqr_2src_utseirs_otid10",2026-02-28,0.209394920387394,0.236368869159105,544.887165947949,0.0627459295330084,0.129892147805162,0.172672801277619,579.546290469682,0.0760433006218828,1,1,4
"UMass-gbqr_2src_utseirs_otid10",2026-03-07,0.290168104344609,0.331049485741626,597.838959503217,0.104341111782276,0.223765612968077,0.292959665369286,789.668848164344,0.145031557390473,0.5,1,4
"UMass-gbqr_2src_utseirs_otid10",2026-03-14,0.24109259938752,0.288614480687241,515.538944791568,0.11500017758312,0.21839772881288,0.289704508095135,806.870409099186,0.183854120710661,0.5,1,4
"UMass-gbqr_2src_utseirs_otid10",2026-03-21,0.155174736303964,0.171769008301597,311.385432640948,0.0830528839931138,0.113058340749793,0.122915707550151,392.877734105529,0.0912743551665072,0.5,1,4
"UMass-gbqr_2src_utseirs_otid10",2026-03-28,0.17419608742415,0.234282614657071,286.332111090349,0.122025799637877,0.150222226720796,0.257454109942147,421.936679302036,0.194155087511074,0.75,1,4
"UMass-gbqr_2src_utseirs_otid10",2026-04-04,0.933175320961092,1.19011573726073,656.50912471615,0.568350515438863,1.85886576300649,3.60814015603395,1218.02179121,0.978895287105449,0,1,4
"UMass-gbqr_2src_utseirs_otid10",2026-04-11,0.761324051960836,0.936132138185805,518.134972063901,0.484958730241957,1.50802654883165,2.95514481947174,931.960407177961,0.838450782844455,0,1,4
"UMass-gbqr_2src_utseirs_otid10",2026-04-18,0.838479875916849,0.760546275775456,472.352625446325,0.445179843297607,4.77409832652134,7.15388685146947,842.628354631017,0.733599141615823,0,1,4
"UMass-gbqr_2src_utseirs_otid10",2026-04-25,0.697402970730606,0.620515757969131,386.970563728096,0.389924437180349,3.99645689995021,6.04456152532959,749.335668740665,0.718624563192685,0,1,4
"UMass-gbqr_2src_utseirs_otid10",2026-05-02,0.447314640049176,0.400623114493899,240.388929651001,0.255580851761954,2.33876263143674,2.96095102790611,436.763921420812,0.381318146396213,0,1,4
"UMass-gbqr_2src_utseirs_otid10",2026-05-09,0.226159130945192,0.21839931561395,123.12287457513,0.141095576056071,0.850252429607738,1.11280157319576,228.080214242276,0.219758793508768,1,1,4
"UMass-gbqr_2src_utseirs_otid10",2026-05-16,0.207087158994562,0.19219756790694,107.931553811111,0.126298866323545,0.510085483723354,0.621277073354278,107.372994323766,0.106300100605309,1,1,4
"UMass-gbqr_2src_utseirs_otid10",2026-05-23,0.191050135673255,0.177648008652842,95.8383277601745,0.129521134333534,1.00815224603009,1.18370211383066,166.093082533457,0.181463730292913,0.75,1,4
"UMass-gbqr_2src_utseirs_otid10",2026-05-30,0.177893484800772,0.183895679615876,87.1307979730405,0.135164659476166,0.894975574008544,1.07542559617328,135.812543355796,0.169959213576068,1,1,4
"UMass-gbqr_2src_utseirs_otid50",2025-11-22,0.592945598411897,0.289302492043194,1602.63186071232,0.255263037928393,0.487279681183686,0.345805652499397,2280.71254778024,0.367226811047965,0,1,4
"UMass-gbqr_2src_utseirs_otid50",2025-11-29,0.425872627341393,0.2220810744132,2332.26362304285,0.196534956771441,0.430339356931128,0.262977631545883,3427.5453931172,0.288541798344075,0,1,4
"UMass-gbqr_2src_utseirs_otid50",2025-12-06,0.519209053626827,0.31124996189569,6148.59263608085,0.317417888876365,0.593219628658754,0.374507249037377,8738.12513014345,0.46777912989676,0,0.75,4
"UMass-gbqr_2src_utseirs_otid50",2025-12-13,0.627829240281724,0.45345900365455,11463.0038555652,0.493127505514667,0.720146993850721,0.528278623426317,15400.8835737431,0.688347874580344,0,0.5,4
"UMass-gbqr_2src_utseirs_otid50",2025-12-20,0.679352154174973,0.558045976481878,13549.4588855239,0.552729115770556,0.7531278586101,0.615422431065779,17511.1641225081,0.737572097328895,0,0.25,4
"UMass-gbqr_2src_utseirs_otid50",2025-12-27,0.662567059046128,0.59222131825319,7755.07044429699,0.250879591951582,0.851401965916671,0.744800094512564,11872.800414708,0.387809154669866,0,0.75,4
"UMass-gbqr_2src_utseirs_otid50",2026-01-03,2.08000505576682,1.61325588382817,15951.5160421371,0.460056892487314,2.33009360463662,1.8150445222929,25083.4576539133,0.711658456821393,0.25,0.75,4
"UMass-gbqr_2src_utseirs_otid50",2026-01-10,1.16332106203072,1.03999896822343,17278.2067272762,0.587447505604325,1.3771698630039,1.24245551620387,25466.2808142025,0.837904581191533,0,0.25,4
"UMass-gbqr_2src_utseirs_otid50",2026-01-17,0.503149251282993,0.529135075493599,3264.91645940801,0.161866129326737,0.648217662918157,0.696568038617801,6345.40270230584,0.317904094388994,0,1,4
"UMass-gbqr_2src_utseirs_otid50",2026-01-24,2.24590483921368,2.63358492493549,2128.35198284841,0.158481139806219,3.2846949270326,3.88214097826753,3241.99389298118,0.229624103177948,0,1,4
"UMass-gbqr_2src_utseirs_otid50",2026-01-31,3.5992897496876,3.87679572132532,5387.81907883921,0.461251402144571,3.26689426176076,4.20151067852404,7087.52710088996,0.618678812579483,0,0,4
"UMass-gbqr_2src_utseirs_otid50",2026-02-07,1.98771524377851,1.97555920016907,2630.09965486273,0.203008279806007,1.9499610612442,2.1160540404578,3578.66603764842,0.276947635198084,0,0.25,4
"UMass-gbqr_2src_utseirs_otid50",2026-02-14,0.967451697044532,0.912137529569008,1584.5390794797,0.123632773929087,0.890917081023111,0.891181850759594,2316.60713993035,0.181425721109771,0.5,0.5,4
"UMass-gbqr_2src_utseirs_otid50",2026-02-21,0.360274768331864,0.346558210936015,725.295177728978,0.0636853709388379,0.254598406108163,0.242373487033689,876.836910636513,0.0733556300788791,0.75,0.75,4
"UMass-gbqr_2src_utseirs_otid50",2026-02-28,0.191903845313705,0.218316692334939,499.371915106847,0.0579538407145606,0.128519208935225,0.165158830163883,573.420580466739,0.0727342261177442,1,1,4
"UMass-gbqr_2src_utseirs_otid50",2026-03-07,0.287678253050845,0.336567658447983,592.709070709465,0.106080345038894,0.22169267808112,0.297346414092191,782.353460948272,0.147203245422549,0.5,1,4
"UMass-gbqr_2src_utseirs_otid50",2026-03-14,0.241610930426425,0.29645412356187,516.647314926232,0.118123930489155,0.214799773311008,0.292275388489161,793.577762497518,0.18548566920607,0.5,1,4
"UMass-gbqr_2src_utseirs_otid50",2026-03-21,0.151874709540557,0.16954050492876,304.763347848503,0.0819753692893113,0.115655481954487,0.12367179520867,401.902799791843,0.0918358083351554,0.5,1,4
"UMass-gbqr_2src_utseirs_otid50",2026-03-28,0.169884517213793,0.242983394616558,279.245034573871,0.126557589730725,0.164781890759389,0.294911700536756,462.831135670434,0.222403157745744,0.75,1,4
"UMass-gbqr_2src_utseirs_otid50",2026-04-04,1.01485277556194,1.30834472819327,713.970989624688,0.624811837504046,1.88893058365377,3.72830379028921,1237.72176493913,1.01149590963316,0,1,4
"UMass-gbqr_2src_utseirs_otid50",2026-04-11,0.872364977982757,1.07158401797837,593.706191643967,0.555128921984751,1.49911574048769,2.92817892343269,926.453527621391,0.830799862830292,0,1,4
"UMass-gbqr_2src_utseirs_otid50",2026-04-18,0.888338135315638,0.806570908229697,500.439977812951,0.472120003701283,4.87019751465575,7.28905845672242,859.58986133674,0.747460385949597,0,1,4
"UMass-gbqr_2src_utseirs_otid50",2026-04-25,0.798357107148886,0.709344982208683,442.987358493881,0.445743624399922,4.16767493593577,6.4778046252451,781.439050487957,0.770131878012522,0,1,4
"UMass-gbqr_2src_utseirs_otid50",2026-05-02,0.529068320521873,0.465799343497719,284.323730760353,0.297160569758187,2.7472379622107,3.61225039633751,513.046689442848,0.465193990872747,0,1,4
"UMass-gbqr_2src_utseirs_otid50",2026-05-09,0.278567414150054,0.261070146647427,151.654371193296,0.168662812100445,1.04923574097656,1.38027286664051,281.457487516962,0.272579682840228,0.5,1,4
"UMass-gbqr_2src_utseirs_otid50",2026-05-16,0.239564850587574,0.225122216275122,124.858570120819,0.147934653957529,0.874288017268721,1.07621956881608,184.037627635066,0.184140463804488,1,1,4
"UMass-gbqr_2src_utseirs_otid50",2026-05-23,0.257051357873638,0.229632789202993,128.947159342637,0.167422644156215,1.39194292843113,1.70026845571169,229.322597459029,0.260654308941238,0.75,1,4
"UMass-gbqr_2src_utseirs_otid50",2026-05-30,0.225866280030392,0.227701817942712,110.627487208373,0.167362489149385,1.32198200241845,1.66545055288031,200.610768867,0.263206182951739,1,1,4
"UMass-gbqr_3src",2025-11-22,0.503147048903866,0.260469534313958,1359.9215397777,0.229822578254347,0.469462022395949,0.327852646310304,2197.31699582424,0.348161694084452,0,0.25,4
"UMass-gbqr_3src",2025-11-29,0.361387696643029,0.191330715851443,1979.11611262145,0.16932183018418,0.368949194075585,0.211055023130492,2938.58809351351,0.231571771202135,0.25,0.75,4
"UMass-gbqr_3src",2025-12-06,0.35723285652768,0.196143236550526,4230.43337875018,0.200030135534959,0.404771447782149,0.199443313405594,5962.28342583105,0.249115123534723,0.25,0.75,4
"UMass-gbqr_3src",2025-12-13,0.335028562969341,0.208293867783544,6117.00357778609,0.226515373178808,0.415874198584318,0.233913805529141,8893.78164237458,0.304790055343668,0.25,0.5,4
"UMass-gbqr_3src",2025-12-20,0.358851505668578,0.258813352087448,7157.17716089323,0.256347471853073,0.351497430961291,0.231903521065771,8172.75464163872,0.277931966363693,0.25,0.25,4
"UMass-gbqr_3src",2025-12-27,0.52343756647756,0.465337922328248,6126.61789595889,0.197128648488464,0.761781613782159,0.643758140910035,10623.0446041922,0.335197729266606,0.25,0.75,4
"UMass-gbqr_3src",2026-01-03,1.05822085578487,1.02610154252889,8115.47400347706,0.292616373982839,1.253316129713,1.19230552799406,13491.9481363605,0.46748953080223,0,0.75,4
"UMass-gbqr_3src",2026-01-10,0.868208174766006,0.848551136401408,12895.0474770327,0.479307445187419,1.0909686556932,1.06235587691091,20173.9196389147,0.716446459861293,0,0.25,4
"UMass-gbqr_3src",2026-01-17,1.47853946596383,1.30019636975095,9594.1866672769,0.397739185103042,1.87814591777576,1.6013314499407,18385.1703891069,0.730825699984972,0,1,4
"UMass-gbqr_3src",2026-01-24,2.60792095658687,2.23913155350122,2471.41982249209,0.134744134284424,4.8130077025769,4.31052156433845,4750.4386024434,0.254962314347001,1,1,4
"UMass-gbqr_3src",2026-01-31,0.942819654869139,0.92697442238196,1411.31780925652,0.110289084803691,1.23308182931283,1.27264745211421,2675.17102869419,0.187399265347796,1,1,4
"UMass-gbqr_3src",2026-02-07,1.3325855630604,1.30761246553398,1763.24694417383,0.134370135432148,1.49913960697245,1.55029295842668,2751.29596369619,0.202901230541173,0.25,1,4
"UMass-gbqr_3src",2026-02-14,1.16750455157338,1.16129084557264,1912.19529935176,0.157403465949307,1.11151151062475,1.18694722483445,2890.207805502,0.241637277511076,0.25,0.75,4
"UMass-gbqr_3src",2026-02-21,0.376216136809219,0.356613796322616,757.38789889444,0.0655332385268635,0.268695132499519,0.267812189676014,925.386036328343,0.0810547892713926,0.75,0.75,4
"UMass-gbqr_3src",2026-02-28,0.334324287937709,0.382408219023405,869.978189656751,0.101513195240337,0.346073634858625,0.412004163515976,1544.09404033047,0.181442336209863,0,1,4
"UMass-gbqr_3src",2026-03-07,0.38962727422857,0.486707981729151,802.756611533863,0.15340199611898,0.321858326434498,0.42240868215384,1135.83803398734,0.209116121670896,0.25,0.75,4
"UMass-gbqr_3src",2026-03-14,0.425294247187633,0.546064329738621,909.425457181354,0.21758262004809,0.299989794229439,0.41023637062774,1108.31229478066,0.260346819251179,0.25,0.5,4
"UMass-gbqr_3src",2026-03-21,0.457868273260311,0.549049132966098,918.793314927541,0.265473465776125,0.292157974691559,0.392445753615998,1015.24896205317,0.291421119505977,0,0.25,4
"UMass-gbqr_3src",2026-03-28,0.435473287731939,0.468901889482297,715.802447939794,0.244226948292945,0.305749238334061,0.381085316483161,858.773173170794,0.287389674950614,0,0,4
"UMass-gbqr_3src",2026-04-04,0.35919758414893,0.261775807162928,252.703309091906,0.125013400186539,0.666758926483453,0.828151330069251,436.893786578282,0.224679031012473,0,1,4
"UMass-gbqr_3src",2026-04-11,0.201627922734318,0.152691579913789,137.222090703923,0.0791011350781465,0.386348103774693,0.491502748198901,238.76312813276,0.139452002921209,0,1,4
"UMass-gbqr_3src",2026-04-18,0.464108634494124,0.289245447092796,261.452824679776,0.169307571298047,2.36196754101068,2.69014973929159,416.887270988386,0.275862839395757,0,0.75,4
"UMass-gbqr_3src",2026-04-25,0.389843526663205,0.232862002271875,216.313918365689,0.14632760572225,1.70108148066233,1.87158615268741,318.952777624186,0.222508742084337,0,0.75,4
"UMass-gbqr_3src",2026-05-02,0.215074692496554,0.134108357161657,115.582121610374,0.0855555431320342,1.12844962098448,1.23940357138199,210.737966718852,0.159613268852487,0.25,1,4
"UMass-gbqr_3src",2026-05-09,0.0630413190363264,0.0422024282846713,34.3202080071726,0.0272646272404819,0.127639505939179,0.14272461100038,34.2392974681847,0.0281856074550444,0.5,1,4
"UMass-gbqr_3src",2026-05-16,0.086970883453138,0.0600667553965727,45.3282696667289,0.039471691514817,0.275382634202793,0.301428193932073,57.9680444996878,0.0515741666874363,0.5,1,4
"UMass-gbqr_3src",2026-05-23,0.127184325757818,0.0837909146485718,63.800703700002,0.0610909989615228,0.657515363906658,0.67780050920548,108.325656203622,0.103908075653278,0.25,0.75,4
"UMass-gbqr_3src",2026-05-30,0.102205741286392,0.0754342743486027,50.0595499924168,0.0554447392481339,0.544480779142824,0.57976183580578,82.6249582349236,0.0916249957464204,0.5,1,4
"UMass-gbqr_4src",2025-11-22,0.418515921655545,0.220005907598987,1131.17788892773,0.19411991904835,0.392443230349864,0.271109207911179,1836.83053965254,0.287903246078765,0,1,4
"UMass-gbqr_4src",2025-11-29,0.274689055634349,0.15321224282552,1504.31666882038,0.135588147707464,0.290970260977593,0.168113570915167,2317.50538612129,0.184455962253363,0.5,1,4
"UMass-gbqr_4src",2025-12-06,0.318347042833483,0.172101512039987,3769.93865883338,0.175511984937915,0.356389764381144,0.176780374805537,5249.62122933425,0.220807928609958,0.25,0.75,4
"UMass-gbqr_4src",2025-12-13,0.319700080153395,0.194120300319246,5837.13375595315,0.211101904901447,0.373500048604575,0.204799242676267,7987.5786644453,0.266853734299425,0.5,0.5,4
"UMass-gbqr_4src",2025-12-20,0.358929828647868,0.25555214088531,7158.73928737088,0.253117332294567,0.339331753630657,0.222169681497657,7889.88743660482,0.26626614447793,0.25,0.25,4
"UMass-gbqr_4src",2025-12-27,0.529235238241825,0.469107375613627,6194.47722028075,0.198725482092674,0.737215036028605,0.627681822532651,10280.4636774189,0.326826968459685,0.25,0.5,4
"UMass-gbqr_4src",2026-01-03,0.985018952390511,0.975739845173417,7554.09011016739,0.278254581648467,1.13741516008271,1.10716434990887,12244.2741982904,0.434106636518447,0.25,0.5,4
"UMass-gbqr_4src",2026-01-10,0.760542502686081,0.775990606577995,11295.9448729925,0.438321344669544,0.891503894166864,0.920861600025666,16485.4671349601,0.621023564418914,0,0.25,4
"UMass-gbqr_4src",2026-01-17,1.47212921235426,1.3115644581293,9552.59077407918,0.401216763038942,1.82518824392549,1.5698272573309,17866.7677197866,0.71644761878425,0,1,4
"UMass-gbqr_4src",2026-01-24,2.33110179560302,2.0490330351765,2209.08964719549,0.123304582981436,4.49496532106531,4.06398879888257,4436.53077189146,0.240380189306027,1,1,4
"UMass-gbqr_4src",2026-01-31,1.41249318686666,1.37550992196491,2114.37763286247,0.163654710172139,1.99356214366819,2.21523431646312,4325.03307068813,0.326196609114934,0,1,4
"UMass-gbqr_4src",2026-02-07,1.69107069820898,1.70022156116363,2237.58633115534,0.174714609610976,2.02048606397095,2.25788320813723,3708.09704890268,0.295510134945223,0,0.75,4
"UMass-gbqr_4src",2026-02-14,1.14603432511175,1.12520631871452,1877.0303262811,0.152512503778837,1.03745830519767,1.08851913799327,2697.65095809025,0.221599406881873,0.25,0.75,4
"UMass-gbqr_4src",2026-02-21,0.385383739373799,0.369762053161825,775.843862275426,0.06794943178843,0.290006984558858,0.290089877829358,998.784054820706,0.0877972505496025,0.25,0.75,4
"UMass-gbqr_4src",2026-02-28,0.298302223517538,0.346914857383594,776.241624523326,0.0920912101190978,0.297354401796731,0.362496943422288,1326.72100221656,0.159639872864838,0,1,4
"UMass-gbqr_4src",2026-03-07,0.350067090963752,0.429134823926446,721.250000549813,0.135255925659173,0.304839105415346,0.401671490765481,1075.77720301076,0.198850042348451,0.5,0.75,4
"UMass-gbqr_4src",2026-03-14,0.352034024385802,0.447392982059813,752.769889758715,0.178266427463404,0.294428512146909,0.400321003322867,1087.76613812675,0.254054265678757,0.25,0.5,4
"UMass-gbqr_4src",2026-03-21,0.332352833905719,0.393477671548596,666.924484230839,0.190252337905022,0.26809769901639,0.360792785840934,931.639504081955,0.267916359371098,0,0.25,4
"UMass-gbqr_4src",2026-03-28,0.310746041907962,0.328283353459957,510.783976311865,0.170985963992211,0.259546078671489,0.327241726630835,729.000048468546,0.246784353473952,0,0.5,4
"UMass-gbqr_4src",2026-04-04,0.416446417017624,0.323182673276813,292.979107554877,0.154338803518859,0.80771993214647,1.03694618825256,529.258485538975,0.281325473170682,0,1,4
"UMass-gbqr_4src",2026-04-11,0.294474995397,0.241094747346817,200.41110368255,0.124897968750338,0.5479591217317,0.725514089946648,338.638737230191,0.205847054490274,0,1,4
"UMass-gbqr_4src",2026-04-18,0.56886090672853,0.372333795464969,320.464391006618,0.217942689352457,2.63679639797605,3.08954463211072,465.394564242773,0.316819001636102,0,0.5,4
"UMass-gbqr_4src",2026-04-25,0.479605078940227,0.298814696067505,266.120242605116,0.18777146380082,1.92213491308773,2.15805944910272,360.40029620395,0.256566919280506,0,0.5,4
"UMass-gbqr_4src",2026-05-02,0.259833156817173,0.164886969094115,139.635524668395,0.105191014898774,1.31859321925648,1.47418371946648,246.247283696147,0.189848801299479,0,0.75,4
"UMass-gbqr_4src",2026-05-09,0.067756040461583,0.045725870706027,36.8869407863113,0.0295409262148813,0.12691589353036,0.13508836986775,34.0451884395189,0.0266775837618092,0.75,1,4
"UMass-gbqr_4src",2026-05-16,0.0669638578363932,0.0473772813557582,34.900827557628,0.0311330522539241,0.12157366021033,0.132915796510469,25.5912554742745,0.0227418057853244,0.75,1,4
"UMass-gbqr_4src",2026-05-23,0.103190347691271,0.0681959620091936,51.7643723668228,0.0497208970895832,0.508813312868685,0.523328024513513,83.8269932951158,0.0802271571415207,0.5,1,4
"UMass-gbqr_4src",2026-05-30,0.0806320802586373,0.0599019201035879,39.4929443482959,0.0440283461236411,0.421821413666543,0.445063067152771,64.0113995238979,0.0703373335674726,0,1,4
"UMass-gbqr_4src_ar6fp",2025-11-22,0.342778292903781,0.168693245116685,926.471863252738,0.148844726232275,0.35490113546527,0.237612367556407,1661.1147645452,0.252331421920433,0,1,4
"UMass-gbqr_4src_ar6fp",2025-11-29,0.37132021478043,0.189329508396311,2033.51089934838,0.167550822808949,0.392098706064208,0.234509877158426,3122.9681691249,0.257306681511177,0.25,0.75,4
"UMass-gbqr_4src_ar6fp",2025-12-06,0.482948361084979,0.264451830119626,5719.18520263067,0.269692375590376,0.506012922438708,0.290716927618232,7453.57034752217,0.363120638644683,0.25,0.5,4
"UMass-gbqr_4src_ar6fp",2025-12-13,0.518364646173369,0.327518903425988,9464.38228172945,0.356170190808242,0.546396666083358,0.34224378221973,11685.1025016922,0.445944184815473,0.25,0.25,4
"UMass-gbqr_4src_ar6fp",2025-12-20,0.525222698578887,0.393303098450173,10475.3967679414,0.38955584843867,0.53056386862175,0.383445348964142,12336.2731502915,0.459551969460573,0,0.25,4
"UMass-gbqr_4src_ar6fp",2025-12-27,0.627435300113869,0.559199458568168,7343.86789259759,0.236890715786677,0.753636003521651,0.657538950197429,10509.4540691094,0.342373243931261,0.25,0.5,4
"UMass-gbqr_4src_ar6fp",2026-01-03,1.49000849749838,1.40129947495149,11426.8445573579,0.399612664272764,1.49950945914555,1.35883112061507,16142.2193277019,0.532782334813577,0,0.5,4
"UMass-gbqr_4src_ar6fp",2026-01-10,1.03297859451692,1.01027309156136,15342.2973961793,0.570656727314553,1.10018630775159,1.06805453559766,20344.3701563655,0.720289601251872,0,0,4
"UMass-gbqr_4src_ar6fp",2026-01-17,1.07038018105337,1.03040435644354,6945.65650656155,0.315207916737209,1.2756284080123,1.20785261195056,12487.1264860324,0.551247357716063,0,1,4
"UMass-gbqr_4src_ar6fp",2026-01-24,1.23265393784972,1.24047335034183,1168.13562488555,0.0746479175970478,1.119408297552,1.11978631861884,1104.85598968383,0.066234052447661,1,1,4
"UMass-gbqr_4src_ar6fp",2026-01-31,1.80731222450521,1.75920604490193,2705.38688513578,0.209305909622399,2.24547321538185,2.54654584263863,4871.55414077092,0.374982733271631,0,1,4
"UMass-gbqr_4src_ar6fp",2026-02-07,1.65944403405263,1.6720839396941,2195.73864761897,0.171823190243805,2.00978241561755,2.2211025867645,3688.45317826211,0.290696313598727,0.25,1,4
"UMass-gbqr_4src_ar6fp",2026-02-14,1.05865351491813,1.04225566415889,1733.91381827212,0.141269221719396,1.01101427564493,1.05019770882502,2628.88987024573,0.213797976775456,0.5,0.75,4
"UMass-gbqr_4src_ar6fp",2026-02-21,0.38214446008932,0.37126228360698,769.322635004285,0.0682251220747325,0.26942592651636,0.261325105027488,927.902890922345,0.079091438462723,0.75,1,4
"UMass-gbqr_4src_ar6fp",2026-02-28,0.226056393761937,0.262847182517389,588.243628419798,0.0697748009323697,0.220220288188681,0.278866452134392,982.567870825845,0.122809876808097,0.5,1,4
"UMass-gbqr_4src_ar6fp",2026-03-07,0.3089835553402,0.360379646375652,636.604797227507,0.11358547463773,0.280760704398668,0.36642411656132,990.8045258229,0.181400604152546,0.5,1,4
"UMass-gbqr_4src_ar6fp",2026-03-14,0.304037709191555,0.371736861909565,650.137250880599,0.148120790862597,0.285355280996489,0.390303377881644,1054.24508564153,0.247696816396332,0.25,1,4
"UMass-gbqr_4src_ar6fp",2026-03-21,0.294845601062734,0.338891997450067,591.65961699691,0.163859348253298,0.287096924916344,0.385403894120449,997.661814084295,0.286191997879132,0.25,1,4
"UMass-gbqr_4src_ar6fp",2026-03-28,0.25611884521946,0.265757435116271,420.991370851785,0.138419419542684,0.25652733250482,0.326850999386342,720.521145172912,0.246489692486158,0,1,4
"UMass-gbqr_4src_ar6fp",2026-04-04,0.512429127587081,0.427845408585888,360.505031021155,0.204321437726411,1.0199349806043,1.34606268772311,668.31239604097,0.365189367424409,0,1,4
"UMass-gbqr_4src_ar6fp",2026-04-11,0.260290330918279,0.21852482457972,177.146016852471,0.113205729332084,0.455150798403499,0.578731434221529,281.283193413362,0.164201030312442,1,1,4
"UMass-gbqr_4src_ar6fp",2026-04-18,0.428526048602603,0.294690012128108,241.407587639769,0.172494505067163,2.42457046522035,2.76534141224748,427.936687111392,0.283573409591002,0.25,1,4
"UMass-gbqr_4src_ar6fp",2026-04-25,0.35558017785492,0.229604319915434,197.302087387017,0.144280518371068,1.59357669269244,1.7044426649626,298.795629879833,0.202637422162551,0.5,1,4
"UMass-gbqr_4src_ar6fp",2026-05-02,0.236830126632477,0.147990215656474,127.273591233306,0.0944115903489463,0.617769697117671,0.619980221855135,115.368490936725,0.0798424920817735,0.75,1,4
"UMass-gbqr_4src_ar6fp",2026-05-09,0.238255671219295,0.14822078863804,129.708329713452,0.0957571570111347,0.562206209199711,0.597866680967784,150.811815617823,0.118068183630666,1,1,4
"UMass-gbqr_4src_ar6fp",2026-05-16,0.258057481804694,0.16149284588519,134.496726494252,0.106121859796572,0.780534888180178,0.800039322529722,164.302593961928,0.136886204433649,1,1,4
"UMass-gbqr_4src_ar6fp",2026-05-23,0.282359227759703,0.169241883365432,141.642590939716,0.12339232438609,1.3522394989705,1.30822478560519,222.78145745539,0.200553286915498,0.75,1,4
"UMass-gbqr_4src_ar6fp",2026-05-30,0.299103536101266,0.188818932929105,146.49850614961,0.138783286400885,1.43477925675171,1.36367641329328,217.727752212073,0.21551409190954,0.75,1,4
"UMass-gbqr_4src_ar6p",2025-11-22,0.671823792429587,0.347736908249495,1815.82630416004,0.30682203589985,0.58339955287723,0.433865108722304,2730.60160724188,0.460741168195184,0,0.5,4
"UMass-gbqr_4src_ar6p",2025-11-29,0.571148595407876,0.322372181691412,3127.85797184842,0.285289518525812,0.552512345346855,0.376718488980628,4400.62270260136,0.413339452640738,0,0.75,4
"UMass-gbqr_4src_ar6p",2025-12-06,0.597617995551342,0.359378253468707,7077.12930074862,0.366499921250888,0.60434995145953,0.385962698893663,8902.07478499888,0.482087585554488,0,0.5,4
"UMass-gbqr_4src_ar6p",2025-12-13,0.604004378331064,0.403601158773555,11028.0058228578,0.438908106454653,0.620361742114122,0.414122339948395,13266.9011264171,0.539602058229932,0,0.25,4
"UMass-gbqr_4src_ar6p",2025-12-20,0.595976668320839,0.459827059529985,11886.5617993829,0.455445993220304,0.600607265022514,0.448331606523852,13964.8696708547,0.537316917015796,0,0.25,4
"UMass-gbqr_4src_ar6p",2025-12-27,0.622865474846648,0.555352323896074,7290.37999823042,0.23526097442653,0.720342689289643,0.634816050013551,10045.1788021441,0.330541681641081,0.25,0.5,4
"UMass-gbqr_4src_ar6p",2026-01-03,1.5160851182029,1.41333993702318,11626.8256258364,0.403046278010263,1.54232749364937,1.38596681308468,16603.1554691355,0.543421933341608,0,0.5,4
"UMass-gbqr_4src_ar6p",2026-01-10,1.03355464269989,1.00660313700505,15350.8531422371,0.568583739056239,1.11169464593016,1.07535558896248,20557.179468879,0.725213388045141,0,0,4
"UMass-gbqr_4src_ar6p",2026-01-17,0.943766913410479,0.923430519646921,6124.06780211127,0.282483870074178,1.15679668053148,1.12023744874758,11323.8827057226,0.511260999501788,0,1,4
"UMass-gbqr_4src_ar6p",2026-01-24,1.26957774174009,1.40091121651278,1203.12680075919,0.0843025809641205,1.04030581117242,1.12304481984803,1026.78183562717,0.0664267889883088,1,1,4
"UMass-gbqr_4src_ar6p",2026-01-31,2.44317024361158,2.49951191300183,3657.21021835634,0.297385639436019,2.79452902732014,3.39036781321935,6062.73072477104,0.499236796805454,0,1,4
"UMass-gbqr_4src_ar6p",2026-02-07,2.23553443308957,2.37203207953671,2958.00837635363,0.243749796042661,2.5782252935125,3.04704125928026,4731.68796991881,0.39879457470098,0,0.5,4
"UMass-gbqr_4src_ar6p",2026-02-14,1.31660285179452,1.3507568326803,2156.39569106756,0.183084029232785,1.27620765328164,1.40311538768944,3318.45895044559,0.285644530120085,0.25,0.75,4
"UMass-gbqr_4src_ar6p",2026-02-21,0.425444365791128,0.414804353109548,856.492805002733,0.0762266432051255,0.320759457356437,0.315096951105702,1104.69557113557,0.0953657748096837,0.75,1,4
"UMass-gbqr_4src_ar6p",2026-02-28,0.266029817729376,0.307561210315305,692.262415783682,0.0816444826181442,0.257542441949484,0.324112054563406,1149.08999036811,0.142735568184332,0.5,1,4
"UMass-gbqr_4src_ar6p",2026-03-07,0.348754254222076,0.403969927649273,718.545137610401,0.127324382586198,0.319080949645306,0.413637779074955,1126.03667129829,0.204774029964694,0.5,1,4
"UMass-gbqr_4src_ar6p",2026-03-14,0.362384585350292,0.43600184643826,774.902951043839,0.173727560888752,0.342403326813525,0.455618211552702,1265.00909091257,0.289147332278577,0.25,1,4
"UMass-gbqr_4src_ar6p",2026-03-21,0.351460604537667,0.399284941196431,705.267590633019,0.193060239616439,0.336709239865959,0.446002266233074,1170.06460853421,0.331190944303154,0.25,1,4
"UMass-gbqr_4src_ar6p",2026-03-28,0.297757918533686,0.307561912520072,489.434950396013,0.160193228030818,0.298896662635473,0.381093722533648,839.526001177385,0.287396014245288,0,1,4
"UMass-gbqr_4src_ar6p",2026-04-04,0.514922716437316,0.428790100236876,362.259324985749,0.204772583753607,1.02406223510283,1.34127406417842,671.01677955113,0.363890204748652,0,1,4
"UMass-gbqr_4src_ar6p",2026-04-11,0.257972656959338,0.208993566567353,175.568675470866,0.108268107179464,0.364763554758823,0.447068871496812,225.423876840953,0.126844966386079,1,1,4
"UMass-gbqr_4src_ar6p",2026-04-18,0.414288095797779,0.280913415116356,233.386722045367,0.164430481227702,2.22494155288129,2.47921561444328,392.702184083548,0.254232487093719,0.5,1,4
"UMass-gbqr_4src_ar6p",2026-04-25,0.359557588785138,0.226007410668243,199.509048088994,0.142020265032152,1.35077458448836,1.39904566765353,253.270234591568,0.166329447982468,0.5,1,4
"UMass-gbqr_4src_ar6p",2026-05-02,0.277168358664174,0.162910028905598,148.951541279938,0.103929809444111,0.924236276384739,0.939682695011292,172.60112461485,0.121014518675,0.75,1,4
"UMass-gbqr_4src_ar6p",2026-05-09,0.324730556995079,0.189532058620921,176.785962488097,0.122446056742605,0.922137169252256,0.927256386306843,247.363295651918,0.18311687333699,0.75,1,4
"UMass-gbqr_4src_ar6p",2026-05-16,0.339096769899875,0.200681546012852,176.733513779015,0.131873946322524,1.20392724834715,1.16915537657172,253.426685777075,0.200041719682037,0.5,1,4
"UMass-gbqr_4src_ar6p",2026-05-23,0.356326823231331,0.203032905082562,178.747671412235,0.148028972419925,1.77074508049806,1.64396249170404,291.730252012055,0.252022500188695,0.75,1,4
"UMass-gbqr_4src_ar6p",2026-05-30,0.374187943935929,0.224875499197805,183.274245167226,0.165285124354711,1.86909042503463,1.69488967553717,283.634471999005,0.267858713217834,0.5,1,4
"UMass-gbqr_4src_wisar",2025-11-22,0.411180151977047,0.198689853453159,1111.35054179656,0.17531192088877,0.393296795625619,0.26642686090524,1840.82565192571,0.282930848008395,0,1,4
"UMass-gbqr_4src_wisar",2025-11-29,0.403755875675092,0.201701287420259,2211.1426773432,0.178499468757651,0.405556121530259,0.243824127395174,3230.15311895813,0.267526373953229,0,0.75,4
"UMass-gbqr_4src_wisar",2025-12-06,0.49006719060624,0.262373529707407,5803.48801373572,0.267572890256854,0.500782373083729,0.281899879278046,7376.52435552332,0.352107684392313,0.25,0.5,4
"UMass-gbqr_4src_wisar",2025-12-13,0.527278918310601,0.330693207235685,9627.140447999,0.359622182072736,0.545866270587014,0.339726911691304,11673.7595962062,0.442664698570885,0.25,0.25,4
"UMass-gbqr_4src_wisar",2025-12-20,0.546785934081862,0.410838446688339,10905.4685224664,0.406924126205878,0.548382316803921,0.398879207137324,12750.5743435872,0.478049155406423,0,0.25,4
"UMass-gbqr_4src_wisar",2025-12-27,0.629439783649334,0.563014386728897,7367.32953441894,0.238506813672365,0.72197569938633,0.636105615967174,10067.9511279424,0.331213144341005,0.25,0.5,4
"UMass-gbqr_4src_wisar",2026-01-03,1.31638104530937,1.27593172380691,10095.2991934321,0.3638611764971,1.33238888737612,1.24845289429351,14343.1663726039,0.489504278961013,0,0.5,4
"UMass-gbqr_4src_wisar",2026-01-10,1.07608110212146,1.04542551579571,15982.4766735624,0.59051271233316,1.11710401345877,1.07971667841697,20657.2081408763,0.72815448073236,0,0,4
"UMass-gbqr_4src_wisar",2026-01-17,1.45250800934287,1.34366002118906,9425.26952993161,0.411035020798929,1.56480513198548,1.40785533137775,15317.8774370059,0.642525854388122,0,0.25,4
"UMass-gbqr_4src_wisar",2026-01-24,1.60446497541637,1.47282019261406,1520.48570901777,0.088629844682456,2.51736414880598,2.35549471929975,2484.6384148715,0.139324760612113,0.75,1,4
"UMass-gbqr_4src_wisar",2026-01-31,2.01674575430233,1.98154967389792,3018.89039445662,0.235759795254849,2.35432774451403,2.73278169425942,5107.71404172319,0.402406244564706,0,1,4
"UMass-gbqr_4src_wisar",2026-02-07,1.96191403240674,2.01114405664663,2595.96007811182,0.206664976350476,2.24764393276878,2.56647960359512,4124.9885276139,0.335899009859884,0,0.75,4
"UMass-gbqr_4src_wisar",2026-02-14,1.08796152200364,1.07588010414005,1781.91588670666,0.145826739255865,1.05475723587553,1.11733970707954,2742.63250258534,0.227466663407366,0,0.75,4
"UMass-gbqr_4src_wisar",2026-02-21,0.299652112238307,0.291655329931653,603.25132678331,0.053596126961816,0.228956750184375,0.229351799802939,788.527047634988,0.0694145469051697,0.75,1,4
"UMass-gbqr_4src_wisar",2026-02-28,0.273745213731975,0.309280105617136,712.339408359455,0.0821007765618728,0.285678132587353,0.340670679374903,1274.62440807162,0.150027813836854,0,1,4
"UMass-gbqr_4src_wisar",2026-03-07,0.274698433950793,0.343337686394693,565.966498286346,0.108214141565338,0.237684492454082,0.328710820059495,838.788573870455,0.162730395340375,0.5,1,4
"UMass-gbqr_4src_wisar",2026-03-14,0.304130648125804,0.389448783954463,650.335986305139,0.155178212845206,0.267241087288202,0.375657749705895,987.322196986263,0.238402314532304,0.5,0.75,4
"UMass-gbqr_4src_wisar",2026-03-21,0.314227943648236,0.3700909109427,630.553700372436,0.178944489447483,0.273672489932083,0.374404239537304,951.01190251399,0.278023909364316,0.25,0.75,4
"UMass-gbqr_4src_wisar",2026-03-28,0.34066141853311,0.345752629485568,559.956911650446,0.18008481402528,0.312601713668172,0.382356469673669,878.020063265477,0.288348295727725,0,0.75,4
"UMass-gbqr_4src_wisar",2026-04-04,0.301143342793244,0.23660931465639,211.860888249455,0.112994914471191,0.620287899532652,0.779809194215074,406.44364616877,0.211563717607275,0.25,1,4
"UMass-gbqr_4src_wisar",2026-04-11,0.256227169848871,0.212195247902766,174.380747790281,0.109926722722853,0.517413815178584,0.685139540321534,319.761737780365,0.194391753715464,0.25,1,4
"UMass-gbqr_4src_wisar",2026-04-18,0.47740601201209,0.315889055366941,268.94382280933,0.184903200037762,2.57117697836905,3.00508156520451,453.812736682137,0.30815769140474,0,1,4
"UMass-gbqr_4src_wisar",2026-04-25,0.425192088609189,0.269921042899758,235.927905568647,0.169615049068676,2.05054814774484,2.32150566859705,384.477777702157,0.275998679152154,0,0.75,4
"UMass-gbqr_4src_wisar",2026-05-02,0.169315643965978,0.10817613280109,90.9910000300391,0.0690118646712232,0.822136506388166,0.874798636226645,153.53399256799,0.112658598974456,0.75,1,4
"UMass-gbqr_4src_wisar",2026-05-09,0.111301147341017,0.0738308395110613,60.5932519587593,0.0476979737882067,0.142019289880494,0.163315189239115,38.0966745104425,0.0322518855232876,1,1,4
"UMass-gbqr_4src_wisar",2026-05-16,0.114805211733686,0.0776172564578447,59.8352159940335,0.0510046594476999,0.213735658586675,0.234256650788528,44.991356132495,0.0400811596214874,1,1,4
"UMass-gbqr_4src_wisar",2026-05-23,0.115655707544994,0.0765410629728818,58.0174914190533,0.0558052148995115,0.413440618377601,0.427378000520013,68.1143418777097,0.0655178404374992,0.75,1,4
"UMass-gbqr_4src_wisar",2026-05-30,0.125897575849211,0.0878997346949881,61.6636199965293,0.0646069430935546,0.521253006593565,0.552536810843902,79.1001437505735,0.0873223793231415,0.75,1,4
"UMass-gbqr_5src_all_otid10",2025-11-22,0.302703873011931,0.15029248371936,818.157471021381,0.132609006237939,0.291876598953629,0.196018821174549,1366.12842140246,0.208161335955711,0,1,4
"UMass-gbqr_5src_all_otid10",2025-11-29,0.266725813406116,0.137336629756382,1460.70649296492,0.121538715820899,0.329642204604877,0.187156359308889,2625.51774912669,0.205349908161655,0.25,1,4
"UMass-gbqr_5src_all_otid10",2025-12-06,0.450099018357407,0.260811914608675,5330.17575569599,0.265980329201238,0.56251277173875,0.345589715129347,8285.81312771179,0.431659618498709,0,0.75,4
"UMass-gbqr_5src_all_otid10",2025-12-13,0.539482284515526,0.372770243017391,9849.95140499609,0.405380108428282,0.63878668335347,0.442602439314961,13660.9323135265,0.576711672356779,0,0.25,4
"UMass-gbqr_5src_all_otid10",2025-12-20,0.575381730782045,0.448551913914273,11475.8024344248,0.444278273123752,0.615343458026264,0.469921438488213,14307.5045784332,0.563191920654119,0,0.25,4
"UMass-gbqr_5src_all_otid10",2025-12-27,0.685092879360391,0.568054280744958,8018.72575430315,0.24064183737931,0.91918767364784,0.744976439707474,12818.0721090191,0.38790097565844,0.25,0.75,4
"UMass-gbqr_5src_all_otid10",2026-01-03,2.81707100376223,2.07766081606692,21604.0596554156,0.592492603476046,2.96408365325404,2.13903196397364,31908.3605272797,0.838690273365899,0,0.5,4
"UMass-gbqr_5src_all_otid10",2026-01-10,0.960221036738971,0.893649253345174,14261.6669792722,0.504781293831061,1.16421565526805,1.11050020600764,21528.3848433029,0.748914707925255,0,0.5,4
"UMass-gbqr_5src_all_otid10",2026-01-17,0.447612608316659,0.491853432705761,2904.54128393336,0.150461413418648,0.401685671533054,0.450902833884673,3932.10103863706,0.205785866012421,1,1,4
"UMass-gbqr_5src_all_otid10",2026-01-24,4.08420739146465,5.70996072315641,3870.43598117511,0.343608089143635,7.0375578693983,9.86892306616103,6946.06961709612,0.583735269039789,0,1,4
"UMass-gbqr_5src_all_otid10",2026-01-31,3.86148393623258,4.65983541356766,5780.30063461015,0.554415494850019,4.1368705172086,5.97292151096005,8974.94058708406,0.87952174129172,0,1,4
"UMass-gbqr_5src_all_otid10",2026-02-07,1.58032105372057,1.67847531487152,2091.0449175113,0.172479967363039,2.10899822268079,2.41443882666673,3870.53898817492,0.316000022017926,0.25,1,4
"UMass-gbqr_5src_all_otid10",2026-02-14,0.972185245601325,0.929001227013553,1592.29191375118,0.125918510044731,0.725288353998868,0.692198791991948,1885.93104248556,0.140916991163377,0.5,0.5,4
"UMass-gbqr_5src_all_otid10",2026-02-21,0.436194198753405,0.435299926267789,878.134070765063,0.0799930181978325,0.325535286754437,0.337575776750844,1121.14352758228,0.102169111423822,0.75,0.75,4
"UMass-gbqr_5src_all_otid10",2026-02-28,0.233142188276545,0.278756045446801,606.682272893175,0.0739979306358301,0.197890126424954,0.255864312517038,882.936271576539,0.112679974444049,1,1,4
"UMass-gbqr_5src_all_otid10",2026-03-07,0.331967506496392,0.373420612008469,683.959076484098,0.117695763012878,0.311296540221531,0.371409811253415,1098.56549044178,0.183868804220144,0.5,1,4
"UMass-gbqr_5src_all_otid10",2026-03-14,0.20761301614639,0.235893511749345,443.948074478495,0.0939931900758567,0.165371146316697,0.174708497568103,610.963700067036,0.110874619840283,0.5,1,4
"UMass-gbqr_5src_all_otid10",2026-03-21,0.162109590304589,0.186845653638452,325.301438330538,0.0903426674560802,0.13996184897452,0.172584978338536,486.367425186456,0.128157604290309,0.25,1,4
"UMass-gbqr_5src_all_otid10",2026-03-28,0.157533093861911,0.218465845593591,258.942574423296,0.113787655738536,0.144566187193192,0.231320044743556,406.050278278879,0.174446481123735,0.5,1,4
"UMass-gbqr_5src_all_otid10",2026-04-04,0.953554561701194,1.24819162402945,670.846363603784,0.596085179510731,1.66594631868794,2.94242287230379,1091.61132532027,0.798284921818419,0,1,4
"UMass-gbqr_5src_all_otid10",2026-04-11,0.807550307722021,1.0139756920111,549.595215144035,0.525285207114971,1.53010848004346,2.80418807727677,945.607040666859,0.795620462707505,0,1,4
"UMass-gbqr_5src_all_otid10",2026-04-18,0.877002428562015,1.00127511893859,494.05407518111,0.586088598083511,5.02784819102914,7.7667210028582,887.415205716644,0.796442546431386,0,1,4
"UMass-gbqr_5src_all_otid10",2026-04-25,0.7874202740582,0.707370791806556,436.918797498121,0.44450306753807,3.66464417461733,5.01563460671299,687.12078274075,0.596297715438789,0,0.75,4
"UMass-gbqr_5src_all_otid10",2026-05-02,0.397320355112167,0.318904572045956,213.521772691074,0.203447827161077,1.62627839451804,1.89178705834118,303.707490176243,0.243628728629509,0,1,4
"UMass-gbqr_5src_all_otid10",2026-05-09,0.158469025736554,0.127179158708918,86.2718294780377,0.0821633374166813,0.354461606707112,0.403995775737625,95.0843259991829,0.0797820801095515,0.75,1,4
"UMass-gbqr_5src_all_otid10",2026-05-16,0.177155753365797,0.160552418948011,92.3316337921785,0.10550387665912,0.473745767983641,0.527716032589856,99.7234841605565,0.0902918677691942,1,1,4
"UMass-gbqr_5src_all_otid10",2026-05-23,0.263822851106297,0.209989556414762,132.344008999772,0.153100987459904,1.38081510662695,1.61095769011082,227.489288816789,0.246962802867296,0,1,4
"UMass-gbqr_5src_all_otid10",2026-05-30,0.185980601140836,0.156482425064841,91.091802507859,0.115015718379432,1.01385699395506,1.15964127784667,153.852798832681,0.18326857786767,0.5,1,4
"UMass-gbqr_5src_mobsgleam_otid10",2025-11-22,0.518027182211474,0.261401658749916,1400.14002827696,0.230645028533187,0.565292063616162,0.401701911087884,2645.84950375545,0.426585600132531,0,1,4
"UMass-gbqr_5src_mobsgleam_otid10",2025-11-29,0.459285171275699,0.263758664013464,2515.24523718833,0.233418348533071,0.560740437128585,0.35820502252096,4466.15739661989,0.393026284275605,0.5,1,4
"UMass-gbqr_5src_mobsgleam_otid10",2025-12-06,0.528949702612814,0.343877243558377,6263.94363431082,0.35069173348045,0.695150930148734,0.472635012482012,10239.5732010909,0.590345835670365,0,0.75,4
"UMass-gbqr_5src_mobsgleam_otid10",2025-12-13,0.528679656145703,0.367381869809799,9652.71533711568,0.39952036142309,0.689476982161625,0.488907199028191,14744.982371263,0.637046846861529,0.25,0.5,4
"UMass-gbqr_5src_mobsgleam_otid10",2025-12-20,0.487752629818064,0.369737591724577,9728.06837133226,0.366214865358315,0.59104377313031,0.436444631775633,13742.5065299961,0.523070603502725,0,0.25,4
"UMass-gbqr_5src_mobsgleam_otid10",2025-12-27,0.552069382919267,0.490055032704429,6461.74133806494,0.207599427527099,0.737129919830074,0.636376172855964,10279.2767320304,0.331354020314444,0.25,0.75,4
"UMass-gbqr_5src_mobsgleam_otid10",2026-01-03,1.40817017771919,1.30386663088411,10799.2281642151,0.371827455542283,1.55294942962248,1.39465358257303,16717.500609886,0.5468279175436,0,0.5,4
"UMass-gbqr_5src_mobsgleam_otid10",2026-01-10,0.978461731876984,0.962679161198882,14532.5866004589,0.543773108649906,1.20490373513871,1.13431627736672,22280.7786442512,0.764976124239564,0,0.25,4
"UMass-gbqr_5src_mobsgleam_otid10",2026-01-17,1.34680253769424,1.26348897881011,8739.35072282803,0.386510136860994,1.46196212187633,1.33688011226526,14311.1472110474,0.610133738320338,0,0.5,4
"UMass-gbqr_5src_mobsgleam_otid10",2026-01-24,1.42623650690443,1.31583048010669,1351.58589290169,0.0791826807271765,1.91467554144137,1.84756354524849,1889.78475940264,0.109281225106689,1,1,4
"UMass-gbqr_5src_mobsgleam_otid10",2026-01-31,1.79450881616853,1.72140832191446,2686.22131289573,0.204808831628338,1.9611075346308,2.16860398175983,4254.62279638152,0.319330221686269,0,1,4
"UMass-gbqr_5src_mobsgleam_otid10",2026-02-07,1.98174568251187,2.02742903882233,2622.20086700758,0.208338419605367,2.068607605029,2.32934306429753,3796.41210712948,0.304862749669046,0,0.5,4
"UMass-gbqr_5src_mobsgleam_otid10",2026-02-14,1.20537680842236,1.21506887114177,1974.22430936707,0.164692637003022,1.11658041850141,1.22382559651202,2903.3882332083,0.249144931722454,0,0.75,4
"UMass-gbqr_5src_mobsgleam_otid10",2026-02-21,0.501177460951076,0.508789318392196,1008.95657305491,0.0934978178240536,0.489592121362909,0.543861252135787,1686.15526597386,0.164602512074118,0.25,0.75,4
"UMass-gbqr_5src_mobsgleam_otid10",2026-02-28,0.111869861031118,0.131439890071147,291.107594298196,0.0348917271109806,0.0776596326529631,0.100087109782835,346.497865989358,0.0440773191914272,1,1,4
"UMass-gbqr_5src_mobsgleam_otid10",2026-03-07,0.236544457133247,0.301409703317458,487.357121652648,0.0949991614566495,0.18058910355185,0.252479270835637,637.29894643448,0.124991478987204,0.5,0.75,4
"UMass-gbqr_5src_mobsgleam_otid10",2026-03-14,0.265510456532713,0.340341017342253,567.752726295786,0.135610927559772,0.219347919103837,0.313083047545541,810.380887129126,0.198690758367478,0.5,0.75,4
"UMass-gbqr_5src_mobsgleam_otid10",2026-03-21,0.28557462700622,0.325784581854775,573.055775054909,0.157521716816468,0.268344965754267,0.36042708085629,932.498755996077,0.267644795326764,0.25,0.75,4
"UMass-gbqr_5src_mobsgleam_otid10",2026-03-28,0.22486567955723,0.228493446998702,369.619465577395,0.119010519081168,0.203038190857382,0.22931232461506,570.283518570673,0.172932389632503,0.5,1,4
"UMass-gbqr_5src_mobsgleam_otid10",2026-04-04,0.329364283687513,0.289746649748237,231.714933667289,0.138371128601433,0.674969438824754,0.901139359550428,442.27372478992,0.244480822235786,0.5,1,4
"UMass-gbqr_5src_mobsgleam_otid10",2026-04-11,0.231179487402901,0.200640441422268,157.334024767433,0.103940811065303,0.386224361253342,0.519740856331106,238.686655254566,0.147463882309823,0.5,1,4
"UMass-gbqr_5src_mobsgleam_otid10",2026-04-18,0.496133663449656,0.336550738714237,279.493933287898,0.196997355578048,2.55962717024572,2.95306978813285,451.774195548369,0.302824115992398,0,1,4
"UMass-gbqr_5src_mobsgleam_otid10",2026-04-25,0.443610267097782,0.290679873697887,246.147668333795,0.182659641911853,1.86201445100003,2.06140320193178,349.127709562505,0.245075671633842,0,1,4
"UMass-gbqr_5src_mobsgleam_otid10",2026-05-02,0.350066188345911,0.250090090180887,188.127167745344,0.159547055457352,1.5928387532647,1.79491700116506,297.462637172183,0.231153577809533,0,1,4
"UMass-gbqr_5src_mobsgleam_otid10",2026-05-09,0.083885181767467,0.0714789335914234,45.6677768007995,0.0461785389876528,0.14020045485276,0.16123318401104,37.6087720142528,0.0318407260066031,1,1,4
"UMass-gbqr_5src_mobsgleam_otid10",2026-05-16,0.0968510619974719,0.0782896457732998,50.4777102568582,0.0514465069132785,0.26938373202146,0.289232025016458,56.7052755905173,0.049487410168755,0.75,1,4
"UMass-gbqr_5src_mobsgleam_otid10",2026-05-23,0.108544672405827,0.0842025394142634,54.4503140706573,0.0613911098773526,0.431195934438319,0.455059819766421,71.0395301987131,0.0697615146888624,0.75,1,4
"UMass-gbqr_5src_mobsgleam_otid10",2026-05-30,0.138961066437275,0.110525790177346,68.0620126106603,0.0812372581229773,0.679723609078971,0.696275084320129,103.148057677734,0.110038636038371,0.5,1,4
"UMass-gbqr_5src_mobsgleam_otid50",2025-11-22,0.535911620527295,0.265298899411705,1448.47864607368,0.234083718203091,0.576239135709683,0.415725710891575,2697.08727468917,0.441478113437222,0,1,4
"UMass-gbqr_5src_mobsgleam_otid50",2025-11-29,0.589159932682517,0.365676028427666,3226.49588382281,0.323612098101016,0.745517294835424,0.576935105104677,5937.85887404044,0.633019210706849,0.25,1,4
"UMass-gbqr_5src_mobsgleam_otid50",2025-12-06,0.659916537770518,0.466257561937411,7814.88291897175,0.475497217996169,0.812852584767433,0.637402219493741,11973.3185736243,0.796148689766183,0.25,0.75,4
"UMass-gbqr_5src_mobsgleam_otid50",2025-12-13,0.612192000159575,0.451541171666912,11177.496694844,0.491041901972917,0.760017465268252,0.578498473531763,16253.5435078605,0.75378441800438,0,0.5,4
"UMass-gbqr_5src_mobsgleam_otid50",2025-12-20,0.558565514282421,0.434840679711165,11140.4084378481,0.430697674612882,0.65033647652435,0.499531593660924,15121.1359997868,0.59867912935912,0,0.25,4
"UMass-gbqr_5src_mobsgleam_otid50",2025-12-27,0.597504735010786,0.528714954412663,6993.54314034355,0.223976726155338,0.787379259478661,0.678466659054103,10980.0037734299,0.353270069993286,0.25,0.75,4
"UMass-gbqr_5src_mobsgleam_otid50",2026-01-03,1.69584520399099,1.47531557471908,13005.4020308478,0.420720051634219,1.85969528322691,1.57023766296612,20019.6197239377,0.615672452297548,0.25,0.5,4
"UMass-gbqr_5src_mobsgleam_otid50",2026-01-10,1.13394376430265,1.05809885867562,16841.8809013273,0.59767129987983,1.41842703848551,1.26363311133434,26229.1981889145,0.852186624892104,0,0.25,4
"UMass-gbqr_5src_mobsgleam_otid50",2026-01-17,1.27921006752453,1.19325550060142,8300.7457406554,0.36502522347439,1.53523289151359,1.38429796323109,15028.3947750265,0.631774594824573,0,0.5,4
"UMass-gbqr_5src_mobsgleam_otid50",2026-01-24,1.41336533285374,1.28991983339348,1339.38840869218,0.0776234567259506,2.63032126649775,2.49874839412828,2596.12709003328,0.147798048108263,1,1,4
"UMass-gbqr_5src_mobsgleam_otid50",2026-01-31,1.86854404446963,1.77700263407484,2797.04551524885,0.211423303031663,1.84823269067149,2.02448659590518,4009.74082241179,0.298108718285513,0,1,4
"UMass-gbqr_5src_mobsgleam_otid50",2026-02-07,2.00174914684466,2.07964856013414,2648.66899658619,0.213704492762222,2.33325814772575,2.66976034793122,4282.11201561369,0.349416319606469,0,1,4
"UMass-gbqr_5src_mobsgleam_otid50",2026-02-14,1.18268233239912,1.21857161041843,1937.05420128106,0.165167404632995,1.13376200465845,1.25820216641015,2948.06465261313,0.256143272159629,0,0.75,4
"UMass-gbqr_5src_mobsgleam_otid50",2026-02-21,0.511421296856689,0.534937713566956,1029.57917956768,0.0983029853070637,0.578499724041766,0.6631261209143,1992.35304959984,0.200698661461557,0.25,1,4
"UMass-gbqr_5src_mobsgleam_otid50",2026-02-28,0.119048462583195,0.140719865100037,309.787741113337,0.0373551676702314,0.0265794310795767,0.0302134164161526,118.590776619301,0.0133056734491364,1,1,4
"UMass-gbqr_5src_mobsgleam_otid50",2026-03-07,0.205884700548142,0.263860513963585,424.188231960717,0.0831643019191723,0.146723879859484,0.21385779218666,517.78857202412,0.105871668790386,0.5,0.75,4
"UMass-gbqr_5src_mobsgleam_otid50",2026-03-14,0.227184379449355,0.288762800608347,485.798384321997,0.115059276548722,0.199226436553717,0.285079684104668,736.042069847708,0.180919085443865,0.5,0.75,4
"UMass-gbqr_5src_mobsgleam_otid50",2026-03-21,0.244539536527265,0.272009439191824,490.711640264694,0.131520631233803,0.220981725280596,0.295608523570565,767.91149535007,0.219512037219636,0.5,1,4
"UMass-gbqr_5src_mobsgleam_otid50",2026-03-28,0.233212984292228,0.23744403423767,383.340217989398,0.123672420975436,0.208367034230855,0.232240263377165,585.250907395913,0.175140449961046,0.5,1,4
"UMass-gbqr_5src_mobsgleam_otid50",2026-04-04,0.347858370291118,0.312425891258368,244.725925638286,0.149201805146987,0.606370400855503,0.807624465905904,397.324205160568,0.219110053722344,0.75,1,4
"UMass-gbqr_5src_mobsgleam_otid50",2026-04-11,0.318050195452793,0.284049567337939,216.455698084695,0.147150505663596,0.580966245011892,0.803779974447822,359.037139417349,0.228053103986607,0.5,1,4
"UMass-gbqr_5src_mobsgleam_otid50",2026-04-18,0.546521612402677,0.384245599263985,307.879683098278,0.224915170998272,2.92092199530431,3.42916349484946,515.542732171211,0.351645398999447,0,1,4
"UMass-gbqr_5src_mobsgleam_otid50",2026-04-25,0.527235636889251,0.370733761153665,292.549186320266,0.232964515896771,2.62866096699936,3.10966404962353,492.873931312379,0.369701087493663,0,1,4
"UMass-gbqr_5src_mobsgleam_otid50",2026-05-02,0.408697845651502,0.307258044902104,219.63608804763,0.196017828192458,1.92331873148234,2.23553266377604,359.179773104326,0.287897085607016,0,1,4
"UMass-gbqr_5src_mobsgleam_otid50",2026-05-09,0.135902549974073,0.115772009935099,73.9864561071079,0.074793816945086,0.286193908021009,0.304782072156663,76.7715158266356,0.0601891137410062,0.25,1,4
"UMass-gbqr_5src_mobsgleam_otid50",2026-05-16,0.11403300056188,0.102452567927124,59.4327480088238,0.0673246978203021,0.257754457485464,0.284632489305996,54.2573133006902,0.0487004326192375,0.75,1,4
"UMass-gbqr_5src_mobsgleam_otid50",2026-05-23,0.113196562490176,0.0978460908080702,56.7838866956491,0.0713384673865326,0.336544800958549,0.351540530454503,55.445755957921,0.0538918155675012,1,1,4
"UMass-gbqr_5src_mobsgleam_otid50",2026-05-30,0.122276992403567,0.110224918759338,59.8902873469369,0.0810161154466181,0.432895625558794,0.460393054034592,65.6919111785469,0.0727600697603221,1,1,4
"UMass-gbqr_5src_nihflu_otid10",2025-11-22,0.372715940116431,0.18731551857853,1007.38827006352,0.165275895087516,0.390252941403449,0.267002313262805,1826.57889223884,0.283541947140672,0,1,4
"UMass-gbqr_5src_nihflu_otid10",2025-11-29,0.313506841419871,0.173362686824509,1716.89973686074,0.153420674187852,0.399646519658025,0.242907482538288,3183.08461744626,0.266520621662077,0,1,4
"UMass-gbqr_5src_nihflu_otid10",2025-12-06,0.342321268214612,0.202362654948514,4053.8469316273,0.20637280187909,0.497248068200839,0.288201616113113,7324.46404459836,0.359978883097072,0.25,1,4
"UMass-gbqr_5src_nihflu_otid10",2025-12-13,0.312076890043662,0.201292036309421,5697.94836602074,0.218901022904491,0.487847372487333,0.292425332423597,10432.981946171,0.3810306666238,0.25,1,4
"UMass-gbqr_5src_nihflu_otid10",2025-12-20,0.355580908651787,0.262139116082019,7091.94616171587,0.259641549168297,0.424641272024043,0.293117138957506,9873.44037614903,0.351295325016883,0.25,0.5,4
"UMass-gbqr_5src_nihflu_otid10",2025-12-27,0.592449134952849,0.510799230587779,6934.36945512603,0.216387182611108,0.884735011408548,0.728670942695264,12337.6297340922,0.379410884076328,0.5,0.75,4
"UMass-gbqr_5src_nihflu_otid10",2026-01-03,1.35690036611346,1.23025323747004,10406.041032271,0.350834909127912,1.4402316002013,1.31832537838299,15504.093176167,0.516900490784278,0.25,0.5,4
"UMass-gbqr_5src_nihflu_otid10",2026-01-10,0.666081115127495,0.686705320585636,9892.95868521257,0.38788819988193,0.827838408790056,0.873902855318993,15308.1808957435,0.58935486738826,0,0.25,4
"UMass-gbqr_5src_nihflu_otid10",2026-01-17,0.878155736775315,0.826022260440585,5698.31935873976,0.252686000659687,0.997925838319579,0.998269109778011,9768.69603131036,0.455596323268307,0,1,4
"UMass-gbqr_5src_nihflu_otid10",2026-01-24,2.04172194643465,1.84258027793882,1934.85622242158,0.110880883265747,1.48489050713736,1.45951135484807,1465.58693054458,0.0863283914239972,1,1,4
"UMass-gbqr_5src_nihflu_otid10",2026-01-31,1.22984418674558,1.17343190932557,1840.96820044079,0.139611976591991,1.3104255072648,1.35166329666741,2842.96813801099,0.199034468164967,0,1,4
"UMass-gbqr_5src_nihflu_otid10",2026-02-07,0.947239107402144,0.922801682123744,1253.36526811306,0.0948270150922325,0.906744699420785,0.896019712654012,1664.103209612,0.117270417373986,0.5,1,4
"UMass-gbqr_5src_nihflu_otid10",2026-02-14,0.767063649599127,0.729834905813897,1256.33386447219,0.0989231458973967,0.793314583212039,0.792542266944424,2062.8162449971,0.161344794182924,0.75,1,4
"UMass-gbqr_5src_nihflu_otid10",2026-02-21,0.481999618942412,0.475830964355155,970.348273082816,0.0874412162600237,0.42105580766252,0.448504532221736,1450.11620158972,0.135742291605457,0.75,1,4
"UMass-gbqr_5src_nihflu_otid10",2026-02-28,0.262248935005975,0.295240210981532,682.423808103402,0.0783737788290897,0.258767830648138,0.318450023687264,1154.55736839433,0.140242068844197,0.75,1,4
"UMass-gbqr_5src_nihflu_otid10",2026-03-07,0.346667070757328,0.392603722765054,714.244873135517,0.123741950033229,0.289679924336106,0.377807007170402,1022.28045298212,0.187035777003251,0.5,1,4
"UMass-gbqr_5src_nihflu_otid10",2026-03-14,0.289236100615923,0.340744033336425,618.486318061903,0.135771511709217,0.300377989519235,0.397085920170691,1109.74648227881,0.252001196597161,0.25,1,4
"UMass-gbqr_5src_nihflu_otid10",2026-03-21,0.239611991249925,0.2687624706481,480.82365298926,0.129950673390665,0.234283591885129,0.307908002718345,814.135481800823,0.228645345325432,0.25,1,4
"UMass-gbqr_5src_nihflu_otid10",2026-03-28,0.152682415852182,0.170983256608465,250.969347841212,0.0890564101091163,0.147425523691312,0.178572257638243,414.081439667972,0.134667542563581,0.75,1,4
"UMass-gbqr_5src_nihflu_otid10",2026-04-04,0.654186870580404,0.57963665764975,460.234684907022,0.27681071918329,1.04045720246118,1.42227082700357,681.759581912686,0.385864780560998,0,1,4
"UMass-gbqr_5src_nihflu_otid10",2026-04-11,0.349619850439006,0.312452054155195,237.941085630536,0.161864276701629,0.543553556239808,0.742934703944134,335.916097756202,0.210789731866888,0,1,4
"UMass-gbqr_5src_nihflu_otid10",2026-04-18,0.676524530497021,0.486481837290962,381.116049815369,0.284758357236717,3.00027972810427,3.74430483453978,529.549372010405,0.383961735710447,0,1,4
"UMass-gbqr_5src_nihflu_otid10",2026-04-25,0.603262809480122,0.425208654235697,334.734664545749,0.26719586579027,2.38398150157653,2.87782221638948,446.996531545598,0.342137924236998,0,0.75,4
"UMass-gbqr_5src_nihflu_otid10",2026-05-02,0.284543691653793,0.204551053698186,152.915078898558,0.130495047943081,1.0767768880564,1.22488105268643,201.088083844532,0.157743025184895,0,1,4
"UMass-gbqr_5src_nihflu_otid10",2026-05-09,0.0960638569708305,0.0811762519464025,52.2979468641889,0.0524434337088132,0.196265805628451,0.226001651572999,52.6483023598321,0.0446313623892891,0.25,1,4
"UMass-gbqr_5src_nihflu_otid10",2026-05-16,0.101806721136796,0.0928594340049279,53.0605453957549,0.0610207578066079,0.279364978336967,0.320281690792842,58.8063279399315,0.0547999876601004,0.25,1,4
"UMass-gbqr_5src_nihflu_otid10",2026-05-23,0.121677955870699,0.0914623741530577,61.0384901053833,0.0666841724766647,0.393729396557344,0.390032252263552,64.8669180828224,0.0597926679384266,0.25,1,4
"UMass-gbqr_5src_nihflu_otid10",2026-05-30,0.081664302494985,0.0712819080026501,39.9985184970019,0.052392719840482,0.211037254315754,0.20528639492259,32.0249033424157,0.0324432618705199,0.5,1,4
"UMass-gbqr_5src_nihflu_otid50",2025-11-22,0.39192670301467,0.199082942237836,1059.31171931716,0.175658758680051,0.440382701188857,0.311363907395137,2061.21123291444,0.330651549394061,0,1,4
"UMass-gbqr_5src_nihflu_otid50",2025-11-29,0.346767246591124,0.193573139502865,1899.04817300899,0.171306306513647,0.45280531224592,0.286975353669145,3606.48111071069,0.314872349185618,0,1,4
"UMass-gbqr_5src_nihflu_otid50",2025-12-06,0.357043874122601,0.214700679475627,4228.19540578708,0.218955324538526,0.515427159676902,0.312575521808535,7592.24206204077,0.39042316535782,0,1,4
"UMass-gbqr_5src_nihflu_otid50",2025-12-13,0.306881367340105,0.198136482227157,5603.08770493425,0.215469421589792,0.448878920270222,0.268806770289485,9599.61236916891,0.350255643132949,0,1,4
"UMass-gbqr_5src_nihflu_otid50",2025-12-20,0.352809177525522,0.25710735472394,7036.66488129854,0.254657728616891,0.379072017773235,0.260415849636387,8813.89825324992,0.312103450732796,0.25,0.5,4
"UMass-gbqr_5src_nihflu_otid50",2025-12-27,0.658268709620471,0.554638286853093,7704.76006116661,0.234958490681923,0.960197040490878,0.76781053913267,13389.9477296453,0.399790438161165,0.25,0.75,4
"UMass-gbqr_5src_nihflu_otid50",2026-01-03,1.71153570900167,1.47447470325477,13125.7321914372,0.420480257862673,2.06839633770154,1.68931357839885,22266.286575357,0.662360773812877,0.25,0.5,4
"UMass-gbqr_5src_nihflu_otid50",2026-01-10,0.702062009589094,0.720229796437977,10427.3643218255,0.406824631857235,0.884953064987293,0.916924918498437,16364.3308394788,0.618368689903619,0,0.25,4
"UMass-gbqr_5src_nihflu_otid50",2026-01-17,0.751303019995395,0.727645204980029,4875.17687789675,0.222591769678859,0.912532945182807,0.928507642792936,8932.7850003945,0.423758147016143,0,1,4
"UMass-gbqr_5src_nihflu_otid50",2026-01-24,1.75629464847167,1.63690129143526,1664.36846845633,0.0985037467220792,0.856718578976089,0.892414945598698,845.5812374494,0.0527853013821118,1,1,4
"UMass-gbqr_5src_nihflu_otid50",2026-01-31,1.13995119525127,1.05962475960263,1706.4063262074,0.126071488220363,1.34786338694156,1.39951441038255,2924.18961796971,0.20608061715257,1,1,4
"UMass-gbqr_5src_nihflu_otid50",2026-02-07,0.901381839344444,0.828401656274509,1192.68797277661,0.0851264772092596,0.723477057107807,0.724270528206862,1327.7612690571,0.094792007290684,1,1,4
"UMass-gbqr_5src_nihflu_otid50",2026-02-14,0.78707970530597,0.734423813906623,1289.11712650111,0.0995451348172884,0.767553045057016,0.783992007991642,1995.82980540951,0.159604142827804,0.75,1,4
"UMass-gbqr_5src_nihflu_otid50",2026-02-21,0.591202643240185,0.587678984687315,1190.19277477614,0.107995000411868,0.675397126775356,0.710188133070114,2326.06770461432,0.214942230742671,0.5,1,4
"UMass-gbqr_5src_nihflu_otid50",2026-02-28,0.295727075279051,0.333598437440677,769.540577415931,0.088556264293352,0.31344522635386,0.376203495218196,1398.51423868434,0.165676095309796,1,1,4
"UMass-gbqr_5src_nihflu_otid50",2026-03-07,0.344841951573369,0.384037804507559,710.484544768719,0.121042119727131,0.280679798353562,0.355753390771616,990.519008389721,0.176117993053791,0.5,1,4
"UMass-gbqr_5src_nihflu_otid50",2026-03-14,0.256723645208475,0.301455321254584,548.963499875364,0.120116687822124,0.251421380893073,0.3355527615303,928.876291709458,0.21295063141692,0.5,1,4
"UMass-gbqr_5src_nihflu_otid50",2026-03-21,0.214895297643918,0.251424251908972,431.225254981454,0.121567385370164,0.186004251219732,0.238263489711612,646.364772988568,0.176928944368449,0.5,1,4
"UMass-gbqr_5src_nihflu_otid50",2026-03-28,0.147482636995942,0.18317823809536,242.422292168918,0.0954081505900976,0.130445447182918,0.165887519457373,366.388649775022,0.125101540870638,0.75,1,4
"UMass-gbqr_5src_nihflu_otid50",2026-04-04,0.6738327663555,0.644621699575911,474.055999669494,0.307844912680773,1.13937748650701,1.59972388330566,746.57709803372,0.434008132255937,0,1,4
"UMass-gbqr_5src_nihflu_otid50",2026-04-11,0.393055746499931,0.385977425085684,267.502291183064,0.199953739794008,0.624349505169447,0.890151195400744,385.847994194718,0.252558846428074,0,1,4
"UMass-gbqr_5src_nihflu_otid50",2026-04-18,0.732649398843137,0.598450145773631,412.733658869049,0.35029813517303,3.15865447013226,4.14255515187999,557.502513978344,0.424800526848022,0,1,4
"UMass-gbqr_5src_nihflu_otid50",2026-04-25,0.58228439612127,0.455041930157218,323.094294796403,0.285942727853883,2.28361743113577,2.7886808286908,428.178268337957,0.331540101627549,0,1,4
"UMass-gbqr_5src_nihflu_otid50",2026-05-02,0.307884046344577,0.275774240942648,165.458292063179,0.175932473300169,1.08930961958157,1.30287938460791,203.428571456858,0.167787831421128,0,1,4
"UMass-gbqr_5src_nihflu_otid50",2026-05-09,0.153996484573512,0.168744794891512,83.836941607944,0.109016568915294,0.307268961602484,0.359611910031018,82.4248989498663,0.0710170450719678,0.25,1,4
"UMass-gbqr_5src_nihflu_otid50",2026-05-16,0.171722460462003,0.186840678760482,89.4998611788277,0.122778691570106,0.449238317045512,0.529973043036123,94.5646657380802,0.0906780407792653,0,1,4
"UMass-gbqr_5src_nihflu_otid50",2026-05-23,0.253939111535676,0.238451754209737,127.385933104524,0.173852450828314,0.970645466993037,1.08682695942479,159.913840687103,0.166612589380186,0,1,4
"UMass-gbqr_5src_nihflu_otid50",2026-05-30,0.155950631358549,0.175657096400133,76.3833648539043,0.129109241006042,0.638281706096116,0.695793907969725,96.8592489000856,0.109962591396699,0.5,1,4
"UMass-gbqr_5src_utseirs_otid10",2025-11-22,0.672195428711694,0.347166630689863,1816.83077429675,0.306318857440148,0.610687369360996,0.461726989552753,2858.32223229414,0.490328971555866,0,1,4
"UMass-gbqr_5src_utseirs_otid10",2025-11-29,0.474276470716148,0.286475430264648,2597.34410925102,0.253521991695642,0.58154908289825,0.403046513425548,4631.89305801384,0.44222683547831,0,1,4
"UMass-gbqr_5src_utseirs_otid10",2025-12-06,0.528608526186033,0.350656083953497,6259.90334485389,0.357604907683408,0.689829265746507,0.483456342531549,10161.185084446,0.60386224254342,0,0.75,4
"UMass-gbqr_5src_utseirs_otid10",2025-12-13,0.593060055119646,0.443387104611433,10828.1826685352,0.482174518781799,0.776480557083388,0.601745401310903,16605.6190736461,0.784075201348041,0,0.5,4
"UMass-gbqr_5src_utseirs_otid10",2025-12-20,0.622350271548138,0.511183141298423,12412.5747815973,0.506312772771811,0.779576194115599,0.648439089416708,18126.1209834303,0.777141935406643,0,0.25,4
"UMass-gbqr_5src_utseirs_otid10",2025-12-27,0.605765722105236,0.548601529050807,7090.23454083231,0.232401170829583,0.752441644665937,0.674820985151987,10492.7987348665,0.351371807997084,0.25,0.75,4
"UMass-gbqr_5src_utseirs_otid10",2026-01-03,1.30328259482664,1.15390937382083,9994.84744576785,0.329063706541259,1.55572997865547,1.39592738780417,16747.4332202261,0.547327362187492,0.25,1,4
"UMass-gbqr_5src_utseirs_otid10",2026-01-10,0.824912378953327,0.774594081596585,12251.9973897528,0.43753251204383,1.21606205591408,1.14389353863789,22487.1155224492,0.771434972053206,0,0.25,4
"UMass-gbqr_5src_utseirs_otid10",2026-01-17,0.572492308985666,0.567371893560186,3714.88093786412,0.173563040049269,0.656243045462402,0.703262085920812,6423.96317203145,0.320959165721127,0.25,1,4
"UMass-gbqr_5src_utseirs_otid10",2026-01-24,2.04214538699518,2.41421615174617,1935.25749968893,0.145280193490129,3.51626557870516,4.19290312248325,3470.55412618199,0.248005320930384,0.5,1,4
"UMass-gbqr_5src_utseirs_otid10",2026-01-31,2.9550539363241,3.18867490953039,4423.45492704714,0.379380519049197,3.20100061764304,4.06364671712342,6944.57083997659,0.598378135403339,0,1,4
"UMass-gbqr_5src_utseirs_otid10",2026-02-07,1.67346429677856,1.70258434048752,2214.28994075413,0.174957408594709,1.97511136803339,2.15906689273576,3624.82313818328,0.282577126455749,0,1,4
"UMass-gbqr_5src_utseirs_otid10",2026-02-14,0.880564254233212,0.861075072919361,1442.23063237977,0.116711676008456,0.817173042878308,0.802864448338215,2124.85420474432,0.163446171361104,0.5,1,4
"UMass-gbqr_5src_utseirs_otid10",2026-02-21,0.384209445714907,0.385468209223109,773.479806829701,0.0708356781482684,0.29866011051833,0.305331202114622,1028.58542062513,0.0924101187302986,0.75,1,4
"UMass-gbqr_5src_utseirs_otid10",2026-02-28,0.25030531838899,0.275198467842494,651.344145819531,0.0730535443701507,0.218407867103009,0.273515202695816,974.481301046852,0.120453242371466,1,1,4
"UMass-gbqr_5src_utseirs_otid10",2026-03-07,0.318854180913514,0.362274498923079,656.941438071352,0.114182699614591,0.24066343381719,0.325381332700921,849.301257940863,0.161082111313572,0.75,1,4
"UMass-gbqr_5src_utseirs_otid10",2026-03-14,0.267899599964028,0.316436050725888,572.861537128905,0.126085849679222,0.231381525301955,0.319075754142922,854.839045228073,0.202493888009411,0.5,1,4
"UMass-gbqr_5src_utseirs_otid10",2026-03-21,0.192589735733647,0.208989319223121,386.465217289986,0.101049460882731,0.159572456914255,0.195255133353601,554.514287777038,0.144991935896629,0.75,1,4
"UMass-gbqr_5src_utseirs_otid10",2026-03-28,0.173605106997632,0.200308771267718,285.360696200151,0.10433056684211,0.0990079085291747,0.12933646298414,278.08846308132,0.0975371195072443,0.75,1,4
"UMass-gbqr_5src_utseirs_otid10",2026-04-04,0.769141928418584,0.84749424789877,541.108067119179,0.404728529792738,1.50031706267059,2.45620026886712,983.082755314903,0.666371804698414,0,1,4
"UMass-gbqr_5src_utseirs_otid10",2026-04-11,0.628421230966924,0.697296582756938,427.685183612404,0.361231124946959,1.2556387588916,2.16974734637372,775.984752995007,0.615613268478304,0,1,4
"UMass-gbqr_5src_utseirs_otid10",2026-04-18,0.765083729622393,0.695607415356236,431.005345212653,0.407168386761478,4.35287838941733,6.18946937714591,768.283035732159,0.634702437486691,0,1,4
"UMass-gbqr_5src_utseirs_otid10",2026-04-25,0.653762573550611,0.577367071117086,362.755655265104,0.362810335371041,3.45730716189459,4.81159209709096,648.245092855236,0.572039552338716,0,1,4
"UMass-gbqr_5src_utseirs_otid10",2026-05-02,0.458650906158748,0.422436869872314,246.481090810805,0.269497118642325,2.19442382086993,2.72886772197647,409.80864854746,0.351429919541891,0,1,4
"UMass-gbqr_5src_utseirs_otid10",2026-05-09,0.21243259099483,0.206686045661599,115.650034325012,0.133528287821758,0.57749976467068,0.703745334553554,154.91431187291,0.138977360729977,1,1,4
"UMass-gbqr_5src_utseirs_otid10",2026-05-16,0.202279699537912,0.200420634631982,105.425958719849,0.131702493520215,0.528116747458762,0.623274633412744,111.168575340069,0.106641881823846,1,1,4
"UMass-gbqr_5src_utseirs_otid10",2026-05-23,0.196185234020733,0.181393463735427,98.4142968207146,0.132251902860412,0.830293814922013,0.94733496531473,136.790906008402,0.145228207869459,0.75,1,4
"UMass-gbqr_5src_utseirs_otid10",2026-05-30,0.167052727950157,0.173039482321469,81.8210824650013,0.127185275656113,0.594440556559809,0.677864877487967,90.206354457951,0.107129104885216,1,1,4
"UMass-gbqr_5src_utseirs_otid50",2025-11-22,0.626930465490827,0.320808734495311,1694.48721963335,0.283062242509165,0.51335401007635,0.375090454959833,2402.75344416236,0.398325679854727,0,1,4
"UMass-gbqr_5src_utseirs_otid50",2025-11-29,0.481728644510625,0.272323865564555,2638.15545221512,0.240998289872198,0.479970454658765,0.311354497921168,3822.8446787434,0.341621400362394,0,1,4
"UMass-gbqr_5src_utseirs_otid50",2025-12-06,0.532194830721962,0.336934112620347,6302.37318528969,0.343611013048811,0.632141641915631,0.420468097342961,9311.44638541725,0.525186631847563,0,0.75,4
"UMass-gbqr_5src_utseirs_otid50",2025-12-13,0.615954821432114,0.456507153376583,11246.1988705113,0.496442306757441,0.748429907710541,0.564531635956175,16005.7348988207,0.735585606745636,0,0.5,4
"UMass-gbqr_5src_utseirs_otid50",2025-12-20,0.674894726799377,0.559957418973022,13460.556938883,0.554622346727326,0.75840575437972,0.622167554736192,17633.8817965215,0.745655999964218,0,0.25,4
"UMass-gbqr_5src_utseirs_otid50",2025-12-27,0.63718855240405,0.576004628746591,7458.02563337065,0.244009801349952,0.837510278875616,0.741974081670854,11679.0808389205,0.386337681103597,0.25,0.75,4
"UMass-gbqr_5src_utseirs_otid50",2026-01-03,1.63902926748431,1.33289343446457,12569.681780975,0.380105113902578,2.06768172749039,1.68379629504491,22258.593796434,0.660197509325816,0.25,1,4
"UMass-gbqr_5src_utseirs_otid50",2026-01-10,0.949705228654955,0.86612261670454,14105.4811145868,0.48923276491296,1.25226390492016,1.16665156375736,23156.5510638074,0.786782848301312,0,0.25,4
"UMass-gbqr_5src_utseirs_otid50",2026-01-17,0.495051609785743,0.512351319560396,3212.37117003445,0.156731860716896,0.64083301298506,0.688538062032988,6273.11436411075,0.314239323264518,0.25,1,4
"UMass-gbqr_5src_utseirs_otid50",2026-01-24,2.2629902295805,2.70699144971129,2144.54310716947,0.162898521454151,3.61152158632601,4.33119184493191,3564.57180570377,0.25618493729405,0,1,4
"UMass-gbqr_5src_utseirs_otid50",2026-01-31,3.24940015822302,3.54078993077414,4864.06524197633,0.421274278467948,3.28636462707646,4.23872600139202,7129.76805844239,0.624158825251928,0,1,4
"UMass-gbqr_5src_utseirs_otid50",2026-02-07,1.75273938409669,1.76222066675158,2319.1849353703,0.181085631939158,1.9244119179161,2.08984351141678,3531.77697235553,0.273517219955177,0,1,4
"UMass-gbqr_5src_utseirs_otid50",2026-02-14,0.846999302067868,0.815127631314833,1387.25633384959,0.110483876497568,0.760168886114511,0.737561980888642,1976.62914611926,0.150151974181048,0.5,1,4
"UMass-gbqr_5src_utseirs_otid50",2026-02-21,0.371899386519845,0.364803219084119,748.697536860929,0.0670381701945699,0.265979556327643,0.257547012547061,916.033591992404,0.0779479785992296,0.75,1,4
"UMass-gbqr_5src_utseirs_otid50",2026-02-28,0.216037097400863,0.239747669646497,562.171429586714,0.0636428580415815,0.13098392319938,0.1716727892571,584.417519334833,0.0756029057586547,1,1,4
"UMass-gbqr_5src_utseirs_otid50",2026-03-07,0.315991922374311,0.359372656639559,651.044271424552,0.113268088769023,0.219013174350917,0.297432702777552,772.897492284385,0.147245963188516,0.75,1,4
"UMass-gbqr_5src_utseirs_otid50",2026-03-14,0.269463009058584,0.320923263007027,576.204643789718,0.127873806430233,0.220171526504719,0.30387830582331,813.423704671684,0.192849186529894,0.5,1,4
"UMass-gbqr_5src_utseirs_otid50",2026-03-21,0.170774498038257,0.185995012877417,342.689101475373,0.0899313699284029,0.118472363535332,0.129796655852753,411.691463285279,0.0963839878714878,0.75,1,4
"UMass-gbqr_5src_utseirs_otid50",2026-03-28,0.181565376498856,0.241704127726901,298.445265462512,0.125891285210481,0.145985976506566,0.250555056573804,410.038111512817,0.188952271713046,0.75,1,4
"UMass-gbqr_5src_utseirs_otid50",2026-04-04,0.92296343960554,1.19646796881661,649.324844185098,0.571384080970295,1.8556853201925,3.58154713520076,1215.93780605613,0.971680549972811,0,1,4
"UMass-gbqr_5src_utseirs_otid50",2026-04-11,0.755049024682242,0.932519720112382,513.864371292363,0.483087334516365,1.49969992613717,2.95419692536724,926.81455435277,0.838181840845831,0,1,4
"UMass-gbqr_5src_utseirs_otid50",2026-04-18,0.83897793497903,0.78012124129991,472.633204041477,0.456637897018069,4.73612155921719,6.99857933454458,835.925455201833,0.717673049483239,0,1,4
"UMass-gbqr_5src_utseirs_otid50",2026-04-25,0.761407235261373,0.688386065699094,422.484846525782,0.432573300167289,4.08741662867285,6.25013472263971,766.390617876159,0.743064706369662,0,1,4
"UMass-gbqr_5src_utseirs_otid50",2026-05-02,0.574776299125761,0.538800912876016,308.887407128941,0.343732528805619,2.92926293635459,3.98564786180294,547.03985336422,0.513280983213518,0,1,4
"UMass-gbqr_5src_utseirs_otid50",2026-05-09,0.289088613881093,0.280951725274356,157.382198097524,0.181507187465747,0.976648836262159,1.2680423779685,261.986050327324,0.250416129714911,0.25,1,4
"UMass-gbqr_5src_utseirs_otid50",2026-05-16,0.243412572675825,0.245745879499415,126.863960631918,0.161487090198179,0.852968004053273,1.05309244671109,179.549764853214,0.180183428349762,1,1,4
"UMass-gbqr_5src_utseirs_otid50",2026-05-23,0.26756004351271,0.24157514277353,134.218732979876,0.176129677760463,1.43483394949885,1.7549424302415,236.388893179935,0.269035930678831,0.5,1,4
"UMass-gbqr_5src_utseirs_otid50",2026-05-30,0.236137713758857,0.243120645235734,115.658352830521,0.178695439140034,1.35921560032746,1.69081752437799,206.260967349692,0.267215154415589,0.75,1,4
"UMass-gbqr_nih10_ar6fp",2025-11-22,0.327193938078893,0.157799731048667,884.349982867918,0.139232947657264,0.353805990992063,0.235560139640008,1655.98894083835,0.250152067396192,0,1,4
"UMass-gbqr_nih10_ar6fp",2025-11-29,0.38680870918379,0.201827234639467,2118.33262714565,0.178610928193571,0.446436835404426,0.275191547948455,3555.7577847874,0.301943034726445,0,0.75,4
"UMass-gbqr_nih10_ar6fp",2025-12-06,0.496720970162769,0.289913502208815,5882.28359655078,0.295658612349375,0.585993694703734,0.36723953958277,8631.68712298601,0.45870138089789,0,0.5,4
"UMass-gbqr_nih10_ar6fp",2025-12-13,0.493535170612657,0.327646680148694,9011.04185757784,0.356309145412789,0.613367818299749,0.412163792476333,13117.3308202039,0.537050067803148,0,0.25,4
"UMass-gbqr_nih10_ar6fp",2025-12-20,0.509347909525002,0.388793117584396,10158.7792371363,0.385088837043304,0.579076254947497,0.430751439767642,13464.246772848,0.516247420989604,0.25,0.25,4
"UMass-gbqr_nih10_ar6fp",2025-12-27,0.625990965557131,0.557100655965114,7326.96256040561,0.236001611115143,0.827395991211621,0.713880176947163,11538.037097446,0.371709496275827,0.25,0.75,4
"UMass-gbqr_nih10_ar6fp",2026-01-03,1.67882807866831,1.51525293209994,12874.8980463391,0.432109104489984,1.65091767920485,1.45051537979765,17772.1288166402,0.568730697293555,0.25,0.5,4
"UMass-gbqr_nih10_ar6fp",2026-01-10,0.983708505430897,0.970496415345897,14610.5142174122,0.548188715385731,1.06835356506319,1.04709028169964,19755.7270367572,0.706151433604561,0,0,4
"UMass-gbqr_nih10_ar6fp",2026-01-17,0.769193125896709,0.763776587275381,4991.26509837768,0.233644612837891,0.861997205209347,0.886389515264813,8438.0906417943,0.404536011565086,0,1,4
"UMass-gbqr_nih10_ar6fp",2026-01-24,1.36622112613625,1.39667363624914,1294.71177587361,0.0840475762578574,0.838286311832852,0.888381998865564,827.388589779025,0.0525467572947269,1,1,4
"UMass-gbqr_nih10_ar6fp",2026-01-31,1.602794298845,1.55508185031849,2399.24160135241,0.185019726462081,1.90390489718015,2.07608834885586,4130.52167443233,0.30570715458266,0,1,4
"UMass-gbqr_nih10_ar6fp",2026-02-07,1.15454243708825,1.14403356254968,1527.66432456285,0.117560782564082,1.27521125202004,1.27747550708227,2340.33145026977,0.167195078171712,0.25,1,4
"UMass-gbqr_nih10_ar6fp",2026-02-14,0.781075589083387,0.756446092994078,1279.2832951879,0.1025300744383,0.654556088957591,0.618410486882899,1702.00947031198,0.125895257437015,0.5,1,4
"UMass-gbqr_nih10_ar6fp",2026-02-21,0.432343697393212,0.431980448365179,870.382348152576,0.0793830133707067,0.295512933260018,0.304727984219477,1017.7465421475,0.0922275516132647,0.75,1,4
"UMass-gbqr_nih10_ar6fp",2026-02-28,0.236966737353978,0.270321794303823,616.634509098218,0.0717589939697467,0.200927002614382,0.256068366110596,896.48605391472,0.112769837518274,1,1,4
"UMass-gbqr_nih10_ar6fp",2026-03-07,0.322564699151024,0.364260869299448,664.586290586556,0.11480876943922,0.271333781358854,0.352098741837861,957.536914415395,0.174308735708041,0.5,1,4
"UMass-gbqr_nih10_ar6fp",2026-03-14,0.290706757591981,0.3437557412515,621.63108877454,0.13697154486153,0.288330019682651,0.389126330303432,1065.23525771755,0.246949830962969,0.25,1,4
"UMass-gbqr_nih10_ar6fp",2026-03-21,0.264141837829844,0.30021971385436,530.047109537895,0.145160720864219,0.270189871350714,0.360783902074578,938.90980294373,0.267909762492133,0.25,1,4
"UMass-gbqr_nih10_ar6fp",2026-03-28,0.203041331999722,0.220673103278221,333.746033506013,0.114937303075228,0.200467055014732,0.255677955327568,563.061840772627,0.192815627617797,0.75,1,4
"UMass-gbqr_nih10_ar6fp",2026-04-04,0.608759256490895,0.555205697152933,428.275370838225,0.265143493420027,1.13630361576166,1.54868625970654,744.562944227828,0.420161527898651,0,1,4
"UMass-gbqr_nih10_ar6fp",2026-04-11,0.261113258181118,0.23777947958345,177.706077175331,0.123180510306864,0.452948015657557,0.584028325547226,279.92187367637,0.165703894960364,1,1,4
"UMass-gbqr_nih10_ar6fp",2026-04-18,0.454018919111387,0.334787737742417,255.768843837862,0.195965396680389,2.60631213028448,3.05389062880509,460.01409099521,0.313162842856515,0.25,1,4
"UMass-gbqr_nih10_ar6fp",2026-04-25,0.37824127258919,0.271569297496377,209.876132769745,0.170650791896578,1.82449998693685,2.01427713219942,342.09374755066,0.23947295733695,0.5,1,4
"UMass-gbqr_nih10_ar6fp",2026-05-02,0.223600327439626,0.15590451959022,120.163836750159,0.0994605864435553,0.461339301265998,0.454564799712771,86.155114511425,0.0585399100524859,0.75,1,4
"UMass-gbqr_nih10_ar6fp",2026-05-09,0.232521441909813,0.157715326392113,126.586568530935,0.101891046533778,0.513634486300643,0.550051214278465,137.782450950148,0.108625467585139,1,1,4
"UMass-gbqr_nih10_ar6fp",2026-05-16,0.243162191639626,0.169905670317373,126.7334647846,0.111650182552863,0.643709131845986,0.672436149688197,135.50077225358,0.1150533850808,1,1,4
"UMass-gbqr_nih10_ar6fp",2026-05-23,0.261835336974449,0.171118814799758,131.346993058774,0.124760773659931,1.13428078349524,1.12128471560334,186.87275908084,0.17189502733533,0.75,1,4
"UMass-gbqr_nih10_ar6fp",2026-05-30,0.285530192968032,0.192261578269085,139.850391859842,0.141313655717052,1.29054447292068,1.24650578563351,195.840123765713,0.196996560057843,0.75,1,4
"UMass-gbqr_nih10_ar6p",2025-11-22,0.613019244612834,0.316392002797308,1656.8875378747,0.279165185339058,0.582304408404022,0.431816442671963,2725.47578353502,0.458565596179136,0,1,4
"UMass-gbqr_nih10_ar6p",2025-11-29,0.578571686184241,0.33508944612483,3168.51004356371,0.296543908492525,0.606850474687071,0.426208249786209,4833.41231826385,0.467640134027661,0,0.75,4
"UMass-gbqr_nih10_ar6p",2025-12-06,0.61195317877794,0.390394022459334,7246.88982670294,0.398130318424016,0.684330723724555,0.473870419597707,10080.1915604627,0.591888923733769,0,0.5,4
"UMass-gbqr_nih10_ar6p",2025-12-13,0.57828868308734,0.403801824700427,10558.4846619844,0.439126326596192,0.687332894330514,0.491226587873129,14699.1294449288,0.64006901416291,0,0.25,4
"UMass-gbqr_nih10_ar6p",2025-12-20,0.572591723181686,0.449809560067886,11420.1566356457,0.445523936878594,0.64911965134826,0.49955074170283,15092.8432934112,0.59870207792374,0,0.25,4
"UMass-gbqr_nih10_ar6p",2025-12-27,0.613623676152692,0.54800858523887,7182.20860799134,0.232149985171445,0.794102676979615,0.694027991218884,11073.7618304807,0.361372683186845,0.25,0.75,4
"UMass-gbqr_nih10_ar6p",2026-01-03,1.70411287506883,1.52518269873835,13068.806630497,0.434940805045726,1.69373571370867,1.47614664486715,18233.0649580738,0.578780426830051,0.25,0.5,4
"UMass-gbqr_nih10_ar6p",2026-01-10,0.984284553613875,0.966761204898245,14619.06996347,0.546078867080661,1.07986190324175,1.05476888311858,19968.5363492707,0.711329836551117,0,0,4
"UMass-gbqr_nih10_ar6p",2026-01-17,0.653031439581851,0.655534796438749,4237.49630982261,0.200532690144474,0.743165477728524,0.783024363871483,7274.84686148453,0.357361574865001,0,1,4
"UMass-gbqr_nih10_ar6p",2026-01-24,1.59049672853595,1.77250608512174,1507.24857384366,0.106664031231282,2.04886402419372,2.29445844064652,2022.2287918792,0.135714536041308,1,1,4
"UMass-gbqr_nih10_ar6p",2026-01-31,2.13416656396127,2.18263379669145,3194.65898285329,0.259684278321452,2.45296070911845,2.84389037618971,5321.69825843248,0.418767166305372,0,1,4
"UMass-gbqr_nih10_ar6p",2026-02-07,1.56063441086119,1.62335861922195,2064.99599890893,0.166816180840493,1.84365412991498,1.98364123963914,3383.56624192648,0.259617542792339,0.25,1,4
"UMass-gbqr_nih10_ar6p",2026-02-14,0.906240139860534,0.90000554375891,1484.28383700077,0.121988382584199,0.789273369206892,0.75853056266049,2052.30807828022,0.154420732645287,0.5,1,4
"UMass-gbqr_nih10_ar6p",2026-02-21,0.46368141740531,0.464199859649762,933.470577481084,0.085303822903823,0.310287108781656,0.316031718559475,1068.62880264402,0.0956486871710478,0.75,1,4
"UMass-gbqr_nih10_ar6p",2026-02-28,0.271707456889175,0.30743835888189,707.03676038256,0.0816118707627357,0.238249156375185,0.302204820430733,1063.00817345698,0.133087850775343,0.75,1,4
"UMass-gbqr_nih10_ar6p",2026-03-07,0.360421911115754,0.404757130609803,742.584236852241,0.127572495438317,0.309654026605491,0.400463648018954,1092.76905989078,0.198252092066146,0.5,1,4
"UMass-gbqr_nih10_ar6p",2026-03-14,0.346339540149348,0.404340549761006,740.59312281584,0.161111926594429,0.345378065499687,0.455255561770109,1275.9992629886,0.288917185163011,0.5,1,4
"UMass-gbqr_nih10_ar6p",2026-03-21,0.315233866496671,0.354705870707735,632.572261697714,0.171505592439821,0.319802186300329,0.42382233312452,1111.31259739364,0.314720640120968,0.25,1,4
"UMass-gbqr_nih10_ar6p",2026-03-28,0.234433182055266,0.250225017177689,385.345899096275,0.130329379562383,0.242836385145385,0.314031213846229,682.0666967771,0.236821846888458,0.75,1,4
"UMass-gbqr_nih10_ar6p",2026-04-04,0.601235207093049,0.549309433498225,422.982038520549,0.262327679476562,1.14043087026018,1.5421474381052,747.267327737985,0.418387533161203,0,1,4
"UMass-gbqr_nih10_ar6p",2026-04-11,0.253798874310634,0.224517611234696,172.728120584261,0.116310263497999,0.362560772012872,0.450294660424622,224.062557103955,0.12776020588094,1,1,4
"UMass-gbqr_nih10_ar6p",2026-04-18,0.429509905867852,0.313911668863638,241.961837748391,0.183745752237782,2.4066832179454,2.74797363262895,424.779587967362,0.28179242136957,0.25,1,4
"UMass-gbqr_nih10_ar6p",2026-04-25,0.371790285533745,0.260972395750694,206.296649741686,0.163991829741347,1.58169787873277,1.68764349433694,296.568352262395,0.200640205887677,0.5,1,4
"UMass-gbqr_nih10_ar6p",2026-05-02,0.262815710939629,0.1707302314894,141.238362869811,0.10891877279897,0.78395087012743,0.796108789786545,146.402824996298,0.102524737893356,0.75,1,4
"UMass-gbqr_nih10_ar6p",2026-05-09,0.315472939380792,0.196459373092754,171.74603998917,0.126921406966012,0.873565446353196,0.885713943862735,234.333930984245,0.174912969558613,0.75,1,4
"UMass-gbqr_nih10_ar6p",2026-05-16,0.316916259241556,0.204984304624775,165.173275127331,0.134701419847126,1.05561394374331,1.04299058620987,222.206735157968,0.178455006629993,1,1,4
"UMass-gbqr_nih10_ar6p",2026-05-23,0.332295677912584,0.203873384775336,166.692695510782,0.148641756565483,1.55278636502281,1.47411691538123,255.821553637507,0.225984858206672,0.75,1,4
"UMass-gbqr_nih10_ar6p",2026-05-30,0.355869080435975,0.225695917561526,174.301813172328,0.16588813780773,1.72485564120357,1.58721371576354,261.746843552642,0.250841709429478,0.75,1,4
"UMass-gbqr_nih10_wisar",2025-11-22,0.381609582772644,0.182297303273293,1031.42628487771,0.160848125126923,0.392201651152412,0.264432608831425,1835.69982821886,0.280813060678433,0,1,4
"UMass-gbqr_nih10_wisar",2025-11-29,0.417768349381628,0.214990613222005,2287.88107421696,0.190260115534369,0.459894250870477,0.285232918703084,3662.94273462063,0.312960531379482,0,0.75,4
"UMass-gbqr_nih10_wisar",2025-12-06,0.503800176816259,0.287522154684656,5966.11718457258,0.293219876363464,0.580763145348753,0.357938477209492,8554.64113098713,0.447083867818314,0,0.5,4
"UMass-gbqr_nih10_wisar",2025-12-13,0.501339966914281,0.329256905072393,9153.54304158972,0.358060232486905,0.612837422803405,0.409413003112588,13105.9879147179,0.533465784949394,0,0.25,4
"UMass-gbqr_nih10_wisar",2025-12-20,0.527422209817407,0.403701277909957,10519.2653078605,0.399854957796404,0.596894703129668,0.447079284722268,13878.5479661437,0.535816033117032,0,0.25,4
"UMass-gbqr_nih10_wisar",2025-12-27,0.621129120785672,0.556088910250052,7270.05669981818,0.235573010616764,0.795735687076303,0.69520407925685,11096.534156279,0.361985059193751,0.25,0.75,4
"UMass-gbqr_nih10_wisar",2026-01-03,1.49124803749078,1.38840917125202,11436.3505640951,0.395936698716,1.48379710743542,1.34757731207897,15973.0758615422,0.528369843594877,0.25,0.5,4
"UMass-gbqr_nih10_wisar",2026-01-10,1.02681101303544,1.00641270446831,15250.6934947953,0.568476172489239,1.08527127077037,1.05839609412231,20068.565021268,0.713776005993273,0,0,4
"UMass-gbqr_nih10_wisar",2026-01-17,1.14763067213888,1.10096210934794,7446.93202113162,0.336792028026699,1.15117392918253,1.11354500758876,11268.8415927677,0.508206661191823,0,0.25,4
"UMass-gbqr_nih10_wisar",2026-01-24,1.51750907276815,1.41337568675074,1438.08116337972,0.0850526549152921,1.64679166503916,1.6235529704136,1625.38337339365,0.0960312613272194,0.75,1,4
"UMass-gbqr_nih10_wisar",2026-01-31,1.75456087698818,1.71792576518484,2626.42277378259,0.204394485789647,2.01275942631234,2.2395261643897,4366.68157538462,0.329773620523568,0,1,4
"UMass-gbqr_nih10_wisar",2026-02-07,1.31455895241221,1.31658691543373,1739.39454248172,0.135292349069785,1.51307276917126,1.57092468533413,2776.86679962155,0.205601496161911,0.25,1,4
"UMass-gbqr_nih10_wisar",2026-02-14,0.742406279345211,0.715044505550481,1215.9488334842,0.096918428239357,0.629610580052522,0.587934721367014,1637.14491078157,0.119691038028396,0.5,1,4
"UMass-gbqr_nih10_wisar",2026-02-21,0.363414521130764,0.364172731645386,731.616041037967,0.0669223084860866,0.30769815562283,0.325678569421493,1059.71244796503,0.0985683580967787,0.75,1,4
"UMass-gbqr_nih10_wisar",2026-02-28,0.258111386287183,0.287128028284303,671.657084673897,0.0762203377025572,0.266384847013054,0.318162918400432,1188.54259116049,0.140115630670524,0.75,1,4
"UMass-gbqr_nih10_wisar",2026-03-07,0.285963958855316,0.340048549140566,589.177077210551,0.107177461997233,0.228257569414267,0.31410671285859,805.520962462948,0.15550053859892,0.5,1,4
"UMass-gbqr_nih10_wisar",2026-03-14,0.281659021153226,0.346869045503241,602.283914667006,0.1382120596859,0.270215825974365,0.374055613455199,998.312369062293,0.237385556617258,0.5,1,4
"UMass-gbqr_nih10_wisar",2026-03-21,0.269024510483306,0.310994754938699,539.845051992035,0.150370614348773,0.256765436366452,0.34945510138922,892.259891373423,0.259497257711619,0.25,1,4
"UMass-gbqr_nih10_wisar",2026-03-28,0.245360389461881,0.2485902910608,403.307326424088,0.129477934559115,0.256541436178083,0.313407728085099,720.56075886519,0.236351654617916,0.25,1,4
"UMass-gbqr_nih10_wisar",2026-04-04,0.392063745957817,0.324876995604965,275.825368406236,0.15514794244407,0.736656534690011,0.952955216709766,482.69419435563,0.25853856283818,0,1,4
"UMass-gbqr_nih10_wisar",2026-04-11,0.277040200357526,0.235746864908696,188.545490061844,0.122127524097406,0.515211032432638,0.692263703592138,318.40041804337,0.196413062529838,0.25,1,4
"UMass-gbqr_nih10_wisar",2026-04-18,0.529344354727552,0.362312981936836,298.202977677124,0.212077084144384,2.75291864343315,3.31414030348347,485.890140565952,0.339850284510787,0,1,4
"UMass-gbqr_nih10_wisar",2026-04-25,0.479585473137728,0.317941852988092,266.109363861027,0.199790732935144,2.28147144198924,2.67113130974896,427.775895372983,0.317564899067511,0,1,4
"UMass-gbqr_nih10_wisar",2026-05-02,0.161518700872067,0.10858539086961,86.8008872166311,0.0692729542638068,0.701228340788113,0.753537118465495,130.95439264218,0.097042259242363,0.75,1,4
"UMass-gbqr_nih10_wisar",2026-05-09,0.110695284370061,0.077848916770558,60.2634152182709,0.0502938286514546,0.101432976635555,0.11472803262377,27.2093959824875,0.0226567742518808,1,1,4
"UMass-gbqr_nih10_wisar",2026-05-16,0.113543187228233,0.0829977080344719,59.1774626766257,0.0545403177905036,0.139398798063563,0.150174260219405,29.3434469923799,0.0256947176297098,1,1,4
"UMass-gbqr_nih10_wisar",2026-05-23,0.116115950379671,0.0810616214980138,58.2483674845612,0.0591011024945164,0.347409476582952,0.349087016246483,57.2357112670413,0.0535156872871578,0.75,1,4
"UMass-gbqr_nih10_wisar",2026-05-30,0.118403302501475,0.0856718800441092,57.992985190833,0.0629694537524377,0.384935767425648,0.414521159530285,58.414002706842,0.0655105202397059,1,1,4
