"model_id","wis_scaled_relative_skill","wis","ae_median_scaled_relative_skill","ae_median","interval_coverage_50","interval_coverage_95","n"
"UMass-AR2",1,39.2232271189562,1,59.7160826392426,0.484460990611848,0.919876982842344,6188
"UMass-AR4_pooled",0.984729998359394,38.6242883764999,0.980298846775626,58.5396069452075,0.491421171900291,0.922952411783749,6188
"UMass-AR6_pooled",0.983572399599142,38.5788836174139,0.97365093629601,58.1426197736285,0.476853350598899,0.917449012625445,6188
"UMass-AR6_pooled_fourier",0.960286176260995,37.665522790679,0.953547842503876,56.942141763433,0.481385561670443,0.92003884752347,6188
"UMass-AR6_pooled_xmas",39.6101563559639,1553.63815896734,32.876276325253,1963.24243390939,0.764810618323082,0.929588863709939,6188
"UMass-AR6_unpooled",1.02879439408763,40.352636178008,1.02381628478144,61.138297869411,0.460181288442862,0.906280349627711,6188
