"model_id","wis_scaled_relative_skill","wis","ae_median_scaled_relative_skill","ae_median","interval_coverage_50","interval_coverage_95","n"
"UMass-AR2",1,39.2232271189562,1,59.7160826392426,0.484460990611848,0.919876982842344,6188
"UMass-AR6_pooled",0.983572399599142,38.5788836174139,0.97365093629601,58.1426197736285,0.476853350598899,0.917449012625445,6188
"UMass-AR6_unpooled",1.02879439408763,40.352636178008,1.02381628478144,61.138297869411,0.460181288442862,0.906280349627711,6188
