"model_id","wis_scaled_relative_skill","wis","ae_median_scaled_relative_skill","ae_median","interval_coverage_50","interval_coverage_95","n"
"UMass-AR2",1,118.793426109434,1,164.345201744218,0.388028895768834,0.781217750257998,4845
"UMass-AR4_pooled",0.925677029667318,109.964345824985,0.915323816072924,150.429077213792,0.439834881320949,0.790505675954592,4845
"UMass-AR6_pooled",0.899138335926624,106.811723471059,0.894131506009706,146.946222741026,0.426212590299278,0.789473684210526,4845
"UMass-AR6_pooled_fourier",0.864952122574046,102.750626061198,0.858180643415514,141.037870975105,0.43405572755418,0.790092879256966,4845
"UMass-AR6_unpooled",0.928555624815218,110.306304004986,0.944974746783804,155.302065403375,0.412383900928793,0.786790505675955,4845
