"model_id","wis_scaled_relative_skill","wis","ae_median_scaled_relative_skill","ae_median","interval_coverage_50","interval_coverage_95","n"
"UMass-AR2",1,118.793426109434,1,164.345201744218,0.388028895768834,0.781217750257998,4845
"UMass-AR4_pooled",0.925677029667318,109.964345824985,0.915323816072923,150.429077213792,0.439834881320949,0.790505675954592,4845
"UMass-AR6_pooled",1.87034776643839,222.185019191344,1.92876650169049,316.983519837812,0.621465428276574,0.947368421052632,4845
"UMass-AR6_unpooled",0.928555624815218,110.306304004986,0.944974746783804,155.302065403375,0.412383900928793,0.786790505675955,4845
