"model_id","reference_date","wis_scaled_relative_skill","wis_scaled_relative_skill__log","wis","wis__log","ae_median_scaled_relative_skill","ae_median_scaled_relative_skill__log","ae_median","ae_median__log","interval_coverage_50","interval_coverage_95","n"
"FluSight-baseline",2023-10-21,1,1,492.010950103745,0.498583351144862,1,1,812.25,0.500466692366621,0.25,1,4
"FluSight-baseline",2023-10-28,1,1,698.370080077866,0.561340290046583,1,1,1222.75,0.637427397410618,0,1,4
"FluSight-baseline",2023-11-04,1,1,940.11103674034,0.493167007939168,1,1,1554.75,0.634552167160293,0,1,4
"FluSight-baseline",2023-11-11,1,1,1370.14167639081,0.541637385506351,1,1,2148.75,0.688031795784734,0,1,4
"FluSight-baseline",2023-11-18,1,1,1682.4466807653,0.447202847312727,1,1,2567.25,0.615141499863979,0,1,4
"FluSight-baseline",2023-11-25,1,1,2412.65961034823,0.474052674177891,1,1,3538.5,0.651212222136679,0,1,4
"FluSight-baseline",2023-12-02,1,1,4203.62389003709,0.578438451324055,1,1,5565.5,0.761082253193408,0,0.75,4
"FluSight-baseline",2023-12-09,1,1,6491.53584486594,0.619580663518493,1,1,7969.5,0.779461837474019,0,0.5,4
"FluSight-baseline",2023-12-16,1,1,7945.91728798248,0.649956519718224,1,1,9586.75,0.804785956306716,0,0,4
"FluSight-baseline",2023-12-23,1,1,6638.75544804278,0.465704638425333,1,1,8277,0.595286765889339,0,0.25,4
"FluSight-baseline",2023-12-30,1,1,2542.92765396097,0.146322134932232,1,1,3379.25,0.197489060821721,0,0.75,4
"FluSight-baseline",2024-01-06,1,1,3888.62072171606,0.228069928493915,1,1,5512.5,0.318936981135782,0,0.5,4
"FluSight-baseline",2024-01-13,1,1,4137.62172184133,0.260086760488766,1,1,5871,0.3654308260097,0,1,4
"FluSight-baseline",2024-01-20,1,1,1973.3345592781,0.142109785005445,1,1,3099.5,0.22334975710867,0,1,4
"FluSight-baseline",2024-01-27,1,1,599.932267125101,0.0493906384594892,1,1,901.5,0.0743089164983934,0.25,1,4
"FluSight-baseline",2024-02-03,1,1,571.750679952153,0.0488386842889366,1,1,842.5,0.071946719207185,0.25,1,4
"FluSight-baseline",2024-02-10,1,1,384.652995382552,0.0354877234506515,1,1,329,0.0294316419419589,0.75,1,4
"FluSight-baseline",2024-02-17,1,1,451.870559223918,0.0433463748977137,1,1,541.5,0.052060093457591,0.75,1,4
"FluSight-baseline",2024-02-24,1,1,798.97138200644,0.0856626916539156,1,1,1235.75,0.133204519160396,0.25,1,4
"FluSight-baseline",2024-03-02,1,1,1198.7512152091,0.143106095844772,1,1,1941.5,0.23164032584086,0,1,4
"FluSight-baseline",2024-03-09,1,1,2103.87804733848,0.259782865087144,1,1,3282,0.401214606058139,0,1,4
"FluSight-baseline",2024-03-16,1,1,1962.2146414226,0.27165982030599,1,1,3101.25,0.425657070535883,0,1,4
"FluSight-baseline",2024-03-23,1,1,1256.86302687656,0.218953248918566,1,1,2084.75,0.347886102832366,0,1,4
"FluSight-baseline",2024-03-30,1,1,897.46269098385,0.213310411572635,1,1,1500.5,0.321011905720357,0,1,4
"FluSight-baseline",2024-04-06,1,1,1053.09238401299,0.284930542956662,1,1,1771.25,0.438298477592378,0,1,4
"FluSight-baseline",2024-04-13,1,1,1320.7113952917,0.42341048231045,1,1,2198.5,0.654066186807552,0,1,4
"FluSight-baseline",2024-04-20,1,1,1262.02899265495,0.537750043848682,1,1,2112.75,0.845669598425736,0,1,4
"FluSight-baseline",2024-04-27,1,1,921.702886614002,0.554857798286276,1,1,1587.25,0.896331487791973,0,1,4
"FluSight-baseline",2024-05-04,1,1,880.031325402129,0.666527932052897,1,1,1497.5,1.03720230155968,0,1,4
"FluSight-baseline",2024-11-30,1,1,4107.775,0.662447191406613,1,1,5762.5,0.875759799350323,0,0.75,4
"FluSight-baseline",2024-12-07,1,1,9142.52739130435,0.923215014112315,1,1,11127.5,1.15701682816511,0,0.5,4
"FluSight-baseline",2024-12-14,1,1,15484.7694565217,1.03368452230311,1,1,17589.25,1.24036263296824,0,0.25,4
"FluSight-baseline",2024-12-21,1,1,18070.5992391304,0.964100460369559,1,1,20290.5,1.14560824963852,0,0,4
"FluSight-baseline",2024-12-28,1,1,18747.6167391304,0.83604428459235,1,1,20993,0.978744798121578,0,0,4
"FluSight-baseline",2025-01-04,1,1,8627.69684782609,0.269082317818621,1,1,11003.5,0.350492367307506,0,0.5,4
"FluSight-baseline",2025-01-11,1,1,5123.89380434783,0.125150083227517,1,1,7135,0.177188580329205,0,0.75,4
"FluSight-baseline",2025-01-18,1,1,13189.5482608696,0.327150406008467,1,1,16027,0.409966311743184,0,0.25,4
"FluSight-baseline",2025-02-01,1,1,10796.1323913043,0.244962278712008,1,1,13176.75,0.305211230018004,0,0.25,4
"FluSight-baseline",2025-02-08,1,1,5784.25434782609,0.135793568679169,1,1,8064,0.187637522955212,0.25,0.5,4
"FluSight-baseline",2025-02-15,1,1,10015.8451086957,0.269939038584272,1,1,12756.25,0.332699228396416,0,0.5,4
"FluSight-baseline",2025-02-22,1,1,9846.31782608696,0.323831316648326,1,1,12894,0.40778192849222,0,0.5,4
"FluSight-baseline",2025-03-01,1,1,9396.1622826087,0.383839060941647,1,1,12555,0.49088412028824,0,0.25,4
"FluSight-baseline",2025-03-08,1,1,8399.56130434783,0.437876652690413,1,1,11660.75,0.5799939191551,0,0.5,4
"FluSight-baseline",2025-03-15,1,1,6328.30510869565,0.441028544232263,1,1,9425.25,0.629957647894226,0,0.5,4
"FluSight-baseline",2025-03-22,1,1,5086.08532608696,0.463107471526751,1,1,8028.5,0.708398948501967,0,1,4
"FluSight-baseline",2025-03-29,1,1,3412.20108695652,0.421012893123668,1,1,5789.75,0.696937947463776,0,1,4
"FluSight-baseline",2025-04-05,1,1,2457.25532608696,0.414940051513877,1,1,4298.5,0.675699936675126,0,1,4
"FluSight-baseline",2025-04-12,1,1,1488.70119565217,0.411389214687017,1,1,2548,0.552452178084463,0,1,4
"FluSight-baseline",2025-04-19,1,1,930.311956521739,0.414513173713226,1,1,1266.25,0.378382435577194,1,1,4
"FluSight-baseline",2025-05-03,1,1,709.829782608696,0.518477692584553,1,1,647.25,0.279750317359484,1,1,4
"FluSight-baseline",2025-05-10,1,1,625.953043478261,0.551974340127672,1,1,329.75,0.161922057232971,1,1,4
"FluSight-baseline",2025-05-17,1,1,591.813260869565,0.620330155187268,1,1,207.25,0.114768199649679,1,1,4
"FluSight-baseline",2025-11-22,1,1,2702.83119565217,0.882339575181679,1,1,4680.5,1.0619456576078,0,1,4
"FluSight-baseline",2025-11-29,1,1,5476.43467391304,0.884969407189429,1,1,7964.75,1.09721042298509,0,0.75,4
"FluSight-baseline",2025-12-06,1,1,11842.2292391304,1.01981663529566,1,1,14730,1.24905227094836,0,0.5,4
"FluSight-baseline",2025-12-13,1,1,18258.1554347826,1.08747979760114,1,1,21385.75,1.30300156783904,0,0.25,4
"FluSight-baseline",2025-12-20,1,1,19944.6764130435,0.990472360817219,1,1,23251.25,1.1984810109238,0,0,4
"FluSight-baseline",2025-12-27,1,1,11704.5819565217,0.423624723087602,1,1,13945,0.520688917102875,0.25,0.25,4
"FluSight-baseline",2026-01-03,1,1,7668.97945652174,0.285172920860901,1,1,10765,0.392088705307554,0,0.25,4
"FluSight-baseline",2026-01-10,1,1,14852.4833695652,0.564853931160941,1,1,18491.75,0.674394028811284,0,0,4
"FluSight-baseline",2026-01-17,1,1,6488.96217391304,0.305907010938069,1,1,9789,0.456386277814025,0,1,4
"FluSight-baseline",2026-01-24,1,1,947.65902173913,0.0601769619447911,1,1,987,0.0591488316533062,0.5,1,4
"FluSight-baseline",2026-01-31,1,1,1496.91173913043,0.118977484319676,1,1,2169.5,0.147251514970996,0.25,1,4
"FluSight-baseline",2026-02-07,1,1,1323.1772826087,0.102759907062584,1,1,1835.25,0.130879282807998,0.5,1,4
"FluSight-baseline",2026-02-14,1,1,1637.84826086957,0.135541812414521,1,1,2600.25,0.203578788049974,0.25,1,4
"FluSight-baseline",2026-02-21,1,1,2013.1722826087,0.183765292320822,1,1,3444,0.302655339809024,0,1,4
"FluSight-baseline",2026-02-28,1,1,2602.19858695652,0.265457671123234,1,1,4461.75,0.440389569516638,0,1,4
"FluSight-baseline",2026-03-07,1,1,2060.31934782609,0.315182823947086,1,1,3529,0.495056400367113,0,1,4
"FluSight-baseline",2026-03-14,1,1,2138.34413043478,0.398456021019059,1,1,3694.5,0.634626371262008,0,1,4
"FluSight-baseline",2026-03-21,1,1,2006.67608695652,0.483514953100777,1,1,3475,0.742576819396873,0,1,4
"FluSight-baseline",2026-03-28,1,1,1643.73445652174,0.520848718614869,1,1,2808.75,0.754134737078786,0,1,4
"FluSight-baseline",2026-04-04,1,1,703.521739130435,0.477559028626093,1,1,655.25,0.271301902025183,1,1,4
"FluSight-baseline",2026-04-11,1,1,680.570869565217,0.518045167407448,1,1,618,0.283725784712756,1,1,4
"FluSight-baseline",2026-04-18,1,1,563.34402173913,0.585342217136886,1,1,176.5,0.102545533197123,1,1,4
"FluSight-baseline",2026-04-25,1,1,554.873695652174,0.628387647167127,1,1,187.5,0.118887790318835,1,1,4
"FluSight-baseline",2026-05-02,1,1,537.404565217391,0.637958326705203,1,1,186.75,0.128782321221256,1,1,4
"FluSight-baseline",2026-05-09,1,1,544.408152173913,0.646044039375451,1,1,268.25,0.197482461206144,1,1,4
"FluSight-baseline",2026-05-16,1,1,521.18902173913,0.657130408563223,1,1,210.5,0.17109934546819,1,1,4
"FluSight-baseline",2026-05-23,1,1,501.639673913043,0.729088579803014,1,1,164.75,0.153301855401495,1,1,4
"FluSight-baseline",2026-05-30,1,1,489.791956521739,0.735007259324964,1,1,151.75,0.158039025833902,1,1,4
"UMass-AR2",2023-10-21,0.529644818918265,0.323023879574447,260.591050573502,0.161054328378042,0.288206861353953,0.220099248572572,234.096023134748,0.110152342925494,1,1,4
"UMass-AR2",2023-10-28,0.436405738387849,0.249182315971,304.772710464363,0.13987607352164,0.284449979012764,0.200164397536412,347.811211837857,0.127590270975899,1,1,4
"UMass-AR2",2023-11-04,0.592919343714863,0.460921224547575,557.410018923182,0.227311141205785,0.699921868454334,0.613303592088201,1088.20352497938,0.38917312348676,0.25,1,4
"UMass-AR2",2023-11-11,0.487657190934921,0.355335224356809,668.159441091607,0.192462841898935,0.601169132205732,0.496572237159279,1291.76217282707,0.341657488069542,0,1,4
"UMass-AR2",2023-11-18,0.385991207818381,0.295206128239997,649.409626398624,0.132017021093093,0.455133100791052,0.348611576870493,1168.44045300583,0.214445448266062,0.75,1,4
"UMass-AR2",2023-11-25,0.548872704655098,0.444903831637849,1324.24300574395,0.210907851139913,0.675851753055759,0.570422122997323,2391.5014281878,0.371465858273009,0.25,1,4
"UMass-AR2",2023-12-02,0.685674423782534,0.581122515297875,2882.31738859967,0.336143607778442,0.807795837905255,0.711394796732372,4495.78773586169,0.54142995480714,0,0.75,4
"UMass-AR2",2023-12-09,0.612243207671319,0.509143387830996,3974.39872837407,0.315455398058382,0.758712153033236,0.638499089477052,6046.55650359838,0.497685673509271,0.25,0.5,4
"UMass-AR2",2023-12-16,0.770446722088797,0.708390623051254,6121.90592851481,0.460423103959417,0.885855954324163,0.825706510535419,8492.47957011717,0.664517003709928,0,0.25,4
"UMass-AR2",2023-12-23,0.511119903247345,0.460076934512464,3393.20004228641,0.214259962434963,0.620932659338518,0.543039972859661,5139.45962134491,0.323264509192262,0.25,0.5,4
"UMass-AR2",2023-12-30,1.45393959016367,1.26712337337623,3697.26319101587,0.185408197214942,1.92810204625378,1.69140102385149,6515.53883980309,0.334033199673329,0,1,4
"UMass-AR2",2024-01-06,2.03592846647819,1.72371433615646,7916.95362267871,0.39312740539114,2.20142373630554,1.85594286002939,12135.3483463843,0.591928812938282,0,0.25,4
"UMass-AR2",2024-01-13,0.230293487938856,0.30215767245012,952.867338094416,0.0785872101843774,0.199902729589088,0.253861062908946,1173.62892541754,0.0927686579105167,1,1,4
"UMass-AR2",2024-01-20,0.890320221826742,1.313419953866,1756.89966255486,0.186649827265759,1.06751619753893,1.49886742640248,3308.76645427191,0.334771675625091,0.25,1,4
"UMass-AR2",2024-01-27,3.77232258170817,5.0048137110362,2263.1380387714,0.247190944558883,4.43648192954683,5.73868094880869,3999.48845948647,0.426435163435946,0,1,4
"UMass-AR2",2024-02-03,1.58040147477541,1.91518159090346,903.595617800227,0.0935349490741176,1.80324750997147,2.04718820664362,1519.23602715096,0.147288475067649,1,1,4
"UMass-AR2",2024-02-10,3.79385415597925,4.58568043658021,1459.31736514196,0.162735359166421,8.43423256481099,10.0107185572981,2774.86251382282,0.294631884160122,0,1,4
"UMass-AR2",2024-02-17,1.8112067003889,2.05874384266994,818.430984574838,0.0892390824227309,2.31748737359978,2.44736062877899,1254.91941280428,0.127409823058663,1,1,4
"UMass-AR2",2024-02-24,0.952450295319548,0.999931173944443,760.980528743901,0.0856567958287407,0.798810169035522,0.78897282753753,987.129666385646,0.105094746122754,0.75,1,4
"UMass-AR2",2024-03-02,0.719701910967905,0.750203229991774,862.743540361089,0.107358655334261,0.543147274278649,0.52917634672251,1054.520433012,0.122578581382078,0.75,1,4
"UMass-AR2",2024-03-09,0.560515296692872,0.573396479305731,1179.25582790955,0.148958580224924,0.640085792528825,0.69434070266399,2100.76157107961,0.278579631489464,0.25,1,4
"UMass-AR2",2024-03-16,0.291855047575303,0.336009223013272,572.682247525349,0.091280205144941,0.237532222398099,0.278909683064714,736.646804712104,0.118719878637418,1,1,4
"UMass-AR2",2024-03-23,0.339646405183179,0.444871705025879,426.889008886274,0.0974061051673583,0.181191047825779,0.216437712414147,377.738036954793,0.0752956722777101,1,1,4
"UMass-AR2",2024-03-30,0.513953352847399,0.543813438921491,461.253959086599,0.116001068475073,0.386085411708785,0.428979602235601,579.321160269033,0.137707559628811,0.75,1,4
"UMass-AR2",2024-04-06,0.623668922050602,0.592074349158655,656.780991957079,0.168700065776488,0.625252649105212,0.697185168437032,1107.47875472761,0.305575197925937,0.5,1,4
"UMass-AR2",2024-04-13,0.657243609202768,0.660317720779878,868.029124156743,0.279585444633545,0.702691469779885,0.781895727406774,1544.86719631108,0.511411556906066,0.25,1,4
"UMass-AR2",2024-04-20,0.506653586222515,0.578272659718521,639.411515045418,0.310966148120129,0.540708295658867,0.672593680532581,1142.38145165327,0.568792027719676,0.25,1,4
"UMass-AR2",2024-04-27,0.452404036210124,0.541499766998555,416.982106090697,0.30045536848935,0.446790947731525,0.597281539438613,709.168931786863,0.535362250875693,0.5,1,4
"UMass-AR2",2024-05-04,0.808609251775549,0.786729368263356,711.60147157246,0.524377098913857,0.831645252349883,0.892593024092238,1245.38876539395,0.925799538944584,0,1,4
"UMass-AR2",2024-11-30,0.89295934157657,0.701966233779951,3668.07605934469,0.465015560029806,0.871282740684529,0.778425900202371,5020.7667931946,0.681714110170323,0,0.5,4
"UMass-AR2",2024-12-07,0.821858927667797,0.640989569906726,7513.86775799086,0.591771194827285,0.84131410440521,0.695641516760782,9361.72269676897,0.804868941262526,0,0,4
"UMass-AR2",2024-12-14,0.826213324490828,0.67968442314342,12793.7228516468,0.702579268253873,0.860638717965382,0.724610364632747,15137.9895699726,0.898779619751953,0,0,4
"UMass-AR2",2024-12-21,0.773049688494512,0.673035261722075,13969.471112719,0.648873605671199,0.836588885657959,0.723586203142162,16974.8067844428,0.828946323644273,0,0,4
"UMass-AR2",2024-12-28,0.703076105973139,0.631711441659211,13181.0013732247,0.528138740310778,0.804424662420772,0.711918588421969,16887.2869381993,0.696786615104059,0,0.25,4
"UMass-AR2",2025-01-04,0.864259297660891,0.648394935926775,7456.56721813326,0.174471612221033,1.14589892562114,0.849386170272532,12608.8988280722,0.297703369577076,0,1,4
"UMass-AR2",2025-01-11,1.26401880366479,1.26585904309632,6476.69811667718,0.158422364597809,1.31154615440429,1.28169008304209,9357.88181167464,0.227100846236249,0.5,0.75,4
"UMass-AR2",2025-01-18,1.96083676307021,2.64235984436857,25862.5511182018,0.864449095905649,1.86770125516977,2.62811987091467,29933.6480166059,1.07744061029786,0,0,4
"UMass-AR2",2025-02-01,0.900457096338328,0.92609544131307,9721.45402475808,0.226858449608852,1.07140729388147,1.09160861151525,14117.6660596526,0.333171207018814,0.25,0.5,4
"UMass-AR2",2025-02-08,0.925982291443003,0.871187205001938,5356.11709528915,0.118301619554844,1.18531556381779,1.15944469677952,9558.38470662667,0.217555330907266,0.25,1,4
"UMass-AR2",2025-02-15,0.29321541080395,0.308415686133949,2936.80013809493,0.0832534337993068,0.382169217659195,0.437257882138712,4875.0460827651,0.145475359997801,0.75,1,4
"UMass-AR2",2025-02-22,0.27448733161488,0.315518973542718,2702.68950631464,0.102174924629867,0.295852454686061,0.316343912160455,3814.72155072207,0.128999330567564,0.5,1,4
"UMass-AR2",2025-03-01,0.194026312149705,0.226567646271071,1823.10271605472,0.0869655125844473,0.17927913617547,0.192693985559157,2250.84955468303,0.0945904175860415,0.75,1,4
"UMass-AR2",2025-03-08,0.161994170329431,0.201588468748462,1360.67996462902,0.0882708839165626,0.142255816023128,0.167937066448529,1658.80950669169,0.0974024773408928,0.75,1,4
"UMass-AR2",2025-03-15,0.184134903862529,0.232363010967978,1165.26185280243,0.102478720460633,0.154618378580002,0.181687992377735,1457.31687271117,0.114455740328902,0.75,1,4
"UMass-AR2",2025-03-22,0.165547026317136,0.222826418663496,841.986301328915,0.103192579336613,0.132875745752774,0.188701268019929,1066.79292477615,0.133675779846306,0.75,1,4
"UMass-AR2",2025-03-29,0.187053039302763,0.276481251038651,638.26258402741,0.116402171394233,0.103735154785944,0.116078808459821,600.60061242192,0.0808997265120284,0.75,1,4
"UMass-AR2",2025-04-05,0.183170028089253,0.280456894605012,450.095527101813,0.116372798294826,0.0506056870217608,0.0580794929296044,217.528545663039,0.0392443096946571,1,1,4
"UMass-AR2",2025-04-12,0.306530890517012,0.428278868832928,456.332903217001,0.176189307516222,0.255834685196193,0.346433678131813,651.866777879899,0.191388040045732,0.75,1,4
"UMass-AR2",2025-04-19,0.575210040275395,0.671095662549934,535.124777979551,0.278177992948753,0.70965727262507,0.936668329451093,898.603521461494,0.354418843825727,0.5,1,4
"UMass-AR2",2025-05-03,0.427266883670808,0.400761800818614,303.286759151945,0.207786053764465,0.376847230716476,0.417830683058014,243.914370081239,0.116888266188009,0.75,1,4
"UMass-AR2",2025-05-10,0.46616493658042,0.407967480890491,291.797360815364,0.225187581058078,0.939626126869012,1.0754324495636,309.841715335057,0.174136234648431,0.75,1,4
"UMass-AR2",2025-05-17,0.462951743986617,0.29624710744712,273.980981233972,0.183771014136451,0.816449516800902,0.843619518824059,169.209162356987,0.0968206933647655,1,1,4
"UMass-AR2",2025-11-22,0.81655649659976,0.462325739327865,2207.01437202228,0.407928296434104,0.765744901740849,0.626612296540864,3584.06901259805,0.665428207315219,0,1,4
"UMass-AR2",2025-11-29,0.794479397158845,0.500009168079269,4350.91451831023,0.442492817064391,0.777740645396981,0.615475549217181,6194.50980542561,0.675306187693562,0,0.75,4
"UMass-AR2",2025-12-06,0.867560743384217,0.636259716760469,10273.8532020263,0.648868243520832,0.857599453210786,0.704996253783674,12632.4399457949,0.880577171798586,0,0,4
"UMass-AR2",2025-12-13,0.865614930263235,0.700567768035087,15804.5319434146,0.761853294588681,0.875107228645316,0.747624291315097,18714.8244150016,0.974155623738126,0,0,4
"UMass-AR2",2025-12-20,0.820660029898579,0.710681802501731,16367.7987414457,0.703910682713726,0.851276828477105,0.745780351096854,19793.2503581283,0.893803589109662,0,0.25,4
"UMass-AR2",2025-12-27,0.68122602085591,0.594612102951206,7973.46579202318,0.251892387457241,0.869223553678651,0.740752497681192,12121.3224560488,0.38570161585887,0,0.75,4
"UMass-AR2",2026-01-03,3.02351379163257,2.29438903781538,23187.2651545403,0.654297623505045,2.84765361480394,2.06489742346094,30654.9911633644,0.809622957357704,0,0.25,4
"UMass-AR2",2026-01-10,0.661456296716159,0.683258291178814,9824.26864667095,0.38594113177066,0.785517170671013,0.836183319855705,14525.5871407557,0.563917037902284,0,0.25,4
"UMass-AR2",2026-01-17,0.580826767714539,1.06533593054269,3768.96292529582,0.325893730157241,0.64455739966239,1.17204236337195,6309.57238529514,0.534904051659679,0,1,4
"UMass-AR2",2026-01-24,9.00074919227969,14.9177852687498,8529.64117447504,0.897706996418122,10.7606487277588,19.9987881638957,10620.7602942979,1.1829049543764,0,0,4
"UMass-AR2",2026-01-31,4.34082861324088,5.07174186399951,6497.83730871356,0.603423088097446,4.06691507401253,5.80467039056491,8823.17225307017,0.854746508917967,0,0,4
"UMass-AR2",2026-02-07,1.84893992937183,1.93546013435517,2446.47531145293,0.198887703529674,2.24052216598879,2.49497193244023,4111.91830513093,0.326540137143862,0.25,0.75,4
"UMass-AR2",2026-02-14,0.957288296759166,0.939084670876064,1567.89297199779,0.127285238301235,0.74652601195864,0.71070718413837,1941.15426259545,0.144684907205299,0.5,0.75,4
"UMass-AR2",2026-02-21,0.533484985199552,0.547786605986783,1073.99718539165,0.100664165778592,0.318547349133358,0.321773657354001,1097.07707041529,0.0973865156080675,0.75,1,4
"UMass-AR2",2026-02-28,0.264037642413007,0.3184652565592,687.078379990458,0.0845390453398684,0.121812034182241,0.159196268288351,543.494843512615,0.070108376060162,1,1,4
"UMass-AR2",2026-03-07,0.476309886783387,0.536228092421258,981.350475300666,0.169009884449091,0.453993453331045,0.521900827762402,1602.14289680526,0.258370345140671,0.5,1,4
"UMass-AR2",2026-03-14,0.362222391019792,0.409531172439778,774.556123749225,0.163180161453624,0.33014133186457,0.439550416940423,1219.70715057366,0.278950286089603,0.25,1,4
"UMass-AR2",2026-03-21,0.31008592820832,0.347873005716558,622.242017037352,0.168201800044068,0.304184613060158,0.402799078786561,1057.04153038405,0.299109258781315,0.75,1,4
"UMass-AR2",2026-03-28,0.245138901577166,0.303642086912613,402.943259156279,0.158151591885979,0.166752901450695,0.227917249642943,468.367211949639,0.171880315135201,0.75,1,4
"UMass-AR2",2026-04-04,1.41162372790246,2.63127050237144,993.107980051725,1.256586985165,2.51925799218631,6.0407452576264,1650.74379938008,1.63886567804364,0,0.75,4
"UMass-AR2",2026-04-11,0.464713716780929,0.322317367212658,316.270618328481,0.166974954456009,0.434318400247305,0.477715685004415,268.408771352835,0.135540257597469,1,1,4
"UMass-AR2",2026-04-18,0.585560119581431,0.524399726856172,329.871792735049,0.306953298783969,2.4470632848242,2.74142648597404,431.906669771472,0.281121040724922,0.5,1,4
"UMass-AR2",2026-04-25,0.547949382907573,0.341433690356094,304.042699124253,0.214552713346455,1.62459122673787,1.60721539182829,304.610855013351,0.191078286500887,0.75,1,4
"UMass-AR2",2026-05-02,0.594882947117785,0.321804274795378,319.692811551074,0.205297716675041,2.09746523120049,1.91564715804301,391.701631926691,0.246701487653681,1,1,4
"UMass-AR2",2026-05-09,0.558084423563805,0.339961030629203,303.825709789415,0.219629797457932,1.35901058377449,1.28527216540457,364.554589097508,0.253818710543845,1,1,4
"UMass-AR2",2026-05-16,0.525968663760741,0.355293510367773,274.129093330898,0.233474169627837,1.2992571205928,1.24086957060981,273.493623884785,0.212311971342733,1,1,4
"UMass-AR2",2026-05-23,0.510690970568679,0.357553917726496,256.182851946408,0.260688478078215,1.53869574582953,1.45590448231204,253.500124125414,0.22319285842579,1,1,4
"UMass-AR2",2026-05-30,0.554740156237308,0.365453854234736,271.707266484647,0.268611235810818,2.06538161185069,1.82292628751884,313.421659598343,0.28809349464649,1,1,4
"UMass-AR6_fourierP_thetaP",2023-10-21,5.37031828864209,1.46720390069463,2642.25540355431,0.731523437621144,4.32485084568218,1.85978328065555,3512.86009940535,0.930759586988428,0,0.25,4
"UMass-AR6_fourierP_thetaP",2023-10-28,3.46820806181731,1.04814470429352,2422.09274185806,0.588365852318912,2.73827785178177,1.23314785139265,3348.22924326616,0.786042225535715,0,0.25,4
"UMass-AR6_fourierP_thetaP",2023-11-04,1.80880525864555,0.712037881123345,1700.47778696665,0.351153591372945,1.67523914527522,0.845869387344006,2604.57806111665,0.536748252873688,0,0.5,4
"UMass-AR6_fourierP_thetaP",2023-11-11,0.947045369607522,0.410109972648603,1297.58633033221,0.22213089335547,0.999186434070868,0.538249803415269,2147.00185020978,0.370332978824588,0.25,1,4
"UMass-AR6_fourierP_thetaP",2023-11-18,0.754803661917432,0.409793963608298,1269.91691562248,0.183261027337199,0.855269567065698,0.521458829494641,2195.69079604941,0.320770966492648,0,1,4
"UMass-AR6_fourierP_thetaP",2023-11-25,0.248677801266022,0.161265011141116,599.974887104735,0.0764481097827733,0.295655986892568,0.214507039660578,1046.17870961935,0.139689605961326,0.25,1,4
"UMass-AR6_fourierP_thetaP",2023-12-02,0.212682627554251,0.138680919366595,894.037774182909,0.0802183762266094,0.23938168812423,0.144008953355462,1332.2787852554,0.109602658699799,0.75,1,4
"UMass-AR6_fourierP_thetaP",2023-12-09,0.384557319860804,0.268356379861102,2496.36762628199,0.166268423893762,0.450374347018636,0.308459855820085,3589.25835856502,0.240432686004495,0.5,0.75,4
"UMass-AR6_fourierP_thetaP",2023-12-16,0.561808974578466,0.456860409521595,4464.08764364675,0.296939401769699,0.632758619456415,0.518706567811799,6066.09869507378,0.417447761218993,0,0.25,4
"UMass-AR6_fourierP_thetaP",2023-12-23,0.530710836468715,0.465539492029666,3523.25945694202,0.216803900808389,0.585135635025614,0.508993395091985,4843.16765110701,0.302997032023342,0.25,0.5,4
"UMass-AR6_fourierP_thetaP",2023-12-30,0.902026855280963,0.882592290347719,2293.78903490941,0.129142788198407,1.08485141829193,1.05810953736614,3665.98415526301,0.208965058780946,0.25,0.75,4
"UMass-AR6_fourierP_thetaP",2024-01-06,1.51194058932398,1.41024843632711,5879.36350564881,0.321635260031781,1.53762493890795,1.41279035903072,8476.15747573007,0.450591092086996,0,0.25,4
"UMass-AR6_fourierP_thetaP",2024-01-13,0.544002392532056,0.55475578974658,2250.87611607429,0.144284636217575,0.643864734253529,0.670280823217034,3780.12985480247,0.244941274886663,0,1,4
"UMass-AR6_fourierP_thetaP",2024-01-20,0.50553135254295,0.666115346766894,997.582488771606,0.0946615087178711,0.555147160077157,0.724625928644279,1720.67862265915,0.161845025157344,0.5,1,4
"UMass-AR6_fourierP_thetaP",2024-01-27,4.43790849279754,5.84657640281987,2662.44450337777,0.288766141337457,4.57101556274185,6.07504405296897,4120.77052981178,0.451429941256133,0,0.5,4
"UMass-AR6_fourierP_thetaP",2024-02-03,4.0857441614059,5.35609567561105,2336.02700239436,0.261584665722507,4.38746517938795,5.7812731123764,3696.43941363435,0.415943633276193,0,0.75,4
"UMass-AR6_fourierP_thetaP",2024-02-10,6.79357842963957,8.51656649265879,2613.17029232715,0.30223355644056,12.1269695383713,15.8541690978605,3989.77297812415,0.4666142281755,0,0.5,4
"UMass-AR6_fourierP_thetaP",2024-02-17,4.2147515371905,5.19106043869361,1904.52213410014,0.225013651892304,5.87260612683458,7.19731331326548,3180.01621768093,0.374692803732165,0,1,4
"UMass-AR6_fourierP_thetaP",2024-02-24,1.58127104471377,1.80389162025643,1263.39031192173,0.154526211643109,1.83128897367433,2.0462547701989,2263.01534921806,0.27257038274401,0,1,4
"UMass-AR6_fourierP_thetaP",2024-03-02,0.825725034414982,0.900808554550844,989.838888433537,0.128911195345344,0.8632798792309,0.920669465010559,1676.05788552679,0.213264174866776,0.5,1,4
"UMass-AR6_fourierP_thetaP",2024-03-09,0.226254402577452,0.257835420608343,476.011670696385,0.0669812242865842,0.192181181114994,0.227861936378261,630.73863641941,0.0914215370396487,1,1,4
"UMass-AR6_fourierP_thetaP",2024-03-16,0.210659328538234,0.246245720617964,413.358818809978,0.0668950682141951,0.146704092380702,0.166389761337052,454.966066495651,0.0708249783778943,1,1,4
"UMass-AR6_fourierP_thetaP",2024-03-23,0.255146578326502,0.311069224223362,320.684300732645,0.0681096172822832,0.115693952146984,0.139659908973451,241.192966738425,0.0485857414546969,1,1,4
"UMass-AR6_fourierP_thetaP",2024-03-30,0.409313060620276,0.424127386926895,367.343200839109,0.0904707874646021,0.374275469540282,0.411299402103316,561.600342045193,0.132032004890829,0.75,1,4
"UMass-AR6_fourierP_thetaP",2024-04-06,0.397756685632184,0.412505938572097,418.874536329501,0.117535541050195,0.373119474518966,0.449084879056992,660.887869241719,0.196833218800437,0.5,1,4
"UMass-AR6_fourierP_thetaP",2024-04-13,0.557413363683676,0.608235290231783,736.182181304909,0.257533197595276,0.570640626820811,0.671924591405927,1254.55341806555,0.439483155323097,0.25,1,4
"UMass-AR6_fourierP_thetaP",2024-04-20,0.647821957224271,0.738679059737184,817.570092095503,0.397224696763774,0.647985758176033,0.757661855854195,1369.03191058641,0.640731597382715,0,0.75,4
"UMass-AR6_fourierP_thetaP",2024-04-27,0.675530589885692,0.753518696141769,622.638494693702,0.418095724708767,0.648895928669178,0.765049447043235,1029.96006278015,0.685737909102689,0.25,1,4
"UMass-AR6_fourierP_thetaP",2024-05-04,0.796823633813211,0.818295354002793,701.229758576381,0.545416710111974,0.782148629995866,0.859317699608477,1171.26757341881,0.891286295804883,0,1,4
"UMass-AR6_fourierP_thetaP",2024-11-30,0.447625471661349,0.265392342820248,1838.7447218537,0.175808412122094,0.458185466861588,0.293031110654883,2640.2937527899,0.256624866670522,0.5,0.75,4
"UMass-AR6_fourierP_thetaP",2024-12-07,0.692716201076993,0.469523494405137,6333.1768427467,0.433471139513302,0.689518929572781,0.49318312750083,7672.62188882112,0.570621177885559,0,0.5,4
"UMass-AR6_fourierP_thetaP",2024-12-14,0.790625620086427,0.612796327500153,12242.6554534579,0.633438079061097,0.787206790100259,0.6176370469941,13846.377032771,0.766093913828332,0,0,4
"UMass-AR6_fourierP_thetaP",2024-12-21,0.782977625990057,0.665627068854109,14148.8748924721,0.641731363516686,0.79352698912918,0.667484198168232,16101.0593729256,0.764675403924878,0,0,4
"UMass-AR6_fourierP_thetaP",2024-12-28,0.773053410984135,0.691024742257637,14492.9090680081,0.577727286276399,0.799951391162044,0.707739640514594,16793.3795546648,0.692696491578095,0,0,4
"UMass-AR6_fourierP_thetaP",2025-01-04,0.413832948433188,0.375402203561869,3570.42522472359,0.101014095048645,0.458572437086402,0.406654789234846,5045.90181148023,0.142529399755856,0.5,0.75,4
"UMass-AR6_fourierP_thetaP",2025-01-11,1.06711569827737,1.09238823618525,5467.78751492572,0.136712478675345,1.16367960864199,1.15915847610741,8302.85400766062,0.205389644758037,0.25,0.75,4
"UMass-AR6_fourierP_thetaP",2025-01-18,1.31217179460386,1.43732757944807,17306.9532114795,0.470222301183603,1.29446166265045,1.44034060999931,20746.3370672987,0.590491127535345,0,0.25,4
"UMass-AR6_fourierP_thetaP",2025-02-01,1.68626582679112,1.94935657975213,18205.1491129692,0.477518829798327,1.66094934514654,1.96081943929063,21885.9142836597,0.598464112909106,0,0,4
"UMass-AR6_fourierP_thetaP",2025-02-08,0.836915196832296,0.847940023916766,4840.93036603893,0.115144801873557,0.956552926600482,0.98899981625365,7713.64280010629,0.185573475724995,0.25,0.75,4
"UMass-AR6_fourierP_thetaP",2025-02-15,0.177693729081499,0.185931609939728,1779.75286726682,0.050190200029556,0.183428903207588,0.18933867377997,2339.86494654179,0.0629928306721967,0.75,1,4
"UMass-AR6_fourierP_thetaP",2025-02-22,0.153960399461863,0.166434716145121,1515.94302573281,0.0538967732652649,0.143927289873992,0.140999520623747,1855.79847563525,0.0574970564364299,0.75,1,4
"UMass-AR6_fourierP_thetaP",2025-03-01,0.121556732801607,0.138234123920635,1142.16678794761,0.0530596563157876,0.0952307049980007,0.0920141710856354,1195.6215012499,0.0451682954274237,0.75,1,4
"UMass-AR6_fourierP_thetaP",2025-03-08,0.100523708980013,0.124231859250425,844.355056118038,0.0543982306860826,0.0779280657089323,0.0852193645964141,908.699692215432,0.0494267132601816,0.75,1,4
"UMass-AR6_fourierP_thetaP",2025-03-15,0.128985668923049,0.159719199615351,816.260667594258,0.0704407260923005,0.118045706377353,0.125049356019694,1112.61029403315,0.0787757981888539,0.75,1,4
"UMass-AR6_fourierP_thetaP",2025-03-22,0.112081423711439,0.149126939050437,570.055684465683,0.0690617996801717,0.0785952376288207,0.0894819344330417,631.001865302987,0.0633889082622887,0.75,1,4
"UMass-AR6_fourierP_thetaP",2025-03-29,0.130021118847691,0.184983748287259,443.658203059393,0.0778805430472791,0.0823651348923678,0.0953530516265681,476.873539743087,0.0664551600850278,0.75,1,4
"UMass-AR6_fourierP_thetaP",2025-04-05,0.130265561199025,0.191897569135012,320.095744062011,0.0796259872222697,0.063379406457541,0.0925632696474427,272.43637865774,0.0625449954392197,1,1,4
"UMass-AR6_fourierP_thetaP",2025-04-12,0.244769335680319,0.311745052454444,364.38840268628,0.128248552311797,0.251578627123401,0.363425586379817,641.022341910427,0.200775256767153,0.75,1,4
"UMass-AR6_fourierP_thetaP",2025-04-19,0.511106848104728,0.521927518041487,475.488811851969,0.216345831951644,0.699257685299434,0.953872613304948,885.435044010409,0.360928642652709,0.25,1,4
"UMass-AR6_fourierP_thetaP",2025-05-03,0.332540250288979,0.280540448926073,236.046973571267,0.145453964635825,0.516550511647898,0.61527216409742,334.337318664102,0.17212258316871,0.75,1,4
"UMass-AR6_fourierP_thetaP",2025-05-10,0.346769425735655,0.261316813145328,217.061377424442,0.144240175500159,0.876401003435704,1.00216133154548,288.993230882923,0.162272024483178,1,1,4
"UMass-AR6_fourierP_thetaP",2025-05-17,0.324708383686408,0.207161682476256,192.166727381139,0.128508638639352,0.800451953220852,0.842640770146525,165.893667305022,0.0967083641411355,1,1,4
"UMass-AR6_fourierP_thetaP",2025-11-22,0.293653321660955,0.136525888949172,793.69535849211,0.120462194856713,0.317359040580676,0.205276713395902,1485.39898943785,0.217992714398778,0,1,4
"UMass-AR6_fourierP_thetaP",2025-11-29,0.496942152103076,0.248513942008965,2721.47123270625,0.219927235937982,0.493227151150826,0.309879543409102,3928.43095212854,0.340003064898327,0,0.75,4
"UMass-AR6_fourierP_thetaP",2025-12-06,0.695461044934862,0.425517518785314,8235.80912100382,0.433949844266997,0.674739321206629,0.457633374303861,9938.91020137364,0.571608005435999,0,0.5,4
"UMass-AR6_fourierP_thetaP",2025-12-13,0.750434920777316,0.54266975175033,13701.557427241,0.590142391797712,0.738888264112165,0.555898468496366,15801.6796942367,0.724336576010088,0,0.25,4
"UMass-AR6_fourierP_thetaP",2025-12-20,0.731190228021099,0.594463678076458,14583.3524942603,0.588799842644477,0.733511237870952,0.596913596892368,17055.053169547,0.715389611037725,0,0,4
"UMass-AR6_fourierP_thetaP",2025-12-27,0.739445919991666,0.672924254420599,8654.90537295807,0.285067350937857,0.770056971014695,0.694548161683099,10738.4444607999,0.361643530182565,0.25,0.25,4
"UMass-AR6_fourierP_thetaP",2026-01-03,2.05424453299286,1.79804737754455,15753.9591221943,0.512754422500662,1.86160375820839,1.57393258275651,20040.1644571134,0.617121188614373,0.25,0.25,4
"UMass-AR6_fourierP_thetaP",2026-01-10,1.31877274415979,1.22197406285813,19587.0502508692,0.690236853182119,1.30886872133633,1.20169220316969,24203.273177771,0.810414046286714,0,0,4
"UMass-AR6_fourierP_thetaP",2026-01-17,0.677141846776605,0.70959336871582,4393.94783010701,0.217069586405332,0.726068572099112,0.767411434109666,7107.4852522782,0.350236047965233,0,0.75,4
"UMass-AR6_fourierP_thetaP",2026-01-24,1.62494188026468,1.80826150202258,1539.89083263457,0.108815683593444,2.91490419620724,3.33501777185375,2877.01044165655,0.197262404748162,0.25,1,4
"UMass-AR6_fourierP_thetaP",2026-01-31,2.27776862170566,2.23830321654502,3409.61858885415,0.266307685849166,2.4973842870955,2.89581025372617,5418.0752108537,0.426412446929724,0,0.75,4
"UMass-AR6_fourierP_thetaP",2026-02-07,1.63286322814818,1.65144219384039,2160.56752909277,0.169702046358269,1.99907876726418,2.18790508086301,3668.80930762159,0.286351447835326,0.25,1,4
"UMass-AR6_fourierP_thetaP",2026-02-14,0.987310491922564,0.980131073936449,1617.06477213365,0.132848742165137,0.984570246092179,1.01263320326908,2560.12878240119,0.206150640260682,0.5,0.75,4
"UMass-AR6_fourierP_thetaP",2026-02-21,0.419107655847409,0.427499637619695,843.735916181109,0.0785595958742287,0.27816857408474,0.266682678980258,958.012569147846,0.0807129368279509,0.75,1,4
"UMass-AR6_fourierP_thetaP",2026-02-28,0.223806666197993,0.258687056579516,582.389390531866,0.0686704635893226,0.143086174580627,0.191456771937008,638.414739435115,0.0843155653743839,1,1,4
"UMass-AR6_fourierP_thetaP",2026-03-07,0.320948996422998,0.361454581988225,661.257426995667,0.113924275879662,0.276552768472077,0.348714572445918,975.954719937959,0.172633380990633,0.5,1,4
"UMass-AR6_fourierP_thetaP",2026-03-14,0.305237571626996,0.358918542472579,652.702969676753,0.143013254303584,0.276282049846068,0.380134231488315,1020.7240331563,0.241243207921902,0.5,1,4
"UMass-AR6_fourierP_thetaP",2026-03-21,0.305916034495396,0.3424180562369,613.874391038478,0.165564250402244,0.306096150816297,0.409259598740073,1063.68412408663,0.303906691140044,0.25,1,4
"UMass-AR6_fourierP_thetaP",2026-03-28,0.25795875836199,0.272124359148481,424.015699481168,0.141735623766379,0.253508586338151,0.326273762017269,712.042241877282,0.2460543777346,0.75,1,4
"UMass-AR6_fourierP_thetaP",2026-04-04,0.618398775418748,0.610898339605871,435.056981958729,0.291740017651473,1.23215002906214,1.68452318147533,807.366306542966,0.457014343139768,0,1,4
"UMass-AR6_fourierP_thetaP",2026-04-11,0.30836661856492,0.271527232337305,209.865337741613,0.14066337053186,0.362342475075299,0.441704406948302,223.927649596535,0.125322929472489,1,1,4
"UMass-AR6_fourierP_thetaP",2026-04-18,0.435354617285996,0.340578923638078,245.254420984593,0.199355222272407,2.21234453246467,2.46282444481852,390.478809980015,0.252551645864823,0.5,1,4
"UMass-AR6_fourierP_thetaP",2026-04-25,0.404941779179616,0.293649906747302,224.69154153736,0.184525973991783,1.3720623618754,1.42341771037955,257.261692851638,0.169226986287721,0.75,1,4
"UMass-AR6_fourierP_thetaP",2026-05-02,0.372374737087057,0.230155469502729,200.11588368221,0.146829598206011,1.046689029576,1.04800383831074,195.469176273317,0.134964366946443,1,1,4
"UMass-AR6_fourierP_thetaP",2026-05-09,0.433532951189546,0.257870640938252,236.018872863604,0.166595790508085,1.1298327515589,1.1032812560523,303.077635605676,0.217878697847815,1,1,4
"UMass-AR6_fourierP_thetaP",2026-05-16,0.455237076705238,0.270259821436929,237.264566667384,0.177595946879073,1.50132818528147,1.40866975492679,316.029583001749,0.241022473048809,1,1,4
"UMass-AR6_fourierP_thetaP",2026-05-23,0.486286645618014,0.274553202753206,243.940674336088,0.200173604675704,2.19566568507231,1.95776331682391,361.735921615663,0.300128748906091,0.75,1,4
"UMass-AR6_fourierP_thetaP",2026-05-30,0.537022350603307,0.309069286974102,263.029227797897,0.227168169560355,2.716649687718,2.30349747022504,412.251590111206,0.364042496205225,0.75,1,4
"UMass-AR6_pooled",2023-10-21,0.406183602840735,0.206426876300057,199.846780350232,0.102921003752048,0.182675877923401,0.132628721834293,148.378481843282,0.0663762577292213,1,1,4
"UMass-AR6_pooled",2023-10-28,0.360551197830239,0.192196521112312,251.798168900874,0.10788765090713,0.27715641922804,0.195689494109815,338.893011611086,0.12473784493102,1,1,4
"UMass-AR6_pooled",2023-11-04,0.503354404998555,0.346993263985151,473.209031531009,0.171125629774603,0.569855125879212,0.471086499825332,885.982256960704,0.298928959384121,0.25,1,4
"UMass-AR6_pooled",2023-11-11,0.568044912618021,0.396469520817993,778.302008839727,0.214742714688814,0.648535342439178,0.548479034760892,1393.54031706618,0.377371015236814,0,1,4
"UMass-AR6_pooled",2023-11-18,0.537558008192515,0.412334194145291,904.412686602303,0.184397025666173,0.618720514439874,0.518161574683583,1588.41024069577,0.31874268822274,0.25,1,4
"UMass-AR6_pooled",2023-11-25,0.660701103521876,0.523705994229196,1594.04686697973,0.248264227047341,0.714726196161853,0.617015875111564,2529.05864511872,0.40180827912501,0,0.75,4
"UMass-AR6_pooled",2023-12-02,0.810759642627583,0.67459953247217,3408.12860282724,0.390214308827134,0.823550076727026,0.733553928064151,4583.46795202427,0.558294876409939,0,0.5,4
"UMass-AR6_pooled",2023-12-09,0.842573451218516,0.730158155375068,5469.59576051741,0.452391874380724,0.861027454753959,0.778985731600133,6861.95830066167,0.607189649719083,0,0.25,4
"UMass-AR6_pooled",2023-12-16,0.897180399513645,0.826141895789575,7128.9212469345,0.536956311380807,0.910415005458391,0.861246462987447,8727.92105357823,0.69311905833113,0,0,4
"UMass-AR6_pooled",2023-12-23,0.809180994862687,0.765009231340142,5371.95473809734,0.356268347473303,0.866044806809884,0.823225360569409,7168.25286596541,0.490055162491448,0,0.25,4
"UMass-AR6_pooled",2023-12-30,0.795638621735329,0.778122906972415,2023.25145377016,0.113856604987878,0.971801785266159,0.960175378581534,3283.96118286067,0.189624133740208,0.5,0.75,4
"UMass-AR6_pooled",2024-01-06,1.56715467524923,1.43750160249992,6094.07014430837,0.327850887692045,1.64843096679655,1.49246972975333,9086.97570446597,0.476003790044064,0,0.25,4
"UMass-AR6_pooled",2024-01-13,0.676915368519978,0.67779003866525,2800.81973263649,0.176284215448,0.806677176118693,0.824677782978973,4736.00170099285,0.301362683425854,0,1,4
"UMass-AR6_pooled",2024-01-20,0.430925915342626,0.553301084555505,850.361001234153,0.0786294981694626,0.441894109270762,0.558403741991407,1369.65079168473,0.124719340142353,0.75,1,4
"UMass-AR6_pooled",2024-01-27,3.79024602824422,4.94932065653963,2273.89089268646,0.244450107167231,4.19651990011915,5.44353944974015,3783.16268995741,0.404503518426451,0,1,4
"UMass-AR6_pooled",2024-02-03,3.33063766685107,4.29499261563545,1904.29435069635,0.209761788378334,3.90153734577963,4.96642692732581,3287.04521381934,0.357318123603313,0,1,4
"UMass-AR6_pooled",2024-02-10,5.41686143756052,6.61494829861129,2083.61197752989,0.234749455861475,10.7210234381673,13.4236082223494,3527.21671115704,0.395078830769322,0,1,4
"UMass-AR6_pooled",2024-02-17,2.8434685530342,3.35332842426379,1284.87972519519,0.145354631033298,4.45510293559616,5.09534989040441,2412.43823962532,0.265264391493579,0,1,4
"UMass-AR6_pooled",2024-02-24,1.01195599629436,1.08353949078531,808.523880889008,0.0928189092939826,1.03173653814304,1.01779002878339,1274.96842701027,0.135574231390336,0.5,1,4
"UMass-AR6_pooled",2024-03-02,0.628027478164073,0.644284203992278,752.848702633891,0.0922009970477918,0.51949659837457,0.500399889902823,1008.60264574423,0.11591279354782,0.5,1,4
"UMass-AR6_pooled",2024-03-09,0.415790666696306,0.446412180984426,874.77285595059,0.115970235385935,0.454107018422506,0.519033965821198,1490.37923446267,0.208244008127745,0.25,1,4
"UMass-AR6_pooled",2024-03-16,0.351671591548333,0.380568159060829,690.055145908529,0.103385077704646,0.394343663775992,0.446810225974238,1222.9582872853,0.19018793187367,0.5,1,4
"UMass-AR6_pooled",2024-03-23,0.290185358009418,0.323386514193331,364.723247422976,0.0708065279390799,0.116153012531743,0.143012248649662,242.149992875551,0.0497519738400243,1,1,4
"UMass-AR6_pooled",2024-03-30,0.4222593061736,0.429657230920435,378.961973211532,0.0916503607627966,0.3261399116751,0.372332038155122,489.372937468487,0.11952301712892,1,1,4
"UMass-AR6_pooled",2024-04-06,0.459315220916795,0.465481962263907,483.701361008719,0.132630028244387,0.449013468175294,0.529172783691807,795.315105505489,0.23193562547544,0.5,1,4
"UMass-AR6_pooled",2024-04-13,0.596624575090703,0.63358850245345,787.968875033362,0.268268013410171,0.622532557461751,0.716457949785155,1368.63782757966,0.468610919223933,0.25,1,4
"UMass-AR6_pooled",2024-04-20,0.671755234763832,0.745692643071515,847.774582239687,0.400996251509346,0.683732851142652,0.785196142042417,1444.55658125164,0.664016506126448,0,1,4
"UMass-AR6_pooled",2024-04-27,0.689314964777527,0.752484300279842,635.343592821676,0.417521782098262,0.672662733360184,0.78287065423392,1067.68392352595,0.701711618258165,0.25,1,4
"UMass-AR6_pooled",2024-05-04,0.817374190097138,0.821646481147179,719.314891860676,0.547650329957569,0.812681519765773,0.880307608892972,1216.99057584925,0.913057078024289,0,1,4
"UMass-AR6_pooled",2024-11-30,0.903918296665963,0.675056951400454,3713.09298108703,0.447189581494741,0.820093173434406,0.701743891281564,4725.78691191576,0.614559089424057,0,0.5,4
"UMass-AR6_pooled",2024-12-07,0.941123292315597,0.774865487917673,8604.24547858988,0.71536745236306,0.884463160665551,0.76838027438928,9841.86382030592,0.889028907898521,0,0,4
"UMass-AR6_pooled",2024-12-14,0.936295494816929,0.823038268549293,14498.3198804201,0.850761919462556,0.910278654913869,0.81218062972273,16011.1188309438,1.00739850432869,0,0,4
"UMass-AR6_pooled",2024-12-21,0.904538776931842,0.828801463265169,16345.5577341885,0.799047872288913,0.901568459381944,0.823151105114201,18293.2748250893,0.943008696717892,0,0,4
"UMass-AR6_pooled",2024-12-28,0.862519156317562,0.80313435105938,16170.1785727998,0.671455883962981,0.885299651271907,0.821132332435417,18585.0955791511,0.803678998940603,0,0,4
"UMass-AR6_pooled",2025-01-04,0.388407191567867,0.351640388709347,3351.05950236307,0.0946202108325517,0.437019038939953,0.386928103644449,4808.73899497577,0.135615347024147,0.75,0.75,4
"UMass-AR6_pooled",2025-01-11,1.05294671614156,1.07814561705563,5395.18715514612,0.134930013705895,1.19822104929659,1.18120546842347,8549.30718673114,0.209296120027049,0.25,0.5,4
"UMass-AR6_pooled",2025-01-18,1.18460398735283,1.26448720786683,15624.3914612086,0.413677503446146,1.22696072400675,1.33022370992545,19664.4995236561,0.545346908151471,0,0.25,4
"UMass-AR6_pooled",2025-02-01,1.41632272357867,1.56631832520148,15290.8076325681,0.383688906129731,1.48749872349638,1.67553001630328,19600.398804831,0.511390577208011,0,0.25,4
"UMass-AR6_pooled",2025-02-08,0.596177093937809,0.57461470395312,3448.43994768409,0.0780289812653182,0.610799695677123,0.584718807970308,4925.48874594032,0.109715188752873,0.5,0.75,4
"UMass-AR6_pooled",2025-02-15,0.283689247776649,0.305573584299096,2841.3875647333,0.0824862395624478,0.388947847660059,0.44382814765221,4961.51598171363,0.147661282264501,0.25,1,4
"UMass-AR6_pooled",2025-02-22,0.20018773200604,0.223672765893354,1971.11203421499,0.0724322462776177,0.248833471364735,0.302597406909522,3208.45877977689,0.12339375414631,0.5,1,4
"UMass-AR6_pooled",2025-03-01,0.15151779017011,0.176151102752641,1423.68574514061,0.0676136738644094,0.183649609686214,0.23263733852883,2305.72084961042,0.114197975269922,1,1,4
"UMass-AR6_pooled",2025-03-08,0.114219412629384,0.143090840777962,959.392958527115,0.0626561383905107,0.102976263797028,0.145564263289173,1200.7804680712,0.0844263875540121,1,1,4
"UMass-AR6_pooled",2025-03-15,0.126273856790094,0.158844127835039,799.099493019457,0.0700547944589307,0.102295055432584,0.116626408543558,964.156471215965,0.0734696980084508,0.75,1,4
"UMass-AR6_pooled",2025-03-22,0.118524476190659,0.159422778162299,602.825599135454,0.0738298796985123,0.0845003107064396,0.104841060670054,678.41074450665,0.0742692971384971,0.75,1,4
"UMass-AR6_pooled",2025-03-29,0.136938205690709,0.19806692136726,467.260694303712,0.0833887275969279,0.0794679973736323,0.0903433280316713,460.099837793988,0.0629636936054396,0.75,1,4
"UMass-AR6_pooled",2025-04-05,0.140566819635297,0.211661805289137,345.408566219937,0.0878269603901948,0.0672445161085581,0.0995614437961454,289.050552492637,0.0672736612683396,1,1,4
"UMass-AR6_pooled",2025-04-12,0.265748504346948,0.358269231483461,395.620116164079,0.147388097786502,0.275051756205973,0.406293813537821,700.831874812819,0.224457902231212,0.75,1,4
"UMass-AR6_pooled",2025-04-19,0.554944989903128,0.607054397280818,516.271959318716,0.251632044833441,0.762888096684367,1.0744922455457,966.007052426579,0.406568992878391,0.25,1,4
"UMass-AR6_pooled",2025-05-03,0.357089074186339,0.316773993416047,253.47245990163,0.164240249177147,0.540728018403393,0.646775849817788,349.986209911596,0.180935749246976,0.75,1,4
"UMass-AR6_pooled",2025-05-10,0.367272078272187,0.285287173680078,229.895075179062,0.15747119943895,0.832630777332487,0.943951908279106,274.559998825388,0.152846634917541,1,1,4
"UMass-AR6_pooled",2025-05-17,0.355967414159461,0.218597618976968,210.666236137018,0.13560269490355,0.851454344660385,0.890948696584049,176.463912930865,0.102252577887179,1,1,4
"UMass-AR6_pooled",2025-11-22,0.937126743303016,0.510292757515474,2532.89539607932,0.450251494884491,0.774355875404595,0.640618933317535,3624.37267483121,0.680302494417894,0,0.5,4
"UMass-AR6_pooled",2025-11-29,0.93513780594536,0.599949587946253,5121.22110536613,0.530937031188338,0.814054429716115,0.670045629421696,6483.74001908143,0.735181048477088,0,0.25,4
"UMass-AR6_pooled",2025-12-06,0.944671037099836,0.71222068666893,11187.0109769033,0.726334504266673,0.871413379248272,0.731308254445309,12835.919076327,0.913442235978195,0,0,4
"UMass-AR6_pooled",2025-12-13,0.926802688802543,0.765889071368395,16921.7075495313,0.83288889231663,0.886818416173697,0.769425248449161,18965.2769436866,1.0025623050642,0,0,4
"UMass-AR6_pooled",2025-12-20,0.893432905318881,0.787361130325802,17819.2301933504,0.779859437569511,0.873598030672478,0.780307828413009,20312.2462106734,0.935184115028176,0,0,4
"UMass-AR6_pooled",2025-12-27,0.744907248827994,0.680944418460997,8718.82794391439,0.288464890708588,0.809127553172743,0.743960700085375,11283.2837289939,0.387372091294551,0.25,0.5,4
"UMass-AR6_pooled",2026-01-03,2.10121613288695,1.81612139627972,16114.1833568221,0.517908643215065,1.94723982721603,1.6213657626229,20962.0367399806,0.635719202696809,0.25,0.25,4
"UMass-AR6_pooled",2026-01-10,1.31927157879046,1.21653245314704,19594.4591839253,0.687163138544966,1.33188539769344,1.21516833366374,24628.8918027978,0.819502268223383,0,0,4
"UMass-AR6_pooled",2026-01-17,0.434040188972844,0.466777547571376,2816.47036820286,0.142790524350562,0.488405117137468,0.539724540997299,4780.99769165867,0.24632287431064,0.25,1,4
"UMass-AR6_pooled",2026-01-24,3.49982936946849,4.33553423323256,3316.64487652439,0.260899278563575,5.58261855552478,7.32067941087391,5510.04451430295,0.433009634061606,0,1,4
"UMass-AR6_pooled",2026-01-31,3.78127735254256,4.18980768022545,5660.23845792901,0.498492777576482,3.59549591097209,4.85878641700172,7800.42837885394,0.715463660824002,0,0,4
"UMass-AR6_pooled",2026-02-07,2.82513106416017,3.18556711361363,3738.14924448886,0.327348580536562,3.13596452305403,3.93662229530477,5755.27889093491,0.515222302695463,0,0.5,4
"UMass-AR6_pooled",2026-02-14,1.49765583814675,1.60680602028697,2452.9330098898,0.21778940018826,1.5149570013656,1.74056233194466,3939.26694280091,0.354341570062729,0,0.75,4
"UMass-AR6_pooled",2026-02-21,0.508626034419184,0.524908958018862,1023.95183470588,0.0964600481121543,0.380835635764894,0.376928142743338,1311.5979295743,0.114079315125569,0.75,1,4
"UMass-AR6_pooled",2026-02-28,0.290318605796807,0.328980538902688,755.466665771637,0.0873304077019742,0.21773048210224,0.284592092140619,971.458978519671,0.125331388945646,0.75,1,4
"UMass-AR6_pooled",2026-03-07,0.386682060612337,0.431339449784946,796.688530936857,0.135950785863001,0.347803500417544,0.439696406392873,1227.39855297351,0.217674520203211,0.5,1,4
"UMass-AR6_pooled",2026-03-14,0.414720533563811,0.471289995120198,886.815218716958,0.187788336201686,0.39037814148014,0.507561024970982,1442.25204369838,0.32211161147136,0.5,1,4
"UMass-AR6_pooled",2026-03-21,0.411881941415199,0.445380579643188,826.513642487107,0.215348170078173,0.40532078071553,0.522725835785476,1408.48971298647,0.388164088554151,0.25,1,4
"UMass-AR6_pooled",2026-03-28,0.33007254254156,0.336579747862615,542.5516113273,0.175307130385959,0.338247246599457,0.430604855055356,950.051953886225,0.32473407915202,0.25,1,4
"UMass-AR6_pooled",2026-04-04,0.630690590644005,0.646744721799262,443.704541183072,0.308858781111509,1.24040453805919,1.67644783017332,812.775073563284,0.454823484972011,0.5,1,4
"UMass-AR6_pooled",2026-04-11,0.333847824156448,0.273717220065674,227.20710398861,0.141797883091223,0.198578170374971,0.222771922208118,122.721309291732,0.0632061384404674,1,1,4
"UMass-AR6_pooled",2026-04-18,0.452351330375322,0.345804971299214,254.82941769268,0.202414248597239,1.81308670778654,1.94014459769724,320.009803924325,0.198953162250381,0.75,1,4
"UMass-AR6_pooled",2026-04-25,0.452606915970269,0.305931021131237,251.139672142156,0.192243274564095,1.50471895145147,1.55083895238733,282.13480339715,0.184375816189707,0.75,1,4
"UMass-AR6_pooled",2026-05-02,0.490739966922646,0.270928041094974,263.725898558861,0.172840799754468,1.79126570911581,1.68141802888165,334.518871177377,0.216536916702648,1,1,4
"UMass-AR6_pooled",2026-05-09,0.616171474532738,0.323909935971448,335.448773872643,0.209260083428838,1.93127437702659,1.71210952795688,518.064351637383,0.338111603435414,0.75,1,4
"UMass-AR6_pooled",2026-05-16,0.619256418236472,0.333150374102679,322.749646826345,0.218923241447084,2.34811290561543,2.019981030876,494.277766632049,0.345617432241043,0.75,1,4
"UMass-AR6_pooled",2026-05-23,0.633338972785149,0.328927687429889,317.707955784364,0.239817420486148,3.03267684812744,2.50900454771496,499.633510728996,0.384635052375493,0.75,1,4
"UMass-AR6_pooled",2026-05-30,0.688185138032239,0.368451470397614,337.067545205994,0.270814505451203,3.58527202428384,2.82704233804676,544.065029685073,0.446783017096107,0.5,1,4
"UMass-WISAR6_fourthroot_adaptive_t",2023-10-21,2.45371061695056,0.851561629416074,1207.25249192549,0.424574450900645,2.07156536662369,1.15552018491969,1682.62896904009,0.578299364909623,0,0.25,4
"UMass-WISAR6_fourthroot_adaptive_t",2023-10-28,1.73932781149173,0.640545097744198,1214.69450299314,0.359563770955645,1.42723018860176,0.795936207632456,1745.1457131128,0.507351545336034,0,0,4
"UMass-WISAR6_fourthroot_adaptive_t",2023-11-04,0.90472149686218,0.423513921501293,850.538664376376,0.208863093487376,0.863539397187179,0.521328367327448,1342.58787777677,0.330810045289769,0,1,4
"UMass-WISAR6_fourthroot_adaptive_t",2023-11-11,0.371073337560299,0.189157367553864,508.423044788802,0.102454702011139,0.424248609128659,0.271192965837315,911.604198865205,0.186589383289236,0,1,4
"UMass-WISAR6_fourthroot_adaptive_t",2023-11-18,0.275881345098106,0.179235560938125,464.155653345375,0.0801546531912232,0.326203723374292,0.239176720404521,837.44650883265,0.147127526522185,0,1,4
"UMass-WISAR6_fourthroot_adaptive_t",2023-11-25,0.146065306573739,0.103832965318988,352.405865643592,0.0492222948772865,0.15378917851407,0.116196876409772,544.183008172038,0.0756688260921488,0.5,1,4
"UMass-WISAR6_fourthroot_adaptive_t",2023-12-02,0.377766733272126,0.243178333094298,1587.98926484397,0.140663698390631,0.393895507863053,0.261287679022171,2192.22544901182,0.19886141548187,0.5,0.75,4
"UMass-WISAR6_fourthroot_adaptive_t",2023-12-09,0.588961724918778,0.433185760636586,3823.26614856432,0.268393521001979,0.590766767999158,0.441656656584925,4708.11575756929,0.344254509074318,0.25,0.5,4
"UMass-WISAR6_fourthroot_adaptive_t",2023-12-16,0.739434769457696,0.623301393216766,5875.48751796925,0.40511880427069,0.737078888983973,0.632505933409457,7066.1910389671,0.509031892488602,0,0.25,4
"UMass-WISAR6_fourthroot_adaptive_t",2023-12-23,0.809048989963264,0.750384207995193,5371.07838985213,0.349457406264481,0.813751262489261,0.759204746183142,6735.41919962361,0.451944538003199,0,0.25,4
"UMass-WISAR6_fourthroot_adaptive_t",2023-12-30,0.854424644290052,0.837378549199407,2172.74005619094,0.122527017065312,0.880460405771163,0.862480740534024,2975.2958262022,0.170330511424887,0.5,0.75,4
"UMass-WISAR6_fourthroot_adaptive_t",2024-01-06,0.578620325511109,0.60389946118521,2250.03498778859,0.137731306930025,0.645985887179628,0.681969735266808,3560.9972030777,0.217505368591964,0.25,0.75,4
"UMass-WISAR6_fourthroot_adaptive_t",2024-01-13,0.402221330047836,0.415520558232914,1664.23971219384,0.108071395907282,0.421482208490513,0.432198515297878,2474.5220460478,0.15793866044547,0.25,0.75,4
"UMass-WISAR6_fourthroot_adaptive_t",2024-01-20,0.773571176148273,1.04089771903731,1526.5147359548,0.147921751065051,0.751739088582477,1.00893663843946,2330.01530506139,0.225345753133491,0.25,0.75,4
"UMass-WISAR6_fourthroot_adaptive_t",2024-01-27,5.99992933854749,8.46626003579459,3599.5512106652,0.418153988531952,5.09657967052662,7.3427833717665,4594.56657297975,0.545634276438388,0,0.25,4
"UMass-WISAR6_fourthroot_adaptive_t",2024-02-03,7.59263334747696,11.0902292085954,4341.09327904734,0.541632203010535,6.27554298689124,9.48931741752941,5287.14496645587,0.682725255706838,0,0,4
"UMass-WISAR6_fourthroot_adaptive_t",2024-02-10,12.3579425666044,17.3396612724689,4753.51962500992,0.615345103965347,17.1509344916214,25.7967645522051,5642.65744774344,0.759241137561518,0,0,4
"UMass-WISAR6_fourthroot_adaptive_t",2024-02-17,9.17209838352333,12.6670237936629,4144.60122581948,0.54906956219837,9.34297653625502,13.3440131413022,5059.22179438209,0.694690571235515,0,0,4
"UMass-WISAR6_fourthroot_adaptive_t",2024-02-24,3.73472733595154,4.76961255862721,2983.94026102243,0.408577849918326,3.1772558104254,4.16285211210171,3926.29386773319,0.554510713928346,0,0,4
"UMass-WISAR6_fourthroot_adaptive_t",2024-03-02,1.53171345872186,1.86812334583981,1836.14336999497,0.267339838579609,1.41165987539386,1.76453876930934,2740.73764807718,0.408738335481645,0,0.5,4
"UMass-WISAR6_fourthroot_adaptive_t",2024-03-09,0.314124079492481,0.425700060492681,660.878754984639,0.110589581382559,0.369328173697767,0.498574857572371,1212.13506607607,0.200035515071392,0,1,4
"UMass-WISAR6_fourthroot_adaptive_t",2024-03-16,0.226990811578347,0.337369664553458,445.404693947433,0.0916497824492845,0.222366119483131,0.344010831738496,689.612928047061,0.146430642870421,0.5,1,4
"UMass-WISAR6_fourthroot_adaptive_t",2024-03-23,0.433817730223743,0.59330723580984,545.249465521734,0.129906546887459,0.449162365853881,0.642685632477193,936.391242213879,0.223581400028845,0.25,1,4
"UMass-WISAR6_fourthroot_adaptive_t",2024-03-30,0.630650966775625,0.693510380117467,565.985713714019,0.147932984612751,0.656185053020658,0.800870303985878,984.605672057497,0.257088902517348,0,1,4
"UMass-WISAR6_fourthroot_adaptive_t",2024-04-06,0.274530727538703,0.286324131692644,289.106218348552,0.0815824903047796,0.260180557306868,0.273547030057411,460.84481212979,0.11989524682408,0.5,1,4
"UMass-WISAR6_fourthroot_adaptive_t",2024-04-13,0.203472931040587,0.268437639514411,268.729018658706,0.113659310417076,0.190731627559841,0.280878625371813,419.32348319031,0.183713211452688,0.75,1,4
"UMass-WISAR6_fourthroot_adaptive_t",2024-04-20,0.351181316176185,0.489807515618051,443.20100269307,0.263394013001021,0.329182196892617,0.469776461689248,695.479686484877,0.397275671706609,0.25,0.75,4
"UMass-WISAR6_fourthroot_adaptive_t",2024-04-27,0.458396713302735,0.599056810979093,422.505573865502,0.332391343188257,0.401419902020874,0.548847091285906,637.153739482632,0.491948929902594,0.25,0.5,4
"UMass-WISAR6_fourthroot_adaptive_t",2024-05-04,0.537526810456243,0.64188872578264,473.040431444987,0.427836765003972,0.481347993266435,0.61125714575773,720.818619916487,0.633997318424718,0,0.5,4
"UMass-WISAR6_fourthroot_adaptive_t",2024-11-30,0.488730171945211,0.288056536779638,2007.59358206224,0.190822243755986,0.474632452683499,0.309912064934982,2735.06950858866,0.271408527803704,0.25,0.75,4
"UMass-WISAR6_fourthroot_adaptive_t",2024-12-07,0.735259570427174,0.504199380066606,6722.13076234911,0.465484437783612,0.702528095249677,0.505569464538213,7817.38137989077,0.584952378277136,0,0.5,4
"UMass-WISAR6_fourthroot_adaptive_t",2024-12-14,0.805607547781652,0.624866588759285,12474.6471498327,0.645914921304817,0.792298074315983,0.621480375618149,13935.9289036624,0.77086103503982,0,0.25,4
"UMass-WISAR6_fourthroot_adaptive_t",2024-12-21,0.835123119654907,0.727289699779511,15091.1752106162,0.701180334379465,0.830775066232624,0.717228428307635,16856.8414813931,0.821662804344494,0,0,4
"UMass-WISAR6_fourthroot_adaptive_t",2024-12-28,0.756393441260241,0.666067458997357,14180.574340739,0.55686189224769,0.779694338818271,0.680115071903925,16368.123254812,0.665659088750049,0,0,4
"UMass-WISAR6_fourthroot_adaptive_t",2025-01-04,0.884977347801981,0.871787095672833,7635.31627402865,0.234582492348009,0.937057538575981,0.925076294823933,10310.9126257208,0.324232180512896,0,0.5,4
"UMass-WISAR6_fourthroot_adaptive_t",2025-01-11,1.18239571071523,1.20149072678897,6058.4700564212,0.150366664454729,1.24666965518406,1.27475250583387,8894.98798973827,0.2258715867798,0,0.75,4
"UMass-WISAR6_fourthroot_adaptive_t",2025-01-18,1.21466650712254,1.30051637270967,16020.9025165546,0.425464459352628,1.16740613612747,1.25891086208957,18710.0181437149,0.516111042944295,0.25,0.25,4
"UMass-WISAR6_fourthroot_adaptive_t",2025-02-01,1.96621830632081,2.42627525095635,21227.5531452457,0.594345914256816,1.84487588294299,2.31958148941636,24309.4682905691,0.707962319511762,0,0,4
"UMass-WISAR6_fourthroot_adaptive_t",2025-02-08,1.92589780380514,2.2417652354179,11139.8827451286,0.304417301458293,1.81899821910226,2.2121457302125,14668.4016388406,0.415081545233022,0,0,4
"UMass-WISAR6_fourthroot_adaptive_t",2025-02-15,0.240102140483845,0.262953477707505,2404.82584935247,0.0709814089647545,0.342218486545027,0.385028403961461,4365.42456899,0.128098652908682,0,1,4
"UMass-WISAR6_fourthroot_adaptive_t",2025-02-22,0.103060085011155,0.122927817385214,1014.76235220338,0.0398078769565589,0.120033044509572,0.146514318388698,1547.70607590642,0.0597458913042663,1,1,4
"UMass-WISAR6_fourthroot_adaptive_t",2025-03-01,0.0907774069536367,0.120184447210133,852.959247330781,0.0461314853569283,0.100804681926062,0.143749223232931,1265.60278158171,0.0705642109888154,1,1,4
"UMass-WISAR6_fourthroot_adaptive_t",2025-03-08,0.110719361875525,0.156558215342092,929.994067651742,0.0685531872851802,0.147982803979616,0.215693714492838,1725.5904815053,0.125101042805822,0.25,1,4
"UMass-WISAR6_fourthroot_adaptive_t",2025-03-15,0.137541529140253,0.190512450581723,870.404761516072,0.0840214287381782,0.173562313667619,0.246308766427772,1635.86819689573,0.155164091154568,0,1,4
"UMass-WISAR6_fourthroot_adaptive_t",2025-03-22,0.0972168602160516,0.137615467121668,494.453246193107,0.0637307510216885,0.111022822241133,0.155232071933427,891.346728362939,0.109966236531422,0.75,1,4
"UMass-WISAR6_fourthroot_adaptive_t",2025-03-29,0.0910040215930528,0.138900010592898,310.524021397229,0.0584786953146241,0.0755438406441086,0.119002121009222,437.379951369228,0.0829370939600031,1,1,4
"UMass-WISAR6_fourthroot_adaptive_t",2025-04-05,0.120917962144409,0.194169277117141,297.12630649893,0.0805686098493987,0.107627648662138,0.195478887454786,462.637447774202,0.132085071874523,0.75,1,4
"UMass-WISAR6_fourthroot_adaptive_t",2025-04-12,0.24370884458663,0.311390551584507,362.809648327126,0.128102714477308,0.260236688770285,0.417749992759394,663.083082986687,0.230786893394696,0.25,1,4
"UMass-WISAR6_fourthroot_adaptive_t",2025-04-19,0.453876963820692,0.437205225510784,422.247166232174,0.181227325590482,0.603087422184829,0.854468306019229,763.65944834154,0.323315798755075,0,1,4
"UMass-WISAR6_fourthroot_adaptive_t",2025-05-03,0.285317379205429,0.230091381866154,202.526773255873,0.119297248753555,0.599870612718507,0.792955019258644,388.266254082054,0.221829418289401,0.25,1,4
"UMass-WISAR6_fourthroot_adaptive_t",2025-05-10,0.394892734683039,0.290187479928262,247.184309122301,0.160176042746714,1.38464207917343,1.78251552499265,456.585725607437,0.288628580856519,0,1,4
"UMass-WISAR6_fourthroot_adaptive_t",2025-05-17,0.370632022833423,0.24502044607635,219.344946015731,0.151993571338596,1.95306558245534,2.3825927079644,404.77284196387,0.273445875591527,0.25,1,4
"UMass-WISAR6_fourthroot_adaptive_t",2025-11-22,0.413028226621853,0.186227814397737,1116.34557559844,0.164316170642712,0.394150360901374,0.262068032964889,1844.82076419888,0.27830200960488,0,1,4
"UMass-WISAR6_fourthroot_adaptive_t",2025-11-29,0.575915137915185,0.288020859270852,3153.96163051013,0.254889649087116,0.520141982082927,0.331604238536987,4142.800851795,0.363839626828815,0,0.75,4
"UMass-WISAR6_fourthroot_adaptive_t",2025-12-06,0.710584443813704,0.426214156117812,8414.90387740188,0.434660286607447,0.664278222496668,0.438643663815877,9784.81821737593,0.54788886442633,0,0.5,4
"UMass-WISAR6_fourthroot_adaptive_t",2025-12-13,0.766576644381503,0.551069434906,13996.2755257915,0.599276877535754,0.737827473119475,0.550330717477953,15778.9938832648,0.717081787703759,0,0.25,4
"UMass-WISAR6_fourthroot_adaptive_t",2025-12-20,0.791270527371872,0.654013654851352,15781.6346236103,0.647782448727316,0.769148134235293,0.638227908608879,17883.6555561384,0.764904029109351,0,0,4
"UMass-WISAR6_fourthroot_adaptive_t",2025-12-27,0.762270218949012,0.701549915659298,8922.05425070448,0.2971938887533,0.807138158446778,0.741787514360239,11255.5416195403,0.386240537572666,0.25,0.5,4
"UMass-WISAR6_fourthroot_adaptive_t",2026-01-03,1.69398147486964,1.57026104164529,12991.1091305037,0.447795927760068,1.52736261466953,1.37736513130097,16442.0585469175,0.540049311067566,0,0.25,4
"UMass-WISAR6_fourthroot_adaptive_t",2026-01-10,1.40685612136768,1.2832189301482,20895.3071459845,0.724831257234348,1.34270413275069,1.22206627298587,24828.9491467925,0.824154197313332,0,0,4
"UMass-WISAR6_fourthroot_adaptive_t",2026-01-17,1.54140229709025,1.45892743343933,10002.1012006013,0.446296130338975,1.30442202004548,1.21729639170981,12768.9871542252,0.555557369208884,0,0,4
"UMass-WISAR6_fourthroot_adaptive_t",2026-01-24,1.62618760616054,1.56687404459937,1541.0713560184,0.0942897197541374,2.67107496117229,2.72060731763529,2636.35098667705,0.160920744225562,0.25,1,4
"UMass-WISAR6_fourthroot_adaptive_t",2026-01-31,2.87526113523423,2.91960209547769,4304.01214639762,0.34736691253439,2.71509334535988,3.31145230318934,5890.39501275825,0.487616368398825,0,0.25,4
"UMass-WISAR6_fourthroot_adaptive_t",2026-02-07,2.29342384079364,2.41061139411561,3034.60632553133,0.247714202823327,2.47480180156661,2.89077113416102,4541.88000632511,0.378342052801058,0,0.5,4
"UMass-WISAR6_fourthroot_adaptive_t",2026-02-14,1.03385651650628,1.03328717351573,1693.30009754847,0.140053616243,1.07205616655339,1.14705862150049,2787.61404708045,0.233516803987344,0,0.75,4
"UMass-WISAR6_fourthroot_adaptive_t",2026-02-21,0.260519608729821,0.262339766389644,524.470855370939,0.048208943857969,0.194340503583147,0.197044980140434,669.308694340358,0.0596367154220654,0.75,1,4
"UMass-WISAR6_fourthroot_adaptive_t",2026-02-28,0.262186190094469,0.284106471824902,682.26053338334,0.0754182423616772,0.274001863377978,0.316292021272698,1222.52781392669,0.139291707089831,0.25,1,4
"UMass-WISAR6_fourthroot_adaptive_t",2026-03-07,0.242734619824758,0.299970625036121,500.110833612159,0.0945455887000569,0.185010586035096,0.265688616514768,652.902358117854,0.131530850110319,0.75,1,4
"UMass-WISAR6_fourthroot_adaptive_t",2026-03-14,0.299583486859782,0.370449522635195,640.612590701801,0.14760784277763,0.261884168417493,0.367693363086718,967.531060218426,0.233347904752848,0.5,1,4
"UMass-WISAR6_fourthroot_adaptive_t",2026-03-21,0.331617190979231,0.378690724548813,665.448287161717,0.183102627919919,0.314169446208273,0.414177068373163,1091.73882557375,0.307558290099664,0.25,1,4
"UMass-WISAR6_fourthroot_adaptive_t",2026-03-28,0.378898986010534,0.372048755642694,622.809318846663,0.193781117638754,0.365657348664854,0.435136795387271,1027.04007806241,0.328151772782685,0,0.75,4
"UMass-WISAR6_fourthroot_adaptive_t",2026-04-04,0.237701361353067,0.185982547290882,167.228075132782,0.0888176446256401,0.432855866918838,0.539564552720782,283.628806798569,0.146384889418515,0.75,1,4
"UMass-WISAR6_fourthroot_adaptive_t",2026-04-11,0.246566531020297,0.202086674994089,167.805998422163,0.104690025378127,0.486868508625468,0.645245975373711,300.884738330539,0.183072920695654,0.5,1,4
"UMass-WISAR6_fourthroot_adaptive_t",2026-04-18,0.419153590590127,0.281161281396862,236.127669449439,0.164575567825887,2.50555755876203,2.92316909148452,442.230909121498,0.29975793311163,0,1,4
"UMass-WISAR6_fourthroot_adaptive_t",2026-04-25,0.404026674067684,0.263592877396081,224.183773781992,0.165638508036936,2.17896138240195,2.49019028253863,408.555259200366,0.296053220164454,0.25,1,4
"UMass-WISAR6_fourthroot_adaptive_t",2026-05-02,0.173467745917093,0.107963017025573,93.2223585738165,0.0688759056876799,0.325679793519844,0.320096486905519,60.8207014398308,0.0412227685984621,1,1,4
"UMass-WISAR6_fourthroot_adaptive_t",2026-05-09,0.172510730227822,0.109994010928446,93.916247873501,0.0710609751273205,0.305316139820702,0.336916779929478,81.9010545069033,0.066535154922122,1,1,4
"UMass-WISAR6_fourthroot_adaptive_t",2026-05-16,0.166858228209195,0.108927046338653,86.9646767294751,0.0715792744641043,0.324220854988113,0.349635476877479,68.2484899749977,0.059822401246195,1,1,4
"UMass-WISAR6_fourthroot_adaptive_t",2026-05-23,0.155725484630743,0.102360723882039,78.1180813301164,0.0746300348027641,0.389586368771639,0.404425424381764,64.1843542551275,0.0619991679292615,1,1,4
"UMass-WISAR6_fourthroot_adaptive_t",2026-05-30,0.193399890210976,0.125673801154438,94.7257106175235,0.0923711561554742,0.889597187401715,0.891341570419395,134.99637318821,0.140866753474342,1,1,4
"UMass-chronos_small",2023-10-21,0.484946419987576,0.238077567162206,238.598948847497,0.118701511268148,0.464860544530529,0.365493005834337,377.582977294922,0.182917075713045,0.75,1,4
"UMass-chronos_small",2023-10-28,0.562960557901984,0.2736951480501,393.154809902689,0.153636113790786,0.410928205584875,0.337281754254652,502.462463378906,0.214992630808631,0.5,1,4
"UMass-chronos_small",2023-11-04,0.769296184809846,0.516173018297282,723.223833861973,0.2545595030126,0.741414015077283,0.651286382615728,1152.71343994141,0.413275185530797,0.25,1,4
"UMass-chronos_small",2023-11-11,0.624979921873394,0.41206474776877,856.311037866211,0.22318967264081,0.673658717822862,0.56583340350319,1447.52416992188,0.389311372727288,0.25,1,4
"UMass-chronos_small",2023-11-18,0.443265976456556,0.322974603696692,745.771370785523,0.14443516238286,0.48695955268131,0.37784736075849,1250.14691162109,0.232429592216624,0.5,1,4
"UMass-chronos_small",2023-11-25,0.530278913917621,0.395105341915576,1279.38251782837,0.187300743917049,0.588261475885792,0.47090848791532,2081.56323242188,0.306661362838359,0.25,0.75,4
"UMass-chronos_small",2023-12-02,0.782426453601254,0.623964587148398,3289.02653255522,0.360925109471173,0.77038225477762,0.659994165753303,4287.56243896484,0.502309846766028,0,0.5,4
"UMass-chronos_small",2023-12-09,0.735598558275766,0.580808537365706,4775.16440847884,0.35985773895825,0.712211062733311,0.577510100862905,5675.96606445312,0.450147084378406,0.25,0.5,4
"UMass-chronos_small",2023-12-16,0.944174773765611,0.872716100211154,7502.33465774111,0.567227519195302,0.9047272582438,0.852478917134365,8673.39404296875,0.686063060557293,0,0,4
"UMass-chronos_small",2023-12-23,0.388876231613223,0.325368516709067,2581.65420123663,0.151525627428983,0.44244965104733,0.365042421721285,3662.15576171875,0.217304922638876,0.25,0.75,4
"UMass-chronos_small",2023-12-30,1.87952824851771,1.72652428013924,4779.50435955651,0.252628718682309,1.85462562768181,1.62659101804414,6267.24365234375,0.321233932494586,0.25,0.25,4
"UMass-chronos_small",2024-01-06,2.67168112466483,2.30060960792968,10389.1545831893,0.524699868772936,2.18750854768991,1.85081820899357,12058.6408691406,0.590294372207545,0,0,4
"UMass-chronos_small",2024-01-13,0.62656151633884,1.00243930299974,2592.47454007343,0.26072119090382,0.744685128039303,1.20084098969184,4372.04638671875,0.438824314769396,0,1,4
"UMass-chronos_small",2024-01-20,3.28138484368744,5.76051561734155,6475.27011433981,0.818625635900918,2.4150266861181,4.48205463461547,7485.37521362305,1.00106581398916,0,0,4
"UMass-chronos_small",2024-01-27,13.4295135999774,24.4191616265856,8056.79854042179,1.20607798338252,9.64105671455777,18.4337049265988,8691.41262817383,1.36978864014665,0,0,4
"UMass-chronos_small",2024-02-03,9.83878822149137,15.2670233599009,5625.33385554292,0.745621333906019,7.95641908730527,13.1766223196402,6703.28308105469,0.948014746130283,0,0,4
"UMass-chronos_small",2024-02-10,17.3206489201056,27.6569650953464,6662.43948908817,0.981482728787972,23.1131248590069,40.9420248349111,7604.21807861328,1.20499101531989,0,0,4
"UMass-chronos_small",2024-02-17,2.83120219249391,3.19884315997896,1279.33691799821,0.138658254851435,3.83998802516159,4.23831237141124,2079.353515625,0.220646938158133,0,0.75,4
"UMass-chronos_small",2024-02-24,0.842590689879486,0.839804134144574,673.205847958772,0.0719398825929102,0.883444312032167,0.880275167012808,1091.71630859375,0.117256630350778,0.5,0.75,4
"UMass-chronos_small",2024-03-02,0.839342667634375,0.845168109555125,1006.16304280356,0.120948708490941,0.627277744636074,0.606840977311028,1217.85974121094,0.140568841717912,0.5,0.75,4
"UMass-chronos_small",2024-03-09,0.910091855008264,0.964444553356742,1914.72227481344,0.250546169288705,0.824335910720407,0.856927070167032,2705.47045898438,0.343811656877621,0,0.25,4
"UMass-chronos_small",2024-03-16,0.230106011583467,0.337127375398681,451.517385008439,0.0915839622210358,0.202662254619483,0.27464482094735,628.506317138672,0.116904509922301,1,1,4
"UMass-chronos_small",2024-03-23,0.79625215649013,1.10453042591311,1000.77989556318,0.241840525283082,0.838409310379879,1.21174178285439,1747.87380981445,0.421548126476358,0,0.5,4
"UMass-chronos_small",2024-03-30,1.39887620464651,1.68265444372464,1255.43920297533,0.358927711925425,1.31488130665429,1.82693567132255,1972.97940063477,0.58646810147975,0,0.5,4
"UMass-chronos_small",2024-04-06,0.358450321168504,0.379064411500848,377.48130326956,0.108007028584484,0.31020543994244,0.36055619544054,549.451385498047,0.158031231548089,0.75,1,4
"UMass-chronos_small",2024-04-13,0.366334407220422,0.430924298735372,483.822026103443,0.182457865166836,0.40469186143873,0.521180573325298,889.715057373047,0.340886590233051,0.25,1,4
"UMass-chronos_small",2024-04-20,0.21866438954547,0.296991880129418,275.960799267578,0.159707396562297,0.197214520424728,0.291121898046697,416.664978027344,0.246192938614088,0.5,1,4
"UMass-chronos_small",2024-04-27,0.259826168490453,0.327786117585719,239.482529515507,0.181874683512418,0.236055240459866,0.330195253941411,374.678680419922,0.295964403227154,0.25,1,4
"UMass-chronos_small",2024-05-04,0.386163556995774,0.483878445336226,339.836026884991,0.322518499534925,0.364970466728401,0.509380028533338,546.543273925781,0.528330137963314,0.25,1,4
"UMass-chronos_small",2024-11-30,0.583509662012076,0.372251922467004,2396.92640187166,0.246597240533979,0.621842112510168,0.451924280192742,3583.36517333984,0.395777116943135,0.5,0.75,4
"UMass-chronos_small",2024-12-07,0.75860833220503,0.51696584622342,6935.59745645619,0.477270631016739,0.717396388057108,0.511662187707188,7982.82830810547,0.592001761512992,0.25,0.25,4
"UMass-chronos_small",2024-12-14,0.865277429346444,0.694002497335083,13398.6215093615,0.717379639934982,0.819651036688336,0.655934197709343,14417.0469970703,0.813596268524673,0,0.25,4
"UMass-chronos_small",2024-12-21,0.752776015001618,0.61199283218785,13603.1136839239,0.590022571255177,0.739671162834439,0.592162130497804,15008.2977294922,0.678385821821805,0,0,4
"UMass-chronos_small",2024-12-28,0.682390319055644,0.570894440537054,12793.1921681481,0.477293034116551,0.664964853891029,0.543989033607111,13959.6071777344,0.532426436878144,0,0,4
"UMass-chronos_small",2025-01-04,1.38993564618375,1.49373561700322,11991.9433932607,0.401937842031453,1.34098578719271,1.46576302519725,14755.537109375,0.513738752613194,0,0,4
"UMass-chronos_small",2025-01-11,1.05287881795665,1.07414350448094,5394.83925205715,0.134429148984087,1.12470128273914,1.13519370304708,8024.74365234375,0.201143360641566,0,0.75,4
"UMass-chronos_small",2025-01-18,1.446556881048,1.64991332818541,19079.4317946756,0.539769815194638,1.48597863237135,1.75527133949508,23815.7795410156,0.719602117161317,0,0,4
"UMass-chronos_small",2025-02-01,0.945264000388617,0.924404073746086,10205.1952929295,0.226444128355504,0.874393796424099,0.851854078506999,11521.6684570312,0.259995431096975,0.25,0.25,4
"UMass-chronos_small",2025-02-08,1.56279772047536,1.51037070052514,9039.61950943232,0.205098627452765,1.52794974190848,1.43788065602242,12321.38671875,0.269800364601263,0,0.5,4
"UMass-chronos_small",2025-02-15,1.10150779586366,1.08889630138648,11032.5314693911,0.293935620714236,1.04800044402254,1.03745313743866,13368.5556640625,0.345159858323284,0,0.25,4
"UMass-chronos_small",2025-02-22,0.750245963235305,0.798327733392252,7387.16020175357,0.258523521021287,0.738681561857744,0.791520227648303,9524.56005859375,0.322767644871026,0.25,0.25,4
"UMass-chronos_small",2025-03-01,0.26002693172791,0.293310157608693,2443.25524836426,0.112583895461167,0.303948252688172,0.371955181244445,3816.0703125,0.182586891931833,0.25,0.75,4
"UMass-chronos_small",2025-03-08,0.192299595337196,0.228559434328481,1615.23223983605,0.100080840044569,0.222038630696192,0.289102394732108,2589.13696289062,0.1676776309578,0.5,0.75,4
"UMass-chronos_small",2025-03-15,0.39498348517121,0.4499538425015,2499.57600705938,0.198442488130149,0.351030980455177,0.426119226055029,3308.55474853516,0.268437065368134,0.25,0.5,4
"UMass-chronos_small",2025-03-22,0.283469287750187,0.34951442537952,1441.74898482255,0.161862741799635,0.242802823474088,0.29014837987729,1949.34246826172,0.205540807214621,0.5,0.75,4
"UMass-chronos_small",2025-03-29,0.571961359635879,0.930935695606139,1951.64717304668,0.391935930519234,0.510001015820658,0.907430552394749,2952.77838134766,0.632422786651917,0,0.5,4
"UMass-chronos_small",2025-04-05,0.454976480578787,0.795037067462192,1117.99338014652,0.329892721728204,0.473357323645103,0.858749031211957,2034.72645568848,0.580256666009745,0,1,4
"UMass-chronos_small",2025-04-12,0.99598877101599,1.53858769137205,1482.72967426764,0.632958382080659,0.91344618984444,1.86607385636938,2327.46089172363,1.03091656641774,0,0.5,4
"UMass-chronos_small",2025-04-19,1.47938562805703,1.78215250892995,1376.29013808788,0.73872569251754,1.59104811883985,3.04487897761637,2014.66468048096,1.15212872358828,0,0.5,4
"UMass-chronos_small",2025-05-03,1.24480625903783,1.27243134180562,883.600556242765,0.659727266071646,2.01781718525568,3.6539188317241,1306.03217315674,1.02218495278061,0,0.75,4
"UMass-chronos_small",2025-05-10,1.4310255060958,1.28353779088838,895.754770835686,0.708479925154543,3.57729952149178,6.10472881601816,1179.61451721191,0.988490248739059,0,0,4
"UMass-chronos_small",2025-05-17,1.08314255399401,0.87408676319303,641.018126865785,0.542222377458669,4.937450192662,7.78215952011944,1023.2865524292,0.893144437510717,0,1,4
"UMass-flusion",2023-10-21,0.545160892880723,0.234143288221774,268.225128865651,0.116739945289689,0.52682129798156,0.383857693484824,427.910599285523,0.19210799019783,1,1,4
"UMass-flusion",2023-10-28,0.32576843620389,0.160967110439924,227.506928878552,0.0903573244623071,0.16810020491165,0.143097574931198,205.54452555572,0.0912143147641646,1,1,4
"UMass-flusion",2023-11-04,0.293351176019502,0.184506474100704,275.782678216692,0.0909925057776495,0.119979146240519,0.0787155050042231,186.537577617447,0.0499490942895466,1,1,4
"UMass-flusion",2023-11-11,0.350944337513557,0.23349403729348,480.843462920688,0.126469099890963,0.372065901925446,0.283147718164836,799.476606762303,0.194814633001302,0.75,1,4
"UMass-flusion",2023-11-18,0.320167679257154,0.223429538298675,538.665049254528,0.0999183257009353,0.177401704722879,0.12486427604663,455.43452644981,0.0768091980467536,1,1,4
"UMass-flusion",2023-11-25,0.306325572187449,0.224033274879174,739.059335633469,0.106203573061303,0.192473334984741,0.130993096166019,681.066895843505,0.0853043052388371,1,1,4
"UMass-flusion",2023-12-02,0.30507433899477,0.23109290939677,1282.41777963569,0.133673024623438,0.354288267947445,0.226506855410132,1971.79135526151,0.172390347879297,0.75,1,4
"UMass-flusion",2023-12-09,0.370834799773698,0.281743085150348,2407.28739525465,0.1745625676392,0.478567863449913,0.332018600117409,3813.94658776408,0.258795828123068,0.5,0.75,4
"UMass-flusion",2023-12-16,0.409753133744674,0.332735440401832,3255.86450922681,0.216263568830485,0.536874625530116,0.41636933113297,5146.88281630084,0.335088190332635,0.25,0.5,4
"UMass-flusion",2023-12-23,0.366394690271671,0.318724338291174,2432.404746175,0.148431402721245,0.391017851556566,0.3187108894176,3236.4547573337,0.189724374615118,0.25,0.5,4
"UMass-flusion",2023-12-30,0.650407696793468,0.642992645787998,1653.93971852517,0.0940840566774244,0.812718104226485,0.806173584889463,2746.37765370735,0.1592104641391,0.5,1,4
"UMass-flusion",2024-01-06,0.728954862763709,0.724441944039287,2834.62898453865,0.165223422375033,0.868788833373909,0.888398799727848,4789.19844397368,0.283343231229852,0.25,1,4
"UMass-flusion",2024-01-13,0.330348843241872,0.34808779646584,1366.85854958273,0.0905330273484732,0.388831129859538,0.423611475125958,2282.82756340535,0.154800691262466,0.5,1,4
"UMass-flusion",2024-01-20,0.467195433682126,0.605123381555311,921.93289522186,0.0859939536545933,0.500263036492106,0.635937995566388,1550.56528160728,0.142036596845927,0.75,1,4
"UMass-flusion",2024-01-27,3.65180784452865,4.70537318565328,2190.8373592733,0.232401385829576,4.28394375213551,5.55690404519765,3861.97529255016,0.412927518684177,0,1,4
"UMass-flusion",2024-02-03,3.38929614246539,4.35620902725677,1937.8323740138,0.212751517378809,4.07510907120377,5.23906412309256,3433.27939248918,0.376933475372577,0,1,4
"UMass-flusion",2024-02-10,5.74562260895222,7.01446320473971,2210.07094687118,0.248927330364573,11.3861243618624,14.4827618345856,3746.03491505273,0.426251460646191,0,1,4
"UMass-flusion",2024-02-17,3.05147720087265,3.56051520675047,1378.87270921736,0.154335426980816,4.56924870628142,5.26903384280255,2474.24817445139,0.274306394287511,0,1,4
"UMass-flusion",2024-02-24,0.964480300000478,1.00694742741976,770.592158209367,0.0862578269867628,0.958977818867192,0.944014428665164,1185.05683966513,0.125746988050819,0.25,1,4
"UMass-flusion",2024-03-02,0.589768516014906,0.58640834828152,706.985725264938,0.0839186092933499,0.470241767356059,0.452009615255724,912.974391321788,0.104703654561038,0.5,1,4
"UMass-flusion",2024-03-09,0.421683906739328,0.457548199070302,887.1715143048,0.118863182069946,0.506279749898151,0.565490607086558,1661.61013916573,0.226883091151811,0.25,1,4
"UMass-flusion",2024-03-16,0.352804759270265,0.382334025844344,692.278664203692,0.10386479275774,0.403719465069773,0.450884833450513,1252.03499104763,0.191922317355605,0.25,1,4
"UMass-flusion",2024-03-23,0.214260702913411,0.24490065229363,269.296355604449,0.0536217934819665,0.0964435187100924,0.11512978618388,201.060625630865,0.0400520526354335,1,1,4
"UMass-flusion",2024-03-30,0.376052410322115,0.376911390163786,337.493008118649,0.0803991237622512,0.365821832087876,0.400704653357866,548.915659047858,0.128630964405424,0.5,1,4
"UMass-flusion",2024-04-06,0.32657535936852,0.343608848568799,343.914023757293,0.0979046557874212,0.290194881554414,0.357858718569448,514.007683953255,0.156848931542148,0.25,1,4
"UMass-flusion",2024-04-13,0.493430823999193,0.571896178102915,651.679712043909,0.242146836602058,0.46848518025262,0.579515956388897,1029.96466878539,0.379041791789417,0.25,0.75,4
"UMass-flusion",2024-04-20,0.652742516472236,0.779345116017192,823.779980526512,0.419092870311501,0.586583829418771,0.707285736109429,1239.30498560451,0.598130044427912,0,0.5,4
"UMass-flusion",2024-04-27,0.681702199274513,0.804091236420847,628.326884882432,0.44615629306176,0.599992348630202,0.725630590388946,952.337855363287,0.650405546670692,0.25,0.5,4
"UMass-flusion",2024-05-04,0.771985285808193,0.836171625071542,679.371234260726,0.557331744100245,0.693781164299734,0.794743941101945,1038.93729353885,0.824310244861549,0,0.25,4
"UMass-flusion",2024-11-30,0.805910682801897,0.577477754453513,3310.49975504656,0.382548516537527,0.759212277653435,0.619666764418616,4374.96074997792,0.542679241271312,0,0.5,4
"UMass-flusion",2024-12-07,0.877889151414442,0.689779680878977,8026.12561333546,0.636814957817073,0.840061979877683,0.695851049780067,9347.78968108891,0.805111374491895,0,0.25,4
"UMass-flusion",2024-12-14,0.863561956801306,0.712155137765685,13372.057812491,0.736143743387028,0.847305265442993,0.702939639536732,14903.4641401932,0.871900062113529,0,0,4
"UMass-flusion",2024-12-21,0.79335043407947,0.678987559018397,14336.3177504403,0.654612218234839,0.803520574063597,0.677046899155373,16303.8342080374,0.775630513064574,0,0,4
"UMass-flusion",2024-12-28,0.743510441447776,0.66199323772115,13939.0487978046,0.553455662835553,0.787379825178256,0.689447945663771,16529.4646699671,0.674793590394025,0,0,4
"UMass-flusion",2025-01-04,0.47229983320744,0.443803015516544,4074.85978219261,0.119419544070085,0.558757282025069,0.50728660761814,6148.28575276285,0.177800084007476,0.5,0.75,4
"UMass-flusion",2025-01-11,0.996597880506369,1.01534109690566,5106.46170535276,0.127070022782062,1.12920028677285,1.1276123862857,8056.8440461243,0.19980003788759,0.25,1,4
"UMass-flusion",2025-01-18,1.18747177733648,1.3372471051995,15662.2163156,0.437480933399662,1.38146559513961,1.5747057619052,22140.7490933025,0.645576313289014,0,0.5,4
"UMass-flusion",2025-02-01,1.36847450660574,1.5535850238894,14774.2319474405,0.380569727624796,1.53198423521613,1.75560503311254,20186.5732713842,0.535830371582077,0,0.25,4
"UMass-flusion",2025-02-08,0.552276005479394,0.551357965647987,3194.50488589421,0.0748708657750266,0.519986182634676,0.500218450353958,4193.16857676602,0.0938597509609114,0.75,1,4
"UMass-flusion",2025-02-15,0.269458185592904,0.290517154545838,2698.8514501687,0.0784219213903416,0.325259403218787,0.376359292863393,4149.09026230965,0.125214446335472,0.5,1,4
"UMass-flusion",2025-02-22,0.252618039798588,0.285575861418212,2487.35750845998,0.0924784072060394,0.293996725921944,0.355284657548822,3790.79378403755,0.144878662818956,0.25,1,4
"UMass-flusion",2025-03-01,0.248118863711473,0.294373712604298,2331.36510880947,0.11299212941194,0.31060877749913,0.388346152632206,3899.69320150157,0.190632959502183,0.25,1,4
"UMass-flusion",2025-03-08,0.172912938676425,0.223345167254903,1452.39282872756,0.0977976342321575,0.200931120212165,0.279190223307245,2343.007560014,0.161928631805757,0.5,1,4
"UMass-flusion",2025-03-15,0.161367744861474,0.207775881798168,1021.18432418556,0.0916350946760208,0.169210270920499,0.240350570603313,1594.84910599343,0.151410680127298,0.5,1,4
"UMass-flusion",2025-03-22,0.154522958171493,0.209848036303696,785.91695009958,0.0971821934974583,0.160235511934373,0.236445167837711,1286.45080756511,0.167497508274606,0.25,1,4
"UMass-flusion",2025-03-29,0.13571318471282,0.177482743090456,463.080676391415,0.0747225231480373,0.114100773650027,0.158180279890761,660.614954240243,0.110241839596313,0.75,1,4
"UMass-flusion",2025-04-05,0.117301333946383,0.153672919738107,288.239327596855,0.063765049232418,0.0526700454252448,0.0653738717239236,226.402190260415,0.044173120984063,1,1,4
"UMass-flusion",2025-04-12,0.238714254878989,0.273254147777405,355.374196657568,0.112413809264117,0.257500955772188,0.367908925671774,656.112435307535,0.203252087324087,0.75,1,4
"UMass-flusion",2025-04-19,0.545498241786357,0.501718562225194,507.483536595434,0.207968953538802,0.728165757343439,0.997289286103089,922.03989023613,0.377356749050728,0.25,1,4
"UMass-flusion",2025-05-03,0.261142360799633,0.190810180006323,185.366625196325,0.0989308218513215,0.46959360373579,0.554951022391329,303.94446001799,0.155247724632944,0.5,1,4
"UMass-flusion",2025-05-10,0.263589691744893,0.174889882069152,164.994769777213,0.0965347272501267,0.810229119666634,0.921641690602729,267.173052210073,0.149234118574067,0.75,1,4
"UMass-flusion",2025-05-17,0.236832866911386,0.138362487983833,140.160831247915,0.0858304236431079,0.858044666568818,0.907616005117345,177.829757146387,0.104165454880551,0.75,1,4
"UMass-flusion_spatial2_prod",2023-10-21,0.71205009844141,0.284672991722334,350.336445455624,0.141933214193355,0.981527739121628,0.631365540812022,797.245906101542,0.315977423884455,0.5,1,4
"UMass-flusion_spatial2_prod",2023-10-28,0.525745469432896,0.230015682132575,367.164905588427,0.129117069723562,0.605664160968362,0.405013228732175,740.575852824065,0.258166528307622,0.5,1,4
"UMass-flusion_spatial2_prod",2023-11-04,0.369451563530083,0.194449225406525,347.325492415606,0.0958959426898248,0.247289906228411,0.174833536113295,384.473981708623,0.110940999232989,1,1,4
"UMass-flusion_spatial2_prod",2023-11-11,0.313420800777972,0.181692961193523,429.430901393682,0.0984117004657666,0.148818440421031,0.104577578877241,319.77362385469,0.0719526993937278,0.75,1,4
"UMass-flusion_spatial2_prod",2023-11-18,0.579451724453678,0.32757276039736,974.896630470821,0.146491471151789,0.519597864413945,0.369368709189357,1333.9376174167,0.227214021773563,1,1,4
"UMass-flusion_spatial2_prod",2023-11-25,0.479777434249009,0.296642522252278,1157.53963756909,0.140624180948567,0.357686833100473,0.27831459418376,1265.67485892602,0.181241865331474,1,1,4
"UMass-flusion_spatial2_prod",2023-12-02,0.309817984030272,0.218801579515943,1302.35827923278,0.126563246802459,0.333234661833304,0.234905490717312,1854.61751043325,0.178782400162635,1,1,4
"UMass-flusion_spatial2_prod",2023-12-09,0.251245173401658,0.199040278170031,1630.96704898642,0.123321507615493,0.292502099615906,0.212969290538358,2331.09548288897,0.166001434528567,1,1,4
"UMass-flusion_spatial2_prod",2023-12-16,0.185598998798479,0.149216112248409,1474.75429318507,0.0969839850028595,0.175633484081185,0.119033754031858,1683.7543035153,0.095796693571307,1,1,4
"UMass-flusion_spatial2_prod",2023-12-23,0.240680458452561,0.192745262491926,1597.81870478937,0.0897623627769985,0.298266247732267,0.219977573952089,2468.74973247998,0.130949738566122,0.75,1,4
"UMass-flusion_spatial2_prod",2023-12-30,0.667678543501491,0.657195352948116,1697.85823222633,0.0961622271109102,0.758595043007035,0.757615891155853,2563.48229908152,0.149620850807981,0.75,1,4
"UMass-flusion_spatial2_prod",2024-01-06,0.325235108650169,0.334913985246747,1264.71598292662,0.0763838086668378,0.338952994805801,0.383089539020812,1868.47838386698,0.122181421079996,1,1,4
"UMass-flusion_spatial2_prod",2024-01-13,0.211820590685444,0.249693223038236,876.433477153354,0.0649419014960138,0.129073690761978,0.151249510937935,757.791638463575,0.0552712337156129,1,1,4
"UMass-flusion_spatial2_prod",2024-01-20,0.480696975847401,0.622377890293786,948.575954980148,0.0884459881817927,0.530429348165761,0.676479085325496,1644.06576463978,0.151091439396545,0.75,1,4
"UMass-flusion_spatial2_prod",2024-01-27,3.56763422897806,4.52431367126699,2140.33889126392,0.223458740814872,4.2506458191137,5.45990784157276,3831.957205931,0.405719835888354,0,1,4
"UMass-flusion_spatial2_prod",2024-02-03,3.6534868756382,4.72641195139568,2088.88360534241,0.230831741113671,4.43228812703032,5.82407524145996,3734.20274702304,0.419023106038838,0,1,4
"UMass-flusion_spatial2_prod",2024-02-10,6.06610109669734,7.41867400849356,2333.34395713801,0.263271851583955,12.0292182931659,15.5878942556128,3957.61281845157,0.458777322360315,0,1,4
"UMass-flusion_spatial2_prod",2024-02-17,3.2416096708548,3.73960578561488,1464.78797475482,0.162098354352922,4.66362998524463,5.41881999302613,2525.35563700996,0.282104275266803,0,1,4
"UMass-flusion_spatial2_prod",2024-02-24,1.05685278601326,1.07634647931601,844.395131018371,0.0922027365704254,1.05004173079804,1.06054768256569,1297.58906883368,0.141269744102834,0.25,1,4
"UMass-flusion_spatial2_prod",2024-03-02,0.557854140741952,0.539043627360496,668.728329123845,0.077140429001565,0.426342823514112,0.41696472589428,827.744591852648,0.0965858449702957,0.5,0.75,4
"UMass-flusion_spatial2_prod",2024-03-09,0.434657808294849,0.47499278309872,914.467020975792,0.123394986089102,0.537359079010325,0.590317439411879,1763.61249731189,0.236843978902886,0.25,1,4
"UMass-flusion_spatial2_prod",2024-03-16,0.363700786948105,0.392482212582356,713.659009246496,0.10662164734342,0.433692261583908,0.475577802582953,1344.9881262371,0.202433054259352,0.25,1,4
"UMass-flusion_spatial2_prod",2024-03-23,0.164468972132563,0.194272833862933,206.71497014181,0.0425366681509061,0.131357779130987,0.159273564466419,273.848130043325,0.055409059626442,1,1,4
"UMass-flusion_spatial2_prod",2024-03-30,0.454379768953721,0.446077433829252,407.788890173826,0.0951529610033825,0.46027585443135,0.498792590597003,690.64391957424,0.160118360066738,0.25,1,4
"UMass-flusion_spatial2_prod",2024-04-06,0.249273096452804,0.261953773330001,262.507599413783,0.0746386308644633,0.200365204205049,0.228085419240697,354.896867948192,0.0999694920142167,0.25,0.75,4
"UMass-flusion_spatial2_prod",2024-04-13,0.42555251947668,0.53594005073407,562.032061767946,0.2269226353708,0.309380454237752,0.419342361275578,680.172928641698,0.274277659206392,0.25,0.5,4
"UMass-flusion_spatial2_prod",2024-04-20,0.664881023899252,0.822892065208152,839.099128826963,0.442510244148416,0.475885179989088,0.608910267276583,1005.42641402195,0.514936901205095,0,0.5,4
"UMass-flusion_spatial2_prod",2024-04-27,0.710475679566588,0.871520739616698,654.847484725569,0.483570078744548,0.504165860687538,0.644499555411292,800.237262376295,0.577685245383069,0.25,0.25,4
"UMass-flusion_spatial2_prod",2024-05-04,0.745099820100495,0.857845735088467,655.711182239927,0.571778143828913,0.567582128043598,0.691371103299686,849.954236745288,0.717091699574289,0,0.25,4
"UMass-flusion_spatial2_prod",2024-11-30,0.716892328026682,0.495919399494633,2944.8323827598,0.328520413359273,0.701011616669668,0.547859726848677,4039.57944105896,0.47979352445712,0.25,0.5,4
"UMass-flusion_spatial2_prod",2024-12-07,0.820562320022876,0.61856136272812,7502.01348708139,0.571065137220373,0.799225454819454,0.635411877260134,8893.38124850347,0.735182234805958,0,0.25,4
"UMass-flusion_spatial2_prod",2024-12-14,0.795067102483988,0.617776602165903,12311.4307844293,0.638586111899901,0.781885985516331,0.604110130315147,13752.7880707431,0.749315631840484,0,0.25,4
"UMass-flusion_spatial2_prod",2024-12-21,0.686334069456814,0.553397913937899,12402.4679133156,0.533531183595082,0.710706433082467,0.55849634288967,14420.5888804598,0.639818017807349,0,0,4
"UMass-flusion_spatial2_prod",2024-12-28,0.673024167454202,0.586454498499741,12617.5991476037,0.490301931644182,0.7558028340956,0.649334720626667,15866.5688961689,0.635532980053078,0,0,4
"UMass-flusion_spatial2_prod",2025-01-04,0.602707589670726,0.603945744740937,5199.97837156298,0.162511120831584,0.766980729576074,0.737521033108421,8439.47245789033,0.258495492833248,0.25,1,4
"UMass-flusion_spatial2_prod",2025-01-11,1.23140891676302,1.30874261801196,6309.60851922072,0.163789247567595,1.45845106837953,1.52394848668962,10406.0483728879,0.270026268851374,0,1,4
"UMass-flusion_spatial2_prod",2025-01-18,1.28376529534828,1.52715660748215,16932.2843186256,0.499609904176297,1.54886662713729,1.87326718234433,24823.6854331293,0.76797643765525,0,0.5,4
"UMass-flusion_spatial2_prod",2025-02-01,1.38734854729692,1.62230759599749,14977.9985895013,0.397404165487343,1.59231611522223,1.86218264552613,20981.5513712546,0.568359055759212,0,0.25,4
"UMass-flusion_spatial2_prod",2025-02-08,0.538316451466358,0.557611138593554,3113.75927490059,0.0757200064448732,0.518577129833141,0.517775302128702,4181.80597497445,0.0971540751388162,0.75,1,4
"UMass-flusion_spatial2_prod",2025-02-15,0.297075500606582,0.322457996972259,2975.46219966375,0.0870440016865015,0.345216571179786,0.400158877795375,4403.66888611215,0.133132549878497,0.25,1,4
"UMass-flusion_spatial2_prod",2025-02-22,0.331916170223549,0.373127982941074,3268.15210363865,0.120830525994142,0.363939534223356,0.432328441860937,4692.63635427595,0.176295725764089,0.25,1,4
"UMass-flusion_spatial2_prod",2025-03-01,0.347986354112783,0.406312527875505,3269.73625537705,0.15595861914856,0.391631151447164,0.476473984990921,4916.92910641915,0.2338935129625,0,1,4
"UMass-flusion_spatial2_prod",2025-03-08,0.25201140783677,0.31874673997646,2116.78526951995,0.139571755556874,0.264382586457018,0.358200500885598,3082.89924502867,0.207754112351958,0.25,1,4
"UMass-flusion_spatial2_prod",2025-03-15,0.255553607890336,0.32866614115234,1617.22120235802,0.144951149770852,0.27897710927999,0.38111244684871,2629.42899924123,0.240084700600026,0.25,1,4
"UMass-flusion_spatial2_prod",2025-03-22,0.266049111317026,0.359094252620948,1353.148481088,0.166299231371076,0.28603221497588,0.40071879307697,2296.40963793385,0.283868771660703,0,1,4
"UMass-flusion_spatial2_prod",2025-03-29,0.19798026977798,0.261078053173432,675.548491732367,0.109917226497641,0.202526587217733,0.287325928922361,1172.57830834387,0.200248343156273,0.25,1,4
"UMass-flusion_spatial2_prod",2025-04-05,0.104593751318611,0.12538949096174,257.013552503071,0.0520291218389632,0.0533797897519205,0.0704920300704624,229.45302624863,0.0476314602547125,0.5,1,4
"UMass-flusion_spatial2_prod",2025-04-12,0.205119137546556,0.208979009029861,305.361105316701,0.0859717104108658,0.216767190468869,0.291617753350698,552.322801314678,0.161104863006691,0.5,1,4
"UMass-flusion_spatial2_prod",2025-04-19,0.560427669650669,0.479745833305988,521.372561841632,0.198860967939361,0.692484263224896,0.914205121170143,876.858198308525,0.345919160365503,0,1,4
"UMass-flusion_spatial2_prod",2025-05-03,0.219641904709653,0.147155679942603,155.908365471813,0.0762969373873517,0.394553009340842,0.459878086879387,255.37443529586,0.128651040751181,0,1,4
"UMass-flusion_spatial2_prod",2025-05-10,0.279276628389197,0.177641902841503,174.814055512565,0.0980537720999627,0.881144188338104,1.02198769492303,290.55729610449,0.165482350028719,0,1,4
"UMass-flusion_spatial2_prod",2025-05-17,0.267617811094373,0.154595057938542,158.379769450536,0.0958999762822006,1.23840214659103,1.37060215996346,256.65884488099,0.157301542334968,0,1,4
"UMass-flusion_spatial_mem",2024-11-30,0.714186010452077,0.493758924931909,2933.71543908478,0.327089213053091,0.705292727929775,0.552279219118247,4064.24934469533,0.483663938120349,0.25,0.5,4
"UMass-flusion_spatial_mem",2024-12-07,0.82102005713523,0.619386815845163,7506.1983611691,0.571827207931474,0.794314130385973,0.628239644548423,8838.73048586992,0.726883840862992,0,0.25,4
"UMass-flusion_spatial_mem",2024-12-14,0.790568428246722,0.612666424378557,12241.7698510052,0.633303800214905,0.781920936096621,0.60387615136014,13753.4028252375,0.749025413087793,0,0.25,4
"UMass-flusion_spatial_mem",2024-12-21,0.687892574484833,0.555254176720624,12430.6310330891,0.535320807398474,0.712388203429292,0.560273948688402,14454.7128416821,0.641854457674981,0,0,4
"UMass-flusion_spatial_mem",2024-12-28,0.677511016572819,0.591538530605719,12701.7168752459,0.494552407629068,0.770794712282015,0.667578334920149,16181.2933949363,0.653388822641761,0,0,4
"UMass-flusion_spatial_mem",2025-01-04,0.607827817224883,0.607707391494879,5244.15414269213,0.16352331345895,0.738616128500161,0.705228216774193,8127.36256995153,0.247177107189238,0.25,1,4
"UMass-flusion_spatial_mem",2025-01-11,1.21997257479514,1.29391993301936,6251.00991746708,0.161934187307116,1.41694682847396,1.47465614848238,10109.9156211617,0.261292229423326,0,1,4
"UMass-flusion_spatial_mem",2025-01-18,1.30135275692799,1.5437076944968,17164.2549919174,0.505024599013022,1.55379888493528,1.88054082377703,24902.7347288578,0.770958385606358,0,0.5,4
"UMass-flusion_spatial_mem",2025-02-01,1.39545056814162,1.63427769709603,15065.4690791778,0.400336388728856,1.60764386248172,1.89009068150552,21183.521264956,0.576876901747866,0,0.25,4
"UMass-flusion_spatial_mem",2025-02-08,0.538758054730971,0.555691198102672,3116.31362050395,0.0754592908739647,0.505512049572966,0.49423165092246,4076.4491677564,0.0927364027451554,0.75,1,4
"UMass-flusion_spatial_mem",2025-02-15,0.303357107801224,0.327835752198272,3038.37780435895,0.088495667761953,0.371836110020425,0.42772772727566,4743.23437844805,0.142304684828365,0.25,1,4
"UMass-flusion_spatial_mem",2025-02-22,0.33537389225695,0.377018629547781,3302.19793373377,0.122090439207405,0.384993809404384,0.454423838284358,4964.11017846013,0.185305829128432,0.25,1,4
"UMass-flusion_spatial_mem",2025-03-01,0.341848976116409,0.399764088144017,3212.06845573341,0.153445072191393,0.369757014985516,0.453495121478645,4642.29932314315,0.222613553762053,0,1,4
"UMass-flusion_spatial_mem",2025-03-08,0.253685980507647,0.3218238705531,2130.85094532757,0.140919159193664,0.26074790402326,0.354408899279483,3040.51612183922,0.205555006476552,0,1,4
"UMass-flusion_spatial_mem",2025-03-15,0.255310775283823,0.327826515601767,1615.68448353367,0.144580850936582,0.296440963206247,0.399939429161358,2794.03018845967,0.251944902094649,0.25,1,4
"UMass-flusion_spatial_mem",2025-03-22,0.26325303670617,0.355249709348107,1338.92740703908,0.164518794656815,0.284578198674967,0.398197208341888,2284.73606806197,0.282082483685812,0,1,4
"UMass-flusion_spatial_mem",2025-03-29,0.195058229492518,0.257923541944869,665.577902694186,0.108589136598913,0.192644891413923,0.274958071982934,1115.36576006376,0.191628714326384,0.25,1,4
"UMass-flusion_spatial_mem",2025-04-05,0.105646823794948,0.126856110577421,259.601220454307,0.0526376810578452,0.0575795784550163,0.0755658427090983,247.505817988888,0.0510598351333402,0.5,1,4
"UMass-flusion_spatial_mem",2025-04-12,0.20994221532434,0.214238199366041,312.541226971211,0.0881352845931564,0.218300333319504,0.294361352107027,556.229249298095,0.162620570115414,0.5,1,4
"UMass-flusion_spatial_mem",2025-04-19,0.558693020360592,0.47712906485989,519.758796866702,0.197776282945897,0.698214333112586,0.922125036743674,884.113899303813,0.348915917309781,0,1,4
"UMass-flusion_spatial_mem",2025-05-03,0.218392912590266,0.146611663375057,155.021793667229,0.0760148769326828,0.389590084982267,0.452424672253539,252.162182504773,0.126565945644188,0,1,4
"UMass-flusion_spatial_mem",2025-05-10,0.27796880262183,0.176549119146282,173.995417993142,0.097450583540891,0.838020632375982,0.969143354034076,276.33730352598,0.156925685638859,0,1,4
"UMass-flusion_spatial_mem",2025-05-17,0.267263024619939,0.154175166407419,158.169802110189,0.0956395049035368,1.20531142226944,1.32867380495986,249.800792265342,0.152489500516931,0,1,4
"UMass-gbqr",2023-10-21,1.08729219660863,0.591295004021096,534.959666693801,0.294809844620053,0.78024298877101,0.714849923080977,633.752367629253,0.35775857654287,0,0.25,4
"UMass-gbqr",2023-10-28,2.32726366475355,0.692616470222385,1625.29131191624,0.388793530285674,2.37752436172396,1.06809738453012,2907.11791329797,0.680834536002119,0,1,4
"UMass-gbqr",2023-11-04,1.21282452105094,0.845556433376663,1140.1897178693,0.417000536292083,0.87563369416449,0.823298151545832,1361.39148600224,0.522425626282471,0,0.25,4
"UMass-gbqr",2023-11-11,0.975283552599626,0.661928285248897,1336.27664171524,0.358525105814914,0.717203857292401,0.61902542359973,1541.09178835705,0.425909173835728,0,0.25,4
"UMass-gbqr",2023-11-18,1.73091527753565,0.782493071119803,2912.17266337581,0.349933129407256,2.63081165302377,1.23257302820515,6753.95121622527,0.758206821262004,0,1,4
"UMass-gbqr",2023-11-25,1.45312307662832,0.748077596917715,3505.89135584609,0.354628185311413,1.99940641506687,1.06467290157042,7074.89959971412,0.693328006080377,0,1,4
"UMass-gbqr",2023-12-02,0.628559225776384,0.407995698484181,2642.22657777682,0.236000399978066,0.848367110489145,0.552833283624616,4721.58715342734,0.420751601141333,0.25,1,4
"UMass-gbqr",2023-12-09,0.522088187161197,0.40103369173729,3389.15418113799,0.248472720819861,0.589275478673274,0.442880260366928,4696.23092728666,0.345208261526578,0.5,0.75,4
"UMass-gbqr",2023-12-16,0.711673067028412,0.599931971584891,5654.89532669258,0.389929696319008,0.693778362185877,0.579694441103421,6651.07971368546,0.466529945149104,0,0.25,4
"UMass-gbqr",2023-12-23,0.656173651447674,0.590368492884335,4356.17640341036,0.274937345516408,0.676860022733546,0.602357053540674,5602.37040816556,0.358575182312859,0,0.25,4
"UMass-gbqr",2023-12-30,1.08051564282042,1.19636703338164,2747.67310866546,0.175054978486943,1.27523802216771,1.36616535003677,4309.34808641022,0.26980271190594,0.25,0.5,4
"UMass-gbqr",2024-01-06,0.313047423371196,0.376677154428247,1217.32269740105,0.0859087316757418,0.441908737963281,0.527205876285675,2436.02191802258,0.168145450619598,1,1,4
"UMass-gbqr",2024-01-13,0.1982195141577,0.214537365521148,820.157367471735,0.0557983284021897,0.0881382782336277,0.101085751041216,517.459831509628,0.0369398495008024,1,1,4
"UMass-gbqr",2024-01-20,1.38752889284684,2.0328304223648,2738.05871625155,0.288885094274791,1.55234401372575,2.32617955519289,4811.49027054295,0.519551638643486,0,1,4
"UMass-gbqr",2024-01-27,7.34056988356614,10.9840468003829,4403.84473223807,0.542509084339822,7.22630891824929,11.1990515419474,6514.51748980173,0.83218938589177,0,0.75,4
"UMass-gbqr",2024-02-03,2.35379797070471,2.71820932937329,1345.78559022041,0.132753767268504,2.91889779449831,3.43022051326417,2459.17139186482,0.246793112086543,0,1,4
"UMass-gbqr",2024-02-10,11.5112894731363,16.4638295021418,4427.8519765575,0.584263828310685,19.6681683823966,31.058047266192,6470.82739780849,0.914089326555,0,0,4
"UMass-gbqr",2024-02-17,4.35270255170337,5.30082603229894,1966.85813617358,0.22977159246359,6.89674942508444,8.55201910621029,3734.58981368323,0.445218913920411,0,1,4
"UMass-gbqr",2024-02-24,3.55726882714194,4.59143575232121,2842.15599099002,0.393314745099856,3.92008417250323,5.42462082460444,4844.24401617087,0.722584008568903,0,0.5,4
"UMass-gbqr",2024-03-02,1.58692117501566,1.86562453717705,1902.32368699108,0.266982243827618,1.63863260380032,2.0418603981444,3181.40520027832,0.472977207947717,0.25,0.75,4
"UMass-gbqr",2024-03-09,0.427980885220518,0.552165304244736,900.41958909594,0.143443084738412,0.558874484783315,0.744647737560874,1834.22605905884,0.29876354867757,0.75,1,4
"UMass-gbqr",2024-03-16,0.320972071291261,0.444717241405871,629.816097775453,0.120811805887294,0.415995641543795,0.587406182766533,1290.10648333769,0.250033594971068,0.75,1,4
"UMass-gbqr",2024-03-23,0.404542566613682,0.440648019482426,508.454594774486,0.0964813154952088,0.36491004971129,0.421451036167561,760.746226135612,0.146616958506995,0.5,0.75,4
"UMass-gbqr",2024-03-30,0.461656999883291,0.463913151127181,414.319933426789,0.0989575052008969,0.412005082656565,0.4613781342249,618.213626526176,0.148107874125238,0.25,1,4
"UMass-gbqr",2024-04-06,0.393046492531051,0.435945885833005,413.914267847468,0.124214297950121,0.325912544630589,0.390350245985381,577.27259467693,0.171089918543203,0.25,0.75,4
"UMass-gbqr",2024-04-13,0.463295494425562,0.564957965744737,611.879638875144,0.23920912476111,0.394820249320975,0.510277775336864,868.012318132163,0.333755438727223,0.25,0.75,4
"UMass-gbqr",2024-04-20,0.703213831991495,0.871982547471523,887.476244009252,0.468908653138096,0.553110851360608,0.68160539801911,1168.58495121212,0.576412963227635,0,0.5,4
"UMass-gbqr",2024-04-27,0.724941390254968,0.888752045675325,668.180572023972,0.493131003285835,0.555627558328437,0.69237888899954,881.919841956812,0.620600999692711,0.25,0.5,4
"UMass-gbqr",2024-05-04,0.939210870467877,1.0226559390359,826.534987169933,0.68162874824721,0.796103087087019,0.868348857878,1192.16437291281,0.900653433947782,0,0.25,4
"UMass-gbqr",2024-11-30,0.75371550124282,0.520759803500278,3096.09369311773,0.344975869226219,0.668013329925994,0.506822509426049,3849.42681369854,0.443854779161184,0.25,0.5,4
"UMass-gbqr",2024-12-07,0.837864623856867,0.630959657021799,7660.20027381632,0.582511428661682,0.773988693591016,0.596748503016681,8612.55918793403,0.690448060172637,0,0.25,4
"UMass-gbqr",2024-12-14,0.78406078755823,0.595826256987287,12141.0005352381,0.615896379829554,0.733869812547246,0.541049317797963,12908.2196003467,0.671097356389553,0,0.25,4
"UMass-gbqr",2024-12-21,0.69425152696354,0.549854863623635,12545.5411149125,0.530115327155987,0.67764283997545,0.519829405289507,13749.7120445219,0.595520855104344,0,0,4
"UMass-gbqr",2024-12-28,0.797015676730813,0.716741431456141,14942.144442428,0.599227577299446,0.819730390743733,0.73259969111515,17208.6000928832,0.717028136784428,0,0,4
"UMass-gbqr",2025-01-04,1.02778817517904,1.11039273434222,8867.44479922514,0.298787050645761,1.28962649500566,1.39571366950971,14190.4051377948,0.489186988109906,0,1,4
"UMass-gbqr",2025-01-11,1.10905820973189,1.17873118050056,5682.69648950635,0.147518305342514,1.25419205908252,1.28133032481995,8948.66034155381,0.227037101187606,0.5,1,4
"UMass-gbqr",2025-01-18,1.13719665690002,1.31605841075838,14999.1101882824,0.430549043410462,1.4488767213187,1.67237764193297,23221.1472125748,0.685618493705022,0,1,4
"UMass-gbqr",2025-02-01,1.51631589137364,1.85528584436293,16370.3471103085,0.454475048097273,1.64610360241965,1.95590865316482,21690.2956431832,0.596965285835292,0,0.75,4
"UMass-gbqr",2025-02-08,0.60579291201226,0.630252018358325,3504.06028518914,0.0855841707401259,0.664771825322084,0.652464477084832,5360.71999939729,0.122426818296466,0.5,1,4
"UMass-gbqr",2025-02-15,0.374241898380845,0.381678683516645,3748.34888736676,0.103029976876594,0.457409354379559,0.513249557380874,5834.82807680425,0.170757731715419,0.75,1,4
"UMass-gbqr",2025-02-22,0.408180032984018,0.44057068340846,4019.07033502329,0.142670584484814,0.424907831110455,0.490250936498392,5478.7615743382,0.199915472330431,0.25,0.75,4
"UMass-gbqr",2025-03-01,0.369828240712646,0.427814333739196,3474.96616642769,0.164211852119829,0.384057984760596,0.463839453657106,4821.84799866929,0.227691422163447,0.25,0.75,4
"UMass-gbqr",2025-03-08,0.335553011789425,0.418967538660828,2818.49809338382,0.183456103414744,0.379307888026,0.481496650775834,4423.01445529918,0.27926512954353,0.25,0.75,4
"UMass-gbqr",2025-03-15,0.262376599522948,0.329934031897242,1660.39917516326,0.145510325780321,0.268625238881884,0.360213805779799,2531.86003277148,0.22691944182807,0.25,1,4
"UMass-gbqr",2025-03-22,0.289928871251984,0.393104527240236,1474.60297768367,0.182049643655944,0.265688793696821,0.372827973072682,2133.08248019492,0.264110944096807,0,0.75,4
"UMass-gbqr",2025-03-29,0.184452957099874,0.232535875816201,629.390580708536,0.0979006018324248,0.172882416829294,0.243421643182343,1000.9459728374,0.169649780367762,0.25,1,4
"UMass-gbqr",2025-04-05,0.11282874572748,0.137065500057341,277.249036374562,0.0568739656545682,0.0679596808373288,0.0910183231498086,292.124688079258,0.0615010751886018,1,1,4
"UMass-gbqr",2025-04-12,0.284403576651504,0.338713207159878,423.391944608848,0.139342960297623,0.311889649506395,0.466305047087145,794.694826942295,0.257611238915072,0.25,1,4
"UMass-gbqr",2025-04-19,0.763869167338402,0.788983193805761,710.636619593221,0.327043927670823,0.972287751327587,1.53715642392368,1231.15936511856,0.581632991547371,0,1,4
"UMass-gbqr",2025-05-03,0.396360879582579,0.31079378873683,281.348756988694,0.161139646453883,0.727221157551347,0.926962514291573,470.69389422511,0.259318057553413,0,1,4
"UMass-gbqr",2025-05-10,0.352433042217268,0.234439654435223,220.606535398201,0.129404673556642,1.1660088437399,1.38076846766257,384.491416223232,0.223576870846341,0,1,4
"UMass-gbqr",2025-05-17,0.236165122574741,0.137603060258838,139.765651294618,0.0853593277246078,1.00860583909318,1.08354169874635,209.033560152062,0.124356130010473,0.25,1,4
"UMass-gbqr_1src",2023-10-21,1.11462709113365,0.617673976876473,548.408734120042,0.307961961306046,0.84838613011151,0.799377508774287,689.101634183074,0.400061817768537,0,0.5,4
"UMass-gbqr_1src",2023-10-28,2.32594023713028,0.686486076223525,1624.367069661,0.385352293140254,2.40285901227018,1.08985295846177,2938.09585725336,0.694702134872548,0,1,4
"UMass-gbqr_1src",2023-11-04,1.13948817570489,0.774745997585591,1071.24541021528,0.382079165542132,0.794765971213222,0.716792456597404,1235.66239374376,0.454842206738033,0,0.25,4
"UMass-gbqr_1src",2023-11-11,0.932909199771188,0.62383818653939,1278.21777489491,0.337894084336218,0.711797922045152,0.612286786228323,1529.47578499452,0.421272777063937,0,0.25,4
"UMass-gbqr_1src",2023-11-18,1.73412045819998,0.782254402433535,2917.56520894576,0.349826396091193,2.23695433867428,1.11554462183017,5742.82102596154,0.686217791837803,0,1,4
"UMass-gbqr_1src",2023-11-25,1.45081730652218,0.751968456715847,3500.32831744026,0.356472657803569,2.19903377181235,1.12489543188502,7781.28100155802,0.732545653869241,0.25,1,4
"UMass-gbqr_1src",2023-12-02,0.588214438208726,0.391517683790094,2472.63226491894,0.226468882677523,0.797837340384872,0.532865694707646,4440.363717912,0.405554623577566,0.25,1,4
"UMass-gbqr_1src",2023-12-09,0.534804628576467,0.41007267147719,3471.70341640435,0.254073097884638,0.573170258081296,0.427964754772037,4567.88037177889,0.33358219412873,0.5,0.75,4
"UMass-gbqr_1src",2023-12-16,0.752548168221255,0.646839064859142,5979.68549990882,0.420417267413638,0.776244322536841,0.678880595497746,7441.66025908006,0.546353569265726,0,0.25,4
"UMass-gbqr_1src",2023-12-23,0.648000225501811,0.582138540035048,4301.91502738309,0.271104618300473,0.687682788238182,0.61286417456232,5691.95043824743,0.364829932404643,0,0.5,4
"UMass-gbqr_1src",2023-12-30,1.04060320751125,1.14781623698481,2646.17867318084,0.167950922305499,1.20136245430914,1.27233517783653,4059.70407372416,0.251272279321373,0.25,0.75,4
"UMass-gbqr_1src",2024-01-06,0.298896187527322,0.35957197526019,1162.29390846067,0.0820075546860075,0.409578907835336,0.483390300935475,2257.80372944229,0.154171043290678,1,1,4
"UMass-gbqr_1src",2024-01-13,0.21560093573785,0.231594384914923,892.075114958245,0.0602346333199108,0.117919699966331,0.136799500214872,692.306558502326,0.049990754361235,1,1,4
"UMass-gbqr_1src",2024-01-20,1.39054799112323,2.028283632345,2744.01640721822,0.288238950922612,1.54964645392634,2.32451624619686,4803.1291839447,0.519180138983226,0,1,4
"UMass-gbqr_1src",2024-01-27,7.312948883552,10.8683396777607,4387.27400307932,0.5367942356792,7.2821589946991,11.2905137953281,6564.86633372124,0.838985846840994,0,0.5,4
"UMass-gbqr_1src",2024-02-03,2.58517415197006,3.00945176925346,1478.07507918361,0.146977664841351,2.9534905827419,3.47400764783314,2488.31581596005,0.249943452762264,0,1,4
"UMass-gbqr_1src",2024-02-10,11.5455688635594,16.470598161597,4441.03764676365,0.584504032625563,19.5500487780717,30.8305246185814,6431.96604798558,0.907392961456836,0,0,4
"UMass-gbqr_1src",2024-02-17,4.36259429367704,5.25077223374331,1971.32792315092,0.227601941746343,6.49880691999352,7.90450720794764,3519.10394717649,0.411509383981956,0,1,4
"UMass-gbqr_1src",2024-02-24,3.56153994736383,4.61536599676176,2845.56849381642,0.395364674250569,3.88703753274328,5.30392939305877,4803.40663108751,0.706507364463083,0,0.5,4
"UMass-gbqr_1src",2024-03-02,1.57597819733045,1.84864296930578,1889.20577919293,0.264552077948238,1.58049141100377,1.91854627352989,3068.52407446382,0.444412683941232,0.25,0.75,4
"UMass-gbqr_1src",2024-03-09,0.452991038612673,0.590711312314444,953.037901778263,0.153456677152433,0.623171355631887,0.863882940502951,2045.24838918385,0.346602453654238,0.5,1,4
"UMass-gbqr_1src",2024-03-16,0.340427355950939,0.474873350013831,667.991542187717,0.129004008932861,0.433899668067692,0.61838954900472,1345.63134559493,0.263221883879355,0,1,4
"UMass-gbqr_1src",2024-03-23,0.386718664743416,0.42321745955221,486.052391519073,0.0926648377680182,0.339144319650397,0.394981760117372,707.031120391164,0.137408665217101,0.75,0.75,4
"UMass-gbqr_1src",2024-03-30,0.450654380150602,0.458636184682422,404.445492713618,0.0978318733167104,0.387303137509707,0.433562437163984,581.148357833316,0.139178704202773,0.25,0.75,4
"UMass-gbqr_1src",2024-04-06,0.380102025857808,0.416598647466427,400.282548578766,0.11870167881762,0.311218595990073,0.371472081730261,551.245938147416,0.162815647890445,0.25,0.75,4
"UMass-gbqr_1src",2024-04-13,0.432325053968846,0.531342935160506,570.976625246756,0.22497616844856,0.378183489107,0.4939901065033,831.436400801739,0.32310222528127,0.25,0.75,4
"UMass-gbqr_1src",2024-04-20,0.732548594434223,0.892284404846668,924.49756470462,0.479825977831791,0.544441001726948,0.67509093522236,1150.26772639861,0.570903880090348,0,0.5,4
"UMass-gbqr_1src",2024-04-27,0.752749980382168,0.912826621345285,693.811829816878,0.506488969336745,0.582318657404421,0.713719740660585,924.285288965167,0.639729477012803,0.25,0.5,4
"UMass-gbqr_1src",2024-05-04,0.925308719386438,1.0199232584623,814.300658727794,0.679807340315531,0.757998694407113,0.841446879090009,1135.10304487465,0.872750639632368,0,0.25,4
"UMass-gbqr_1src",2024-11-30,0.750305468076704,0.515666749924814,3082.08604412878,0.341601990189469,0.609842347917286,0.44181089174364,3514.21652987336,0.386920217904198,0.25,0.5,4
"UMass-gbqr_1src",2024-12-07,0.817037431831733,0.604426353213769,7469.78710024258,0.558015484212105,0.748236178872057,0.563366105409312,8325.99808039882,0.651824064376412,0,0.25,4
"UMass-gbqr_1src",2024-12-14,0.77296086974877,0.583897997783818,11969.1208669722,0.60356632291291,0.744570303904765,0.553919115092639,13096.4332179569,0.687060572047745,0,0.25,4
"UMass-gbqr_1src",2024-12-21,0.667690553026181,0.522488506576219,12065.5683994895,0.503731409727936,0.674952405701999,0.514452544499405,13695.1217878964,0.589361079026045,0,0.25,4
"UMass-gbqr_1src",2024-12-28,0.80431782135391,0.726448794697891,15079.0422511955,0.607343362856173,0.816115818712173,0.726987129684946,17132.7193822246,0.711534871480478,0,0,4
"UMass-gbqr_1src",2025-01-04,1.0414671459715,1.13203197429505,8985.46281241278,0.3046097874881,1.29928522833423,1.41139197018194,14296.6850099757,0.494682112827871,0,1,4
"UMass-gbqr_1src",2025-01-11,1.13792089988198,1.22301126999497,5830.5858487432,0.153059962228062,1.27948893687638,1.2955779701315,9129.15356461297,0.229561621233394,0.5,1,4
"UMass-gbqr_1src",2025-01-18,1.19327276164598,1.40162699903346,15738.7286781107,0.458542841806225,1.50493350896022,1.77299867831319,24119.5693481055,0.726869728873599,0,1,4
"UMass-gbqr_1src",2025-02-01,1.58734666918928,1.95148844910431,17137.2047914634,0.478041057372754,1.70023826392241,2.03246484541329,22403.6145441396,0.620331095436944,0,0.5,4
"UMass-gbqr_1src",2025-02-08,0.659137725668871,0.677606004263757,3812.62025551636,0.0920145374774076,0.677262809665267,0.659128116372688,5461.44729714071,0.123677167066306,0.5,1,4
"UMass-gbqr_1src",2025-02-15,0.370715550000844,0.383278837286939,3713.02952819337,0.103461920846934,0.331628297310221,0.38319684933193,4230.33346756351,0.127489296096671,0.25,1,4
"UMass-gbqr_1src",2025-02-22,0.426620239214392,0.461302429542695,4200.63846634615,0.149384173131882,0.479550224129842,0.547152527355598,6183.32058993018,0.223118912784458,0.25,0.75,4
"UMass-gbqr_1src",2025-03-01,0.40228863813499,0.467563706060208,3779.96932836601,0.179469213864546,0.389570578327311,0.470415965489843,4891.05861089939,0.230919727389025,0.25,0.5,4
"UMass-gbqr_1src",2025-03-08,0.346190015100007,0.434562647171755,2907.84425478561,0.190284837327853,0.332444042821047,0.428998528816386,3876.54687232552,0.248816538039988,0,0.75,4
"UMass-gbqr_1src",2025-03-15,0.257097557917546,0.321262205701544,1626.99178920278,0.141685802897398,0.292106251571803,0.387056618709104,2753.17444762714,0.243829277123879,0.25,0.75,4
"UMass-gbqr_1src",2025-03-22,0.293845376906397,0.402572536358725,1494.52265962212,0.1864343494192,0.27524854381821,0.381537252434762,2209.8329340445,0.270280588439115,0,0.5,4
"UMass-gbqr_1src",2025-03-29,0.190719234091031,0.245370298144599,650.77237786893,0.103304059108474,0.214671418821856,0.293394518280018,1242.89384712384,0.204477773367199,0.5,1,4
"UMass-gbqr_1src",2025-04-05,0.115937104637339,0.140879223570503,284.887067861202,0.0584564322855793,0.0375851221798825,0.0445618249979374,161.559647690225,0.0301104223292343,1,1,4
"UMass-gbqr_1src",2025-04-12,0.257678294963598,0.304525402001762,383.605985805922,0.125278465981753,0.307348922751411,0.467000298949295,783.125055170596,0.257995332320634,0.25,1,4
"UMass-gbqr_1src",2025-04-19,0.778272508552968,0.814681190542459,724.036220138993,0.337696085856224,1.01103143615753,1.59885881805105,1280.21855603447,0.604980093718229,0,1,4
"UMass-gbqr_1src",2025-05-03,0.419670714154909,0.328106002618101,297.894771795815,0.170115643160574,0.737123365417126,0.967934250934791,477.103098266235,0.270779913882122,0,1,4
"UMass-gbqr_1src",2025-05-10,0.332554856773791,0.22136710618801,208.163724721032,0.122188962364099,1.16952762411266,1.39976299193382,385.651734051148,0.226652503292503,0,1,4
"UMass-gbqr_1src",2025-05-17,0.236218620882857,0.136277766407492,139.797312302795,0.0845372079841341,0.923985473866912,0.980523133261862,191.495989458918,0.112532874719326,0.25,1,4
"UMass-gbqr_1src",2025-11-22,0.470201596358728,0.239405815647033,1270.87554288382,0.211237225674027,0.459922848658213,0.328219642006127,2152.66889314476,0.348551423569992,0,1,4
"UMass-gbqr_1src",2025-11-29,0.322675367473609,0.158028191857288,1767.1105708501,0.139850115267161,0.283415467665438,0.155488701356205,2257.3333460883,0.170603823784443,0.25,0.75,4
"UMass-gbqr_1src",2025-12-06,0.591936264566496,0.33423879241483,7009.84493995101,0.340862280665776,0.567947160552498,0.343003517064843,8365.8616749383,0.428429321933117,0,0.5,4
"UMass-gbqr_1src",2025-12-13,0.30028614431183,0.181710190491953,5482.67109775696,0.197606161178254,0.335467242582153,0.182571132187458,7174.21858305128,0.237890471482407,0.25,0.75,4
"UMass-gbqr_1src",2025-12-20,0.332514842882578,0.234757792675587,6631.90094382701,0.232521105131628,0.337869712719596,0.221607068180253,7855.89315787151,0.265591863100529,0.25,0.25,4
"UMass-gbqr_1src",2025-12-27,0.450696079265656,0.40517102217856,5275.20919724788,0.171640462073513,0.564342710010244,0.494361210752998,7869.75909109285,0.257408403484645,0.25,0.75,4
"UMass-gbqr_1src",2026-01-03,0.790985314633321,0.798037752739368,6066.05012833332,0.227578756905955,0.934311766174122,0.950042685474633,10057.8661628644,0.372501006534661,0.5,0.75,4
"UMass-gbqr_1src",2026-01-10,0.784536831999605,0.796900007317943,11652.3202500855,0.450132101875722,0.895621194781673,0.923485779801633,16561.603228604,0.622793295590354,0,0.25,4
"UMass-gbqr_1src",2026-01-17,0.207478659851304,0.237199841499601,1346.32117566928,0.0725610945081269,0.202809688624157,0.239343618293796,1985.30404194187,0.109233143071646,1,1,4
"UMass-gbqr_1src",2026-01-24,1.41281091601275,1.33642794215703,1338.86301057101,0.0804221734171392,2.11887878380185,2.01340756942429,2091.33335961242,0.11909070537337,0.75,1,4
"UMass-gbqr_1src",2026-01-31,2.41845691847826,2.44043118699735,3620.21655185133,0.290356363284226,2.58007232611714,3.09297373030371,5597.46691151113,0.455445067552715,0,1,4
"UMass-gbqr_1src",2026-02-07,1.11944526291308,1.11399012989708,1481.2245410105,0.114473522216861,1.48372162292599,1.57822749921854,2723.00010847491,0.206557283205583,0.25,1,4
"UMass-gbqr_1src",2026-02-14,0.93652223792114,0.893337410544164,1533.88131864481,0.121084571722851,1.01625382021784,1.03177964537393,2642.51399602143,0.210048449739856,0.5,0.75,4
"UMass-gbqr_1src",2026-02-21,0.418922272195484,0.406671758662384,843.362706951404,0.0747321546092158,0.33617134981228,0.342789245651384,1157.77412875349,0.103746995625499,0.5,0.75,4
"UMass-gbqr_1src",2026-02-28,0.398521952120579,0.461822439874302,1037.03326067932,0.122594309361482,0.370188422707579,0.440177666234883,1651.68819501554,0.193849652944019,0,1,4
"UMass-gbqr_1src",2026-03-07,0.383583052472871,0.464306830686619,790.303584508045,0.14634153807373,0.356734846828141,0.451109112210812,1258.91727445651,0.223324453263889,0.5,0.75,4
"UMass-gbqr_1src",2026-03-14,0.450233960969786,0.559026609321847,962.755147762145,0.222747518394159,0.362908943266512,0.476664453455318,1340.76709089813,0.302503832405937,0.25,0.5,4
"UMass-gbqr_1src",2026-03-21,0.436853475023415,0.511746287180467,876.623421833344,0.247436982045561,0.370480483682814,0.485910918161445,1287.41968079778,0.36082618411854,0.25,0.75,4
"UMass-gbqr_1src",2026-03-28,0.432312893100865,0.450594181667587,710.607598388491,0.234691402136878,0.403993841226278,0.488142620121276,1134.71770154431,0.368125306482108,0,1,4
"UMass-gbqr_1src",2026-04-04,0.271341111656422,0.199416042394728,190.894370770112,0.0952329314984862,0.447039296415474,0.522511603496314,292.92249897624,0.141758391858778,0.5,1,4
"UMass-gbqr_1src",2026-04-11,0.218714342101765,0.168900118466152,148.850609990582,0.0874978901459353,0.408469266576986,0.520427546501252,252.434006744578,0.147658714017202,0,1,4
"UMass-gbqr_1src",2026-04-18,0.361914361124986,0.222505388744818,203.882291721298,0.130241797572796,1.93866063053715,2.10265950341437,342.173601289807,0.215618339909624,0,1,4
"UMass-gbqr_1src",2026-04-25,0.325371810281597,0.190665311085814,180.540258831988,0.119811726229603,1.34771781130357,1.4135257263913,252.69708961942,0.168050950169488,0.25,0.75,4
"UMass-gbqr_1src",2026-05-02,0.222570856784568,0.138302682386744,119.610594520373,0.0882313478342883,1.07803373793614,1.15552539573785,201.322800559574,0.148811242693231,0.25,1,4
"UMass-gbqr_1src",2026-05-09,0.0889498057425945,0.0602048198969023,48.4249993805544,0.0388949650360663,0.211923082884044,0.233212629722628,56.8483669836447,0.0460554041019816,0.75,1,4
"UMass-gbqr_1src",2026-05-16,0.0962106160933977,0.0665045892947822,50.143916882637,0.0437021879346096,0.391251982432803,0.423034299868255,82.358542302105,0.0723808918180524,0.5,1,4
"UMass-gbqr_1src",2026-05-23,0.113175361427648,0.07478796484796,56.7732514015562,0.0545270510773569,0.622697881150872,0.640231864974255,102.589475919606,0.0981487327877129,0.5,1,4
"UMass-gbqr_1src",2026-05-30,0.106723063246957,0.0781120527067377,52.2720979537203,0.0574129257802264,0.560647160110015,0.589448259667847,85.0782065466948,0.0931558287373957,0.5,1,4
"UMass-gbqr_2src_all_otid10",2023-10-21,1.9774891337854,0.597798341395019,972.946307533585,0.298052300361569,2.47139583414468,1.27011100679913,2007.39126628402,0.635648254511202,0.25,1,4
"UMass-gbqr_2src_all_otid10",2023-10-28,1.16868746946479,0.398643398136093,816.176361636122,0.22377460073487,1.39776185765781,0.735391030024641,1709.11331145109,0.46875839034772,0.75,1,4
"UMass-gbqr_2src_all_otid10",2023-11-04,0.47330829449714,0.227879161855674,444.962351437508,0.112382484424048,0.266340342166104,0.161289334621289,414.09264698275,0.102346496823781,1,1,4
"UMass-gbqr_2src_all_otid10",2023-11-11,0.369234117430592,0.225908062170236,505.903052637033,0.122360252158693,0.285077937966022,0.219434471791623,612.561219204489,0.150977893683865,1,1,4
"UMass-gbqr_2src_all_otid10",2023-11-18,0.415629578877289,0.253740413137274,699.274605409975,0.113473435233297,0.175076344166226,0.137717950890825,449.464744560744,0.084716026869176,1,1,4
"UMass-gbqr_2src_all_otid10",2023-11-25,0.353214768845012,0.233918057626379,852.187006570847,0.110889480756283,0.283178032230752,0.205702784372294,1002.02546704851,0.133956167310784,0.75,1,4
"UMass-gbqr_2src_all_otid10",2023-12-02,0.512519252745138,0.392878610950053,2154.43817494342,0.227256095276295,0.687563098197123,0.5585844522078,3826.63242301609,0.425128713485118,0.25,1,4
"UMass-gbqr_2src_all_otid10",2023-12-09,0.530649872475154,0.437230195801488,3444.73266824601,0.270899374825006,0.656407317041368,0.530167275803891,5231.23811316119,0.413245158966696,0,1,4
"UMass-gbqr_2src_all_otid10",2023-12-16,0.638441767169836,0.553489524660315,5073.00547512488,0.359744125148712,0.728167789101418,0.630016709566346,6980.76255216801,0.507028600097562,0,0.5,4
"UMass-gbqr_2src_all_otid10",2023-12-23,0.461192589077294,0.382184994955809,3061.74481333384,0.177985324887482,0.523435446026423,0.428942966500025,4332.4751867607,0.255344071278779,0.25,0.5,4
"UMass-gbqr_2src_all_otid10",2023-12-30,1.75094643447701,1.45969752787725,4452.53010883595,0.213586058634301,2.00763907368032,1.75617366827122,6784.31433973421,0.346825088386721,0.25,1,4
"UMass-gbqr_2src_all_otid10",2024-01-06,2.20112285787561,1.71069195368613,8559.33195617798,0.390157391552311,2.18192374614019,1.83006556093698,12027.8546505978,0.583675585285802,0,1,4
"UMass-gbqr_2src_all_otid10",2024-01-13,0.287851682863451,0.323749674755661,1191.0213756844,0.0842030041164914,0.109705291409897,0.138288325725005,644.079765867505,0.0505348170971871,1,1,4
"UMass-gbqr_2src_all_otid10",2024-01-20,0.977611174004886,1.40600788522708,1929.15391520028,0.199807478285582,1.14446443834056,1.56345443242291,3547.26752663656,0.349197167732131,0.25,1,4
"UMass-gbqr_2src_all_otid10",2024-01-27,5.06679818721985,7.15256862645057,3039.73572352415,0.353269931085705,5.81450863546902,8.36017494928278,5241.77953487532,0.621235542218214,0,1,4
"UMass-gbqr_2src_all_otid10",2024-02-03,2.11348004705467,2.72029450263932,1208.38365396882,0.132855604387332,2.78418915996121,3.50091743836854,2345.67936726732,0.251879523905838,0.5,1,4
"UMass-gbqr_2src_all_otid10",2024-02-10,4.45530447242077,5.14548740612631,1713.74621065793,0.18260163408742,8.40803453402611,10.0462561854581,2766.24336169459,0.295677814907593,0,1,4
"UMass-gbqr_2src_all_otid10",2024-02-17,2.25253369510653,2.4961083821372,1017.85366047851,0.108197249717445,3.05014228795693,3.36582804235261,1651.65204892868,0.175225322447058,0,1,4
"UMass-gbqr_2src_all_otid10",2024-02-24,0.680416495913351,0.68829396366301,543.633308079869,0.0589611135765158,0.669987036255027,0.674353448591116,827.936480052149,0.0898269268637342,0.5,1,4
"UMass-gbqr_2src_all_otid10",2024-03-02,0.602926290175774,0.588425088754658,722.758623029725,0.0842072171487929,0.532764008682592,0.525766847566751,1034.36132285725,0.121788803886684,0.5,1,4
"UMass-gbqr_2src_all_otid10",2024-03-09,0.678567714130504,0.721514837196116,1427.62371739182,0.187437191609691,0.719638627210519,0.764354508148094,2361.85397450492,0.3066701928754,0,1,4
"UMass-gbqr_2src_all_otid10",2024-03-16,0.29048481325469,0.320389074118187,569.993553679264,0.0870368383029493,0.3065602534823,0.350487322049989,950.719986111982,0.149187406763765,0.25,1,4
"UMass-gbqr_2src_all_otid10",2024-03-23,0.295238058280852,0.373470228939705,371.073799580031,0.0817725200007092,0.343650384775178,0.457602979473919,716.425139660052,0.159193717173661,1,1,4
"UMass-gbqr_2src_all_otid10",2024-03-30,0.488109490362036,0.533305133335596,438.060056715068,0.113759537485615,0.573555239924517,0.679400747534503,860.619637506737,0.218095728713886,0.5,1,4
"UMass-gbqr_2src_all_otid10",2024-04-06,0.23912548224516,0.254689575447899,251.82122417581,0.0725688390177714,0.215232793117206,0.264632476671222,381.231084808851,0.115988011646497,1,1,4
"UMass-gbqr_2src_all_otid10",2024-04-13,0.454478267179094,0.543612987037534,600.234626375856,0.230171437031787,0.45028251272868,0.559038769999804,989.946104234002,0.365648356571356,0.25,0.75,4
"UMass-gbqr_2src_all_otid10",2024-04-20,0.351323971803967,0.459956085029242,443.381038231296,0.247341404892943,0.300899045448168,0.436802435862627,635.724458270617,0.369390540527331,0,1,4
"UMass-gbqr_2src_all_otid10",2024-04-27,0.20462359759076,0.265272316695838,188.602160568746,0.147188413588152,0.17870158349016,0.274312480973289,283.644088394757,0.245874914190695,0.75,1,4
"UMass-gbqr_2src_all_otid10",2024-05-04,0.277052091412598,0.329459470310202,243.81451921126,0.219593939441102,0.234397472068815,0.290889552231576,351.01021442305,0.301711313074255,0.25,1,4
"UMass-gbqr_2src_all_otid10",2024-11-30,0.577869282379025,0.421353726627458,2373.7569914245,0.279124592793069,0.717295464296692,0.576516518247945,4133.41511300969,0.504889990342968,0.25,1,4
"UMass-gbqr_2src_all_otid10",2024-12-07,0.482692942167844,0.32232179401153,4413.0334453588,0.297572319607061,0.588821141191119,0.388716016961642,6552.10724860418,0.449750973001934,0,0.75,4
"UMass-gbqr_2src_all_otid10",2024-12-14,0.533946641804408,0.37400475378085,8268.04065042524,0.38660292525105,0.645394198092861,0.44605522373139,11351.9998988049,0.553270231756706,0,0.5,4
"UMass-gbqr_2src_all_otid10",2024-12-21,0.480364469481282,0.371002473730787,8680.47381671375,0.357683655722097,0.594469498026931,0.440804265980218,12062.0833497154,0.504989003582789,0,0.25,4
"UMass-gbqr_2src_all_otid10",2024-12-28,0.550306424633027,0.463673300215954,10316.9339381012,0.387651412563622,0.626979427498892,0.513227160777378,13162.1791214842,0.502318413865565,0,0.25,4
"UMass-gbqr_2src_all_otid10",2025-01-04,0.487564258466319,0.394629777609414,4206.55661588253,0.106187895239388,0.598369537300875,0.487671065048832,6584.15920369018,0.170924986056338,0.5,1,4
"UMass-gbqr_2src_all_otid10",2025-01-11,1.15854060948144,1.15740110633226,5936.23905100729,0.144848844785103,1.30745783762625,1.2884087926532,9328.71167146332,0.228291324853886,0.25,1,4
"UMass-gbqr_2src_all_otid10",2025-01-18,1.02268294393803,1.1123135215661,13488.7260446388,0.363893820189058,1.12835891187653,1.18139440468757,18084.2082806451,0.484331906803799,0,0.5,4
"UMass-gbqr_2src_all_otid10",2025-02-01,0.902703639620821,0.979453710519294,9745.70800345867,0.239929212821737,1.04610291580733,1.07230137978403,13784.2365958643,0.327278423073888,0,0.5,4
"UMass-gbqr_2src_all_otid10",2025-02-08,0.826465267720386,0.798390009813975,4780.48531813889,0.108416228630436,1.12540986178851,1.10393252804708,9075.30512546252,0.207139165072439,0.5,1,4
"UMass-gbqr_2src_all_otid10",2025-02-15,0.194816558187567,0.209202720204889,1951.25247141587,0.0564719811613221,0.247959172010372,0.286793944092054,3163.02918795731,0.0954161239081914,1,1,4
"UMass-gbqr_2src_all_otid10",2025-02-22,0.305204961404422,0.36198132063606,3005.14505208654,0.117220887663675,0.376427430801548,0.436006767299425,4853.65529275516,0.177795680405018,0.5,1,4
"UMass-gbqr_2src_all_otid10",2025-03-01,0.305080331936381,0.395774894872387,2866.58430810636,0.151913863992096,0.408763612707287,0.547812879760939,5132.02715753998,0.268912643564016,0.5,1,4
"UMass-gbqr_2src_all_otid10",2025-03-08,0.249072412838559,0.339162111946428,2092.09900085931,0.148511170298513,0.323325300344213,0.467429157826081,3770.21549598878,0.271106069174916,0.25,1,4
"UMass-gbqr_2src_all_otid10",2025-03-15,0.30398261584381,0.422791807764767,1923.69474079905,0.186463255491822,0.342518244714799,0.51536990664427,3228.32008599816,0.324661214185091,0.25,1,4
"UMass-gbqr_2src_all_otid10",2025-03-22,0.212401538994796,0.310386542457741,1080.29235071972,0.143742326873535,0.233200434371566,0.3636849537061,1872.24968735212,0.257634038791388,0.25,1,4
"UMass-gbqr_2src_all_otid10",2025-03-29,0.231070171915287,0.37898826145278,788.457891772571,0.159558944414144,0.251349771453649,0.428847343522324,1455.25233927377,0.298879987369741,0,1,4
"UMass-gbqr_2src_all_otid10",2025-04-05,0.249857014710524,0.457746279086682,613.962480157621,0.189937264624513,0.266562724114421,0.514390357812722,1145.81986960584,0.347573532200352,0,1,4
"UMass-gbqr_2src_all_otid10",2025-04-12,0.554007660916195,0.846165056423668,824.751867206404,0.348103178057729,0.530992886002381,1.03352727045173,1352.96987353407,0.570974391670746,0,1,4
"UMass-gbqr_2src_all_otid10",2025-04-19,1.10302743487551,1.47624899470323,1026.15961103619,0.611924655985395,1.20431744838143,2.36699485210568,1524.96696901298,0.895629277138427,0,0.75,4
"UMass-gbqr_2src_all_otid10",2025-05-03,0.802071168601908,0.802666764370954,569.334003245395,0.416164811905361,1.35175052558292,2.18988300352273,874.920527683543,0.612620465215623,0,1,4
"UMass-gbqr_2src_all_otid10",2025-05-10,0.802803198684266,0.707571900063957,502.517105530499,0.390561532630686,2.31698059400814,3.42096997223907,764.024350874183,0.553930495637169,0,1,4
"UMass-gbqr_2src_all_otid10",2025-05-17,0.7525590185755,0.599005810684465,445.374406779966,0.371581367499969,3.46662511114784,5.0317427998013,718.458054285389,0.577484062233429,0,1,4
"UMass-gbqr_2src_all_otid10",2025-11-22,0.299480814815151,0.147518231260613,809.446088781721,0.130161173502042,0.286225800356887,0.192345618687253,1339.67985857041,0.204260594524813,0,1,4
"UMass-gbqr_2src_all_otid10",2025-11-29,0.265302278744812,0.135882278821926,1452.91059838623,0.120251659736588,0.333394420680556,0.18826908554518,2655.40321211546,0.206570802986043,0.25,1,4
"UMass-gbqr_2src_all_otid10",2025-12-06,0.445095373788497,0.25770948779724,5270.92144967983,0.262816422729149,0.551850140027897,0.337165741071946,8128.75256261093,0.421137634571901,0,0.75,4
"UMass-gbqr_2src_all_otid10",2025-12-13,0.538123065946302,0.371924304099531,9825.13458108935,0.404460166945104,0.637436710938923,0.441728609688922,13632.0621409621,0.575573070984026,0,0.25,4
"UMass-gbqr_2src_all_otid10",2025-12-20,0.577235471720027,0.450229135990067,11512.7746975864,0.445939515232779,0.617862399116815,0.47246451767052,14366.0731074648,0.566239752763388,0,0.25,4
"UMass-gbqr_2src_all_otid10",2025-12-27,0.703044922590366,0.575764354810558,8228.84691557542,0.243908015370334,0.948011924848918,0.760113105157908,13220.0262920182,0.395782469600375,0.25,1,4
"UMass-gbqr_2src_all_otid10",2026-01-03,2.95634613873669,2.1482752842268,22672.157804339,0.61262993761624,3.1654797394738,2.2288347205518,34076.3893954354,0.873900919925679,0,0.5,4
"UMass-gbqr_2src_all_otid10",2026-01-10,0.971920316026393,0.903287502652684,14435.4303303246,0.510225496841917,1.1691873886849,1.11392854816081,21620.3208947141,0.751226761402072,0,0.5,4
"UMass-gbqr_2src_all_otid10",2026-01-17,0.427991281075356,0.480908268415555,2777.21923366257,0.147113210926405,0.358593816760335,0.404149007378759,3510.27487226692,0.184448061159825,1,1,4
"UMass-gbqr_2src_all_otid10",2026-01-24,4.19365913228482,5.918227301963,3974.15891080841,0.356140939130851,7.39464786437986,10.61351227197,7298.51744214292,0.627776850625052,0,1,4
"UMass-gbqr_2src_all_otid10",2026-01-31,3.95378574505904,4.80227767182293,5918.46829578545,0.571362916398044,4.17788669716318,6.06774298857762,9063.92518949552,0.893484347522696,0,1,4
"UMass-gbqr_2src_all_otid10",2026-02-07,1.60229787642024,1.69540414875935,2120.12415005141,0.174219572760031,2.09191011863944,2.39164390808862,3839.17804523303,0.313016639422756,0.25,1,4
"UMass-gbqr_2src_all_otid10",2026-02-14,0.964165458027124,0.916743915239404,1579.15671862023,0.124257131791533,0.700202883291047,0.663287639369706,1820.70254727755,0.135031293751413,0.5,0.5,4
"UMass-gbqr_2src_all_otid10",2026-02-21,0.443346058187971,0.443952742518152,892.531995947845,0.0815831055054787,0.36377967063804,0.38132052613373,1252.85718567741,0.11540869341316,0.75,0.75,4
"UMass-gbqr_2src_all_otid10",2026-02-28,0.22955919768805,0.276094803450398,597.358619846716,0.0732914835331696,0.199475246532199,0.258036614487739,890.008681215039,0.113636633573786,1,1,4
"UMass-gbqr_2src_all_otid10",2026-03-07,0.337087188982463,0.378235489187996,694.507257364877,0.11921332959928,0.330963299296254,0.390790623009927,1167.96948321648,0.193463399124516,0.75,1,4
"UMass-gbqr_2src_all_otid10",2026-03-14,0.21100283179483,0.239460592845822,451.196666873593,0.095414515016211,0.169750881891497,0.185841675071014,627.144633148134,0.117940027879571,0.5,1,4
"UMass-gbqr_2src_all_otid10",2026-03-21,0.163388225029051,0.187722001164241,327.867244056067,0.0907663945889119,0.141848088249501,0.175065566853496,492.922106667016,0.12999963181998,0.25,1,4
"UMass-gbqr_2src_all_otid10",2026-03-28,0.161009389956517,0.22828345105123,264.656682095072,0.118901142961013,0.147882102384398,0.240665774130447,415.363855072179,0.181494420297727,0.5,1,4
"UMass-gbqr_2src_all_otid10",2026-04-04,0.983678047168863,1.33948544687177,692.038890488668,0.639683368866872,1.73379328931126,3.1452497186563,1136.06805282121,0.853312231015624,0,1,4
"UMass-gbqr_2src_all_otid10",2026-04-11,0.807453691750407,1.03653274750547,549.52946112822,0.536970780704772,1.50847545086074,2.74800273810539,932.237828631935,0.779679233261752,0,1,4
"UMass-gbqr_2src_all_otid10",2026-04-18,0.855219626475772,0.965198093015501,481.782863849098,0.564971191741988,4.86711463780136,7.37805226017777,859.04573357194,0.756586302976166,0,1,4
"UMass-gbqr_2src_all_otid10",2026-04-25,0.772456538282765,0.692267684186612,428.615814127643,0.435012461275861,3.64765465548115,5.00644856946503,683.935247902716,0.595205607768592,0,0.75,4
"UMass-gbqr_2src_all_otid10",2026-05-02,0.378160994844947,0.301330672515606,203.225445016825,0.192236411623009,1.52557509688242,1.75865428401474,284.901149342792,0.226483580921124,0,1,4
"UMass-gbqr_2src_all_otid10",2026-05-09,0.157418164632293,0.124605360355921,85.6997321260757,0.0805005503321732,0.383951494008769,0.438470012226263,102.994988267852,0.0865901371795303,0.75,1,4
"UMass-gbqr_2src_all_otid10",2026-05-16,0.183936984398833,0.164782412960479,95.8659369604732,0.108283534352753,0.507268163842626,0.563415781663038,106.779948488873,0.0964000714689943,1,1,4
"UMass-gbqr_2src_all_otid10",2026-05-23,0.264511670676373,0.209981254996694,132.68954822429,0.153094934990794,1.36938801008263,1.59659523634698,225.606674661113,0.244761012057181,0,1,4
"UMass-gbqr_2src_all_otid10",2026-05-30,0.177877275358533,0.149451430474175,87.1228587186119,0.109847886315019,1.00198513236056,1.14741398806826,152.051243835714,0.181336188902501,0.25,1,4
"UMass-gbqr_2src_mobsgleam_otid10",2023-10-21,2.13709295360069,0.628680094279292,1051.4731345611,0.313449428203837,2.91340453606378,1.46798925149093,2366.41283441781,0.734679725123418,0.5,1,4
"UMass-gbqr_2src_mobsgleam_otid10",2023-10-28,1.13162675613059,0.408034485247254,790.294268297174,0.229046196297702,1.14764713326289,0.696282798769378,1403.2855321972,0.443829732281345,0.25,1,4
"UMass-gbqr_2src_mobsgleam_otid10",2023-11-04,0.788519947398245,0.346201076099436,741.296305239003,0.170734948845279,0.795376624939242,0.446163841387745,1236.61180762429,0.283114232461155,1,1,4
"UMass-gbqr_2src_mobsgleam_otid10",2023-11-11,0.618824725196387,0.272616761891265,847.877546372662,0.147659430155992,0.239985050696896,0.162887192867112,515.667877684954,0.112071567818694,1,1,4
"UMass-gbqr_2src_mobsgleam_otid10",2023-11-18,0.986348889769774,0.49763629794968,1659.4794156697,0.222544369369261,0.959811842516508,0.614202081753338,2464.0769527005,0.377821189789326,0.5,1,4
"UMass-gbqr_2src_mobsgleam_otid10",2023-11-25,0.909650224484135,0.505731236083564,2194.67635615707,0.239743244880704,1.05175174966273,0.654102118883533,3721.62356618159,0.425959294342456,0.5,1,4
"UMass-gbqr_2src_mobsgleam_otid10",2023-12-02,0.348478596983943,0.259169854462598,1464.87295544831,0.149913809245226,0.273470049359844,0.19585990738648,1521.99755971221,0.149065499623954,1,1,4
"UMass-gbqr_2src_mobsgleam_otid10",2023-12-09,0.502164164182043,0.424564724332994,3259.81667179488,0.263052093608783,0.77465131590639,0.660743435347924,6173.58366211598,0.515024292215188,0.25,0.75,4
"UMass-gbqr_2src_mobsgleam_otid10",2023-12-16,0.82287318960286,0.752434898507377,6538.48230308265,0.48904996794839,0.884742162430447,0.824143516599507,8481.80192568009,0.663259128140514,0,0.25,4
"UMass-gbqr_2src_mobsgleam_otid10",2023-12-23,0.823501690492517,0.787748588942246,5467.02633422963,0.366858171783415,0.883134172133645,0.849419921614775,7309.70154275018,0.505648438020035,0,0.5,4
"UMass-gbqr_2src_mobsgleam_otid10",2023-12-30,0.898413454749902,0.983873914951237,2284.60041877414,0.143962531739798,1.41539941666476,1.60059778814809,4782.98847876439,0.316100553934691,0,0.75,4
"UMass-gbqr_2src_mobsgleam_otid10",2024-01-06,0.304168331010486,0.320160735693132,1182.79527485716,0.0730190360960919,0.143608806870812,0.16229628556613,791.643547875351,0.0517622873680121,1,1,4
"UMass-gbqr_2src_mobsgleam_otid10",2024-01-13,0.330795260854019,0.43755364944613,1368.70565679176,0.113801911224481,0.339460747688099,0.498024317531466,1992.97404967683,0.181993437728441,1,1,4
"UMass-gbqr_2src_mobsgleam_otid10",2024-01-20,1.01572363415405,1.37357100435728,2004.36254995174,0.195197880118926,1.20037810053513,1.67556768600118,3720.57192260865,0.3742376356875,0,1,4
"UMass-gbqr_2src_mobsgleam_otid10",2024-01-27,4.42371859094594,5.59430182155484,2653.93152338965,0.276306138701677,4.71642754953724,6.14228257852283,4251.85943590782,0.45642636323699,0,1,4
"UMass-gbqr_2src_mobsgleam_otid10",2024-02-03,3.24113275588224,3.94361809804098,1853.11985699086,0.19260111924636,3.62344408779279,4.4537498168063,3052.75164396542,0.320432687488815,0,1,4
"UMass-gbqr_2src_mobsgleam_otid10",2024-02-10,4.82673958478248,5.5443608756611,1856.61983921812,0.196756745466073,10.2322201596074,12.4561220570352,3366.40043251084,0.366604124367996,0,1,4
"UMass-gbqr_2src_mobsgleam_otid10",2024-02-17,1.47032712257646,1.56558241515295,664.397539120721,0.0678623223004879,2.66218734336848,2.83710650170589,1441.57444643403,0.147700029627948,0.25,1,4
"UMass-gbqr_2src_mobsgleam_otid10",2024-02-24,0.849672199142436,0.8489152555635,678.863771201283,0.0727203657776411,0.959863711070441,0.955929818503731,1186.1515809553,0.127334171824874,0.25,1,4
"UMass-gbqr_2src_mobsgleam_otid10",2024-03-02,0.823094304301515,0.847482869950957,986.685297513133,0.121279964814004,0.787372338986732,0.807326807155761,1528.68339614274,0.187009444669621,0.25,1,4
"UMass-gbqr_2src_mobsgleam_otid10",2024-03-09,0.78890461970774,0.844132668480719,1659.75911084703,0.219291203131577,0.70399774953576,0.754351778660885,2310.52061397637,0.302656951704683,0.25,0.5,4
"UMass-gbqr_2src_mobsgleam_otid10",2024-03-16,0.615667097416037,0.67130736640188,1208.0709927919,0.182367238526822,0.5913497812031,0.645667500382881,1833.92350895611,0.274832936753203,0,0.75,4
"UMass-gbqr_2src_mobsgleam_otid10",2024-03-23,0.366293829279417,0.398195826558723,460.381170994334,0.0871862699308464,0.358089395279392,0.405734101696179,746.526866808713,0.141149255425275,0,1,4
"UMass-gbqr_2src_mobsgleam_otid10",2024-03-30,0.351489994742702,0.360567290442793,315.449156535685,0.076912757123982,0.276699299558666,0.314203120937374,415.187298987778,0.10086294263539,0.25,1,4
"UMass-gbqr_2src_mobsgleam_otid10",2024-04-06,0.305857495406676,0.338034203924461,322.096199006058,0.0963162692621196,0.244578637545123,0.302864084692552,433.2099117518,0.132744867238155,0.25,1,4
"UMass-gbqr_2src_mobsgleam_otid10",2024-04-13,0.463773955312771,0.566975282126121,612.511547621081,0.240063277663124,0.369168901984673,0.484777956801083,811.617831013304,0.31707686965324,0.25,0.75,4
"UMass-gbqr_2src_mobsgleam_otid10",2024-04-20,0.49971790066088,0.654194390834986,630.658478782696,0.351793062357075,0.433925127552057,0.578544134571873,916.775313235608,0.489257185954961,0,0.75,4
"UMass-gbqr_2src_mobsgleam_otid10",2024-04-27,0.589995537704244,0.739647765015443,543.800590191382,0.410399330403834,0.466730688520229,0.615625947259597,740.818285353734,0.551804921230538,0.25,0.5,4
"UMass-gbqr_2src_mobsgleam_otid10",2024-05-04,0.632950075226451,0.73123211909737,557.015893614911,0.487386632192628,0.535604677421197,0.664631760215755,802.068004438242,0.689357591385442,0,1,4
"UMass-gbqr_2src_mobsgleam_otid10",2024-11-30,0.755406766810495,0.551222067517913,3103.04103153498,0.365155510468588,0.763702110848263,0.625274014780761,4400.83341376311,0.54758984572337,0.25,0.75,4
"UMass-gbqr_2src_mobsgleam_otid10",2024-12-07,0.840146634547805,0.664423291340233,7681.06361906548,0.613405558291224,0.858733204702134,0.726171859390556,9555.553735323,0.84019306145482,0,0.5,4
"UMass-gbqr_2src_mobsgleam_otid10",2024-12-14,0.778473497144555,0.613030148544036,12054.4826312957,0.633679776255148,0.821608528290256,0.665343392525505,14451.4778062294,0.825267082180959,0,0.25,4
"UMass-gbqr_2src_mobsgleam_otid10",2024-12-21,0.593431401482436,0.471281553726501,10723.6610321046,0.454362762911401,0.691516251636242,0.54041746970321,14031.2105038252,0.619106711540771,0,0.25,4
"UMass-gbqr_2src_mobsgleam_otid10",2024-12-28,0.497692752195771,0.411142700064825,9330.55297200933,0.343733504541064,0.57358255714156,0.456313915337752,12041.2186220728,0.446614870947315,0,0.5,4
"UMass-gbqr_2src_mobsgleam_otid10",2025-01-04,0.531494231982276,0.436850589970949,4585.57110991123,0.117548769289815,0.733563937870721,0.59231279302421,8071.77079036048,0.207601113013576,0.25,1,4
"UMass-gbqr_2src_mobsgleam_otid10",2025-01-11,1.77479964660276,1.65684082411147,9093.88491318661,0.207353767032298,2.00418690645144,1.79371303972646,14299.873577531,0.317825467027115,0.25,0.5,4
"UMass-gbqr_2src_mobsgleam_otid10",2025-01-18,0.274348537148329,0.252292048766524,3618.53327101685,0.0825374461866764,0.359517736842697,0.294270322763421,5761.99076837791,0.120640918878796,0.75,1,4
"UMass-gbqr_2src_mobsgleam_otid10",2025-02-01,0.689029175003392,0.667440454614617,7438.85019480783,0.163497734666975,0.686656768916692,0.642739057279167,9047.90457982303,0.196171178252787,0.25,0.5,4
"UMass-gbqr_2src_mobsgleam_otid10",2025-02-08,0.590653730446811,0.593086285986146,3416.49140839667,0.0805373033087328,0.712102217244113,0.724978248557855,5742.39227985652,0.136033122755804,0.25,0.75,4
"UMass-gbqr_2src_mobsgleam_otid10",2025-02-15,0.274131254671161,0.295419863881383,2745.65618623875,0.079745354034837,0.26939630728925,0.304885284676699,3436.48664485849,0.101435098961359,0.25,1,4
"UMass-gbqr_2src_mobsgleam_otid10",2025-02-22,0.0935947054668163,0.108397484428971,921.563216865271,0.0351025001040002,0.0917455265343173,0.106271750033323,1182.96681913349,0.0433356991728315,0.75,1,4
"UMass-gbqr_2src_mobsgleam_otid10",2025-03-01,0.272493793864146,0.340795688244473,2560.39590815124,0.130810696948721,0.316196445827688,0.42784628162238,3969.84637736662,0.210022945572797,0,0.75,4
"UMass-gbqr_2src_mobsgleam_otid10",2025-03-08,0.253967561747835,0.356083029111747,2133.21610421668,0.155920444867315,0.320775874851622,0.47654521150035,3740.48728267606,0.276393324872684,0,1,4
"UMass-gbqr_2src_mobsgleam_otid10",2025-03-15,0.309515950469579,0.445092130802742,1958.71137057943,0.196298334497169,0.346527445791486,0.535117708616062,3266.1078084462,0.337101493066322,0,1,4
"UMass-gbqr_2src_mobsgleam_otid10",2025-03-22,0.21391090410909,0.332031178970962,1087.96911047924,0.153766119761288,0.25558172329872,0.407474573512609,2051.93786550377,0.28865455941762,0,1,4
"UMass-gbqr_2src_mobsgleam_otid10",2025-03-29,0.235930412130171,0.406525651939445,805.042008716671,0.171152540852011,0.285153915761379,0.498817822945738,1650.96988377944,0.347645069682152,0,1,4
"UMass-gbqr_2src_mobsgleam_otid10",2025-04-05,0.263060205601324,0.479463101649269,646.406091295384,0.198948444097351,0.288355526579693,0.548537905662822,1239.49623100281,0.370647028120275,0,1,4
"UMass-gbqr_2src_mobsgleam_otid10",2025-04-12,0.522715054054004,0.757672036235113,778.166525955587,0.311698103977076,0.520605593892901,0.939594192528023,1326.50305323911,0.519080858177619,0,1,4
"UMass-gbqr_2src_mobsgleam_otid10",2025-04-19,0.836037841561129,0.922596443934422,777.776000108945,0.382428380031794,1.01705399074732,1.681810736673,1287.8446157838,0.636367642722206,0,1,4
"UMass-gbqr_2src_mobsgleam_otid10",2025-05-03,0.456705161180516,0.385858081161201,324.182925277035,0.200058807585563,0.95069832988369,1.283342014922,615.339494017218,0.359015335955189,0,1,4
"UMass-gbqr_2src_mobsgleam_otid10",2025-05-10,0.469253586503656,0.349984296979749,293.730710635053,0.193182351380444,1.52118143638726,1.89481912681537,501.6095786487,0.306813011098326,0,1,4
"UMass-gbqr_2src_mobsgleam_otid10",2025-05-17,0.45398292903444,0.305533445037496,268.673117610988,0.18953160937501,2.17574991048255,2.62940363664614,450.924168947508,0.301771921530196,0,1,4
"UMass-gbqr_2src_mobsgleam_otid10",2025-11-22,0.490236862647763,0.247263186881665,1325.02748562302,0.218170095271236,0.553435961909012,0.396892890106911,2590.35701971513,0.421478681184442,0,1,4
"UMass-gbqr_2src_mobsgleam_otid10",2025-11-29,0.476635442067469,0.275553514907446,2610.26286175416,0.243856430736606,0.593868093543494,0.392219936645419,4730.01089805054,0.430347802589905,0.5,1,4
"UMass-gbqr_2src_mobsgleam_otid10",2025-12-06,0.522830785856025,0.343663462066467,6191.48201938176,0.350473715558682,0.712375647936937,0.493409264294088,10493.2932941111,0.616293962073491,0.5,0.75,4
"UMass-gbqr_2src_mobsgleam_otid10",2025-12-13,0.522745874495159,0.365485880850239,9544.37542942398,0.397458511733094,0.691548790132967,0.489172973876237,14789.2895385861,0.637393151905224,0.25,0.75,4
"UMass-gbqr_2src_mobsgleam_otid10",2025-12-20,0.475175714280938,0.357852517680645,9477.22586067011,0.354443028011534,0.584723781098513,0.429923883324114,13595.5588152668,0.515255610306569,0.25,0.25,4
"UMass-gbqr_2src_mobsgleam_otid10",2025-12-27,0.577656540115707,0.509373638222677,6761.22831650508,0.215783266440206,0.792450569473555,0.673286041515575,11050.7231913087,0.350572579857226,0.25,0.75,4
"UMass-gbqr_2src_mobsgleam_otid10",2026-01-03,1.63602749896462,1.46036788994573,12546.6612798643,0.416457376707293,1.75797514320831,1.51298741121398,18924.6024166374,0.593225275209518,0.25,0.5,4
"UMass-gbqr_2src_mobsgleam_otid10",2026-01-10,1.08141288982869,1.03647384121511,16061.6669618141,0.585456323755836,1.27618459515629,1.17836684506977,23598.8864874813,0.794683564064247,0,0.25,4
"UMass-gbqr_2src_mobsgleam_otid10",2026-01-17,1.54788546041927,1.4170884035849,10044.1702022106,0.433497277775659,1.61438144178179,1.43699323627281,15803.179933602,0.655823994346478,0,0.25,4
"UMass-gbqr_2src_mobsgleam_otid10",2026-01-24,2.1271696535172,1.8253399195002,2015.83151292527,0.109843410872072,4.66940146627033,4.2129542499683,4608.69924720881,0.249191321694456,0.5,1,4
"UMass-gbqr_2src_mobsgleam_otid10",2026-01-31,1.36913107017156,1.28256986139772,2049.46837134802,0.152596935573336,1.49490825877955,1.59577866630637,3243.20346742223,0.234980826172009,0,1,4
"UMass-gbqr_2src_mobsgleam_otid10",2026-02-07,1.87770668192537,1.9063053217843,2484.53882492621,0.195891757699465,1.94155214979392,2.16425635814145,3563.2335829093,0.283256319966203,0,0.25,4
"UMass-gbqr_2src_mobsgleam_otid10",2026-02-14,1.15170048131453,1.14826631963998,1886.31063036365,0.155638098098554,0.990427449443933,1.0697355500966,2575.35897541659,0.217775466822638,0,0.5,4
"UMass-gbqr_2src_mobsgleam_otid10",2026-02-21,0.477044433910113,0.483071478026624,960.372631920595,0.088771771371414,0.450415077232908,0.49199642908031,1551.22952599013,0.148905346428128,0.25,0.75,4
"UMass-gbqr_2src_mobsgleam_otid10",2026-02-28,0.117638133734168,0.139130259119618,306.117785375255,0.0369331945686659,0.044233363524306,0.0576625130218192,197.358209704572,0.0253939692869265,1,1,4
"UMass-gbqr_2src_mobsgleam_otid10",2026-03-07,0.207667201908493,0.274670787324574,427.860754000974,0.0865715144047286,0.151989623055946,0.223341175053804,536.371379764434,0.110566478175897,0.5,0.75,4
"UMass-gbqr_2src_mobsgleam_otid10",2026-03-14,0.251881538573616,0.321755041659725,538.609409573774,0.128205233642556,0.219253934174172,0.311528783550439,810.033659806479,0.197704381448283,0.25,0.75,4
"UMass-gbqr_2src_mobsgleam_otid10",2026-03-21,0.296257429924279,0.330112766885013,594.492700212249,0.159614458998375,0.302598345102472,0.390724246715729,1051.52924923109,0.290142768387405,0.25,0.75,4
"UMass-gbqr_2src_mobsgleam_otid10",2026-03-28,0.261568571827754,0.260862499128279,429.94927425646,0.135869898405637,0.253427448103715,0.29066342221065,711.81434486131,0.219199383487249,0.5,1,4
"UMass-gbqr_2src_mobsgleam_otid10",2026-04-04,0.293749910382324,0.259601211481592,206.659447821582,0.123974902385306,0.499825993750324,0.660837225672553,327.5109824049,0.179286396254008,0.75,1,4
"UMass-gbqr_2src_mobsgleam_otid10",2026-04-11,0.21515462664665,0.185459275548769,146.42797134789,0.0960762814489259,0.26293705118862,0.345803080774068,162.495097634567,0.098113250448711,0.5,1,4
"UMass-gbqr_2src_mobsgleam_otid10",2026-04-18,0.39805914939132,0.26914819638415,224.244242108164,0.157543802009892,1.78261082764137,1.92034005588519,314.630811078701,0.196922294950539,0,1,4
"UMass-gbqr_2src_mobsgleam_otid10",2026-04-25,0.352308633313177,0.227314705114138,195.486793376649,0.142841752713162,1.3462609056092,1.40876592069856,252.423919801725,0.167485067388332,0,1,4
"UMass-gbqr_2src_mobsgleam_otid10",2026-05-02,0.292563500001193,0.207445787346009,157.224960516619,0.132341767377303,1.19536788238789,1.29163190903114,223.234952035938,0.166339355408473,0,1,4
"UMass-gbqr_2src_mobsgleam_otid10",2026-05-09,0.109231128777935,0.0881022732683356,59.4663169778661,0.0569179485004354,0.26520663306663,0.294501971501512,71.1416793201234,0.0581589741621802,1,1,4
"UMass-gbqr_2src_mobsgleam_otid10",2026-05-16,0.155414726749791,0.11553816573421,81.000449398578,0.0759236420535667,0.622147648418518,0.638613455703645,130.962079992098,0.109266344278072,0.5,1,4
"UMass-gbqr_2src_mobsgleam_otid10",2026-05-23,0.162294353568737,0.11617633060319,81.4132866021496,0.0847028358862052,0.793982999655312,0.803673299417141,130.808699193213,0.123204607937289,0.5,1,4
"UMass-gbqr_2src_mobsgleam_otid10",2026-05-30,0.201090848198474,0.151997764853643,98.4926799777467,0.111719460568596,1.09810916411136,1.07362886156491,166.638065653899,0.169675259388879,0,1,4
"UMass-gbqr_2src_mobsgleam_otid50",2023-10-21,1.54368504460301,0.515715360437535,759.509945456068,0.257127092643827,1.56038437759865,0.952627949222053,1267.42221070451,0.476758558803158,0.5,1,4
"UMass-gbqr_2src_mobsgleam_otid50",2023-10-28,1.01576581077183,0.400248432509145,709.380450609085,0.224675571195374,0.89250477193402,0.556698483583392,1091.31020988232,0.354854865532999,0.75,1,4
"UMass-gbqr_2src_mobsgleam_otid50",2023-11-04,0.565788381162711,0.301865990560981,531.903901590515,0.148870347363552,0.388613569046743,0.232316004240061,604.196946475423,0.14741662395655,1,1,4
"UMass-gbqr_2src_mobsgleam_otid50",2023-11-11,0.569652782082954,0.320803737530518,780.505017803829,0.173759297656695,0.193667576998318,0.170023838399853,416.143206075137,0.116981806860464,0.75,1,4
"UMass-gbqr_2src_mobsgleam_otid50",2023-11-18,0.905180164660076,0.51297077137678,1522.91736352694,0.229401989547902,0.822020018655898,0.520510771625099,2110.33089289435,0.320187776752821,0.5,1,4
"UMass-gbqr_2src_mobsgleam_otid50",2023-11-25,0.765754964889079,0.477307930219956,1847.50607521151,0.226269100727084,0.673687288316627,0.463190246636351,2383.84246970838,0.301635149784095,0.75,1,4
"UMass-gbqr_2src_mobsgleam_otid50",2023-12-02,0.336564350028772,0.267194107855307,1414.78994231575,0.154555345950737,0.246845753235671,0.142528574214241,1373.82003963313,0.108475968407419,1,1,4
"UMass-gbqr_2src_mobsgleam_otid50",2023-12-09,0.477306372132811,0.384948037928648,3098.45142368307,0.238506360759974,0.644841754621675,0.507619870128285,5139.06636345744,0.395670316708516,0.25,0.5,4
"UMass-gbqr_2src_mobsgleam_otid50",2023-12-16,0.782504840463391,0.714748805933868,6217.71873976803,0.464555646377533,0.871867868233772,0.806717766134174,8358.37928579011,0.649235128887909,0,0.5,4
"UMass-gbqr_2src_mobsgleam_otid50",2023-12-23,0.799998754438044,0.784956721721237,5310.996089453,0.365557986268723,0.971324164051669,0.963623215283718,8039.65010585566,0.57363214736213,0,0.5,4
"UMass-gbqr_2src_mobsgleam_otid50",2023-12-30,0.933816047455498,1.04828155861462,2374.62665078712,0.15338679566658,0.751170573441716,0.735786192067701,2538.39316030292,0.145309724037041,0.75,0.75,4
"UMass-gbqr_2src_mobsgleam_otid50",2024-01-06,0.829482278612306,0.760266479888149,3225.54197690806,0.173393921704411,1.3443477695041,1.26918884188343,7410.71707939137,0.404791257721519,1,1,4
"UMass-gbqr_2src_mobsgleam_otid50",2024-01-13,0.467391051333396,0.520076153277792,1933.88736659131,0.13526492191348,0.522763898367937,0.571530178925529,3069.14684731816,0.208854745374228,1,1,4
"UMass-gbqr_2src_mobsgleam_otid50",2024-01-20,0.945988651366932,1.27516274262133,1866.75209842725,0.181213103200872,1.00497207291545,1.29130930440328,3114.91094000143,0.288413619490639,0,1,4
"UMass-gbqr_2src_mobsgleam_otid50",2024-01-27,4.3151340199418,5.52146080633185,2588.78813553233,0.272708474453776,4.86377316967645,6.34260505980691,4384.69151246332,0.47131210977148,0,1,4
"UMass-gbqr_2src_mobsgleam_otid50",2024-02-03,3.12736409576334,3.81636991895772,1788.07254821064,0.186386485601771,3.65267553616596,4.46823441290204,3077.37913921983,0.321474806656944,0,1,4
"UMass-gbqr_2src_mobsgleam_otid50",2024-02-10,4.32287384323979,4.89862916316225,1662.80637246307,0.173841197029598,9.27064415057596,11.0183805245792,3050.04192553949,0.32428903037967,0,1,4
"UMass-gbqr_2src_mobsgleam_otid50",2024-02-17,1.67685012024246,1.79136032772393,757.719201568657,0.077648976342413,3.36047962606228,3.63486522934197,1819.69971751272,0.189231423545291,0.25,1,4
"UMass-gbqr_2src_mobsgleam_otid50",2024-02-24,0.900195740985053,0.910213325133554,719.230635251139,0.0779713234102009,1.09152249596423,1.0926190063093,1348.84892438779,0.14554178936094,0.25,1,4
"UMass-gbqr_2src_mobsgleam_otid50",2024-03-02,0.953259324623384,0.972519772132458,1142.72077380169,0.139173507721724,0.907242930899397,0.920880797293124,1761.41215034118,0.21331312794557,0.25,1,4
"UMass-gbqr_2src_mobsgleam_otid50",2024-03-09,0.742574811023372,0.805742274553017,1562.2868434186,0.209318036605215,0.622247841949193,0.68175192083896,2042.21741727725,0.273528828348783,0.25,0.5,4
"UMass-gbqr_2src_mobsgleam_otid50",2024-03-16,0.513208320762582,0.573870898221315,1007.02488110025,0.15589766508964,0.426988260564638,0.487496220524096,1324.19734307608,0.207506213125602,0,0.75,4
"UMass-gbqr_2src_mobsgleam_otid50",2024-03-23,0.256361591290638,0.284850460807908,322.211405604443,0.0623689338498422,0.153602706564014,0.191153327955193,320.223242509328,0.0664995863057691,0.75,1,4
"UMass-gbqr_2src_mobsgleam_otid50",2024-03-30,0.33714591020475,0.348287928551866,302.575875826554,0.0742934413851791,0.331433054215682,0.369168451956601,497.315297850631,0.118507468294422,0.5,1,4
"UMass-gbqr_2src_mobsgleam_otid50",2024-04-06,0.299810429203121,0.325178032214034,315.728079641471,0.0926531532763235,0.275394275170768,0.332142112821062,487.792109896223,0.145577382393788,0.25,1,4
"UMass-gbqr_2src_mobsgleam_otid50",2024-04-13,0.346225393805205,0.436234107733763,457.263822937892,0.184706093955822,0.308816634710989,0.419705128196016,678.933371412109,0.274514932782743,0.25,0.75,4
"UMass-gbqr_2src_mobsgleam_otid50",2024-04-20,0.403299551904534,0.555535967773683,508.975727228271,0.298739491029818,0.347809509822707,0.497244195202463,734.834541877924,0.420504298876395,0.25,0.75,4
"UMass-gbqr_2src_mobsgleam_otid50",2024-04-27,0.497179502701137,0.636981613004857,458.251782804952,0.353434215340716,0.413431554479907,0.566398487201781,656.219234848233,0.507680798716696,0.25,1,4
"UMass-gbqr_2src_mobsgleam_otid50",2024-05-04,0.497789118157023,0.589557836398301,438.070017422482,0.39295676552014,0.476705694889173,0.610689955559206,713.866778096536,0.633409027445388,0,1,4
"UMass-gbqr_2src_mobsgleam_otid50",2024-11-30,0.765351880820813,0.556461897849383,3143.89332223871,0.368626621355117,0.761310929668469,0.621198996201028,4387.05423221455,0.544021108269634,0.25,0.75,4
"UMass-gbqr_2src_mobsgleam_otid50",2024-12-07,0.854483962624844,0.682662734666124,7812.14303372792,0.630244486218737,0.86938877314885,0.743777805135419,9674.12357321383,0.860563436957389,0,0.25,4
"UMass-gbqr_2src_mobsgleam_otid50",2024-12-14,0.804339091123861,0.645314871821111,12455.0053909212,0.667051995013499,0.844626551843062,0.700676404223362,14856.3475770056,0.86909282960121,0,0.25,4
"UMass-gbqr_2src_mobsgleam_otid50",2024-12-21,0.612409031307682,0.488498009695437,11066.5981751852,0.470961156036984,0.705398184337789,0.557281405739129,14312.8818593059,0.638426175784896,0,0,4
"UMass-gbqr_2src_mobsgleam_otid50",2024-12-28,0.5209377015419,0.434113330296851,9766.34037347106,0.362937968660033,0.605319432832223,0.488408323984861,12707.4708534469,0.478027106459461,0,0.25,4
"UMass-gbqr_2src_mobsgleam_otid50",2025-01-04,0.566013562298867,0.465060601479054,4883.39342727275,0.125139584572106,0.731372019947019,0.595924513673115,8047.65202148702,0.208866993533864,0.25,0.75,4
"UMass-gbqr_2src_mobsgleam_otid50",2025-01-11,2.06980534890471,1.86833341550625,10605.4628034588,0.233822082447359,2.30871624077245,1.98980991052032,16472.6903779115,0.352571593170078,0,0.5,4
"UMass-gbqr_2src_mobsgleam_otid50",2025-01-18,0.179375670637553,0.162609226380971,2365.88406469985,0.0531976744312575,0.18061840475421,0.148898538097765,2894.77117299573,0.0610433844878928,1,1,4
"UMass-gbqr_2src_mobsgleam_otid50",2025-02-01,0.625230354896929,0.594319755969105,6750.06968652945,0.145585921705756,0.655054202729013,0.60936251186338,8631.48546580952,0.185984281772683,0.25,0.5,4
"UMass-gbqr_2src_mobsgleam_otid50",2025-02-08,0.713365807599785,0.716627479839553,4126.28927419953,0.0973134029009719,0.778303869209954,0.78377755161796,6276.24240130907,0.147066078333495,0,0.75,4
"UMass-gbqr_2src_mobsgleam_otid50",2025-02-15,0.273680695537016,0.290890852279931,2741.14345573884,0.0785227969974041,0.277795959764734,0.308686302239649,3543.63471174889,0.102699694571674,0.25,1,4
"UMass-gbqr_2src_mobsgleam_otid50",2025-02-22,0.0836988835704533,0.102258181463617,824.125809323331,0.0331144015414266,0.0829666517893859,0.101505519086407,1069.77200817234,0.041392116325659,0.75,1,4
"UMass-gbqr_2src_mobsgleam_otid50",2025-03-01,0.261336942647309,0.328824770379509,2455.56432355491,0.126215791076823,0.297358130259682,0.388740978598327,3733.33132541031,0.190826773299229,0,0.75,4
"UMass-gbqr_2src_mobsgleam_otid50",2025-03-08,0.233073086065861,0.326525797492388,1957.71167480373,0.142978023223035,0.28111242963244,0.417830406507361,3277.98176383647,0.242339095012373,0,1,4
"UMass-gbqr_2src_mobsgleam_otid50",2025-03-15,0.290736347534026,0.417115372066384,1839.86831338309,0.183959785319336,0.314967699851666,0.475417531952109,2968.64931302691,0.299492910196228,0,1,4
"UMass-gbqr_2src_mobsgleam_otid50",2025-03-22,0.234240113110765,0.363902693117942,1191.36520207361,0.168526056091625,0.263388807130052,0.420084991834874,2114.61703804362,0.297587766497283,0,1,4
"UMass-gbqr_2src_mobsgleam_otid50",2025-03-29,0.261732549640688,0.456531889183142,893.084090375858,0.192205811468208,0.280167705311277,0.487065196210227,1622.10097182597,0.339454218127797,0,1,4
"UMass-gbqr_2src_mobsgleam_otid50",2025-04-05,0.282638297890467,0.513533389405993,694.514462847502,0.213085571054219,0.297489251967501,0.569062491537089,1278.7575495823,0.3845154894958,0,1,4
"UMass-gbqr_2src_mobsgleam_otid50",2025-04-12,0.498541354293543,0.735624091857607,742.179110218852,0.302627817454151,0.507996204944318,0.930436536497756,1294.37433019812,0.51402169115755,0,1,4
"UMass-gbqr_2src_mobsgleam_otid50",2025-04-19,0.820844969869335,0.939942844211786,763.641889920169,0.389618691463264,1.04978457493929,1.7363717573753,1329.28971801687,0.657012574623118,0,1,4
"UMass-gbqr_2src_mobsgleam_otid50",2025-05-03,0.570230025908595,0.518634591646873,404.766255327649,0.268900466371603,1.23081402039414,1.74576069382953,796.644374700107,0.488377108132524,0,1,4
"UMass-gbqr_2src_mobsgleam_otid50",2025-05-10,0.602691168612531,0.484246966270603,377.256371270484,0.267291899666043,2.15860819084991,2.89681242164366,711.801050932758,0.469057826730566,0,1,4
"UMass-gbqr_2src_mobsgleam_otid50",2025-05-17,0.530841715659453,0.381579519396866,314.159166750015,0.236705282483741,2.91127451171893,3.69570749947131,603.361642553748,0.424149696146138,0,1,4
"UMass-gbqr_2src_mobsgleam_otid50",2025-11-22,0.532231140227635,0.266934527466957,1438.53092910478,0.235526897566517,0.582593596245282,0.424619314819637,2726.82932722604,0.450922637509111,0,1,4
"UMass-gbqr_2src_mobsgleam_otid50",2025-11-29,0.614408126496288,0.385977329379623,3364.76596787822,0.341578128369644,0.744269494857778,0.576388162004155,5927.92045916848,0.632419099036176,0.25,1,4
"UMass-gbqr_2src_mobsgleam_otid50",2025-12-06,0.667977000989729,0.476853134394667,7910.33677218723,0.486302759048559,0.815373045774726,0.641603996268057,12010.4449642617,0.801396928588161,0,0.75,4
"UMass-gbqr_2src_mobsgleam_otid50",2025-12-13,0.627127818100472,0.465215604243059,11450.1971803545,0.505912571143135,0.76488050736802,0.584974739571377,16357.5433104456,0.762223002807741,0,0.5,4
"UMass-gbqr_2src_mobsgleam_otid50",2025-12-20,0.567211073958647,0.440263370343561,11312.8413280001,0.436068699805533,0.646448386665697,0.494389018244283,15030.7330504608,0.592515850375032,0,0.25,4
"UMass-gbqr_2src_mobsgleam_otid50",2025-12-27,0.611955424975652,0.539771961780246,7162.68242536561,0.228660747839608,0.820107190877277,0.700760405168209,11436.3947767836,0.364878176515607,0.25,0.75,4
"UMass-gbqr_2src_mobsgleam_otid50",2026-01-03,2.11841440142372,1.74084738054512,16246.0765249183,0.496442532283101,2.39835643504382,1.85345015746803,25818.3070232467,0.726716872593723,0.25,0.5,4
"UMass-gbqr_2src_mobsgleam_otid50",2026-01-10,1.24556048784602,1.14126474130578,18499.6664315205,0.644647875621943,1.42781531470061,1.26876406461325,26402.803845615,0.855646909145513,0,0.25,4
"UMass-gbqr_2src_mobsgleam_otid50",2026-01-17,1.4573781129234,1.34441528508903,9456.87144784874,0.411266061321037,1.58325728109886,1.41491406807442,15498.5055246767,0.645747364955187,0,0.5,4
"UMass-gbqr_2src_mobsgleam_otid50",2026-01-24,1.76665448688992,1.54990013405015,1674.18606279715,0.0932682813849625,3.96725769289912,3.6449024857611,3915.68334289143,0.215591723523,0.5,1,4
"UMass-gbqr_2src_mobsgleam_otid50",2026-01-31,1.77849548002629,1.66079219233633,2662.25076204177,0.197596877021937,1.64719807691299,1.77203527910592,3573.59622786273,0.260934879430399,0,1,4
"UMass-gbqr_2src_mobsgleam_otid50",2026-02-07,2.15312482122111,2.24262409635293,2848.96585006068,0.230451843717539,2.35431122594281,2.70446301160599,4320.74967741155,0.35395817933975,0,0.5,4
"UMass-gbqr_2src_mobsgleam_otid50",2026-02-14,1.32904183132821,1.3828984348853,2176.76885206381,0.187440560249557,1.20447698476078,1.34549793538027,3131.94127962422,0.273914839008457,0,0.5,4
"UMass-gbqr_2src_mobsgleam_otid50",2026-02-21,0.569665888856029,0.602423937729702,1146.8355777926,0.110704611017959,0.618867253166328,0.722907274580378,2131.37881990483,0.218791746838539,0,0.75,4
"UMass-gbqr_2src_mobsgleam_otid50",2026-02-28,0.11749689583557,0.140470958626325,305.750256315098,0.0372890935373925,0.0573622986299511,0.0684183870578077,255.936235912184,0.0301307440234106,1,1,4
"UMass-gbqr_2src_mobsgleam_otid50",2026-03-07,0.194641377562165,0.253760523448728,401.02339607885,0.0799809583868608,0.144463657715398,0.211037918606306,509.812248077639,0.104475672326206,0.5,0.75,4
"UMass-gbqr_2src_mobsgleam_otid50",2026-03-14,0.20895717481461,0.268368531513817,446.822348277056,0.106933057233723,0.17634561853491,0.255345477991799,651.508887677227,0.162048974116099,0.5,0.75,4
"UMass-gbqr_2src_mobsgleam_otid50",2026-03-21,0.227077007395272,0.254920137434875,455.670000637741,0.123257698296267,0.191143527717696,0.258218591932677,664.223758818994,0.191747140706506,0.5,1,4
"UMass-gbqr_2src_mobsgleam_otid50",2026-03-28,0.213823172690819,0.220259850445257,351.468516554698,0.114722060866715,0.196141647952434,0.224813489685288,550.912853686399,0.169539661935579,0.5,1,4
"UMass-gbqr_2src_mobsgleam_otid50",2026-04-04,0.342631618947474,0.309627355412083,241.048792443004,0.14786533908666,0.623068236021884,0.826839558375985,408.26546165334,0.224323144857067,0.75,1,4
"UMass-gbqr_2src_mobsgleam_otid50",2026-04-11,0.325128950552245,0.295626672692464,221.273292598168,0.153147969145074,0.596862611257607,0.826816843127301,368.861093757201,0.234589257630017,0.5,1,4
"UMass-gbqr_2src_mobsgleam_otid50",2026-04-18,0.540613626370095,0.383182320884664,304.551454486305,0.224292789274287,2.70704544974721,3.11486418653738,477.793521880383,0.319415408845098,0,1,4
"UMass-gbqr_2src_mobsgleam_otid50",2026-04-25,0.516174571381654,0.363805794542687,286.411692024215,0.228611067258446,2.55769744915135,3.00037867775271,479.568271715878,0.35670839111777,0,1,4
"UMass-gbqr_2src_mobsgleam_otid50",2026-05-02,0.409205297507307,0.309051590240079,219.908794991567,0.197162035375143,1.90118801004215,2.19918997664726,355.046860875371,0.283216789999154,0,1,4
"UMass-gbqr_2src_mobsgleam_otid50",2026-05-09,0.133854530312041,0.116914564686943,72.871497507285,0.0755319576321752,0.272808174505512,0.290091775848089,73.1807928111035,0.0572880378701415,0.25,1,4
"UMass-gbqr_2src_mobsgleam_otid50",2026-05-16,0.120059781397767,0.111547224600195,62.573840016916,0.0733010732756199,0.278984843347403,0.305849343490593,58.7263095246282,0.0523306224831159,1,1,4
"UMass-gbqr_2src_mobsgleam_otid50",2026-05-23,0.119535715455868,0.103014125087578,59.9638573222442,0.0751064221597524,0.337225273758206,0.359725467272219,55.5578638516645,0.055146581568001,1,1,4
"UMass-gbqr_2src_mobsgleam_otid50",2026-05-30,0.15581271328023,0.130556177344995,76.3158136884845,0.0959597380982887,0.76899713080703,0.777158256762151,116.695314599967,0.122821333817464,0.75,1,4
"UMass-gbqr_2src_nihflu_otid10",2023-10-21,2.41067858287968,0.688043375486875,1186.08025995738,0.343046971883269,2.79664823524657,1.31261203049435,2271.57752907902,0.656918601262139,0.25,1,4
"UMass-gbqr_2src_nihflu_otid10",2023-10-28,1.52913157455472,0.540593369843026,1067.89974017137,0.303456839024944,1.80636766258771,0.921228294938859,2208.73605942912,0.587216154463898,0,1,4
"UMass-gbqr_2src_nihflu_otid10",2023-11-04,0.796348385560946,0.362018426010689,748.655906356197,0.178535543974539,1.00947774582065,0.569979342270658,1569.48552531465,0.361681626874444,0.25,1,4
"UMass-gbqr_2src_nihflu_otid10",2023-11-11,0.614204209700851,0.25806158674852,841.546785525818,0.139775803146089,0.733407421995445,0.366427775282081,1575.90919801271,0.252113960252735,1,1,4
"UMass-gbqr_2src_nihflu_otid10",2023-11-18,1.08400718503907,0.523981515098817,1823.78429039472,0.234326025491427,1.75285194706916,0.919498471788982,4500.00916111329,0.565621669058911,0.5,1,4
"UMass-gbqr_2src_nihflu_otid10",2023-11-25,0.931156036184006,0.494170184363563,2246.5625594331,0.234262697396529,1.52870645183984,0.82476996307956,5409.32777983527,0.537100280408627,0.5,1,4
"UMass-gbqr_2src_nihflu_otid10",2023-12-02,0.288699788329218,0.198172151174755,1213.58532726935,0.114630392221082,0.356219006233968,0.249793145952421,1982.53687919515,0.190113130353738,1,1,4
"UMass-gbqr_2src_nihflu_otid10",2023-12-09,0.65301853326133,0.517200371500073,4239.09321602771,0.320447349346026,0.709084722845284,0.579826544896311,5651.05069871549,0.451952664101091,0,0.5,4
"UMass-gbqr_2src_nihflu_otid10",2023-12-16,0.859223745215742,0.766197579517898,6827.32081135482,0.49799511219998,0.834988449465489,0.755639730364106,8004.82551791328,0.608128243024426,0,0.25,4
"UMass-gbqr_2src_nihflu_otid10",2023-12-23,0.839220040119859,0.78522047285712,5571.37661345239,0.365680816396094,0.842906297596471,0.795553277290439,6976.73542520599,0.47358233753089,0,0.25,4
"UMass-gbqr_2src_nihflu_otid10",2023-12-30,0.830149424630028,0.891451005064095,2111.00992881149,0.130439014248462,1.07184928748117,1.14594066148379,3622.04670472075,0.226310744993856,0.25,0.75,4
"UMass-gbqr_2src_nihflu_otid10",2024-01-06,0.279304748741145,0.306053297761019,1086.11023362851,0.0698015537356824,0.13546027323264,0.145060300575116,746.724756194925,0.0462650943480765,1,1,4
"UMass-gbqr_2src_nihflu_otid10",2024-01-13,0.222549174371783,0.285709311902766,920.824298058542,0.074309209374265,0.127833007049474,0.158810854357579,750.507584387463,0.0580343816871962,0.75,1,4
"UMass-gbqr_2src_nihflu_otid10",2024-01-20,0.911241945145242,1.24972823181117,1798.18522221891,0.17759861033792,1.0222719256073,1.37275622736793,3168.53183341982,0.306604769952041,0.25,1,4
"UMass-gbqr_2src_nihflu_otid10",2024-01-27,4.89324897693385,6.34435905906882,2935.61795233951,0.313351944543653,5.18060282911472,6.85975222941526,4670.31345044692,0.509740755615287,0,0.75,4
"UMass-gbqr_2src_nihflu_otid10",2024-02-03,4.55469268899975,5.95531182574778,2604.14864190871,0.290849594099867,5.47582158374291,7.40279897800021,4613.3796843034,0.532607099417417,0,0.25,4
"UMass-gbqr_2src_nihflu_otid10",2024-02-10,6.73821722100688,8.2205469296106,2591.87543759859,0.291728496051123,13.2165258826699,17.1016124562207,4348.23701539838,0.503328534441632,0,0.25,4
"UMass-gbqr_2src_nihflu_otid10",2024-02-17,2.74866824726016,3.14685609471891,1242.04225801048,0.136404804030841,4.63523942471618,5.26388035891304,2509.98214848381,0.274038103434591,0,1,4
"UMass-gbqr_2src_nihflu_otid10",2024-02-24,0.771243010855922,0.778702399892905,616.201094246364,0.06670574357219,0.934980027334848,0.931233529811345,1155.40156877904,0.124044514564558,0.5,1,4
"UMass-gbqr_2src_nihflu_otid10",2024-03-02,0.713877431889587,0.726472556023225,855.761438987996,0.103962651230857,0.747112284925134,0.766885273764132,1450.51850118215,0.17764155469728,0.25,0.75,4
"UMass-gbqr_2src_nihflu_otid10",2024-03-09,0.776064943559042,0.821527517127072,1632.74599806285,0.213418772147198,0.779153455513283,0.819319644249983,2557.18164099459,0.328723008303451,0.25,0.75,4
"UMass-gbqr_2src_nihflu_otid10",2024-03-16,0.491934257198562,0.530424866923787,965.280602092372,0.144095124034345,0.638808815349601,0.691588798596918,1981.10583860295,0.294379662026195,0.25,1,4
"UMass-gbqr_2src_nihflu_otid10",2024-03-23,0.267597825840433,0.295430466407842,336.333813371394,0.0646854604495243,0.18265708534234,0.223860096889477,380.794358667444,0.0778778166865561,0.75,1,4
"UMass-gbqr_2src_nihflu_otid10",2024-03-30,0.456619929908884,0.453583583637742,409.799351052884,0.0967541009083575,0.457491770212516,0.508719360789029,686.466401203881,0.163304971483728,0.25,1,4
"UMass-gbqr_2src_nihflu_otid10",2024-04-06,0.3562402543109,0.368653541531416,375.153898693658,0.105040653751443,0.312526530682209,0.351981266065118,553.562617470863,0.154272853057379,0.25,1,4
"UMass-gbqr_2src_nihflu_otid10",2024-04-13,0.274685345422063,0.345952185132871,362.780065818556,0.146479781563463,0.316925177904024,0.424424832622297,696.760003621996,0.277601931859699,0.5,1,4
"UMass-gbqr_2src_nihflu_otid10",2024-04-20,0.323924782463809,0.471649049359585,408.802466908774,0.253629296974306,0.312261192461285,0.461310460331954,659.72983437258,0.390116231738515,0.5,0.75,4
"UMass-gbqr_2src_nihflu_otid10",2024-04-27,0.321596988575748,0.449873717399347,296.416872696638,0.249615940343064,0.305902489004529,0.446229502423961,485.543725672439,0.399969553804341,0.25,0.5,4
"UMass-gbqr_2src_nihflu_otid10",2024-05-04,0.431253782927661,0.524205989225838,379.516838174512,0.349397933968441,0.523102642125357,0.652570151396759,783.346206582721,0.676847262957867,0,0.75,4
"UMass-gbqr_2src_nihflu_otid10",2024-11-30,0.234273488003892,0.150385270293795,962.342777185187,0.0996222999350485,0.258250099242644,0.153263934265049,1488.16619688574,0.134222392319601,0.5,1,4
"UMass-gbqr_2src_nihflu_otid10",2024-12-07,0.372077584396439,0.233856017479017,3401.7295070348,0.21589938647714,0.486988956058962,0.294213557321676,5418.9696085461,0.340410036895499,0,0.75,4
"UMass-gbqr_2src_nihflu_otid10",2024-12-14,0.425842817509451,0.275771466585673,6594.0778538495,0.28506069670244,0.516763624257698,0.322586351913165,9089.48457797471,0.400124056818633,0,0.5,4
"UMass-gbqr_2src_nihflu_otid10",2024-12-21,0.329907451669244,0.24161009677393,5961.6253451177,0.23293640552968,0.42381599030539,0.287762009414168,8599.43835129151,0.329662531917427,0.25,0.5,4
"UMass-gbqr_2src_nihflu_otid10",2024-12-28,0.337531922400466,0.272893305038286,6327.91911838585,0.228150887980776,0.416379438554953,0.312867520137581,8741.05355358413,0.306217457835856,0.25,0.5,4
"UMass-gbqr_2src_nihflu_otid10",2025-01-04,0.326410627776265,0.297891468461156,2816.17194436222,0.0801573267919204,0.414015110631279,0.356162764585436,4555.61526983128,0.124832330506335,0.5,1,4
"UMass-gbqr_2src_nihflu_otid10",2025-01-11,1.02865856268255,1.05025197751965,5270.73723611845,0.131439122396449,1.10726819532608,1.11507768574855,7900.35857365161,0.197579032094561,0.25,0.75,4
"UMass-gbqr_2src_nihflu_otid10",2025-01-18,1.07143734031109,1.12857503619493,14131.7745085309,0.369213781302192,1.19325394304775,1.2673400643687,19124.2809452263,0.519566731913606,0,0.5,4
"UMass-gbqr_2src_nihflu_otid10",2025-02-01,0.938803346039718,0.994123403726334,10135.4452132443,0.24352273429774,1.19827263830109,1.25220566267545,15789.3389867339,0.382187230540684,0,0.5,4
"UMass-gbqr_2src_nihflu_otid10",2025-02-08,0.58702877427107,0.584840364947312,3395.52373987645,0.0794175602638229,0.65896224415095,0.659500292088565,5313.87153683326,0.123747001195737,0.5,1,4
"UMass-gbqr_2src_nihflu_otid10",2025-02-15,0.381503069328133,0.405233571420276,3821.07565088256,0.10938836067126,0.524436545672494,0.582416766909348,6689.84368573475,0.193769608955876,0.25,1,4
"UMass-gbqr_2src_nihflu_otid10",2025-02-22,0.252861378942551,0.275237616556994,2489.75350301097,0.0891305597607983,0.288289156122412,0.338075183387974,3717.20037904238,0.137860950257309,0.75,1,4
"UMass-gbqr_2src_nihflu_otid10",2025-03-01,0.212158728549041,0.240964594105634,1993.47784311872,0.0924916235216917,0.227424334544687,0.282109873931646,2855.31252020854,0.138483257289562,1,1,4
"UMass-gbqr_2src_nihflu_otid10",2025-03-08,0.160846710178911,0.190954341230338,1351.04180275043,0.0836144477546431,0.0626384975707325,0.0717283381604883,730.411860547918,0.0416019999641839,1,1,4
"UMass-gbqr_2src_nihflu_otid10",2025-03-15,0.154407797941061,0.193313504798661,977.139656532862,0.0852567736017899,0.0884573182914587,0.103912134178929,833.732339226571,0.0654602436350276,1,1,4
"UMass-gbqr_2src_nihflu_otid10",2025-03-22,0.110235567335636,0.158617429022959,560.667501438647,0.0734569164948966,0.0345453006627395,0.0502666394996449,277.346946370804,0.0356088345662759,1,1,4
"UMass-gbqr_2src_nihflu_otid10",2025-03-29,0.200285358486926,0.305408253261398,683.413917930564,0.128580812289427,0.204589609944978,0.315135779207838,1184.52269417893,0.219630083133509,0.25,1,4
"UMass-gbqr_2src_nihflu_otid10",2025-04-05,0.242489131976552,0.400239102774544,595.857711067585,0.166075233923137,0.254197003255214,0.445017354357266,1092.66581849254,0.300698198158537,0.5,1,4
"UMass-gbqr_2src_nihflu_otid10",2025-04-12,0.423638736577779,0.596076344437571,630.671493667917,0.24521937923168,0.448125673022997,0.78799674055304,1141.8242148626,0.435330515641985,0,1,4
"UMass-gbqr_2src_nihflu_otid10",2025-04-19,0.781662622458653,1.02887680679009,727.190083639423,0.426482990542489,0.939036672337986,1.80567374346995,1189.05518634797,0.683235228911951,0,1,4
"UMass-gbqr_2src_nihflu_otid10",2025-05-03,1.23753212989552,1.40276083522537,878.437162735014,0.727300201095629,1.78651950110875,3.52966290722655,1156.32474709264,0.987424318468626,0,1,4
"UMass-gbqr_2src_nihflu_otid10",2025-05-10,1.20778884890018,1.08250880214829,756.019105848172,0.5975170817482,2.85907675366882,4.51936467934198,942.780559522295,0.731784826265079,0,0.75,4
"UMass-gbqr_2src_nihflu_otid10",2025-05-17,0.834825563446346,0.640640902115015,494.060838960454,0.397408870228319,3.35976983006577,4.75230104020018,696.312297281132,0.545413034577071,0,1,4
"UMass-gbqr_2src_nihflu_otid10",2025-11-22,0.363850854814095,0.183068415918356,983.427440956245,0.161528508330586,0.407323789678568,0.282719736050897,1906.47899759054,0.300232996019272,0,1,4
"UMass-gbqr_2src_nihflu_otid10",2025-11-29,0.342624772100477,0.188440337806052,1876.36218207261,0.166763934038798,0.43056483185403,0.274371330348344,3429.34124450938,0.301043083426488,0,1,4
"UMass-gbqr_2src_nihflu_otid10",2025-12-06,0.360854020322031,0.21761114086022,4273.31603051532,0.22192346147492,0.52000406166641,0.316429542150108,7659.65982834622,0.395237038217743,0,1,4
"UMass-gbqr_2src_nihflu_otid10",2025-12-13,0.313177247547008,0.206224987322297,5718.03886435066,0.22426550747355,0.489118292240766,0.302502593429167,10460.161518288,0.394161353513582,0,1,4
"UMass-gbqr_2src_nihflu_otid10",2025-12-20,0.335823002498002,0.245935471380903,6697.88111687934,0.243592286947339,0.394507027025871,0.270693986835003,9172.78151213528,0.324421602993008,0.25,0.5,4
"UMass-gbqr_2src_nihflu_otid10",2025-12-27,0.633557777470845,0.537408114629921,7415.52893059927,0.22765936374513,0.918248232372121,0.737951823565189,12804.9716004292,0.38424333588625,0.25,0.75,4
"UMass-gbqr_2src_nihflu_otid10",2026-01-03,1.64647333507042,1.43911391250514,12626.7701823659,0.410396317880651,1.9301156768761,1.61237620190696,20777.6952615712,0.632194497474413,0.25,0.5,4
"UMass-gbqr_2src_nihflu_otid10",2026-01-10,0.728082489688209,0.745952233855026,10813.8330697658,0.421354051751297,0.897672739940658,0.92631066550322,16599.5398887977,0.624698381639579,0,0.25,4
"UMass-gbqr_2src_nihflu_otid10",2026-01-17,0.856118972785499,0.814008390464294,5555.32363077439,0.249010873605441,0.95906764847246,0.966520595755344,9388.31321089691,0.441106737127376,0,1,4
"UMass-gbqr_2src_nihflu_otid10",2026-01-24,2.14759926850597,1.84737342702807,2035.19182188004,0.111169320416087,0.900905677301315,0.901006191715637,889.193903496398,0.0532934635523747,1,1,4
"UMass-gbqr_2src_nihflu_otid10",2026-01-31,1.13377892708671,1.06686655546081,1697.16698553481,0.126933098873526,1.2890445977984,1.33560936292047,2796.58225492363,0.196670502099487,1,1,4
"UMass-gbqr_2src_nihflu_otid10",2026-02-07,0.882254054408257,0.836229162919616,1167.37852228242,0.0859308310646425,0.817394664238467,0.805038420337599,1500.12355754365,0.105362851086669,1,1,4
"UMass-gbqr_2src_nihflu_otid10",2026-02-14,0.79547976245392,0.745071517111485,1302.87514549209,0.100988343807727,0.801927723230794,0.814706780354959,2085.21256233087,0.165857018960759,0.75,1,4
"UMass-gbqr_2src_nihflu_otid10",2026-02-21,0.608171393973561,0.604859575628989,1224.35379342307,0.111152196728509,0.713124864844665,0.745962630648175,2456.00203452503,0.225769573463657,0.5,1,4
"UMass-gbqr_2src_nihflu_otid10",2026-02-28,0.377168472343738,0.411862172052028,981.467265777426,0.109331973016688,0.40135527305143,0.465706266012591,1790.74688953722,0.205092182010486,0.5,1,4
"UMass-gbqr_2src_nihflu_otid10",2026-03-07,0.353643466406024,0.397180052515453,728.618476068615,0.125184330567272,0.29120217392439,0.38011355468544,1027.65247177917,0.188177648113322,0.75,1,4
"UMass-gbqr_2src_nihflu_otid10",2026-03-14,0.277177322089594,0.32478202861253,592.700499779914,0.129411354819447,0.282113293944138,0.378034414288608,1042.26756447662,0.239910608552138,0.75,1,4
"UMass-gbqr_2src_nihflu_otid10",2026-03-21,0.218768029538458,0.249538941598106,438.996573465421,0.120655809643626,0.204727599895193,0.271726586449631,711.428409635795,0.201777864311336,0.75,1,4
"UMass-gbqr_2src_nihflu_otid10",2026-03-28,0.181141705878528,0.212466787160886,297.748863465664,0.110663053840966,0.166977693100922,0.202362531146501,468.998595497216,0.152608614220764,0.75,1,4
"UMass-gbqr_2src_nihflu_otid10",2026-04-04,0.531860254009113,0.50725603242287,374.175250874846,0.242244698108592,0.87805134111379,1.16675502541137,575.343141264811,0.316542857591544,0,1,4
"UMass-gbqr_2src_nihflu_otid10",2026-04-11,0.320797387961585,0.315485072018731,218.325357279266,0.163435516948494,0.427321632357276,0.583694313319188,264.084768796796,0.16560912707886,0.25,1,4
"UMass-gbqr_2src_nihflu_otid10",2026-04-18,0.648985918269905,0.496391474575981,365.602337250231,0.290558886296153,2.80324838077906,3.42519838974682,494.773339207504,0.351238795182514,0,1,4
"UMass-gbqr_2src_nihflu_otid10",2026-04-25,0.474532926777356,0.349776061221746,263.305838789594,0.219794956146518,1.96278242427216,2.24097607774248,368.02170455103,0.266424694040174,0,1,4
"UMass-gbqr_2src_nihflu_otid10",2026-05-02,0.189878210388005,0.148928394719986,102.041417097822,0.0950101094944541,0.732934499262723,0.795524897943405,136.875517737313,0.102449542946454,0,1,4
"UMass-gbqr_2src_nihflu_otid10",2026-05-09,0.0893553072066821,0.0854348979052998,48.6457576833222,0.0551947065463692,0.0684146758052862,0.073477495796796,18.352236784768,0.0145105167132153,1,1,4
"UMass-gbqr_2src_nihflu_otid10",2026-05-16,0.128059507602258,0.109422226081013,66.7432094916156,0.0719046721305134,0.433039274454033,0.447690792364487,91.1547672725738,0.0765996015456989,0.75,1,4
"UMass-gbqr_2src_nihflu_otid10",2026-05-23,0.120618643686496,0.0964853048968091,60.5070970867275,0.0703463339190754,0.497094777405275,0.5154729235258,81.896364577519,0.0790229555857382,0.75,1,4
"UMass-gbqr_2src_nihflu_otid10",2026-05-30,0.12708840079367,0.106051521989878,62.2468764759508,0.0779486385250217,0.619629332156429,0.650946515005378,94.0287511547381,0.102874953101424,0.75,1,4
"UMass-gbqr_2src_nihflu_otid50",2023-10-21,2.04964846700484,0.61736058855331,1008.44948962974,0.307805711105674,2.15743888550515,1.11780890336448,1752.37973475156,0.559426124564782,0,1,4
"UMass-gbqr_2src_nihflu_otid50",2023-10-28,1.04589816601415,0.416266377312372,730.423985952597,0.233667088977167,1.0890762562761,0.662245830927615,1331.6679923616,0.422133636454222,0,1,4
"UMass-gbqr_2src_nihflu_otid50",2023-11-04,0.403824699724525,0.210883284407408,379.64005711938,0.104000678395586,0.485758344840615,0.31915052899943,755.232786640947,0.202517659826942,0.25,1,4
"UMass-gbqr_2src_nihflu_otid50",2023-11-11,0.321572122409628,0.176948908082622,440.59936687888,0.095842143942075,0.257358619534379,0.175204424790579,552.999333724497,0.120546215018094,0.75,1,4
"UMass-gbqr_2src_nihflu_otid50",2023-11-18,0.612613319572959,0.324716607029861,1030.68924610814,0.145214191233482,0.747654547927177,0.457044611388284,1919.41613816604,0.281147107754138,1,1,4
"UMass-gbqr_2src_nihflu_otid50",2023-11-25,0.619076094472222,0.350994730743015,1493.61988886525,0.166389990731075,0.913784865809955,0.533876366738916,3233.42774766853,0.347666815130306,0.75,1,4
"UMass-gbqr_2src_nihflu_otid50",2023-12-02,0.215041414912679,0.156135529431283,903.953229074317,0.0903147938408931,0.219032143151723,0.143672692607731,1219.02339271091,0.109346736612256,1,1,4
"UMass-gbqr_2src_nihflu_otid50",2023-12-09,0.55550010351855,0.421704592007516,3606.04883381741,0.261280010924812,0.702568473321203,0.566728992948539,5599.11944813333,0.441743622193469,0.25,0.5,4
"UMass-gbqr_2src_nihflu_otid50",2023-12-16,0.694669700678447,0.58071325625714,5519.78798405849,0.377438366991127,0.753393254401038,0.650848261861504,7222.59278162915,0.523793540832775,0,0.25,4
"UMass-gbqr_2src_nihflu_otid50",2023-12-23,0.704987691011856,0.637343375983501,4680.24087450805,0.296813766465177,0.736878314597784,0.670282544496244,6099.14180992586,0.399010328145246,0,0.25,4
"UMass-gbqr_2src_nihflu_otid50",2023-12-30,0.725142343429563,0.786978905648324,1843.9845181651,0.115152433621095,0.871789751965994,0.913633852343293,2945.99551933108,0.180432691434208,0.5,0.75,4
"UMass-gbqr_2src_nihflu_otid50",2024-01-06,0.283914441565943,0.341133944588911,1104.03558066777,0.0778023943492402,0.386349832350441,0.480604528170549,2129.7534508318,0.153282557334902,0.75,1,4
"UMass-gbqr_2src_nihflu_otid50",2024-01-13,0.345721013480637,0.490943845414157,1430.46277507448,0.127687994335666,0.478714725275983,0.724937524001909,2810.5341520953,0.264914518201445,0.5,1,4
"UMass-gbqr_2src_nihflu_otid50",2024-01-20,0.939282701666494,1.34032525883798,1853.5190161306,0.190473334370833,1.1524874301062,1.62034818621979,3572.13478961417,0.361904373823664,0.25,1,4
"UMass-gbqr_2src_nihflu_otid50",2024-01-27,4.26866124754332,5.68292112092001,2560.90761982773,0.280683102477155,5.27523166258657,7.29966999492664,4755.62134382179,0.542430568118832,0,1,4
"UMass-gbqr_2src_nihflu_otid50",2024-02-03,3.45573031351443,4.44691383006689,1975.81615648314,0.217181420606743,4.57581304545416,5.98178932136543,3855.12249079513,0.430370116660816,0,1,4
"UMass-gbqr_2src_nihflu_otid50",2024-02-10,5.66271531091436,6.87035882861001,2178.18040634184,0.243813394116454,12.0407595899931,15.6513096033201,3961.40990510772,0.460643740167659,0,1,4
"UMass-gbqr_2src_nihflu_otid50",2024-02-17,2.43492700305762,2.79730303816356,1100.27182654107,0.121252946194751,3.62592047877959,4.03076723021071,1963.43593925915,0.209842118710565,0.25,1,4
"UMass-gbqr_2src_nihflu_otid50",2024-02-24,0.885094418184972,0.902284000343259,707.165110503433,0.077292076105666,0.841822129947133,0.840738528502638,1040.28169708217,0.111990171428813,0.5,1,4
"UMass-gbqr_2src_nihflu_otid50",2024-03-02,0.685243867210444,0.678957307775484,821.436918533105,0.0971629295610271,0.653086847034563,0.672133819417416,1267.9681135176,0.155693296938512,0.25,1,4
"UMass-gbqr_2src_nihflu_otid50",2024-03-09,0.743164110093271,0.779569131340832,1563.52665679507,0.202518702473217,0.717235306931771,0.764711420678547,2353.96627735007,0.306813391395703,0,1,4
"UMass-gbqr_2src_nihflu_otid50",2024-03-16,0.454425742352375,0.491887541881247,891.680845083166,0.133626081238215,0.487169367646777,0.548697570794822,1510.83400141457,0.233557000594679,0.25,1,4
"UMass-gbqr_2src_nihflu_otid50",2024-03-23,0.286304368320061,0.317014443723855,359.845374974734,0.0694113424074501,0.189134282883258,0.229024308994774,394.297696240871,0.0796743743100676,0.75,1,4
"UMass-gbqr_2src_nihflu_otid50",2024-03-30,0.501977599634518,0.493703643407368,450.506167381608,0.105312127370135,0.460219489588721,0.511406612772543,690.559344127876,0.164167611364107,0.25,1,4
"UMass-gbqr_2src_nihflu_otid50",2024-04-06,0.387341928919703,0.390707171687273,407.906835354239,0.111324406565916,0.332674165744088,0.372727323423883,589.249116074216,0.16336581841377,0.25,1,4
"UMass-gbqr_2src_nihflu_otid50",2024-04-13,0.245447249044434,0.297326572069738,324.164978755985,0.12589118728376,0.212730389054854,0.294744158715416,467.687760337096,0.192782187974792,0.5,1,4
"UMass-gbqr_2src_nihflu_otid50",2024-04-20,0.204623857519594,0.296791437495417,258.241240778623,0.159599608527074,0.176140491747669,0.300485439388919,372.140823939887,0.254111400860808,0.75,1,4
"UMass-gbqr_2src_nihflu_otid50",2024-04-27,0.227593366858845,0.306960366459896,209.773463207997,0.170319353095087,0.193545202605772,0.294293676303732,307.204622836012,0.263784688729094,0.25,1,4
"UMass-gbqr_2src_nihflu_otid50",2024-05-04,0.324480167318203,0.400382569618347,285.552711711743,0.266866166157742,0.277045521321478,0.385143746146052,414.875668178914,0.399471979934002,0,1,4
"UMass-gbqr_2src_nihflu_otid50",2024-11-30,0.2281017851017,0.144948790600038,936.990810296136,0.0960209192307804,0.261381503791718,0.149862484811986,1506.21091559978,0.131243539629085,0.75,1,4
"UMass-gbqr_2src_nihflu_otid50",2024-12-07,0.348996639242144,0.216660160019459,3190.71133374446,0.200023912689941,0.465815789620634,0.274496523718402,5183.36519900361,0.317597097215014,0.25,0.75,4
"UMass-gbqr_2src_nihflu_otid50",2024-12-14,0.380728581204965,0.247639918413864,5895.49430546749,0.255981550768816,0.493505918699116,0.303633441558297,8680.39898047843,0.376615575028459,0,0.5,4
"UMass-gbqr_2src_nihflu_otid50",2024-12-21,0.316010350268902,0.22912480677999,5710.49639512656,0.220899331698674,0.407582614605214,0.275099902266432,8270.05504164709,0.315156717511174,0.25,0.5,4
"UMass-gbqr_2src_nihflu_otid50",2024-12-28,0.315758054078134,0.250843193177507,5919.71098015047,0.20971601798495,0.347430700359421,0.259800502426125,7293.61269264532,0.254278390298942,0.5,0.5,4
"UMass-gbqr_2src_nihflu_otid50",2025-01-04,0.333904320208516,0.299533918754186,2880.82525093853,0.0805992811236708,0.429441275945873,0.367918313108911,4725.35707987041,0.128952560537326,0.25,1,4
"UMass-gbqr_2src_nihflu_otid50",2025-01-11,1.10159171399755,1.12251721148118,5644.43895827295,0.14048312244119,1.21895263063143,1.23676490591328,8697.22701955522,0.219140617879757,0,0.75,4
"UMass-gbqr_2src_nihflu_otid50",2025-01-18,1.1489023658916,1.22119543529097,15153.5032019545,0.399514582471127,1.20798416667495,1.28864128280633,19360.3622392995,0.528299513872117,0,0.25,4
"UMass-gbqr_2src_nihflu_otid50",2025-02-01,0.955530647129311,0.99639315793095,10316.0353703568,0.244078738459819,1.19045364712971,1.24288884567065,15686.3100948164,0.379343633362795,0,0.5,4
"UMass-gbqr_2src_nihflu_otid50",2025-02-08,0.567255038290616,0.562079428424669,3281.14742155875,0.0763267714669332,0.60378798497881,0.605087186077654,4868.94631086912,0.113537060767551,0.5,0.75,4
"UMass-gbqr_2src_nihflu_otid50",2025-02-15,0.34637427274466,0.368841108286215,3469.23106544762,0.0995646141611381,0.455124284669672,0.511924358948,5805.6791563175,0.17031683921933,0.25,1,4
"UMass-gbqr_2src_nihflu_otid50",2025-02-22,0.244128043007811,0.266815092684564,2403.76230171553,0.0864030827656875,0.27899097452481,0.33216509591935,3597.3096255229,0.135450923391796,1,1,4
"UMass-gbqr_2src_nihflu_otid50",2025-03-01,0.206420741554979,0.233335010734323,1939.56278614701,0.0895630914050718,0.180174194650755,0.223755823227274,2262.08701384023,0.109838180444291,1,1,4
"UMass-gbqr_2src_nihflu_otid50",2025-03-08,0.167249833293254,0.19865213959552,1404.82522788864,0.0869851339358747,0.0678239952880266,0.0890123309285616,790.878653054856,0.0516266106683871,1,1,4
"UMass-gbqr_2src_nihflu_otid50",2025-03-15,0.133185052396188,0.166546963730682,842.835647480698,0.0734519649604463,0.0628591060919042,0.0681475966231202,592.46278969272,0.0429300996783453,1,1,4
"UMass-gbqr_2src_nihflu_otid50",2025-03-22,0.112040942138934,0.161131351004584,569.849791733788,0.0746211325474221,0.0696106661192538,0.112846329423677,558.869232938429,0.0799402211060394,1,1,4
"UMass-gbqr_2src_nihflu_otid50",2025-03-29,0.198270128672409,0.298856346574336,676.537548567004,0.12582237509963,0.197428013249462,0.291230616198311,1143.05883971107,0.202969667891861,0,1,4
"UMass-gbqr_2src_nihflu_otid50",2025-04-05,0.293172971270279,0.49159902631993,720.400845118632,0.203984125305364,0.310495868496011,0.538637325433472,1334.6664907301,0.363957206686256,0,1,4
"UMass-gbqr_2src_nihflu_otid50",2025-04-12,0.39231861884588,0.544450599412441,584.045196952471,0.22398110452816,0.406805767671961,0.69233613511669,1036.54109602816,0.382482605811795,0,1,4
"UMass-gbqr_2src_nihflu_otid50",2025-04-19,0.693591490148057,0.958931713738213,645.256456226467,0.397489828035889,0.912713443434798,1.91013630466578,1155.72339774931,0.722762027243858,0,1,4
"UMass-gbqr_2src_nihflu_otid50",2025-05-03,1.23438213657599,1.40822043633571,876.201203661792,0.730130882481751,1.7318289785731,3.23455899964321,1120.92630638144,0.904868906668162,0,0.25,4
"UMass-gbqr_2src_nihflu_otid50",2025-05-10,1.45170133462102,1.40886679235904,908.696868627483,0.777658318040173,3.25564278386745,5.41791687611892,1073.54820798029,0.877280246498407,0,0.25,4
"UMass-gbqr_2src_nihflu_otid50",2025-05-17,1.02805193346151,0.834622080144491,608.414767085117,0.517741244498752,3.77047281262335,5.45800435182323,781.430490416189,0.626405333138864,0,0.5,4
"UMass-gbqr_2src_nihflu_otid50",2025-11-22,0.374751815529625,0.189572913200809,1012.89089764076,0.167267683699556,0.42363829681881,0.29671723841037,1982.83904826044,0.315097582867269,0,1,4
"UMass-gbqr_2src_nihflu_otid50",2025-11-29,0.333453038597686,0.184129616837041,1826.13378269803,0.162949077858293,0.447933911118464,0.283761415338008,3567.68161858079,0.311345982549863,0,1,4
"UMass-gbqr_2src_nihflu_otid50",2025-12-06,0.346369445882547,0.208785958460414,4101.78637957171,0.212923393654079,0.514477490157311,0.311907380614884,7578.25343001718,0.389588622082575,0,1,4
"UMass-gbqr_2src_nihflu_otid50",2025-12-13,0.297447651644427,0.193830905805055,5430.84545743502,0.210787194213728,0.444792467989745,0.270393472615464,9512.22052231168,0.352323118751393,0,1,4
"UMass-gbqr_2src_nihflu_otid50",2025-12-20,0.344600099025143,0.250025119784314,6872.93746695922,0.247642970656377,0.385970358662794,0.26418490672524,8974.29330185829,0.316620594082874,0.25,0.5,4
"UMass-gbqr_2src_nihflu_otid50",2025-12-27,0.685028649716447,0.572661669703685,8017.97397317157,0.242593641251107,0.962799808202225,0.765465488164795,13426.24332538,0.398569396112151,0.25,0.75,4
"UMass-gbqr_2src_nihflu_otid50",2026-01-03,1.89356432632764,1.59814922918874,14521.7059182091,0.45574888365935,2.21256961241865,1.76836177255644,23818.3118776868,0.693354677917026,0.25,0.5,4
"UMass-gbqr_2src_nihflu_otid50",2026-01-10,0.730818402907124,0.745614089726961,10854.4681753503,0.42116304971126,0.920402886209529,0.942894860279603,17019.860071065,0.635882663569415,0,0.25,4
"UMass-gbqr_2src_nihflu_otid50",2026-01-17,0.781814452343626,0.753786897717412,5073.16440827633,0.230588696765014,0.889379647835571,0.909352295893409,8706.1373726624,0.415015909544431,0,1,4
"UMass-gbqr_2src_nihflu_otid50",2026-01-24,1.84012710644728,1.65646009741939,1743.81305357149,0.0996807362454719,0.660222506521089,0.683247792251407,651.639613936315,0.0404133086413716,1,1,4
"UMass-gbqr_2src_nihflu_otid50",2026-01-31,1.01428208385575,0.908060008333071,1518.29075811335,0.108038695402773,1.04213034137074,1.05376156737699,2260.90177560383,0.155167987214474,1,1,4
"UMass-gbqr_2src_nihflu_otid50",2026-02-07,0.91153104815764,0.816437554561556,1206.11717531468,0.0838970472291492,0.775677476038697,0.789480598928181,1423.56208790002,0.103326654578549,1,1,4
"UMass-gbqr_2src_nihflu_otid50",2026-02-14,0.944190275474174,0.863465490423474,1546.44040061533,0.117035677529391,0.933025828062933,0.939383774031628,2426.10040942064,0.191238610231169,0.5,1,4
"UMass-gbqr_2src_nihflu_otid50",2026-02-21,0.736003540065558,0.71372966986369,1481.70192676186,0.131158741420545,0.858923105430009,0.879325885111433,2958.13117510095,0.266132674561271,0.25,1,4
"UMass-gbqr_2src_nihflu_otid50",2026-02-28,0.37580701564044,0.411155022837284,977.9244850679,0.109144254833006,0.373833102604242,0.4352668979177,1667.94984554448,0.191687001798818,0.5,1,4
"UMass-gbqr_2src_nihflu_otid50",2026-03-07,0.343513955779228,0.384605798753628,707.748449340218,0.121221141757593,0.26496674123713,0.340369068684359,935.067629825831,0.168501885939185,0.5,1,4
"UMass-gbqr_2src_nihflu_otid50",2026-03-14,0.255367713264774,0.301957852229812,546.064050762282,0.120316924314952,0.22176652081089,0.294208924737204,819.316411135832,0.186712742298869,0.75,1,4
"UMass-gbqr_2src_nihflu_otid50",2026-03-21,0.206745306830591,0.267914959029406,414.870863307435,0.1295408888501,0.142203527319403,0.168648434972057,494.157257434926,0.12523441843781,0.75,1,4
"UMass-gbqr_2src_nihflu_otid50",2026-03-28,0.165950289751956,0.2471868064806,272.778209335057,0.128746931413922,0.0998415159985599,0.140823156517413,280.429858060955,0.106199634114864,0.75,1,4
"UMass-gbqr_2src_nihflu_otid50",2026-04-04,0.729901344078157,0.878424080760142,513.501462979507,0.419499350729582,1.35492992279158,2.04441396139868,887.817831909185,0.554653396254299,0,1,4
"UMass-gbqr_2src_nihflu_otid50",2026-04-11,0.389588942850391,0.471816371410182,265.142885608684,0.244422191112762,0.677946135904853,0.995820976245996,418.970711989199,0.282540087918818,0.5,1,4
"UMass-gbqr_2src_nihflu_otid50",2026-04-18,0.681246839017566,0.646116534533729,383.776334089226,0.378199284852774,3.47501801402377,4.9115006461079,613.340679475196,0.503652452553148,0,1,4
"UMass-gbqr_2src_nihflu_otid50",2026-04-25,0.43360427521188,0.414974077899045,240.595606637398,0.260764584446329,2.30072773196255,2.97640879288775,431.386449742977,0.353858664471977,0,1,4
"UMass-gbqr_2src_nihflu_otid50",2026-05-02,0.238014123579056,0.287873931264343,127.909876597601,0.183651571491449,0.933422829440483,1.16103142805423,174.31671339801,0.149520322315653,0.75,1,4
"UMass-gbqr_2src_nihflu_otid50",2026-05-09,0.16818952899472,0.233878299668604,91.5637506950163,0.151095681440167,0.171118048654705,0.19587359344202,45.9024165516245,0.0386815993182217,1,1,4
"UMass-gbqr_2src_nihflu_otid50",2026-05-16,0.175322056944263,0.242658800070649,91.3759313480725,0.159458476431887,0.298735835764423,0.348295663091811,62.883893428411,0.0595931599844179,1,1,4
"UMass-gbqr_2src_nihflu_otid50",2026-05-23,0.155141212276368,0.241927996360191,77.8249871367916,0.176386939280841,0.33170190323523,0.333924060300018,54.6478885580041,0.0511911780071936,0.75,1,4
"UMass-gbqr_2src_nihflu_otid50",2026-05-30,0.16244850529154,0.215643301738736,79.5659712407755,0.158499392202774,0.405295177695267,0.421361574828965,61.5035432152568,0.0665915728098085,1,1,4
"UMass-gbqr_2src_utseirs_otid10",2023-10-21,0.889081910365576,0.317720411318614,437.43803543902,0.158410107402358,0.218610234738436,0.173517012161628,177.566163166294,0.0868394851458687,1,1,4
"UMass-gbqr_2src_utseirs_otid10",2023-10-28,0.701277261827935,0.263971848691125,489.751057499562,0.148178034108409,0.419609600861662,0.316855555728368,513.077639453597,0.201972412243028,0.75,1,4
"UMass-gbqr_2src_utseirs_otid10",2023-11-04,0.510278570425998,0.272074045432491,479.718515869564,0.134177942923847,0.263573322422918,0.193555021643368,409.790623037032,0.122820758448556,1,1,4
"UMass-gbqr_2src_utseirs_otid10",2023-11-11,0.448355090424562,0.257235661695361,614.309995212663,0.139328451259672,0.39904773078534,0.308425393497524,857.453811525,0.212206477353715,0.75,1,4
"UMass-gbqr_2src_utseirs_otid10",2023-11-18,0.463088532939563,0.261178264172545,779.121765144641,0.116799663394158,0.144351489171084,0.120561196474668,370.586360574465,0.0741621952248233,1,1,4
"UMass-gbqr_2src_utseirs_otid10",2023-11-25,0.362705135463244,0.224168339786326,875.084030798052,0.106267600941726,0.215918862850964,0.155865306150502,764.028896198135,0.101501392372283,1,1,4
"UMass-gbqr_2src_utseirs_otid10",2023-12-02,0.409425781524505,0.324372566926078,1721.07199641352,0.187629565264729,0.610164244307235,0.469711577461892,3395.86910169192,0.357489145725727,0.75,1,4
"UMass-gbqr_2src_utseirs_otid10",2023-12-09,0.632581993608789,0.585049824437348,4106.42868632822,0.36248555841627,0.951770389533669,0.92475868536218,7585.13411938858,0.720814104112463,0.25,1,4
"UMass-gbqr_2src_utseirs_otid10",2023-12-16,0.748210459482166,0.680383338369155,5945.21842504866,0.442219586680683,0.894140813152784,0.839052227845855,8571.90444049245,0.675257449578207,0,0.5,4
"UMass-gbqr_2src_utseirs_otid10",2023-12-23,0.589281302975356,0.550363487481216,3912.09446055739,0.256306828939945,0.793970724974455,0.741016005494425,6571.69569061356,0.441117021383013,0.25,0.5,4
"UMass-gbqr_2src_utseirs_otid10",2023-12-30,1.02810428649165,1.0300658727959,2614.39482127542,0.150721437628329,0.921826065180676,0.921357190971311,3115.0807307618,0.181957966326264,0.75,1,4
"UMass-gbqr_2src_utseirs_otid10",2024-01-06,0.927014442927749,0.788953524276198,3604.80757209891,0.179936573866695,1.0336844681005,1.0260799606838,5698.18563040399,0.327254845064413,1,1,4
"UMass-gbqr_2src_utseirs_otid10",2024-01-13,0.238479413431867,0.30424770293923,986.737601227674,0.0791307994436127,0.172542888913353,0.230995404522364,1012.99930081029,0.0844128414790521,1,1,4
"UMass-gbqr_2src_utseirs_otid10",2024-01-20,1.0172666049029,1.46204151505592,2007.4073474544,0.207770405373632,1.12540343557996,1.59989523011117,3488.1879485801,0.35733621104465,0.25,1,4
"UMass-gbqr_2src_utseirs_otid10",2024-01-27,4.7094762640357,6.32375389015287,2825.36677205479,0.312334242095329,4.88409671955473,6.5119804531333,4403.01319267859,0.483898211731053,0,1,4
"UMass-gbqr_2src_utseirs_otid10",2024-02-03,2.7929356602694,3.49068790120742,1596.86286282164,0.17048060435828,3.25429213494378,4.07581188595499,2741.74112369014,0.293241293300111,0,1,4
"UMass-gbqr_2src_utseirs_otid10",2024-02-10,4.0963904102119,4.71508430106347,1575.68884154437,0.167327607722649,8.69926538914145,10.4018346595817,2862.05831302754,0.306143073240266,0,1,4
"UMass-gbqr_2src_utseirs_otid10",2024-02-17,1.97724698361131,2.17202908979158,893.459700208251,0.0941495872148457,3.05923437952669,3.2932560431882,1656.5754165137,0.171447217388154,0.25,1,4
"UMass-gbqr_2src_utseirs_otid10",2024-02-24,0.817393882561942,0.841133046967879,653.074319994124,0.0720537208423279,0.745135481947978,0.759577264924358,920.801171817214,0.101179124339418,0.5,1,4
"UMass-gbqr_2src_utseirs_otid10",2024-03-02,0.553570107564501,0.559264410752131,663.592839146379,0.0800341463676646,0.576966969360994,0.588488087648829,1120.18137101437,0.136317572376439,0.25,1,4
"UMass-gbqr_2src_utseirs_otid10",2024-03-09,0.582980676145597,0.62068913388359,1226.52024656527,0.161244401528737,0.654959351101771,0.705203111499633,2149.57659031601,0.282937788571299,0.25,1,4
"UMass-gbqr_2src_utseirs_otid10",2024-03-16,0.430163453819738,0.455217874866934,844.073027290007,0.123664406086426,0.538646256854955,0.586602256640531,1670.47670407143,0.249691398131347,0.25,1,4
"UMass-gbqr_2src_utseirs_otid10",2024-03-23,0.417356885016206,0.427547869442737,524.560437789242,0.0936129950826983,0.469102866257367,0.519224005467585,977.962200430047,0.180630815759129,1,1,4
"UMass-gbqr_2src_utseirs_otid10",2024-03-30,0.48667419834978,0.477918519335537,436.771935683401,0.101944996057648,0.347133643642066,0.411905777247307,520.874032284919,0.132226658531383,0.75,1,4
"UMass-gbqr_2src_utseirs_otid10",2024-04-06,0.339104829446524,0.357347487350273,357.108713272158,0.101819213594912,0.307019121570725,0.375324518860773,543.807619082146,0.164504165219769,0.5,1,4
"UMass-gbqr_2src_utseirs_otid10",2024-04-13,0.58103335866491,0.638675278467591,767.377377833357,0.270421807695723,0.556950920145397,0.639871289581455,1224.45659793965,0.418518174424173,0,0.75,4
"UMass-gbqr_2src_utseirs_otid10",2024-04-20,0.635814924219102,0.700732095646594,802.416868327216,0.376818715160135,0.596026444126613,0.702051562143983,1259.2548698285,0.593703662632463,0,0.75,4
"UMass-gbqr_2src_utseirs_otid10",2024-04-27,0.65925892498761,0.708505314054609,607.640854187124,0.393119698630467,0.630223400510792,0.742081222535522,1000.32209246076,0.665150766257751,0.25,1,4
"UMass-gbqr_2src_utseirs_otid10",2024-05-04,0.682540651267544,0.733478073586681,600.657153975809,0.488883623593873,0.655709769614289,0.754425689746231,981.925379997398,0.78249206176054,0,0.75,4
"UMass-gbqr_2src_utseirs_otid10",2024-11-30,0.766502027977269,0.536009157076409,3148.61786797432,0.355077760673493,0.676513299420738,0.525626533731853,3898.407887912,0.460322587714213,0,0.5,4
"UMass-gbqr_2src_utseirs_otid10",2024-12-07,0.746052995976306,0.539850346105173,6820.80995107805,0.498397944898025,0.739731461310993,0.557306173906467,8231.36183573808,0.644812621650093,0,0,4
"UMass-gbqr_2src_utseirs_otid10",2024-12-14,0.79968564078613,0.628848583518265,12382.9477852641,0.650031047655066,0.79264121116049,0.624422983821838,13941.9644234046,0.774510936299142,0,0,4
"UMass-gbqr_2src_utseirs_otid10",2024-12-21,0.669198982345957,0.538207215665724,12092.8266212077,0.518885824397543,0.692616310246895,0.544040779901575,14053.5312430646,0.623257605595017,0,0,4
"UMass-gbqr_2src_utseirs_otid10",2024-12-28,0.702210263691484,0.620411457022719,13164.7688939717,0.518691452739457,0.791298302584441,0.696411730696404,16611.7252661552,0.681609358769951,0,0,4
"UMass-gbqr_2src_utseirs_otid10",2025-01-04,0.466402779221862,0.384882476817415,4023.98178810978,0.103565068949802,0.742770135292809,0.605165581023838,8173.07118369442,0.212105917106067,0.25,1,4
"UMass-gbqr_2src_utseirs_otid10",2025-01-11,1.29661010069199,1.26229244109946,6643.6924615905,0.157976004061063,1.49052285824416,1.43430796657695,10634.8805935721,0.254142992352638,0.25,0.75,4
"UMass-gbqr_2src_utseirs_otid10",2025-01-18,1.11076575127076,1.19809449559107,14650.4984829068,0.391957100669127,1.13792254949169,1.19388882818725,18237.4847007033,0.489454199523319,0,0.5,4
"UMass-gbqr_2src_utseirs_otid10",2025-02-01,0.935983687924073,0.966893249824653,10105.0038109296,0.236852373748305,0.995700410026646,0.999613984928505,13120.0953778186,0.305093413883228,0,0.25,4
"UMass-gbqr_2src_utseirs_otid10",2025-02-08,0.977546819344408,0.927584990830089,5654.37943999646,0.125960076158052,1.27570837804175,1.23537571395758,10287.3123605287,0.231802838886027,0.5,1,4
"UMass-gbqr_2src_utseirs_otid10",2025-02-15,0.322324143477345,0.334576253443861,3228.34869586208,0.0903151921877635,0.370355498660704,0.422896977389675,4724.3473297906,0.140697498068722,0.25,1,4
"UMass-gbqr_2src_utseirs_otid10",2025-02-22,0.194666137675995,0.203260528881507,1916.74466153465,0.0658221246903333,0.202140212165938,0.212642636265185,2606.39589566761,0.0867118242958869,0.75,1,4
"UMass-gbqr_2src_utseirs_otid10",2025-03-01,0.155697548687157,0.171690284125995,1462.9594344689,0.0659014374317265,0.140900666944795,0.15539309774145,1769.0078734919,0.0762800040836762,1,1,4
"UMass-gbqr_2src_utseirs_otid10",2025-03-08,0.128378505248058,0.152346199781852,1078.3231249916,0.0667088440105823,0.0892061875721596,0.101479021991221,1040.21105173206,0.0588572156767149,1,1,4
"UMass-gbqr_2src_utseirs_otid10",2025-03-15,0.165277756686114,0.199078456379624,1045.92807199049,0.0877992818051115,0.164790275622202,0.180925755664521,1553.18954530816,0.113975563481907,0.75,1,4
"UMass-gbqr_2src_utseirs_otid10",2025-03-22,0.143650776006029,0.184589816497655,730.620103925268,0.0854849231878162,0.134905142866844,0.161145360795533,1083.08593950646,0.114155204143525,0.75,1,4
"UMass-gbqr_2src_utseirs_otid10",2025-03-29,0.177078634081539,0.251598665630954,604.227907689803,0.105926282123342,0.203041394946595,0.302455768077468,1175.55891639205,0.21079290220249,0.5,1,4
"UMass-gbqr_2src_utseirs_otid10",2025-04-05,0.167201149925512,0.268357451448967,410.855916182327,0.111352254728367,0.188246060490165,0.331127468962206,809.175691016975,0.223742809809157,0,1,4
"UMass-gbqr_2src_utseirs_otid10",2025-04-12,0.502757931523137,0.697709778361424,748.456333782108,0.287030277799559,0.490406992116424,0.899956020081485,1249.55701591265,0.497182663474241,0,1,4
"UMass-gbqr_2src_utseirs_otid10",2025-04-19,1.2164804240116,1.57558381930972,1131.70628333263,0.653100249393277,1.28829958879163,2.6178340575347,1631.3093543074,0.990542426626911,0,0.5,4
"UMass-gbqr_2src_utseirs_otid10",2025-05-03,0.95844353484432,0.976471988656742,680.331765981253,0.506278943552197,1.48765800916979,2.7397883384395,962.886646435146,0.766456657176264,0,0,4
"UMass-gbqr_2src_utseirs_otid10",2025-05-10,0.969800091087535,0.8734828730524,607.049318581737,0.482140132465922,2.73923553002127,4.61977480607425,903.262916024515,0.748043440552592,0,0.25,4
"UMass-gbqr_2src_utseirs_otid10",2025-05-17,0.824654475619449,0.627562504618135,488.041454307027,0.389295945879478,3.30816635590074,4.76793071974915,685.617477260428,0.547206824760007,0,0.25,4
"UMass-gbqr_2src_utseirs_otid10",2025-11-22,0.577857941934174,0.283018046598983,1561.85247211505,0.249718023004895,0.490724172124671,0.350767695991749,2296.83448762952,0.37249623158753,0,1,4
"UMass-gbqr_2src_utseirs_otid10",2025-11-29,0.383304407332752,0.20288290346058,2099.14154698077,0.179545162804379,0.429094297524068,0.263278362211649,3417.62880620482,0.288871763165064,0,1,4
"UMass-gbqr_2src_utseirs_otid10",2025-12-06,0.458373146561039,0.275739567728386,5428.15987863735,0.281203798178643,0.593480293288171,0.375313067931929,8741.96472013476,0.468785639816973,0,1,4
"UMass-gbqr_2src_utseirs_otid10",2025-12-13,0.542705572902201,0.384697792164812,9908.80270537113,0.418351077160997,0.715247892027035,0.521719352698942,15296.1126069172,0.679801134538692,0,0.75,4
"UMass-gbqr_2src_utseirs_otid10",2025-12-20,0.625941626504827,0.505489530638735,12484.2031940929,0.500673408780136,0.739475877096113,0.598537013302392,17193.738487331,0.717335244777961,0,0.25,4
"UMass-gbqr_2src_utseirs_otid10",2025-12-27,0.619054246700617,0.552821226080391,7245.7711660402,0.234188738815254,0.863899699755265,0.75541450188497,12047.0813130872,0.393335958950293,0.25,0.75,4
"UMass-gbqr_2src_utseirs_otid10",2026-01-03,1.7539834639967,1.41090979778961,13451.2631524695,0.402353268106927,2.18605989725993,1.74300114207868,23532.9347940032,0.683411061147217,0.25,0.75,4
"UMass-gbqr_2src_utseirs_otid10",2026-01-10,0.989718798964306,0.913008301524064,14699.7820021634,0.515716328298441,1.3210823327662,1.20877397968259,24429.1242269293,0.815189954080392,0,0.25,4
"UMass-gbqr_2src_utseirs_otid10",2026-01-17,0.511258705551115,0.519355449804106,3317.53840140493,0.158874473263971,0.624072500205749,0.673237003733295,6109.04570451408,0.307256130220506,0.25,1,4
"UMass-gbqr_2src_utseirs_otid10",2026-01-24,2.07671687475979,2.43931984038771,1968.019481964,0.146790857206185,3.30324534389116,3.92329035147942,3260.30315442057,0.232058040526697,0.5,1,4
"UMass-gbqr_2src_utseirs_otid10",2026-01-31,3.32107901641609,3.60236809688694,4971.36216625301,0.428600693761068,3.37359804382977,4.39717906023221,7319.02095608868,0.647491278217935,0,0.75,4
"UMass-gbqr_2src_utseirs_otid10",2026-02-07,1.93472467614795,1.95598330044284,2559.98373958143,0.200996662169473,2.03419713743303,2.23030925774883,3733.26029647397,0.291901276094205,0,0.75,4
"UMass-gbqr_2src_utseirs_otid10",2026-02-14,0.933498081837128,0.890964347718382,1528.92820986202,0.120762922486471,0.81896372919957,0.804912105850517,2129.51043685118,0.1638630309958,0.5,0.5,4
"UMass-gbqr_2src_utseirs_otid10",2026-02-21,0.376997690998277,0.368714359394027,758.961302125209,0.0677569020369279,0.248605595357368,0.234451120540231,856.197670410776,0.0709578835557099,0.75,1,4
"UMass-gbqr_2src_utseirs_otid10",2026-02-28,0.209394920387394,0.236368869159105,544.887165947949,0.0627459295330084,0.129892147805162,0.172672801277619,579.546290469682,0.0760433006218828,1,1,4
"UMass-gbqr_2src_utseirs_otid10",2026-03-07,0.290168104344609,0.331049485741626,597.838959503217,0.104341111782276,0.223765612968077,0.292959665369286,789.668848164344,0.145031557390473,0.5,1,4
"UMass-gbqr_2src_utseirs_otid10",2026-03-14,0.24109259938752,0.288614480687241,515.538944791568,0.11500017758312,0.21839772881288,0.289704508095136,806.870409099186,0.183854120710661,0.5,1,4
"UMass-gbqr_2src_utseirs_otid10",2026-03-21,0.155174736303964,0.171769008301597,311.385432640948,0.0830528839931138,0.113058340749793,0.122915707550151,392.877734105529,0.0912743551665072,0.5,1,4
"UMass-gbqr_2src_utseirs_otid10",2026-03-28,0.17419608742415,0.234282614657071,286.332111090349,0.122025799637877,0.150222226720796,0.257454109942147,421.936679302036,0.194155087511074,0.75,1,4
"UMass-gbqr_2src_utseirs_otid10",2026-04-04,0.933175320961093,1.19011573726073,656.50912471615,0.568350515438863,1.85886576300649,3.60814015603395,1218.02179121,0.978895287105449,0,1,4
"UMass-gbqr_2src_utseirs_otid10",2026-04-11,0.761324051960836,0.936132138185805,518.134972063901,0.484958730241957,1.50802654883165,2.95514481947174,931.960407177961,0.838450782844455,0,1,4
"UMass-gbqr_2src_utseirs_otid10",2026-04-18,0.838479875916849,0.760546275775456,472.352625446325,0.445179843297607,4.77409832652134,7.15388685146947,842.628354631017,0.733599141615823,0,1,4
"UMass-gbqr_2src_utseirs_otid10",2026-04-25,0.697402970730606,0.620515757969131,386.970563728096,0.389924437180349,3.99645689995021,6.04456152532959,749.335668740665,0.718624563192685,0,1,4
"UMass-gbqr_2src_utseirs_otid10",2026-05-02,0.447314640049176,0.400623114493899,240.388929651001,0.255580851761954,2.33876263143674,2.96095102790611,436.763921420812,0.381318146396213,0,1,4
"UMass-gbqr_2src_utseirs_otid10",2026-05-09,0.226159130945192,0.21839931561395,123.12287457513,0.141095576056071,0.850252429607738,1.11280157319576,228.080214242276,0.219758793508768,1,1,4
"UMass-gbqr_2src_utseirs_otid10",2026-05-16,0.207087158994562,0.19219756790694,107.931553811111,0.126298866323545,0.510085483723354,0.621277073354278,107.372994323766,0.106300100605309,1,1,4
"UMass-gbqr_2src_utseirs_otid10",2026-05-23,0.191050135673255,0.177648008652842,95.8383277601745,0.129521134333534,1.00815224603009,1.18370211383066,166.093082533457,0.181463730292913,0.75,1,4
"UMass-gbqr_2src_utseirs_otid10",2026-05-30,0.177893484800772,0.183895679615876,87.1307979730405,0.135164659476166,0.894975574008543,1.07542559617328,135.812543355796,0.169959213576068,1,1,4
"UMass-gbqr_2src_utseirs_otid50",2023-10-21,0.678886653318247,0.321194237164992,334.019667311863,0.160142099134139,0.69302482505757,0.615256159062674,562.909414153012,0.307915214884288,0.75,1,4
"UMass-gbqr_2src_utseirs_otid50",2023-10-28,0.568810423711008,0.283728259344244,397.240181156182,0.15926810339471,0.575121519592446,0.461199557733705,703.229838081663,0.293981233773124,0.5,1,4
"UMass-gbqr_2src_utseirs_otid50",2023-11-04,0.675952182049054,0.435901077929673,635.470106653031,0.214972030360035,0.673183890741744,0.573444810469728,1046.63265413073,0.363880647230389,0.75,1,4
"UMass-gbqr_2src_utseirs_otid50",2023-11-11,0.569170593058504,0.381768984187026,779.844350525531,0.206780354462476,0.636684091915941,0.533345260900253,1368.07494250438,0.366958497630479,0.75,1,4
"UMass-gbqr_2src_utseirs_otid50",2023-11-18,0.355972749222092,0.226373645107413,598.905170371608,0.101234938648596,0.144229429136786,0.10593516999166,370.273001951415,0.0651651193570153,1,1,4
"UMass-gbqr_2src_utseirs_otid50",2023-11-25,0.193981601131545,0.120717607544914,468.011574200758,0.0572265046770238,0.0701913530515402,0.0558944145820844,248.372102772875,0.036399125925028,1,1,4
"UMass-gbqr_2src_utseirs_otid50",2023-12-02,0.448933737856901,0.344846521757143,1887.14858549892,0.199472487989689,0.611312728664933,0.479612070613485,3402.26099138468,0.365024235361267,0,1,4
"UMass-gbqr_2src_utseirs_otid50",2023-12-09,0.466821649188446,0.439933350691974,3030.38946886623,0.272574197325647,0.77953822162276,0.673291586333305,6212.52985722258,0.524805097039156,0,1,4
"UMass-gbqr_2src_utseirs_otid50",2023-12-16,0.667647082017222,0.607558899320306,5305.0684912717,0.394886867726061,0.804996642738343,0.727299064277629,7717.30156477181,0.585320072965652,0,0.5,4
"UMass-gbqr_2src_utseirs_otid50",2023-12-23,0.524468326524486,0.457627095577194,3481.81696004031,0.213119061079412,0.548125980782306,0.45432926498876,4536.83874293515,0.270456198804039,0.5,0.5,4
"UMass-gbqr_2src_utseirs_otid50",2023-12-30,1.97640330989141,1.50128673893068,5025.85063210287,0.219671480785785,2.48148136690063,2.02715976802841,8385.54590909896,0.40034187872351,0.75,1,4
"UMass-gbqr_2src_utseirs_otid50",2024-01-06,1.81155206847466,1.37711315488173,7044.43891193816,0.314078098761905,2.84537371112272,2.20634101758677,15685.122582564,0.703683743505172,0.5,1,4
"UMass-gbqr_2src_utseirs_otid50",2024-01-13,0.246285036701337,0.289296501359663,1019.03431761994,0.0752421898593686,0.13872914774734,0.163467674536132,814.478826424636,0.0597361273316235,1,1,4
"UMass-gbqr_2src_utseirs_otid50",2024-01-20,0.835544455669496,1.22059680162686,1648.80875018583,0.173458749057528,0.931214428095925,1.32473920449344,2886.29911988332,0.295880179555943,0.25,1,4
"UMass-gbqr_2src_utseirs_otid50",2024-01-27,4.0846358639376,5.58723874933898,2450.50485423258,0.27595728905545,4.53857357103223,6.09091244493649,4091.52407428556,0.452609104269811,0,1,4
"UMass-gbqr_2src_utseirs_otid50",2024-02-03,2.01308552229246,2.52023845524907,1150.98301617255,0.123085130248747,2.69253601310709,3.32415627156558,2268.46159104272,0.239162137871132,0.5,1,4
"UMass-gbqr_2src_utseirs_otid50",2024-02-10,3.55358951356115,4.06176989550945,1366.89885075132,0.144142966772021,8.77091815460569,10.536711931587,2885.63207286527,0.310112732816035,0.5,1,4
"UMass-gbqr_2src_utseirs_otid50",2024-02-17,1.99672611327919,2.17421966038038,902.261745424469,0.0942445405088278,3.06269538929565,3.29275269193644,1658.44955330359,0.171421012874946,0.5,1,4
"UMass-gbqr_2src_utseirs_otid50",2024-02-24,0.994830005624024,0.992352717800422,794.8407044549,0.0850076048768627,1.05236458216462,1.04724817408489,1300.45953240993,0.13949818947058,0.25,1,4
"UMass-gbqr_2src_utseirs_otid50",2024-03-02,0.518326479285732,0.526026365537968,621.344496918827,0.0752775794835538,0.491301466154779,0.495616878667355,953.861796539503,0.114804855266736,0.25,1,4
"UMass-gbqr_2src_utseirs_otid50",2024-03-09,0.615446604024272,0.65865819497604,1294.82459951569,0.171108113004002,0.633786074980426,0.683716347733719,2080.08589808576,0.274316985111493,0,1,4
"UMass-gbqr_2src_utseirs_otid50",2024-03-16,0.404328879551571,0.419614973054859,793.38004740609,0.113992528177786,0.365146775970283,0.393013861062166,1132.41143897784,0.167289128779718,0.5,1,4
"UMass-gbqr_2src_utseirs_otid50",2024-03-23,0.343292307282075,0.372724708158583,431.471408433988,0.0816092858035462,0.182982026157448,0.187636695257463,381.47177903174,0.0652761986614632,1,1,4
"UMass-gbqr_2src_utseirs_otid50",2024-03-30,0.435854762842321,0.453213106385084,391.163388338597,0.0966750742531146,0.343956317758678,0.38786729266237,516.106454796897,0.124510018784143,1,1,4
"UMass-gbqr_2src_utseirs_otid50",2024-04-06,0.190492521044025,0.197536354014244,200.606223122897,0.056284140602958,0.0925568487043863,0.108245926619166,163.941318267644,0.0474440248427566,1,1,4
"UMass-gbqr_2src_utseirs_otid50",2024-04-13,0.538745308019551,0.596212910212749,711.52706746136,0.252442795872897,0.490006193744282,0.569310360436601,1077.2786169468,0.372366656560801,0,0.75,4
"UMass-gbqr_2src_utseirs_otid50",2024-04-20,0.503694529766186,0.555738521123756,635.677100006628,0.298848414102701,0.516448855772835,0.615666873743975,1091.12732003406,0.520650757883096,0,1,4
"UMass-gbqr_2src_utseirs_otid50",2024-04-27,0.390173532027189,0.448726808981095,359.624070749841,0.248979569263277,0.346302618845721,0.464575100328481,549.66883176287,0.416413290868533,0.25,1,4
"UMass-gbqr_2src_utseirs_otid50",2024-05-04,0.565668933651064,0.63015147569019,497.806381419755,0.420013559971863,0.552071344977167,0.652125706947825,826.726839103308,0.676386284152517,0,0.75,4
"UMass-gbqr_2src_utseirs_otid50",2024-11-30,0.768327594907836,0.530897555615926,3156.11688617253,0.351691594642406,0.677886997962295,0.522848082764243,3906.32382575772,0.457889332052314,0,0.5,4
"UMass-gbqr_2src_utseirs_otid50",2024-12-07,0.69952354409838,0.480681426191319,6395.41316278173,0.443772309664746,0.638328452004166,0.437544894968079,7102.99984967636,0.506246806555803,0,0,4
"UMass-gbqr_2src_utseirs_otid50",2024-12-14,0.783449548350693,0.602986666579498,12131.5356370266,0.623297984398374,0.759620343583963,0.579818296542415,13361.1521283842,0.719184948942512,0,0,4
"UMass-gbqr_2src_utseirs_otid50",2024-12-21,0.661316030667467,0.523685234897178,11950.3769606043,0.50488517605311,0.634235014907921,0.480829344948814,12868.9455699892,0.550842064241646,0,0,4
"UMass-gbqr_2src_utseirs_otid50",2024-12-28,0.688887695989243,0.600213344976651,12915.0025007089,0.501804936603786,0.726377996600065,0.619639297974247,15248.8532826252,0.606468739604001,0,0,4
"UMass-gbqr_2src_utseirs_otid50",2025-01-04,0.604305523306759,0.481452680941837,5213.76485855762,0.129550403307818,0.95958715701317,0.742285515368545,10558.8172821944,0.260165407499593,0.25,1,4
"UMass-gbqr_2src_utseirs_otid50",2025-01-11,1.46967682991847,1.41639889590779,7530.4680032128,0.177262439706223,1.61970155293493,1.53619080453734,11556.5705801907,0.27219546777075,0.25,0.75,4
"UMass-gbqr_2src_utseirs_otid50",2025-01-18,1.04515620321085,1.08576385858724,13785.1381823968,0.355208087166136,1.02464754833602,1.03533799939728,16422.0262571814,0.42445370102047,0,0.25,4
"UMass-gbqr_2src_utseirs_otid50",2025-02-01,0.84906647634167,0.864984373258368,9166.63408760295,0.211888543123647,0.938263827751597,0.930759550506156,12363.2678923259,0.284078267260989,0,0.5,4
"UMass-gbqr_2src_utseirs_otid50",2025-02-08,1.16602799548563,1.09884762847384,6744.60250257467,0.149216440905103,1.49084487213831,1.40718027925588,12022.1730489234,0.264039821950997,0.5,1,4
"UMass-gbqr_2src_utseirs_otid50",2025-02-15,0.329027280140209,0.34678663314677,3295.48627441975,0.0936112503455157,0.39178227687461,0.442918712419974,4997.67266938174,0.14735871386446,0.25,1,4
"UMass-gbqr_2src_utseirs_otid50",2025-02-22,0.201649128428773,0.208026454380147,1985.50140786312,0.067365480619606,0.229435197410086,0.239286350786435,2958.33743540565,0.0975766495855583,0.75,1,4
"UMass-gbqr_2src_utseirs_otid50",2025-03-01,0.152657010262299,0.164328591530307,1434.39004200242,0.0630757322588566,0.159445860463384,0.169424438488736,2001.84277811779,0.0831677664428723,0.75,1,4
"UMass-gbqr_2src_utseirs_otid50",2025-03-08,0.12963675093093,0.151800958395744,1088.89183674081,0.066470095537525,0.131510618476305,0.141751346696165,1533.51244439757,0.0822149191158221,0.75,1,4
"UMass-gbqr_2src_utseirs_otid50",2025-03-15,0.179412093484479,0.214274258189161,1135.37446775961,0.0945010641556137,0.197011236568292,0.230872236585687,1856.88015746529,0.145439731123599,0.5,1,4
"UMass-gbqr_2src_utseirs_otid50",2025-03-22,0.150427336677468,0.19176728919421,765.086269717614,0.0888088644202698,0.156905170154311,0.196279573765613,1259.71315858389,0.139044243667975,0.5,1,4
"UMass-gbqr_2src_utseirs_otid50",2025-03-29,0.191693380278237,0.271511491315264,654.096360547771,0.114309838474961,0.215492334051771,0.322380515714779,1247.64674107624,0.224679214924572,0.5,1,4
"UMass-gbqr_2src_utseirs_otid50",2025-04-05,0.182519035999053,0.294433430147092,448.495873320931,0.122172222672642,0.204700363954216,0.363478408611293,879.904514457196,0.245602337681426,0,1,4
"UMass-gbqr_2src_utseirs_otid50",2025-04-12,0.543332504843414,0.751278741943646,808.859749597081,0.309067971659247,0.502361216761509,0.923906970215933,1280.01638030832,0.51041441804321,0,1,4
"UMass-gbqr_2src_utseirs_otid50",2025-04-19,1.29732113835556,1.6896506702799,1206.91336646057,0.700382461804402,1.30273150127618,2.69125341270232,1649.58376349096,1.01832302105374,0,0.25,4
"UMass-gbqr_2src_utseirs_otid50",2025-05-03,1.02334925607678,1.03381968781514,726.403779973749,0.536012446286875,1.46955027977886,2.69486673902628,951.166418586869,0.753889825484118,0,0,4
"UMass-gbqr_2src_utseirs_otid50",2025-05-10,1.09985198179478,1.00661291646752,688.45569538004,0.555624500331151,2.84526152944792,4.87377154871837,938.224989335451,0.789171115652001,0,0,4
"UMass-gbqr_2src_utseirs_otid50",2025-05-17,0.877122507741155,0.687528622056462,519.092731488383,0.426494736815974,3.53391028194687,5.26070525251347,732.402905933489,0.60376167071858,0,0.25,4
"UMass-gbqr_2src_utseirs_otid50",2025-11-22,0.592945598411897,0.289302492043194,1602.63186071232,0.255263037928393,0.487279681183686,0.345805652499397,2280.71254778024,0.367226811047965,0,1,4
"UMass-gbqr_2src_utseirs_otid50",2025-11-29,0.425872627341393,0.2220810744132,2332.26362304285,0.196534956771441,0.430339356931128,0.262977631545883,3427.5453931172,0.288541798344075,0,1,4
"UMass-gbqr_2src_utseirs_otid50",2025-12-06,0.519209053626827,0.31124996189569,6148.59263608085,0.317417888876365,0.593219628658754,0.374507249037377,8738.12513014345,0.46777912989676,0,0.75,4
"UMass-gbqr_2src_utseirs_otid50",2025-12-13,0.627829240281724,0.45345900365455,11463.0038555652,0.493127505514667,0.720146993850721,0.528278623426317,15400.8835737431,0.688347874580344,0,0.5,4
"UMass-gbqr_2src_utseirs_otid50",2025-12-20,0.679352154174973,0.558045976481878,13549.4588855239,0.552729115770556,0.7531278586101,0.615422431065779,17511.1641225081,0.737572097328895,0,0.25,4
"UMass-gbqr_2src_utseirs_otid50",2025-12-27,0.662567059046128,0.59222131825319,7755.07044429699,0.250879591951582,0.851401965916671,0.744800094512564,11872.800414708,0.387809154669866,0,0.75,4
"UMass-gbqr_2src_utseirs_otid50",2026-01-03,2.08000505576682,1.61325588382817,15951.5160421371,0.460056892487314,2.33009360463662,1.8150445222929,25083.4576539133,0.711658456821393,0.25,0.75,4
"UMass-gbqr_2src_utseirs_otid50",2026-01-10,1.16332106203072,1.03999896822343,17278.2067272762,0.587447505604325,1.3771698630039,1.24245551620387,25466.2808142025,0.837904581191533,0,0.25,4
"UMass-gbqr_2src_utseirs_otid50",2026-01-17,0.503149251282993,0.529135075493599,3264.91645940801,0.161866129326737,0.648217662918157,0.696568038617801,6345.40270230584,0.317904094388994,0,1,4
"UMass-gbqr_2src_utseirs_otid50",2026-01-24,2.24590483921368,2.63358492493549,2128.35198284841,0.158481139806219,3.2846949270326,3.88214097826753,3241.99389298118,0.229624103177948,0,1,4
"UMass-gbqr_2src_utseirs_otid50",2026-01-31,3.5992897496876,3.87679572132532,5387.81907883921,0.461251402144571,3.26689426176076,4.20151067852404,7087.52710088996,0.618678812579483,0,0,4
"UMass-gbqr_2src_utseirs_otid50",2026-02-07,1.98771524377851,1.97555920016907,2630.09965486273,0.203008279806007,1.9499610612442,2.1160540404578,3578.66603764842,0.276947635198084,0,0.25,4
"UMass-gbqr_2src_utseirs_otid50",2026-02-14,0.967451697044532,0.912137529569008,1584.5390794797,0.123632773929087,0.890917081023111,0.891181850759594,2316.60713993035,0.181425721109771,0.5,0.5,4
"UMass-gbqr_2src_utseirs_otid50",2026-02-21,0.360274768331864,0.346558210936015,725.295177728978,0.0636853709388379,0.254598406108163,0.242373487033689,876.836910636513,0.0733556300788791,0.75,0.75,4
"UMass-gbqr_2src_utseirs_otid50",2026-02-28,0.191903845313705,0.218316692334939,499.371915106847,0.0579538407145606,0.128519208935225,0.165158830163883,573.420580466739,0.0727342261177442,1,1,4
"UMass-gbqr_2src_utseirs_otid50",2026-03-07,0.287678253050845,0.336567658447983,592.709070709465,0.106080345038894,0.22169267808112,0.297346414092191,782.353460948272,0.147203245422549,0.5,1,4
"UMass-gbqr_2src_utseirs_otid50",2026-03-14,0.241610930426425,0.29645412356187,516.647314926232,0.118123930489155,0.214799773311008,0.292275388489161,793.577762497518,0.18548566920607,0.5,1,4
"UMass-gbqr_2src_utseirs_otid50",2026-03-21,0.151874709540557,0.16954050492876,304.763347848503,0.0819753692893113,0.115655481954487,0.12367179520867,401.902799791843,0.0918358083351554,0.5,1,4
"UMass-gbqr_2src_utseirs_otid50",2026-03-28,0.169884517213793,0.242983394616558,279.245034573871,0.126557589730725,0.164781890759389,0.294911700536756,462.831135670434,0.222403157745744,0.75,1,4
"UMass-gbqr_2src_utseirs_otid50",2026-04-04,1.01485277556194,1.30834472819327,713.970989624688,0.624811837504046,1.88893058365377,3.72830379028921,1237.72176493913,1.01149590963316,0,1,4
"UMass-gbqr_2src_utseirs_otid50",2026-04-11,0.872364977982757,1.07158401797837,593.706191643967,0.555128921984751,1.49911574048769,2.92817892343269,926.453527621391,0.830799862830292,0,1,4
"UMass-gbqr_2src_utseirs_otid50",2026-04-18,0.888338135315638,0.806570908229697,500.439977812951,0.472120003701283,4.87019751465575,7.28905845672242,859.58986133674,0.747460385949597,0,1,4
"UMass-gbqr_2src_utseirs_otid50",2026-04-25,0.798357107148886,0.709344982208683,442.987358493881,0.445743624399922,4.16767493593577,6.4778046252451,781.439050487957,0.770131878012522,0,1,4
"UMass-gbqr_2src_utseirs_otid50",2026-05-02,0.529068320521873,0.465799343497719,284.323730760353,0.297160569758187,2.7472379622107,3.61225039633751,513.046689442848,0.465193990872747,0,1,4
"UMass-gbqr_2src_utseirs_otid50",2026-05-09,0.278567414150054,0.261070146647427,151.654371193296,0.168662812100445,1.04923574097656,1.38027286664051,281.457487516962,0.272579682840228,0.5,1,4
"UMass-gbqr_2src_utseirs_otid50",2026-05-16,0.239564850587574,0.225122216275122,124.858570120819,0.147934653957529,0.874288017268721,1.07621956881608,184.037627635066,0.184140463804488,1,1,4
"UMass-gbqr_2src_utseirs_otid50",2026-05-23,0.257051357873638,0.229632789202993,128.947159342637,0.167422644156215,1.39194292843113,1.70026845571169,229.322597459029,0.260654308941238,0.75,1,4
"UMass-gbqr_2src_utseirs_otid50",2026-05-30,0.225866280030392,0.227701817942712,110.627487208373,0.167362489149385,1.32198200241845,1.66545055288032,200.610768867,0.263206182951739,1,1,4
"UMass-gbqr_4src",2025-11-22,0.418515921655545,0.220005907598987,1131.17788892773,0.19411991904835,0.392443230349864,0.271109207911179,1836.83053965254,0.287903246078765,0,1,4
"UMass-gbqr_4src",2025-11-29,0.274689055634349,0.15321224282552,1504.31666882038,0.135588147707464,0.290970260977593,0.168113570915167,2317.50538612129,0.184455962253363,0.5,1,4
"UMass-gbqr_4src",2025-12-06,0.318347042833483,0.172101512039987,3769.93865883338,0.175511984937915,0.356389764381144,0.176780374805537,5249.62122933425,0.220807928609958,0.25,0.75,4
"UMass-gbqr_4src",2025-12-13,0.319700080153395,0.194120300319246,5837.13375595315,0.211101904901447,0.373500048604576,0.204799242676267,7987.5786644453,0.266853734299425,0.5,0.5,4
"UMass-gbqr_4src",2025-12-20,0.358929828647868,0.25555214088531,7158.73928737088,0.253117332294567,0.339331753630657,0.222169681497657,7889.88743660482,0.26626614447793,0.25,0.25,4
"UMass-gbqr_4src",2025-12-27,0.529235238241825,0.469107375613627,6194.47722028075,0.198725482092674,0.737215036028605,0.627681822532651,10280.4636774189,0.326826968459685,0.25,0.5,4
"UMass-gbqr_4src",2026-01-03,0.985018952390511,0.975739845173417,7554.09011016739,0.278254581648467,1.13741516008271,1.10716434990887,12244.2741982904,0.434106636518447,0.25,0.5,4
"UMass-gbqr_4src",2026-01-10,0.760542502686081,0.775990606577995,11295.9448729925,0.438321344669544,0.891503894166863,0.920861600025666,16485.4671349601,0.621023564418914,0,0.25,4
"UMass-gbqr_4src",2026-01-17,1.47212921235426,1.3115644581293,9552.59077407918,0.401216763038942,1.82518824392549,1.5698272573309,17866.7677197866,0.71644761878425,0,1,4
"UMass-gbqr_4src",2026-01-24,2.33110179560302,2.0490330351765,2209.08964719549,0.123304582981436,4.49496532106531,4.06398879888257,4436.53077189146,0.240380189306027,1,1,4
"UMass-gbqr_4src",2026-01-31,1.41249318686666,1.37550992196491,2114.37763286247,0.163654710172139,1.99356214366819,2.21523431646312,4325.03307068813,0.326196609114934,0,1,4
"UMass-gbqr_4src",2026-02-07,1.69107069820898,1.70022156116363,2237.58633115534,0.174714609610976,2.02048606397095,2.25788320813723,3708.09704890268,0.295510134945223,0,0.75,4
"UMass-gbqr_4src",2026-02-14,1.14603432511175,1.12520631871452,1877.0303262811,0.152512503778837,1.03745830519767,1.08851913799327,2697.65095809025,0.221599406881873,0.25,0.75,4
"UMass-gbqr_4src",2026-02-21,0.385383739373799,0.369762053161825,775.843862275426,0.06794943178843,0.290006984558858,0.290089877829358,998.784054820706,0.0877972505496025,0.25,0.75,4
"UMass-gbqr_4src",2026-02-28,0.298302223517538,0.346914857383594,776.241624523326,0.0920912101190978,0.297354401796731,0.362496943422288,1326.72100221656,0.159639872864838,0,1,4
"UMass-gbqr_4src",2026-03-07,0.350067090963752,0.429134823926446,721.250000549813,0.135255925659173,0.304839105415346,0.401671490765481,1075.77720301076,0.198850042348451,0.5,0.75,4
"UMass-gbqr_4src",2026-03-14,0.352034024385802,0.447392982059813,752.769889758715,0.178266427463404,0.294428512146909,0.400321003322867,1087.76613812675,0.254054265678757,0.25,0.5,4
"UMass-gbqr_4src",2026-03-21,0.332352833905719,0.393477671548596,666.924484230839,0.190252337905022,0.26809769901639,0.360792785840934,931.639504081955,0.267916359371098,0,0.25,4
"UMass-gbqr_4src",2026-03-28,0.310746041907962,0.328283353459957,510.783976311865,0.170985963992211,0.259546078671489,0.327241726630834,729.000048468546,0.246784353473952,0,0.5,4
"UMass-gbqr_4src",2026-04-04,0.416446417017624,0.323182673276813,292.979107554877,0.154338803518859,0.80771993214647,1.03694618825256,529.258485538975,0.281325473170682,0,1,4
"UMass-gbqr_4src",2026-04-11,0.294474995397,0.241094747346817,200.41110368255,0.124897968750338,0.5479591217317,0.725514089946648,338.638737230191,0.205847054490274,0,1,4
"UMass-gbqr_4src",2026-04-18,0.56886090672853,0.372333795464969,320.464391006618,0.217942689352457,2.63679639797605,3.08954463211072,465.394564242773,0.316819001636102,0,0.5,4
"UMass-gbqr_4src",2026-04-25,0.479605078940227,0.298814696067505,266.120242605116,0.18777146380082,1.92213491308773,2.15805944910272,360.40029620395,0.256566919280506,0,0.5,4
"UMass-gbqr_4src",2026-05-02,0.259833156817173,0.164886969094115,139.635524668395,0.105191014898774,1.31859321925648,1.47418371946648,246.247283696147,0.189848801299479,0,0.75,4
"UMass-gbqr_4src",2026-05-09,0.067756040461583,0.045725870706027,36.8869407863113,0.0295409262148813,0.126915893530359,0.13508836986775,34.0451884395189,0.0266775837618092,0.75,1,4
"UMass-gbqr_4src",2026-05-16,0.0669638578363932,0.0473772813557582,34.900827557628,0.0311330522539241,0.12157366021033,0.132915796510469,25.5912554742745,0.0227418057853244,0.75,1,4
"UMass-gbqr_4src",2026-05-23,0.103190347691271,0.0681959620091936,51.7643723668228,0.0497208970895832,0.508813312868684,0.523328024513513,83.8269932951158,0.0802271571415207,0.5,1,4
"UMass-gbqr_4src",2026-05-30,0.0806320802586373,0.0599019201035879,39.4929443482959,0.0440283461236411,0.421821413666543,0.445063067152771,64.0113995238979,0.0703373335674726,0,1,4
"UMass-gbqr_4src_ar6fp",2025-11-22,0.342778292903781,0.168693245116685,926.471863252738,0.148844726232275,0.35490113546527,0.237612367556407,1661.1147645452,0.252331421920433,0,1,4
"UMass-gbqr_4src_ar6fp",2025-11-29,0.37132021478043,0.189329508396311,2033.51089934838,0.167550822808949,0.392098706064208,0.234509877158426,3122.9681691249,0.257306681511177,0.25,0.75,4
"UMass-gbqr_4src_ar6fp",2025-12-06,0.482948361084979,0.264451830119626,5719.18520263067,0.269692375590376,0.506012922438708,0.290716927618232,7453.57034752217,0.363120638644683,0.25,0.5,4
"UMass-gbqr_4src_ar6fp",2025-12-13,0.518364646173369,0.327518903425988,9464.38228172945,0.356170190808242,0.546396666083358,0.34224378221973,11685.1025016922,0.445944184815473,0.25,0.25,4
"UMass-gbqr_4src_ar6fp",2025-12-20,0.525222698578887,0.393303098450173,10475.3967679414,0.38955584843867,0.530563868621751,0.383445348964142,12336.2731502915,0.459551969460573,0,0.25,4
"UMass-gbqr_4src_ar6fp",2025-12-27,0.627435300113869,0.559199458568168,7343.86789259759,0.236890715786677,0.753636003521651,0.657538950197429,10509.4540691094,0.342373243931261,0.25,0.5,4
"UMass-gbqr_4src_ar6fp",2026-01-03,1.49000849749838,1.40129947495149,11426.8445573579,0.399612664272764,1.49950945914555,1.35883112061507,16142.2193277019,0.532782334813577,0,0.5,4
"UMass-gbqr_4src_ar6fp",2026-01-10,1.03297859451692,1.01027309156136,15342.2973961793,0.570656727314553,1.10018630775159,1.06805453559766,20344.3701563655,0.720289601251872,0,0,4
"UMass-gbqr_4src_ar6fp",2026-01-17,1.07038018105337,1.03040435644354,6945.65650656155,0.315207916737209,1.2756284080123,1.20785261195056,12487.1264860324,0.551247357716063,0,1,4
"UMass-gbqr_4src_ar6fp",2026-01-24,1.23265393784972,1.24047335034183,1168.13562488555,0.0746479175970478,1.119408297552,1.11978631861884,1104.85598968383,0.066234052447661,1,1,4
"UMass-gbqr_4src_ar6fp",2026-01-31,1.80731222450521,1.75920604490193,2705.38688513578,0.209305909622399,2.24547321538185,2.54654584263863,4871.55414077092,0.374982733271631,0,1,4
"UMass-gbqr_4src_ar6fp",2026-02-07,1.65944403405263,1.6720839396941,2195.73864761897,0.171823190243805,2.00978241561755,2.2211025867645,3688.45317826211,0.290696313598727,0.25,1,4
"UMass-gbqr_4src_ar6fp",2026-02-14,1.05865351491813,1.04225566415889,1733.91381827212,0.141269221719396,1.01101427564493,1.05019770882502,2628.88987024573,0.213797976775456,0.5,0.75,4
"UMass-gbqr_4src_ar6fp",2026-02-21,0.38214446008932,0.37126228360698,769.322635004285,0.0682251220747325,0.26942592651636,0.261325105027488,927.902890922345,0.079091438462723,0.75,1,4
"UMass-gbqr_4src_ar6fp",2026-02-28,0.226056393761937,0.262847182517389,588.243628419798,0.0697748009323697,0.22022028818868,0.278866452134392,982.567870825845,0.122809876808097,0.5,1,4
"UMass-gbqr_4src_ar6fp",2026-03-07,0.3089835553402,0.360379646375652,636.604797227507,0.11358547463773,0.280760704398668,0.36642411656132,990.8045258229,0.181400604152546,0.5,1,4
"UMass-gbqr_4src_ar6fp",2026-03-14,0.304037709191555,0.371736861909565,650.137250880599,0.148120790862597,0.285355280996489,0.390303377881644,1054.24508564153,0.247696816396332,0.25,1,4
"UMass-gbqr_4src_ar6fp",2026-03-21,0.294845601062734,0.338891997450067,591.65961699691,0.163859348253298,0.287096924916344,0.385403894120449,997.661814084295,0.286191997879132,0.25,1,4
"UMass-gbqr_4src_ar6fp",2026-03-28,0.25611884521946,0.265757435116271,420.991370851785,0.138419419542684,0.25652733250482,0.326850999386342,720.521145172912,0.246489692486158,0,1,4
"UMass-gbqr_4src_ar6fp",2026-04-04,0.512429127587081,0.427845408585888,360.505031021155,0.204321437726411,1.0199349806043,1.34606268772311,668.31239604097,0.365189367424409,0,1,4
"UMass-gbqr_4src_ar6fp",2026-04-11,0.260290330918279,0.21852482457972,177.146016852471,0.113205729332084,0.455150798403499,0.578731434221529,281.283193413362,0.164201030312442,1,1,4
"UMass-gbqr_4src_ar6fp",2026-04-18,0.428526048602603,0.294690012128108,241.407587639769,0.172494505067163,2.42457046522035,2.76534141224748,427.936687111392,0.283573409591002,0.25,1,4
"UMass-gbqr_4src_ar6fp",2026-04-25,0.35558017785492,0.229604319915434,197.302087387017,0.144280518371068,1.59357669269244,1.7044426649626,298.795629879833,0.202637422162551,0.5,1,4
"UMass-gbqr_4src_ar6fp",2026-05-02,0.236830126632477,0.147990215656474,127.273591233306,0.0944115903489463,0.617769697117671,0.619980221855135,115.368490936725,0.0798424920817735,0.75,1,4
"UMass-gbqr_4src_ar6fp",2026-05-09,0.238255671219295,0.14822078863804,129.708329713452,0.0957571570111347,0.562206209199711,0.597866680967784,150.811815617823,0.118068183630666,1,1,4
"UMass-gbqr_4src_ar6fp",2026-05-16,0.258057481804694,0.16149284588519,134.496726494252,0.106121859796572,0.780534888180178,0.800039322529722,164.302593961928,0.136886204433649,1,1,4
"UMass-gbqr_4src_ar6fp",2026-05-23,0.282359227759703,0.169241883365432,141.642590939716,0.12339232438609,1.3522394989705,1.30822478560519,222.78145745539,0.200553286915498,0.75,1,4
"UMass-gbqr_4src_ar6fp",2026-05-30,0.299103536101266,0.188818932929105,146.49850614961,0.138783286400885,1.43477925675171,1.36367641329328,217.727752212073,0.21551409190954,0.75,1,4
"UMass-gbqr_4src_ar6p",2025-11-22,0.671823792429587,0.347736908249495,1815.82630416004,0.30682203589985,0.58339955287723,0.433865108722304,2730.60160724188,0.460741168195184,0,0.5,4
"UMass-gbqr_4src_ar6p",2025-11-29,0.571148595407876,0.322372181691412,3127.85797184842,0.285289518525812,0.552512345346855,0.376718488980628,4400.62270260136,0.413339452640738,0,0.75,4
"UMass-gbqr_4src_ar6p",2025-12-06,0.597617995551342,0.359378253468707,7077.12930074862,0.366499921250888,0.60434995145953,0.385962698893663,8902.07478499888,0.482087585554488,0,0.5,4
"UMass-gbqr_4src_ar6p",2025-12-13,0.604004378331064,0.403601158773555,11028.0058228578,0.438908106454653,0.620361742114122,0.414122339948395,13266.9011264171,0.539602058229932,0,0.25,4
"UMass-gbqr_4src_ar6p",2025-12-20,0.595976668320838,0.459827059529985,11886.5617993829,0.455445993220304,0.600607265022514,0.448331606523852,13964.8696708547,0.537316917015796,0,0.25,4
"UMass-gbqr_4src_ar6p",2025-12-27,0.622865474846648,0.555352323896074,7290.37999823042,0.23526097442653,0.720342689289643,0.634816050013551,10045.1788021441,0.330541681641081,0.25,0.5,4
"UMass-gbqr_4src_ar6p",2026-01-03,1.5160851182029,1.41333993702318,11626.8256258364,0.403046278010263,1.54232749364937,1.38596681308468,16603.1554691355,0.543421933341608,0,0.5,4
"UMass-gbqr_4src_ar6p",2026-01-10,1.03355464269989,1.00660313700505,15350.8531422371,0.568583739056239,1.11169464593016,1.07535558896248,20557.179468879,0.725213388045141,0,0,4
"UMass-gbqr_4src_ar6p",2026-01-17,0.943766913410479,0.923430519646921,6124.06780211127,0.282483870074178,1.15679668053148,1.12023744874758,11323.8827057226,0.511260999501788,0,1,4
"UMass-gbqr_4src_ar6p",2026-01-24,1.26957774174009,1.40091121651278,1203.12680075919,0.0843025809641205,1.04030581117242,1.12304481984803,1026.78183562717,0.0664267889883088,1,1,4
"UMass-gbqr_4src_ar6p",2026-01-31,2.44317024361158,2.49951191300183,3657.21021835634,0.297385639436019,2.79452902732014,3.39036781321935,6062.73072477104,0.499236796805454,0,1,4
"UMass-gbqr_4src_ar6p",2026-02-07,2.23553443308957,2.37203207953671,2958.00837635363,0.243749796042661,2.5782252935125,3.04704125928026,4731.68796991881,0.39879457470098,0,0.5,4
"UMass-gbqr_4src_ar6p",2026-02-14,1.31660285179452,1.3507568326803,2156.39569106756,0.183084029232785,1.27620765328164,1.40311538768944,3318.45895044559,0.285644530120085,0.25,0.75,4
"UMass-gbqr_4src_ar6p",2026-02-21,0.425444365791128,0.414804353109548,856.492805002733,0.0762266432051255,0.320759457356437,0.315096951105702,1104.69557113557,0.0953657748096837,0.75,1,4
"UMass-gbqr_4src_ar6p",2026-02-28,0.266029817729376,0.307561210315305,692.262415783682,0.0816444826181442,0.257542441949484,0.324112054563406,1149.08999036811,0.142735568184332,0.5,1,4
"UMass-gbqr_4src_ar6p",2026-03-07,0.348754254222076,0.403969927649273,718.545137610401,0.127324382586198,0.319080949645306,0.413637779074955,1126.03667129829,0.204774029964694,0.5,1,4
"UMass-gbqr_4src_ar6p",2026-03-14,0.362384585350292,0.43600184643826,774.902951043839,0.173727560888752,0.342403326813525,0.455618211552702,1265.00909091257,0.289147332278577,0.25,1,4
"UMass-gbqr_4src_ar6p",2026-03-21,0.351460604537667,0.399284941196431,705.267590633019,0.193060239616439,0.336709239865959,0.446002266233074,1170.06460853421,0.331190944303154,0.25,1,4
"UMass-gbqr_4src_ar6p",2026-03-28,0.297757918533686,0.307561912520072,489.434950396013,0.160193228030818,0.298896662635473,0.381093722533648,839.526001177385,0.287396014245288,0,1,4
"UMass-gbqr_4src_ar6p",2026-04-04,0.514922716437317,0.428790100236876,362.259324985749,0.204772583753607,1.02406223510283,1.34127406417842,671.01677955113,0.363890204748652,0,1,4
"UMass-gbqr_4src_ar6p",2026-04-11,0.257972656959338,0.208993566567353,175.568675470866,0.108268107179464,0.364763554758823,0.447068871496812,225.423876840953,0.126844966386079,1,1,4
"UMass-gbqr_4src_ar6p",2026-04-18,0.414288095797779,0.280913415116356,233.386722045367,0.164430481227702,2.22494155288129,2.47921561444328,392.702184083548,0.254232487093719,0.5,1,4
"UMass-gbqr_4src_ar6p",2026-04-25,0.359557588785138,0.226007410668243,199.509048088994,0.142020265032152,1.35077458448836,1.39904566765353,253.270234591568,0.166329447982468,0.5,1,4
"UMass-gbqr_4src_ar6p",2026-05-02,0.277168358664174,0.162910028905598,148.951541279938,0.103929809444111,0.924236276384739,0.939682695011292,172.60112461485,0.121014518675,0.75,1,4
"UMass-gbqr_4src_ar6p",2026-05-09,0.324730556995079,0.189532058620921,176.785962488097,0.122446056742605,0.922137169252255,0.927256386306843,247.363295651918,0.18311687333699,0.75,1,4
"UMass-gbqr_4src_ar6p",2026-05-16,0.339096769899875,0.200681546012852,176.733513779015,0.131873946322524,1.20392724834715,1.16915537657172,253.426685777075,0.200041719682037,0.5,1,4
"UMass-gbqr_4src_ar6p",2026-05-23,0.356326823231331,0.203032905082562,178.747671412235,0.148028972419925,1.77074508049806,1.64396249170404,291.730252012055,0.252022500188695,0.75,1,4
"UMass-gbqr_4src_ar6p",2026-05-30,0.374187943935929,0.224875499197805,183.274245167226,0.165285124354711,1.86909042503463,1.69488967553718,283.634471999005,0.267858713217834,0.5,1,4
"UMass-gbqr_4src_wisar",2025-11-22,0.411180151977047,0.198689853453159,1111.35054179656,0.17531192088877,0.393296795625619,0.26642686090524,1840.82565192571,0.282930848008395,0,1,4
"UMass-gbqr_4src_wisar",2025-11-29,0.403755875675092,0.201701287420259,2211.1426773432,0.178499468757651,0.405556121530259,0.243824127395174,3230.15311895813,0.267526373953229,0,0.75,4
"UMass-gbqr_4src_wisar",2025-12-06,0.49006719060624,0.262373529707407,5803.48801373572,0.267572890256854,0.500782373083729,0.281899879278046,7376.52435552332,0.352107684392313,0.25,0.5,4
"UMass-gbqr_4src_wisar",2025-12-13,0.527278918310601,0.330693207235685,9627.140447999,0.359622182072736,0.545866270587014,0.339726911691304,11673.7595962062,0.442664698570885,0.25,0.25,4
"UMass-gbqr_4src_wisar",2025-12-20,0.546785934081861,0.410838446688339,10905.4685224664,0.406924126205878,0.548382316803921,0.398879207137324,12750.5743435872,0.478049155406423,0,0.25,4
"UMass-gbqr_4src_wisar",2025-12-27,0.629439783649334,0.563014386728897,7367.32953441894,0.238506813672365,0.72197569938633,0.636105615967174,10067.9511279424,0.331213144341005,0.25,0.5,4
"UMass-gbqr_4src_wisar",2026-01-03,1.31638104530937,1.27593172380691,10095.2991934321,0.3638611764971,1.33238888737612,1.24845289429351,14343.1663726039,0.489504278961013,0,0.5,4
"UMass-gbqr_4src_wisar",2026-01-10,1.07608110212146,1.04542551579571,15982.4766735624,0.59051271233316,1.11710401345877,1.07971667841697,20657.2081408763,0.72815448073236,0,0,4
"UMass-gbqr_4src_wisar",2026-01-17,1.45250800934287,1.34366002118906,9425.26952993161,0.411035020798929,1.56480513198548,1.40785533137775,15317.8774370059,0.642525854388122,0,0.25,4
"UMass-gbqr_4src_wisar",2026-01-24,1.60446497541637,1.47282019261406,1520.48570901777,0.088629844682456,2.51736414880598,2.35549471929975,2484.6384148715,0.139324760612113,0.75,1,4
"UMass-gbqr_4src_wisar",2026-01-31,2.01674575430233,1.98154967389792,3018.89039445662,0.235759795254849,2.35432774451403,2.73278169425942,5107.71404172319,0.402406244564706,0,1,4
"UMass-gbqr_4src_wisar",2026-02-07,1.96191403240674,2.01114405664663,2595.96007811182,0.206664976350476,2.24764393276878,2.56647960359512,4124.9885276139,0.335899009859884,0,0.75,4
"UMass-gbqr_4src_wisar",2026-02-14,1.08796152200364,1.07588010414005,1781.91588670666,0.145826739255865,1.05475723587553,1.11733970707954,2742.63250258534,0.227466663407366,0,0.75,4
"UMass-gbqr_4src_wisar",2026-02-21,0.299652112238307,0.291655329931653,603.25132678331,0.053596126961816,0.228956750184375,0.229351799802939,788.527047634988,0.0694145469051697,0.75,1,4
"UMass-gbqr_4src_wisar",2026-02-28,0.273745213731974,0.309280105617136,712.339408359455,0.0821007765618728,0.285678132587353,0.340670679374903,1274.62440807162,0.150027813836854,0,1,4
"UMass-gbqr_4src_wisar",2026-03-07,0.274698433950793,0.343337686394692,565.966498286346,0.108214141565338,0.237684492454082,0.328710820059495,838.788573870455,0.162730395340375,0.5,1,4
"UMass-gbqr_4src_wisar",2026-03-14,0.304130648125804,0.389448783954462,650.335986305139,0.155178212845206,0.267241087288202,0.375657749705895,987.322196986263,0.238402314532304,0.5,0.75,4
"UMass-gbqr_4src_wisar",2026-03-21,0.314227943648236,0.3700909109427,630.553700372436,0.178944489447483,0.273672489932083,0.374404239537303,951.01190251399,0.278023909364316,0.25,0.75,4
"UMass-gbqr_4src_wisar",2026-03-28,0.34066141853311,0.345752629485568,559.956911650446,0.18008481402528,0.312601713668172,0.382356469673669,878.020063265477,0.288348295727725,0,0.75,4
"UMass-gbqr_4src_wisar",2026-04-04,0.301143342793244,0.23660931465639,211.860888249455,0.112994914471191,0.620287899532652,0.779809194215074,406.44364616877,0.211563717607275,0.25,1,4
"UMass-gbqr_4src_wisar",2026-04-11,0.256227169848871,0.212195247902766,174.380747790281,0.109926722722853,0.517413815178584,0.685139540321534,319.761737780365,0.194391753715464,0.25,1,4
"UMass-gbqr_4src_wisar",2026-04-18,0.47740601201209,0.315889055366941,268.94382280933,0.184903200037762,2.57117697836905,3.00508156520451,453.812736682137,0.30815769140474,0,1,4
"UMass-gbqr_4src_wisar",2026-04-25,0.425192088609189,0.269921042899758,235.927905568647,0.169615049068676,2.05054814774484,2.32150566859705,384.477777702157,0.275998679152154,0,0.75,4
"UMass-gbqr_4src_wisar",2026-05-02,0.169315643965978,0.10817613280109,90.9910000300391,0.0690118646712232,0.822136506388166,0.874798636226645,153.53399256799,0.112658598974456,0.75,1,4
"UMass-gbqr_4src_wisar",2026-05-09,0.111301147341017,0.0738308395110613,60.5932519587593,0.0476979737882067,0.142019289880494,0.163315189239115,38.0966745104425,0.0322518855232876,1,1,4
"UMass-gbqr_4src_wisar",2026-05-16,0.114805211733686,0.0776172564578446,59.8352159940335,0.0510046594476999,0.213735658586675,0.234256650788528,44.991356132495,0.0400811596214874,1,1,4
"UMass-gbqr_4src_wisar",2026-05-23,0.115655707544994,0.0765410629728818,58.0174914190533,0.0558052148995115,0.413440618377601,0.427378000520013,68.1143418777097,0.0655178404374992,0.75,1,4
"UMass-gbqr_4src_wisar",2026-05-30,0.125897575849211,0.0878997346949881,61.6636199965293,0.0646069430935546,0.521253006593565,0.552536810843902,79.1001437505735,0.0873223793231415,0.75,1,4
"UMass-gbqr_5src_all_otid10",2025-11-22,0.302703873011931,0.15029248371936,818.157471021381,0.132609006237939,0.291876598953629,0.196018821174549,1366.12842140246,0.208161335955711,0,1,4
"UMass-gbqr_5src_all_otid10",2025-11-29,0.266725813406116,0.137336629756382,1460.70649296492,0.121538715820899,0.329642204604877,0.187156359308889,2625.51774912669,0.205349908161655,0.25,1,4
"UMass-gbqr_5src_all_otid10",2025-12-06,0.450099018357407,0.260811914608675,5330.17575569599,0.265980329201238,0.56251277173875,0.345589715129347,8285.81312771179,0.431659618498709,0,0.75,4
"UMass-gbqr_5src_all_otid10",2025-12-13,0.539482284515526,0.372770243017391,9849.95140499609,0.405380108428282,0.63878668335347,0.442602439314961,13660.9323135265,0.576711672356779,0,0.25,4
"UMass-gbqr_5src_all_otid10",2025-12-20,0.575381730782045,0.448551913914273,11475.8024344248,0.444278273123752,0.615343458026264,0.469921438488213,14307.5045784332,0.563191920654119,0,0.25,4
"UMass-gbqr_5src_all_otid10",2025-12-27,0.685092879360391,0.568054280744958,8018.72575430315,0.24064183737931,0.919187673647841,0.744976439707474,12818.0721090191,0.38790097565844,0.25,0.75,4
"UMass-gbqr_5src_all_otid10",2026-01-03,2.81707100376223,2.07766081606692,21604.0596554156,0.592492603476046,2.96408365325404,2.13903196397364,31908.3605272797,0.838690273365899,0,0.5,4
"UMass-gbqr_5src_all_otid10",2026-01-10,0.960221036738971,0.893649253345174,14261.6669792722,0.504781293831061,1.16421565526805,1.11050020600764,21528.3848433029,0.748914707925255,0,0.5,4
"UMass-gbqr_5src_all_otid10",2026-01-17,0.447612608316659,0.491853432705761,2904.54128393336,0.150461413418648,0.401685671533054,0.450902833884672,3932.10103863706,0.205785866012421,1,1,4
"UMass-gbqr_5src_all_otid10",2026-01-24,4.08420739146465,5.70996072315641,3870.43598117511,0.343608089143635,7.0375578693983,9.86892306616103,6946.06961709612,0.583735269039789,0,1,4
"UMass-gbqr_5src_all_otid10",2026-01-31,3.86148393623258,4.65983541356766,5780.30063461015,0.554415494850019,4.1368705172086,5.97292151096005,8974.94058708406,0.87952174129172,0,1,4
"UMass-gbqr_5src_all_otid10",2026-02-07,1.58032105372057,1.67847531487152,2091.0449175113,0.172479967363039,2.10899822268079,2.41443882666673,3870.53898817492,0.316000022017926,0.25,1,4
"UMass-gbqr_5src_all_otid10",2026-02-14,0.972185245601325,0.929001227013553,1592.29191375118,0.125918510044731,0.725288353998869,0.692198791991948,1885.93104248556,0.140916991163377,0.5,0.5,4
"UMass-gbqr_5src_all_otid10",2026-02-21,0.436194198753405,0.435299926267789,878.134070765063,0.0799930181978325,0.325535286754437,0.337575776750844,1121.14352758228,0.102169111423822,0.75,0.75,4
"UMass-gbqr_5src_all_otid10",2026-02-28,0.233142188276544,0.278756045446801,606.682272893175,0.0739979306358301,0.197890126424954,0.255864312517038,882.936271576539,0.112679974444049,1,1,4
"UMass-gbqr_5src_all_otid10",2026-03-07,0.331967506496392,0.373420612008469,683.959076484098,0.117695763012878,0.311296540221531,0.371409811253415,1098.56549044178,0.183868804220144,0.5,1,4
"UMass-gbqr_5src_all_otid10",2026-03-14,0.20761301614639,0.235893511749345,443.948074478495,0.0939931900758567,0.165371146316697,0.174708497568103,610.963700067036,0.110874619840283,0.5,1,4
"UMass-gbqr_5src_all_otid10",2026-03-21,0.162109590304589,0.186845653638452,325.301438330538,0.0903426674560802,0.13996184897452,0.172584978338536,486.367425186456,0.128157604290309,0.25,1,4
"UMass-gbqr_5src_all_otid10",2026-03-28,0.157533093861911,0.218465845593591,258.942574423296,0.113787655738536,0.144566187193192,0.231320044743556,406.050278278879,0.174446481123735,0.5,1,4
"UMass-gbqr_5src_all_otid10",2026-04-04,0.953554561701194,1.24819162402945,670.846363603784,0.596085179510731,1.66594631868794,2.94242287230379,1091.61132532027,0.798284921818419,0,1,4
"UMass-gbqr_5src_all_otid10",2026-04-11,0.807550307722021,1.0139756920111,549.595215144035,0.525285207114971,1.53010848004346,2.80418807727677,945.607040666859,0.795620462707505,0,1,4
"UMass-gbqr_5src_all_otid10",2026-04-18,0.877002428562015,1.00127511893859,494.05407518111,0.586088598083511,5.02784819102914,7.76672100285819,887.415205716644,0.796442546431386,0,1,4
"UMass-gbqr_5src_all_otid10",2026-04-25,0.787420274058199,0.707370791806556,436.918797498121,0.44450306753807,3.66464417461733,5.01563460671299,687.12078274075,0.596297715438789,0,0.75,4
"UMass-gbqr_5src_all_otid10",2026-05-02,0.397320355112167,0.318904572045956,213.521772691074,0.203447827161077,1.62627839451804,1.89178705834118,303.707490176243,0.243628728629509,0,1,4
"UMass-gbqr_5src_all_otid10",2026-05-09,0.158469025736554,0.127179158708918,86.2718294780377,0.0821633374166813,0.354461606707112,0.403995775737625,95.0843259991829,0.0797820801095515,0.75,1,4
"UMass-gbqr_5src_all_otid10",2026-05-16,0.177155753365797,0.160552418948011,92.3316337921785,0.10550387665912,0.473745767983641,0.527716032589856,99.7234841605565,0.0902918677691942,1,1,4
"UMass-gbqr_5src_all_otid10",2026-05-23,0.263822851106297,0.209989556414762,132.344008999772,0.153100987459904,1.38081510662695,1.61095769011082,227.489288816789,0.246962802867296,0,1,4
"UMass-gbqr_5src_all_otid10",2026-05-30,0.185980601140835,0.156482425064841,91.091802507859,0.115015718379432,1.01385699395506,1.15964127784667,153.852798832681,0.18326857786767,0.5,1,4
"UMass-gbqr_5src_mobsgleam_otid10",2025-11-22,0.518027182211474,0.261401658749916,1400.14002827696,0.230645028533187,0.565292063616162,0.401701911087884,2645.84950375545,0.426585600132531,0,1,4
"UMass-gbqr_5src_mobsgleam_otid10",2025-11-29,0.459285171275699,0.263758664013464,2515.24523718833,0.233418348533071,0.560740437128585,0.35820502252096,4466.15739661989,0.393026284275605,0.5,1,4
"UMass-gbqr_5src_mobsgleam_otid10",2025-12-06,0.528949702612814,0.343877243558377,6263.94363431082,0.35069173348045,0.695150930148734,0.472635012482012,10239.5732010909,0.590345835670365,0,0.75,4
"UMass-gbqr_5src_mobsgleam_otid10",2025-12-13,0.528679656145703,0.367381869809799,9652.71533711568,0.39952036142309,0.689476982161625,0.488907199028191,14744.982371263,0.637046846861529,0.25,0.5,4
"UMass-gbqr_5src_mobsgleam_otid10",2025-12-20,0.487752629818064,0.369737591724577,9728.06837133226,0.366214865358315,0.59104377313031,0.436444631775633,13742.5065299961,0.523070603502725,0,0.25,4
"UMass-gbqr_5src_mobsgleam_otid10",2025-12-27,0.552069382919267,0.490055032704429,6461.74133806494,0.207599427527099,0.737129919830074,0.636376172855964,10279.2767320304,0.331354020314444,0.25,0.75,4
"UMass-gbqr_5src_mobsgleam_otid10",2026-01-03,1.40817017771919,1.30386663088411,10799.2281642151,0.371827455542283,1.55294942962248,1.39465358257303,16717.500609886,0.5468279175436,0,0.5,4
"UMass-gbqr_5src_mobsgleam_otid10",2026-01-10,0.978461731876984,0.962679161198882,14532.5866004589,0.543773108649906,1.20490373513871,1.13431627736672,22280.7786442512,0.764976124239564,0,0.25,4
"UMass-gbqr_5src_mobsgleam_otid10",2026-01-17,1.34680253769424,1.26348897881011,8739.35072282803,0.386510136860994,1.46196212187633,1.33688011226526,14311.1472110474,0.610133738320338,0,0.5,4
"UMass-gbqr_5src_mobsgleam_otid10",2026-01-24,1.42623650690443,1.31583048010669,1351.58589290169,0.0791826807271765,1.91467554144137,1.84756354524849,1889.78475940264,0.109281225106689,1,1,4
"UMass-gbqr_5src_mobsgleam_otid10",2026-01-31,1.79450881616853,1.72140832191446,2686.22131289573,0.204808831628338,1.9611075346308,2.16860398175983,4254.62279638152,0.319330221686269,0,1,4
"UMass-gbqr_5src_mobsgleam_otid10",2026-02-07,1.98174568251187,2.02742903882233,2622.20086700758,0.208338419605367,2.068607605029,2.32934306429753,3796.41210712948,0.304862749669046,0,0.5,4
"UMass-gbqr_5src_mobsgleam_otid10",2026-02-14,1.20537680842236,1.21506887114177,1974.22430936707,0.164692637003022,1.11658041850141,1.22382559651202,2903.3882332083,0.249144931722454,0,0.75,4
"UMass-gbqr_5src_mobsgleam_otid10",2026-02-21,0.501177460951076,0.508789318392196,1008.95657305491,0.0934978178240536,0.489592121362909,0.543861252135787,1686.15526597386,0.164602512074118,0.25,0.75,4
"UMass-gbqr_5src_mobsgleam_otid10",2026-02-28,0.111869861031118,0.131439890071147,291.107594298196,0.0348917271109806,0.0776596326529631,0.100087109782835,346.497865989358,0.0440773191914272,1,1,4
"UMass-gbqr_5src_mobsgleam_otid10",2026-03-07,0.236544457133247,0.301409703317458,487.357121652648,0.0949991614566495,0.18058910355185,0.252479270835637,637.29894643448,0.124991478987204,0.5,0.75,4
"UMass-gbqr_5src_mobsgleam_otid10",2026-03-14,0.265510456532713,0.340341017342253,567.752726295786,0.135610927559772,0.219347919103837,0.313083047545541,810.380887129126,0.198690758367478,0.5,0.75,4
"UMass-gbqr_5src_mobsgleam_otid10",2026-03-21,0.28557462700622,0.325784581854775,573.055775054909,0.157521716816468,0.268344965754267,0.36042708085629,932.498755996077,0.267644795326764,0.25,0.75,4
"UMass-gbqr_5src_mobsgleam_otid10",2026-03-28,0.22486567955723,0.228493446998702,369.619465577395,0.119010519081168,0.203038190857383,0.22931232461506,570.283518570673,0.172932389632503,0.5,1,4
"UMass-gbqr_5src_mobsgleam_otid10",2026-04-04,0.329364283687513,0.289746649748237,231.714933667289,0.138371128601433,0.674969438824754,0.901139359550428,442.27372478992,0.244480822235786,0.5,1,4
"UMass-gbqr_5src_mobsgleam_otid10",2026-04-11,0.231179487402901,0.200640441422268,157.334024767433,0.103940811065303,0.386224361253342,0.519740856331106,238.686655254566,0.147463882309823,0.5,1,4
"UMass-gbqr_5src_mobsgleam_otid10",2026-04-18,0.496133663449656,0.336550738714237,279.493933287898,0.196997355578048,2.55962717024572,2.95306978813285,451.774195548369,0.302824115992398,0,1,4
"UMass-gbqr_5src_mobsgleam_otid10",2026-04-25,0.443610267097782,0.290679873697887,246.147668333795,0.182659641911853,1.86201445100003,2.06140320193178,349.127709562505,0.245075671633842,0,1,4
"UMass-gbqr_5src_mobsgleam_otid10",2026-05-02,0.350066188345911,0.250090090180887,188.127167745344,0.159547055457352,1.5928387532647,1.79491700116506,297.462637172183,0.231153577809533,0,1,4
"UMass-gbqr_5src_mobsgleam_otid10",2026-05-09,0.083885181767467,0.0714789335914234,45.6677768007995,0.0461785389876528,0.14020045485276,0.16123318401104,37.6087720142528,0.0318407260066031,1,1,4
"UMass-gbqr_5src_mobsgleam_otid10",2026-05-16,0.0968510619974719,0.0782896457732998,50.4777102568582,0.0514465069132785,0.26938373202146,0.289232025016458,56.7052755905173,0.049487410168755,0.75,1,4
"UMass-gbqr_5src_mobsgleam_otid10",2026-05-23,0.108544672405827,0.0842025394142634,54.4503140706573,0.0613911098773526,0.431195934438319,0.455059819766421,71.0395301987131,0.0697615146888624,0.75,1,4
"UMass-gbqr_5src_mobsgleam_otid10",2026-05-30,0.138961066437275,0.110525790177346,68.0620126106603,0.0812372581229773,0.67972360907897,0.696275084320129,103.148057677734,0.110038636038371,0.5,1,4
"UMass-gbqr_5src_mobsgleam_otid50",2025-11-22,0.535911620527295,0.265298899411705,1448.47864607368,0.234083718203091,0.576239135709683,0.415725710891575,2697.08727468917,0.441478113437222,0,1,4
"UMass-gbqr_5src_mobsgleam_otid50",2025-11-29,0.589159932682517,0.365676028427666,3226.49588382281,0.323612098101016,0.745517294835424,0.576935105104677,5937.85887404044,0.633019210706849,0.25,1,4
"UMass-gbqr_5src_mobsgleam_otid50",2025-12-06,0.659916537770518,0.466257561937411,7814.88291897175,0.475497217996169,0.812852584767433,0.637402219493741,11973.3185736243,0.796148689766183,0.25,0.75,4
"UMass-gbqr_5src_mobsgleam_otid50",2025-12-13,0.612192000159575,0.451541171666912,11177.496694844,0.491041901972917,0.760017465268252,0.578498473531763,16253.5435078605,0.75378441800438,0,0.5,4
"UMass-gbqr_5src_mobsgleam_otid50",2025-12-20,0.558565514282421,0.434840679711165,11140.4084378481,0.430697674612882,0.65033647652435,0.499531593660924,15121.1359997868,0.59867912935912,0,0.25,4
"UMass-gbqr_5src_mobsgleam_otid50",2025-12-27,0.597504735010786,0.528714954412663,6993.54314034355,0.223976726155338,0.787379259478661,0.678466659054103,10980.0037734299,0.353270069993286,0.25,0.75,4
"UMass-gbqr_5src_mobsgleam_otid50",2026-01-03,1.69584520399099,1.47531557471908,13005.4020308478,0.420720051634219,1.85969528322691,1.57023766296613,20019.6197239377,0.615672452297548,0.25,0.5,4
"UMass-gbqr_5src_mobsgleam_otid50",2026-01-10,1.13394376430265,1.05809885867562,16841.8809013273,0.59767129987983,1.41842703848551,1.26363311133434,26229.1981889145,0.852186624892104,0,0.25,4
"UMass-gbqr_5src_mobsgleam_otid50",2026-01-17,1.27921006752453,1.19325550060142,8300.7457406554,0.36502522347439,1.53523289151359,1.38429796323109,15028.3947750265,0.631774594824573,0,0.5,4
"UMass-gbqr_5src_mobsgleam_otid50",2026-01-24,1.41336533285374,1.28991983339348,1339.38840869218,0.0776234567259506,2.63032126649775,2.49874839412828,2596.12709003328,0.147798048108263,1,1,4
"UMass-gbqr_5src_mobsgleam_otid50",2026-01-31,1.86854404446963,1.77700263407484,2797.04551524885,0.211423303031663,1.84823269067149,2.02448659590518,4009.74082241179,0.298108718285513,0,1,4
"UMass-gbqr_5src_mobsgleam_otid50",2026-02-07,2.00174914684466,2.07964856013414,2648.66899658619,0.213704492762222,2.33325814772575,2.66976034793122,4282.11201561369,0.349416319606469,0,1,4
"UMass-gbqr_5src_mobsgleam_otid50",2026-02-14,1.18268233239912,1.21857161041843,1937.05420128106,0.165167404632995,1.13376200465845,1.25820216641015,2948.06465261313,0.256143272159629,0,0.75,4
"UMass-gbqr_5src_mobsgleam_otid50",2026-02-21,0.511421296856689,0.534937713566956,1029.57917956768,0.0983029853070637,0.578499724041766,0.6631261209143,1992.35304959984,0.200698661461557,0.25,1,4
"UMass-gbqr_5src_mobsgleam_otid50",2026-02-28,0.119048462583195,0.140719865100037,309.787741113337,0.0373551676702314,0.0265794310795767,0.0302134164161526,118.590776619301,0.0133056734491364,1,1,4
"UMass-gbqr_5src_mobsgleam_otid50",2026-03-07,0.205884700548142,0.263860513963585,424.188231960717,0.0831643019191723,0.146723879859484,0.21385779218666,517.78857202412,0.105871668790386,0.5,0.75,4
"UMass-gbqr_5src_mobsgleam_otid50",2026-03-14,0.227184379449355,0.288762800608347,485.798384321997,0.115059276548722,0.199226436553717,0.285079684104668,736.042069847708,0.180919085443865,0.5,0.75,4
"UMass-gbqr_5src_mobsgleam_otid50",2026-03-21,0.244539536527265,0.272009439191824,490.711640264694,0.131520631233803,0.220981725280596,0.295608523570565,767.91149535007,0.219512037219636,0.5,1,4
"UMass-gbqr_5src_mobsgleam_otid50",2026-03-28,0.233212984292228,0.23744403423767,383.340217989398,0.123672420975436,0.208367034230855,0.232240263377165,585.250907395913,0.175140449961046,0.5,1,4
"UMass-gbqr_5src_mobsgleam_otid50",2026-04-04,0.347858370291118,0.312425891258368,244.725925638286,0.149201805146987,0.606370400855503,0.807624465905904,397.324205160568,0.219110053722344,0.75,1,4
"UMass-gbqr_5src_mobsgleam_otid50",2026-04-11,0.318050195452793,0.284049567337939,216.455698084695,0.147150505663596,0.580966245011892,0.803779974447822,359.037139417349,0.228053103986607,0.5,1,4
"UMass-gbqr_5src_mobsgleam_otid50",2026-04-18,0.546521612402677,0.384245599263985,307.879683098278,0.224915170998272,2.92092199530431,3.42916349484946,515.542732171211,0.351645398999447,0,1,4
"UMass-gbqr_5src_mobsgleam_otid50",2026-04-25,0.52723563688925,0.370733761153665,292.549186320266,0.232964515896771,2.62866096699936,3.10966404962353,492.873931312379,0.369701087493663,0,1,4
"UMass-gbqr_5src_mobsgleam_otid50",2026-05-02,0.408697845651502,0.307258044902104,219.63608804763,0.196017828192458,1.92331873148234,2.23553266377604,359.179773104326,0.287897085607016,0,1,4
"UMass-gbqr_5src_mobsgleam_otid50",2026-05-09,0.135902549974073,0.115772009935099,73.9864561071079,0.074793816945086,0.286193908021009,0.304782072156663,76.7715158266356,0.0601891137410062,0.25,1,4
"UMass-gbqr_5src_mobsgleam_otid50",2026-05-16,0.11403300056188,0.102452567927124,59.4327480088238,0.0673246978203021,0.257754457485464,0.284632489305996,54.2573133006902,0.0487004326192375,0.75,1,4
"UMass-gbqr_5src_mobsgleam_otid50",2026-05-23,0.113196562490176,0.0978460908080702,56.7838866956491,0.0713384673865326,0.336544800958549,0.351540530454503,55.445755957921,0.0538918155675012,1,1,4
"UMass-gbqr_5src_mobsgleam_otid50",2026-05-30,0.122276992403567,0.110224918759338,59.8902873469369,0.0810161154466181,0.432895625558794,0.460393054034592,65.6919111785469,0.0727600697603221,1,1,4
"UMass-gbqr_5src_nihflu_otid10",2025-11-22,0.372715940116431,0.18731551857853,1007.38827006352,0.165275895087516,0.390252941403449,0.267002313262805,1826.57889223884,0.283541947140672,0,1,4
"UMass-gbqr_5src_nihflu_otid10",2025-11-29,0.313506841419871,0.173362686824509,1716.89973686074,0.153420674187852,0.399646519658025,0.242907482538287,3183.08461744626,0.266520621662077,0,1,4
"UMass-gbqr_5src_nihflu_otid10",2025-12-06,0.342321268214612,0.202362654948514,4053.8469316273,0.20637280187909,0.497248068200839,0.288201616113113,7324.46404459836,0.359978883097072,0.25,1,4
"UMass-gbqr_5src_nihflu_otid10",2025-12-13,0.312076890043662,0.201292036309421,5697.94836602074,0.218901022904491,0.487847372487333,0.292425332423597,10432.981946171,0.3810306666238,0.25,1,4
"UMass-gbqr_5src_nihflu_otid10",2025-12-20,0.355580908651787,0.262139116082019,7091.94616171587,0.259641549168297,0.424641272024043,0.293117138957506,9873.44037614903,0.351295325016883,0.25,0.5,4
"UMass-gbqr_5src_nihflu_otid10",2025-12-27,0.592449134952849,0.510799230587779,6934.36945512603,0.216387182611108,0.884735011408548,0.728670942695264,12337.6297340922,0.379410884076328,0.5,0.75,4
"UMass-gbqr_5src_nihflu_otid10",2026-01-03,1.35690036611346,1.23025323747004,10406.041032271,0.350834909127912,1.4402316002013,1.31832537838299,15504.093176167,0.516900490784278,0.25,0.5,4
"UMass-gbqr_5src_nihflu_otid10",2026-01-10,0.666081115127495,0.686705320585636,9892.95868521257,0.38788819988193,0.827838408790056,0.873902855318993,15308.1808957435,0.58935486738826,0,0.25,4
"UMass-gbqr_5src_nihflu_otid10",2026-01-17,0.878155736775315,0.826022260440585,5698.31935873976,0.252686000659687,0.997925838319579,0.998269109778011,9768.69603131036,0.455596323268307,0,1,4
"UMass-gbqr_5src_nihflu_otid10",2026-01-24,2.04172194643465,1.84258027793882,1934.85622242158,0.110880883265747,1.48489050713736,1.45951135484807,1465.58693054458,0.0863283914239972,1,1,4
"UMass-gbqr_5src_nihflu_otid10",2026-01-31,1.22984418674558,1.17343190932557,1840.96820044079,0.139611976591991,1.3104255072648,1.35166329666741,2842.96813801099,0.199034468164967,0,1,4
"UMass-gbqr_5src_nihflu_otid10",2026-02-07,0.947239107402144,0.922801682123744,1253.36526811306,0.0948270150922325,0.906744699420785,0.896019712654012,1664.103209612,0.117270417373986,0.5,1,4
"UMass-gbqr_5src_nihflu_otid10",2026-02-14,0.767063649599127,0.729834905813897,1256.33386447219,0.0989231458973967,0.793314583212039,0.792542266944424,2062.8162449971,0.161344794182924,0.75,1,4
"UMass-gbqr_5src_nihflu_otid10",2026-02-21,0.481999618942412,0.475830964355155,970.348273082816,0.0874412162600237,0.421055807662519,0.448504532221736,1450.11620158972,0.135742291605457,0.75,1,4
"UMass-gbqr_5src_nihflu_otid10",2026-02-28,0.262248935005975,0.295240210981532,682.423808103402,0.0783737788290897,0.258767830648138,0.318450023687264,1154.55736839433,0.140242068844197,0.75,1,4
"UMass-gbqr_5src_nihflu_otid10",2026-03-07,0.346667070757328,0.392603722765054,714.244873135517,0.123741950033229,0.289679924336106,0.377807007170401,1022.28045298212,0.187035777003251,0.5,1,4
"UMass-gbqr_5src_nihflu_otid10",2026-03-14,0.289236100615923,0.340744033336424,618.486318061903,0.135771511709217,0.300377989519235,0.397085920170691,1109.74648227881,0.252001196597161,0.25,1,4
"UMass-gbqr_5src_nihflu_otid10",2026-03-21,0.239611991249925,0.2687624706481,480.82365298926,0.129950673390665,0.234283591885129,0.307908002718345,814.135481800823,0.228645345325432,0.25,1,4
"UMass-gbqr_5src_nihflu_otid10",2026-03-28,0.152682415852182,0.170983256608465,250.969347841212,0.0890564101091163,0.147425523691312,0.178572257638243,414.081439667972,0.134667542563581,0.75,1,4
"UMass-gbqr_5src_nihflu_otid10",2026-04-04,0.654186870580404,0.57963665764975,460.234684907022,0.27681071918329,1.04045720246118,1.42227082700357,681.759581912686,0.385864780560998,0,1,4
"UMass-gbqr_5src_nihflu_otid10",2026-04-11,0.349619850439006,0.312452054155195,237.941085630536,0.161864276701629,0.543553556239808,0.742934703944134,335.916097756202,0.210789731866888,0,1,4
"UMass-gbqr_5src_nihflu_otid10",2026-04-18,0.676524530497021,0.486481837290962,381.116049815369,0.284758357236717,3.00027972810428,3.74430483453978,529.549372010405,0.383961735710447,0,1,4
"UMass-gbqr_5src_nihflu_otid10",2026-04-25,0.603262809480122,0.425208654235697,334.734664545749,0.26719586579027,2.38398150157652,2.87782221638948,446.996531545598,0.342137924236998,0,0.75,4
"UMass-gbqr_5src_nihflu_otid10",2026-05-02,0.284543691653793,0.204551053698186,152.915078898558,0.130495047943081,1.0767768880564,1.22488105268643,201.088083844532,0.157743025184895,0,1,4
"UMass-gbqr_5src_nihflu_otid10",2026-05-09,0.0960638569708305,0.0811762519464025,52.2979468641889,0.0524434337088132,0.196265805628451,0.226001651572999,52.6483023598321,0.0446313623892891,0.25,1,4
"UMass-gbqr_5src_nihflu_otid10",2026-05-16,0.101806721136796,0.0928594340049278,53.0605453957549,0.0610207578066079,0.279364978336967,0.320281690792842,58.8063279399315,0.0547999876601004,0.25,1,4
"UMass-gbqr_5src_nihflu_otid10",2026-05-23,0.121677955870699,0.0914623741530577,61.0384901053833,0.0666841724766647,0.393729396557344,0.390032252263552,64.8669180828224,0.0597926679384266,0.25,1,4
"UMass-gbqr_5src_nihflu_otid10",2026-05-30,0.081664302494985,0.0712819080026501,39.9985184970019,0.052392719840482,0.211037254315754,0.20528639492259,32.0249033424157,0.0324432618705199,0.5,1,4
"UMass-gbqr_5src_nihflu_otid50",2025-11-22,0.39192670301467,0.199082942237836,1059.31171931716,0.175658758680051,0.440382701188857,0.311363907395137,2061.21123291444,0.330651549394061,0,1,4
"UMass-gbqr_5src_nihflu_otid50",2025-11-29,0.346767246591124,0.193573139502865,1899.04817300899,0.171306306513647,0.45280531224592,0.286975353669145,3606.48111071069,0.314872349185618,0,1,4
"UMass-gbqr_5src_nihflu_otid50",2025-12-06,0.357043874122601,0.214700679475627,4228.19540578708,0.218955324538526,0.515427159676902,0.312575521808535,7592.24206204077,0.39042316535782,0,1,4
"UMass-gbqr_5src_nihflu_otid50",2025-12-13,0.306881367340105,0.198136482227157,5603.08770493425,0.215469421589792,0.448878920270222,0.268806770289485,9599.61236916891,0.350255643132949,0,1,4
"UMass-gbqr_5src_nihflu_otid50",2025-12-20,0.352809177525522,0.25710735472394,7036.66488129854,0.254657728616891,0.379072017773235,0.260415849636387,8813.89825324992,0.312103450732796,0.25,0.5,4
"UMass-gbqr_5src_nihflu_otid50",2025-12-27,0.658268709620471,0.554638286853093,7704.76006116661,0.234958490681923,0.960197040490878,0.76781053913267,13389.9477296453,0.399790438161165,0.25,0.75,4
"UMass-gbqr_5src_nihflu_otid50",2026-01-03,1.71153570900167,1.47447470325477,13125.7321914372,0.420480257862673,2.06839633770154,1.68931357839885,22266.286575357,0.662360773812877,0.25,0.5,4
"UMass-gbqr_5src_nihflu_otid50",2026-01-10,0.702062009589094,0.720229796437977,10427.3643218255,0.406824631857235,0.884953064987293,0.916924918498437,16364.3308394788,0.618368689903619,0,0.25,4
"UMass-gbqr_5src_nihflu_otid50",2026-01-17,0.751303019995395,0.727645204980029,4875.17687789675,0.222591769678859,0.912532945182807,0.928507642792936,8932.7850003945,0.423758147016143,0,1,4
"UMass-gbqr_5src_nihflu_otid50",2026-01-24,1.75629464847167,1.63690129143526,1664.36846845633,0.0985037467220792,0.856718578976089,0.892414945598698,845.5812374494,0.0527853013821118,1,1,4
"UMass-gbqr_5src_nihflu_otid50",2026-01-31,1.13995119525127,1.05962475960263,1706.4063262074,0.126071488220363,1.34786338694156,1.39951441038255,2924.18961796971,0.20608061715257,1,1,4
"UMass-gbqr_5src_nihflu_otid50",2026-02-07,0.901381839344444,0.828401656274509,1192.68797277661,0.0851264772092596,0.723477057107807,0.724270528206862,1327.7612690571,0.094792007290684,1,1,4
"UMass-gbqr_5src_nihflu_otid50",2026-02-14,0.78707970530597,0.734423813906623,1289.11712650111,0.0995451348172884,0.767553045057016,0.783992007991642,1995.82980540951,0.159604142827804,0.75,1,4
"UMass-gbqr_5src_nihflu_otid50",2026-02-21,0.591202643240185,0.587678984687315,1190.19277477614,0.107995000411868,0.675397126775356,0.710188133070114,2326.06770461432,0.214942230742671,0.5,1,4
"UMass-gbqr_5src_nihflu_otid50",2026-02-28,0.295727075279051,0.333598437440677,769.540577415931,0.088556264293352,0.31344522635386,0.376203495218196,1398.51423868434,0.165676095309796,1,1,4
"UMass-gbqr_5src_nihflu_otid50",2026-03-07,0.344841951573369,0.384037804507559,710.484544768719,0.121042119727131,0.280679798353562,0.355753390771617,990.519008389721,0.176117993053791,0.5,1,4
"UMass-gbqr_5src_nihflu_otid50",2026-03-14,0.256723645208475,0.301455321254584,548.963499875364,0.120116687822124,0.251421380893073,0.3355527615303,928.876291709458,0.21295063141692,0.5,1,4
"UMass-gbqr_5src_nihflu_otid50",2026-03-21,0.214895297643918,0.251424251908972,431.225254981454,0.121567385370164,0.186004251219732,0.238263489711612,646.364772988568,0.176928944368449,0.5,1,4
"UMass-gbqr_5src_nihflu_otid50",2026-03-28,0.147482636995942,0.18317823809536,242.422292168918,0.0954081505900976,0.130445447182918,0.165887519457373,366.388649775022,0.125101540870638,0.75,1,4
"UMass-gbqr_5src_nihflu_otid50",2026-04-04,0.6738327663555,0.644621699575911,474.055999669494,0.307844912680773,1.13937748650701,1.59972388330566,746.57709803372,0.434008132255937,0,1,4
"UMass-gbqr_5src_nihflu_otid50",2026-04-11,0.393055746499931,0.385977425085684,267.502291183064,0.199953739794008,0.624349505169447,0.890151195400744,385.847994194718,0.252558846428074,0,1,4
"UMass-gbqr_5src_nihflu_otid50",2026-04-18,0.732649398843137,0.598450145773631,412.733658869049,0.35029813517303,3.15865447013226,4.14255515187999,557.502513978344,0.424800526848022,0,1,4
"UMass-gbqr_5src_nihflu_otid50",2026-04-25,0.582284396121269,0.455041930157218,323.094294796403,0.285942727853883,2.28361743113577,2.7886808286908,428.178268337957,0.331540101627549,0,1,4
"UMass-gbqr_5src_nihflu_otid50",2026-05-02,0.307884046344577,0.275774240942649,165.458292063179,0.175932473300169,1.08930961958157,1.30287938460791,203.428571456858,0.167787831421128,0,1,4
"UMass-gbqr_5src_nihflu_otid50",2026-05-09,0.153996484573512,0.168744794891512,83.836941607944,0.109016568915294,0.307268961602484,0.359611910031018,82.4248989498663,0.0710170450719678,0.25,1,4
"UMass-gbqr_5src_nihflu_otid50",2026-05-16,0.171722460462003,0.186840678760482,89.4998611788277,0.122778691570106,0.449238317045512,0.529973043036123,94.5646657380802,0.0906780407792653,0,1,4
"UMass-gbqr_5src_nihflu_otid50",2026-05-23,0.253939111535676,0.238451754209737,127.385933104524,0.173852450828314,0.970645466993037,1.08682695942479,159.913840687103,0.166612589380186,0,1,4
"UMass-gbqr_5src_nihflu_otid50",2026-05-30,0.155950631358549,0.175657096400133,76.3833648539043,0.129109241006042,0.638281706096116,0.695793907969725,96.8592489000856,0.109962591396699,0.5,1,4
"UMass-gbqr_5src_utseirs_otid10",2025-11-22,0.672195428711694,0.347166630689863,1816.83077429675,0.306318857440148,0.610687369360995,0.461726989552753,2858.32223229414,0.490328971555866,0,1,4
"UMass-gbqr_5src_utseirs_otid10",2025-11-29,0.474276470716148,0.286475430264648,2597.34410925102,0.253521991695642,0.58154908289825,0.403046513425548,4631.89305801384,0.44222683547831,0,1,4
"UMass-gbqr_5src_utseirs_otid10",2025-12-06,0.528608526186033,0.350656083953497,6259.90334485389,0.357604907683408,0.689829265746507,0.483456342531549,10161.185084446,0.60386224254342,0,0.75,4
"UMass-gbqr_5src_utseirs_otid10",2025-12-13,0.593060055119646,0.443387104611433,10828.1826685352,0.482174518781799,0.776480557083388,0.601745401310903,16605.6190736461,0.784075201348041,0,0.5,4
"UMass-gbqr_5src_utseirs_otid10",2025-12-20,0.622350271548138,0.511183141298423,12412.5747815973,0.506312772771811,0.779576194115599,0.648439089416708,18126.1209834303,0.777141935406643,0,0.25,4
"UMass-gbqr_5src_utseirs_otid10",2025-12-27,0.605765722105236,0.548601529050807,7090.23454083231,0.232401170829583,0.752441644665937,0.674820985151987,10492.7987348665,0.351371807997084,0.25,0.75,4
"UMass-gbqr_5src_utseirs_otid10",2026-01-03,1.30328259482664,1.15390937382083,9994.84744576785,0.329063706541259,1.55572997865547,1.39592738780417,16747.4332202261,0.547327362187492,0.25,1,4
"UMass-gbqr_5src_utseirs_otid10",2026-01-10,0.824912378953327,0.774594081596585,12251.9973897528,0.43753251204383,1.21606205591408,1.14389353863789,22487.1155224492,0.771434972053206,0,0.25,4
"UMass-gbqr_5src_utseirs_otid10",2026-01-17,0.572492308985666,0.567371893560186,3714.88093786412,0.173563040049269,0.656243045462402,0.703262085920812,6423.96317203145,0.320959165721127,0.25,1,4
"UMass-gbqr_5src_utseirs_otid10",2026-01-24,2.04214538699518,2.41421615174617,1935.25749968893,0.145280193490129,3.51626557870516,4.19290312248325,3470.55412618199,0.248005320930384,0.5,1,4
"UMass-gbqr_5src_utseirs_otid10",2026-01-31,2.9550539363241,3.18867490953039,4423.45492704714,0.379380519049197,3.20100061764304,4.06364671712342,6944.57083997659,0.598378135403339,0,1,4
"UMass-gbqr_5src_utseirs_otid10",2026-02-07,1.67346429677856,1.70258434048752,2214.28994075413,0.174957408594709,1.97511136803339,2.15906689273576,3624.82313818328,0.282577126455749,0,1,4
"UMass-gbqr_5src_utseirs_otid10",2026-02-14,0.880564254233212,0.861075072919361,1442.23063237977,0.116711676008456,0.817173042878308,0.802864448338215,2124.85420474432,0.163446171361104,0.5,1,4
"UMass-gbqr_5src_utseirs_otid10",2026-02-21,0.384209445714907,0.385468209223109,773.479806829701,0.0708356781482684,0.29866011051833,0.305331202114622,1028.58542062513,0.0924101187302986,0.75,1,4
"UMass-gbqr_5src_utseirs_otid10",2026-02-28,0.25030531838899,0.275198467842494,651.344145819531,0.0730535443701507,0.218407867103009,0.273515202695816,974.481301046852,0.120453242371466,1,1,4
"UMass-gbqr_5src_utseirs_otid10",2026-03-07,0.318854180913514,0.362274498923079,656.941438071352,0.114182699614591,0.24066343381719,0.325381332700921,849.301257940863,0.161082111313572,0.75,1,4
"UMass-gbqr_5src_utseirs_otid10",2026-03-14,0.267899599964028,0.316436050725887,572.861537128905,0.126085849679222,0.231381525301955,0.319075754142922,854.839045228073,0.202493888009411,0.5,1,4
"UMass-gbqr_5src_utseirs_otid10",2026-03-21,0.192589735733647,0.208989319223121,386.465217289986,0.101049460882731,0.159572456914255,0.195255133353601,554.514287777038,0.144991935896629,0.75,1,4
"UMass-gbqr_5src_utseirs_otid10",2026-03-28,0.173605106997632,0.200308771267718,285.360696200151,0.10433056684211,0.0990079085291747,0.12933646298414,278.08846308132,0.0975371195072443,0.75,1,4
"UMass-gbqr_5src_utseirs_otid10",2026-04-04,0.769141928418584,0.847494247898769,541.108067119179,0.404728529792738,1.50031706267059,2.45620026886712,983.082755314903,0.666371804698414,0,1,4
"UMass-gbqr_5src_utseirs_otid10",2026-04-11,0.628421230966924,0.697296582756938,427.685183612404,0.361231124946959,1.2556387588916,2.16974734637372,775.984752995007,0.615613268478304,0,1,4
"UMass-gbqr_5src_utseirs_otid10",2026-04-18,0.765083729622393,0.695607415356236,431.005345212653,0.407168386761478,4.35287838941733,6.18946937714591,768.283035732159,0.634702437486691,0,1,4
"UMass-gbqr_5src_utseirs_otid10",2026-04-25,0.653762573550611,0.577367071117085,362.755655265104,0.362810335371041,3.45730716189459,4.81159209709096,648.245092855236,0.572039552338716,0,1,4
"UMass-gbqr_5src_utseirs_otid10",2026-05-02,0.458650906158748,0.422436869872315,246.481090810805,0.269497118642325,2.19442382086994,2.72886772197647,409.80864854746,0.351429919541891,0,1,4
"UMass-gbqr_5src_utseirs_otid10",2026-05-09,0.21243259099483,0.206686045661599,115.650034325012,0.133528287821758,0.57749976467068,0.703745334553554,154.91431187291,0.138977360729977,1,1,4
"UMass-gbqr_5src_utseirs_otid10",2026-05-16,0.202279699537912,0.200420634631982,105.425958719849,0.131702493520215,0.528116747458762,0.623274633412744,111.168575340069,0.106641881823846,1,1,4
"UMass-gbqr_5src_utseirs_otid10",2026-05-23,0.196185234020733,0.181393463735427,98.4142968207146,0.132251902860412,0.830293814922013,0.94733496531473,136.790906008402,0.145228207869459,0.75,1,4
"UMass-gbqr_5src_utseirs_otid10",2026-05-30,0.167052727950157,0.173039482321469,81.8210824650013,0.127185275656113,0.594440556559809,0.677864877487967,90.206354457951,0.107129104885216,1,1,4
"UMass-gbqr_5src_utseirs_otid50",2025-11-22,0.626930465490827,0.320808734495311,1694.48721963335,0.283062242509165,0.51335401007635,0.375090454959833,2402.75344416236,0.398325679854727,0,1,4
"UMass-gbqr_5src_utseirs_otid50",2025-11-29,0.481728644510625,0.272323865564555,2638.15545221512,0.240998289872198,0.479970454658765,0.311354497921168,3822.8446787434,0.341621400362394,0,1,4
"UMass-gbqr_5src_utseirs_otid50",2025-12-06,0.532194830721962,0.336934112620347,6302.37318528969,0.343611013048811,0.632141641915631,0.420468097342961,9311.44638541725,0.525186631847563,0,0.75,4
"UMass-gbqr_5src_utseirs_otid50",2025-12-13,0.615954821432114,0.456507153376583,11246.1988705113,0.496442306757441,0.748429907710541,0.564531635956175,16005.7348988207,0.735585606745636,0,0.5,4
"UMass-gbqr_5src_utseirs_otid50",2025-12-20,0.674894726799377,0.559957418973022,13460.556938883,0.554622346727326,0.758405754379721,0.622167554736192,17633.8817965215,0.745655999964218,0,0.25,4
"UMass-gbqr_5src_utseirs_otid50",2025-12-27,0.63718855240405,0.576004628746591,7458.02563337065,0.244009801349952,0.837510278875615,0.741974081670854,11679.0808389205,0.386337681103597,0.25,0.75,4
"UMass-gbqr_5src_utseirs_otid50",2026-01-03,1.63902926748431,1.33289343446457,12569.681780975,0.380105113902578,2.06768172749039,1.68379629504491,22258.593796434,0.660197509325816,0.25,1,4
"UMass-gbqr_5src_utseirs_otid50",2026-01-10,0.949705228654955,0.86612261670454,14105.4811145868,0.48923276491296,1.25226390492016,1.16665156375736,23156.5510638074,0.786782848301312,0,0.25,4
"UMass-gbqr_5src_utseirs_otid50",2026-01-17,0.495051609785743,0.512351319560396,3212.37117003445,0.156731860716896,0.64083301298506,0.688538062032988,6273.11436411075,0.314239323264518,0.25,1,4
"UMass-gbqr_5src_utseirs_otid50",2026-01-24,2.2629902295805,2.70699144971129,2144.54310716947,0.162898521454151,3.61152158632601,4.33119184493191,3564.57180570377,0.25618493729405,0,1,4
"UMass-gbqr_5src_utseirs_otid50",2026-01-31,3.24940015822302,3.54078993077415,4864.06524197633,0.421274278467948,3.28636462707646,4.23872600139202,7129.76805844239,0.624158825251928,0,1,4
"UMass-gbqr_5src_utseirs_otid50",2026-02-07,1.75273938409669,1.76222066675158,2319.1849353703,0.181085631939158,1.9244119179161,2.08984351141678,3531.77697235553,0.273517219955177,0,1,4
"UMass-gbqr_5src_utseirs_otid50",2026-02-14,0.846999302067868,0.815127631314833,1387.25633384959,0.110483876497568,0.760168886114511,0.737561980888642,1976.62914611926,0.150151974181048,0.5,1,4
"UMass-gbqr_5src_utseirs_otid50",2026-02-21,0.371899386519845,0.364803219084119,748.697536860929,0.0670381701945699,0.265979556327643,0.257547012547061,916.033591992404,0.0779479785992296,0.75,1,4
"UMass-gbqr_5src_utseirs_otid50",2026-02-28,0.216037097400863,0.239747669646497,562.171429586714,0.0636428580415815,0.13098392319938,0.1716727892571,584.417519334833,0.0756029057586547,1,1,4
"UMass-gbqr_5src_utseirs_otid50",2026-03-07,0.315991922374311,0.359372656639559,651.044271424552,0.113268088769023,0.219013174350917,0.297432702777552,772.897492284385,0.147245963188516,0.75,1,4
"UMass-gbqr_5src_utseirs_otid50",2026-03-14,0.269463009058584,0.320923263007027,576.204643789718,0.127873806430233,0.220171526504719,0.30387830582331,813.423704671684,0.192849186529894,0.5,1,4
"UMass-gbqr_5src_utseirs_otid50",2026-03-21,0.170774498038257,0.185995012877417,342.689101475373,0.0899313699284029,0.118472363535332,0.129796655852753,411.691463285279,0.0963839878714878,0.75,1,4
"UMass-gbqr_5src_utseirs_otid50",2026-03-28,0.181565376498856,0.241704127726901,298.445265462512,0.125891285210481,0.145985976506566,0.250555056573804,410.038111512817,0.188952271713046,0.75,1,4
"UMass-gbqr_5src_utseirs_otid50",2026-04-04,0.92296343960554,1.19646796881661,649.324844185098,0.571384080970295,1.8556853201925,3.58154713520076,1215.93780605613,0.971680549972811,0,1,4
"UMass-gbqr_5src_utseirs_otid50",2026-04-11,0.755049024682242,0.932519720112382,513.864371292363,0.483087334516365,1.49969992613717,2.95419692536724,926.81455435277,0.838181840845831,0,1,4
"UMass-gbqr_5src_utseirs_otid50",2026-04-18,0.83897793497903,0.78012124129991,472.633204041477,0.456637897018069,4.73612155921719,6.99857933454458,835.925455201833,0.717673049483239,0,1,4
"UMass-gbqr_5src_utseirs_otid50",2026-04-25,0.761407235261373,0.688386065699094,422.484846525782,0.432573300167289,4.08741662867285,6.25013472263971,766.390617876159,0.743064706369662,0,1,4
"UMass-gbqr_5src_utseirs_otid50",2026-05-02,0.574776299125761,0.538800912876016,308.887407128941,0.343732528805619,2.92926293635459,3.98564786180294,547.03985336422,0.513280983213518,0,1,4
"UMass-gbqr_5src_utseirs_otid50",2026-05-09,0.289088613881093,0.280951725274356,157.382198097524,0.181507187465747,0.976648836262159,1.2680423779685,261.986050327324,0.250416129714911,0.25,1,4
"UMass-gbqr_5src_utseirs_otid50",2026-05-16,0.243412572675825,0.245745879499415,126.863960631918,0.161487090198179,0.852968004053273,1.05309244671109,179.549764853214,0.180183428349762,1,1,4
"UMass-gbqr_5src_utseirs_otid50",2026-05-23,0.26756004351271,0.24157514277353,134.218732979876,0.176129677760463,1.43483394949885,1.7549424302415,236.388893179935,0.269035930678831,0.5,1,4
"UMass-gbqr_5src_utseirs_otid50",2026-05-30,0.236137713758857,0.243120645235734,115.658352830521,0.178695439140034,1.35921560032746,1.69081752437799,206.260967349692,0.267215154415589,0.75,1,4
"UMass-gbqr_nih10_ar6fp",2025-11-22,0.327193938078893,0.157799731048667,884.349982867918,0.139232947657264,0.353805990992063,0.235560139640008,1655.98894083835,0.250152067396192,0,1,4
"UMass-gbqr_nih10_ar6fp",2025-11-29,0.38680870918379,0.201827234639467,2118.33262714565,0.178610928193571,0.446436835404426,0.275191547948455,3555.7577847874,0.301943034726445,0,0.75,4
"UMass-gbqr_nih10_ar6fp",2025-12-06,0.496720970162769,0.289913502208815,5882.28359655078,0.295658612349375,0.585993694703734,0.36723953958277,8631.68712298601,0.45870138089789,0,0.5,4
"UMass-gbqr_nih10_ar6fp",2025-12-13,0.493535170612657,0.327646680148694,9011.04185757784,0.356309145412789,0.613367818299749,0.412163792476333,13117.3308202039,0.537050067803148,0,0.25,4
"UMass-gbqr_nih10_ar6fp",2025-12-20,0.509347909525002,0.388793117584397,10158.7792371363,0.385088837043304,0.579076254947497,0.430751439767642,13464.246772848,0.516247420989604,0.25,0.25,4
"UMass-gbqr_nih10_ar6fp",2025-12-27,0.625990965557131,0.557100655965114,7326.96256040561,0.236001611115143,0.827395991211621,0.713880176947163,11538.037097446,0.371709496275827,0.25,0.75,4
"UMass-gbqr_nih10_ar6fp",2026-01-03,1.67882807866831,1.51525293209994,12874.8980463391,0.432109104489984,1.65091767920485,1.45051537979765,17772.1288166402,0.568730697293555,0.25,0.5,4
"UMass-gbqr_nih10_ar6fp",2026-01-10,0.983708505430897,0.970496415345897,14610.5142174122,0.548188715385731,1.06835356506319,1.04709028169964,19755.7270367572,0.706151433604561,0,0,4
"UMass-gbqr_nih10_ar6fp",2026-01-17,0.769193125896709,0.763776587275381,4991.26509837768,0.233644612837891,0.861997205209347,0.886389515264813,8438.0906417943,0.404536011565086,0,1,4
"UMass-gbqr_nih10_ar6fp",2026-01-24,1.36622112613625,1.39667363624914,1294.71177587361,0.0840475762578574,0.838286311832852,0.888381998865564,827.388589779025,0.0525467572947269,1,1,4
"UMass-gbqr_nih10_ar6fp",2026-01-31,1.602794298845,1.55508185031849,2399.24160135241,0.185019726462081,1.90390489718015,2.07608834885586,4130.52167443233,0.30570715458266,0,1,4
"UMass-gbqr_nih10_ar6fp",2026-02-07,1.15454243708825,1.14403356254968,1527.66432456285,0.117560782564082,1.27521125202004,1.27747550708227,2340.33145026977,0.167195078171712,0.25,1,4
"UMass-gbqr_nih10_ar6fp",2026-02-14,0.781075589083387,0.756446092994078,1279.2832951879,0.1025300744383,0.654556088957591,0.618410486882899,1702.00947031198,0.125895257437015,0.5,1,4
"UMass-gbqr_nih10_ar6fp",2026-02-21,0.432343697393212,0.431980448365179,870.382348152576,0.0793830133707067,0.295512933260018,0.304727984219477,1017.7465421475,0.0922275516132647,0.75,1,4
"UMass-gbqr_nih10_ar6fp",2026-02-28,0.236966737353978,0.270321794303823,616.634509098218,0.0717589939697467,0.200927002614382,0.256068366110596,896.48605391472,0.112769837518274,1,1,4
"UMass-gbqr_nih10_ar6fp",2026-03-07,0.322564699151024,0.364260869299448,664.586290586556,0.11480876943922,0.271333781358854,0.352098741837861,957.536914415395,0.174308735708041,0.5,1,4
"UMass-gbqr_nih10_ar6fp",2026-03-14,0.290706757591981,0.3437557412515,621.63108877454,0.13697154486153,0.288330019682651,0.389126330303432,1065.23525771755,0.246949830962969,0.25,1,4
"UMass-gbqr_nih10_ar6fp",2026-03-21,0.264141837829844,0.30021971385436,530.047109537895,0.145160720864219,0.270189871350714,0.360783902074578,938.90980294373,0.267909762492133,0.25,1,4
"UMass-gbqr_nih10_ar6fp",2026-03-28,0.203041331999722,0.220673103278221,333.746033506013,0.114937303075228,0.200467055014732,0.255677955327568,563.061840772627,0.192815627617797,0.75,1,4
"UMass-gbqr_nih10_ar6fp",2026-04-04,0.608759256490895,0.555205697152933,428.275370838225,0.265143493420027,1.13630361576166,1.54868625970654,744.562944227828,0.420161527898651,0,1,4
"UMass-gbqr_nih10_ar6fp",2026-04-11,0.261113258181118,0.23777947958345,177.706077175331,0.123180510306864,0.452948015657557,0.584028325547226,279.92187367637,0.165703894960364,1,1,4
"UMass-gbqr_nih10_ar6fp",2026-04-18,0.454018919111387,0.334787737742417,255.768843837862,0.195965396680389,2.60631213028448,3.05389062880509,460.01409099521,0.313162842856515,0.25,1,4
"UMass-gbqr_nih10_ar6fp",2026-04-25,0.37824127258919,0.271569297496377,209.876132769745,0.170650791896578,1.82449998693685,2.01427713219942,342.09374755066,0.23947295733695,0.5,1,4
"UMass-gbqr_nih10_ar6fp",2026-05-02,0.223600327439626,0.15590451959022,120.163836750159,0.0994605864435553,0.461339301265998,0.454564799712771,86.155114511425,0.0585399100524859,0.75,1,4
"UMass-gbqr_nih10_ar6fp",2026-05-09,0.232521441909813,0.157715326392113,126.586568530935,0.101891046533778,0.513634486300643,0.550051214278465,137.782450950148,0.108625467585139,1,1,4
"UMass-gbqr_nih10_ar6fp",2026-05-16,0.243162191639626,0.169905670317373,126.7334647846,0.111650182552863,0.643709131845986,0.672436149688197,135.50077225358,0.1150533850808,1,1,4
"UMass-gbqr_nih10_ar6fp",2026-05-23,0.261835336974449,0.171118814799758,131.346993058774,0.124760773659931,1.13428078349524,1.12128471560334,186.87275908084,0.17189502733533,0.75,1,4
"UMass-gbqr_nih10_ar6fp",2026-05-30,0.285530192968032,0.192261578269085,139.850391859842,0.141313655717052,1.29054447292068,1.24650578563351,195.840123765713,0.196996560057843,0.75,1,4
"UMass-gbqr_nih10_ar6p",2025-11-22,0.613019244612834,0.316392002797308,1656.8875378747,0.279165185339058,0.582304408404022,0.431816442671963,2725.47578353502,0.458565596179136,0,1,4
"UMass-gbqr_nih10_ar6p",2025-11-29,0.578571686184241,0.33508944612483,3168.51004356371,0.296543908492525,0.606850474687071,0.426208249786209,4833.41231826385,0.467640134027661,0,0.75,4
"UMass-gbqr_nih10_ar6p",2025-12-06,0.61195317877794,0.390394022459334,7246.88982670294,0.398130318424016,0.684330723724555,0.473870419597707,10080.1915604627,0.591888923733769,0,0.5,4
"UMass-gbqr_nih10_ar6p",2025-12-13,0.57828868308734,0.403801824700427,10558.4846619844,0.439126326596192,0.687332894330514,0.491226587873128,14699.1294449288,0.64006901416291,0,0.25,4
"UMass-gbqr_nih10_ar6p",2025-12-20,0.572591723181686,0.449809560067886,11420.1566356457,0.445523936878594,0.64911965134826,0.49955074170283,15092.8432934112,0.59870207792374,0,0.25,4
"UMass-gbqr_nih10_ar6p",2025-12-27,0.613623676152692,0.548008585238871,7182.20860799134,0.232149985171445,0.794102676979615,0.694027991218884,11073.7618304807,0.361372683186845,0.25,0.75,4
"UMass-gbqr_nih10_ar6p",2026-01-03,1.70411287506883,1.52518269873835,13068.806630497,0.434940805045726,1.69373571370867,1.47614664486715,18233.0649580738,0.578780426830051,0.25,0.5,4
"UMass-gbqr_nih10_ar6p",2026-01-10,0.984284553613875,0.966761204898245,14619.06996347,0.546078867080661,1.07986190324175,1.05476888311858,19968.5363492707,0.711329836551117,0,0,4
"UMass-gbqr_nih10_ar6p",2026-01-17,0.653031439581851,0.655534796438749,4237.49630982261,0.200532690144474,0.743165477728524,0.783024363871483,7274.84686148453,0.357361574865001,0,1,4
"UMass-gbqr_nih10_ar6p",2026-01-24,1.59049672853595,1.77250608512174,1507.24857384366,0.106664031231282,2.04886402419372,2.29445844064652,2022.2287918792,0.135714536041308,1,1,4
"UMass-gbqr_nih10_ar6p",2026-01-31,2.13416656396127,2.18263379669145,3194.65898285329,0.259684278321452,2.45296070911845,2.84389037618971,5321.69825843248,0.418767166305372,0,1,4
"UMass-gbqr_nih10_ar6p",2026-02-07,1.56063441086119,1.62335861922195,2064.99599890893,0.166816180840493,1.84365412991498,1.98364123963914,3383.56624192648,0.259617542792339,0.25,1,4
"UMass-gbqr_nih10_ar6p",2026-02-14,0.906240139860534,0.90000554375891,1484.28383700077,0.121988382584199,0.789273369206892,0.75853056266049,2052.30807828022,0.154420732645287,0.5,1,4
"UMass-gbqr_nih10_ar6p",2026-02-21,0.46368141740531,0.464199859649762,933.470577481084,0.085303822903823,0.310287108781656,0.316031718559475,1068.62880264402,0.0956486871710478,0.75,1,4
"UMass-gbqr_nih10_ar6p",2026-02-28,0.271707456889175,0.30743835888189,707.03676038256,0.0816118707627357,0.238249156375185,0.302204820430733,1063.00817345698,0.133087850775343,0.75,1,4
"UMass-gbqr_nih10_ar6p",2026-03-07,0.360421911115754,0.404757130609803,742.584236852241,0.127572495438317,0.309654026605491,0.400463648018954,1092.76905989078,0.198252092066146,0.5,1,4
"UMass-gbqr_nih10_ar6p",2026-03-14,0.346339540149348,0.404340549761006,740.59312281584,0.161111926594429,0.345378065499687,0.455255561770109,1275.9992629886,0.288917185163011,0.5,1,4
"UMass-gbqr_nih10_ar6p",2026-03-21,0.315233866496671,0.354705870707735,632.572261697714,0.171505592439821,0.319802186300329,0.42382233312452,1111.31259739364,0.314720640120968,0.25,1,4
"UMass-gbqr_nih10_ar6p",2026-03-28,0.234433182055266,0.250225017177689,385.345899096275,0.130329379562383,0.242836385145385,0.314031213846229,682.0666967771,0.236821846888458,0.75,1,4
"UMass-gbqr_nih10_ar6p",2026-04-04,0.601235207093049,0.549309433498225,422.982038520549,0.262327679476562,1.14043087026018,1.5421474381052,747.267327737985,0.418387533161203,0,1,4
"UMass-gbqr_nih10_ar6p",2026-04-11,0.253798874310634,0.224517611234696,172.728120584261,0.116310263497999,0.362560772012872,0.450294660424622,224.062557103955,0.12776020588094,1,1,4
"UMass-gbqr_nih10_ar6p",2026-04-18,0.429509905867852,0.313911668863638,241.961837748391,0.183745752237782,2.4066832179454,2.74797363262895,424.779587967362,0.28179242136957,0.25,1,4
"UMass-gbqr_nih10_ar6p",2026-04-25,0.371790285533745,0.260972395750694,206.296649741686,0.163991829741347,1.58169787873277,1.68764349433694,296.568352262395,0.200640205887677,0.5,1,4
"UMass-gbqr_nih10_ar6p",2026-05-02,0.262815710939629,0.1707302314894,141.238362869811,0.10891877279897,0.78395087012743,0.796108789786545,146.402824996298,0.102524737893356,0.75,1,4
"UMass-gbqr_nih10_ar6p",2026-05-09,0.315472939380792,0.196459373092755,171.74603998917,0.126921406966012,0.873565446353196,0.885713943862735,234.333930984245,0.174912969558613,0.75,1,4
"UMass-gbqr_nih10_ar6p",2026-05-16,0.316916259241556,0.204984304624775,165.173275127331,0.134701419847126,1.05561394374331,1.04299058620987,222.206735157968,0.178455006629993,1,1,4
"UMass-gbqr_nih10_ar6p",2026-05-23,0.332295677912584,0.203873384775336,166.692695510782,0.148641756565483,1.55278636502281,1.47411691538123,255.821553637507,0.225984858206672,0.75,1,4
"UMass-gbqr_nih10_ar6p",2026-05-30,0.355869080435975,0.225695917561526,174.301813172328,0.16588813780773,1.72485564120357,1.58721371576354,261.746843552642,0.250841709429478,0.75,1,4
"UMass-gbqr_nih10_wisar",2025-11-22,0.381609582772645,0.182297303273293,1031.42628487771,0.160848125126923,0.392201651152412,0.264432608831425,1835.69982821886,0.280813060678433,0,1,4
"UMass-gbqr_nih10_wisar",2025-11-29,0.417768349381628,0.214990613222005,2287.88107421696,0.190260115534369,0.459894250870477,0.285232918703084,3662.94273462063,0.312960531379482,0,0.75,4
"UMass-gbqr_nih10_wisar",2025-12-06,0.503800176816259,0.287522154684656,5966.11718457258,0.293219876363464,0.580763145348753,0.357938477209492,8554.64113098713,0.447083867818314,0,0.5,4
"UMass-gbqr_nih10_wisar",2025-12-13,0.501339966914281,0.329256905072393,9153.54304158972,0.358060232486905,0.612837422803405,0.409413003112588,13105.9879147179,0.533465784949394,0,0.25,4
"UMass-gbqr_nih10_wisar",2025-12-20,0.527422209817407,0.403701277909957,10519.2653078605,0.399854957796404,0.596894703129668,0.447079284722268,13878.5479661437,0.535816033117032,0,0.25,4
"UMass-gbqr_nih10_wisar",2025-12-27,0.621129120785672,0.556088910250052,7270.05669981818,0.235573010616764,0.795735687076303,0.69520407925685,11096.534156279,0.361985059193751,0.25,0.75,4
"UMass-gbqr_nih10_wisar",2026-01-03,1.49124803749078,1.38840917125202,11436.3505640951,0.395936698716,1.48379710743542,1.34757731207897,15973.0758615422,0.528369843594877,0.25,0.5,4
"UMass-gbqr_nih10_wisar",2026-01-10,1.02681101303544,1.00641270446831,15250.6934947953,0.568476172489239,1.08527127077037,1.05839609412231,20068.565021268,0.713776005993273,0,0,4
"UMass-gbqr_nih10_wisar",2026-01-17,1.14763067213888,1.10096210934794,7446.93202113162,0.336792028026699,1.15117392918253,1.11354500758876,11268.8415927677,0.508206661191823,0,0.25,4
"UMass-gbqr_nih10_wisar",2026-01-24,1.51750907276815,1.41337568675074,1438.08116337972,0.0850526549152921,1.64679166503916,1.6235529704136,1625.38337339365,0.0960312613272194,0.75,1,4
"UMass-gbqr_nih10_wisar",2026-01-31,1.75456087698818,1.71792576518484,2626.42277378259,0.204394485789647,2.01275942631234,2.2395261643897,4366.68157538462,0.329773620523568,0,1,4
"UMass-gbqr_nih10_wisar",2026-02-07,1.31455895241221,1.31658691543373,1739.39454248172,0.135292349069785,1.51307276917126,1.57092468533413,2776.86679962155,0.205601496161911,0.25,1,4
"UMass-gbqr_nih10_wisar",2026-02-14,0.742406279345211,0.715044505550481,1215.9488334842,0.096918428239357,0.629610580052522,0.587934721367014,1637.14491078157,0.119691038028396,0.5,1,4
"UMass-gbqr_nih10_wisar",2026-02-21,0.363414521130764,0.364172731645386,731.616041037967,0.0669223084860866,0.30769815562283,0.325678569421493,1059.71244796503,0.0985683580967787,0.75,1,4
"UMass-gbqr_nih10_wisar",2026-02-28,0.258111386287183,0.287128028284303,671.657084673897,0.0762203377025572,0.266384847013054,0.318162918400432,1188.54259116049,0.140115630670524,0.75,1,4
"UMass-gbqr_nih10_wisar",2026-03-07,0.285963958855316,0.340048549140566,589.177077210551,0.107177461997233,0.228257569414267,0.314106712858591,805.520962462948,0.15550053859892,0.5,1,4
"UMass-gbqr_nih10_wisar",2026-03-14,0.281659021153226,0.346869045503241,602.283914667006,0.1382120596859,0.270215825974365,0.374055613455199,998.312369062293,0.237385556617258,0.5,1,4
"UMass-gbqr_nih10_wisar",2026-03-21,0.269024510483306,0.310994754938699,539.845051992035,0.150370614348773,0.256765436366452,0.34945510138922,892.259891373423,0.259497257711619,0.25,1,4
"UMass-gbqr_nih10_wisar",2026-03-28,0.245360389461881,0.2485902910608,403.307326424088,0.129477934559115,0.256541436178083,0.313407728085099,720.56075886519,0.236351654617916,0.25,1,4
"UMass-gbqr_nih10_wisar",2026-04-04,0.392063745957817,0.324876995604965,275.825368406236,0.15514794244407,0.736656534690011,0.952955216709766,482.69419435563,0.25853856283818,0,1,4
"UMass-gbqr_nih10_wisar",2026-04-11,0.277040200357526,0.235746864908696,188.545490061844,0.122127524097406,0.515211032432638,0.692263703592138,318.40041804337,0.196413062529838,0.25,1,4
"UMass-gbqr_nih10_wisar",2026-04-18,0.529344354727552,0.362312981936836,298.202977677124,0.212077084144384,2.75291864343316,3.31414030348347,485.890140565952,0.339850284510787,0,1,4
"UMass-gbqr_nih10_wisar",2026-04-25,0.479585473137728,0.317941852988092,266.109363861027,0.199790732935144,2.28147144198924,2.67113130974896,427.775895372983,0.317564899067511,0,1,4
"UMass-gbqr_nih10_wisar",2026-05-02,0.161518700872067,0.10858539086961,86.8008872166311,0.0692729542638068,0.701228340788113,0.753537118465495,130.95439264218,0.097042259242363,0.75,1,4
"UMass-gbqr_nih10_wisar",2026-05-09,0.110695284370061,0.0778489167705581,60.2634152182709,0.0502938286514546,0.101432976635555,0.11472803262377,27.2093959824875,0.0226567742518808,1,1,4
"UMass-gbqr_nih10_wisar",2026-05-16,0.113543187228233,0.0829977080344719,59.1774626766257,0.0545403177905036,0.139398798063563,0.150174260219405,29.3434469923799,0.0256947176297098,1,1,4
"UMass-gbqr_nih10_wisar",2026-05-23,0.116115950379671,0.0810616214980138,58.2483674845612,0.0591011024945164,0.347409476582952,0.349087016246483,57.2357112670413,0.0535156872871578,0.75,1,4
"UMass-gbqr_nih10_wisar",2026-05-30,0.118403302501475,0.0856718800441092,57.992985190833,0.0629694537524377,0.384935767425648,0.414521159530285,58.414002706842,0.0655105202397059,1,1,4
"UMass-trends_ensemble",2023-10-21,1.05899783835874,0.561345122010886,521.038532608696,0.279877332081009,0.750846414281317,0.679272598234863,609.875,0.339953310453883,0,0,4
"UMass-trends_ensemble",2023-10-28,1.07738978937123,0.577073340863425,752.416793478261,0.323934516538426,0.708648538131261,0.608930072912199,866.5,0.388148711581481,0.25,0.25,4
"UMass-trends_ensemble",2023-11-04,1.36672142022648,0.982169743863485,1284.86989130435,0.484373713869534,0.909631773597041,0.869553535553427,1414.25,0.551777080447322,0,0,4
"UMass-trends_ensemble",2023-11-11,1.22315084237621,0.893968743865945,1675.88994565217,0.484206893151947,0.884758580570099,0.832706749717322,1901.125,0.572928720370078,0,0,4
"UMass-trends_ensemble",2023-11-18,1.01065651943768,0.794311913377087,1700.37570652174,0.355218549316653,0.828318239361184,0.7628358648225,2126.5,0.469251998036948,0,0.25,4
"UMass-trends_ensemble",2023-11-25,0.967192847907962,0.776099694482994,2333.50711956522,0.367912135598308,0.811042814752013,0.734804693940207,2869.875,0.478513797577265,0,0,4
"UMass-trends_ensemble",2023-12-02,0.979477107674562,0.834417265246427,4117.35336956522,0.482659030667197,0.839547210493217,0.756139053266475,4672.5,0.575484014387579,0,0,4
"UMass-trends_ensemble",2023-12-09,0.916701961371861,0.800317494800226,5950.80364130435,0.495861244453782,0.861409122278687,0.781583570355251,6865,0.609214565888608,0,0,4
"UMass-trends_ensemble",2023-12-16,0.905979572791127,0.818113381746362,7198.83875,0.531738126334772,0.856977077737502,0.787849415878436,8215.625,0.634050145583414,0,0,4
"UMass-trends_ensemble",2023-12-23,0.73691268432977,0.673402324730408,4892.18309782609,0.313606586153353,0.767352301558536,0.707943583443212,6351.375,0.421429446220019,0,0.25,4
"UMass-trends_ensemble",2023-12-30,1.04557228349441,1.02607307165529,2658.81467391304,0.150137202441076,1.27428423466746,1.24135870813674,4306.125,0.24515476541279,0.25,0.5,4
"UMass-trends_ensemble",2024-01-06,1.95175686112265,1.74061170009622,7589.64217391304,0.396981185976616,1.8746485260771,1.63829784908614,10334,0.522513770188779,0,0.25,4
"UMass-trends_ensemble",2024-01-13,1.62399243102034,1.46152350907608,6719.46635869565,0.380122914853772,1.74491142905808,1.54757377888436,10244.375,0.565531164328664,0,0.25,4
"UMass-trends_ensemble",2024-01-20,0.911495899283119,0.859008192340294,1798.68635869565,0.122073469531395,1,1,3099.5,0.22334975710867,1,1,4
"UMass-trends_ensemble",2024-01-27,1.56724304631706,1.76737150816131,940.239673913043,0.0872916071831971,0.973377703826955,1.01525147063855,877.5,0.075442236756551,1,1,4
"UMass-trends_ensemble",2024-02-03,1.35348967380171,1.58891146213314,773.858641304348,0.0776003452621929,1.59183976261128,1.78108068740585,1341.125,0.128142912102129,0.75,1,4
"UMass-trends_ensemble",2024-02-10,1.91693922027086,2.09551571051298,737.356413043478,0.0743650820211801,3.87917933130699,4.18962702567522,1276.25,0.123307602490027,0,1,4
"UMass-trends_ensemble",2024-02-17,0.562002275706688,0.571707411009173,253.952282608696,0.0247814437694049,0.776777469990766,0.783539986693521,420.625,0.0407911649350243,0.5,1,4
"UMass-trends_ensemble",2024-02-24,0.866022475267414,0.910863229382936,691.927173913043,0.0780269959575202,0.807606716568885,0.823846753376016,998,0.109740110645305,0,0.75,4
"UMass-trends_ensemble",2024-03-02,0.986012601573587,1.03172775972678,1181.98380434783,0.147646531669173,0.775817666752511,0.802281803989009,1506.25,0.185840818492207,0.25,0.25,4
"UMass-trends_ensemble",2024-03-09,1.34538921613698,1.37167269266338,2830.53483695652,0.35633706206189,0.917123705057892,0.933640502464242,3010,0.374590206396114,0,0,4
"UMass-trends_ensemble",2024-03-16,1.07075198249874,1.12200329009313,2101.0452173913,0.30480321216943,0.862595727529222,0.886616589466858,2675.125,0.377394620160978,0,0,4
"UMass-trends_ensemble",2024-03-23,0.499589002321605,0.51245698232376,627.914945652174,0.112204121210792,0.583703081904305,0.63012901202837,1216.875,0.219213126276159,0,1,4
"UMass-trends_ensemble",2024-03-30,0.413635034190235,0.414965855840356,371.222010869565,0.088516537497897,0.34680106631123,0.413921559694264,520.375,0.132873748696198,1,1,4
"UMass-trends_ensemble",2024-04-06,0.392783678126855,0.409403095417659,413.6375,0.116651446265492,0.401340860973888,0.480566539806512,710.875,0.210631582779031,0.5,1,4
"UMass-trends_ensemble",2024-04-13,0.643685456506219,0.701675700134933,850.122717391304,0.297096846619655,0.679895383215829,0.76004424061265,1494.75,0.497119238262557,0,0.75,4
"UMass-trends_ensemble",2024-04-20,0.806700744742101,0.925320711300119,1018.07972826087,0.497591253075732,0.726245414743817,0.81384021096883,1534.375,0.688239924392727,0,0,4
"UMass-trends_ensemble",2024-04-27,0.582028546395352,0.673535169800891,536.457391304348,0.373716241384096,0.597731926287604,0.720806325809317,948.75,0.646081406422531,0.25,1,4
"UMass-trends_ensemble",2024-05-04,0.476066366189807,0.538616955732808,418.953315217391,0.359003245673215,0.54424040066778,0.669683639442619,815,0.694597412146747,0,1,4
"UMass-trends_ensemble",2024-11-30,1.18827628836409,1.00854012676996,4881.17163043478,0.668104574399629,0.966724511930586,0.940702532002637,5570.75,0.82382946067497,0,0,4
"UMass-trends_ensemble",2024-12-07,1.00600370328574,0.853750271803807,9197.41641304348,0.788195069231744,0.901595147157942,0.7981774669926,10032.5,0.923504761172639,0,0,4
"UMass-trends_ensemble",2024-12-14,0.948240493732274,0.83186704251393,14683.2854347826,0.859888086460714,0.907869863695155,0.807444200179351,15968.75,1.0015236141094,0,0,4
"UMass-trends_ensemble",2024-12-21,0.88710228281992,0.799270522202775,16030.4698369565,0.770577078415513,0.885050885882556,0.79764756231867,17958.125,0.913791627696322,0,0,4
"UMass-trends_ensemble",2024-12-28,0.638281127257949,0.548173473138303,11966.2499456522,0.458297299182416,0.740080026675558,0.633740801021609,15536.5,0.620270512357302,0,0,4
"UMass-trends_ensemble",2025-01-04,0.347743807541161,0.314358196107848,3000.22815217391,0.0845882320339803,0.359408370064071,0.318849450198747,3954.75,0.111754298614855,0.75,1,4
"UMass-trends_ensemble",2025-01-11,1.13877358003656,1.1028908243466,5834.95489130435,0.138026878457842,1.20443237561317,1.18764027214172,8593.625,0.210436293762583,0.25,0.75,4
"UMass-trends_ensemble",2025-01-18,0.351284787879309,0.339669079584359,4633.28766304348,0.111122877294545,0.483270418668497,0.413113200116409,7745.375,0.169362494984148,0.5,1,4
"UMass-trends_ensemble",2025-02-01,0.542046745242444,0.521179512272432,5852.00842391304,0.127669320944268,0.691872047356139,0.647814708611015,9116.625,0.197720324038923,0.5,0.75,4
"UMass-trends_ensemble",2025-02-08,1.15293302808186,1.11386716125063,6668.85788043478,0.151255996860758,1.34776475694444,1.296062430341,10868.375,0.243189944024497,0.25,0.5,4
"UMass-trends_ensemble",2025-02-15,1.39487610256683,1.29220833357941,13970.8629891304,0.348817475217009,1.44209701126899,1.32550628555803,18395.75,0.440994918439757,0.25,0.25,4
"UMass-trends_ensemble",2025-02-22,0.884340657957724,0.84299655455541,8707.49918478261,0.272988684191681,1.10069606018303,1.0751368896078,14192.375,0.438421394237396,0.25,0.75,4
"UMass-trends_ensemble",2025-03-01,0.631552835753607,0.629624891139971,5934.17293478261,0.241674626960653,0.825806451612903,0.867837821345806,10368,0.426007805484199,0.25,1,4
"UMass-trends_ensemble",2025-03-08,0.384614438455921,0.424130273905487,3230.59255434783,0.185716744642403,0.499967840833566,0.599069789487985,5830,0.347456835052557,0.25,1,4
"UMass-trends_ensemble",2025-03-15,0.339447034439316,0.391313517834042,2148.12440217391,0.172580431108753,0.374525874645235,0.486883452181718,3530,0.306715954335016,0.75,1,4
"UMass-trends_ensemble",2025-03-22,0.343412766096587,0.412534850559933,1746.62663043478,0.191047971559477,0.352572086940275,0.469705147728029,2830.625,0.332738632756497,1,1,4
"UMass-trends_ensemble",2025-03-29,0.376278858635491,0.507385577199093,1283.93913043478,0.213615869785812,0.290275918649337,0.39575831823616,1680.625,0.275818990003225,1,1,4
"UMass-trends_ensemble",2025-04-05,0.376709605613793,0.531209537365153,925.671684782609,0.220420112798959,0.245463533790857,0.328395005430701,1055.125,0.221896484373953,1,1,4
"UMass-trends_ensemble",2025-04-12,0.433777918905238,0.693009984017205,645.765706521739,0.2850968330951,0.0802590266875981,0.119842230102929,204.5,0.0662071010468623,1,1,4
"UMass-trends_ensemble",2025-04-19,0.59196178934836,0.932669794543719,550.709130434783,0.386603916562779,0.33563672260612,0.372683331973138,425,0.14101682685102,1,1,4
"UMass-trends_ensemble",2025-05-03,0.379587558805433,0.427686775427783,269.442554347826,0.221746052472725,0.400733874082657,0.487137133727316,259.375,0.136276767757806,1,1,4
"UMass-trends_ensemble",2025-05-10,0.373800003750802,0.315922105507201,233.98125,0.174380895719082,1.08718726307809,1.32584391080146,358.5,0.21468337360678,1,1,4
"UMass-trends_ensemble",2025-05-17,0.314107692607208,0.219465238999585,185.893097826087,0.136140905766823,1.3956574185766,1.61580753426652,289.25,0.185443321688155,0.75,1,4
