"model_id","target_end_date","wis_scaled_relative_skill","wis_scaled_relative_skill__log","wis","wis__log","ae_median_scaled_relative_skill","ae_median_scaled_relative_skill__log","ae_median","ae_median__log","interval_coverage_50","interval_coverage_95","n"
"FluSight-baseline",2023-10-21,1,1,223.049302627635,0.258040432388491,1,1,307,0.23534196732758,0,1,1
"FluSight-baseline",2023-10-28,1,1,290.646355735383,0.329774253758217,1,1,410.5,0.293869514887769,0.5,1,2
"FluSight-baseline",2023-11-04,1,1,426.746986301718,0.404930128323772,1,1,675.333333333333,0.417983105548732,0,1,3
"FluSight-baseline",2023-11-11,1,1,759.031894781768,0.532499505490471,1,1,1272.25,0.635694140250103,0,1,4
"FluSight-baseline",2023-11-18,1,1,952.770509821142,0.510458806629652,1,1,1584.5,0.646578309835952,0,1,4
"FluSight-baseline",2023-11-25,1,1,1189.54974501459,0.469127330043527,1,1,1914.75,0.617387016866309,0,1,4
"FluSight-baseline",2023-12-02,1,1,1853.92154882355,0.512852324578563,1,1,2818,0.679166147261898,0,1,4
"FluSight-baseline",2023-12-09,1,1,2285.83883113224,0.467482981949466,1,1,3383.25,0.639601528160275,0,1,4
"FluSight-baseline",2023-12-16,1,1,3640.30944912066,0.52973140507827,1,1,5072,0.717317091690985,0,0.75,4
"FluSight-baseline",2023-12-23,1,1,7203.38576252433,0.703492590643702,1,1,8915.25,0.880825588426081,0,0,4
"FluSight-baseline",2023-12-30,1,1,10418.8110589842,0.73632277967882,1,1,12160.25,0.886917472083432,0,0,4
"FluSight-baseline",2024-01-06,1,1,5429.63126533887,0.386162074827627,1,1,6918.5,0.497327909083619,0,0.5,4
"FluSight-baseline",2024-01-13,1,1,2676.8628081572,0.173682594897403,1,1,3808.5,0.24743052298647,0,1,4
"FluSight-baseline",2024-01-20,1,1,3160.40992809748,0.199282559677467,1,1,4476.25,0.280232967523419,0,0.75,4
"FluSight-baseline",2024-01-27,1,1,2967.09219807931,0.188496081926681,1,1,4322.25,0.271367720301826,0,0.75,4
"FluSight-baseline",2024-02-03,1,1,2010.802099823,0.139601697768865,1,1,3012,0.206966685236856,0,1,4
"FluSight-baseline",2024-02-10,1,1,947.277691674689,0.0737135843939659,1,1,1493,0.115378999278115,0,1,4
"FluSight-baseline",2024-02-17,1,1,518.299658154663,0.0445576186274458,1,1,707.5,0.0601360016384223,0.75,1,4
"FluSight-baseline",2024-02-24,1,1,447.310086649475,0.04025843078754,1,1,543.5,0.0479842462897588,0.75,1,4
"FluSight-baseline",2024-03-02,1,1,468.671446145679,0.0448952613374213,1,1,451,0.042461326737925,0.75,1,4
"FluSight-baseline",2024-03-09,1,1,695.81184814059,0.0697087709358449,1,1,1066.5,0.10626792674514,0,1,4
"FluSight-baseline",2024-03-16,1,1,1673.52686218186,0.19438135468855,1,1,2676,0.309504511531399,0,1,4
"FluSight-baseline",2024-03-23,1,1,1978.33646909475,0.261280804974443,1,1,3115.5,0.406906878315752,0,1,4
"FluSight-baseline",2024-03-30,1,1,1618.57094729219,0.230329136907105,1,1,2591.75,0.358981727696823,0,1,4
"FluSight-baseline",2024-04-06,1,1,1125.11360770948,0.18571300401067,1,1,1853.5,0.290760701712433,0,1,4
"FluSight-baseline",2024-04-13,1,1,1080.8775574015,0.231916451572249,1,1,1800.5,0.354730610573411,0,1,4
"FluSight-baseline",2024-04-20,1,1,1276.04888648993,0.350528022174709,1,1,2128.25,0.534237481533065,0,1,4
"FluSight-baseline",2024-04-27,1,1,1131.03671094212,0.364425963881843,1,1,1913,0.557506216042037,0,1,4
"FluSight-baseline",2024-05-04,1,1,1246.3744133447,0.54803642331941,1,1,2092.5,0.84007822569927,0,1,4
"FluSight-baseline",2024-05-11,1,1,1323.53043748243,0.785754630164235,1,1,2277.33333333333,1.27716334522335,0,1,3
"FluSight-baseline",2024-05-18,1,1,1122.51070488352,0.828989508666091,1,1,1994.5,1.3621022817927,0,1,2
"FluSight-baseline",2024-05-25,1,1,1005.0777716925,0.869698691967339,1,1,1795,1.37062393736303,0,1,1
"FluSight-baseline",2024-11-30,1,1,661.636086956522,0.195683991768953,1,1,1031,0.264371685831573,0,1,1
"FluSight-baseline",2024-12-07,1,1,1766.37869565217,0.396437148115464,1,1,2762.5,0.555851134545254,0,1,2
"FluSight-baseline",2024-12-14,1,1,3459.26826086957,0.569280419558942,1,1,5118.66666666667,0.789346411840687,0,1,3
"FluSight-baseline",2024-12-21,1,1,8337.79576086957,0.896161346486845,1,1,10571.5,1.13303952434673,0,0,4
"FluSight-baseline",2024-12-28,1,1,18613.0135869565,1.18717534773845,1,1,20840.75,1.38339978914604,0,0,4
"FluSight-baseline",2025-01-04,1,1,24194.3690217391,1.0908225316366,1,1,26435.25,1.24914964047204,0,0,4
"FluSight-baseline",2025-01-11,1,1,11166.5106521739,0.52310789847463,1,1,13318.25,0.643830731712399,0,0.5,4
"FluSight-baseline",2025-01-18,1,1,7020.11141304348,0.282213660480052,1,1,8984.25,0.366624435476692,0,0.75,4
"FluSight-baseline",2025-01-25,1,1,8101.46072463768,0.230812511490052,1,1,10801.6666666667,0.31192038397209,0,0.333333333333333,3
"FluSight-baseline",2025-02-01,1,1,15634.7192753623,0.361566326426473,1,1,18619.6666666667,0.440115064202566,0,0,3
"FluSight-baseline",2025-02-08,1,1,15128.4662318841,0.33549473075813,1,1,18027,0.409132174109747,0,0,3
"FluSight-baseline",2025-02-15,1,1,3353.2647826087,0.078539715436447,1,1,4527.33333333333,0.107382233928873,0.333333333333333,0.666666666666667,3
"FluSight-baseline",2025-02-22,1,1,3760.66967391304,0.0891988426120447,1,1,5801.5,0.13726394595444,0,1,4
"FluSight-baseline",2025-03-01,1,1,8260.02967391304,0.218496547206745,1,1,11214.5,0.292050117064722,0,0.5,4
"FluSight-baseline",2025-03-08,1,1,10638.7632608696,0.333626941132698,1,1,13754.25,0.422386797036332,0,0.25,4
"FluSight-baseline",2025-03-15,1,1,9759.07717391305,0.382691562001436,1,1,12902,0.492969793544694,0,0.5,4
"FluSight-baseline",2025-03-22,1,1,8458.88695652174,0.424347763175163,1,1,11576.25,0.564962587050786,0,0.5,4
"FluSight-baseline",2025-03-29,1,1,6949.1375,0.463085312845253,1,1,9970.25,0.645027039341357,0,0.5,4
"FluSight-baseline",2025-04-05,1,1,5290.67684782609,0.483328802704794,1,1,8103.75,0.716275727723573,0,0.75,4
"FluSight-baseline",2025-04-12,1,1,3746.95847826087,0.474271753432464,1,1,6120.25,0.725380674823103,0,1,4
"FluSight-baseline",2025-04-19,1,1,2348.35347826087,0.41344144857802,1,1,4019,0.622394609446111,0.25,1,4
"FluSight-baseline",2025-04-26,1,1,1895.29594202899,0.458227833890354,1,1,3246.33333333333,0.635338999176119,0.333333333333333,1,3
"FluSight-baseline",2025-05-03,1,1,1185.95014492754,0.464818829293408,1,1,1882.66666666667,0.497671472847607,0.666666666666667,1,3
"FluSight-baseline",2025-05-10,1,1,761.69115942029,0.446225817220091,1,1,903.333333333333,0.309208950582777,1,1,3
"FluSight-baseline",2025-05-17,1,1,562.553043478261,0.456214510372893,1,1,418.666666666667,0.189727873447006,1,1,3
"FluSight-baseline",2025-05-24,1,1,776.530144927536,0.663952806089736,1,1,573.666666666667,0.27482720396501,1,1,3
"FluSight-baseline",2025-05-31,1,1,809.192826086957,0.791125380320653,1,1,255.5,0.126945094544789,1,1,2
"FluSight-baseline",2025-06-07,1,1,884.832173913043,0.961470346891153,1,1,431,0.247470640685814,1,1,1
"FluSight-baseline",2025-11-22,1,1,904.341304347826,0.42608645967388,1,1,1410,0.500454200120141,0,1,1
"FluSight-baseline",2025-11-29,1,1,1506.8797826087,0.522764107373139,1,1,2504,0.673656643464663,0,1,2
"FluSight-baseline",2025-12-06,1,1,2451.57710144928,0.672769676278738,1,1,4108.33333333333,0.847343649595275,0,1,3
"FluSight-baseline",2025-12-13,1,1,4326.7775,0.842550960451548,1,1,6960,1.06391987523439,0,1,4
"FluSight-baseline",2025-12-20,1,1,11682.390326087,1.09043522567575,1,1,15053.25,1.33051800646341,0,0,4
"FluSight-baseline",2025-12-27,1,1,24394.9756521739,1.26662909444824,1,1,27741.75,1.47435112901136,0,0,4
"FluSight-baseline",2026-01-03,1,1,22186.9643478261,0.936289755900334,1,1,25540.75,1.1031482953502,0,0,4
"FluSight-baseline",2026-01-10,1,1,8218.13619565217,0.376935636977433,1,1,11111.5,0.499439658793362,0,0.25,4
"FluSight-baseline",2026-01-17,1,1,7965.49163043478,0.312070020962724,1,1,10341.5,0.394906880599125,0.25,0.5,4
"FluSight-baseline",2026-01-24,1,1,9340.24880434783,0.394968287628648,1,1,12365,0.506962763401195,0,0.5,4
"FluSight-baseline",2026-01-31,1,1,7057.56032608696,0.319088567661966,1,1,9538.5,0.420914280872385,0,0.75,4
"FluSight-baseline",2026-02-07,1,1,2605.04326086957,0.14401184535872,1,1,4047,0.21624217474542,0.25,1,4
"FluSight-baseline",2026-02-14,1,1,1440.17836956522,0.102557090579427,1,1,2009.75,0.131020673170049,0.25,1,4
"FluSight-baseline",2026-02-21,1,1,898.015760869565,0.0769475619061978,1,1,749.75,0.052469017994667,0.75,1,4
"FluSight-baseline",2026-02-28,1,1,1657.35956521739,0.138770102956567,1,1,2703.5,0.216248020104962,0.25,1,4
"FluSight-baseline",2026-03-07,1,1,1894.53826086957,0.176799230560797,1,1,3217,0.280794453825844,0,1,4
"FluSight-baseline",2026-03-14,1,1,2138.88347826087,0.231764616639369,1,1,3670.25,0.3682700672401,0,1,4
"FluSight-baseline",2026-03-21,1,1,2156.18369565217,0.289652847098811,1,1,3703.25,0.449280366940849,0,1,4
"FluSight-baseline",2026-03-28,1,1,2641.17869565217,0.536733133962394,1,1,4558.5,0.837942037296386,0,1,4
"FluSight-baseline",2026-04-04,1,1,1837.56293478261,0.451780344839798,1,1,3136.75,0.655570189257775,0.25,1,4
"FluSight-baseline",2026-04-11,1,1,1363.1997826087,0.473693763197774,1,1,2251.25,0.605594678476937,0.5,1,4
"FluSight-baseline",2026-04-18,1,1,920.689782608696,0.494842345289222,1,1,1269.25,0.430493769631287,0.75,1,4
"FluSight-baseline",2026-04-25,1,1,646.950326086957,0.538996326345789,1,1,477.5,0.216125905829299,1,1,4
"FluSight-baseline",2026-05-02,1,1,588.16652173913,0.578334799907325,1,1,303.25,0.154421314153114,1,1,4
"FluSight-baseline",2026-05-09,1,1,549.272826086957,0.629736012244691,1,1,186,0.11563671260362,1,1,4
"FluSight-baseline",2026-05-16,1,1,542.029673913044,0.641434816093031,1,1,223,0.154683760818148,1,1,4
"FluSight-baseline",2026-05-23,1,1,530.110869565217,0.645331601904936,1,1,200,0.146084774263261,1,1,4
"FluSight-baseline",2026-05-30,1,1,524.133913043478,0.66185748656613,1,1,234.25,0.189719519494258,1,1,4
"FluSight-baseline",2026-06-06,1,1,603.466666666667,0.821482642242625,1,1,182.333333333333,0.157516361373626,1,1,3
"FluSight-baseline",2026-06-13,1,1,683.596304347826,1.03038983833971,1,1,271.5,0.271793442682881,1,1,2
"FluSight-baseline",2026-06-20,1,1,749.880434782609,1.15152552114373,1,1,306,0.329882426942158,1,1,1
"UMass-AR2",2023-10-21,0.425756183448736,0.272252582027071,94.9646198076439,0.0702521739851487,0.336395804597841,0.31083991054377,103.273512011537,0.0731536760712999,1,1,1
"UMass-AR2",2023-10-28,0.486720871404706,0.275325129437257,141.463647534128,0.0907951391010559,0.151076214002115,0.129919373716197,62.0167858478683,0.0381793433285016,1,1,2
"UMass-AR2",2023-11-04,0.504025483636895,0.307142294918068,215.091356161311,0.124371168894831,0.229435736002618,0.19455383706255,154.945600380435,0.0813202170118267,1,1,3
"UMass-AR2",2023-11-11,0.4934135454315,0.34102941347878,374.516618299862,0.181597994035156,0.46494489216622,0.380983137174234,591.526139058473,0.242188747835762,0.5,1,4
"UMass-AR2",2023-11-18,0.464523576042325,0.335508869342249,442.584364369785,0.171263457058108,0.482817147650632,0.401073209226633,765.023770452426,0.259325237742237,0.5,1,4
"UMass-AR2",2023-11-25,0.463472419498915,0.369338914126578,551.32349843623,0.173266978665377,0.523790220446414,0.452623838647724,1002.92732459977,0.279444081505296,0.5,1,4
"UMass-AR2",2023-12-02,0.473973343535453,0.370180831461162,878.709395148325,0.189848099929282,0.591289538114309,0.496668654527062,1666.25391840612,0.337320536560896,0.25,1,4
"UMass-AR2",2023-12-09,0.462490650732417,0.381571094396489,1057.17908847978,0.178377993034192,0.590664155173684,0.502076073167725,1998.36450299137,0.321128623650787,0.25,1,4
"UMass-AR2",2023-12-16,0.601979870709684,0.526216594457777,2175.48787811762,0.274948687931971,0.731467130007737,0.651270934076074,3697.15938579406,0.463001445649777,0,0.75,4
"UMass-AR2",2023-12-23,0.70365932593658,0.62524639341441,5022.16999101637,0.434828335022134,0.812648376409199,0.737242062309256,7211.6592421917,0.644839931719468,0,0,4
"UMass-AR2",2023-12-30,0.652786516607144,0.597360989678688,6686.99970941498,0.432354145783946,0.777678384334811,0.713805832748348,9345.8064906633,0.624967594462908,0,0.25,4
"UMass-AR2",2024-01-06,0.731288421826727,0.640323729361564,3972.72977647487,0.24620475263032,0.920490466680165,0.802462530494188,6375.51800003651,0.397230599217185,0,0.75,4
"UMass-AR2",2024-01-13,1.44319856067029,1.14151994407706,3863.24455184431,0.198262146014442,1.57979806537323,1.22854581278177,6016.66093197397,0.30397973296943,0.5,0.75,4
"UMass-AR2",2024-01-20,1.46699767323493,1.2420014475586,4636.31401098755,0.247509227592598,1.64229069291366,1.39521288823082,7351.30371415476,0.390984647995843,0.5,0.75,4
"UMass-AR2",2024-01-27,1.15449073867744,1.134989688687,3425.48046348466,0.213941109344682,1.29055729890794,1.26301665506902,5578.11128520486,0.342741950389318,0.25,1,4
"UMass-AR2",2024-02-03,0.732297395978748,1.0662182534991,1472.50514152898,0.148845878380628,0.837278513728623,1.18728417143542,2521.88288335061,0.245728269396175,0.5,1,4
"UMass-AR2",2024-02-10,1.86919742374215,2.66717585279743,1770.64902084674,0.196607092318731,2.14931956090297,2.96865190021797,3208.93410442814,0.342520085452224,0.25,1,4
"UMass-AR2",2024-02-17,2.68580213280884,3.59459192129582,1392.05032730589,0.160166455950397,3.57332422434367,4.6148358281889,2528.12688872315,0.277517774925018,0.5,1,4
"UMass-AR2",2024-02-24,2.36298112516647,2.84636266261039,1043.76480873224,0.114559758037574,3.5555073692146,4.12958559961903,1899.9033483073,0.19653893374321,0.5,1,4
"UMass-AR2",2024-03-02,2.730237870317,3.16737757083756,1268.17866573979,0.141881828711727,5.3042853731263,5.97250730624507,2290.33974077333,0.243752448827199,0.5,1,4
"UMass-AR2",2024-03-09,1.03173804047458,1.20494840936341,720.433353614839,0.0843679506166917,0.850765488014188,0.955057045657914,934.048980058214,0.104594405477981,1,1,4
"UMass-AR2",2024-03-16,0.438841388385561,0.473081674707504,761.421727942028,0.0952275178583493,0.313246843921174,0.337989277173379,864.811203764411,0.107356354841306,0.75,1,4
"UMass-AR2",2024-03-23,0.396336438804892,0.423644135343405,804.270933054385,0.11333355258912,0.376489047444212,0.413506443193008,1192.64655619464,0.170480424655161,0.75,1,4
"UMass-AR2",2024-03-30,0.453189518106463,0.500896589320123,758.17227626767,0.118884487118998,0.448583617928566,0.521375519878582,1229.07721632435,0.19726431727745,0.5,1,4
"UMass-AR2",2024-04-06,0.418355616337961,0.519768347164659,476.859242343105,0.098130789158402,0.297207631150461,0.38297385940161,567.899390190418,0.115008352580416,1,1,4
"UMass-AR2",2024-04-13,0.386100151747176,0.435203770554083,407.805051825642,0.101394619970347,0.192639897988226,0.224890120612543,302.488351663719,0.0705871906098201,1,1,4
"UMass-AR2",2024-04-20,0.48726885934433,0.484973398038038,617.884399652378,0.170095281759189,0.498674751878048,0.561407093211362,1037.1068639687,0.295128304874458,0.25,1,4
"UMass-AR2",2024-04-27,0.57497228871269,0.540926415306781,655.759907990902,0.198484220055191,0.595689072702486,0.646008567459994,1148.49414444439,0.362730662762025,0.5,1,4
"UMass-AR2",2024-05-04,0.593723603758994,0.589294123963889,745.636354885012,0.324451469635026,0.623787914375271,0.698496723106352,1313.09419115343,0.588282170193544,0.25,1,4
"UMass-AR2",2024-05-11,0.619166891599761,0.697950596742051,814.410030483893,0.545639726550536,0.630217122979667,0.759671156760155,1426.77706587625,0.965720309364487,0,1,3
"UMass-AR2",2024-05-18,0.68191528856174,0.730910401274536,754.393430236245,0.601065053853762,0.675541522676395,0.798261574167207,1325.53093903937,1.07724730627315,0,1,2
"UMass-AR2",2024-05-25,0.937470902041751,0.838426925458414,942.23116525068,0.729178800381381,0.93200487423063,0.962017469835179,1672.94874924398,1.31856417231751,0,1,1
"UMass-AR2",2024-11-30,0.612343107845456,0.516319508599642,405.148297749663,0.101035462470962,0.711939240337528,0.683859291858915,734.009356787991,0.180793033860327,0,1,1
"UMass-AR2",2024-12-07,0.723805432704478,0.5976795551315,1278.51449612649,0.236942378323251,0.736837470120225,0.683084651856953,2035.51351120712,0.379693378725137,0,0.5,2
"UMass-AR2",2024-12-14,0.760332514995409,0.628258334713148,2630.19413683075,0.357655168376903,0.756026607998246,0.680892834481751,3869.84819747369,0.537460315746205,0,0,3
"UMass-AR2",2024-12-21,0.825995885834503,0.690285764404212,6886.98499540662,0.61860742008918,0.826370937085482,0.731428681096712,8735.98036139917,0.828737604923376,0,0,4
"UMass-AR2",2024-12-28,0.842743200134706,0.713920800163988,15685.9906344225,0.847549174192397,0.867648314055551,0.753002093025125,18082.4416011532,1.04170293671748,0,0,4
"UMass-AR2",2025-01-04,0.738700089364091,0.653965017374581,17872.3825584665,0.713359775854317,0.791460195965686,0.709617300031143,20922.4481454019,0.886418195206641,0,0.25,4
"UMass-AR2",2025-01-11,0.915307724746673,0.71051648351195,10220.7934584008,0.37167678452152,1.09615800506698,0.83782488212375,14598.9063509833,0.539417406904589,0,0.25,4
"UMass-AR2",2025-01-18,1.40418373039231,1.07448278354833,9857.52623173699,0.303233719467969,1.67556174074796,1.26163934890388,15053.6655693148,0.462547814067068,0,0.75,4
"UMass-AR2",2025-01-25,1.35566876184562,1.37795857386307,10982.8972297105,0.318050079162586,1.42086707206588,1.42342306301614,15347.7324900983,0.443994668370723,0.333333333333333,0.666666666666667,3
"UMass-AR2",2025-02-01,1.10657577710045,1.37557705301813,17301.0016318814,0.497362341776319,1.07247991887383,1.38096447068024,19969.2185961245,0.607783266674897,0.333333333333333,0.333333333333333,3
"UMass-AR2",2025-02-08,1.22846274732922,1.65889917980469,18584.7571900976,0.556551933683459,1.28513305542725,1.78722735326295,23167.0935901871,0.731212212668881,0,0.333333333333333,3
"UMass-AR2",2025-02-15,1.1592613008189,1.15004709236233,3887.31009387717,0.0903243713726509,1.54806958330411,1.50922608674491,7008.62702681212,0.1620640686984,0.666666666666667,1,3
"UMass-AR2",2025-02-22,1.11538176824456,1.19174187588499,4194.58239067284,0.106301996021248,1.20523399490506,1.28221242967559,6992.16502144173,0.176001537649101,0.5,1,4
"UMass-AR2",2025-03-01,0.557036677667268,0.587089161249864,4601.13948698957,0.128276954635599,0.727307826090945,0.793826652696425,8156.3936156969,0.231837166849087,0.25,1,4
"UMass-AR2",2025-03-08,0.238766578552809,0.294032288634028,2540.18110383115,0.0980970930512172,0.313706157680656,0.395506465047956,4314.79291927917,0.167056708978768,0.5,1,4
"UMass-AR2",2025-03-15,0.157073060726987,0.226580395841544,1532.88812157739,0.0867104056035043,0.116598973849812,0.171250488437708,1504.35996061027,0.0844213179295652,0.75,1,4
"UMass-AR2",2025-03-22,0.136076564196521,0.197501055936239,1151.05627397025,0.0838091313112756,0.097447549956861,0.147575290130335,1128.07720018811,0.0833745176968042,0.75,1,4
"UMass-AR2",2025-03-29,0.133287350870886,0.198484986509869,926.23212821253,0.0919154820730084,0.0824178932466063,0.128491893193469,821.727000141977,0.0828807454459488,0.75,1,4
"UMass-AR2",2025-04-05,0.134010760353653,0.200121677482165,709.007627162643,0.09672457077273,0.101736055617828,0.160295026478354,824.443560712973,0.114815436741252,1,1,4
"UMass-AR2",2025-04-12,0.165813189648413,0.24640729385272,621.295136760597,0.116864019314078,0.106329414223152,0.168097493623224,650.762597399245,0.121934673360486,0.75,1,4
"UMass-AR2",2025-04-19,0.240339811048657,0.383408831065231,564.402831240674,0.158517102513214,0.132423740415063,0.242256340686788,532.211012728137,0.150779040547598,0.75,1,4
"UMass-AR2",2025-04-26,0.29380598608964,0.468360451826872,556.849293179519,0.214615795320535,0.204144173602701,0.372203811912415,662.720035572236,0.236475597349971,0.666666666666667,1,3
"UMass-AR2",2025-05-03,0.325758184329635,0.481370514438601,386.332965917062,0.223750078977716,0.264359559581132,0.445684308957854,497.700930838078,0.221804366464123,0.666666666666667,1,3
"UMass-AR2",2025-05-10,0.411492896624022,0.494243484084587,313.430501522765,0.22054420259135,0.508343283553699,0.768092652300496,459.203432810174,0.237501122968178,0.666666666666667,1,3
"UMass-AR2",2025-05-17,0.409258106746176,0.349497794538136,230.229393518212,0.159445965211622,0.540316031845758,0.674120351955825,226.212311999424,0.127899420823926,1,1,3
"UMass-AR2",2025-05-24,0.393499647975154,0.367033148611384,305.56433867108,0.243692688948479,0.159667501990336,0.201974131948582,91.5959236417894,0.0555079859566889,1,1,3
"UMass-AR2",2025-05-31,0.442145411287664,0.371556477180018,357.780894901245,0.293947759319643,0.698955427059742,0.809858512554297,178.583111613764,0.102807565444107,1,1,2
"UMass-AR2",2025-06-07,0.502265960963129,0.313113980637171,444.42108212153,0.301049807579691,0.83771168475817,0.853613841414685,361.053736130771,0.211244364233171,1,1,1
"UMass-AR6_fourierP_thetaP",2023-10-21,2.37410169311543,1.11281083909521,529.541727016483,0.287150190086729,2.83152533488156,1.9805300968529,869.278277808638,0.466101849344843,0,1,1
"UMass-AR6_fourierP_thetaP",2023-10-28,4.08438881967948,1.5290664693299,1187.11272584618,0.504246753869979,4.14310385310846,2.36921775473055,1700.74413170102,0.696240872246155,0,0.5,2
"UMass-AR6_fourierP_thetaP",2023-11-04,4.15916748982371,1.37162231760859,1774.91219180635,0.555411201080994,3.62652522161383,1.76085393178851,2449.11336632987,0.736007194826659,0,0.333333333333333,3
"UMass-AR6_fourierP_thetaP",2023-11-11,2.95814877691078,0.944107683314348,2245.32927118496,0.502736874494645,2.42647392905827,1.04711686972212,3087.08145624439,0.665646058239385,0.25,0.5,4
"UMass-AR6_fourierP_thetaP",2023-11-18,2.04601352867632,0.745824654344509,1949.38135281789,0.380712763011671,1.80062627924431,0.843273413377569,2853.09233946262,0.545242298351262,0,0.5,4
"UMass-AR6_fourierP_thetaP",2023-11-25,1.36347235802233,0.592324271237457,1621.9181958199,0.277875503885606,1.32450606623814,0.694760619975232,2536.09799032948,0.428936186602696,0,0.75,4
"UMass-AR6_fourierP_thetaP",2023-12-02,0.619952558202287,0.307011031109579,1149.34340689951,0.157451320975809,0.673783944511551,0.382054837997151,1898.72315563355,0.259478712365294,0.25,1,4
"UMass-AR6_fourierP_thetaP",2023-12-09,0.397566498232348,0.221538588108969,908.772939616768,0.103565519786055,0.411173524797802,0.245218871233246,1391.10282777216,0.156842364774522,0.5,1,4
"UMass-AR6_fourierP_thetaP",2023-12-16,0.192171536910695,0.135693921560325,664.614083663853,0.0669029230388967,0.220810130506778,0.159463586780072,1050.66776131846,0.105386405333639,0.75,1,4
"UMass-AR6_fourierP_thetaP",2023-12-23,0.44153442112785,0.339924011750545,3111.57738704714,0.232236398881903,0.525580306186699,0.404020883536256,4612.94582494479,0.347508024633853,0,0.5,4
"UMass-AR6_fourierP_thetaP",2023-12-30,0.587769477538177,0.477138630981382,6075.48291335718,0.348346429751452,0.658652240890188,0.53174252406257,7973.86856285214,0.469111793303313,0,0,4
"UMass-AR6_fourierP_thetaP",2024-01-06,0.503086480705481,0.408842568065557,2743.05758523099,0.158901751717295,0.599299752938066,0.484949594405269,4156.87771191043,0.242272861122309,0.25,0.75,4
"UMass-AR6_fourierP_thetaP",2024-01-13,1.06463185121018,0.891715788333291,2849.87340688409,0.154875512028709,1.14906487724781,0.953795987020644,4376.21358499828,0.235998239890914,0.25,0.75,4
"UMass-AR6_fourierP_thetaP",2024-01-20,1.24362071166741,1.17671655857768,3930.35124394134,0.234499087808221,1.30780241256585,1.22726813004205,5854.05054924789,0.343920990028602,0.25,0.75,4
"UMass-AR6_fourierP_thetaP",2024-01-27,0.921202299862581,0.943042287318745,2733.29215677498,0.177759776250759,0.995214217927426,1.02471872403991,4301.56465343682,0.278075584093307,0.25,0.75,4
"UMass-AR6_fourierP_thetaP",2024-02-03,0.683999568054517,0.890885944514705,1375.38776772205,0.124369190372671,0.795253822749159,1.04164579090902,2395.30451412047,0.215585976535363,0,1,4
"UMass-AR6_fourierP_thetaP",2024-02-10,2.25131368550232,3.00926238947899,2132.61923123827,0.221823517110447,2.34747767859847,3.15559669766182,3504.78417414751,0.364089589101546,0,0.75,4
"UMass-AR6_fourierP_thetaP",2024-02-17,4.73371320612987,6.26103614343503,2453.48193653933,0.278976860691832,5.40795252377868,7.31090506217766,3826.12641057341,0.439648598797465,0,0.75,4
"UMass-AR6_fourierP_thetaP",2024-02-24,5.09938680030809,6.49047556806154,2282.04212483237,0.265215774088907,6.70453153026841,8.75109143686305,3601.44342993045,0.421250676790997,0,0.5,4
"UMass-AR6_fourierP_thetaP",2024-03-02,5.28035318322283,6.40384764356558,2437.07159745632,0.285067417886593,8.86039412662238,11.0414047668155,3784.36681654423,0.446495993078811,0,0.75,4
"UMass-AR6_fourierP_thetaP",2024-03-09,1.92767781110942,2.49153128701395,1340.72072780779,0.173755135680883,2.15156537626795,2.76983714528265,2288.91382087257,0.294155863605584,0.25,1,4
"UMass-AR6_fourierP_thetaP",2024-03-16,0.347851310675784,0.444557321794135,583.224274244831,0.0870052520422223,0.384175706984629,0.482697270841226,1029.24729928529,0.150243468321155,0.75,1,4
"UMass-AR6_fourierP_thetaP",2024-03-23,0.230551500591423,0.281753793747838,455.39190233321,0.0740230255416538,0.213002560025754,0.263215968750639,655.040295293251,0.106213470151832,1,1,4
"UMass-AR6_fourierP_thetaP",2024-03-30,0.243727813155714,0.303749740943301,401.455502307065,0.071398537588137,0.179747465545274,0.233778021967971,481.925445875356,0.0871058532964382,0.75,1,4
"UMass-AR6_fourierP_thetaP",2024-04-06,0.32601814052106,0.418979753841909,373.923078102249,0.0792734014487382,0.239128092031019,0.319830506964712,466.065094862538,0.0976208152823652,1,1,4
"UMass-AR6_fourierP_thetaP",2024-04-13,0.268873306702213,0.306307271790998,281.617864117749,0.0702652385151015,0.110388555785727,0.135059539182447,187.769367362504,0.0460026208962181,1,1,4
"UMass-AR6_fourierP_thetaP",2024-04-20,0.363410946695511,0.379934076529436,452.529173143644,0.130725769452464,0.3836539856053,0.452982809239907,785.830542818964,0.234618339198956,0.25,1,4
"UMass-AR6_fourierP_thetaP",2024-04-27,0.464919482144119,0.473871910083752,524.568512065406,0.172297946975348,0.484639985020077,0.561394996892658,923.385484163345,0.312011001224967,0.25,1,4
"UMass-AR6_fourierP_thetaP",2024-05-04,0.650517499255644,0.67742897470973,810.590799347707,0.371627307874274,0.654256081774423,0.748236225065832,1366.27942338988,0.628018685849744,0,1,4
"UMass-AR6_fourierP_thetaP",2024-05-11,0.771630050160695,0.864195303958808,1019.99902169741,0.678214966749044,0.722292290407653,0.829962518998201,1643.81681828752,1.05924082390113,0,0.666666666666667,3
"UMass-AR6_fourierP_thetaP",2024-05-18,0.797313866061955,0.857578706004994,892.660261058283,0.710601739306999,0.742023927029091,0.845377805039192,1474.12276873503,1.14943343227957,0,1,2
"UMass-AR6_fourierP_thetaP",2024-05-25,0.87109728167478,0.855540165101024,875.520514793081,0.744062162513882,0.81413789946737,0.891094048261355,1461.37752954393,1.22135483298874,0,1,1
"UMass-AR6_fourierP_thetaP",2024-11-30,0.241877068070968,0.183149489879611,160.034596842992,0.0358394232700897,0.0438064087698201,0.0382995383567156,45.1644074416845,0.0101253135219359,1,1,1
"UMass-AR6_fourierP_thetaP",2024-12-07,0.304152555772831,0.230057470055882,537.248594745288,0.0912033273316126,0.342412400343735,0.283716082341719,945.914255949569,0.157703906258379,0.5,1,2
"UMass-AR6_fourierP_thetaP",2024-12-14,0.436419012613695,0.320094347191927,1509.69043877459,0.182223444267866,0.478079948703769,0.373731440846454,2447.13189743169,0.295003571824199,0,0.666666666666667,3
"UMass-AR6_fourierP_thetaP",2024-12-21,0.662156847367816,0.487253291810738,5520.92855501413,0.436657566069258,0.662412136428882,0.506256201984043,7002.68990025793,0.573608286293583,0,0,4
"UMass-AR6_fourierP_thetaP",2024-12-28,0.812336510595653,0.648392254750185,15120.0305088977,0.769755300503971,0.809059130674258,0.649848792189899,16861.3990775996,0.899000682092313,0,0,4
"UMass-AR6_fourierP_thetaP",2025-01-04,0.802458618273706,0.674770389613076,19414.9799351889,0.736054744671153,0.819130088711603,0.684772417094525,21653.9086776134,0.855383218618795,0,0,4
"UMass-AR6_fourierP_thetaP",2025-01-11,0.73878919678152,0.607166416810013,8249.69743557185,0.317613548321858,0.779963173685182,0.63567442510371,10387.7445379327,0.40926673024538,0.25,0.25,4
"UMass-AR6_fourierP_thetaP",2025-01-18,0.790496187835556,0.66442109465678,5549.37131019174,0.187508709223253,0.850888333774528,0.710334651901951,7644.59351271381,0.260426040753086,0.25,0.75,4
"UMass-AR6_fourierP_thetaP",2025-01-25,0.700077274101892,0.687833946440603,5671.64854034789,0.158760680666069,0.733661175233509,0.721438939266005,7924.76346114728,0.22503151094827,0.333333333333333,0.666666666666667,3
"UMass-AR6_fourierP_thetaP",2025-02-01,1.05643967057484,1.11809747821693,16517.1376807938,0.404266397785599,1.10532766714522,1.17041543684642,20580.8327196882,0.515117465131336,0,0.333333333333333,3
"UMass-AR6_fourierP_thetaP",2025-02-08,1.37598688015856,1.53215319863721,20816.5710519943,0.514029324857,1.36164751229819,1.53739497941963,24546.4197041994,0.628997750395364,0,0,3
"UMass-AR6_fourierP_thetaP",2025-02-15,2.68502342629139,2.97094693547722,9003.59449586224,0.233337326889165,2.74244564425186,3.02849525586956,12415.9655800762,0.325206586018266,0,0.666666666666667,3
"UMass-AR6_fourierP_thetaP",2025-02-22,1.39709940617202,1.83564071800537,5254.02936823305,0.163737027497621,1.32146072409358,1.75168845563252,7666.45439082889,0.240443669502957,0.25,0.75,4
"UMass-AR6_fourierP_thetaP",2025-03-01,0.200674842933385,0.251985818685095,1657.5801574376,0.055058031327758,0.217522150076887,0.27452239806467,2439.40215203725,0.0801742984916749,0.75,1,4
"UMass-AR6_fourierP_thetaP",2025-03-08,0.112011015249705,0.144431574861471,1191.65867385126,0.0481862645240108,0.0939966923192295,0.12431390415617,1292.85400533176,0.0525085518036064,0.75,1,4
"UMass-AR6_fourierP_thetaP",2025-03-15,0.105288256657092,0.145965100516463,1027.51622222333,0.055859612314342,0.0765368199564215,0.1105372783425,987.47805107775,0.0544915392834948,0.75,1,4
"UMass-AR6_fourierP_thetaP",2025-03-22,0.0974294889230115,0.143914487753984,824.145033031441,0.0610697909669023,0.0777470969551853,0.11880638694162,900.019831127464,0.0671211637246945,0.75,1,4
"UMass-AR6_fourierP_thetaP",2025-03-29,0.0889119697655431,0.138070110806954,617.861503296602,0.0639382404576169,0.0664468257665117,0.106203491946266,662.491464598564,0.0685041239778137,0.75,1,4
"UMass-AR6_fourierP_thetaP",2025-04-05,0.0824591694994123,0.131198840168427,436.264818961508,0.0634121783348633,0.0337907969391543,0.0558801407348196,273.832170695671,0.0400255884701286,1,1,4
"UMass-AR6_fourierP_thetaP",2025-04-12,0.101247299794491,0.161167288989213,379.369428365988,0.0764370927448709,0.0509090881090341,0.0869860114340086,311.576346499316,0.0630979716741713,0.75,1,4
"UMass-AR6_fourierP_thetaP",2025-04-19,0.173066520318506,0.277369313889948,406.42136496047,0.114675970925751,0.126562765788212,0.226926615081583,508.655755702822,0.14123790196663,0.75,1,4
"UMass-AR6_fourierP_thetaP",2025-04-26,0.236874240553034,0.362228210787584,448.946786891363,0.165983048403173,0.222794486429955,0.397742266470029,723.265167780443,0.25270117350911,0.666666666666667,1,3
"UMass-AR6_fourierP_thetaP",2025-05-03,0.273469309420221,0.353120189977645,324.320967140144,0.164136913305275,0.304310369672228,0.518538071964763,572.914989302914,0.258061606002262,0.333333333333333,1,3
"UMass-AR6_fourierP_thetaP",2025-05-10,0.358336401590478,0.380340841378622,272.941669189946,0.169717902766352,0.55301424291786,0.857777127583883,499.5561994358,0.265232365454121,1,1,3
"UMass-AR6_fourierP_thetaP",2025-05-17,0.337261952146056,0.264413725661086,189.727737629183,0.120629378388345,0.609491949177502,0.761987530632612,255.173962722314,0.144570273780061,1,1,3
"UMass-AR6_fourierP_thetaP",2025-05-24,0.272363547116154,0.22809049564081,211.498504715085,0.151441324623115,0.325574983867553,0.413075986093976,186.771515745353,0.113524518283297,1,1,3
"UMass-AR6_fourierP_thetaP",2025-05-31,0.300550961076872,0.221155180981549,243.203681576945,0.174961476663911,1.11376102792074,1.31654711152886,284.565942633749,0.167129197545699,1,1,2
"UMass-AR6_fourierP_thetaP",2025-06-07,0.273042649290115,0.181968063499787,241.596920942349,0.174956897136252,0.211066311034269,0.232649502579833,90.9695800557699,0.0575739214586672,1,1,1
"UMass-AR6_pooled",2023-10-21,0.437257406775648,0.263500941748635,97.5299596500763,0.0679938969435925,0.00084006297135753,0.00074846502543063,0.257899332206762,0.000176145231560731,1,1,1
"UMass-AR6_pooled",2023-10-28,0.476490803741333,0.248070176963109,138.490315648842,0.0818071574876781,0.295438293224399,0.246088674192146,121.277419368616,0.07231795930422,1,1,2
"UMass-AR6_pooled",2023-11-04,0.398661807677748,0.216373503148355,170.127724980074,0.0876161503957272,0.124488084724291,0.102594860402787,84.0709532171376,0.0428829183644955,1,1,3
"UMass-AR6_pooled",2023-11-11,0.402476943924629,0.244664914446147,305.492837353087,0.130283945953442,0.391128444428193,0.311950002677976,497.613163423768,0.198304788753393,0.5,1,4
"UMass-AR6_pooled",2023-11-18,0.437485541203174,0.286640926488044,416.823322131526,0.146318385266305,0.49089133426337,0.396396599836649,777.81731914031,0.256301443547099,0.5,1,4
"UMass-AR6_pooled",2023-11-25,0.492002365244736,0.355520301769666,585.261288123451,0.166784289945473,0.574193045526664,0.484386386287205,1099.43613392218,0.299053866040509,0,1,4
"UMass-AR6_pooled",2023-12-02,0.583154844680243,0.442827932700252,1081.12333285356,0.227105334673644,0.670701319569586,0.575738520360826,1890.03631854709,0.391022112703728,0,1,4
"UMass-AR6_pooled",2023-12-09,0.597971364455403,0.48510341982158,1366.86616477729,0.226777593252076,0.687656570218741,0.599299164309867,2326.51409119256,0.383312661317767,0,1,4
"UMass-AR6_pooled",2023-12-16,0.74096937774838,0.638160192782777,2701.36780134714,0.33569127706687,0.790587974757816,0.711969659714111,3993.48325689409,0.505784990583382,0,0,4
"UMass-AR6_pooled",2023-12-23,0.881571333490562,0.787028061722565,6337.99753753476,0.550996603130863,0.879301870555346,0.811498152375913,7828.62002917428,0.712236906877117,0,0,4
"UMass-AR6_pooled",2023-12-30,0.871549274859427,0.808395648563487,9039.56526215739,0.592451410422391,0.894488389135247,0.841208849314866,10849.390564429,0.743993406392791,0,0,4
"UMass-AR6_pooled",2024-01-06,0.830963895702551,0.772456608003031,4484.84687102057,0.296879108315524,0.899859549975173,0.845295020389904,6213.38688744201,0.419214824568328,0.25,0.5,4
"UMass-AR6_pooled",2024-01-13,1.09605780277066,0.992143568173347,2933.99636782729,0.172318069431115,1.23580475333291,1.11940194070428,4706.56240306838,0.27697420762053,0.25,0.75,4
"UMass-AR6_pooled",2024-01-20,1.11264423796673,1.05280810140848,3516.41189611051,0.209806293297855,1.20690250249991,1.14264559260221,5402.39732681523,0.320206965242473,0.25,0.75,4
"UMass-AR6_pooled",2024-01-27,0.944219513945549,0.943831220436969,2801.58635310208,0.177908487052447,1.03474240401853,1.0393433491113,4472.4153557691,0.282044235259197,0.25,0.75,4
"UMass-AR6_pooled",2024-02-03,0.673919312722772,0.840114191617249,1355.11836913422,0.117281367469485,0.786858376017834,0.987114216242269,2370.01742856572,0.20429975728584,0.25,1,4
"UMass-AR6_pooled",2024-02-10,1.89462477018533,2.51596873730535,1794.73577889085,0.185461073849938,2.09443718205556,2.75114810776166,3126.99471280895,0.31742471553942,0,1,4
"UMass-AR6_pooled",2024-02-17,3.93129598094062,5.15832470044034,2037.58936302633,0.229842664758754,4.87531706542507,6.42338284905642,3449.28682378824,0.38627656153507,0,1,4
"UMass-AR6_pooled",2024-02-24,3.90136098996793,4.88597574131959,1751.2433048977,0.200183806066742,5.65198426661807,7.11673411928576,3055.75691708062,0.344368568116475,0,1,4
"UMass-AR6_pooled",2024-03-02,3.72265977060886,4.39348645415057,1729.57469071277,0.196857558040517,7.083530455001,8.39899683706353,3047.63153901883,0.342045792284522,0,1,4
"UMass-AR6_pooled",2024-03-09,1.15490372854291,1.41993934403672,808.58103228278,0.09967126172911,1.32710540672197,1.58375756464927,1422.17477877843,0.16946903635045,0.5,1,4
"UMass-AR6_pooled",2024-03-16,0.354671104065254,0.397058141550841,597.94789635134,0.0776275992818297,0.220313358335537,0.24169248208911,637.760628184459,0.0804800443699518,0.5,1,4
"UMass-AR6_pooled",2024-03-23,0.358683827137555,0.390161680722793,705.691400561041,0.101539989338468,0.367486999499653,0.412767447587451,1124.19844339134,0.165072833786505,0.5,1,4
"UMass-AR6_pooled",2024-03-30,0.382405802234283,0.42220000851325,624.371085486098,0.0981812033716478,0.382384651793701,0.44172749707085,991.201136678639,0.158588425811731,0.75,1,4
"UMass-AR6_pooled",2024-04-06,0.385361099967023,0.441917143319136,434.47039908512,0.0822663143983126,0.293242886040754,0.352631693729304,535.107654217728,0.100819298401421,1,1,4
"UMass-AR6_pooled",2024-04-13,0.320792339867747,0.339865259737586,338.873538125034,0.0780266403329443,0.18555697607604,0.216936429848856,312.582023689564,0.0728101252845095,1,1,4
"UMass-AR6_pooled",2024-04-20,0.424949459603738,0.432563381058011,533.990416665597,0.149936194058272,0.4609147526034,0.533733471756897,956.990796118283,0.279975175786398,0.25,1,4
"UMass-AR6_pooled",2024-04-27,0.515511194038042,0.512495099429445,582.45754998658,0.186542419092265,0.542989193961248,0.615699243288659,1036.06086481427,0.342605846539589,0.25,1,4
"UMass-AR6_pooled",2024-05-04,0.677729151800187,0.690387350331424,844.961416431057,0.378799870565481,0.694872545983861,0.778150151957659,1452.79616592628,0.653519571989365,0,1,4
"UMass-AR6_pooled",2024-05-11,0.787533546125532,0.860890901233788,1040.78646536732,0.675544313735567,0.751405436008624,0.84813875225752,1709.24456792226,1.08218257655414,0,1,3
"UMass-AR6_pooled",2024-05-18,0.813587059895567,0.853066926069799,911.032122870255,0.706895122147657,0.77441150321023,0.866881907977892,1538.95216226911,1.17883619983503,0,1,2
"UMass-AR6_pooled",2024-05-25,0.912710135659967,0.86694959307621,917.344669350279,0.753984927099997,0.867366010340667,0.923978769874104,1556.9219885615,1.26642741960469,0,1,1
"UMass-AR6_pooled",2024-11-30,0.479116811422656,0.402714856878961,317.000972304772,0.0788048507387375,0.575199023628124,0.542562164938315,593.030193360596,0.14343807421317,0,1,1
"UMass-AR6_pooled",2024-12-07,0.751175060121981,0.612976871278359,1326.85962290471,0.243006802710333,0.740994678485458,0.679682726601042,2046.99779931608,0.377802414712001,0,0.5,2
"UMass-AR6_pooled",2024-12-14,0.887025234271401,0.722190059140981,3068.45823950545,0.411128659869075,0.798577487234356,0.716784489771904,4087.65196465692,0.56579126506451,0,0,3
"UMass-AR6_pooled",2024-12-21,0.94415810985353,0.79582109728893,7872.19748592738,0.713184106109086,0.871195964735475,0.777077935932583,9209.84814120107,0.880460014909394,0,0,4
"UMass-AR6_pooled",2024-12-28,0.938110501963425,0.834223818740436,17461.0635191118,0.990369952104876,0.915902560822083,0.82681938363022,19088.0962944528,1.1438217609759,0,0,4
"UMass-AR6_pooled",2025-01-04,0.883408034779657,0.810794271968724,21373.4999902284,0.884432660385381,0.893166362210547,0.820276031392638,23611.0760766264,1.02464750970194,0,0,4
"UMass-AR6_pooled",2025-01-11,0.883003450785258,0.780630060698453,9860.0674390999,0.408353750538091,0.91000689445682,0.802335550688668,12119.6993220995,0.516568284678756,0.25,0.25,4
"UMass-AR6_pooled",2025-01-18,0.945606469813743,0.816931427611334,6638.26277098721,0.230549208547389,1.02110935533276,0.874871629448838,9173.90172564831,0.320749317261254,0.25,0.5,4
"UMass-AR6_pooled",2025-01-25,0.661482720966013,0.626070551804541,5358.97628393262,0.144504916431969,0.774831331748856,0.72320497088532,8369.46976844056,0.225582372209074,0.333333333333333,0.666666666666667,3
"UMass-AR6_pooled",2025-02-01,0.886607336980227,0.925124489214423,13861.8568211624,0.334493863052426,0.931645167830795,0.973698808007111,17346.9224766201,0.428539513400011,0.333333333333333,0.333333333333333,3
"UMass-AR6_pooled",2025-02-08,1.21283011685702,1.31501553860339,18348.2594678834,0.441180784066501,1.25873109875173,1.3835447553332,22691.1455171974,0.566052673727611,0,0,3
"UMass-AR6_pooled",2025-02-15,2.00306632005547,2.16534145427264,6716.8117482716,0.170065301641316,2.16913893784923,2.33119673761771,9820.4150179561,0.250329113413089,0,0.666666666666667,3
"UMass-AR6_pooled",2025-02-22,0.965772898664944,1.20950559973896,3631.95285189635,0.107886499629502,0.88776885719308,1.14057375173416,5150.39102500565,0.15655965381509,0.5,1,4
"UMass-AR6_pooled",2025-03-01,0.234346286643749,0.260295238765426,1935.7072816487,0.0568736109246009,0.256543116120545,0.293476218502526,2877.00277573386,0.0857097639693745,0.75,1,4
"UMass-AR6_pooled",2025-03-08,0.211201643250465,0.240638767647458,2246.92428284833,0.0802835759681636,0.277256800284721,0.326777368809599,3813.45934531612,0.138026446155446,0.75,1,4
"UMass-AR6_pooled",2025-03-15,0.162694818163792,0.201657175618873,1587.7512862562,0.0771724995263846,0.200553628305075,0.259278948839272,2587.54291239208,0.127816689879781,0.5,1,4
"UMass-AR6_pooled",2025-03-22,0.129260286192451,0.174227957887132,1093.39814886959,0.0739332442119811,0.152295259693915,0.21401609436478,1763.00800003169,0.120911086342832,0.75,1,4
"UMass-AR6_pooled",2025-03-29,0.108889123645686,0.158788040002881,756.68549246837,0.0735324091808185,0.0911549809318353,0.136778175847511,908.837948635631,0.0882256218134314,0.75,1,4
"UMass-AR6_pooled",2025-04-05,0.0941637361016978,0.144975398644696,498.189898498058,0.0700707858485912,0.0569693454854313,0.0914706616298716,461.665333477564,0.065518214724293,1,1,4
"UMass-AR6_pooled",2025-04-12,0.112274335026422,0.176439481694697,420.687271518354,0.0836802623580591,0.0597323843750426,0.100846439052815,365.577125471354,0.0731520580136378,0.75,1,4
"UMass-AR6_pooled",2025-04-19,0.186957927710715,0.301186529522767,439.043299827901,0.124522995058079,0.131262971902994,0.236889287471367,527.545884078132,0.147438615557709,0.75,1,4
"UMass-AR6_pooled",2025-04-26,0.257806131682211,0.403158983740007,488.618915207484,0.18473866783262,0.243193637258798,0.440345907662501,789.487611087812,0.279768928265593,0.666666666666667,1,3
"UMass-AR6_pooled",2025-05-03,0.302649187832244,0.417776964771148,358.926848171851,0.194190599670679,0.337876530560231,0.587469076065422,636.108881534728,0.292366600337901,0.333333333333333,1,3
"UMass-AR6_pooled",2025-05-10,0.390534080405332,0.445653362213675,297.466356497074,0.198862035750678,0.603700471143321,0.959323407969039,545.3427589328,0.2966313842476,1,1,3
"UMass-AR6_pooled",2025-05-17,0.354570240228425,0.283421144490669,199.464567767319,0.129300838663136,0.63573929204751,0.798985623247991,266.162850270557,0.151589843213572,1,1,3
"UMass-AR6_pooled",2025-05-24,0.293440024139297,0.25594642186094,227.865024472428,0.169936345003199,0.291922405360947,0.368868864096761,167.46615320873,0.101375198549462,1,1,3
"UMass-AR6_pooled",2025-05-31,0.321868217074458,0.242709635385141,260.453452202051,0.192013752601557,0.85021089918686,0.986392761444364,217.228884742243,0.12521772235985,1,1,2
"UMass-AR6_pooled",2025-06-07,0.334584775565557,0.206070678199751,296.05137432188,0.19813084645281,0.588987537448565,0.618435392168928,253.853628640331,0.153044602722828,1,1,1
"UMass-chronos_small",2023-10-21,0.332586129388068,0.181830511720375,74.1831042236328,0.0469196238657463,0.0184413648971906,0.0164003301465353,5.6614990234375,0.00385968596150743,1,1,1
"UMass-chronos_small",2023-10-28,1.04706323677303,0.474887444935182,304.325113992575,0.156605652772646,0.953474855597214,0.682155120177437,391.401428222656,0.200464594244751,0.5,1,2
"UMass-chronos_small",2023-11-04,0.555461067786549,0.266113144546025,237.041336685844,0.107757229769664,0.601063313159397,0.459696214569772,405.918090820312,0.19214525137487,0.666666666666667,1,3
"UMass-chronos_small",2023-11-11,0.475560163807594,0.27665731990613,360.965332217606,0.147319886040333,0.490117174067228,0.414948984075008,623.551574707031,0.263780637679216,0.5,1,4
"UMass-chronos_small",2023-11-18,0.48362443263297,0.298607497619507,460.783097241675,0.15242682688552,0.42293807872653,0.351144830796884,670.145385742188,0.227042631204281,0.5,1,4
"UMass-chronos_small",2023-11-25,0.580101020660597,0.428194422029131,690.059021209518,0.200877705946057,0.555366433434113,0.515196095564284,1063.38787841797,0.318075380541603,0.5,1,4
"UMass-chronos_small",2023-12-02,0.507496017127339,0.390199797954814,940.857802094501,0.200114873431212,0.5656609410001,0.497955125084016,1594.03253173828,0.338194263812628,0,1,4
"UMass-chronos_small",2023-12-09,0.470629299124585,0.376000196207238,1075.78272700753,0.175773692936544,0.548665617148821,0.470886866543999,1856.27294921875,0.301179959432146,0.25,1,4
"UMass-chronos_small",2023-12-16,0.643415130988197,0.540136894601329,2331.51756158487,0.28239078448775,0.675529200546945,0.593039668941583,3412.73333740234,0.421255541251884,0,0.25,4
"UMass-chronos_small",2023-12-23,0.793774293339186,0.703077472812051,5639.07621899587,0.486009541755886,0.780217652312276,0.708742548417973,6881.88494873047,0.615481752405888,0,0.25,4
"UMass-chronos_small",2023-12-30,0.730248207512416,0.675452976740161,7441.39216002356,0.485705485183265,0.737519885652169,0.683443506375106,8806.85113525391,0.594101602499159,0.25,0.25,4
"UMass-chronos_small",2024-01-06,0.979101655942975,0.82554133670496,5322.9848428573,0.316966211841702,0.976042158382188,0.825619073230397,6781.416015625,0.408690444799587,0,0.25,4
"UMass-chronos_small",2024-01-13,1.80087066011097,1.43502252194796,4820.68369235256,0.249238435348137,1.49675322136135,1.17240418828837,5700.38464355469,0.290088581459719,0.25,0.5,4
"UMass-chronos_small",2024-01-20,2.14572508326152,2.1112263239077,6781.3708561075,0.420730585886775,1.87675211293109,1.84708052338531,8400.81164550781,0.517612856322976,0,0.25,4
"UMass-chronos_small",2024-01-27,2.46288705757819,3.27052748075426,7307.61297329075,0.616481615955718,2.07727143274806,2.84791208088865,8978.48645019531,0.772831409010784,0,0.25,4
"UMass-chronos_small",2024-02-03,2.86393451702692,5.26428695994248,5758.80554059329,0.734903397150465,2.34647579117125,4.55398608544157,7067.58508300781,0.942523404718608,0,0.25,4
"UMass-chronos_small",2024-02-10,7.27077769497953,13.2309250498437,6887.44551158003,0.975298910271893,5.18440799495955,10.0046907942632,7740.32113647461,1.15433121192905,0,0,4
"UMass-chronos_small",2024-02-17,10.954577468335,19.3806911689494,5677.75375706681,0.863557445842352,9.15155081058138,17.1876922433388,6474.72219848633,1.03359908890612,0,0,4
"UMass-chronos_small",2024-02-24,8.51397387986753,13.5029837407254,4021.16624468736,0.593954721200913,8.58983112479675,14.6433536051839,4830.11920166016,0.754664868095422,0,0.25,4
"UMass-chronos_small",2024-03-02,6.25006109588027,9.12126267644576,3063.56623085646,0.440086107326798,8.39485096672154,12.9277758474605,3768.51232910156,0.562057993425263,0,0.5,4
"UMass-chronos_small",2024-03-09,0.967958704978516,1.1526839093794,714.638799578857,0.0855363641484271,1.05377647993062,1.21459854152202,1214.89349365234,0.140115347101229,0.25,1,4
"UMass-chronos_small",2024-03-16,0.46255035937555,0.511522823244305,821.737247332233,0.104745568303638,0.440584950108034,0.477723067712652,1210.56414794922,0.150547925898186,0.75,0.75,4
"UMass-chronos_small",2024-03-23,0.520891646398667,0.610749301857659,1119.28385983528,0.171557308385183,0.41202295578355,0.47257747316158,1439.94030761719,0.214072130318334,0.5,0.5,4
"UMass-chronos_small",2024-03-30,0.844446176692193,1.11046639794754,1511.8105484505,0.279991990183103,0.762684184273782,1.01486682617862,2209.26470947266,0.406276977676781,0.25,0.25,4
"UMass-chronos_small",2024-04-06,0.796729415456367,1.2268106858695,948.782039928602,0.241466900388029,0.796501724645436,1.26207055312578,1559.63827514648,0.390225319321292,0.25,0.75,4
"UMass-chronos_small",2024-04-13,0.487413735913226,0.688848053414002,573.170391171961,0.180686744957931,0.437506828390446,0.669973198176543,948.171020507812,0.298900029300943,0.5,1,4
"UMass-chronos_small",2024-04-20,0.317047075795913,0.414627970453505,402.128288416456,0.146486798680209,0.344792892591451,0.493314229025143,730.198211669922,0.266643579271675,0.25,1,4
"UMass-chronos_small",2024-04-27,0.34802960469696,0.437354486215087,395.799219162153,0.159936261161737,0.368639722833889,0.508448884835013,708.933380126953,0.285107400468001,0.5,1,4
"UMass-chronos_small",2024-05-04,0.263115300016793,0.307464165417863,338.801335288006,0.172829183319876,0.225425295238268,0.273713934486818,508.573516845703,0.244137809535187,0.75,1,4
"UMass-chronos_small",2024-05-11,0.238222558851026,0.340481582786991,313.190577005889,0.265686232013681,0.235080485231385,0.379196942155722,531.847371419271,0.481063839535434,0,1,3
"UMass-chronos_small",2024-05-18,0.306744958720422,0.421745742755833,336.372526265683,0.343630386179581,0.278377392387174,0.43062853994844,540.761840820312,0.575876134140784,0,1,2
"UMass-chronos_small",2024-05-25,0.413107228182699,0.52074578316919,415.204892371932,0.452891926469752,0.360752592379004,0.52721923388303,647.550903320312,0.722619302198278,0,1,1
"UMass-chronos_small",2024-11-30,0.359108421295317,0.253068989834184,237.599090658967,0.0495215501236895,0.326803656947139,0.276793812264275,336.9345703125,0.0731764467760545,1,1,1
"UMass-chronos_small",2024-12-07,0.199889852551174,0.148695603930242,353.081177023448,0.0589484611594117,0.22528404270362,0.185153392534491,622.34716796875,0.102917723305199,1,1,2
"UMass-chronos_small",2024-12-14,0.39645608074026,0.295752598317049,1371.44793693352,0.168366163255577,0.481619117222096,0.385533640665678,2465.24772135417,0.304319595903329,0,0.666666666666667,3
"UMass-chronos_small",2024-12-21,0.695899567616624,0.53124542589382,5802.26846486485,0.476081616183983,0.684830965497594,0.551289215086873,7239.69055175781,0.624632470039514,0,0,4
"UMass-chronos_small",2024-12-28,0.795454693215814,0.654310663944522,14805.8090126343,0.776781489997315,0.771225441789598,0.635226859906172,16072.9166259766,0.878772704054097,0,0,4
"UMass-chronos_small",2025-01-04,0.859021293025615,0.733323286301615,20783.4781609932,0.799925563671602,0.841723305647762,0.706992717730155,22251.166015625,0.883139699168973,0,0,4
"UMass-chronos_small",2025-01-11,0.832954947818836,0.684019196413067,9301.20029759999,0.357815844351945,0.831927137471726,0.672462652268679,11079.8135986328,0.432952121459404,0,0,4
"UMass-chronos_small",2025-01-18,1.07893542923756,0.961914846261384,7574.24692072754,0.271465509833531,1.08864772792491,0.96663615978303,9780.68334960938,0.354392436391811,0,0.25,4
"UMass-chronos_small",2025-01-25,1.46656801924935,1.62156836627687,11881.3432079583,0.374278267173185,1.41110834193219,1.59020109893646,15242.3219401042,0.496016137373102,0,0.333333333333333,3
"UMass-chronos_small",2025-02-01,1.12110198451006,1.20491379497288,17528.1148068664,0.435656254508924,1.14541919302395,1.25437462279848,21327.3235677083,0.552069167647022,0,0.333333333333333,3
"UMass-chronos_small",2025-02-08,1.1009946800178,1.23149311243366,16656.3608381334,0.413159450186423,1.09999912602162,1.28084562642652,19829.6842447917,0.524035155838844,0,0.333333333333333,3
"UMass-chronos_small",2025-02-15,1.20688919962805,1.14067426912012,4047.01904962353,0.0895882325023715,1.26564355051723,1.17762844896286,5729.990234375,0.126456373587825,0,0.666666666666667,3
"UMass-chronos_small",2025-02-22,1.40721272579067,1.34007081241213,5292.06222262547,0.119532765485345,1.22318909643519,1.14969821905764,7096.33154296875,0.157812114204644,0.5,0.5,4
"UMass-chronos_small",2025-03-01,1.27678056918021,1.2522218388492,10546.2453885042,0.273606148125431,1.20180107401411,1.17385927745876,13477.5981445312,0.342825739399339,0,0,4
"UMass-chronos_small",2025-03-08,0.799429076416357,0.80805067146197,8504.93668784923,0.26958747380008,0.752025936301507,0.759264296014116,10343.552734375,0.320703214097448,0.25,0.25,4
"UMass-chronos_small",2025-03-15,0.564344162269469,0.66710278416187,5507.47823223506,0.255294606486413,0.544273744274749,0.650988247255586,7022.21984863281,0.320917541849609,0.25,0.5,4
"UMass-chronos_small",2025-03-22,0.322281331632354,0.470349239024638,2726.14135247537,0.199591647491245,0.364341570581606,0.544876646724749,4217.70910644531,0.307834919957171,0.25,0.5,4
"UMass-chronos_small",2025-03-29,0.288947611348425,0.481741354617178,2007.93668155677,0.223087345913392,0.318420096417702,0.53391780963636,3174.72796630859,0.344391424001363,0,0.75,4
"UMass-chronos_small",2025-04-05,0.222266688445576,0.430849411208122,1175.94122260198,0.208241930065287,0.21447465818053,0.434337337908195,1738.04901123047,0.311105292787712,0.5,0.75,4
"UMass-chronos_small",2025-04-12,0.322487225968964,0.677465413829381,1208.34624547524,0.321302709706711,0.306147846081528,0.689644478335311,1873.70135498047,0.500254777082895,0.25,0.75,4
"UMass-chronos_small",2025-04-19,0.569082869226194,1.21049035781235,1336.40773536601,0.500466887023663,0.547961498677182,1.31229073536578,2202.25726318359,0.816762679717734,0,0.5,4
"UMass-chronos_small",2025-04-26,0.674915921873589,1.36995694922411,1279.16540793777,0.627752405366,0.64803069714269,1.6210056138633,2103.72365315755,1.02988808437078,0,0.666666666666667,3
"UMass-chronos_small",2025-05-03,0.891927162145533,1.4157735281807,1057.7811472113,0.65807819391355,0.871009291738019,2.12426828350958,1639.82015991211,1.05718772537767,0,0.666666666666667,3
"UMass-chronos_small",2025-05-10,1.23616296617423,1.48294562575922,941.574402937671,0.661728623747366,1.49235060575703,3.18782759535011,1348.09004720052,0.985704825397023,0,0.666666666666667,3
"UMass-chronos_small",2025-05-17,1.34813456406205,1.29231733910594,758.397202031343,0.589573922106617,2.64693356167739,4.7086029035021,1108.1828511556,0.89335321578785,0,0.666666666666667,3
"UMass-chronos_small",2025-05-24,0.956430393090863,0.992742198660164,742.697031759948,0.65913396852411,1.93728283045944,3.74632020096721,1111.35458374023,1.02959070598946,0,0.666666666666667,3
"UMass-chronos_small",2025-05-31,1.11094279597481,0.989581304591044,898.966940695804,0.782882885952797,5.0580906578706,9.46688763944806,1292.34216308594,1.20177494643463,0,0.5,2
"UMass-chronos_small",2025-06-07,0.683384744429322,0.630492128566954,604.680809032407,0.606199485565411,2.2621350919011,4.07447752559139,974.980224609375,1.00831356371805,0,1,1
"UMass-flusion",2023-10-21,0.354488282816996,0.200147685556601,79.0683642719988,0.0516461953225811,0.327171084019414,0.281957744613311,100.44152279396,0.066356490320544,1,1,1
"UMass-flusion",2023-10-28,0.597289567705245,0.288897439601363,173.600036172292,0.0952709375571989,0.79308423169134,0.616854103764173,325.561077109295,0.181274616229707,1,1,2
"UMass-flusion",2023-11-04,0.524496712929222,0.243838826382858,223.827391567703,0.0987376872575285,0.550542450627039,0.383690514447467,371.79966832346,0.160376152798343,1,1,3
"UMass-flusion",2023-11-11,0.337864789716425,0.179577301773046,256.450151518502,0.09562482439146,0.217195713661338,0.156036320125578,276.327246705638,0.0991913743700192,0.75,1,4
"UMass-flusion",2023-11-18,0.280202428995966,0.167778750271687,266.968611127609,0.0856441406414999,0.095983589295019,0.0701606175392994,152.085997237958,0.0453643335056069,1,1,4
"UMass-flusion",2023-11-25,0.324729739039636,0.209814137870163,386.282178273254,0.0984295463044139,0.232286750166483,0.170140546529131,444.771054881273,0.105042564469624,1,1,4
"UMass-flusion",2023-12-02,0.319544246948539,0.223360147991003,592.409965220491,0.114550771115398,0.210232641452831,0.168795813517015,592.435583614077,0.114640402340289,1,1,4
"UMass-flusion",2023-12-09,0.296473969116305,0.213804008019585,677.691711025951,0.099949735221743,0.104853359210731,0.0799178538032144,354.745127549707,0.0511155814198254,1,1,4
"UMass-flusion",2023-12-16,0.251684574896593,0.203366476290783,923.314894524271,0.107450756505557,0.258713000002505,0.195507181399419,1297.0949925882,0.136974797910286,1,1,4
"UMass-flusion",2023-12-23,0.357351894817489,0.292499877147203,2556.7155084395,0.203893044126801,0.501838948915485,0.387571894302762,4476.2553691607,0.340301788401948,0,0.5,4
"UMass-flusion",2023-12-30,0.456790515963237,0.377147019581123,4731.71724994012,0.276508838488609,0.590992874607618,0.468612893450329,7169.55869157207,0.415205082529543,0,0.25,4
"UMass-flusion",2024-01-06,0.341597364143774,0.292646938003767,1846.27456838972,0.11276900762793,0.43735588410357,0.356163463590161,2978.70211598628,0.17506133149516,0.5,1,4
"UMass-flusion",2024-01-13,0.621657999023845,0.553743598622905,1664.09317698036,0.0961756251166518,0.623205094049212,0.544816485188339,2373.47660068643,0.134804227861801,0.5,1,4
"UMass-flusion",2024-01-20,0.703517359551622,0.700074589292718,2223.40324771587,0.139512656119404,0.869116460548746,0.882366972738196,3890.38255653133,0.247268315215081,0.25,1,4
"UMass-flusion",2024-01-27,0.581036546104336,0.635090772351714,1723.98900274512,0.119712122256088,0.676411897933721,0.757072256499418,2923.62132584402,0.205444972350007,0.5,1,4
"UMass-flusion",2024-02-03,0.592713044568153,0.770885610705544,1191.82863461012,0.107616940040082,0.655595695927459,0.871314676872773,1974.65423613351,0.18033311047058,0.5,1,4
"UMass-flusion",2024-02-10,1.93464788595943,2.55553361545702,1832.64878361497,0.188377542834608,2.18972632007265,2.89577110725042,3269.26139586846,0.334111172493032,0,1,4
"UMass-flusion",2024-02-17,3.91197549495386,5.08198574449081,2027.575561744,0.226441182673137,5.00075149272413,6.62094751684355,3538.03168110232,0.398157310720812,0,1,4
"UMass-flusion",2024-02-24,4.0383942841105,5.03267608874354,1814.21472230567,0.206456727799258,5.71829085247968,7.28300870344483,3124.1190226103,0.356645721501401,0,1,4
"UMass-flusion",2024-03-02,3.91813914806307,4.58880533497805,1827.38641959819,0.206558898929256,7.06765416834679,8.4690862128044,3061.82623345845,0.347843566378576,0,1,4
"UMass-flusion",2024-03-09,1.11802939789491,1.35934452707408,784.444145829359,0.0956672309887896,1.32757739715031,1.58142312435949,1426.08475642667,0.16963739411511,0.25,1,4
"UMass-flusion",2024-03-16,0.348401302333578,0.386173105786845,589.385896429578,0.075649840113622,0.272982807057557,0.295799199520318,793.472222121692,0.0987757827129263,0.5,1,4
"UMass-flusion",2024-03-23,0.36519662976605,0.398668622998488,711.669425887274,0.102713981218713,0.400238887417966,0.444344284681877,1219.02825908594,0.176967519271019,0.5,1,4
"UMass-flusion",2024-03-30,0.35611118163346,0.399687719735504,582.027937527183,0.0930422962332832,0.379655280941741,0.443463923675761,987.188227204885,0.159785767202886,0.25,1,4
"UMass-flusion",2024-04-06,0.350446228967508,0.411988475975947,395.982488413456,0.0768911430415496,0.336607789136378,0.422579777306265,623.586113365998,0.122792916344604,0.5,1,4
"UMass-flusion",2024-04-13,0.224466919136317,0.246796443301938,240.071499209376,0.0574493351627794,0.0859096805328624,0.105408310666126,207.315509180988,0.050873260942347,1,1,4
"UMass-flusion",2024-04-20,0.329449829163941,0.350353117313872,408.860067520194,0.119956435748468,0.328661302581067,0.395295521831146,670.346686653877,0.20391885080877,0.25,1,4
"UMass-flusion",2024-04-27,0.408458460143784,0.430853092323023,459.217123266129,0.156080046219234,0.406582243043141,0.488013510545093,772.402575181315,0.270625343288764,0.25,1,4
"UMass-flusion",2024-05-04,0.635401117070232,0.695686300775144,790.116034875495,0.381183410128376,0.582417219891083,0.69189998049712,1215.01846944412,0.58048190432339,0,0.5,4
"UMass-flusion",2024-05-11,0.779862172226257,0.917276006008293,1031.64877731288,0.720426971826331,0.648703533116597,0.777510085473786,1476.97003226371,0.992488699267747,0,0,3
"UMass-flusion",2024-05-18,0.783663778009325,0.899225351286761,877.706631079873,0.745680041164218,0.654317527478293,0.783324746991888,1300.17086651218,1.06533165317379,0,0,2
"UMass-flusion",2024-05-25,0.804527809050386,0.85249099248969,808.613017585011,0.741410301082222,0.689498429838546,0.807744385862226,1237.64968156019,1.10711379053337,0,0,1
"UMass-flusion",2024-11-30,0.410610396552684,0.337697827569572,271.674656038783,0.0660820589105173,0.489258806188691,0.456385309691891,504.42582918054,0.12065535371201,0,1,1
"UMass-flusion",2024-12-07,0.639430206646743,0.513830363758844,1129.47589437727,0.203701444023688,0.669847374688369,0.601845096959027,1850.45337257662,0.334536279965174,0,1,2
"UMass-flusion",2024-12-14,0.731977883229665,0.583130985378539,2532.10785911487,0.331965052014114,0.700940145205744,0.607310811914038,3587.87895659313,0.4793786102564,0,0,3
"UMass-flusion",2024-12-21,0.82790200195427,0.673485712475273,6902.87780230974,0.603551862931493,0.784719209866952,0.668919459028151,8295.65912710848,0.757912185683529,0,0,4
"UMass-flusion",2024-12-28,0.85635852193367,0.72836475518971,15939.4128040574,0.864696681522777,0.846686193826828,0.725132804468402,17645.5752939965,1.00314856880446,0,0,4
"UMass-flusion",2025-01-04,0.807934063332591,0.706110161419873,19547.4548735019,0.770240873894358,0.839169646953867,0.725382920892206,22183.6594096372,0.906111814837056,0,0,4
"UMass-flusion",2025-01-11,0.746023159855107,0.633321076793086,8330.47556129049,0.331295257540921,0.782222017663603,0.652667942355605,10417.8283867483,0.420207678892035,0.25,0.5,4
"UMass-flusion",2025-01-18,0.831729711001602,0.720847498806055,5838.8352367697,0.203433011285946,0.963220223487278,0.816378899463146,8653.81129286558,0.299304453150759,0.25,0.75,4
"UMass-flusion",2025-01-25,0.77060491701749,0.781402754124336,6243.02546942988,0.180357532164681,0.864873219524364,0.886834073476326,9342.072226229,0.276621624718269,0.333333333333333,1,3
"UMass-flusion",2025-02-01,0.942453745667517,1.00727752177603,14734.9997435254,0.36419763324052,1.10079321459693,1.17494522725996,20496.4027247232,0.517111094130016,0,0.333333333333333,3
"UMass-flusion",2025-02-08,1.13183958511896,1.2703505100144,17122.9969433819,0.426195902325735,1.28034897374494,1.45570013739577,23080.8509497,0.595573762064587,0,0.333333333333333,3
"UMass-flusion",2025-02-15,1.97917758126731,2.2022090969671,6636.70648179233,0.172960875807351,2.17853585009381,2.40115150634158,9862.95797199137,0.257841012752637,0.333333333333333,0.666666666666667,3
"UMass-flusion",2025-02-22,1.05240447429875,1.35869523907208,3957.74559118571,0.121194042787725,0.911675942467801,1.21192968958691,5289.08798022695,0.166354251412038,0.5,1,4
"UMass-flusion",2025-03-01,0.219878205671131,0.247819572564301,1816.2005034903,0.0541477209355511,0.215921064780719,0.249194534660499,2421.44678098337,0.0727772930194877,0.75,1,4
"UMass-flusion",2025-03-08,0.216015450187996,0.247909763820993,2298.13723524025,0.0827093761805275,0.281655105099982,0.334696325256329,3873.95472932142,0.141371308804851,0.5,1,4
"UMass-flusion",2025-03-15,0.226826561535175,0.271615578239691,2213.61791911511,0.103944989900471,0.286044229052432,0.354012200853893,3690.54264323447,0.174517321567246,0.25,1,4
"UMass-flusion",2025-03-22,0.200573640078247,0.247160910418955,1696.62974787997,0.10488217948062,0.2295813849983,0.290086772078638,2657.69150808658,0.163888173222759,0.25,1,4
"UMass-flusion",2025-03-29,0.167950824071718,0.22140318797067,1167.11336971268,0.102528564566334,0.189180053648181,0.260011025076638,1886.17242988578,0.167714141701295,0.5,1,4
"UMass-flusion",2025-04-05,0.145158999467705,0.197399676643156,767.989357737387,0.09540894936625,0.159811220049479,0.228516653036806,1295.07017447597,0.163680931950893,0.5,1,4
"UMass-flusion",2025-04-12,0.150979282225226,0.208674745803696,565.713101575549,0.0989685375893928,0.147968678389096,0.223942509389247,905.605303910865,0.162443568582351,0.5,1,4
"UMass-flusion",2025-04-19,0.189285524937011,0.275880082733501,444.509320870263,0.114060261039163,0.160058847149609,0.274774962725099,643.276506694277,0.171018455610858,0.75,1,4
"UMass-flusion",2025-04-26,0.237830183839495,0.337356037577784,450.758582323003,0.154585926349101,0.210454036544338,0.383226687774151,683.203953968437,0.243478860268008,0.666666666666667,1,3
"UMass-flusion",2025-05-03,0.266768168170013,0.311671028185386,316.373747703281,0.144870562445804,0.304034867807461,0.521775058550849,572.396311125513,0.259672561884147,0.333333333333333,1,3
"UMass-flusion",2025-05-10,0.321250854371301,0.299987939612135,244.693935730835,0.133862363509596,0.513817371547273,0.792301981073075,464.14835896437,0.244986864112261,0.333333333333333,1,3
"UMass-flusion",2025-05-17,0.249031869366762,0.178728699652169,140.093636035353,0.0815386262013981,0.570921838808376,0.709251067757339,239.025943181107,0.134564696825618,0.666666666666667,1,3
"UMass-flusion",2025-05-24,0.187559953334159,0.136838252534017,145.645957745176,0.0908541417503763,0.324486805759837,0.41088392798605,186.14726423756,0.112922081082567,1,1,3
"UMass-flusion",2025-05-31,0.232799527696598,0.14836284861953,188.379707728519,0.117373615039581,1.20312993487785,1.42998233218652,307.39969836129,0.181529242356795,1,1,2
"UMass-flusion",2025-06-07,0.176222534737644,0.101919173055948,155.927368504376,0.0979922626729614,0.115151693451995,0.12858414311922,49.6303798778099,0.0318208002797498,1,1,1
"UMass-flusion_spatial2_prod",2023-10-21,0.357316189887518,0.197773960691848,79.6991269719744,0.0510336783321089,0.524150057690749,0.443110587626634,160.91406771106,0.104282517435732,0,1,1
"UMass-flusion_spatial2_prod",2023-10-28,0.819048816563459,0.388714929788875,238.053553703548,0.128188175895804,1.15685114692217,0.866042308560205,474.88739581155,0.254503433088871,0,1,2
"UMass-flusion_spatial2_prod",2023-11-04,0.732126616681795,0.314774005539384,312.432827260229,0.12746147845605,1.05850524550902,0.690378150807649,714.843875800427,0.288566403477572,0.666666666666667,1,3
"UMass-flusion_spatial2_prod",2023-11-11,0.432874659700238,0.202715798906802,328.565673155285,0.107946062672978,0.554286411724193,0.346002384378148,705.190887316105,0.219951688261752,0.75,1,4
"UMass-flusion_spatial2_prod",2023-11-18,0.382805364380466,0.194346185415935,364.725662183045,0.0992057218804435,0.356720229030969,0.227146428801325,565.22320289957,0.146867954019633,1,1,4
"UMass-flusion_spatial2_prod",2023-11-25,0.486988284749075,0.26226216849275,579.296789948355,0.123034350876429,0.410982301453114,0.258075334067168,786.92836170735,0.159332360626505,1,1,4
"UMass-flusion_spatial2_prod",2023-12-02,0.4556463090689,0.25601396446049,844.73251102475,0.131297356798136,0.454051755152615,0.287531451950209,1279.51784602007,0.195281628437643,1,1,4
"UMass-flusion_spatial2_prod",2023-12-09,0.529006679642689,0.301359060971996,1209.22401025559,0.140880232460679,0.486725036730889,0.308755870894199,1646.71248051978,0.197480726852386,1,1,4
"UMass-flusion_spatial2_prod",2023-12-16,0.339896091456566,0.222494952103432,1280.20458579905,0.11974321327693,0.221262132000126,0.143869323734425,1122.3359052281,0.101414049867548,1,1,4
"UMass-flusion_spatial2_prod",2023-12-23,0.191131286046132,0.14828665670651,1399.11790998941,0.105520968444394,0.131534566168593,0.0914338898719906,1233.55144250105,0.0845958923349901,1,1,4
"UMass-flusion_spatial2_prod",2023-12-30,0.194935670960842,0.159914214401293,2034.48875502258,0.11805803787617,0.282725172851191,0.197208880340475,3445.48119595355,0.175822581452458,0.75,1,4
"UMass-flusion_spatial2_prod",2024-01-06,0.258580696041672,0.200643496973244,1436.08475241583,0.0792701976838211,0.166439937508338,0.117479743694012,1179.32821437448,0.0601493247400477,1,1,4
"UMass-flusion_spatial2_prod",2024-01-13,0.560277882500593,0.484324761598339,1499.78702589891,0.0841187813674654,0.690937410416109,0.602998480446899,2631.43512756975,0.149200229377023,1,1,4
"UMass-flusion_spatial2_prod",2024-01-20,0.438004501318367,0.448516510639678,1384.27377451795,0.0893815182978809,0.516513976688646,0.555057225517029,2312.04568815255,0.155545333451953,0.75,1,4
"UMass-flusion_spatial2_prod",2024-01-27,0.386799519861903,0.469174405366542,1147.66983760307,0.0884375371518736,0.357226215693053,0.451403371753815,1544.0210107793,0.12249630392939,0.75,1,4
"UMass-flusion_spatial2_prod",2024-02-03,0.603991929820857,0.807674359382219,1214.50824075992,0.112752711814138,0.630996563822233,0.857513033833928,1900.56165023256,0.177476630160008,0.5,1,4
"UMass-flusion_spatial2_prod",2024-02-10,1.97700761343132,2.59819191797585,1872.77520847451,0.191522039217433,2.24290871801888,2.9736633044751,3348.66271600218,0.343098296260389,0,1,4
"UMass-flusion_spatial2_prod",2024-02-17,3.99280702121589,5.14722419900068,2069.47051417373,0.229348052849032,5.09029594405745,6.75992087863176,3601.38438042065,0.406514613033004,0,1,4
"UMass-flusion_spatial2_prod",2024-02-24,4.40943850766543,5.4956795006225,1960.68544169779,0.223278306155389,6.02570967081786,7.83835766392272,3313.31138766092,0.386998244898927,0,1,4
"UMass-flusion_spatial2_prod",2024-03-02,4.19915394164782,4.87879000688424,1948.27347766546,0.218584256968113,7.1272701517376,8.64792184062414,3086.28319745578,0.355330998424754,0,0.75,4
"UMass-flusion_spatial2_prod",2024-03-09,1.13374297134757,1.36305227914768,791.860458928529,0.0954968015283857,1.36762901487846,1.63692593478396,1460.50376002331,0.17448878852151,0.25,1,4
"UMass-flusion_spatial2_prod",2024-03-16,0.350229368928384,0.385249559936104,596.668823304929,0.0758612200443598,0.372009653380442,0.403199034054262,1029.50759161533,0.12810312350488,0.5,1,4
"UMass-flusion_spatial2_prod",2024-03-23,0.380430133699064,0.415634062420094,735.002628808444,0.10615678475793,0.431213767628576,0.474521653219859,1305.99196151972,0.188049529129256,0.5,1,4
"UMass-flusion_spatial2_prod",2024-03-30,0.350634095381009,0.403656086406024,575.687977029641,0.0944682637877639,0.398262987699648,0.472859590784929,1036.59900995996,0.170805824567552,0.25,1,4
"UMass-flusion_spatial2_prod",2024-04-06,0.388959228083509,0.473725256017173,442.912687190282,0.0891043048940375,0.420180869999238,0.549437719507173,791.761480500903,0.162609881427191,0.5,1,4
"UMass-flusion_spatial2_prod",2024-04-13,0.184564984692067,0.215234355506284,205.600142893198,0.0523686895677676,0.184979568736413,0.243118594526828,341.64809044835,0.0903904562209688,0.75,1,4
"UMass-flusion_spatial2_prod",2024-04-20,0.259333283670293,0.289126667022787,317.480365037426,0.0977516769203951,0.182345004145213,0.22564057099541,361.653123003828,0.11319362952025,0.25,1,4
"UMass-flusion_spatial2_prod",2024-04-27,0.341328690700429,0.383965700502375,380.744666544353,0.138129346090774,0.25495950216759,0.323213169061392,480.53569462714,0.177956567996159,0.25,0.5,4
"UMass-flusion_spatial2_prod",2024-05-04,0.626633570425417,0.722572293620945,777.661528710793,0.395604527845177,0.462506996332983,0.586149086397913,961.817657808827,0.490825864027417,0,0.25,4
"UMass-flusion_spatial2_prod",2024-05-11,0.790875737026604,0.968390414864523,1047.4208616032,0.761243659747761,0.53286423538559,0.688093897136091,1213.8403820587,0.878450064352793,0,0,3
"UMass-flusion_spatial2_prod",2024-05-18,0.780086539734765,0.946798173128502,875.223461790343,0.786237540695357,0.535003136607525,0.689603006333121,1063.337041238,0.938199433606096,0,0,2
"UMass-flusion_spatial2_prod",2024-05-25,0.730388125278873,0.861665608002371,734.096869425952,0.749389452192904,0.499414852489928,0.658880639222138,896.44966021942,0.903077575982916,0,0,1
"UMass-flusion_spatial2_prod",2024-11-30,0.364915208646444,0.293290142432846,241.441070719756,0.057392185817744,0.404321030207148,0.373100212351109,416.85498214357,0.0986371321233808,1,1,1
"UMass-flusion_spatial2_prod",2024-12-07,0.549843713820654,0.435550478917471,971.232222031074,0.172668389722367,0.606349984196679,0.535299386126519,1675.04183134333,0.297546771099803,0,1,2
"UMass-flusion_spatial2_prod",2024-12-14,0.605667855538452,0.473841449509766,2095.1675892931,0.269748659181337,0.613618332771889,0.517663882456338,3140.90770601504,0.40861612815643,0,0.333333333333333,3
"UMass-flusion_spatial2_prod",2024-12-21,0.717564326387359,0.567883684866759,5982.90479870375,0.508915407678106,0.701227407431502,0.575565344280507,7413.02553766212,0.652138283914049,0,0,4
"UMass-flusion_spatial2_prod",2024-12-28,0.78178943686492,0.640648964627667,14551.4574105058,0.76056265736013,0.781964144142012,0.639984725392495,16296.7192370276,0.885354734164661,0,0,4
"UMass-flusion_spatial2_prod",2025-01-04,0.737084865788324,0.62153563469521,17833.3032432218,0.677985074540593,0.784890911175208,0.646895883671973,20748.7874596444,0.808069760511686,0,0.25,4
"UMass-flusion_spatial2_prod",2025-01-11,0.654869086228245,0.542553020476499,7312.60262714709,0.283813770352524,0.726020316571156,0.589688895233304,9669.3200811738,0.379659832900734,0.25,0.5,4
"UMass-flusion_spatial2_prod",2025-01-18,0.833459543018717,0.741139522312558,5850.9788502557,0.209159697518264,1.02986189555482,0.906701510097382,9252.53673513837,0.332418929285317,0,0.75,4
"UMass-flusion_spatial2_prod",2025-01-25,1.08087795551412,1.15313357419615,8756.69030472434,0.266157656343714,1.30593311712316,1.38498337806789,14106.2542201253,0.432004547081899,0,1,3
"UMass-flusion_spatial2_prod",2025-02-01,1.08200245825683,1.2102412197425,16916.8046900975,0.437582471912189,1.30386684272812,1.46244122805298,24277.5659893168,0.643642414977014,0,0.333333333333333,3
"UMass-flusion_spatial2_prod",2025-02-08,1.1331607736578,1.32693817357192,17142.9844995776,0.445180765275196,1.31324268430214,1.56463197985706,23673.8258699146,0.640141283600557,0,0.333333333333333,3
"UMass-flusion_spatial2_prod",2025-02-15,1.97086793436774,2.27649920444477,6608.84203548808,0.17879559970839,2.09240232462252,2.39431782728914,9473.00279100767,0.257107197030033,0.333333333333333,0.666666666666667,3
"UMass-flusion_spatial2_prod",2025-02-22,1.17018149456905,1.54813696922618,4400.66605960008,0.138092025859894,1.08740466521006,1.4495174018827,6308.57816521615,0.198966478312047,0.5,1,4
"UMass-flusion_spatial2_prod",2025-03-01,0.248990832324854,0.282375586862775,2056.6716635356,0.0616980907449946,0.27108799447137,0.311041325339688,3040.11631399917,0.090839655477422,0.5,1,4
"UMass-flusion_spatial2_prod",2025-03-08,0.259685647247216,0.294362673815299,2762.73412330882,0.0982073184486404,0.316796852899117,0.370990478770119,4357.30311398767,0.156701480058686,0,1,4
"UMass-flusion_spatial2_prod",2025-03-15,0.307567325460864,0.355005152551145,3001.5732653466,0.135857476348356,0.343125277496055,0.40826461372376,4427.0023302541,0.201262122339006,0.25,1,4
"UMass-flusion_spatial2_prod",2025-03-22,0.291914397181544,0.338716294799884,2469.27088673987,0.14373350204931,0.311637727256607,0.375915009305871,3607.5962401543,0.212377916168665,0.25,1,4
"UMass-flusion_spatial2_prod",2025-03-29,0.268769093808023,0.334492639871169,1867.71338862235,0.154898628779175,0.290739842406227,0.377349149817945,2898.74891375068,0.243400404905047,0,1,4
"UMass-flusion_spatial2_prod",2025-04-05,0.254052798256566,0.320070738077868,1344.11125786144,0.154699406616016,0.289321862582453,0.380497113306026,2344.59204390255,0.272540846729993,0.25,1,4
"UMass-flusion_spatial2_prod",2025-04-12,0.245214691085754,0.308188520804859,918.809265757885,0.146165110149878,0.252893377390672,0.340873007211738,1547.77069297526,0.247262692000231,0.25,1,4
"UMass-flusion_spatial2_prod",2025-04-19,0.239234685625112,0.323919586851349,561.807606108377,0.133921783210615,0.219105113689991,0.347913533502469,880.583451920072,0.216539507805286,0.25,1,4
"UMass-flusion_spatial2_prod",2025-04-26,0.235122512179691,0.311641866692318,445.62674321383,0.142802977523967,0.206866872228327,0.363851491219562,671.558822877227,0.231169042280175,0.333333333333333,1,3
"UMass-flusion_spatial2_prod",2025-05-03,0.244916946191609,0.265336876275868,290.459287831148,0.123333576198919,0.250193173088387,0.420150912075474,471.03034720107,0.209097123230866,0.333333333333333,1,3
"UMass-flusion_spatial2_prod",2025-05-10,0.300232709876432,0.259532859255351,228.684600881675,0.115810262216686,0.439582275027978,0.661436808719308,397.089321775273,0.204522181500918,0,1,3
"UMass-flusion_spatial2_prod",2025-05-17,0.230948422873423,0.157874506116557,129.920738173949,0.0720246405083273,0.514304611938185,0.634042333294009,215.322197531453,0.12029550357125,0,1,3
"UMass-flusion_spatial2_prod",2025-05-24,0.152126729020774,0.106875848394654,118.130990933853,0.0709605194448518,0.357679300362045,0.455237020286405,205.18869197436,0.125111517426675,0,1,3
"UMass-flusion_spatial2_prod",2025-05-31,0.314479892339542,0.194177318224841,254.474872829756,0.153618604730272,1.6561861193256,2.04348916638651,423.15555348769,0.259410925428188,0,1,2
"UMass-flusion_spatial2_prod",2025-06-07,0.104310540093571,0.0654201294476493,92.2973219530378,0.0628995145536955,0.384622399230998,0.461806252717422,165.77225406856,0.114283489232696,0,1,1
"UMass-flusion_spatial_mem",2024-11-30,0.364765289359866,0.2936286881253,241.341878709625,0.0574584337902396,0.40015934396806,0.369066251092023,412.56428363107,0.0975706669847369,1,1,1
"UMass-flusion_spatial_mem",2024-12-07,0.547578027912499,0.433738379750551,967.23016271187,0.171950006296531,0.600121765929577,0.528924428903119,1657.83637838046,0.294003243894499,0,1,2
"UMass-flusion_spatial_mem",2024-12-14,0.604171933213885,0.472624190652249,2089.992792675,0.269055697548217,0.607604557210273,0.512111008876093,3110.12519350698,0.404232987320458,0,0.333333333333333,3
"UMass-flusion_spatial_mem",2024-12-21,0.716018888025981,0.566891524344972,5970.01924928556,0.50802627176897,0.703232088441456,0.578415582763455,7434.21802295886,0.655367716769043,0,0,4
"UMass-flusion_spatial_mem",2024-12-28,0.779829846414252,0.63857322597757,14514.9835268227,0.758098391606387,0.780617424151738,0.637335751526558,16268.6525823903,0.881690144277071,0,0,4
"UMass-flusion_spatial_mem",2025-01-04,0.738342674437158,0.621998009189071,17863.7351298304,0.67848944305655,0.794931131715173,0.656536466223325,21014.2031996735,0.820112290739649,0,0.25,4
"UMass-flusion_spatial_mem",2025-01-11,0.656988039618176,0.545800311730769,7336.26394274722,0.28551245405628,0.723174571677183,0.591951487286063,9631.41973923965,0.381116559197629,0.25,0.5,4
"UMass-flusion_spatial_mem",2025-01-18,0.835367585859381,0.745477296506427,5864.37352357802,0.210383876651851,1.01252571983058,0.904548631887077,9096.78419838785,0.331629631526814,0,0.75,4
"UMass-flusion_spatial_mem",2025-01-25,1.09494373944062,1.168059362359,8870.6437007661,0.26960271499555,1.29958499931025,1.37604390013168,14037.6839675495,0.429216141691526,0,1,3
"UMass-flusion_spatial_mem",2025-02-01,1.08650332206884,1.21418839980086,16987.1744322949,0.439009639305635,1.2914010193631,1.44397289907618,24045.4565135345,0.635514225183678,0,0.333333333333333,3
"UMass-flusion_spatial_mem",2025-02-08,1.14696858185109,1.33919344249846,17351.8754595662,0.449292343424074,1.32690327073444,1.57817596758536,23920.0852615297,0.64568256474595,0,0.333333333333333,3
"UMass-flusion_spatial_mem",2025-02-15,2.0233699576317,2.32783272679453,6784.89522111483,0.182827319946091,2.17205810754206,2.47229025382144,9833.6310722121,0.265480050375926,0.333333333333333,0.666666666666667,3
"UMass-flusion_spatial_mem",2025-02-22,1.16491991595625,1.55008633711164,4380.87900047399,0.138265907219102,1.09046848449677,1.47474497246431,6326.352912808,0.202429314196923,0.5,1,4
"UMass-flusion_spatial_mem",2025-03-01,0.251247976490517,0.285142827829859,2075.31574132227,0.0623027233415915,0.259634949493076,0.298215310400227,2911.6761410901,0.0870938163128785,0.5,1,4
"UMass-flusion_spatial_mem",2025-03-08,0.2580077111103,0.292503834003946,2744.8829579813,0.0975871594083229,0.329637711311745,0.38356376972457,4533.91949080957,0.162012272153142,0,1,4
"UMass-flusion_spatial_mem",2025-03-15,0.305514200483841,0.352280671574295,2981.53666024815,0.134814840467682,0.34518379351673,0.41015524449301,4453.56130395285,0.202194146198993,0,1,4
"UMass-flusion_spatial_mem",2025-03-22,0.289115358933325,0.337211145316224,2445.5941386112,0.143094795232674,0.306447580271673,0.374168570391117,3547.51380111995,0.211391243521259,0.25,1,4
"UMass-flusion_spatial_mem",2025-03-29,0.271272295145142,0.337300420474245,1885.10847890417,0.156198870738151,0.293662403601484,0.381564357862085,2927.8875795077,0.246119328069967,0,1,4
"UMass-flusion_spatial_mem",2025-04-05,0.251886356221571,0.31644337195381,1332.64931314474,0.152946196090303,0.292199948644737,0.38247016706309,2367.91533382979,0.273954097245671,0.25,1,4
"UMass-flusion_spatial_mem",2025-04-12,0.244489783044399,0.308549484189835,916.093065426372,0.146336304887396,0.246057713922611,0.334263213701175,1505.93472363486,0.242468075523097,0.25,1,4
"UMass-flusion_spatial_mem",2025-04-19,0.237950444147693,0.322544000125947,558.791753167954,0.13335305864222,0.218103236071937,0.348002387889915,876.556905773115,0.216594810297058,0.25,1,4
"UMass-flusion_spatial_mem",2025-04-26,0.233710174666329,0.309538863225345,442.949945655979,0.141839322800632,0.204991888147623,0.359404032930951,665.471999556567,0.228343398582211,0.333333333333333,1,3
"UMass-flusion_spatial_mem",2025-05-03,0.249517806594484,0.269351235828568,295.915678892729,0.125199526106568,0.255839565592897,0.430888694975315,481.660622156227,0.214441011461748,0.333333333333333,1,3
"UMass-flusion_spatial_mem",2025-05-10,0.30260146605697,0.260824355481489,230.488861523213,0.116386561175631,0.440137537141675,0.662168802422074,397.590908551313,0.204748520505584,0,1,3
"UMass-flusion_spatial_mem",2025-05-17,0.229010739520547,0.156535255816562,128.830688506491,0.0714136550884483,0.481292313591425,0.591295765128959,201.50104862361,0.112185288096138,0,1,3
"UMass-flusion_spatial_mem",2025-05-24,0.15218937431045,0.107055613760807,118.179636889725,0.071079875164147,0.346272233430006,0.439966330879666,198.644837911013,0.120914716554403,0,1,3
"UMass-flusion_spatial_mem",2025-05-31,0.310109982808279,0.191427335961338,250.938773386409,0.151443023966183,1.63211901811552,2.00960373957264,417.006409128515,0.25510933671761,0,1,2
"UMass-flusion_spatial_mem",2025-06-07,0.102393515151178,0.0641232119819359,90.6010766058147,0.0616525668680468,0.341220786824919,0.406974277371288,147.06615912154,0.100714185163719,0,1,1
"UMass-gbqr",2023-10-21,0.615192845898953,0.389183836302402,137.218335259272,0.100425165398084,0.656365069686901,0.629219530563666,201.504076393879,0.148081762203789,0,1,1
"UMass-gbqr",2023-10-28,1.31051249471876,0.629145104058533,380.895680735692,0.207475857196538,1.32168047182645,1.02265689550253,542.549833684757,0.30052768577796,0,0.5,2
"UMass-gbqr",2023-11-04,1.34160383830258,0.638889205754557,572.525394806445,0.258705488070865,1.23446118613705,0.902823545512554,833.672787704555,0.377364989315855,0,0.666666666666667,3
"UMass-gbqr",2023-11-11,1.32522377096024,0.685052300823793,1005.88710988179,0.364790011423779,1.14544561525895,0.800381275532768,1457.2931840132,0.508797686822084,0,0.5,4
"UMass-gbqr",2023-11-18,1.68483617255394,0.753705413384664,1605.26221908932,0.384735565866644,1.70466041114368,0.934494570707506,2701.03442145716,0.604223920078932,0,0.5,4
"UMass-gbqr",2023-11-25,1.67986101123539,0.968406742397502,1998.27823757501,0.45430606945709,1.65436901234423,1.07289372953727,3167.70306638611,0.662390659093583,0,0.5,4
"UMass-gbqr",2023-12-02,1.59613125097402,0.829895453765814,2959.10212093143,0.425613812620979,1.97342998245179,1.05420753300146,5561.12569054914,0.715982068603073,0,0.75,4
"UMass-gbqr",2023-12-09,1.36647739415982,0.615779348190072,3123.54708943492,0.287866365914793,2.01338467125756,0.940781192406337,6811.78368903216,0.601725088327539,0.25,1,4
"UMass-gbqr",2023-12-16,0.600387044368132,0.336860936805075,2311.82455509748,0.181283891309772,0.792161499182745,0.434417734298785,4279.56698295455,0.319777455636151,0.25,1,4
"UMass-gbqr",2023-12-23,0.442696349209602,0.344296018917359,3112.58213723053,0.234483835513706,0.503798895523849,0.384561264716975,4402.07235236054,0.329018612462172,0.25,0.5,4
"UMass-gbqr",2023-12-30,0.74336559059488,0.640067273738537,7707.97658970332,0.468817746744646,0.762053940829143,0.642927390249839,9286.09948354624,0.571749745901084,0,0,4
"UMass-gbqr",2024-01-06,0.819803490625858,0.741679852781447,4466.80720996034,0.28864794357083,0.899299478543293,0.795215632468811,6309.16694337249,0.401965722111482,0.25,0.25,4
"UMass-gbqr",2024-01-13,0.545418407841425,0.592140658696049,1460.01025083503,0.102844526146587,0.683956939845381,0.737843826237758,2604.85000540113,0.182565083808346,0.5,1,4
"UMass-gbqr",2024-01-20,0.352550795703147,0.442449784106856,1114.20503489889,0.0881725255055569,0.365982037711226,0.469789442505113,1638.22709630488,0.131650489584381,0.75,1,4
"UMass-gbqr",2024-01-27,0.673094774812316,0.962336874327019,1997.13425491357,0.181396730304212,0.728766213901504,1.09916655954289,3149.90976803577,0.298278323495157,0.5,0.75,4
"UMass-gbqr",2024-02-03,1.10928907850871,1.67607205919532,2230.56080837602,0.233982505046623,1.10703729528471,1.77833588776683,3334.39633339754,0.368056283928842,0.25,1,4
"UMass-gbqr",2024-02-10,3.62709569780969,5.47617698282589,3435.86684010436,0.40366863417983,3.49510110052117,5.47913372837939,5218.18594307811,0.632176966491382,0,0.75,4
"UMass-gbqr",2024-02-17,5.99478048625655,8.86226638677729,3107.09267673901,0.394881485836854,6.88523009128547,10.6454144372218,4871.30028958447,0.640172660038454,0,0.75,4
"UMass-gbqr",2024-02-24,6.61859612414275,8.91093336786952,2780.3523966663,0.34034143130263,8.78518897659496,12.5227810053374,4489.7244495253,0.570706384056109,0,0.5,4
"UMass-gbqr",2024-03-02,7.9281742482021,10.6831413616112,3561.13463389343,0.461576396508223,13.151124472645,19.0391969248001,5496.33740866228,0.750203268341075,0,0.25,4
"UMass-gbqr",2024-03-09,3.1990059212906,4.40225764860058,2192.48897166958,0.300586514466426,3.75075464892797,5.36044324106005,3955.67430551573,0.559261766512749,0,1,4
"UMass-gbqr",2024-03-16,0.707915521743603,1.04352123610224,1182.22796139946,0.203150880545417,0.904610478915662,1.37595077324597,2402.87145664231,0.424806659887208,0.25,1,4
"UMass-gbqr",2024-03-23,0.289488440889427,0.413594044024027,575.174287325535,0.108977395861573,0.390930126560128,0.575147238791967,1234.63521369268,0.238787765432023,1,1,4
"UMass-gbqr",2024-03-30,0.305981640613509,0.423541333560039,497.302195581119,0.0976191721751076,0.388699520349991,0.567220277103201,1003.47227537679,0.202467317821837,0.75,1,4
"UMass-gbqr",2024-04-06,0.390197443698046,0.496099885122925,441.92909839464,0.0918649260116921,0.4751065008057,0.650163176044162,883.193020450029,0.188173703774855,0.25,1,4
"UMass-gbqr",2024-04-13,0.339069697768038,0.342424019896592,400.767770068164,0.0864445941359589,0.251702938735671,0.273800489384745,497.970179103436,0.105835269102323,0.75,0.75,4
"UMass-gbqr",2024-04-20,0.370322343924136,0.39761488335383,475.151943289887,0.140399655452379,0.321986962249983,0.387846241595508,681.202394634775,0.206791629988154,0,1,4
"UMass-gbqr",2024-04-27,0.428039140383315,0.466908946779612,482.55002425457,0.16964743422375,0.364537002591585,0.440134652441016,692.337355492139,0.243953909430251,0.25,0.75,4
"UMass-gbqr",2024-05-04,0.679553911588449,0.761433875369187,843.136841712183,0.416444985225815,0.562549666055734,0.678048511455791,1169.59082564991,0.567365726524369,0,0.5,4
"UMass-gbqr",2024-05-11,0.889625445309495,1.05675387876503,1175.2725616483,0.828978296665818,0.666430232176561,0.794935956188535,1515.35300893207,1.01367172189702,0,0,3
"UMass-gbqr",2024-05-18,0.927440695481697,1.07491207990664,1034.61062128541,0.889108931853667,0.694413517902131,0.813468995603409,1371.65115751379,1.10234484886383,0,0,2
"UMass-gbqr",2024-05-25,0.990977296340037,1.07325385030896,996.009252803302,0.933407469762614,0.768411069501648,0.861609518444393,1379.29786975546,1.18094263063972,0,0,1
"UMass-gbqr",2024-11-30,0.327048744498195,0.267433998004542,216.387251553829,0.0523325522642588,0.243643652587758,0.220395367387456,251.196605817979,0.0582662948256907,1,1,1
"UMass-gbqr",2024-12-07,0.505720590551273,0.400811732058621,893.294077102406,0.158896659988539,0.527805407153162,0.4577869994474,1458.06243726061,0.254461423022905,0,1,2
"UMass-gbqr",2024-12-14,0.608741461339567,0.477443578765934,2105.80001628732,0.271799280835593,0.55244389834598,0.457465341708094,2827.77616766696,0.361098626018758,0,0.333333333333333,3
"UMass-gbqr",2024-12-21,0.723703510780752,0.57701727982979,6034.09206431417,0.517100582438441,0.675780739125022,0.550313889203997,7144.01608366017,0.623527387265097,0,0,4
"UMass-gbqr",2024-12-28,0.776471372960229,0.633713357423219,14452.4722147915,0.752328875465412,0.752972396086417,0.601404401678129,15692.509463738,0.831982722473022,0,0,4
"UMass-gbqr",2025-01-04,0.795549321730127,0.660701606092978,19247.813864933,0.720708198614713,0.808594673047564,0.645389940748707,21375.4023306806,0.806188612450518,0,0.25,4
"UMass-gbqr",2025-01-11,0.824142037140857,0.695677782646496,9202.79083663769,0.363914542895699,0.880238056120786,0.726123329614665,11723.2304909307,0.467500514619253,0,0.5,4
"UMass-gbqr",2025-01-18,1.20950027041358,1.12380127205738,8490.82665240957,0.317152070639453,1.31491059578814,1.23090211166062,11813.4855202096,0.451278791814642,0,0.75,4
"UMass-gbqr",2025-01-25,1.2575792965261,1.37783249930388,10188.2292789237,0.318020979576943,1.38806297507553,1.57910602984058,14993.3935691075,0.492555359160518,0.333333333333333,1,3
"UMass-gbqr",2025-02-01,0.891679508534848,0.978917594467019,13941.1587995354,0.35394363850568,1.20910497403759,1.30300833893992,22513.1315815887,0.573473598749021,0.333333333333333,0.666666666666667,3
"UMass-gbqr",2025-02-08,1.085975255216,1.23491752023136,16429.1399771969,0.414308320958517,1.29622761946822,1.43283464536923,23367.0952961537,0.586218753599682,0,1,3
"UMass-gbqr",2025-02-15,2.35534954735057,2.81628160949015,7898.11068786399,0.221189956198256,2.55465384898445,2.9239227333408,11565.7695256356,0.313977354941551,0.333333333333333,1,3
"UMass-gbqr",2025-02-22,1.45085447708614,1.9640026941697,5456.18443323883,0.175186767206874,1.12246270765256,1.53890492075346,6511.96739844634,0.211236161871324,0.5,1,4
"UMass-gbqr",2025-03-01,0.345267324894742,0.389464468279452,2851.91834906314,0.085096641578771,0.374664682411787,0.431496199598447,4201.67708090698,0.126018515605709,0.75,1,4
"UMass-gbqr",2025-03-08,0.261813740328769,0.281039425524505,2785.37440180055,0.0937623238754311,0.328084195658397,0.372882872282871,4512.55204813451,0.157500802093269,0.5,1,4
"UMass-gbqr",2025-03-15,0.346482211021571,0.395132679057109,3381.34663674753,0.151213942146177,0.410924089979431,0.500183596512186,5301.74260891462,0.246575404307055,0,0.75,4
"UMass-gbqr",2025-03-22,0.32628851693431,0.381837375811429,2760.03767995846,0.162031836322254,0.322429520960947,0.38927732651607,3732.52474202416,0.219927125468732,0.25,0.75,4
"UMass-gbqr",2025-03-29,0.315685144457305,0.384954977215234,2193.73947554118,0.178266996055054,0.323272268155988,0.403911619172652,3223.10533158224,0.260533915870509,0,0.75,4
"UMass-gbqr",2025-04-05,0.261308735666135,0.328012795848205,1382.50007792352,0.158538031889165,0.246584901154003,0.327583373799957,1998.26239272675,0.234640019458708,0.5,1,4
"UMass-gbqr",2025-04-12,0.2684542912225,0.340720563670486,1005.88708252166,0.161594139162499,0.243737239833579,0.339491437782422,1491.73284209146,0.246260528235279,0.25,0.75,4
"UMass-gbqr",2025-04-19,0.239410771484434,0.336865370565581,562.221117948589,0.139274106782405,0.233855287642177,0.386404867114908,939.864401033911,0.24049630635606,0.25,1,4
"UMass-gbqr",2025-04-26,0.274678872150747,0.393534241259425,520.597751748409,0.18032834293399,0.237415160372193,0.443282445119006,770.728748954928,0.281634625034253,0.333333333333333,1,3
"UMass-gbqr",2025-05-03,0.365367856003544,0.458530574305431,433.308061779266,0.213133644743885,0.438010966173006,0.820630549557779,824.62864564838,0.408404414262161,0.333333333333333,1,3
"UMass-gbqr",2025-05-10,0.533665575914296,0.550609005588215,406.488351260857,0.245695953487343,0.807189475008264,1.41939403579959,729.161159090798,0.438889340273043,0,1,3
"UMass-gbqr",2025-05-17,0.380822315139214,0.27938766816481,214.232752406002,0.127460708236033,0.783060884550886,1.00365532239362,327.841490331971,0.190421389991511,0,1,3
"UMass-gbqr",2025-05-24,0.258766098198495,0.202677203229396,200.939675736411,0.134568097814577,0.586225823779344,0.791307596013922,336.298214241417,0.21747285408878,0,1,3
"UMass-gbqr",2025-05-31,0.278815784616457,0.17567429344071,225.615732711443,0.138980392210843,1.41054842872407,1.70653797843275,360.395123538999,0.216636625016419,0,1,2
"UMass-gbqr",2025-06-07,0.0571998723998875,0.0378852171783419,50.6122874431411,0.036425512902507,0.188542457486015,0.219792022371181,81.2617991764723,0.0543920725938269,1,1,1
"UMass-gbqr_1src",2023-10-21,0.681853623454283,0.437910251155414,152.086975205604,0.112998550555496,0.772324113067076,0.750756907758027,237.103502711592,0.176684607656544,0,1,1
"UMass-gbqr_1src",2023-10-28,1.39156854984878,0.678952539145931,404.454327769521,0.223901066934096,1.49051400970277,1.16703804721272,611.856000982989,0.342956904789972,0,1,2
"UMass-gbqr_1src",2023-11-04,1.27300926664072,0.608238050278972,543.252868073088,0.246293911750865,1.20819001327454,0.883180114943432,815.930988964737,0.369154367202942,0,0.666666666666667,3
"UMass-gbqr_1src",2023-11-11,1.32057863355772,0.670268687487075,1002.36130243763,0.356917744632614,1.18675573616062,0.803664932519843,1509.84998533035,0.510885088327359,0,0.5,4
"UMass-gbqr_1src",2023-11-18,1.62053824714277,0.711216866842806,1544.00105191488,0.363046913103459,1.63013693633649,0.886652165760785,2582.95197562516,0.573290058749995,0,0.5,4
"UMass-gbqr_1src",2023-11-25,1.65965131984173,0.945635128019597,1974.23780433086,0.443623282803203,1.58689422263285,1.03788860781202,3038.50571278625,0.640778951416589,0,0.5,4
"UMass-gbqr_1src",2023-12-02,1.57428831839102,0.813623697594177,2918.60703752631,0.41726880464338,1.82973062126699,1.0155362442183,5156.18089073039,0.689717838390558,0,0.75,4
"UMass-gbqr_1src",2023-12-09,1.37488089810056,0.618735577278951,3142.75614506022,0.289248352704588,1.88949655929643,0.903540929833702,6392.63923423963,0.577906159476992,0.25,1,4
"UMass-gbqr_1src",2023-12-16,0.589790475124399,0.336183275160792,2238.94825992469,0.178565267154347,0.9250355732853,0.501799743823275,4917.84802130914,0.362486010606297,0.5,1,4
"UMass-gbqr_1src",2023-12-23,0.461577326123839,0.36440003178596,3229.12813351918,0.246892199711137,0.494288579050947,0.378170298942419,4289.95999969631,0.320982180121584,0.25,0.5,4
"UMass-gbqr_1src",2023-12-30,0.749915502803239,0.651740444055249,7761.01009966817,0.47622062472936,0.801159740598774,0.689018462096635,9713.24444104613,0.607908555436205,0,0,4
"UMass-gbqr_1src",2024-01-06,0.824473788977537,0.750413933660497,4478.57407783585,0.290939176415516,0.910600864876444,0.824004608824372,6345.15978528224,0.413022932802505,0.25,0.75,4
"UMass-gbqr_1src",2024-01-13,0.522364160449066,0.565015806555421,1398.29719342036,0.0981334114405943,0.566531117110305,0.60614317463089,2157.6337595146,0.1499783227036,0.5,1,4
"UMass-gbqr_1src",2024-01-20,0.377850868638275,0.467430883534786,1194.16363658466,0.0931508229431122,0.417737882036583,0.524504409991983,1869.89919446625,0.146983427291174,0.75,1,4
"UMass-gbqr_1src",2024-01-27,0.675899328686151,0.96357855433775,2005.45562483172,0.181630782121242,0.751455082891347,1.13201249828404,3247.97673202712,0.307191651012515,0.5,0.75,4
"UMass-gbqr_1src",2024-02-03,1.13350953052321,1.71183883955662,2279.26334414545,0.238975608308788,1.12995080516678,1.83587310093576,3403.41182516233,0.379964570216183,0.25,0.75,4
"UMass-gbqr_1src",2024-02-10,3.5703906120454,5.33982509121929,3382.15137735535,0.39361764751061,3.48976839301671,5.4482735298268,5210.22421077394,0.628616347664861,0,0.75,4
"UMass-gbqr_1src",2024-02-17,6.0462655792223,8.89594192726955,3133.77738282322,0.396381987727182,6.79908928441824,10.4666715822127,4810.35566872591,0.629423779416773,0,0.75,4
"UMass-gbqr_1src",2024-02-24,6.71053144697224,9.01131116866091,2827.37065602229,0.345104179534329,8.71436123262787,12.307174595049,4439.25917276823,0.558255774738112,0,0.5,4
"UMass-gbqr_1src",2024-03-02,7.96039601345916,10.6984631768299,3578.05927789846,0.462460385740736,13.0761191551866,18.9933946250443,5469.11285617211,0.749598699741479,0,0.25,4
"UMass-gbqr_1src",2024-03-09,3.25669914270081,4.47253714780589,2232.406217736,0.30527679310836,3.74760400307864,5.37915253485058,3943.3318635076,0.55939819074533,0,1,4
"UMass-gbqr_1src",2024-03-16,0.715657756887024,1.05617008432476,1190.67891476231,0.20489155822335,0.856881948128906,1.26331422846757,2270.0211753575,0.388456979249528,0,1,4
"UMass-gbqr_1src",2024-03-23,0.301672019029262,0.43221886610444,596.493581257825,0.113342292722593,0.385736028299138,0.566364358063934,1212.21150951246,0.233851843814227,0.75,1,4
"UMass-gbqr_1src",2024-03-30,0.315793012397325,0.445497894086164,511.903055355937,0.102469165432689,0.434082800807492,0.647107431313341,1128.41993889446,0.232908072326229,0.5,1,4
"UMass-gbqr_1src",2024-04-06,0.392565685987267,0.504721072241318,442.325218648201,0.0930122126536362,0.463655975073011,0.64250333624168,856.79576774257,0.184866216293303,0.25,1,4
"UMass-gbqr_1src",2024-04-13,0.333138175640195,0.337056041310975,390.733142986485,0.0843059719541539,0.25179114111519,0.27712170511041,487.691948810394,0.105030178480181,0.75,0.75,4
"UMass-gbqr_1src",2024-04-20,0.363412830058484,0.390858575024371,466.405995049597,0.13808867467238,0.301426574952466,0.365337525314493,637.63841662175,0.194812393303077,0,0.75,4
"UMass-gbqr_1src",2024-04-27,0.422019581572276,0.462812354667156,474.515169447037,0.167797025075983,0.344433985546255,0.424287243836099,654.1927640668,0.235288078030055,0.25,0.75,4
"UMass-gbqr_1src",2024-05-04,0.671943055327622,0.749446671253069,832.953618490639,0.409646732879982,0.557268929427647,0.673101647585833,1159.14033363222,0.563461113124609,0,0.5,4
"UMass-gbqr_1src",2024-05-11,0.906890097256917,1.07254775905332,1198.27765158047,0.841590617144218,0.65586910123281,0.785477687863491,1491.62124493111,1.0017901577824,0,0,3
"UMass-gbqr_1src",2024-05-18,0.932385592273144,1.08344489772856,1041.69563319369,0.896884902881461,0.701343588005438,0.818072317852705,1389.40403508507,1.11052913503798,0,0,2
"UMass-gbqr_1src",2024-05-25,0.973840560426329,1.0719620932106,978.78550045707,0.93228403030383,0.723318640615046,0.831318353572446,1298.35695990401,1.13942483497562,0,0,1
"UMass-gbqr_1src",2024-11-30,0.329918374903784,0.269494564948069,218.285902586394,0.0527357722290755,0.225595953280528,0.203622020419683,232.589427832224,0.0538318968107827,1,1,1
"UMass-gbqr_1src",2024-12-07,0.507112249105891,0.402280810103032,895.752273124905,0.159479057098824,0.436873318676929,0.369097316931653,1206.86254284502,0.205163162374069,0,1,2
"UMass-gbqr_1src",2024-12-14,0.61157589623674,0.476445733245174,2115.60508696461,0.27123122691888,0.52506202187004,0.426000227175254,2687.61746927878,0.336261750764104,0,0.333333333333333,3
"UMass-gbqr_1src",2024-12-21,0.693276248133884,0.547976806396696,5780.39576280225,0.491075632664024,0.638403364407757,0.511226283026623,6748.88116683661,0.579239584554032,0,0.25,4
"UMass-gbqr_1src",2024-12-28,0.755805370753599,0.608355976291079,14067.8156349314,0.722225217702127,0.738318020982059,0.581965905937235,15387.1012957818,0.805091511563752,0,0,4
"UMass-gbqr_1src",2025-01-04,0.790385046287985,0.65637211907365,19122.8674791559,0.715985496623602,0.818091798873434,0.660761565638701,21626.4612261689,0.825390072155325,0,0.25,4
"UMass-gbqr_1src",2025-01-11,0.820657814957847,0.694932816507854,9163.88423251656,0.363524845224479,0.929421166769163,0.759310252680893,12378.2634543234,0.488867275580266,0,0.5,4
"UMass-gbqr_1src",2025-01-18,1.22715742079621,1.14517479636311,8614.78181533248,0.32318397117113,1.34969780195102,1.25625014437102,12126.0224771785,0.46057199999754,0.25,0.75,4
"UMass-gbqr_1src",2025-01-25,1.28325725662246,1.42449496292133,10396.2582641332,0.3287912599968,1.40338950635508,1.60470517273091,15158.9456511455,0.500540253640225,0.333333333333333,1,3
"UMass-gbqr_1src",2025-02-01,0.960417055485237,1.06799302289451,15015.8510497818,0.386150313937073,1.22037313878659,1.32761437110971,22722.94105316,0.584303084177196,0,0.666666666666667,3
"UMass-gbqr_1src",2025-02-08,1.14496805642879,1.32150333128083,17321.6105782688,0.443357404324036,1.36149394911541,1.54690418886063,24543.6514207034,0.632888273928026,0,0.666666666666667,3
"UMass-gbqr_1src",2025-02-15,2.49504879164503,2.94496156628405,8366.55924391365,0.231296443387222,2.43084181360548,2.75417330981555,11005.2311707965,0.295749282635271,0,1,3
"UMass-gbqr_1src",2025-02-22,1.48024960267022,2.03320042779368,5566.72979058374,0.18135912495751,1.26084898123622,1.72430597489432,7314.81536464195,0.236685042146812,0.5,1,4
"UMass-gbqr_1src",2025-03-01,0.309781753884111,0.351345225599554,2558.80647951958,0.0767677186710773,0.302572521604869,0.364245043924236,3393.1995435378,0.106377807718318,0.5,1,4
"UMass-gbqr_1src",2025-03-08,0.283411162831055,0.308151530349881,3015.14426684735,0.102807652475991,0.292759797254783,0.346812475153919,4026.6914413916,0.146489010552506,0.25,1,4
"UMass-gbqr_1src",2025-03-15,0.376783532825287,0.428114221645673,3677.05957470158,0.163835700196612,0.408123700960926,0.492471354927074,5265.61198979787,0.242773502165075,0,0.5,4
"UMass-gbqr_1src",2025-03-22,0.352214968528887,0.407815685331107,2979.34660318072,0.173055673858001,0.31345679721757,0.379316247949133,3628.6542487899,0.21429948875174,0.25,0.75,4
"UMass-gbqr_1src",2025-03-29,0.318857417469085,0.391073606659454,2215.78403688757,0.181100443485415,0.32118539582741,0.416576081613386,3202.29869274824,0.268702836583506,0.25,0.75,4
"UMass-gbqr_1src",2025-04-05,0.256918221260494,0.324892640849696,1359.27128500756,0.157029971109482,0.264978353290789,0.347559764057993,2147.31833048023,0.248948622928072,0.5,0.5,4
"UMass-gbqr_1src",2025-04-12,0.270845447468268,0.343318656861301,1014.84664568959,0.162826341375688,0.234068064975683,0.326456036130841,1432.55507466742,0.236804899788665,0.25,0.75,4
"UMass-gbqr_1src",2025-04-19,0.241151671790975,0.337311405966842,566.309367238759,0.13945851630482,0.242629200220039,0.39495004445485,975.126755684335,0.245814778669201,0.25,1,4
"UMass-gbqr_1src",2025-04-26,0.283745331903728,0.40886610501767,537.781376126803,0.187353829653433,0.235794300010183,0.455191854743303,765.466895933056,0.289201137425732,0.333333333333333,1,3
"UMass-gbqr_1src",2025-05-03,0.358699822921966,0.453560838911903,425.400106979787,0.210823618156367,0.429223558521265,0.806855728155248,808.084886176036,0.40154907860655,0.333333333333333,1,3
"UMass-gbqr_1src",2025-05-10,0.523383987085237,0.546600189856515,398.656955944968,0.24390711641138,0.769099051630899,1.35853786193991,694.752809973246,0.42007206661741,0,1,3
"UMass-gbqr_1src",2025-05-17,0.412280667149047,0.303164354542901,231.929744071944,0.138307977570304,0.880792412549041,1.15530516121153,368.758423387198,0.219193591419013,0,1,3
"UMass-gbqr_1src",2025-05-24,0.255221659147932,0.199097702509888,198.18731196679,0.13219147826746,0.579275099391126,0.784187683902581,332.31081535071,0.215516108550744,0,1,3
"UMass-gbqr_1src",2025-05-31,0.274108688002278,0.173267028629093,221.806783899551,0.13707594392122,1.59786257945167,1.98226796579085,408.253889049901,0.251639194330425,0,1,2
"UMass-gbqr_1src",2025-06-07,0.0455985594332156,0.0294056271966395,40.3470724705953,0.0282726385813049,0.0626128134354656,0.0716727807408361,26.9861225906857,0.0177369089696686,1,1,1
"UMass-gbqr_1src",2025-11-22,0.476343643584892,0.312653323637663,430.777231957357,0.133217347774044,0.51129550053972,0.449181606669667,720.926655761005,0.224794821674548,0,1,1
"UMass-gbqr_1src",2025-11-29,0.434881647691284,0.273155602428311,644.694522455673,0.141466793539375,0.43967315410589,0.359261523424062,1088.98133441125,0.240026929061528,0,1,2
"UMass-gbqr_1src",2025-12-06,0.33162049618005,0.188972925223151,799.891514150342,0.125450402288251,0.315258065620057,0.233544256240575,1272.65140368672,0.194546493458096,0,1,3
"UMass-gbqr_1src",2025-12-13,0.251035092522409,0.143964504059371,1074.78569265849,0.119938410504143,0.243625279922348,0.167884291481913,1664.51727680182,0.175120972506181,0.5,1,4
"UMass-gbqr_1src",2025-12-20,0.377872898151953,0.24037610568898,4428.50333487755,0.261138143113848,0.386616997139575,0.251039987918865,5830.71304941225,0.332936643330588,0,0.25,4
"UMass-gbqr_1src",2025-12-27,0.485621186914589,0.335350507195527,11846.7170309612,0.424764709251828,0.50326030708156,0.334958088917887,13961.3216239799,0.493845836567573,0,0,4
"UMass-gbqr_1src",2026-01-03,0.321548089298711,0.221533908440866,7135.82680289805,0.207785044307833,0.357276476078625,0.222479110608242,9132.22088306165,0.246102668136176,0.25,0.75,4
"UMass-gbqr_1src",2026-01-10,0.325887241736766,0.227238767735118,2805.69503964113,0.0897510016257975,0.374476314264372,0.254841249032131,4432.76784270459,0.136441837019012,0.75,1,4
"UMass-gbqr_1src",2026-01-17,0.829634590808748,0.820587985928959,7040.06914956121,0.272776860800363,1.03181101280594,1.04135709148076,11209.8713181804,0.432113150555892,0.25,0.5,4
"UMass-gbqr_1src",2026-01-24,0.622347547160862,0.625899452829095,6893.65525392608,0.288826929018649,0.760067997432836,0.782255182241553,10788.9368255532,0.446321478070307,0.5,0.75,4
"UMass-gbqr_1src",2026-01-31,0.629222830699485,0.659306657456496,5100.23504132557,0.236504032425558,0.653657312886853,0.699468811144603,7483.74060333068,0.343433605774407,0.25,0.75,4
"UMass-gbqr_1src",2026-02-07,0.636003088210537,0.794126227082899,1811.58196119376,0.124544495663271,0.584762977967271,0.754717677079035,2716.666368423,0.185969043908747,0.5,1,4
"UMass-gbqr_1src",2026-02-14,1.90547720625718,1.96543925120853,2728.08831909931,0.200201803347593,1.98627710135498,2.27013968832907,3955.51493228133,0.295887787512807,0.25,0.75,4
"UMass-gbqr_1src",2026-02-21,2.7716537461231,2.67464155460711,2484.54874981329,0.204592065851011,5.47376259184532,6.48044642710938,4173.90133234768,0.347526207943899,0,0.75,4
"UMass-gbqr_1src",2026-02-28,0.349667307521384,0.3996397642489,584.344174447228,0.055993540326596,0.401022384599039,0.478234160369553,1099.44326827751,0.105069454235079,0.75,1,4
"UMass-gbqr_1src",2026-03-07,0.326734189937813,0.361558218626844,631.873467516037,0.0653495061183694,0.266703566758053,0.320181092835251,883.815189580449,0.0928421648407598,0.5,1,4
"UMass-gbqr_1src",2026-03-14,0.295632189648402,0.323270813774567,628.432781260715,0.0742473369898037,0.261690634742418,0.310407156417278,956.390583374417,0.113685023800308,0.5,1,4
"UMass-gbqr_1src",2026-03-21,0.30704302469737,0.328479827351568,648.336796450313,0.092935749947235,0.288744474779853,0.340097042781553,1052.10315805757,0.150170477070967,0.5,1,4
"UMass-gbqr_1src",2026-03-28,0.529815694630375,0.614642632584087,1394.35722143142,0.331182311631987,0.444210170780479,0.561347403697998,2004.09445970568,0.468215902425605,0,0.5,4
"UMass-gbqr_1src",2026-04-04,0.485255277277538,0.560494355021117,890.45679683202,0.254028996783923,0.41562245271966,0.557630101153489,1293.68799200259,0.363529469876752,0,0.75,4
"UMass-gbqr_1src",2026-04-11,0.388514637055938,0.407707330821043,529.623068774951,0.193128419819939,0.362488172826629,0.482849086061557,816.051499075949,0.292410837026332,0.25,0.75,4
"UMass-gbqr_1src",2026-04-18,0.30005979735927,0.275260461633728,276.261989600316,0.136210532400228,0.326900815688041,0.461432758049741,414.918860312047,0.198643927444195,0.25,1,4
"UMass-gbqr_1src",2026-04-25,0.39085989348536,0.285281067344425,252.866935544667,0.153765447274651,0.844612991662525,1.11565952790554,403.302703518855,0.241122926065673,0,0.75,4
"UMass-gbqr_1src",2026-05-02,0.314864765806182,0.216508563308864,185.192914122428,0.125214436639454,1.00524511050729,1.32413583471089,304.840579761334,0.204474795713285,0,1,4
"UMass-gbqr_1src",2026-05-09,0.18466731768596,0.120134436500625,101.432739471265,0.0756529809751667,0.914917016940012,1.06894990168902,170.174565150842,0.123609852569282,0.25,1,4
"UMass-gbqr_1src",2026-05-16,0.0889762542370704,0.0608005143976773,48.2277700701233,0.0389995667710358,0.346737025631438,0.396060403448271,77.3223567158106,0.0612641127165316,0.75,1,4
"UMass-gbqr_1src",2026-05-23,0.0928094756877326,0.0643618462731452,49.1993118607158,0.041534733357008,0.322044030280393,0.369842379092788,64.4088060560787,0.0540283404627575,0.75,1,4
"UMass-gbqr_1src",2026-05-30,0.104725578544429,0.07483101327372,54.8902272782335,0.049527466362541,0.3984094927555,0.439792525596986,93.3274236779759,0.0834372266334262,0.5,1,4
"UMass-gbqr_1src",2026-06-06,0.0752292798210862,0.0522038881737012,45.3983627293648,0.0428845879922706,0.408601355406163,0.438541163736923,74.5016471357237,0.0690774084243957,0.666666666666667,1,3
"UMass-gbqr_1src",2026-06-13,0.105498892441314,0.0745377336366858,72.1186529856709,0.0768029233121128,0.587806316905857,0.620003476921923,159.58941503994,0.168512879467965,0,1,2
"UMass-gbqr_1src",2026-06-20,0.124267844267899,0.0942669589717925,93.1860250891098,0.108550809056628,0.465305718931965,0.50647015595409,142.383549993181,0.167075604219908,0,1,1
"UMass-gbqr_2src_mobsgleam_otid10",2023-10-21,1.30077725510203,0.623229786992405,290.137459624396,0.160818483712907,2.44133870811262,1.75658633636149,749.490983390573,0.41339848418006,1,1,1
"UMass-gbqr_2src_mobsgleam_otid10",2023-10-28,1.82009882218771,0.723253913773071,529.005089747122,0.238510519692224,2.96656423201788,1.86230669334325,1217.77461724334,0.547275164545026,0,1,2
"UMass-gbqr_2src_mobsgleam_otid10",2023-11-04,1.78001018983702,0.623848020739328,759.613984099299,0.252614859092507,2.35525863665749,1.24861374967577,1590.58466595602,0.521899452720326,0.333333333333333,1,3
"UMass-gbqr_2src_mobsgleam_otid10",2023-11-11,1.06604202380253,0.379703248436194,809.159897243829,0.202191792025399,1.16634074043312,0.592483494477301,1483.87700701604,0.376638285634125,0.75,1,4
"UMass-gbqr_2src_mobsgleam_otid10",2023-11-18,0.819306018803198,0.35027761470722,780.610613234653,0.178802293192529,0.887423428868073,0.50622805772386,1406.12242304146,0.32731608195463,0.75,1,4
"UMass-gbqr_2src_mobsgleam_otid10",2023-11-25,1.0466289632279,0.471484411617732,1245.01721633264,0.22118622317937,0.990240134561483,0.572787128581484,1896.0622976516,0.353631336614341,0.5,1,4
"UMass-gbqr_2src_mobsgleam_otid10",2023-12-02,0.829593157968105,0.389599859407456,1538.00063231365,0.199807193552595,0.741996248164951,0.419659597165709,2090.94542732883,0.285018591768515,0.75,1,4
"UMass-gbqr_2src_mobsgleam_otid10",2023-12-09,0.772719013069595,0.396864769645582,1766.31112562866,0.185527525944605,0.735977757769814,0.43199054937474,2489.99674897472,0.27630181553088,1,1,4
"UMass-gbqr_2src_mobsgleam_otid10",2023-12-16,0.512398402617985,0.344842638329726,1858.83037755956,0.17717761973247,0.576628967531253,0.401116742693916,2874.95052115318,0.276170796696643,0.5,1,4
"UMass-gbqr_2src_mobsgleam_otid10",2023-12-23,0.523287845725228,0.44130783349175,3642.29225136958,0.298166010447216,0.602544801564512,0.505316269315791,5237.94385095132,0.430736551878283,0.25,0.5,4
"UMass-gbqr_2src_mobsgleam_otid10",2023-12-30,0.752608604404632,0.678216807546079,7742.75095600211,0.491978147642603,0.86470313077191,0.788154860368014,10473.3758581151,0.694971310759765,0,0,4
"UMass-gbqr_2src_mobsgleam_otid10",2024-01-06,0.807177035476333,0.775261327861978,4380.06650627826,0.29994067038998,0.973781419365063,0.93960391528391,6761.84094775256,0.469468925612399,0.25,0.75,4
"UMass-gbqr_2src_mobsgleam_otid10",2024-01-13,0.686677616931579,0.770889982818726,1838.14177395816,0.13389017259637,0.716700153725893,0.84915773323596,2729.55253546506,0.210107542032579,0.5,1,4
"UMass-gbqr_2src_mobsgleam_otid10",2024-01-20,0.39764096324881,0.470333024832346,1256.70844806978,0.0937291690894356,0.457298337065278,0.595398446111885,2046.98168128845,0.166850273412766,0.5,1,4
"UMass-gbqr_2src_mobsgleam_otid10",2024-01-27,0.625781110502341,0.820879086971665,1856.7502506769,0.15473249162971,0.577479393395854,0.806607707013135,2496.01030810523,0.218887294630038,0.5,1,4
"UMass-gbqr_2src_mobsgleam_otid10",2024-02-03,1.00352827446291,1.40122393926676,2017.89676152177,0.195613240876016,1.15274177889588,1.68503860569806,3472.05823803439,0.348746854717461,0.25,1,4
"UMass-gbqr_2src_mobsgleam_otid10",2024-02-10,2.34590760605083,3.13902689774949,2222.22594194193,0.231388924142186,2.58681101506896,3.57475643362557,3862.10884549796,0.412451819974722,0,1,4
"UMass-gbqr_2src_mobsgleam_otid10",2024-02-17,3.49861102349178,4.42430491390853,1813.32889749192,0.19713649104547,4.49207159032202,5.87656820819833,3178.14065015283,0.353393315396515,0,1,4
"UMass-gbqr_2src_mobsgleam_otid10",2024-02-24,3.2448191797003,3.83874869864245,1432.76019533026,0.154314782797464,4.81529813560652,5.88345071829765,2579.64747636216,0.28149968037544,0,1,4
"UMass-gbqr_2src_mobsgleam_otid10",2024-03-02,2.80277852969603,3.07174576287197,1298.67786989083,0.137086986670688,5.57525087873223,6.34318385287261,2392.15200807385,0.257226332588528,0,1,4
"UMass-gbqr_2src_mobsgleam_otid10",2024-03-09,0.482832567774908,0.526711348301484,341.064815486953,0.0372942316381395,0.601884454038184,0.669348382358604,652.454038721584,0.0723632311278153,1,1,4
"UMass-gbqr_2src_mobsgleam_otid10",2024-03-16,0.536374166697403,0.566423559197714,926.842334873843,0.11355395129715,0.529715065400657,0.567337968208463,1451.86305388774,0.17950767004062,0,1,4
"UMass-gbqr_2src_mobsgleam_otid10",2024-03-23,0.689208143811501,0.725593147586284,1380.36065765574,0.191642201192611,0.64456515653648,0.688337079625765,2024.92835903477,0.282104253841113,0,0.75,4
"UMass-gbqr_2src_mobsgleam_otid10",2024-03-30,0.705797473890736,0.737752218052122,1149.61903597773,0.170540191656711,0.640866433340633,0.685476485939982,1667.35485695945,0.246635823733297,0,0.75,4
"UMass-gbqr_2src_mobsgleam_otid10",2024-04-06,0.584750290075675,0.622373607328623,647.55290938849,0.11354185930865,0.519998582824633,0.584954233353187,950.48898671466,0.167677082199371,0,0.75,4
"UMass-gbqr_2src_mobsgleam_otid10",2024-04-13,0.297038717069544,0.303077855895526,340.195015146395,0.0744992404193833,0.184015284607861,0.203823002739726,379.478779212456,0.0826065127543765,0.75,1,4
"UMass-gbqr_2src_mobsgleam_otid10",2024-04-20,0.310275118982006,0.336348305949016,396.110234739015,0.118434473007839,0.269629142665399,0.33007212582669,566.431571550779,0.175091485235991,0,1,4
"UMass-gbqr_2src_mobsgleam_otid10",2024-04-27,0.343805880028639,0.380462597002724,389.503795029301,0.138964667198582,0.274616524602978,0.341214659324551,523.047668380815,0.189597569012423,0.25,1,4
"UMass-gbqr_2src_mobsgleam_otid10",2024-05-04,0.560320315389865,0.639158565066339,700.271507227513,0.351737073071817,0.47950607817266,0.596569524027951,1001.69767261575,0.501010413612789,0,0.75,4
"UMass-gbqr_2src_mobsgleam_otid10",2024-05-11,0.666688489964584,0.834143103833161,882.227170246346,0.655288338376761,0.535312910820657,0.686663095484798,1219.10551770163,0.876601122566287,0,0.333333333333333,3
"UMass-gbqr_2src_mobsgleam_otid10",2024-05-18,0.649750940324034,0.80519392549411,729.7592842988,0.669676901438458,0.509708925848937,0.667447459072946,1015.03436121329,0.909227593868323,0,0.5,2
"UMass-gbqr_2src_mobsgleam_otid10",2024-05-25,0.61596316363619,0.732080498893548,619.090883952124,0.636689452302516,0.491260491511759,0.651761781745778,881.812582263608,0.893320299519141,0,1,1
"UMass-gbqr_2src_mobsgleam_otid10",2024-11-30,0.438071748931605,0.368046872533352,289.844077769307,0.0720208811754051,0.501212182598011,0.468254693989739,516.749760258549,0.123793282848615,1,1,1
"UMass-gbqr_2src_mobsgleam_otid10",2024-12-07,0.638701999402007,0.519521791445058,1128.18960461415,0.205957737384316,0.688795306267727,0.621469331984174,1902.7970335646,0.345444433268484,0,1,2
"UMass-gbqr_2src_mobsgleam_otid10",2024-12-14,0.685110072764373,0.554041183770227,2369.97952991583,0.315404797549648,0.716005816903152,0.625160392365442,3664.9951081216,0.493468112538578,0,1,3
"UMass-gbqr_2src_mobsgleam_otid10",2024-12-21,0.736068122596092,0.602225481151579,6137.18567229292,0.539691198077487,0.77045733830818,0.661590322015231,8144.88975192492,0.749607983768538,0,0,4
"UMass-gbqr_2src_mobsgleam_otid10",2024-12-28,0.763784605906992,0.631506577772521,14216.3332472551,0.749709041066213,0.793796972350767,0.671220720424596,16543.3242515193,0.928566603105836,0,0,4
"UMass-gbqr_2src_mobsgleam_otid10",2025-01-04,0.675464558172572,0.555511632741719,16342.4387815332,0.605964605580905,0.735783513226437,0.608512587425864,19450.6211180192,0.760123279805728,0,0.25,4
"UMass-gbqr_2src_mobsgleam_otid10",2025-01-11,0.614762817942377,0.441990775024958,6864.755555114,0.231208865468479,0.801058516193842,0.563910899000623,10668.6975832986,0.363063166724168,0,0.75,4
"UMass-gbqr_2src_mobsgleam_otid10",2025-01-18,0.858509900228742,0.580246355341481,6026.83514880661,0.163753447921128,1.08599159481971,0.712480169085148,9756.81998575894,0.261212639779181,0.25,0.75,4
"UMass-gbqr_2src_mobsgleam_otid10",2025-01-25,0.665178990129302,0.498728145847099,5388.92146338669,0.115112695893746,0.830931350032809,0.608812574018049,8975.44346593772,0.189901051854746,0.666666666666667,1,3
"UMass-gbqr_2src_mobsgleam_otid10",2025-02-01,0.46758635739164,0.419046448561207,7310.58143480753,0.151513085008336,0.586859591732884,0.505620139219995,10927.1299782024,0.222531040034918,0.333333333333333,0.666666666666667,3
"UMass-gbqr_2src_mobsgleam_otid10",2025-02-08,0.480195827993183,0.445161172812007,7264.62636848647,0.149349227816538,0.586416787724743,0.522212698107717,10571.3354323139,0.213654016524528,0.333333333333333,0.333333333333333,3
"UMass-gbqr_2src_mobsgleam_otid10",2025-02-15,0.650701391998429,0.635145770492784,2181.97406178279,0.0498841680751661,0.681953314652038,0.638629574310173,3087.42997320133,0.0685774703424714,0.666666666666667,1,3
"UMass-gbqr_2src_mobsgleam_otid10",2025-02-22,0.670807308729417,0.695330129412778,2522.68470297794,0.062022642776903,0.58707613302265,0.5969314533168,3405.9221857309,0.0819371667465822,0.25,1,4
"UMass-gbqr_2src_mobsgleam_otid10",2025-03-01,0.376729763700358,0.422230884227566,3111.7990272112,0.0922559903277739,0.412072213556374,0.467744885184498,4621.18383892796,0.136604948474557,0.25,0.75,4
"UMass-gbqr_2src_mobsgleam_otid10",2025-03-08,0.217749678192729,0.284700366587886,2316.58727642297,0.0949837124440742,0.242598634472025,0.331119285843132,3336.76226818685,0.139860414584238,0.25,1,4
"UMass-gbqr_2src_mobsgleam_otid10",2025-03-15,0.205946882968992,0.307232712974575,2009.85152462123,0.117575366826179,0.244500448808694,0.376962917593007,3154.54479052977,0.18583133165983,0.25,1,4
"UMass-gbqr_2src_mobsgleam_otid10",2025-03-22,0.223711753775032,0.362784053650199,1892.35243602822,0.15394660168208,0.285385983482002,0.476972091339684,3303.69949128353,0.269471386674292,0,1,4
"UMass-gbqr_2src_mobsgleam_otid10",2025-03-29,0.198710114839498,0.348796384487258,1380.86391066046,0.161522482829575,0.257836337371098,0.467011166254571,2570.69274267419,0.30123482990854,0,1,4
"UMass-gbqr_2src_mobsgleam_otid10",2025-04-05,0.168701946849829,0.31142352282061,892.547484381575,0.150519958418995,0.212910393115906,0.404094751856153,1725.37259821302,0.289443262455043,0,1,4
"UMass-gbqr_2src_mobsgleam_otid10",2025-04-12,0.18238084214327,0.337028730677521,683.373442741083,0.159843207055545,0.216183307962563,0.421442882346014,1323.09589055787,0.305706522395545,0,1,4
"UMass-gbqr_2src_mobsgleam_otid10",2025-04-19,0.328186838940102,0.586454165105091,770.698704744428,0.242464459545662,0.340423211398188,0.684116648749958,1368.16088660932,0.425790514414313,0,1,4
"UMass-gbqr_2src_mobsgleam_otid10",2025-04-26,0.484523171255347,0.820226943040882,918.314800299274,0.37585081540813,0.480678284731712,1.00426196213669,1560.44193833405,0.638046789934571,0,1,3
"UMass-gbqr_2src_mobsgleam_otid10",2025-05-03,0.534868189690039,0.760205493328435,634.32700708003,0.353357827431341,0.593748004693752,1.21764159181662,1117.82957683677,0.605985484399882,0,1,3
"UMass-gbqr_2src_mobsgleam_otid10",2025-05-10,0.592678055991059,0.655155368653485,451.437635630793,0.292347239783531,0.888203914705502,1.61728659196824,802.344202950636,0.500079489894094,0,1,3
"UMass-gbqr_2src_mobsgleam_otid10",2025-05-17,0.461100408686037,0.368945301089484,259.3934382554,0.168318199890919,1.11445849175075,1.50374359056329,466.586621879647,0.285302073647138,0,1,3
"UMass-gbqr_2src_mobsgleam_otid10",2025-05-24,0.353542966943694,0.302067511368458,274.536771358897,0.200558571801631,0.842348501023771,1.19209750909157,483.22725675397,0.327620825277288,0,1,3
"UMass-gbqr_2src_mobsgleam_otid10",2025-05-31,0.477082220978196,0.343238059197265,386.051510669189,0.271544340122959,2.52251007694103,3.37021201614605,644.501324658432,0.427831883025644,0,1,2
"UMass-gbqr_2src_mobsgleam_otid10",2025-06-07,0.267456749770766,0.205791099275047,236.654337327383,0.197862039607091,0.979575241355745,1.29974310827782,422.196929024326,0.321648259732484,0,1,1
"UMass-gbqr_2src_mobsgleam_otid10",2025-11-22,0.373238920373913,0.251786531192181,337.535372084319,0.107282831669244,0.501876847435314,0.439924824119712,707.646354883793,0.220162225967824,0,1,1
"UMass-gbqr_2src_mobsgleam_otid10",2025-11-29,0.374217228589607,0.243374832404032,558.342158536989,0.126827592484548,0.418955802922253,0.34356817024528,1032.88839588624,0.228506613142433,0.5,1,2
"UMass-gbqr_2src_mobsgleam_otid10",2025-12-06,0.37122978133018,0.220870728055644,907.096049322096,0.148560933368055,0.429738148239155,0.327908267328018,1757.48694438809,0.276677197506145,0.666666666666667,1,3
"UMass-gbqr_2src_mobsgleam_otid10",2025-12-13,0.413666461373916,0.249408886182876,1788.76381955243,0.209897743663097,0.493419627490412,0.364467781100457,3437.67282402427,0.387796427001653,0.5,1,4
"UMass-gbqr_2src_mobsgleam_otid10",2025-12-20,0.499869874910744,0.353232910018374,5854.99727866066,0.384241921984849,0.657850796675206,0.495212482173867,9930.21807330389,0.659216403775886,0,0.75,4
"UMass-gbqr_2src_mobsgleam_otid10",2025-12-27,0.554245411918899,0.411580764861864,13520.8033290906,0.521320171489296,0.695422288176676,0.528598592281459,19292.2312630253,0.779339931323983,0,0,4
"UMass-gbqr_2src_mobsgleam_otid10",2026-01-03,0.435309919735481,0.333510055641796,9642.46332531396,0.312159894878338,0.583323083652193,0.445210597534751,14841.3136354646,0.490177015171989,0.25,0.75,4
"UMass-gbqr_2src_mobsgleam_otid10",2026-01-10,0.578692659133357,0.387414435878549,4976.44291231208,0.152622097338611,0.834933828943774,0.565052169557319,9706.10481120483,0.295319220278058,0.5,1,4
"UMass-gbqr_2src_mobsgleam_otid10",2026-01-17,1.61766154917639,1.47620217358185,12700.1136351332,0.455158806892076,1.92127648621427,1.73268664443319,19487.1812771803,0.671960943670714,0,0.5,4
"UMass-gbqr_2src_mobsgleam_otid10",2026-01-24,1.46962980386668,1.33928387913344,13730.5681978918,0.527738793098212,1.62866083016031,1.45080069091448,20333.8376107734,0.740735088059103,0.25,0.25,4
"UMass-gbqr_2src_mobsgleam_otid10",2026-01-31,1.39212235296184,1.27623526343522,9642.92941753189,0.401170929282481,1.5343775189273,1.37440174918213,14595.7027724649,0.579338463292233,0,0.5,4
"UMass-gbqr_2src_mobsgleam_otid10",2026-02-07,1.72059376616129,1.53841779495561,4470.65502965547,0.22118628047429,1.81906992256319,1.61688751473437,7412.52932304958,0.353496945817522,0,0.5,4
"UMass-gbqr_2src_mobsgleam_otid10",2026-02-14,1.87902321075027,1.81450180843423,2677.71214608422,0.183020460342064,1.93698660833701,1.99154098716001,3999.81439200913,0.267027342896604,0.25,0.5,4
"UMass-gbqr_2src_mobsgleam_otid10",2026-02-21,2.87957386924222,2.66170289538311,2561.37396970933,0.201509749891981,4.80637173895905,5.39055407087702,3657.90148551284,0.287756742438951,0,0.25,4
"UMass-gbqr_2src_mobsgleam_otid10",2026-02-28,0.494484035826735,0.58693606164303,834.188049472964,0.0830326939273457,0.516729802116133,0.634770347019398,1421.19307229825,0.139994423567755,0.25,1,4
"UMass-gbqr_2src_mobsgleam_otid10",2026-03-07,0.317261374427379,0.385602445968197,604.166280343683,0.0684158971684863,0.294316683753716,0.382096789623635,953.283045009472,0.107902715546702,0.25,1,4
"UMass-gbqr_2src_mobsgleam_otid10",2026-03-14,0.131909475472107,0.161553264378774,283.039453860769,0.0373758523002209,0.0934438482598045,0.125543045117853,341.57243083025,0.0458931511752927,1,1,4
"UMass-gbqr_2src_mobsgleam_otid10",2026-03-21,0.119544453216166,0.140510990923659,257.593569211031,0.0405328989785414,0.0708305525456684,0.0934875267732107,260.277183636791,0.0415099313504887,0.75,1,4
"UMass-gbqr_2src_mobsgleam_otid10",2026-03-28,0.405201723131243,0.491402697981687,1045.89647205165,0.260630581530029,0.366452804915616,0.483693057947174,1623.03882950886,0.397676549734068,0,0.25,4
"UMass-gbqr_2src_mobsgleam_otid10",2026-04-04,0.239524330411427,0.29062750639381,434.803792674131,0.130616721158942,0.263495666630468,0.379628110230009,811.16124956454,0.245453491748175,0.25,1,4
"UMass-gbqr_2src_mobsgleam_otid10",2026-04-11,0.17132334452075,0.196284326356872,233.547946006482,0.0929786612087268,0.167856323936623,0.24429520751061,377.886549262323,0.147943877645845,0.75,1,4
"UMass-gbqr_2src_mobsgleam_otid10",2026-04-18,0.197270270277259,0.213773087271225,181.624722256728,0.10578397586501,0.162156659285008,0.263247162571417,205.817339797497,0.11332626336011,0.75,1,4
"UMass-gbqr_2src_mobsgleam_otid10",2026-04-25,0.446200777141531,0.35825281182935,288.669738271967,0.193096949479069,0.939024508394671,1.27045337154171,448.384202758455,0.274577885738339,0,1,4
"UMass-gbqr_2src_mobsgleam_otid10",2026-05-02,0.369002650634972,0.277875411821257,217.035005536491,0.160705020694812,0.996846509347124,1.3138238841668,302.293703959515,0.202882410758786,0,1,4
"UMass-gbqr_2src_mobsgleam_otid10",2026-05-09,0.235191761795513,0.172062976120277,129.184443673792,0.108354252436937,0.870997926809038,1.02394191161993,162.005614386481,0.118405276556796,0.25,1,4
"UMass-gbqr_2src_mobsgleam_otid10",2026-05-16,0.145686753731348,0.1144061117939,78.9665436184526,0.073384063278439,0.481413637573821,0.536658147526646,107.355241178962,0.0830123005331223,0.5,1,4
"UMass-gbqr_2src_mobsgleam_otid10",2026-05-23,0.124555668779795,0.101036167318483,66.0283138861343,0.0652018317059718,0.361673519415596,0.401206243312876,72.3347038831192,0.0586101234873726,0.75,1,4
"UMass-gbqr_2src_mobsgleam_otid10",2026-05-30,0.175181605358665,0.134973587894678,91.8186203098755,0.0893332796367839,0.680707504303209,0.734630601534935,159.455732883027,0.139373764728985,0.25,1,4
"UMass-gbqr_2src_mobsgleam_otid10",2026-06-06,0.124691247430139,0.095066785928666,75.2470114491745,0.0780957144941946,0.662042213136114,0.699538662735246,120.712363528485,0.110188784794228,0.333333333333333,1,3
"UMass-gbqr_2src_mobsgleam_otid10",2026-06-13,0.173524865049827,0.128461796737491,118.620956460517,0.132365729973172,0.771460028996256,0.796949313367957,209.451397872484,0.216605597524035,0,1,2
"UMass-gbqr_2src_mobsgleam_otid10",2026-06-20,0.176346790956298,0.144835031635117,132.239008274827,0.166781235283497,0.748786806284326,0.778090497376241,229.128762723004,0.256678381655105,0,1,1
"UMass-gbqr_2src_mobsgleam_otid50",2023-12-16,0.720069097494215,0.553805526957482,1565.18131684862,0.174214738924237,0.820510967342875,0.64177062861784,2448.88153535725,0.271639394075464,0,1,1
"UMass-gbqr_2src_mobsgleam_otid50",2023-12-23,0.684593525981035,0.59396109628204,5619.46042358294,0.464838130854295,0.765350720779274,0.666814434129793,7116.01773260902,0.600820714680104,0,0,1
"UMass-gbqr_2src_mobsgleam_otid50",2023-12-30,0.731472068469445,0.660861853859175,10186.3329865419,0.674322749281708,0.839945274777415,0.766477354554388,12829.795839837,0.893217043081462,0,0,1
"UMass-gbqr_2src_mobsgleam_otid50",2024-01-06,0.759432978816387,0.702720282438944,7499.90023209866,0.544846966449893,0.942202409212863,0.882892678416245,11038.8220353572,0.831263363714605,0,1,1
"UMass-gbqr_2src_mobsgleam_otid50",2024-02-24,3.50797849649956,4.31273484486087,675.971209512722,0.0667633221847206,6.18235301993403,7.82518975789206,1427.55028154252,0.140707849679284,0,1,1
"UMass-gbqr_2src_mobsgleam_otid50",2024-03-02,2.57833420812082,2.91434511830668,743.169818507172,0.0744624554836317,6.53973936851724,7.69869860699618,1776.69974729342,0.179281351197099,0,1,1
"UMass-gbqr_2src_mobsgleam_otid50",2024-03-09,0.556373576349418,0.593348471992619,374.594012859612,0.0398877352511911,0.600143108008903,0.660486321670049,546.081398792323,0.0596533530586196,1,1,1
"UMass-gbqr_2src_mobsgleam_otid50",2024-03-16,0.621862719900334,0.621422309106751,1083.18750012505,0.13077178072126,0.759745313142912,0.768004468292302,1645.0642699229,0.202524603508756,0,1,1
"UMass-gbqr_2src_mobsgleam_otid50",2024-04-13,0.318990282417499,0.359496211273143,185.37119636334,0.0463065229163851,0.181291896726411,0.223688507579945,179.545212976394,0.044981276691491,1,1,1
"UMass-gbqr_2src_mobsgleam_otid50",2024-04-20,0.1971669357664,0.214468234239879,230.523643171845,0.0702801577658115,0.1682335591088,0.212045838247339,356.417207641874,0.113447627412283,0.5,1,2
"UMass-gbqr_2src_mobsgleam_otid50",2024-04-27,0.220702358028268,0.246769322599905,298.004606007211,0.106940102534772,0.206799943196779,0.266738310049081,507.585467769436,0.188830305968699,0,1,2
"UMass-gbqr_2src_mobsgleam_otid50",2024-05-04,0.436524327551485,0.514042497080776,619.795151409302,0.314802208673797,0.397199171476295,0.51572159068812,934.732513514563,0.476336516869107,0,0.666666666666667,3
"UMass-gbqr_2src_mobsgleam_otid50",2024-05-11,0.548153261722478,0.711440686311706,781.855041464062,0.591190534668433,0.463019602966842,0.623179485362399,1124.29862284396,0.82864916688117,0,0.5,2
"UMass-gbqr_2src_mobsgleam_otid50",2024-05-18,0.461694411725806,0.596278480238343,493.887213384958,0.485071728136586,0.403918359265302,0.567145838881929,786.244064802292,0.766792794189199,0,1,1
"UMass-gbqr_2src_mobsgleam_otid50",2024-05-25,0.455514824809213,0.566866363677633,457.827825092143,0.493002935010719,0.425598524074292,0.591756201169396,763.949350713353,0.811075214405785,0,1,1
"UMass-gbqr_2src_mobsgleam_otid50",2024-11-30,0.404828096685173,0.340704278917603,267.848877780834,0.0666703733113592,0.458618777259522,0.426129590077737,472.835959354567,0.112656598111569,1,1,1
"UMass-gbqr_2src_mobsgleam_otid50",2024-12-07,0.65006561164512,0.529854301736822,1148.26204718604,0.210053928297257,0.695770868548504,0.628844594786086,1922.06702436524,0.349543981464496,0,1,2
"UMass-gbqr_2src_mobsgleam_otid50",2024-12-14,0.70964005268678,0.575101019520774,2454.83531090118,0.327393749681561,0.730319523481151,0.639130064805854,3738.26220085885,0.504495023354007,0,0.666666666666667,3
"UMass-gbqr_2src_mobsgleam_otid50",2024-12-21,0.760609733571561,0.623934534290516,6341.80861224909,0.559146012369431,0.787685136150242,0.680969136966039,8327.01341681228,0.771564947042806,0,0,4
"UMass-gbqr_2src_mobsgleam_otid50",2024-12-28,0.781496716145842,0.652027129966724,14546.0089957845,0.774070534753151,0.812265933685463,0.696215162412809,16928.2312574553,0.963143908882153,0,0,4
"UMass-gbqr_2src_mobsgleam_otid50",2025-01-04,0.711374712760395,0.589008708633603,17211.2623132587,0.642503970707714,0.769068602099389,0.642917311914708,20330.5207636479,0.803099929031507,0,0,4
"UMass-gbqr_2src_mobsgleam_otid50",2025-01-11,0.616571730705486,0.449540011542065,6884.95479875211,0.235157930718031,0.786744422311727,0.564573090119681,10478.0589024532,0.363489505716885,0,0.25,4
"UMass-gbqr_2src_mobsgleam_otid50",2025-01-18,0.889325923522076,0.598295624455859,6243.16706563276,0.168847198226886,1.13823355673627,0.755998139257578,10226.1748321079,0.277167391026739,0.25,0.75,4
"UMass-gbqr_2src_mobsgleam_otid50",2025-01-25,0.768935031496152,0.556251842711295,6229.49695746411,0.128389884837163,0.898025110315193,0.632495049283339,9700.16789992128,0.197288098632905,0.666666666666667,1,3
"UMass-gbqr_2src_mobsgleam_otid50",2025-02-01,0.470583391476206,0.401251462375952,7357.43922137841,0.145079017224523,0.580933331852441,0.474302232707861,10816.7849946485,0.208747557599641,0.333333333333333,0.666666666666667,3
"UMass-gbqr_2src_mobsgleam_otid50",2025-02-08,0.40229664482325,0.364927843552948,6086.1312064088,0.122431368618941,0.438533024997619,0.384175341952092,7905.43484163207,0.157178492892215,0.333333333333333,0.333333333333333,3
"UMass-gbqr_2src_mobsgleam_otid50",2025-02-15,0.625818223366199,0.588360454973015,2098.53420872862,0.0462096627076391,0.766764622186223,0.702510760486287,3471.39903284442,0.0754371748200888,0.333333333333333,1,3
"UMass-gbqr_2src_mobsgleam_otid50",2025-02-22,0.744905974470352,0.753159778936432,2801.3453081073,0.0671809805830732,0.648569654251264,0.65045082469726,3762.67684913871,0.0892834468472654,0.25,1,4
"UMass-gbqr_2src_mobsgleam_otid50",2025-03-01,0.399551314780071,0.445007827623363,3300.30571633436,0.097232673815679,0.417051046494561,0.472813335802712,4677.01896091325,0.138085190070944,0.25,0.75,4
"UMass-gbqr_2src_mobsgleam_otid50",2025-03-08,0.198462306539431,0.261781298047901,2111.39349547914,0.0873372937134682,0.221866025671454,0.302670513833207,3051.60078359159,0.127844028895349,0.25,1,4
"UMass-gbqr_2src_mobsgleam_otid50",2025-03-15,0.192729608486537,0.286948095650081,1880.86312291816,0.109812614937667,0.221446402908277,0.33639914879424,2857.10149032259,0.165834618929707,0.25,1,4
"UMass-gbqr_2src_mobsgleam_otid50",2025-03-22,0.219273738407949,0.353729601134336,1854.81176572676,0.150104365010198,0.260604593014416,0.429062848885146,3016.82391988313,0.242404457113532,0,1,4
"UMass-gbqr_2src_mobsgleam_otid50",2025-03-29,0.200159667295681,0.349299728979447,1390.93704999194,0.161755574271209,0.248170862962906,0.444854407952654,2474.32554645591,0.286943121699653,0,1,4
"UMass-gbqr_2src_mobsgleam_otid50",2025-04-05,0.175162615006661,0.321991712893895,926.728791820416,0.155627869073872,0.203952252889071,0.382376720353079,1652.77806934981,0.273887163635455,0,1,4
"UMass-gbqr_2src_mobsgleam_otid50",2025-04-12,0.190751106187207,0.356271321793592,714.736474565796,0.168969424484748,0.211512460183858,0.411814163199352,1294.50913444026,0.298722035603257,0,1,4
"UMass-gbqr_2src_mobsgleam_otid50",2025-04-19,0.336288788046175,0.606332190541194,789.724945108368,0.250682859176835,0.348816238965595,0.703719921507327,1401.89246440273,0.437991485706001,0,1,4
"UMass-gbqr_2src_mobsgleam_otid50",2025-04-26,0.483710709933943,0.825440264582636,916.774945653763,0.378239704445582,0.486705752912591,1.02140507360836,1580.00910920524,0.648938477219749,0,1,3
"UMass-gbqr_2src_mobsgleam_otid50",2025-05-03,0.56224978175878,0.810307468215058,666.800210162301,0.376646168743429,0.642764775155867,1.32986498612067,1210.11181669345,0.661835866331136,0,1,3
"UMass-gbqr_2src_mobsgleam_otid50",2025-05-10,0.681128163492065,0.782154520019326,518.809300564084,0.349017539888012,1.05218727655039,1.93633343560521,950.475839817182,0.598731629601829,0,1,3
"UMass-gbqr_2src_mobsgleam_otid50",2025-05-17,0.59742891338687,0.511770989582833,336.085453487694,0.233477351435583,1.58221510138311,2.27712259918605,662.420722445729,0.432033628321688,0,1,3
"UMass-gbqr_2src_mobsgleam_otid50",2025-05-24,0.428670758382526,0.399461767386062,332.87576613298,0.265223761381541,1.12926462591685,1.69609734004653,647.821473734301,0.466133689617479,0,1,3
"UMass-gbqr_2src_mobsgleam_otid50",2025-05-31,0.538453975182181,0.421351066022114,435.713093895425,0.333341522355258,3.14345850041448,4.48022390486939,803.153646855899,0.568742447185469,0,1,2
"UMass-gbqr_2src_mobsgleam_otid50",2025-06-07,0.312486358221608,0.261089738384884,276.497983663395,0.251030041334635,1.23734262156361,1.72475612531082,533.294669893914,0.426826503357452,0,1,1
"UMass-gbqr_2src_mobsgleam_otid50",2025-11-22,0.372659567652027,0.255226930898776,337.011439488131,0.108748739400089,0.536854015107107,0.474519108144939,756.964161301021,0.237475080708398,0,1,1
"UMass-gbqr_2src_mobsgleam_otid50",2025-11-29,0.454933028104483,0.299207677033524,686.820204182365,0.157851048180276,0.580159153330853,0.484627642814551,1460.69488694113,0.329361859054778,0.5,1,2
"UMass-gbqr_2src_mobsgleam_otid50",2025-12-06,0.495413602004916,0.300435260453207,1215.88046296886,0.203161525107193,0.603420100937125,0.480152296393032,2486.71361778391,0.409064346157525,0,1,3
"UMass-gbqr_2src_mobsgleam_otid50",2025-12-13,0.547981919605325,0.336407931551462,2373.31378996258,0.283771214739511,0.639130775404114,0.494812744613088,4453.78649615583,0.527199804037567,0,1,4
"UMass-gbqr_2src_mobsgleam_otid50",2025-12-20,0.632128049319445,0.468001912900168,7395.24865769894,0.508491371457144,0.750775472767579,0.605714212031546,11327.7932372094,0.806516526849661,0,0.75,4
"UMass-gbqr_2src_mobsgleam_otid50",2025-12-27,0.65107615856264,0.507963857369221,15882.9870358465,0.643401800672011,0.758158588403517,0.611966128859558,21032.6460198433,0.902252953000799,0,0,4
"UMass-gbqr_2src_mobsgleam_otid50",2026-01-03,0.512006675180282,0.403854628276318,11327.9173485954,0.377580200054964,0.631621633606003,0.50000211999603,16063.3772558839,0.550251269739273,0.25,0.5,4
"UMass-gbqr_2src_mobsgleam_otid50",2026-01-10,0.764102435713004,0.497074776836766,6673.25750731995,0.19790932925586,1.02504635336448,0.670589554447175,12096.7833987032,0.353610279357301,0.25,1,4
"UMass-gbqr_2src_mobsgleam_otid50",2026-01-17,1.78699272791486,1.56278139900183,14433.5542498098,0.491959982953671,2.16105681768484,1.85074711137576,22510.6081595033,0.730334967287244,0,0.5,4
"UMass-gbqr_2src_mobsgleam_otid50",2026-01-24,1.61638125454888,1.40089691944669,15498.2312020205,0.561175312036753,1.82873785238447,1.53078286596384,23335.7835477745,0.790382301649743,0.25,0.25,4
"UMass-gbqr_2src_mobsgleam_otid50",2026-01-31,1.4665300576704,1.31667512525801,10276.6776292223,0.416418518315634,1.60158679516669,1.40384902860513,15314.6018662698,0.592301491443421,0,0.5,4
"UMass-gbqr_2src_mobsgleam_otid50",2026-02-07,1.7478914082325,1.6099161906008,4549.60009232346,0.232265993412059,1.8688379167816,1.6999702218692,7618.62733734729,0.372267634764577,0,1,4
"UMass-gbqr_2src_mobsgleam_otid50",2026-02-14,2.06415998358243,2.0374356207699,2945.20457016486,0.206051594837096,2.15329779316838,2.29730899468246,4402.99022051545,0.305456193130418,0.25,0.5,4
"UMass-gbqr_2src_mobsgleam_otid50",2026-02-21,3.21028615366486,3.0100780190837,2861.4916537699,0.228379498047816,5.34853016286134,6.11407651687009,4060.40071136443,0.325570725390702,0,0.25,4
"UMass-gbqr_2src_mobsgleam_otid50",2026-02-28,0.642062246241466,0.776560039139972,1080.33899687638,0.10956256605779,0.668638504206825,0.844449785878517,1832.1259676082,0.185520322496821,0.25,1,4
"UMass-gbqr_2src_mobsgleam_otid50",2026-03-07,0.409576898494955,0.511292800420305,778.504572853187,0.090531907868349,0.414263897783628,0.552521326825768,1338.76350808694,0.155671270020361,0.25,1,4
"UMass-gbqr_2src_mobsgleam_otid50",2026-03-14,0.155432317614369,0.196764595203183,332.866992453882,0.0454087183919593,0.153278037607487,0.214465034513337,558.282380287011,0.0781035473378844,0.75,1,4
"UMass-gbqr_2src_mobsgleam_otid50",2026-03-21,0.102406130470876,0.124025720542366,220.197068247158,0.0356807993831021,0.0218032768140955,0.0295058539205583,82.3550358695011,0.0134564194411548,1,1,4
"UMass-gbqr_2src_mobsgleam_otid50",2026-03-28,0.344660715991693,0.426055256890639,890.786125396798,0.226221694096397,0.313251403782136,0.424911983521706,1389.92344528642,0.349873462967905,0,0.5,4
"UMass-gbqr_2src_mobsgleam_otid50",2026-04-04,0.18088798505644,0.226626289956941,328.175825844744,0.101739913269899,0.197419722011483,0.29928978683995,607.412213109852,0.193327959991849,0.25,1,4
"UMass-gbqr_2src_mobsgleam_otid50",2026-04-11,0.140280668671204,0.171631103160057,191.230577036787,0.0813005831376729,0.110686587560471,0.177083739991381,249.183180245511,0.107240970583574,1,1,4
"UMass-gbqr_2src_mobsgleam_otid50",2026-04-18,0.239962433085497,0.270969827044089,220.93096035174,0.134087344717112,0.252487406095312,0.428204175695752,320.469640186474,0.184339229767122,0.75,1,4
"UMass-gbqr_2src_mobsgleam_otid50",2026-04-25,0.571498629133589,0.474608845070162,369.731224476224,0.255812423944035,1.29315768487351,1.8392997603103,617.4827945271,0.397520326788677,0,1,4
"UMass-gbqr_2src_mobsgleam_otid50",2026-05-02,0.518171651063989,0.410093116686387,304.771217670129,0.237171120582193,1.64472128095741,2.33343934883029,498.761728450336,0.360332770742959,0,1,4
"UMass-gbqr_2src_mobsgleam_otid50",2026-05-09,0.364501320028642,0.28113562742589,200.210670164558,0.177041228915089,1.69380740455345,2.12481763762705,315.048177246942,0.245706926497382,0,1,4
"UMass-gbqr_2src_mobsgleam_otid50",2026-05-16,0.215766705552848,0.185284720968235,116.951957052102,0.118848070919108,0.776428024299728,0.957743008612482,173.143449418839,0.148147290469467,0.25,1,4
"UMass-gbqr_2src_mobsgleam_otid50",2026-05-23,0.174372446381493,0.152629660834288,92.4367291795077,0.0984967435243984,0.609061920408739,0.724769447449216,121.812384081748,0.105877781123527,0.5,1,4
"UMass-gbqr_2src_mobsgleam_otid50",2026-05-30,0.120021321544663,0.114168469871286,62.9072449098536,0.07556325651411,0.261991234489629,0.296056555566705,61.3714466791955,0.0561677074652402,1,1,4
"UMass-gbqr_2src_mobsgleam_otid50",2026-06-06,0.0903186915879252,0.0895746227894857,54.5043197502599,0.0735839978069932,0.23998045360338,0.268644232223137,43.7564360403497,0.0423158619637999,1,1,3
"UMass-gbqr_2src_mobsgleam_otid50",2026-06-13,0.126079369733612,0.109138627005478,86.1873912044004,0.112455332236792,0.476584178526247,0.511553872567932,129.392604469876,0.139036988142998,1,1,2
"UMass-gbqr_2src_mobsgleam_otid50",2026-06-20,0.136344514874104,0.11900388151356,102.242084094017,0.137036006678029,0.56536178258797,0.605142737829641,173.000705471919,0.199625955001664,0,1,1
"UMass-gbqr_2src_nihflu_otid10",2023-10-21,0.726056896578725,0.36953965816296,161.94648444987,0.0953561731770654,0.861707413222191,0.705811733191247,264.544175859213,0.166107121852117,1,1,1
"UMass-gbqr_2src_nihflu_otid10",2023-10-28,1.93633950831078,0.81201839756992,562.790021556973,0.267782761096564,2.47546690519759,1.63969738775364,1016.17916458361,0.481857075901905,0,1,2
"UMass-gbqr_2src_nihflu_otid10",2023-11-04,2.14144805776711,0.770184871229892,913.856504973781,0.311871058740148,2.4547025359539,1.35027609704564,1657.74244594753,0.56439259639136,0,1,3
"UMass-gbqr_2src_nihflu_otid10",2023-11-11,1.3265900245571,0.452409005131749,1006.92413993817,0.240907571512092,1.54000168875448,0.72979419596228,1959.26714851789,0.463925893961757,0.25,1,4
"UMass-gbqr_2src_nihflu_otid10",2023-11-18,0.916529187649994,0.37647518457506,873.241981383242,0.192175073443863,1.19040292188298,0.617602646187302,1886.19342972358,0.399328475121997,0.25,1,4
"UMass-gbqr_2src_nihflu_otid10",2023-11-25,1.04441435837595,0.474121091560748,1242.38283369569,0.222423161801216,1.45761184602307,0.7918571810932,2790.96228217268,0.488882342819295,0.5,1,4
"UMass-gbqr_2src_nihflu_otid10",2023-12-02,0.832235464331171,0.386616910053781,1542.89926101873,0.198277381042463,1.26049414572931,0.654709452040402,3552.07250266521,0.444656496118228,0.75,1,4
"UMass-gbqr_2src_nihflu_otid10",2023-12-09,0.781985423886976,0.383343269503995,1787.49264730025,0.179206454737986,1.29549035999432,0.667897207782024,4382.96776045078,0.427188074751363,0.75,1,4
"UMass-gbqr_2src_nihflu_otid10",2023-12-16,0.555352455431198,0.353284728737092,2012.57706575135,0.180799206903437,0.798311667340307,0.494983961433279,4104.7648106234,0.348618370718068,0.5,1,4
"UMass-gbqr_2src_nihflu_otid10",2023-12-23,0.566484991379777,0.461868521500631,3973.85471078063,0.313920838765934,0.565559643579235,0.463046724012691,4904.8943494122,0.393411260995773,0.25,0.25,4
"UMass-gbqr_2src_nihflu_otid10",2023-12-30,0.804452676171326,0.714038441023258,8302.07619444507,0.519760675448638,0.811922294333861,0.725376007976202,9809.92956675839,0.638021365858301,0,0,4
"UMass-gbqr_2src_nihflu_otid10",2024-01-06,0.891633486043082,0.824052620571659,4837.94523786606,0.318944827023657,0.902648717964436,0.835833352416512,6280.89894559679,0.418955260065024,0.25,0.5,4
"UMass-gbqr_2src_nihflu_otid10",2024-01-13,0.644373027550689,0.698850923153298,1724.89819203009,0.12137824177971,0.628768895037099,0.699362354424488,2394.66633674879,0.1730435931123,0.5,1,4
"UMass-gbqr_2src_nihflu_otid10",2024-01-20,0.294521506886844,0.357051280453622,930.808694403411,0.071154093104915,0.260204496701344,0.331431654560419,1164.74037835939,0.0928780760886632,1,1,4
"UMass-gbqr_2src_nihflu_otid10",2024-01-27,0.518565169311086,0.703374645937213,1538.6306680586,0.132583364885731,0.463106822687088,0.652265685565467,2001.66346435927,0.177003852123009,0.5,0.75,4
"UMass-gbqr_2src_nihflu_otid10",2024-02-03,0.983126335315003,1.40722493986113,1976.8724994427,0.196450990747302,1.08716775458265,1.59067949441457,3274.54927680295,0.329217662233221,0,0.75,4
"UMass-gbqr_2src_nihflu_otid10",2024-02-10,2.82395044940267,3.86382044115131,2675.06526311386,0.284816054171938,2.91344986108778,4.08069788585902,4349.78064260405,0.470826838426734,0,0.5,4
"UMass-gbqr_2src_nihflu_otid10",2024-02-17,4.56918113531349,6.01630248009827,2368.20502047972,0.268072111455575,5.83132246507922,7.96641785299502,4125.66064404355,0.479068517060065,0,0.5,4
"UMass-gbqr_2src_nihflu_otid10",2024-02-24,4.18897025265918,5.30585492431089,1919.02286308512,0.222283933834795,6.19328239546527,8.11167695767554,3405.92832403479,0.400714639464466,0,0.75,4
"UMass-gbqr_2src_nihflu_otid10",2024-03-02,3.45920257647656,4.04559511157407,1640.97202467581,0.185506216167487,6.67748775298146,7.98043645741147,2919.69283711016,0.331187575290557,0,0.75,4
"UMass-gbqr_2src_nihflu_otid10",2024-03-09,0.841888101729281,0.98042205368181,596.423719549882,0.0697560559102958,0.982841708604077,1.14265559947548,1072.21241369543,0.124581271687559,0.75,1,4
"UMass-gbqr_2src_nihflu_otid10",2024-03-16,0.43099513649152,0.454776817062924,757.991542819023,0.0926517211354665,0.45200117946583,0.486867571838289,1259.82306462451,0.156411607821705,0.5,1,4
"UMass-gbqr_2src_nihflu_otid10",2024-03-23,0.587481285827819,0.616730536693713,1186.22122910838,0.164285157480607,0.648701522873298,0.682031466448408,2026.74698169592,0.277856807798099,0.25,1,4
"UMass-gbqr_2src_nihflu_otid10",2024-03-30,0.663439820205968,0.699964228667166,1096.53539016461,0.164499956415715,0.71958586767962,0.77097846465555,1872.65243045338,0.277876327104326,0.25,0.75,4
"UMass-gbqr_2src_nihflu_otid10",2024-04-06,0.612513696558628,0.678115179079482,678.376753172848,0.123764671491257,0.640922008542695,0.734429075339616,1161.0261739265,0.208578623997245,0.25,1,4
"UMass-gbqr_2src_nihflu_otid10",2024-04-13,0.28633292146754,0.3132913266632,302.842199619394,0.0708550117771088,0.293764418745806,0.357508053240866,507.118633719058,0.122045199149705,0.5,1,4
"UMass-gbqr_2src_nihflu_otid10",2024-04-20,0.220342572449228,0.241399270078875,291.524729840511,0.0873574828600039,0.197356405819739,0.244273767380146,431.782603220213,0.13445554652987,0.5,1,4
"UMass-gbqr_2src_nihflu_otid10",2024-04-27,0.233038700787464,0.270651093230904,267.043772499873,0.099933819393874,0.208617500463633,0.272252110615957,401.26187487279,0.15285377194259,0.5,1,4
"UMass-gbqr_2src_nihflu_otid10",2024-05-04,0.321029076887644,0.385954602494633,399.864564299028,0.211706786386573,0.375481492622757,0.488696370098334,784.133754843542,0.410012951877246,0.25,1,4
"UMass-gbqr_2src_nihflu_otid10",2024-05-11,0.443328524084705,0.599173543989079,583.019909810424,0.468015877851269,0.427212636269749,0.588413910454958,966.347765357227,0.747000507755065,0,0.333333333333333,3
"UMass-gbqr_2src_nihflu_otid10",2024-05-18,0.398015258498161,0.547252957444027,443.999698360544,0.453256565146821,0.403006228921841,0.569723862101173,790.960833616223,0.768543620120541,0,0.5,2
"UMass-gbqr_2src_nihflu_otid10",2024-05-25,0.387153848834271,0.495258732259258,389.119727688524,0.430725871631279,0.46164527184758,0.62530690690127,828.653262966405,0.857060614797316,0,0,1
"UMass-gbqr_2src_nihflu_otid10",2024-11-30,0.429764930649062,0.302007413860026,284.347987025786,0.0590980162879479,0.444371920688749,0.371616334047538,458.1474502301,0.0982448367146969,0,1,1
"UMass-gbqr_2src_nihflu_otid10",2024-12-07,0.220283938182852,0.157909421664534,389.10485540055,0.0626011607852502,0.180665569462399,0.143663305319373,499.088635639878,0.0798554112542949,0.5,1,2
"UMass-gbqr_2src_nihflu_otid10",2024-12-14,0.212819406597308,0.152402847346575,736.199418539163,0.0867599568794356,0.199998738902775,0.144515285981663,1023.726878197,0.114072622445756,0.333333333333333,1,3
"UMass-gbqr_2src_nihflu_otid10",2024-12-21,0.283573462224692,0.200101735812584,2364.37761123214,0.17932344100016,0.378570343893479,0.254166303793005,4002.05639046991,0.287980467954593,0,1,4
"UMass-gbqr_2src_nihflu_otid10",2024-12-28,0.432250077490272,0.305138819049158,8045.47656528944,0.362253283613185,0.544276366753869,0.369268066037932,11343.1276904257,0.510845364695239,0,0,4
"UMass-gbqr_2src_nihflu_otid10",2025-01-04,0.432294608702441,0.313500658678334,10459.0952890552,0.341973582169243,0.514064417210433,0.356117030060571,13589.4213850621,0.444843460066132,0,0.25,4
"UMass-gbqr_2src_nihflu_otid10",2025-01-11,0.277058885944294,0.200153994052911,3093.7810011764,0.104702135200322,0.431728815918505,0.279767409439731,5749.87230260663,0.180122855928865,0.75,1,4
"UMass-gbqr_2src_nihflu_otid10",2025-01-18,0.365457245170313,0.296673492159274,2565.55057779954,0.0837253121896687,0.531136632745344,0.404071351034889,4771.86429274236,0.14814243096547,0.5,1,4
"UMass-gbqr_2src_nihflu_otid10",2025-01-25,0.661843303052851,0.663985517368953,5361.89752554715,0.15325616485695,0.781434530672149,0.759103738377622,8440.79532214366,0.236779929549397,0,1,3
"UMass-gbqr_2src_nihflu_otid10",2025-02-01,0.958581400619549,0.988940609018565,14987.1511012703,0.357567623056802,1.07574847270433,1.10853426411811,20030.0779789304,0.487882628823085,0,0,3
"UMass-gbqr_2src_nihflu_otid10",2025-02-08,0.971402305979032,1.01418304572727,14695.8269835781,0.340253067865731,1.10542414160776,1.15348918839551,19927.481000763,0.471929539460344,0,0.333333333333333,3
"UMass-gbqr_2src_nihflu_otid10",2025-02-15,1.19534568291483,1.26693484730499,4008.31058156164,0.0995047023838525,1.45769231002396,1.48741077280598,6599.45898491515,0.159721491553777,0.666666666666667,1,3
"UMass-gbqr_2src_nihflu_otid10",2025-02-22,0.814715740385842,0.944328216773027,3063.87677772865,0.08423298398205,0.929798899737776,1.04876837496108,5394.22831682871,0.143958085539384,0.25,1,4
"UMass-gbqr_2src_nihflu_otid10",2025-03-01,0.346915715530141,0.381001731527082,2865.53410462574,0.0832475628184587,0.407611424533297,0.447562193099299,4571.15832042866,0.130710590888394,0.5,1,4
"UMass-gbqr_2src_nihflu_otid10",2025-03-08,0.28536103550169,0.324008425211337,3035.88850057908,0.108097939804481,0.349080080336308,0.403028717992626,4801.33469496566,0.170234009306564,0.75,1,4
"UMass-gbqr_2src_nihflu_otid10",2025-03-15,0.201849809884215,0.246530462660294,1969.86787219973,0.0943451278364045,0.201185714299169,0.256372145841427,2595.69808588788,0.126383723806059,1,1,4
"UMass-gbqr_2src_nihflu_otid10",2025-03-22,0.155552067260136,0.197814718766322,1315.79735280676,0.0839422334316128,0.114653248187784,0.153460408690844,1327.25466433383,0.0866993895038504,1,1,4
"UMass-gbqr_2src_nihflu_otid10",2025-03-29,0.140261439434201,0.199208623135556,974.696028576185,0.092250587566201,0.0772564732890855,0.125349340731637,770.266352810505,0.0808537141355186,0.75,1,4
"UMass-gbqr_2src_nihflu_otid10",2025-04-05,0.130908692570334,0.206972874089455,692.59558896105,0.100035951426026,0.0787429270552148,0.136046160579728,638.112995123697,0.0974465626732428,1,1,4
"UMass-gbqr_2src_nihflu_otid10",2025-04-12,0.148084078655417,0.249230676764148,554.864894013363,0.118203070078092,0.132985870092392,0.244859573736021,813.906771432964,0.177616402833532,0.5,1,4
"UMass-gbqr_2src_nihflu_otid10",2025-04-19,0.237558231759878,0.396389668213591,557.87069984281,0.163883918627587,0.255024474212681,0.480313935382641,1024.94336186076,0.298944804224004,0,1,4
"UMass-gbqr_2src_nihflu_otid10",2025-04-26,0.367345546209449,0.57856405285655,696.228523053189,0.265114152707281,0.375414300898418,0.726872098694583,1218.71995881657,0.461810191713662,0,1,3
"UMass-gbqr_2src_nihflu_otid10",2025-05-03,0.582050049437878,0.778200757547428,690.282340485932,0.361722365078439,0.572368578546135,1.13082366846493,1077.57924387619,0.562778680615875,0,1,3
"UMass-gbqr_2src_nihflu_otid10",2025-05-10,1.08249574822976,1.38943391574388,824.527441536658,0.620001284526123,1.29199799779974,2.80405168512562,1167.10485801243,0.867037878937562,0,1,3
"UMass-gbqr_2src_nihflu_otid10",2025-05-17,1.16427741070377,1.14877368011048,654.967800844393,0.524087222000868,2.07828653139037,3.64680595586622,870.109294475435,0.691900738880373,0,1,3
"UMass-gbqr_2src_nihflu_otid10",2025-05-24,0.952568319681401,1.0586615576979,739.698015335578,0.702901311932855,1.70786150992813,3.4452445907015,979.743219528773,0.946846937838071,0,1,3
"UMass-gbqr_2src_nihflu_otid10",2025-05-31,1.07487977549506,0.923289793310037,869.785003236562,0.73043798887858,4.32286185744745,7.34606298362979,1104.49120457782,0.932546659988858,0,0.5,2
"UMass-gbqr_2src_nihflu_otid10",2025-06-07,0.678236759181311,0.592660422188342,600.125706054137,0.569825421710083,2.0161567246206,3.37390025903578,868.963548311481,0.83494125871362,0,1,1
"UMass-gbqr_2src_nihflu_otid10",2025-11-22,0.372311646482851,0.241988900352957,336.696800004188,0.103108193831767,0.466887883412368,0.405907915875086,658.311915611439,0.2031383213617,0,1,1
"UMass-gbqr_2src_nihflu_otid10",2025-11-29,0.355698960246224,0.221811226344264,533.159695309629,0.116180164963528,0.438568271986916,0.351106793171192,1100.58362104217,0.237861401083928,0,1,2
"UMass-gbqr_2src_nihflu_otid10",2025-12-06,0.340714266847207,0.19358925681677,831.868916439478,0.130087843490786,0.389966196653453,0.28674119666953,1596.69258094339,0.242420967972431,0,1,3
"UMass-gbqr_2src_nihflu_otid10",2025-12-13,0.281557984500214,0.157455570511156,1217.99463903759,0.132529284054551,0.333075269162484,0.224272695062126,2313.21533703829,0.237865398725258,0,1,4
"UMass-gbqr_2src_nihflu_otid10",2025-12-20,0.35965756721986,0.231710085560066,4206.90482549648,0.251381777808768,0.464792276820735,0.307573371180166,7012.58304566329,0.408609337473635,0,0.75,4
"UMass-gbqr_2src_nihflu_otid10",2025-12-27,0.382099855420488,0.258974193092888,9321.31666968199,0.328024247682708,0.537875582480695,0.355282423761078,14921.6099402838,0.523811042590037,0,0.5,4
"UMass-gbqr_2src_nihflu_otid10",2026-01-03,0.251881284453712,0.179794217402576,5596.30986009539,0.168662748079818,0.380226801496577,0.25385199885408,9692.46930427048,0.279954960021911,0.5,1,4
"UMass-gbqr_2src_nihflu_otid10",2026-01-10,0.72850068888492,0.44242811313914,6208.80054758335,0.17395381662264,0.888364925839,0.531145072149545,10336.9012604506,0.280169261033334,0.25,1,4
"UMass-gbqr_2src_nihflu_otid10",2026-01-17,1.47715281519456,1.32096219938347,11807.9249475544,0.415088020848048,1.88534026033513,1.66246096886117,19651.7875384426,0.660395125058451,0,0.5,4
"UMass-gbqr_2src_nihflu_otid10",2026-01-24,1.05815092778869,0.993127303164973,10228.0959220405,0.404439167009255,1.2169197725863,1.12709458663543,15543.7654022821,0.583063244127776,0.25,0.5,4
"UMass-gbqr_2src_nihflu_otid10",2026-01-31,0.867917672220163,0.85212043675662,6089.06261799468,0.272162947651398,0.98747091925758,0.993309256881738,9357.14385829093,0.416666367260893,0.5,0.75,4
"UMass-gbqr_2src_nihflu_otid10",2026-02-07,1.00134632912177,0.945176729400098,2653.87339924784,0.138619809530952,0.930525448518034,0.944193536791934,3771.90176093554,0.204434646232827,0.75,1,4
"UMass-gbqr_2src_nihflu_otid10",2026-02-14,1.11873140914138,1.04529115347579,1687.82842608676,0.111333390410819,1.01458175333466,1.03496172547473,2041.71851270479,0.136104853056037,0.75,1,4
"UMass-gbqr_2src_nihflu_otid10",2026-02-21,1.3298975380906,1.20039172549921,1203.63498017799,0.0926133241590332,1.95998211178846,2.0520324594876,1520.20458671691,0.111633231270752,0.75,1,4
"UMass-gbqr_2src_nihflu_otid10",2026-02-28,0.634460670581233,0.614698992871891,1053.26285847607,0.0854069336666561,0.603324346586082,0.623557181633913,1615.21800985378,0.133650245863738,1,1,4
"UMass-gbqr_2src_nihflu_otid10",2026-03-07,0.608432865616382,0.603110624774092,1157.35839202737,0.107158887089938,0.664049804080649,0.714704242891791,2147.8157505814,0.201991553262568,1,1,4
"UMass-gbqr_2src_nihflu_otid10",2026-03-14,0.436478057803055,0.447915588062103,928.914913024866,0.103102701762699,0.455023774195467,0.494738062413976,1649.31167293093,0.17960657940999,0.5,1,4
"UMass-gbqr_2src_nihflu_otid10",2026-03-21,0.304212860579538,0.321473463598863,650.448176051596,0.092223178949183,0.285687872065384,0.345413024078972,1043.90475406119,0.152840195683447,0.75,1,4
"UMass-gbqr_2src_nihflu_otid10",2026-03-28,0.339522512254614,0.391967686363857,897.052912480848,0.211680566889304,0.346334943077973,0.455152580063726,1576.24239266099,0.382643268770123,0,1,4
"UMass-gbqr_2src_nihflu_otid10",2026-04-04,0.244859651498635,0.319709897288058,445.867737065195,0.143486764494053,0.247949084880804,0.380103835725977,769.817536057557,0.247027534024253,0.75,1,4
"UMass-gbqr_2src_nihflu_otid10",2026-04-11,0.178203110802321,0.236916125770448,242.926441905917,0.11222569117844,0.15757500199551,0.251145987921061,354.740723242392,0.152092673805828,0.5,1,4
"UMass-gbqr_2src_nihflu_otid10",2026-04-18,0.247553524818748,0.297025127786624,227.920000949389,0.146980610843764,0.198470420486091,0.332418033828904,251.908581201971,0.143103892476426,0.5,1,4
"UMass-gbqr_2src_nihflu_otid10",2026-04-25,0.59123490694075,0.511656904660531,382.49961583931,0.275781191961484,1.11016204517944,1.56644702548117,530.102376573185,0.338549782315729,0,1,4
"UMass-gbqr_2src_nihflu_otid10",2026-05-02,0.488526742459832,0.408263907150223,287.335074889147,0.236113225051107,1.29515700575693,1.79938553621359,392.75636199579,0.277863479170207,0,1,4
"UMass-gbqr_2src_nihflu_otid10",2026-05-09,0.356223775271817,0.294413393077589,195.664039762916,0.18540271610811,1.35051689174892,1.75267473966102,251.196141865299,0.202673545157806,0.25,1,4
"UMass-gbqr_2src_nihflu_otid10",2026-05-16,0.187401128620243,0.169732801894794,101.576972636967,0.108872528568342,0.604577455818846,0.729507378499894,134.820772647603,0.112842944850952,0.5,1,4
"UMass-gbqr_2src_nihflu_otid10",2026-05-23,0.128805869446167,0.116074991639993,68.2813914572113,0.0749068602961386,0.389026543616128,0.447539785629868,77.8053087232256,0.0653787485575676,0.5,1,4
"UMass-gbqr_2src_nihflu_otid10",2026-05-30,0.108709242999096,0.100459235110573,56.9782009171107,0.0664896968526395,0.280531622647658,0.306356321454829,65.7145326052138,0.0581217741004385,0.75,1,4
"UMass-gbqr_2src_nihflu_otid10",2026-06-06,0.0822113904868659,0.0757986302540654,49.6118337791407,0.0622672590594815,0.22942042701347,0.250005584474583,41.8309911921228,0.0393799699895231,1,1,3
"UMass-gbqr_2src_nihflu_otid10",2026-06-13,0.110379537797106,0.0933357081361829,75.4550441137227,0.0961721652177636,0.550627254153137,0.585867982142515,149.495299502577,0.159235075824187,1,1,2
"UMass-gbqr_2src_nihflu_otid10",2026-06-20,0.112801143435111,0.102450210850594,84.5873704830965,0.117974032441015,0.634200226147512,0.671211139089863,194.065269201139,0.221420759553574,0,1,1
"UMass-gbqr_2src_nihflu_otid50",2026-01-17,1.23054615474504,1.10205673698738,3409.30209070986,0.145422920395215,1.35372266030859,1.27000473320178,5223.32145492039,0.234369036642462,0,1,1
"UMass-gbqr_2src_nihflu_otid50",2026-01-24,1.01843233456776,0.939126958518638,5161.56304177226,0.239007193517701,1.14397779844484,1.0901849935868,8641.23835689106,0.414608755354715,0,1,1
"UMass-gbqr_2src_nihflu_otid50",2026-01-31,0.989217998708123,0.943017376242722,5953.13061351058,0.276281966331601,1.20413557677768,1.19490378989988,10532.6579124609,0.51211985494229,0,1,1
"UMass-gbqr_2src_nihflu_otid50",2026-02-07,1.24977315111608,1.26463244879127,5768.66188711264,0.26164270681554,1.40270286853181,1.49459492296053,10427.3317663773,0.498965991238258,0,1,1
"UMass-gbqr_2src_nihflu_otid50",2026-02-14,0.607838950829116,0.583115250963825,770.690871255133,0.0500773275230955,0.815796336827758,0.827099407758555,1517.03895603524,0.0967854451345111,1,1,1
"UMass-gbqr_2src_nihflu_otid50",2026-02-21,1.07691605987872,0.945897901646674,713.010611098356,0.0493133569353688,1.07582973649966,1.12530516072097,614.111133277149,0.0421675830603032,1,1,2
"UMass-gbqr_2src_nihflu_otid50",2026-02-28,1.00549851500679,0.962066304355837,1304.61928477176,0.101645079229782,1.16191144311361,1.18908784794796,2265.34197051811,0.181179961156092,0.333333333333333,1,3
"UMass-gbqr_2src_nihflu_otid50",2026-03-07,0.845121562937424,0.797088691930523,1715.86077768654,0.148433615182202,0.994388362963294,1.02071510372774,3206.8980786231,0.283288831369267,0.333333333333333,1,3
"UMass-gbqr_2src_nihflu_otid50",2026-03-14,0.568324171492267,0.565747731428367,1717.22804724684,0.177907715220803,0.624969555072286,0.662902399554867,3453.24150818981,0.360438843806879,0,1,2
"UMass-gbqr_2src_nihflu_otid50",2026-03-21,0.301352012397592,0.318571990098589,781.592578762916,0.107535109401691,0.27070769368249,0.331370968808715,1310.49421838238,0.19147151098869,0.5,1,2
"UMass-gbqr_2src_nihflu_otid50",2026-03-28,0.298753762330818,0.358622627488769,556.261996138349,0.145265687598916,0.26254317206716,0.355917435869568,836.231119869562,0.222625045536764,0,1,2
"UMass-gbqr_2src_nihflu_otid50",2026-04-04,0.245166887976001,0.355563057512429,373.296672455444,0.143805113028659,0.187380864162937,0.326276285753475,483.443106953818,0.187245389649225,0.666666666666667,1,3
"UMass-gbqr_2src_nihflu_otid50",2026-04-11,0.193536698653609,0.327986840208185,263.829185531404,0.155365320617562,0.113540417325658,0.214940474963709,255.607864504387,0.130166807827327,0.75,1,4
"UMass-gbqr_2src_nihflu_otid50",2026-04-18,0.288954218107901,0.443655259822377,266.037196253629,0.219539409270404,0.299525055658502,0.526260292250079,380.172176894554,0.226551777017999,0.5,1,4
"UMass-gbqr_2src_nihflu_otid50",2026-04-25,0.634759291702792,0.707900928882914,410.657730753847,0.381556000084662,1.35549165526237,2.14343455621126,647.247265387781,0.463251735046981,0,1,4
"UMass-gbqr_2src_nihflu_otid50",2026-05-02,0.504962343059371,0.52708288719358,297.001944926472,0.304830376099674,1.57978255826755,2.40671551737343,479.069060794636,0.371648172985497,0.25,1,4
"UMass-gbqr_2src_nihflu_otid50",2026-05-09,0.43037410764594,0.463485408766194,236.392802381338,0.291873453050024,1.89501577007057,2.8532870923825,352.472933233126,0.329944739477454,0.5,1,4
"UMass-gbqr_2src_nihflu_otid50",2026-05-16,0.271207323526276,0.322483922897965,147.002417133777,0.206852415777015,0.961646812350524,1.34893778095298,214.447239154167,0.208658769067495,0.75,1,4
"UMass-gbqr_2src_nihflu_otid50",2026-05-23,0.216967654819834,0.277213587068338,115.016912164068,0.178894688212624,0.709174367600875,0.889689267127689,141.834873520175,0.129970055752795,0.5,1,4
"UMass-gbqr_2src_nihflu_otid50",2026-05-30,0.158958229258713,0.237524800679995,83.3153987118317,0.157207567575182,0.248427916174652,0.29156767405762,58.1942393639122,0.05531607902227,1,1,4
"UMass-gbqr_2src_nihflu_otid50",2026-06-06,0.141402890149947,0.227704598455884,85.3319307758211,0.187055375190335,0.336618397716968,0.395286311970352,61.3767545170604,0.0622640615623699,1,1,3
"UMass-gbqr_2src_nihflu_otid50",2026-06-13,0.120620784983869,0.224309751564745,82.4559228425064,0.231126488652817,0.251768972294687,0.283403887486863,68.3552759780076,0.0770273182497663,1,1,2
"UMass-gbqr_2src_nihflu_otid50",2026-06-20,0.0983639928901261,0.165647523095139,73.7612337554012,0.190747350358298,0.198976747199284,0.227007444387306,60.8868846429808,0.0748857666884213,1,1,1
"UMass-gbqr_2src_utseirs_otid10",2023-10-21,0.430765001860214,0.26307108655905,96.0818332613126,0.0678829769246075,0.0351946308006623,0.0314761708317137,10.8047516558033,0.0074076639674745,1,1,1
"UMass-gbqr_2src_utseirs_otid10",2023-10-28,0.719435358270382,0.360245204064791,209.101265068467,0.118799593340443,0.801331704074801,0.638888118382842,328.946664522706,0.187749741416725,0.5,1,2
"UMass-gbqr_2src_utseirs_otid10",2023-11-04,0.757443577910566,0.312019596943729,323.236764166924,0.126346135429956,0.421324499896794,0.32029667494441,284.534478930302,0.133878598890197,1,1,3
"UMass-gbqr_2src_utseirs_otid10",2023-11-11,0.631349791619171,0.274753411330211,479.214628602774,0.146306055665157,0.266963405998607,0.19055935654633,339.644193281727,0.121137466326332,0.75,1,4
"UMass-gbqr_2src_utseirs_otid10",2023-11-18,0.5608113997234,0.264657615164554,534.324563227972,0.135096810402348,0.28610247144686,0.205485572988179,453.32936600755,0.132862514478369,1,1,4
"UMass-gbqr_2src_utseirs_otid10",2023-11-25,0.511139063288917,0.279697759833531,608.025342402328,0.13121386328986,0.322404953928139,0.244103343973312,617.324885533905,0.150706235342774,1,1,4
"UMass-gbqr_2src_utseirs_otid10",2023-12-02,0.423350665179399,0.252276238899355,784.858920884873,0.129380455555471,0.24941492441662,0.196349741580452,702.851257006035,0.133354097505065,1,1,4
"UMass-gbqr_2src_utseirs_otid10",2023-12-09,0.385525554451534,0.23315014684128,881.249282759103,0.108993725887318,0.175568031770923,0.129877006019657,593.990543488974,0.0830695315230541,1,1,4
"UMass-gbqr_2src_utseirs_otid10",2023-12-16,0.433860871919891,0.348129403296994,1563.95483617449,0.179986392892623,0.578925100212013,0.491049368355558,2941.20952590613,0.350538827750575,0.5,1,4
"UMass-gbqr_2src_utseirs_otid10",2023-12-23,0.613643315499658,0.554416380224327,4332.48814931504,0.381238096407683,0.826682298180837,0.775240897606326,7314.94195949222,0.676664338075204,0,0.5,4
"UMass-gbqr_2src_utseirs_otid10",2023-12-30,0.688069721907017,0.648573294034614,7058.80385930889,0.47098916928034,0.917729585919612,0.885120890614146,11110.6573764318,0.780748506363616,0,0.5,4
"UMass-gbqr_2src_utseirs_otid10",2024-01-06,0.689265188400775,0.635188232104846,3755.63417016932,0.24674967779469,0.929377680052053,0.876846562400668,6461.58090672536,0.439100367699419,0.5,1,4
"UMass-gbqr_2src_utseirs_otid10",2024-01-13,0.822951024221473,0.745944984047252,2202.92698967334,0.129557660480028,0.716323607310447,0.715779907035092,2728.11845844184,0.1771057967409,1,1,4
"UMass-gbqr_2src_utseirs_otid10",2024-01-20,0.689727045877345,0.617705568030488,2179.8202034681,0.123097946724139,0.572237712479219,0.57591523398206,2561.4790604851,0.161390435060737,1,1,4
"UMass-gbqr_2src_utseirs_otid10",2024-01-27,0.874844512713157,0.924606706834569,2595.7443282037,0.174284741561448,0.985455146377188,1.1321229399442,4259.3835064288,0.30722162131406,0.5,1,4
"UMass-gbqr_2src_utseirs_otid10",2024-02-03,0.850768114065262,1.21681794790702,1710.72631022488,0.169869851403447,0.918911057610201,1.32372006388791,2767.76010552193,0.273965953804401,0.25,1,4
"UMass-gbqr_2src_utseirs_otid10",2024-02-10,2.27639550134966,3.21550260113391,2156.37867585715,0.237026222357701,2.38471352945318,3.35123932325923,3560.3772994736,0.386662639459118,0,1,4
"UMass-gbqr_2src_utseirs_otid10",2024-02-17,3.70503049371502,4.93227855618483,1920.3160383451,0.219770586870812,4.47702142739742,5.94504367963726,3167.49265988367,0.357511156459158,0,1,4
"UMass-gbqr_2src_utseirs_otid10",2024-02-24,3.0350022276893,3.65912486862091,1387.29038370463,0.152151260715144,4.29554831393913,5.26923872285176,2433.45276772014,0.26740194073017,0.25,1,4
"UMass-gbqr_2src_utseirs_otid10",2024-03-02,2.59496211982682,2.90866607089253,1228.01080151036,0.132578868055734,5.01098628660449,5.71615222092939,2239.12300147236,0.24223928579779,0,1,4
"UMass-gbqr_2src_utseirs_otid10",2024-03-09,0.770746930625043,0.858349389322894,560.523981447909,0.062597421192234,0.654304582455095,0.719215196238563,824.23964463208,0.0905370523382167,0.75,1,4
"UMass-gbqr_2src_utseirs_otid10",2024-03-16,0.552289394863226,0.575174345364928,904.233871649111,0.109585380919074,0.582368631720006,0.612921123046356,1508.36687861538,0.183888807544749,0.25,1,4
"UMass-gbqr_2src_utseirs_otid10",2024-03-23,0.47287492629085,0.507648170976504,932.834554346111,0.132367915518285,0.540437459870917,0.592639323481436,1665.35888263442,0.238895465045566,0.25,1,4
"UMass-gbqr_2src_utseirs_otid10",2024-03-30,0.484431555942606,0.524260519588824,798.18893851432,0.122799757880273,0.554328432427258,0.612001967493759,1452.50460089709,0.221769613428195,0.5,1,4
"UMass-gbqr_2src_utseirs_otid10",2024-04-06,0.406647067679971,0.443054866000113,461.519774048259,0.0828533075930775,0.397033905080276,0.447535645020974,732.038882644911,0.129079874185396,1,1,4
"UMass-gbqr_2src_utseirs_otid10",2024-04-13,0.411463144326481,0.411785904238742,439.296513834913,0.0948715706871209,0.424790487625828,0.469494934813582,763.676296966961,0.167342418091562,0.75,1,4
"UMass-gbqr_2src_utseirs_otid10",2024-04-20,0.50050101469156,0.513792545024589,629.201367275215,0.177942056239931,0.496985100717866,0.569806123573642,1037.50077992561,0.300144614807487,0,1,4
"UMass-gbqr_2src_utseirs_otid10",2024-04-27,0.465665727359257,0.489357406583283,521.696229132472,0.176917431716834,0.458166921205906,0.542783172334645,865.208756118572,0.299517659205948,0.25,1,4
"UMass-gbqr_2src_utseirs_otid10",2024-05-04,0.636692412810214,0.687782920855117,789.276239237599,0.376253312100003,0.603451390164971,0.721424535228926,1253.71267845311,0.603606661617817,0,0.75,4
"UMass-gbqr_2src_utseirs_otid10",2024-05-11,0.673730577327447,0.783188157780882,894.21042498489,0.615974655999326,0.605333199501035,0.751510882394947,1384.44480397794,0.961811851451767,0,0.333333333333333,3
"UMass-gbqr_2src_utseirs_otid10",2024-05-18,0.640526238965038,0.737014976706986,714.71965389697,0.608516609319961,0.584758303360647,0.731021940343496,1157.97497333456,0.992198084287093,0,1,2
"UMass-gbqr_2src_utseirs_otid10",2024-05-25,0.530112203582588,0.622851774309779,532.803992323789,0.541693373406751,0.471011451000653,0.63377775901752,845.465554546171,0.868670967477709,0,1,1
"UMass-gbqr_2src_utseirs_otid10",2024-11-30,0.413599883318689,0.34376618163775,273.652608364652,0.0672695386580457,0.45977126905475,0.427263257032506,474.024178395448,0.112956307555573,0,1,1
"UMass-gbqr_2src_utseirs_otid10",2024-12-07,0.629327072582267,0.499153960776694,1111.62993360647,0.197883172680851,0.592284293035924,0.522372187187766,1636.18535951174,0.290361172903205,0,0.5,2
"UMass-gbqr_2src_utseirs_otid10",2024-12-14,0.67535839303895,0.522756735638818,2336.24585375151,0.297595173791729,0.616158659550904,0.512501831350447,3153.91079202123,0.404541481638256,0,0,3
"UMass-gbqr_2src_utseirs_otid10",2024-12-21,0.745145212949513,0.576763272371409,6212.8685977627,0.51687295077252,0.699210348833677,0.559858455753399,7391.70220269521,0.634341758408327,0,0,4
"UMass-gbqr_2src_utseirs_otid10",2024-12-28,0.789044798154697,0.630446289650552,14686.5015487707,0.748450293146311,0.79601146199961,0.639576453321412,16589.4758766684,0.884789930667611,0,0,4
"UMass-gbqr_2src_utseirs_otid10",2025-01-04,0.722680238707417,0.602401746931432,17484.7923800058,0.657113398650058,0.769906649460917,0.637791531084354,20352.6747551617,0.796697061750132,0,0.25,4
"UMass-gbqr_2src_utseirs_otid10",2025-01-11,0.73743348082936,0.551813904090474,8234.55881895074,0.288658211717849,0.926091722344784,0.671157123759869,12333.9210811184,0.432111582084306,0,0.25,4
"UMass-gbqr_2src_utseirs_otid10",2025-01-18,1.02111098903206,0.768656957621498,7168.31290808808,0.216925493663823,1.30436185969364,0.960316911381376,11718.7130379526,0.352075645513918,0,0.75,4
"UMass-gbqr_2src_utseirs_otid10",2025-01-25,0.742041765518645,0.661527440424185,6011.6222193901,0.152688809943892,0.881595040425121,0.761796271247009,9522.69576165868,0.237619785435874,0.333333333333333,1,3
"UMass-gbqr_2src_utseirs_otid10",2025-02-01,0.764642918578172,0.798419132777291,11954.9773778634,0.288681472786895,0.79458753896827,0.817027948561424,14794.9551130762,0.359586308036401,0.333333333333333,0.333333333333333,3
"UMass-gbqr_2src_utseirs_otid10",2025-02-08,0.950010292866059,1.03314273693315,14372.1986355665,0.346613944362107,1.00765881256415,1.06592430791767,18165.0654140939,0.436103929534784,0.333333333333333,0.333333333333333,3
"UMass-gbqr_2src_utseirs_otid10",2025-02-15,1.33707008943044,1.31581179191063,4483.55004276654,0.103343483704582,1.38757705536495,1.3260697031197,6282.02385532224,0.142396327066391,0.666666666666667,0.666666666666667,3
"UMass-gbqr_2src_utseirs_otid10",2025-02-22,1.08630428153178,1.12874254648917,4085.23156819846,0.100682528753806,1.23435320342074,1.27872421582242,7161.10010964543,0.175522731651282,0,1,4
"UMass-gbqr_2src_utseirs_otid10",2025-03-01,0.502012328920413,0.5059854285689,4146.63673355281,0.11055606907923,0.67286650221137,0.708064727862926,7545.86138904941,0.206790386661768,0.5,1,4
"UMass-gbqr_2src_utseirs_otid10",2025-03-08,0.215112025980899,0.245414801469988,2288.52591897681,0.0818769895231204,0.216026347421669,0.262239876766296,2971.2803890245,0.110766661602518,0.75,1,4
"UMass-gbqr_2src_utseirs_otid10",2025-03-15,0.147829009937806,0.1860980337248,1442.67471652621,0.0712181472115395,0.113173684175619,0.162162788520803,1460.16687323383,0.079941356377732,0.75,1,4
"UMass-gbqr_2src_utseirs_otid10",2025-03-22,0.146704644691785,0.199350338075914,1240.9580054445,0.0845938700507264,0.132319532626684,0.201434737952146,1531.76398956965,0.113803090675342,0.75,1,4
"UMass-gbqr_2src_utseirs_otid10",2025-03-29,0.129851821690305,0.190960314581362,902.358163551409,0.088430917018938,0.121596295500161,0.199651003725238,1212.34546521048,0.12878029583442,0.75,1,4
"UMass-gbqr_2src_utseirs_otid10",2025-04-05,0.10579881691652,0.161990944508732,559.747351187624,0.0782948892584243,0.0759264928899052,0.131276362111546,615.289316756569,0.0940300718043505,0.5,1,4
"UMass-gbqr_2src_utseirs_otid10",2025-04-12,0.128188772773543,0.2046686130664,480.318008961682,0.0970685419915923,0.107840579360441,0.194705435967912,660.011305830738,0.141235560534131,0.5,1,4
"UMass-gbqr_2src_utseirs_otid10",2025-04-19,0.283504813937531,0.469561557119009,665.7695159139,0.194136210371834,0.269257360580465,0.513925787637888,1082.14533217289,0.319864639881169,0.25,0.75,4
"UMass-gbqr_2src_utseirs_otid10",2025-04-26,0.478920706784184,0.784084210034459,907.696472121718,0.359289209151719,0.450245933213975,0.926602465406955,1461.6483811903,0.58870668300578,0,0.666666666666667,3
"UMass-gbqr_2src_utseirs_otid10",2025-05-03,0.655128815557039,0.949165935077405,776.950113756076,0.441190198747863,0.651364492755782,1.44455914326357,1226.30221836155,0.718915876443456,0,0.666666666666667,3
"UMass-gbqr_2src_utseirs_otid10",2025-05-10,0.900818573755866,1.19919805825985,686.145543871438,0.535113133555746,1.18168932284282,2.74590921082197,1067.45935496802,0.849059705473844,0,0.666666666666667,3
"UMass-gbqr_2src_utseirs_otid10",2025-05-17,0.848238250470136,0.716217682797281,477.17900939665,0.32674889947777,1.72657400446248,2.69261547308254,722.858983201626,0.510864207718454,0,0.333333333333333,3
"UMass-gbqr_2src_utseirs_otid10",2025-05-24,0.83320449035412,0.845647083915179,647.008403648959,0.561469754327086,1.6377250252741,3.17631699871726,939.508256165574,0.872938319663997,0,0,3
"UMass-gbqr_2src_utseirs_otid10",2025-05-31,1.08865231164686,0.955513765369475,880.929640687624,0.755931191029545,4.59147731437222,8.44313109743493,1173.1224538221,1.07181407541793,0,0,2
"UMass-gbqr_2src_utseirs_otid10",2025-06-07,0.754912632486945,0.692260166429136,667.970985717842,0.665587622355549,2.14856939709985,3.73588661639808,926.033410150033,0.924522254489592,0,0,1
"UMass-gbqr_2src_utseirs_otid10",2025-11-22,0.460759624230738,0.310658585922376,416.68395956764,0.132367417042959,0.563845419114123,0.501630572696797,795.022040950913,0.251043127014784,0,1,1
"UMass-gbqr_2src_utseirs_otid10",2025-11-29,0.451831615746056,0.28660115109144,671.535455452117,0.148842610498819,0.449736937648284,0.365282633695312,1119.21726424993,0.245242329985358,0,1,2
"UMass-gbqr_2src_utseirs_otid10",2025-12-06,0.402515780233737,0.230503395259769,976.450489417577,0.153840149673121,0.387463548002639,0.288517394915641,1578.75585143289,0.242581870182059,0,1,3
"UMass-gbqr_2src_utseirs_otid10",2025-12-13,0.404095182888205,0.227236497258861,1736.38819670901,0.189903193877182,0.409433272714221,0.285151146698514,2828.20350886442,0.300632470189876,0,1,4
"UMass-gbqr_2src_utseirs_otid10",2025-12-20,0.501351141093158,0.332622743476302,5838.06481557491,0.358844944227375,0.601711283046971,0.423655849440955,9025.56191766265,0.558650804383462,0,0.75,4
"UMass-gbqr_2src_utseirs_otid10",2025-12-27,0.585042263071974,0.428597525593741,14272.0917631335,0.542874095725557,0.733824658402514,0.544478081954398,20357.5802172379,0.802751874851406,0,0.5,4
"UMass-gbqr_2src_utseirs_otid10",2026-01-03,0.518500747344234,0.40978936053631,11477.8154298801,0.383305741252662,0.64986205269926,0.521653416889083,16496.8976008902,0.573381983915189,0.25,0.5,4
"UMass-gbqr_2src_utseirs_otid10",2026-01-10,0.748613338724111,0.514025840135719,6434.84451577109,0.201321265254128,1.03625936314575,0.721051050226995,12121.0360998248,0.376133690855755,0.25,1,4
"UMass-gbqr_2src_utseirs_otid10",2026-01-17,1.40962129195817,1.21246005761626,11739.9300884692,0.392257684787356,1.92763239753087,1.66732078736501,20881.9690535668,0.680293930775267,0,0.75,4
"UMass-gbqr_2src_utseirs_otid10",2026-01-24,1.10699707867579,0.958119630658528,11480.0385486514,0.410573521294723,1.4050862380072,1.21778327970738,19296.3236949498,0.664448492730488,0.25,0.5,4
"UMass-gbqr_2src_utseirs_otid10",2026-01-31,0.901325785618771,0.90814536954619,6732.54271663385,0.302680906915964,1.0680525676812,1.0852586138234,10831.791911896,0.47622653055261,0.25,0.75,4
"UMass-gbqr_2src_utseirs_otid10",2026-02-07,1.07474478478381,1.35032729728635,3014.52712842033,0.212223668036915,1.12459991349469,1.46116407794798,4892.99253684601,0.342919242389426,0.25,1,4
"UMass-gbqr_2src_utseirs_otid10",2026-02-14,2.68725453944446,2.94295982132795,3961.99848820244,0.310570763143347,2.78643282180046,3.32718998678444,5879.60397748646,0.461506884734761,0,0.25,4
"UMass-gbqr_2src_utseirs_otid10",2026-02-21,3.46203952600974,3.53837563206091,3159.41998050111,0.2767139156305,6.09696559714536,7.64555761175799,4719.4466996865,0.418390293949055,0,0.75,4
"UMass-gbqr_2src_utseirs_otid10",2026-02-28,0.399670416593616,0.469661118979361,676.723794362218,0.0667152709124683,0.298082861020495,0.360240909574721,843.125862299462,0.081808470719086,0.75,1,4
"UMass-gbqr_2src_utseirs_otid10",2026-03-07,0.271042446939982,0.315983176208364,523.699224540112,0.056977260038583,0.157037463160465,0.193163681902195,527.184458262286,0.0566654691932253,0.75,1,4
"UMass-gbqr_2src_utseirs_otid10",2026-03-14,0.225507902233954,0.261298023845735,490.317557062125,0.0615496011954955,0.159559951825001,0.204825272258639,604.635513079235,0.0778976434155654,1,1,4
"UMass-gbqr_2src_utseirs_otid10",2026-03-21,0.209558504751769,0.246890637272104,447.669664240152,0.0707403179611454,0.162579642154944,0.22031075016671,584.347155638719,0.0957270750576242,0.75,1,4
"UMass-gbqr_2src_utseirs_otid10",2026-03-28,0.225298568893098,0.269684235995111,604.049928006556,0.147921251755826,0.214290666990333,0.298785971662538,992.382469918863,0.255346574797013,0,1,4
"UMass-gbqr_2src_utseirs_otid10",2026-04-04,0.222049895125466,0.30948275906107,404.081003533891,0.138744130634863,0.162840124807476,0.288083834773884,505.84867261417,0.186772701347842,0.5,1,4
"UMass-gbqr_2src_utseirs_otid10",2026-04-11,0.242134338318016,0.355867761283977,330.07747735722,0.168572339043374,0.216000451718635,0.439103639822969,486.271016931576,0.265918827576644,0.5,1,4
"UMass-gbqr_2src_utseirs_otid10",2026-04-18,0.470877103913972,0.619434215887422,433.531738437967,0.306522280142122,0.636134249441361,1.33042807311878,807.413396103447,0.572740996420194,0.25,1,4
"UMass-gbqr_2src_utseirs_otid10",2026-04-25,0.911271920429924,1.05712257800856,589.547666076027,0.569785186043801,2.21762525102873,4.41610700263465,1058.91605736622,0.954435126183524,0,1,4
"UMass-gbqr_2src_utseirs_otid10",2026-05-02,0.770920200280274,0.823780813511858,453.429452737282,0.476421111949874,2.74448896659713,5.27822990038189,832.26627912058,0.81507119761923,0,1,4
"UMass-gbqr_2src_utseirs_otid10",2026-05-09,0.566034512882926,0.558963763367475,310.907376553959,0.351999611332319,3.12222469890678,5.06770111810334,580.733793996661,0.58601229775516,0.25,1,4
"UMass-gbqr_2src_utseirs_otid10",2026-05-16,0.395573292768979,0.415157123322877,214.412462888279,0.266296233048321,1.62987738420665,2.65399271376104,363.462656678083,0.410529574148521,0.5,1,4
"UMass-gbqr_2src_utseirs_otid10",2026-05-23,0.310081936054357,0.293159073227705,164.377804758241,0.189184814339001,1.40855669406491,1.85917823317658,281.711338812982,0.27159763250877,0.5,1,4
"UMass-gbqr_2src_utseirs_otid10",2026-05-30,0.198929191439298,0.201320834091132,104.265535527655,0.133245701244953,0.615792143928001,0.812940116616571,144.249309715134,0.154230608302102,1,1,4
"UMass-gbqr_2src_utseirs_otid10",2026-06-06,0.188564944874534,0.19334423155131,113.792658733619,0.15882893019714,1.08129453386897,1.34524862238442,197.156036675442,0.211898668140877,1,1,3
"UMass-gbqr_2src_utseirs_otid10",2026-06-13,0.143192354993906,0.16594789243927,97.8857646846959,0.170991022063315,0.616092416237516,0.796484238443155,167.269091008485,0.216479193209118,1,1,2
"UMass-gbqr_2src_utseirs_otid10",2026-06-20,0.14303871611382,0.192153943495438,107.261934630178,0.221270169923407,0.677631325170488,0.93258034338167,207.355185502169,0.307641866993296,1,1,1
"UMass-gbqr_2src_utseirs_otid50",2024-03-16,0.841918691565024,0.873364876623802,922.248381947314,0.111806819962292,0.763143380780853,0.809891750909872,1519.72953249299,0.188458248732635,0,1,1
"UMass-gbqr_2src_utseirs_otid50",2024-03-23,0.546461743732238,0.578790070312238,993.849621583433,0.141578117631403,0.569310510653581,0.628845750443683,1629.73438708905,0.238772478650935,0,1,1
"UMass-gbqr_2src_utseirs_otid50",2024-03-30,0.39076951286109,0.419073688223716,677.209161811607,0.104311417908805,0.290067600480356,0.347246828717919,817.566849223608,0.136751867763479,1,1,1
"UMass-gbqr_2src_utseirs_otid50",2024-04-06,0.307272141596604,0.344770675990753,379.328465717759,0.0669616365973639,0.172547316113993,0.217238274613236,347.779872584272,0.0658648824203469,1,1,2
"UMass-gbqr_2src_utseirs_otid50",2024-04-13,0.308346151998013,0.343575830978191,198.224272585851,0.0490963097048071,0.372085721004821,0.457330956881364,251.554568222476,0.0636059672323004,1,1,1
"UMass-gbqr_2src_utseirs_otid50",2024-04-20,0.3319508002257,0.350133829786775,335.163812338461,0.0990983138784969,0.334988211313271,0.38967288513925,551.288034997435,0.164549470138216,0.5,1,2
"UMass-gbqr_2src_utseirs_otid50",2024-04-27,0.348473530181163,0.367946910267886,329.164035141546,0.114220909805811,0.307819356272258,0.368852816911956,466.11179780621,0.166983631983933,0.666666666666667,1,3
"UMass-gbqr_2src_utseirs_otid50",2024-05-04,0.581286542289662,0.621907345007173,545.458618989093,0.274445512739989,0.610232576576693,0.72619986516611,937.859594620611,0.484041409747797,0,1,3
"UMass-gbqr_2src_utseirs_otid50",2024-05-11,0.473790003020502,0.602099180422443,625.667176711812,0.471757249881632,0.435998287233963,0.602760819275712,989.264759925132,0.767026220001289,0,0.666666666666667,3
"UMass-gbqr_2src_utseirs_otid50",2024-05-18,0.392439583966422,0.5087228510286,431.081255752244,0.414397791934353,0.337239663930646,0.496767294733655,655.736364837926,0.665145814869793,0,1,2
"UMass-gbqr_2src_utseirs_otid50",2024-05-25,0.362984142146536,0.463946519514214,364.827292748354,0.403493681164312,0.305070002038796,0.466846701147236,547.600653659639,0.639871263671365,0,1,1
"UMass-gbqr_2src_utseirs_otid50",2024-11-30,0.352980788995919,0.289315497517597,233.544828002085,0.0566144114348639,0.379537842815294,0.349140865447635,391.303515942568,0.0923029591910858,0,1,1
"UMass-gbqr_2src_utseirs_otid50",2024-12-07,0.586572806514465,0.459338066933647,1036.10970887606,0.182098673276045,0.524601764399264,0.45656112916852,1449.21237415297,0.253780021637584,0,0.5,2
"UMass-gbqr_2src_utseirs_otid50",2024-12-14,0.630099921861079,0.479118275490709,2179.68466087042,0.272752652889708,0.547120588523714,0.446800491954094,2800.52791912339,0.352680365132618,0,0,3
"UMass-gbqr_2src_utseirs_otid50",2024-12-21,0.718354472729157,0.546831133242561,5989.49287752286,0.49004892466758,0.646186889694225,0.505864720920891,6831.1647044025,0.573164722775999,0,0,4
"UMass-gbqr_2src_utseirs_otid50",2024-12-28,0.774607979289844,0.606440167804197,14417.7888430868,0.719950817095513,0.746306615458092,0.57491166913744,15553.5895961082,0.79533268186233,0,0,4
"UMass-gbqr_2src_utseirs_otid50",2025-01-04,0.711037663808494,0.585909726427614,17203.107626538,0.63912353109228,0.720019115319124,0.580235856605058,19033.8853182399,0.724801411667194,0,0.25,4
"UMass-gbqr_2src_utseirs_otid50",2025-01-11,0.7774602512957,0.560607616089554,8681.51817773524,0.293258271921479,0.938881687923066,0.638729155433583,12504.2610401814,0.411233459508847,0,0.25,4
"UMass-gbqr_2src_utseirs_otid50",2025-01-18,1.1224396319267,0.806465895350621,7879.65127054097,0.227595692379221,1.39514687750984,0.961772660462718,12534.3483342678,0.35260935869906,0,0.75,4
"UMass-gbqr_2src_utseirs_otid50",2025-01-25,0.831499598015597,0.699773069067424,6736.36133587538,0.161516379544554,1.06456197117328,0.856020309699202,11499.0435586234,0.267010183689283,0.333333333333333,0.666666666666667,3
"UMass-gbqr_2src_utseirs_otid50",2025-02-01,0.711778828302494,0.723658938618326,11128.4621666558,0.261650704021909,0.672959792119515,0.677246102132352,12530.2870093347,0.298066211720917,0.333333333333333,0.333333333333333,3
"UMass-gbqr_2src_utseirs_otid50",2025-02-08,0.890273168827629,0.943580570465892,13468.4675717612,0.316566309437058,0.925532029258029,0.957589017593365,16684.5658914345,0.391780476671591,0.333333333333333,0.333333333333333,3
"UMass-gbqr_2src_utseirs_otid50",2025-02-15,1.27475978555595,1.22263582745925,4274.60709519059,0.0960254699710546,1.55281427109512,1.43936068347151,7030.10781000462,0.15456176562056,0.666666666666667,1,3
"UMass-gbqr_2src_utseirs_otid50",2025-02-22,1.22870753809056,1.24539326191934,4620.76317660553,0.111087637560044,1.40751620635529,1.41721512983439,8165.70527117021,0.194532540987401,0,1,4
"UMass-gbqr_2src_utseirs_otid50",2025-03-01,0.607586522722041,0.612938087328085,5018.6827071537,0.133924855732693,0.760200285916407,0.787781519338077,8525.26610640954,0.23007168494411,0.25,1,4
"UMass-gbqr_2src_utseirs_otid50",2025-03-08,0.222405345461056,0.261335099016911,2366.11781831208,0.0871884296956226,0.252246257327982,0.31297703409726,3469.4580848534,0.132197366978272,0.5,1,4
"UMass-gbqr_2src_utseirs_otid50",2025-03-15,0.141668759166133,0.186831444952284,1382.55635383479,0.0714988174997747,0.139250287064799,0.203091172340918,1796.60720371004,0.100117813299653,0.75,1,4
"UMass-gbqr_2src_utseirs_otid50",2025-03-22,0.140594022333657,0.201361795247265,1189.2689416831,0.0854474274021121,0.150166762629466,0.234137124661228,1738.36798588935,0.13227871567324,0.5,1,4
"UMass-gbqr_2src_utseirs_otid50",2025-03-29,0.126293002930246,0.195968230946612,877.627442650182,0.0907500095356428,0.118305253365634,0.199329097094824,1179.53295236871,0.12857265735366,0.5,1,4
"UMass-gbqr_2src_utseirs_otid50",2025-04-05,0.100771850343632,0.162637979007423,533.151295525649,0.078607619667985,0.0947270604886264,0.164067540297458,767.644416434706,0.117517596822378,0.5,1,4
"UMass-gbqr_2src_utseirs_otid50",2025-04-12,0.129743652815285,0.215141736946901,486.144079916766,0.102035648818313,0.121842871661023,0.221109252105355,745.708835283379,0.160388378501814,0.5,1,4
"UMass-gbqr_2src_utseirs_otid50",2025-04-19,0.303817823541856,0.507876276098809,713.471642672165,0.209977103288702,0.27888555565685,0.534934073921751,1120.84104818488,0.332940084017946,0.25,0.75,4
"UMass-gbqr_2src_utseirs_otid50",2025-04-26,0.511552789072025,0.843183648403039,969.543925261818,0.38637021677949,0.463774751311308,0.962045854018656,1505.56743434028,0.611225250053748,0,0.666666666666667,3
"UMass-gbqr_2src_utseirs_otid50",2025-05-03,0.694630664489253,1.01302576867931,823.797337222141,0.47087345184157,0.659474606721891,1.47607965478167,1241.57085958841,0.734602735835582,0,0.333333333333333,3
"UMass-gbqr_2src_utseirs_otid50",2025-05-10,0.967843160877201,1.29657423104012,737.197579345553,0.578564895832387,1.18858640759807,2.80939064732191,1073.68972153025,0.868688733835477,0,0.333333333333333,3
"UMass-gbqr_2src_utseirs_otid50",2025-05-17,0.923379424366392,0.777802737252135,519.449905462518,0.354844894942179,1.76293290907959,2.74903184692464,738.081244601323,0.521567966355106,0,0.333333333333333,3
"UMass-gbqr_2src_utseirs_otid50",2025-05-24,0.898293240627341,0.916990423562378,697.551780331775,0.608838364881657,1.68126813046462,3.26863653169069,964.48748417654,0.898310238782442,0,0,3
"UMass-gbqr_2src_utseirs_otid50",2025-05-31,1.18637138409439,1.07019157934693,960.003213084036,0.846655720226799,4.80509079747586,9.03256183118163,1227.70069875508,1.146639415641,0,0,2
"UMass-gbqr_2src_utseirs_otid50",2025-06-07,0.809071830550228,0.775672345937971,715.892786677563,0.745785959522855,2.26843676359303,4.09412294328079,977.696245108595,1.01317522782019,0,0,1
"UMass-gbqr_2src_utseirs_otid50",2025-11-22,0.487350497044413,0.325787774115266,440.731184171706,0.138813759277808,0.541718189172509,0.47937782486407,763.822646733237,0.239906645897682,0,1,1
"UMass-gbqr_2src_utseirs_otid50",2025-11-29,0.480654391459094,0.302407972284049,716.846585263613,0.157548750443934,0.441714488107301,0.357127268101281,1100.44053235086,0.24005040339599,0,1,2
"UMass-gbqr_2src_utseirs_otid50",2025-12-06,0.433231588767493,0.245201906006698,1050.91104466795,0.163613140637882,0.384547133818922,0.286415883428571,1566.10134383947,0.240687980974062,0,1,3
"UMass-gbqr_2src_utseirs_otid50",2025-12-13,0.445505485653766,0.247217494389297,1913.69690862036,0.206506770896964,0.407414648246018,0.283653040019194,2811.54164389727,0.298750985474777,0,1,4
"UMass-gbqr_2src_utseirs_otid50",2025-12-20,0.56101399124571,0.37199076391706,6532.57930495525,0.401173641848196,0.609621335664614,0.431154735254517,9146.01139538806,0.56870012944185,0,0.75,4
"UMass-gbqr_2src_utseirs_otid50",2025-12-27,0.644234010190478,0.477497192294089,15716.0729928991,0.604811836277039,0.737587286387044,0.549783224963359,20461.9621021278,0.810573518436234,0,0,4
"UMass-gbqr_2src_utseirs_otid50",2026-01-03,0.568352028807985,0.456081255427677,12572.8209511952,0.426347466855067,0.650107130521167,0.524909198396623,16500.1701572836,0.576888164402134,0.25,0.5,4
"UMass-gbqr_2src_utseirs_otid50",2026-01-10,0.905592809480451,0.614607453284141,7825.08244337558,0.241580601080867,1.10628783318457,0.761188110162815,12972.4003613417,0.397548794588009,0,1,4
"UMass-gbqr_2src_utseirs_otid50",2026-01-17,1.61104657124621,1.35736750081983,13631.921341483,0.443661316450479,1.97416096847696,1.68825418012095,21494.4958755911,0.690780876964961,0,0.75,4
"UMass-gbqr_2src_utseirs_otid50",2026-01-24,1.24458385594853,1.04997572421744,13151.9407218887,0.454527889493144,1.46494036428488,1.251357005474,20182.1894980312,0.683760518162118,0,0.5,4
"UMass-gbqr_2src_utseirs_otid50",2026-01-31,0.991241601643007,0.978248904705718,7503.05871218365,0.327757619066396,1.10034328813264,1.09553678617518,11188.4541211213,0.481056892409099,0,0.5,4
"UMass-gbqr_2src_utseirs_otid50",2026-02-07,1.12462273269586,1.42919795861284,3177.71813436907,0.225694718768869,1.14447450126246,1.46012674602992,4946.63908567519,0.340450136325356,0,0.5,4
"UMass-gbqr_2src_utseirs_otid50",2026-02-14,2.904631564386,3.16005645662622,4291.89766107016,0.334077779911726,2.75855980489852,3.26750870687422,5791.10202617014,0.450410976550024,0,0.25,4
"UMass-gbqr_2src_utseirs_otid50",2026-02-21,3.65968450917047,3.71605622887913,3342.20778258394,0.290736510871871,6.11277787258308,7.59379036865153,4718.92507812008,0.413985429422465,0,0,4
"UMass-gbqr_2src_utseirs_otid50",2026-02-28,0.374348401103536,0.435760906681426,634.741200741321,0.0619728451619121,0.300378325054932,0.357196948694274,836.528143878474,0.079780620180522,0.75,1,4
"UMass-gbqr_2src_utseirs_otid50",2026-03-07,0.242096768602482,0.281486167825456,467.569937778058,0.0507383457341117,0.159932447323368,0.196705487793918,532.600513345602,0.0572006686099922,0.75,1,4
"UMass-gbqr_2src_utseirs_otid50",2026-03-14,0.204730129112302,0.237991499923856,445.344138679671,0.0560683191877571,0.151800743775398,0.193364101492493,570.199284190675,0.0728563159656277,1,1,4
"UMass-gbqr_2src_utseirs_otid50",2026-03-21,0.196374835656522,0.232651888032468,419.759784400211,0.066677685062281,0.148651290545389,0.203194495983426,534.867643233888,0.0883499498595719,0.75,1,4
"UMass-gbqr_2src_utseirs_otid50",2026-03-28,0.237154767262627,0.285913495798338,638.418060144562,0.157371035836919,0.220090894229889,0.304506327360401,1023.8147762863,0.261236586282034,0,1,4
"UMass-gbqr_2src_utseirs_otid50",2026-04-04,0.22103904829661,0.310602454182851,402.794784869969,0.139406635623936,0.184463976450455,0.322019775022173,573.177154493872,0.208806052741412,0.5,1,4
"UMass-gbqr_2src_utseirs_otid50",2026-04-11,0.247288600332998,0.371222234137977,337.103766215552,0.175845657071503,0.218729466022633,0.450296299884873,492.414710383451,0.272697042948134,0.5,1,4
"UMass-gbqr_2src_utseirs_otid50",2026-04-18,0.521158868960325,0.692285707098134,479.825645767675,0.342572282910648,0.669346121199703,1.41372485615856,849.567564332723,0.608599742549146,0.25,1,4
"UMass-gbqr_2src_utseirs_otid50",2026-04-25,1.00277889990339,1.16532676840684,648.748136285615,0.628106847163695,2.24656068296602,4.52372883535246,1072.73272611627,0.977694992266671,0,1,4
"UMass-gbqr_2src_utseirs_otid50",2026-05-02,0.865189689863594,0.928453849947425,508.875610531627,0.536957171532529,2.80767702082443,5.37013209990071,851.428056565008,0.829262856042489,0,1,4
"UMass-gbqr_2src_utseirs_otid50",2026-05-09,0.656556136928697,0.639186639280434,360.62844481556,0.402518845300546,3.35048804123062,5.41936397520398,623.190775668896,0.626677434495076,0.25,1,4
"UMass-gbqr_2src_utseirs_otid50",2026-05-16,0.469631608041537,0.474903143877883,254.554267366013,0.304619410755312,1.92228173785184,3.191250963205,428.66882754096,0.493634700703088,0.5,1,4
"UMass-gbqr_2src_utseirs_otid50",2026-05-23,0.371884680016514,0.343495573081114,197.140111101537,0.221668548423689,1.73347285423654,2.34962306684001,346.694570847308,0.343244155323075,0.5,1,4
"UMass-gbqr_2src_utseirs_otid50",2026-05-30,0.240223097728104,0.239178582287992,125.909072215657,0.15830213531358,0.835645795035399,1.11593843183513,195.750027487042,0.211715303072936,0.75,1,4
"UMass-gbqr_2src_utseirs_otid50",2026-06-06,0.243300809031019,0.240413656074501,146.823928223252,0.197495645423291,1.46675086973652,1.90368499417804,267.437575248625,0.299861533484498,0.666666666666667,1,3
"UMass-gbqr_2src_utseirs_otid50",2026-06-13,0.188517083574001,0.210726064459158,128.869581637618,0.217129995492035,0.911077795019272,1.24302887546398,247.357621347732,0.337847097416584,1,1,2
"UMass-gbqr_2src_utseirs_otid50",2026-06-20,0.182781152194017,0.242613481388699,137.064009877316,0.279375615592617,0.918084996370986,1.3471500518009,280.934008889522,0.444401128543333,1,1,1
"UMass-gbqr_4src",2025-11-22,0.524106154105554,0.34602381405132,473.97084302054,0.14743606189198,0.508231408743059,0.446165466200039,716.606286327714,0.22328538150837,0,1,1
"UMass-gbqr_4src",2025-11-29,0.439682288715864,0.2734149485733,654.713368264809,0.142302954388016,0.373521650609778,0.294056114760997,933.800851064251,0.198451552204989,0,1,2
"UMass-gbqr_4src",2025-12-06,0.262718798819031,0.151810586172768,638.169354783803,0.101491067893176,0.265656089184328,0.191010535790123,1082.8413978936,0.160680392059946,0.333333333333333,1,3
"UMass-gbqr_4src",2025-12-13,0.248686897628297,0.140749402228187,1070.26137842624,0.117874678296463,0.212609670460081,0.141050573081789,1460.15988133565,0.147864667313583,0.75,1,4
"UMass-gbqr_4src",2025-12-20,0.256974664263491,0.167613426718099,3021.09589559721,0.183032536527953,0.276391099228075,0.170437643447431,4213.58904487178,0.229003784800931,0.25,0.75,4
"UMass-gbqr_4src",2025-12-27,0.412634769690215,0.272592997946208,10066.2151598332,0.345274222141537,0.452010389156711,0.279748134435789,12539.5592133882,0.412446977844227,0,0,4
"UMass-gbqr_4src",2026-01-03,0.35665839442338,0.25041846672978,7935.42666505814,0.235407671230458,0.43623725868713,0.281657877769296,11201.3382509369,0.312868045371508,0,0.25,4
"UMass-gbqr_4src",2026-01-10,0.36714000929235,0.255818370667089,3114.62416663384,0.0998332860902868,0.390190666675418,0.262472927886242,4503.36453961535,0.13749418983311,0.75,1,4
"UMass-gbqr_4src",2026-01-17,1.21097809693563,1.16812305331471,9177.83947888663,0.350596432040571,1.594275662075,1.5310040748724,15520.0847944595,0.576529487607916,0,0.5,4
"UMass-gbqr_4src",2026-01-24,1.0965120824505,1.05821645065703,9808.44821897602,0.405140303819611,1.34395337628908,1.28568264516298,15853.970585034,0.631844457028361,0.25,0.5,4
"UMass-gbqr_4src",2026-01-31,1.15242340280926,1.10136831571729,7745.60658018712,0.339914668033009,1.46892471951937,1.39520976083682,13451.897099918,0.574859756887164,0.25,0.75,4
"UMass-gbqr_4src",2026-02-07,1.58890164593849,1.46405987179187,4174.03025154429,0.213350310547203,1.95350361431219,1.77843016802507,8001.09490352727,0.391356649414223,0.25,0.75,4
"UMass-gbqr_4src",2026-02-14,1.93750379439341,1.8985221625694,2766.75659665221,0.191984496315331,2.08004324990766,2.18832247103676,4264.94415590246,0.291539467783454,0.25,0.75,4
"UMass-gbqr_4src",2026-02-21,2.66228457465277,2.51393566593682,2355.53954859937,0.189458119076829,5.36662498587459,6.16125456159267,4095.88429521612,0.330086905144523,0,0.75,4
"UMass-gbqr_4src",2026-02-28,0.407665785132429,0.48550853688185,687.078097258765,0.0686275451732695,0.455947118338668,0.562890101950252,1264.86311189585,0.12526529283507,0.25,1,4
"UMass-gbqr_4src",2026-03-07,0.305511991289817,0.352508168666649,588.603516006626,0.0633276416258398,0.262181313082944,0.320261072852853,859.161240265425,0.0916213576583833,0.25,1,4
"UMass-gbqr_4src",2026-03-14,0.254743910967823,0.282937330151864,544.375350389106,0.0653280697920053,0.226014880669328,0.271520325281656,827.204068357691,0.0995917953278203,0.25,1,4
"UMass-gbqr_4src",2026-03-21,0.234252544195993,0.256903765787168,495.261915932154,0.0727321560006081,0.240286948813729,0.293630885436399,873.521969968316,0.129193385092733,0.5,1,4
"UMass-gbqr_4src",2026-03-28,0.468021365416877,0.559406569556767,1229.86840182052,0.300902739360597,0.380236089223178,0.493076478503881,1723.11743482947,0.41287707105699,0,0,4
"UMass-gbqr_4src",2026-04-04,0.3539684081717,0.435941385628884,648.472763586376,0.197169078707755,0.305789444988875,0.444671064186557,954.257290901806,0.29021536201626,0,0.5,4
"UMass-gbqr_4src",2026-04-11,0.279419736849593,0.319961064090742,380.904924529944,0.151563560525907,0.25152644413591,0.377712497041638,566.248907360967,0.228740678202652,0,0.5,4
"UMass-gbqr_4src",2026-04-18,0.294315225681912,0.29179007216245,270.973021151509,0.144390083640978,0.331752047436428,0.522516022618322,421.076286208686,0.224939892269708,0,0.75,4
"UMass-gbqr_4src",2026-04-25,0.543536246100927,0.412107153632296,351.640951655075,0.222124241868627,1.12806521461448,1.56462826396589,538.651139978414,0.338156700835752,0,0.5,4
"UMass-gbqr_4src",2026-05-02,0.442684500240982,0.31907028668609,260.372202734563,0.184529450406973,1.29016638060879,1.76290739595515,391.242954919615,0.272230476813637,0,0.5,4
"UMass-gbqr_4src",2026-05-09,0.301304098191342,0.206565872528634,165.498153525141,0.130081968832027,1.43875507346054,1.78850328132693,267.60844366366,0.206816639933434,0,1,4
"UMass-gbqr_4src",2026-05-16,0.138551622638934,0.0996348437966482,75.0990908391045,0.0639092577071609,0.533576501872126,0.646996484761218,118.987559917484,0.100079849498987,0.5,1,4
"UMass-gbqr_4src",2026-05-23,0.11900727444847,0.084172776362195,63.087049742465,0.0543193526066012,0.546419249702832,0.641584857556697,109.283849940566,0.0937257790868968,0.5,1,4
"UMass-gbqr_4src",2026-05-30,0.0683421055141036,0.050355281166855,35.8204151887374,0.0333280198284254,0.184816467568254,0.210935666393315,43.2932575278635,0.0400186132723408,0.5,1,4
"UMass-gbqr_4src",2026-06-06,0.0517452793528567,0.0377962188743067,31.2265512468039,0.0310489377476461,0.163523038199842,0.183459264070376,29.8157006317712,0.0288978357366488,0.666666666666667,1,3
"UMass-gbqr_4src",2026-06-13,0.0842279830142444,0.0613794536937878,57.5779379112089,0.0632447653689216,0.404965964295688,0.438347561560584,109.948259306279,0.119139992848197,0,1,2
"UMass-gbqr_4src",2026-06-20,0.0713573972884586,0.0565252119435675,53.5095161036247,0.0650902241410765,0.299173332740927,0.335190293634089,91.5470398187236,0.110573387551468,0,1,1
"UMass-gbqr_5src_mobsgleam_otid10",2025-11-22,0.375866914144192,0.250767016706133,339.911975398351,0.106848430351297,0.437298587135161,0.377585814055709,616.591007860578,0.188964406549962,0,1,1
"UMass-gbqr_5src_mobsgleam_otid10",2025-11-29,0.378949436627262,0.245937716630879,562.925820630826,0.127699567464376,0.382085955525111,0.31093647541361,939.440949604887,0.206296773095302,0.5,1,2
"UMass-gbqr_5src_mobsgleam_otid10",2025-12-06,0.373157595152489,0.224957221717364,909.388770862446,0.150911960466489,0.416339483059701,0.319488629515402,1697.72462316388,0.26869317936031,0.333333333333333,1,3
"UMass-gbqr_5src_mobsgleam_otid10",2025-12-13,0.419136260428259,0.254974677465113,1810.42999355739,0.214302817492962,0.500929258750769,0.372101783417148,3481.40843445613,0.394724431668516,0.25,1,4
"UMass-gbqr_5src_mobsgleam_otid10",2025-12-20,0.504227082149672,0.353934458258264,5899.25661914733,0.38453733213399,0.646001890974884,0.479565323691794,9745.58055925418,0.637742308463948,0,0.75,4
"UMass-gbqr_5src_mobsgleam_otid10",2025-12-27,0.565534058048483,0.417262230488686,13796.1895765678,0.528516481151337,0.695283388933192,0.523499106238232,19288.3779549374,0.771821498318774,0,0,4
"UMass-gbqr_5src_mobsgleam_otid10",2026-01-03,0.461045183775831,0.35091179463578,10226.1466082814,0.328826996027859,0.622431186416006,0.468276435828108,15899.3023063134,0.517202433254798,0,0.5,4
"UMass-gbqr_5src_mobsgleam_otid10",2026-01-10,0.490593199607732,0.342593178392277,4190.69661204585,0.13408848815172,0.703386219695627,0.494701961562242,8151.08166686653,0.257707911933015,0.25,1,4
"UMass-gbqr_5src_mobsgleam_otid10",2026-01-17,1.41219437802809,1.32573656379862,11079.7230873681,0.408837872406319,1.70522123812028,1.58758385031848,17310.5546833674,0.616819637486086,0,0.5,4
"UMass-gbqr_5src_mobsgleam_otid10",2026-01-24,1.29041817719641,1.20871505773975,12043.5988842334,0.476227580626524,1.45625559538159,1.3269912918458,18030.8843310767,0.672702189012165,0.25,0.25,4
"UMass-gbqr_5src_mobsgleam_otid10",2026-01-31,1.24040140830118,1.18025922764823,8582.17241323591,0.370603855335757,1.40200732884611,1.29400399739792,13279.8574386448,0.541977550695222,0.25,0.5,4
"UMass-gbqr_5src_mobsgleam_otid10",2026-02-07,1.54919856922349,1.47361211625932,4034.20864179298,0.212768472495431,1.58986846448975,1.49889714384143,6428.15238556659,0.325262643487643,0.25,1,4
"UMass-gbqr_5src_mobsgleam_otid10",2026-02-14,1.97438141768852,1.9709537612721,2808.27179850612,0.199038241743919,1.84539974165514,2.01525932495736,3711.52702061196,0.264789135008931,0.25,0.5,4
"UMass-gbqr_5src_mobsgleam_otid10",2026-02-21,3.10334635914223,2.9159280695242,2767.24320324464,0.221407799420816,5.2702433958674,6.01309189352489,4017.327988579,0.321668529930061,0,0.5,4
"UMass-gbqr_5src_mobsgleam_otid10",2026-02-28,0.543100595723932,0.650176126096548,915.127340458692,0.0918625674503345,0.587641411696157,0.730498508364687,1612.57525346772,0.160729535342402,0.25,1,4
"UMass-gbqr_5src_mobsgleam_otid10",2026-03-07,0.337293721688546,0.411923621462575,643.734479114146,0.0732386194000864,0.355207319095571,0.463580150996681,1152.06852428759,0.13108808293041,0.25,1,4
"UMass-gbqr_5src_mobsgleam_otid10",2026-03-14,0.134363126084612,0.163461950394021,289.818409925398,0.0380314330753714,0.117763730215689,0.157932003673487,432.209554701634,0.0579622496522356,1,1,4
"UMass-gbqr_5src_mobsgleam_otid10",2026-03-21,0.109857753604515,0.127541068966688,236.755887491193,0.0367994186665525,0.0701869161095147,0.0920287568032513,256.603586495039,0.0406806008155525,1,1,4
"UMass-gbqr_5src_mobsgleam_otid10",2026-03-28,0.398474527470784,0.483605194096177,1034.23716109426,0.257654860146,0.35039989242769,0.466311123127974,1558.08188633342,0.384640813269618,0,0.25,4
"UMass-gbqr_5src_mobsgleam_otid10",2026-04-04,0.241457041935356,0.292827867807212,440.513637281925,0.132152398273249,0.252416940221419,0.369789757546693,779.66500419321,0.239690371207069,0,1,4
"UMass-gbqr_5src_mobsgleam_otid10",2026-04-11,0.169685587696131,0.194155760712485,231.315356259194,0.0919703729384232,0.168529552373818,0.252689436011548,379.402154781557,0.153027377755932,0.75,1,4
"UMass-gbqr_5src_mobsgleam_otid10",2026-04-18,0.214449225829112,0.23035938656143,197.441211109208,0.113991579105444,0.20194868144854,0.339954877752341,256.323363928559,0.146348456828149,0.75,1,4
"UMass-gbqr_5src_mobsgleam_otid10",2026-04-25,0.511118012541704,0.409823316607402,330.667964882773,0.220893262102237,1.12381289615017,1.56539505396007,536.620657911707,0.338322424017824,0,1,4
"UMass-gbqr_5src_mobsgleam_otid10",2026-05-02,0.43769296982353,0.330249104487927,257.436351650776,0.190994549763599,1.33886039799761,1.83394700463326,406.009415692776,0.283200506542634,0,1,4
"UMass-gbqr_5src_mobsgleam_otid10",2026-05-09,0.301271310195258,0.219611166225113,165.480143969869,0.138297060063009,1.39922932997521,1.73177475444469,260.256655375389,0.200256739573925,0.25,1,4
"UMass-gbqr_5src_mobsgleam_otid10",2026-05-16,0.169343005700201,0.134369130119745,91.7889341591348,0.0861890382669389,0.562930046133988,0.671481194823593,125.533400287879,0.103867236533977,0.5,1,4
"UMass-gbqr_5src_mobsgleam_otid10",2026-05-23,0.124852615648589,0.10429735069545,66.1857286489653,0.0673063763987358,0.370112526016212,0.435718680376891,74.0225052032424,0.0636518650651443,0.75,1,4
"UMass-gbqr_5src_mobsgleam_otid10",2026-05-30,0.113341033837881,0.0938936252168048,59.4058795738416,0.0621441987905766,0.375514635348371,0.417833188098631,87.9643033303558,0.0792711116748261,0.75,1,4
"UMass-gbqr_5src_mobsgleam_otid10",2026-06-06,0.0752525542188655,0.0633240135736896,45.4124080526114,0.0520195779879224,0.240396558308492,0.262931961125545,43.8323057982483,0.0414160858053275,1,1,3
"UMass-gbqr_5src_mobsgleam_otid10",2026-06-13,0.123791070103313,0.0973875700324087,84.6231180338876,0.10034716254199,0.523250874478855,0.558880777778554,142.062612421009,0.151900130641719,0,1,2
"UMass-gbqr_5src_mobsgleam_otid10",2026-06-20,0.12736613124682,0.107365448043003,95.5093698759443,0.123634053510549,0.5289363215781,0.569591622020834,161.854514402899,0.187898266638153,0,1,1
"UMass-gbqr_5src_mobsgleam_otid50",2025-11-22,0.35203955404317,0.236704632931209,318.363909485428,0.100856639034064,0.472596004003068,0.411418074589789,666.360365644325,0.205895903433801,0,1,1
"UMass-gbqr_5src_mobsgleam_otid50",2025-11-29,0.439380634328345,0.284813138831844,662.032668032867,0.149935444465793,0.578190074134876,0.482646562514606,1455.81445792308,0.328037542778024,0.5,1,2
"UMass-gbqr_5src_mobsgleam_otid50",2025-12-06,0.482380587057599,0.289726698934942,1183.03726348863,0.195713493693893,0.593048218563877,0.469928248374304,2442.31183427776,0.399997415881734,0.333333333333333,1,3
"UMass-gbqr_5src_mobsgleam_otid50",2025-12-13,0.538119136896881,0.328404755361881,2329.07569192744,0.276802351606528,0.637008472066907,0.493616285412225,4442.14749378491,0.526434874806901,0,1,4
"UMass-gbqr_5src_mobsgleam_otid50",2025-12-20,0.617784520626776,0.454867928404225,7223.99920010287,0.493954055511409,0.755026461762706,0.610260118365916,11390.5217373942,0.812443051585552,0,0.75,4
"UMass-gbqr_5src_mobsgleam_otid50",2025-12-27,0.643873872349362,0.500546073689996,15707.2874390336,0.634006220047582,0.758606393350095,0.610319622839357,21045.06891272,0.899825424990992,0,0,4
"UMass-gbqr_5src_mobsgleam_otid50",2026-01-03,0.512393624359444,0.403549142346291,11338.6439101032,0.377391105822445,0.62903870288889,0.498512304085317,15986.658680686,0.548388338805798,0.25,0.5,4
"UMass-gbqr_5src_mobsgleam_otid50",2026-01-10,0.641665399043707,0.434362136306309,5544.34775447137,0.171326229978709,0.879902202368743,0.599341570328429,10327.2503292303,0.314847820748781,0.25,1,4
"UMass-gbqr_5src_mobsgleam_otid50",2026-01-17,1.53703799260822,1.38322749243711,12371.7325146041,0.435380450258235,1.95122902598562,1.73793429874618,20105.9228303885,0.68167152899305,0,0.5,4
"UMass-gbqr_5src_mobsgleam_otid50",2026-01-24,1.4053262959928,1.2579340009615,13438.0372871397,0.504261394577503,1.65633542642122,1.4399791388677,20881.6540331675,0.738248472254074,0.25,0.25,4
"UMass-gbqr_5src_mobsgleam_otid50",2026-01-31,1.32354537757577,1.21449742959563,9299.88717137012,0.385091204594468,1.54572979412986,1.36252781488404,14762.5335937644,0.573218320068296,0.25,0.5,4
"UMass-gbqr_5src_mobsgleam_otid50",2026-02-07,1.57437211748086,1.48773428988024,4099.6735343251,0.21493390381437,1.76343362844122,1.63649664155978,7153.17653370016,0.35664049356419,0.25,1,4
"UMass-gbqr_5src_mobsgleam_otid50",2026-02-14,1.94034194584668,1.94095324087994,2772.9697748926,0.196920509553007,2.00565727192852,2.18412137775221,4074.1044014613,0.289546908799088,0.25,0.75,4
"UMass-gbqr_5src_mobsgleam_otid50",2026-02-21,3.0179249952147,2.84578817968206,2696.44171840082,0.216569806364198,5.34731518046711,6.12085669236993,4075.64975129618,0.327452725498132,0,1,4
"UMass-gbqr_5src_mobsgleam_otid50",2026-02-28,0.573221297006595,0.690629230461906,965.671140460821,0.0975748689579378,0.646450948384447,0.812970419538222,1772.08332438954,0.17868311246298,0.25,1,4
"UMass-gbqr_5src_mobsgleam_otid50",2026-03-07,0.366769700720283,0.452450560107358,698.103280866776,0.080224256712604,0.373913112885988,0.496373677785549,1209.31277494656,0.139957443179496,0.25,1,4
"UMass-gbqr_5src_mobsgleam_otid50",2026-03-14,0.148283186712506,0.184092849849924,318.1845210547,0.0425764696183323,0.120191703379885,0.166901668188069,439.822465874737,0.0610494485467177,1,1,4
"UMass-gbqr_5src_mobsgleam_otid50",2026-03-21,0.114175356161603,0.135570753819503,245.651049242979,0.0390246057044158,0.0319791946170244,0.0427883315169466,119.901321197728,0.0193802824778317,1,1,4
"UMass-gbqr_5src_mobsgleam_otid50",2026-03-28,0.360655795739436,0.440786825562952,932.687717189887,0.234133767726521,0.327810609247556,0.441447862826312,1453.98084819524,0.363361871302504,0,0.5,4
"UMass-gbqr_5src_mobsgleam_otid50",2026-04-04,0.200702823192465,0.246135548857656,364.63541713339,0.110639846857712,0.221276746046923,0.328543785378326,682.462784559834,0.212711864054827,0.25,1,4
"UMass-gbqr_5src_mobsgleam_otid50",2026-04-11,0.154222806124905,0.183059411936853,210.236495782774,0.0867141017291394,0.132909619439728,0.20835902814706,299.212780763687,0.126181118658486,1,1,4
"UMass-gbqr_5src_mobsgleam_otid50",2026-04-18,0.247189353487733,0.273187778437916,227.584712125805,0.135184880986571,0.235874006063562,0.401947241232176,299.383082196176,0.173035783070936,0.75,1,4
"UMass-gbqr_5src_mobsgleam_otid50",2026-04-25,0.5734810344533,0.473035908371973,371.013742244248,0.254964616842137,1.303588218027,1.857508109425,622.463374107894,0.401455622734748,0,1,4
"UMass-gbqr_5src_mobsgleam_otid50",2026-05-02,0.517384062847876,0.406311727776604,304.307984648495,0.234984211783682,1.6660406443629,2.36951049639755,505.22682540305,0.365902924753306,0,1,4
"UMass-gbqr_5src_mobsgleam_otid50",2026-05-09,0.371756842361673,0.282112454699084,204.195931421159,0.177656372226762,1.79754809760906,2.2826075222693,334.343946155285,0.263953230039517,0,1,4
"UMass-gbqr_5src_mobsgleam_otid50",2026-05-16,0.220021195480768,0.187530259022106,119.258016840399,0.120288437207723,0.825848603857458,1.02865304568518,184.164238660213,0.159115921683627,0.25,1,4
"UMass-gbqr_5src_mobsgleam_otid50",2026-05-23,0.184185818377388,0.15692046615264,97.6389043416183,0.101265735793952,0.723208319903511,0.861187040711196,144.641663980702,0.125806314440741,0.25,1,4
"UMass-gbqr_5src_mobsgleam_otid50",2026-05-30,0.102331513554682,0.0981202959692645,53.635416627077,0.0649416524713421,0.147448439066832,0.169750103796287,34.5397968514054,0.032204908126332,1,1,4
"UMass-gbqr_5src_mobsgleam_otid50",2026-06-06,0.0839578912726864,0.0843296291317906,50.6657887866905,0.069275326558524,0.150497628551356,0.172323787134429,27.4407342725305,0.0271438159275386,1,1,3
"UMass-gbqr_5src_mobsgleam_otid50",2026-06-13,0.101758936842329,0.0938928765178204,69.56203315978,0.096746265856447,0.335171989489506,0.367599869752792,90.9991951464008,0.0999112341298898,1,1,2
"UMass-gbqr_5src_mobsgleam_otid50",2026-06-20,0.110262525192714,0.103982374434106,82.6837103317411,0.119738357909997,0.414739228943889,0.455353815548725,126.91020405683,0.150213221790585,1,1,1
"UMass-gbqr_5src_nihflu_otid10",2025-11-22,0.391986928256987,0.253599409206339,354.489969987222,0.108055274444117,0.42280902016141,0.363861843095416,596.160718427588,0.182096187640557,0,1,1
"UMass-gbqr_5src_nihflu_otid10",2025-11-29,0.369495466850378,0.228511689211843,552.490576690372,0.119410075897961,0.389862421132713,0.309102570873527,972.932826201492,0.208200654124386,0,1,2
"UMass-gbqr_5src_nihflu_otid10",2025-12-06,0.317356511327688,0.179218948816269,773.798721315749,0.120290297592406,0.334130873463717,0.242543502643907,1367.1274987725,0.204878715589058,0,1,3
"UMass-gbqr_5src_nihflu_otid10",2025-12-13,0.248936779111274,0.140743729545149,1076.10591183608,0.118383413753661,0.279159649874023,0.186943712757868,1940.81806321226,0.19842335887827,0.5,1,4
"UMass-gbqr_5src_nihflu_otid10",2025-12-20,0.332743731859025,0.215673926911383,3892.52193581701,0.234069288179295,0.446782808827974,0.293158797235348,6743.48300735339,0.389616669737981,0,0.75,4
"UMass-gbqr_5src_nihflu_otid10",2025-12-27,0.394086200639856,0.267604771960274,9613.72326946701,0.33895598997807,0.551648488711052,0.364048667399165,15303.6944616998,0.536735563795039,0,0.5,4
"UMass-gbqr_5src_nihflu_otid10",2026-01-03,0.280835998860779,0.203982883032385,6232.45888016404,0.191223080784162,0.420957280311551,0.286346210522737,10714.163515889,0.31543613245678,0.5,1,4
"UMass-gbqr_5src_nihflu_otid10",2026-01-10,0.578764464158237,0.365773921005775,4912.16323619968,0.143059877193218,0.701664632979338,0.445589405075004,8089.82345939499,0.232994587885153,0.5,1,4
"UMass-gbqr_5src_nihflu_otid10",2026-01-17,1.3321655649143,1.21607920830235,10503.1131872573,0.377900544977836,1.67920663385709,1.55267861434484,17095.7757186679,0.606070164661833,0,0.5,4
"UMass-gbqr_5src_nihflu_otid10",2026-01-24,0.980909564118086,0.934492117997297,9313.88932600416,0.375406224727104,1.10543204292965,1.07578027170668,13829.5144322521,0.54991177432337,0.25,0.5,4
"UMass-gbqr_5src_nihflu_otid10",2026-01-31,0.820171227412027,0.815741053941201,5692.66588947863,0.258582521140939,0.946872730519534,0.983560524531055,8937.02155276344,0.412166768508132,0.25,0.75,4
"UMass-gbqr_5src_nihflu_otid10",2026-02-07,1.02895287754898,0.993436824727349,2728.63919994008,0.146097176777825,1.02759309999003,1.0419426766813,4187.16310015148,0.226990539751576,0.25,1,4
"UMass-gbqr_5src_nihflu_otid10",2026-02-14,1.28333807900625,1.23604699717212,1891.71347667394,0.129087679031013,1.21696073960498,1.24406624628289,2431.75399798351,0.162047789993363,0.25,1,4
"UMass-gbqr_5src_nihflu_otid10",2026-02-21,1.57825298206698,1.45537247924431,1409.73898197615,0.110819898347331,2.53383431619426,2.64771911748769,1909.89354490143,0.1397197187382,0.5,1,4
"UMass-gbqr_5src_nihflu_otid10",2026-02-28,0.462496913050768,0.47467918535211,771.29759617073,0.0663184319190984,0.349124105178608,0.370974041735296,948.076269848993,0.0806081399969072,1,1,4
"UMass-gbqr_5src_nihflu_otid10",2026-03-07,0.444071317241039,0.462237862612017,849.670384695846,0.0826370950883146,0.405128257009079,0.458935292223384,1318.99277438249,0.13061014876888,0.75,1,4
"UMass-gbqr_5src_nihflu_otid10",2026-03-14,0.31516349178272,0.33616416157967,674.255429284312,0.0778070160893722,0.297572351771643,0.348469273151601,1085.41446330944,0.127373096072543,0.75,1,4
"UMass-gbqr_5src_nihflu_otid10",2026-03-21,0.25296002541446,0.273283421726173,540.844865984127,0.078331326383112,0.234793658809867,0.293573370446756,861.865402153051,0.130383844369315,0.5,1,4
"UMass-gbqr_5src_nihflu_otid10",2026-03-28,0.3579243713922,0.420128512034023,944.267241101428,0.226527004805872,0.354454028383413,0.464183880983251,1608.49644051329,0.389364461811514,0,1,4
"UMass-gbqr_5src_nihflu_otid10",2026-04-04,0.250225896651844,0.322965433587335,456.435901339401,0.145117664275624,0.262097735514527,0.400418870682791,814.969806777971,0.260465993780103,0.25,1,4
"UMass-gbqr_5src_nihflu_otid10",2026-04-11,0.188349241660749,0.238973083826401,256.757645286445,0.113200059380705,0.186833016677665,0.30733411064459,420.607828795593,0.186119901920806,0.5,1,4
"UMass-gbqr_5src_nihflu_otid10",2026-04-18,0.276859747014947,0.311388697024453,254.90194029229,0.154088313132135,0.242236006506393,0.416853580887006,307.45805125824,0.179452869420348,0.25,1,4
"UMass-gbqr_5src_nihflu_otid10",2026-04-25,0.656674522581749,0.537005603722196,424.835796517259,0.289444047633366,1.2128654691121,1.74342573662852,579.143261501026,0.376799466574952,0,0.75,4
"UMass-gbqr_5src_nihflu_otid10",2026-05-02,0.529923528173709,0.410611540381617,311.683278353659,0.237470943046241,1.42532873881153,2.01187351206844,432.230940044596,0.310676151643449,0,1,4
"UMass-gbqr_5src_nihflu_otid10",2026-05-09,0.414151607333562,0.320535049086132,227.482223788561,0.201852463596157,1.70286090125164,2.26213699777127,316.732127632804,0.261586085881292,0,1,4
"UMass-gbqr_5src_nihflu_otid10",2026-05-16,0.23153245675185,0.192800326961347,125.497462033491,0.123668842267128,0.751097375117877,0.978397861465469,167.494714651287,0.151342260787912,0.25,1,4
"UMass-gbqr_5src_nihflu_otid10",2026-05-23,0.209612610129517,0.166807144803043,111.117923027593,0.107645921964937,0.721269484742177,0.857586342414358,144.253896948435,0.125280307242857,0,1,4
"UMass-gbqr_5src_nihflu_otid10",2026-05-30,0.0778505962177953,0.073292615887914,40.8041376284008,0.0485092665354315,0.16632110984619,0.197764956292964,38.96071998147,0.037519872480704,0.25,1,4
"UMass-gbqr_5src_nihflu_otid10",2026-06-06,0.110842568627062,0.100419295452324,66.8897954141442,0.0824927081603179,0.46755872350025,0.548301757955391,85.251540584879,0.0863664978478959,0,1,3
"UMass-gbqr_5src_nihflu_otid10",2026-06-13,0.0456144552344239,0.0470965138356541,31.1818730230915,0.0485277692774834,0.0717172926841556,0.0827430754890487,19.4712449637482,0.022489025345338,1,1,2
"UMass-gbqr_5src_nihflu_otid10",2026-06-20,0.0443519545491679,0.0499443932032819,33.2586629607885,0.0575122434116166,0.011369095606023,0.01343888933362,3.47894325544303,0.00443325342878165,1,1,1
"UMass-gbqr_5src_nihflu_otid50",2025-11-22,0.411198135577221,0.268709586176426,371.863458273299,0.114493516254347,0.502965279860201,0.440992361695991,709.181044602884,0.220696479631659,0,1,1
"UMass-gbqr_5src_nihflu_otid50",2025-11-29,0.375565193413739,0.234319588178443,726.411160747002,0.16366298638305,0.451115680047665,0.364644400357617,1450.15782032511,0.325316946339978,0,1,1
"UMass-gbqr_5src_nihflu_otid50",2025-12-06,0.345310643124271,0.196988438373265,904.017604549081,0.14340517909681,0.390653173481319,0.28847028089613,1699.77457619374,0.262215851493902,0,1,2
"UMass-gbqr_5src_nihflu_otid50",2025-12-13,0.279104401149341,0.157380016754608,1214.53988094485,0.133119750587348,0.332637520673809,0.227049552282467,2344.01791280851,0.245725146278119,0,1,3
"UMass-gbqr_5src_nihflu_otid50",2025-12-20,0.363257439533174,0.234289227638482,4015.19144068229,0.230355882390024,0.441442812793051,0.291851067881381,6136.40905108469,0.345888019954446,0,0.666666666666667,3
"UMass-gbqr_5src_nihflu_otid50",2025-12-27,0.392896664968163,0.262808172475807,9584.70457571867,0.332880477516628,0.527860652469892,0.344443189836663,14643.7782556566,0.507830205815957,0,0.5,4
"UMass-gbqr_5src_nihflu_otid50",2026-01-03,0.243344173613857,0.172138186382629,6712.67181495306,0.203817902317969,0.356795922085007,0.234457195204747,11419.1269804204,0.328917716537932,0.333333333333333,1,3
"UMass-gbqr_5src_nihflu_otid50",2026-01-10,0.75548023215422,0.409311376871121,5400.82897545083,0.156191268281421,0.897477413013208,0.469574611245559,7930.73003195147,0.213681834342156,0.5,1,2
"UMass-gbqr_5src_nihflu_otid50",2026-01-17,1.86346752427116,1.54079426200307,8992.70366645879,0.315200821696657,2.28289083188577,1.87341978563798,15763.4653817586,0.541662027537512,0,1,2
"UMass-gbqr_5src_nihflu_otid50",2026-01-24,0.989613085287856,0.910369686351834,5015.50289921218,0.231688486657604,1.19378696401619,1.12875747523229,9017.48068663293,0.429278273555807,0,1,1
"UMass-gbqr_5src_nihflu_otid50",2026-01-31,0.839294050393797,0.781584690949117,3499.64304121056,0.177532554743779,1.12459383920439,1.07835470227869,6704.78797410249,0.345864881926152,0.5,1,2
"UMass-gbqr_5src_nihflu_otid50",2026-02-07,0.878058899883389,0.850349859048162,2592.76254570009,0.137299314272794,1.02247192403324,1.02921169927579,4730.28701046244,0.252061802639185,0.666666666666667,1,3
"UMass-gbqr_5src_nihflu_otid50",2026-02-14,0.904150863787246,0.869527408799147,1438.5537461207,0.100115675840331,1.04728990968239,1.05228503057746,2424.93824993879,0.161933940210922,0.666666666666667,1,3
"UMass-gbqr_5src_nihflu_otid50",2026-02-21,1.29663486339387,1.14721141970537,1174.20682269538,0.0884747855131256,1.6977096432114,1.78725121774461,1306.37245136385,0.0964577355701954,0.75,1,4
"UMass-gbqr_5src_nihflu_otid50",2026-02-28,0.639837710046221,0.608087344940487,1065.98907578757,0.0847095577915136,0.615211842168402,0.632074250768119,1662.60461232904,0.136711003128102,1,1,4
"UMass-gbqr_5src_nihflu_otid50",2026-03-07,0.610888109701838,0.614794739344645,1166.78188842338,0.109795274424287,0.648305114905629,0.711205200170563,2105.85535217389,0.202061052359472,0.75,1,4
"UMass-gbqr_5src_nihflu_otid50",2026-03-14,0.409238230469076,0.429268724350347,873.256351137856,0.0991740694246711,0.444294750434369,0.496306382176209,1618.98447249235,0.181340857211937,0.5,1,4
"UMass-gbqr_5src_nihflu_otid50",2026-03-21,0.25713476160262,0.2834318504822,549.02641379013,0.0811908147904054,0.213589445499314,0.265001712742622,772.157209076081,0.115910669392602,0.75,1,4
"UMass-gbqr_5src_nihflu_otid50",2026-03-28,0.307412887818272,0.363446125377082,808.518743280529,0.195405203002698,0.311136783544041,0.41717888623835,1411.63871587144,0.34997829771602,0,1,4
"UMass-gbqr_5src_nihflu_otid50",2026-04-04,0.232905853688335,0.319799778895815,423.212163736,0.143245235504274,0.21372146506987,0.346593182801234,661.508599475566,0.224495366992833,0.75,1,4
"UMass-gbqr_5src_nihflu_otid50",2026-04-11,0.181835866949058,0.262301596869787,247.878614295419,0.124250630514035,0.14413148882114,0.250288680906974,324.476014208592,0.151573493240276,0.5,1,4
"UMass-gbqr_5src_nihflu_otid50",2026-04-18,0.274676812088979,0.341698629505886,252.892134409852,0.169086951206805,0.259194724536928,0.4431015624876,328.982904118495,0.1907524619648,0.25,1,4
"UMass-gbqr_5src_nihflu_otid50",2026-04-25,0.665652543750974,0.592804811498842,430.644130240305,0.319519615637984,1.27988173857032,1.89281752203725,611.143530167328,0.40908690151987,0,1,4
"UMass-gbqr_5src_nihflu_otid50",2026-05-02,0.547029943490096,0.473674593686463,321.744699149723,0.273942501360844,1.49371127534179,2.16982252549819,452.967944247398,0.33506684586646,0,1,4
"UMass-gbqr_5src_nihflu_otid50",2026-05-09,0.459799889058813,0.406638249331175,252.555584497804,0.256074749559977,1.7985157822266,2.4949489164817,334.523935494148,0.288507690815907,0,1,4
"UMass-gbqr_5src_nihflu_otid50",2026-05-16,0.286902342548176,0.2773110996533,155.509583176276,0.17787699420667,0.852546412966862,1.12158758141188,190.11785009161,0.173491385179721,0.25,1,4
"UMass-gbqr_5src_nihflu_otid50",2026-05-23,0.294476818270418,0.27490455642652,156.10536220013,0.177404597769692,0.972165254513347,1.19082711413355,194.433050902669,0.173961710154771,0,1,4
"UMass-gbqr_5src_nihflu_otid50",2026-05-30,0.14866581347909,0.173283790016649,77.9207945545875,0.114689173723072,0.367434531775,0.446754715620817,86.0715390682938,0.0847580899793752,0,1,4
"UMass-gbqr_5src_nihflu_otid50",2026-06-06,0.215564966457842,0.227963209873707,130.086271758426,0.187267819981163,0.941710312863976,1.15312337507827,171.705180378865,0.181635798257205,0,1,3
"UMass-gbqr_5src_nihflu_otid50",2026-06-13,0.127070251586296,0.165386917805573,86.8647543769401,0.170412999501187,0.415302460633207,0.520310005764781,112.754618061916,0.141416847729159,0.5,1,2
"UMass-gbqr_5src_nihflu_otid50",2026-06-20,0.100885653374897,0.145593276491517,75.6521776160956,0.167654373586918,0.314564729494459,0.397633437198868,96.2568072253044,0.131172283296515,1,1,1
"UMass-gbqr_5src_utseirs_otid10",2025-11-22,0.559480074589813,0.391109283180906,505.960940411171,0.166646369816141,0.623194330892026,0.562569584499096,878.704006557757,0.281540311422416,0,1,1
"UMass-gbqr_5src_utseirs_otid10",2025-11-29,0.55790830192117,0.371815349074369,833.20100976142,0.194102897084208,0.581981658758926,0.49279680892571,1452.464745084,0.331626764944555,0,1,2
"UMass-gbqr_5src_utseirs_otid10",2025-12-06,0.527779760599786,0.320001053487407,1285.13824378795,0.214496746527728,0.556473482307299,0.442946142463092,2276.95277581669,0.373917694132679,0,1,3
"UMass-gbqr_5src_utseirs_otid10",2025-12-13,0.524021665751447,0.31268527493771,2256.44077228954,0.262033288674613,0.558548366709937,0.413776914039169,3876.05181765428,0.43845169824386,0,1,4
"UMass-gbqr_5src_utseirs_otid10",2025-12-20,0.558347496965201,0.392195645841348,6505.26479167936,0.423680594729764,0.700930403228549,0.526102276794047,10526.9644033605,0.695070328994836,0,0.75,4
"UMass-gbqr_5src_utseirs_otid10",2025-12-27,0.624613915126794,0.472181984712938,15237.4412515272,0.598079439711722,0.782525356119893,0.607428438189421,21708.622798139,0.895562803638179,0,0,4
"UMass-gbqr_5src_utseirs_otid10",2026-01-03,0.556619275014155,0.447290986621217,12334.9482896958,0.418757632519305,0.743107450657642,0.605212942262531,18949.7060096317,0.667362615773447,0.25,0.5,4
"UMass-gbqr_5src_utseirs_otid10",2026-01-10,0.57686565187563,0.42378279853555,4912.56526987339,0.164522855913283,0.755446935513551,0.580913420993052,8782.24908026941,0.300989120285452,0.25,1,4
"UMass-gbqr_5src_utseirs_otid10",2026-01-17,1.14457343078753,1.03946518294035,9322.10699569283,0.330749314280636,1.5335469056094,1.42949326716457,16303.2056094281,0.576403422340995,0,0.75,4
"UMass-gbqr_5src_utseirs_otid10",2026-01-24,0.945922482658137,0.865554397633004,9406.48772763776,0.360020008667516,1.20988170278952,1.13041291641666,16063.0287553426,0.604258741487218,0.25,0.75,4
"UMass-gbqr_5src_utseirs_otid10",2026-01-31,0.820999748326479,0.841835199840501,5981.95378354803,0.275991533882379,1.03507715412155,1.07389691199923,10393.6787328236,0.468908934337206,0.25,0.75,4
"UMass-gbqr_5src_utseirs_otid10",2026-02-07,1.06116773092103,1.29892837566264,2936.12100641827,0.201638394382512,1.12712359674254,1.44312990650068,4885.78818965956,0.337444118811584,0.25,1,4
"UMass-gbqr_5src_utseirs_otid10",2026-02-14,2.41125078614256,2.64477452182991,3558.84392900257,0.279260535613212,2.74912930422546,3.24666970753449,5796.80710381334,0.449773557209888,0,1,4
"UMass-gbqr_5src_utseirs_otid10",2026-02-21,3.06271756973308,3.13081668800926,2788.99131678156,0.244124395585357,5.79994114415567,7.10720175104273,4487.51558899444,0.388223112166858,0,1,4
"UMass-gbqr_5src_utseirs_otid10",2026-02-28,0.397948679561234,0.469768080709006,669.662202768961,0.0663460770538965,0.296982250524925,0.356606270819442,838.446209133972,0.0808574383056073,0.75,1,4
"UMass-gbqr_5src_utseirs_otid10",2026-03-07,0.288967233292358,0.331731227043236,554.830184015785,0.0594234544193325,0.220283761242185,0.263906569495242,725.01546879638,0.0758874305067745,1,1,4
"UMass-gbqr_5src_utseirs_otid10",2026-03-14,0.250146738753064,0.280232792288483,540.786185664844,0.0655765425070889,0.198480583658031,0.244275440966796,730.607201542929,0.0901415246443342,1,1,4
"UMass-gbqr_5src_utseirs_otid10",2026-03-21,0.239706890362706,0.270527160655149,513.479919559466,0.0777038535253061,0.200396377968883,0.258488460705668,721.617123022741,0.112540928521171,1,1,4
"UMass-gbqr_5src_utseirs_otid10",2026-03-28,0.286688185924805,0.333687162273544,761.857777106584,0.181302288949318,0.279932578025199,0.379495125634111,1280.04737659303,0.320457097334822,0,1,4
"UMass-gbqr_5src_utseirs_otid10",2026-04-04,0.235023266714908,0.303920200811172,429.850425314605,0.136890450533691,0.190109622420344,0.310028173888353,595.376754178563,0.202540610637933,0.5,1,4
"UMass-gbqr_5src_utseirs_otid10",2026-04-11,0.225002035111061,0.301651975201537,306.722725349913,0.142890659309258,0.156248378978635,0.29809097104744,351.754163175652,0.180522305768352,0.5,1,4
"UMass-gbqr_5src_utseirs_otid10",2026-04-18,0.396540765904609,0.485876663320327,365.0910315562,0.240432347598732,0.47562387751617,0.909318567336825,603.685606537398,0.391455977848551,0.25,1,4
"UMass-gbqr_5src_utseirs_otid10",2026-04-25,0.794955547990692,0.806271177071997,514.296750997214,0.434577202480301,1.91506836481755,3.2739476093809,914.445144200378,0.707584892715114,0,1,4
"UMass-gbqr_5src_utseirs_otid10",2026-05-02,0.687375787408592,0.678874959940231,404.291426007808,0.392617014119126,2.43355872336775,4.16494131574224,737.97668286127,0.643155711347516,0,1,4
"UMass-gbqr_5src_utseirs_otid10",2026-05-09,0.535725543217852,0.531580929178027,294.259483130239,0.334755654525898,2.74466057770585,4.1537906714569,510.506867453288,0.48033069809086,0.25,1,4
"UMass-gbqr_5src_utseirs_otid10",2026-05-16,0.373157568295701,0.392633166084508,202.262475061503,0.251848582679441,1.44459484540497,2.15130483137894,322.144650525309,0.332771921983946,0.5,1,4
"UMass-gbqr_5src_utseirs_otid10",2026-05-23,0.306650756056913,0.299046471897207,162.558898946161,0.192984138753444,1.21985266605206,1.57544832626526,243.970533210411,0.230149013105893,0.5,1,4
"UMass-gbqr_5src_utseirs_otid10",2026-05-30,0.185852182532183,0.195494327381718,97.4114316782637,0.1293893841588,0.430915577001388,0.536739414827238,100.941973912575,0.101829943874653,1,1,4
"UMass-gbqr_5src_utseirs_otid10",2026-06-06,0.184431050139724,0.193564650625356,111.297991057652,0.159010000640488,0.886184821637285,1.08423511043637,161.581032478532,0.170784769469469,1,1,3
"UMass-gbqr_5src_utseirs_otid10",2026-06-13,0.136086814990574,0.158585966239802,93.0284437980229,0.163405368116776,0.444249985430474,0.557693046679447,120.613871044374,0.151577313117311,1,1,2
"UMass-gbqr_5src_utseirs_otid10",2026-06-20,0.12466178823748,0.167857677480686,93.4814359642992,0.193292399538923,0.421935805590633,0.54624661249508,129.112356510734,0.180197158238809,1,1,1
"UMass-gbqr_5src_utseirs_otid50",2025-11-22,0.563248650243281,0.391369808946029,509.369019033161,0.166757376317056,0.629704290266182,0.569368486442722,887.883049275317,0.284942850456308,0,1,1
"UMass-gbqr_5src_utseirs_otid50",2025-11-29,0.550612013876079,0.360333853874777,824.092393765006,0.188403254045297,0.51832578951529,0.427523956940851,1296.35769360246,0.288467940974332,0,1,2
"UMass-gbqr_5src_utseirs_otid50",2025-12-06,0.492659471225991,0.289739106839778,1198.77959296997,0.194033834809742,0.444120808394977,0.33484763500918,1812.64567296312,0.282045925502239,0,1,3
"UMass-gbqr_5src_utseirs_otid50",2025-12-13,0.490408026307512,0.282628767871055,2111.46936047435,0.236720049161507,0.466747720263323,0.329661684950032,3228.08210281276,0.348046690010188,0,1,4
"UMass-gbqr_5src_utseirs_otid50",2025-12-20,0.580008790671209,0.395408016462215,6760.35105721678,0.427030483555905,0.638705248222585,0.459581394349754,9581.2222687635,0.60610743760899,0,0.75,4
"UMass-gbqr_5src_utseirs_otid50",2025-12-27,0.647246310265188,0.487263692198879,15789.5579798787,0.617182369207372,0.756665372708864,0.571614621140559,20991.2216033461,0.842760662037983,0,0,4
"UMass-gbqr_5src_utseirs_otid50",2026-01-03,0.572239097901151,0.464614050320819,12668.4552886322,0.4346153311292,0.682654802092463,0.555424605725542,17342.8978730547,0.61082251014086,0.25,0.5,4
"UMass-gbqr_5src_utseirs_otid50",2026-01-10,0.737044247128843,0.525528101900158,6295.33920202103,0.204411431532833,0.972484508072068,0.694543651839536,11368.2910667341,0.361788262541541,0.25,1,4
"UMass-gbqr_5src_utseirs_otid50",2026-01-17,1.30726120322541,1.13325350009655,10910.3028297716,0.366947852658089,1.82415985549198,1.60930351515646,19614.925585935,0.652894025890873,0,0.75,4
"UMass-gbqr_5src_utseirs_otid50",2026-01-24,1.052370800813,0.918814131488982,10895.4801417459,0.392665862260123,1.35281971301284,1.1970838464128,18428.7155457754,0.650194358270409,0,0.75,4
"UMass-gbqr_5src_utseirs_otid50",2026-01-31,0.873923104530101,0.883063871189333,6526.19863341639,0.293664516101217,1.04106017485994,1.07479354174066,10524.511810036,0.471597257752175,0,0.75,4
"UMass-gbqr_5src_utseirs_otid50",2026-02-07,1.06603128123517,1.3532510353412,2993.42463184369,0.2127869508141,1.13544110138112,1.46480946814274,4936.16300001189,0.343636044792632,0.25,1,4
"UMass-gbqr_5src_utseirs_otid50",2026-02-14,2.59669586834241,2.86247762212458,3858.24307459882,0.304541684945519,2.73377439683876,3.24788584305317,5789.2582930282,0.452309955128604,0,1,4
"UMass-gbqr_5src_utseirs_otid50",2026-02-21,3.26145250168232,3.35456251169017,2979.94872496336,0.262669429005213,5.93188680694237,7.37287086159457,4591.73977586501,0.403341229783283,0,1,4
"UMass-gbqr_5src_utseirs_otid50",2026-02-28,0.381129281457232,0.443605779382124,643.254404833065,0.0628255974480902,0.264457621753375,0.317239391919015,750.256007747305,0.072249256359652,0.75,1,4
"UMass-gbqr_5src_utseirs_otid50",2026-03-07,0.266418562780127,0.306978854237426,513.702685939409,0.0552409691160366,0.150231761348367,0.182396054748118,500.737760024766,0.0531174074904612,1,1,4
"UMass-gbqr_5src_utseirs_otid50",2026-03-14,0.228086615109046,0.26065478502131,495.606122611877,0.0613178840406819,0.148304633060453,0.18713233099939,552.457364119426,0.0698931278305452,1,1,4
"UMass-gbqr_5src_utseirs_otid50",2026-03-21,0.220985704830157,0.255414104811501,473.819522025846,0.073396067850473,0.157135871546731,0.213046952824772,565.522041865509,0.0926585773831365,1,1,4
"UMass-gbqr_5src_utseirs_otid50",2026-03-28,0.259453229172262,0.303707918989029,697.916177810696,0.167016486451201,0.232427117515952,0.319694800240915,1079.77351238999,0.273867281196444,0,1,4
"UMass-gbqr_5src_utseirs_otid50",2026-04-04,0.23699228248397,0.319432423357382,432.899553187055,0.143637350180862,0.181924944742524,0.312670622081274,568.242603686612,0.203552022982776,0.5,1,4
"UMass-gbqr_5src_utseirs_otid50",2026-04-11,0.248231467610731,0.358209629001402,338.389082683586,0.169681667175352,0.209300607178473,0.427191051555101,471.187991910537,0.258704627514736,0.5,1,4
"UMass-gbqr_5src_utseirs_otid50",2026-04-18,0.482887655781692,0.637289310716856,444.589730826069,0.315357737142881,0.642536538131058,1.34297050407743,815.539501022846,0.578140434803922,0.25,1,4
"UMass-gbqr_5src_utseirs_otid50",2026-04-25,0.908026037828861,1.06797325105561,587.447741268829,0.575633658954542,2.22551067317118,4.39281472797398,1062.68134643924,0.949401062223663,0,1,4
"UMass-gbqr_5src_utseirs_otid50",2026-05-02,0.803044585387203,0.863736240043588,472.323940588633,0.499528725558314,2.78605138594965,5.35338321668339,844.870082789231,0.826676471485473,0,1,4
"UMass-gbqr_5src_utseirs_otid50",2026-05-09,0.634406684710172,0.625821180210618,348.462352599213,0.394102134404101,3.30048576644255,5.26586843040374,613.890352558313,0.608927714295074,0,1,4
"UMass-gbqr_5src_utseirs_otid50",2026-05-16,0.4689382832071,0.496634984646713,254.178464732087,0.318558970042229,1.91832571470261,3.14944644259595,427.786634378682,0.487168220236079,0.5,1,4
"UMass-gbqr_5src_utseirs_otid50",2026-05-23,0.394206525887309,0.394257121670283,208.973164226405,0.254426579889913,1.78595319388679,2.49582192863905,357.190638777358,0.364601583046533,0.25,1,4
"UMass-gbqr_5src_utseirs_otid50",2026-05-30,0.24639307000487,0.257685093604536,129.142963928448,0.170550808378656,0.845758939764092,1.11599441414583,198.119031639738,0.211725924010022,0.75,1,4
"UMass-gbqr_5src_utseirs_otid50",2026-06-06,0.252645254366499,0.256764709778937,152.462989501703,0.210927752223862,1.49259510552292,1.94318169835125,272.149840907012,0.306082910612112,0.333333333333333,1,3
"UMass-gbqr_5src_utseirs_otid50",2026-06-13,0.192977677663194,0.216471151462008,131.918827272186,0.223049674760149,0.918584861164392,1.25523213234943,249.395789806133,0.341163862617426,1,1,2
"UMass-gbqr_5src_utseirs_otid50",2026-06-20,0.185066923282566,0.249375513413191,138.77806489501,0.287162268043611,0.886472693641101,1.28929957052652,271.260644254177,0.425317271380771,1,1,1
"UMass-trends_ensemble",2023-10-21,0.534171236294054,0.332554287538332,119.14652173913,0.0858124521490379,0.560260586319218,0.531061296027769,172,0.124981010178709,0,0,1
"UMass-trends_ensemble",2023-10-28,0.41671739182107,0.244446410502625,121.117391304348,0.080612132607378,0.452496954933009,0.422754471026479,185.75,0.124234651317187,0.5,0.5,2
"UMass-trends_ensemble",2023-11-04,0.877477648463661,0.51927040290059,374.460942028986,0.210268230881272,0.699407699901283,0.645713530622147,472.333333333333,0.269897346824281,0,0,3
"UMass-trends_ensemble",2023-11-11,1.22227019917803,0.785264984515992,927.742065217391,0.418153215933748,0.831695814501867,0.768775931838224,1058.125,0.488706355034872,0,0,4
"UMass-trends_ensemble",2023-11-18,1.20493937909272,0.836016189916308,1148.03070652174,0.426751826627747,0.846481539917955,0.786070096249823,1341.25,0.508255874245795,0,0.25,4
"UMass-trends_ensemble",2023-11-25,1.13048884506701,0.87136355835601,1344.7727173913,0.408780459628782,0.848152500326413,0.810085914846449,1624,0.500136526372464,0,0,4
"UMass-trends_ensemble",2023-12-02,1.06122036001293,0.844904134212548,1967.41929347826,0.433311049276943,0.837207239176721,0.785654856347518,2359.25,0.533590181863144,0,0,4
"UMass-trends_ensemble",2023-12-09,0.947052581194056,0.785643606165764,2164.80956521739,0.367275015759903,0.803923741964088,0.741855474297474,2719.875,0.47449189503473,0,0,4
"UMass-trends_ensemble",2023-12-16,0.945911557189407,0.821042499270744,3482.37739130435,0.436866502932194,0.826315617983632,0.760728362407243,4191.875,0.543739252445077,0,0,4
"UMass-trends_ensemble",2023-12-23,0.947955245518718,0.851587555055124,6831.55614130435,0.59819887350143,0.870981987073033,0.801543556521164,7765.5,0.704954136999064,0,0,4
"UMass-trends_ensemble",2023-12-30,0.883351894835212,0.813070769018875,9164.94423913043,0.596489369694348,0.877239783781355,0.80843417593631,10659,0.716663814824924,0,0,4
"UMass-trends_ensemble",2024-01-06,0.791734832513838,0.70280217285755,4268.48494565217,0.269931665516356,0.820913503736894,0.732554798574021,5679.25,0.364301324479438,0.25,0.5,4
"UMass-trends_ensemble",2024-01-13,1.16763446863398,0.978525290900411,3125.5972826087,0.169952811696319,1.32273204673756,1.11671572863398,5037.625,0.276309556763122,0,0.75,4
"UMass-trends_ensemble",2024-01-20,1.75877564535297,1.58908108395339,5558.45201086957,0.316676145945275,1.79329796146328,1.61546608212537,8027.25,0.452706854127423,0.25,0.25,4
"UMass-trends_ensemble",2024-01-27,1.85455634896518,1.63702733249719,5502.63967391304,0.308573238182607,1.80126091734629,1.5811320248075,7785.5,0.429068193068223,0.5,0.5,4
"UMass-trends_ensemble",2024-02-03,1.63767180934083,1.46408836102586,3293.03391304348,0.204389220882845,1.61989541832669,1.4336890388891,4879.125,0.296725868039291,0.75,0.75,4
"UMass-trends_ensemble",2024-02-10,1.20948826312428,1.26875283008452,1145.72125,0.0935243188155184,1.14040522438044,1.19052550323146,1702.625,0.13736164117792,0.75,1,4
"UMass-trends_ensemble",2024-02-17,1.30835457363647,1.5254348515787,678.11972826087,0.0679697443576579,1.20636042402827,1.34287838395764,853.5,0.0807553366978784,0.5,1,4
"UMass-trends_ensemble",2024-02-24,1.27603450585476,1.45343021687012,568.654836956522,0.0589560724548012,1.81124965048205,2.01298637863014,983.625,0.0972385310119135,0.25,1,4
"UMass-trends_ensemble",2024-03-02,1.38998823934979,1.45032352842352,656.618097826087,0.0659544462730412,2.23760063563452,2.33095901093976,976.875,0.0959720895562426,0,0.75,4
"UMass-trends_ensemble",2024-03-09,0.521281004920819,0.533439583687862,371.73472826087,0.0381086287563173,0.494058211674931,0.507215744636654,528.875,0.0540776417393602,0.5,0.75,4
"UMass-trends_ensemble",2024-03-16,1.05263510103305,1.08926084950499,1779.78027173913,0.213706924224754,0.826098431610839,0.848035443187875,2210.75,0.26247556426783,0,0,4
"UMass-trends_ensemble",2024-03-23,1.1034652236489,1.12940536977971,2184.8614673913,0.295075535993229,0.858253347179179,0.878475760573133,2663.625,0.356235798710825,0,0.25,4
"UMass-trends_ensemble",2024-03-30,1.11804798810489,1.12249818140245,1814.73527173913,0.258385821244275,0.82570130501527,0.842967469045052,2136,0.301755016613206,0.25,0.5,4
"UMass-trends_ensemble",2024-04-06,0.831436201787078,0.838915599812037,917.773369565218,0.152460241238815,0.662967221240659,0.683811759826881,1210.375,0.195685169522177,0.5,0.75,4
"UMass-trends_ensemble",2024-04-13,0.423861997495059,0.422676846160627,464.273967391304,0.0997171567322644,0.446538342809752,0.485562651662726,810.375,0.174120278266037,0.5,1,4
"UMass-trends_ensemble",2024-04-20,0.497968932732675,0.51535304802638,621.363804347826,0.177158178897352,0.552036667657884,0.625072055066214,1149,0.328412495754749,0.25,0.75,4
"UMass-trends_ensemble",2024-04-27,0.532185496592652,0.551649515322515,597.38277173913,0.199524409949358,0.561276708251761,0.63845653220885,1066.75,0.354113539991596,0.25,0.75,4
"UMass-trends_ensemble",2024-05-04,0.692138438688557,0.729879629125714,861.411304347826,0.400105025651538,0.675455321582269,0.758135293141473,1412.125,0.636954184044816,0,0.5,4
"UMass-trends_ensemble",2024-05-11,0.731855081338313,0.846720290625628,965.336014492754,0.66327050185112,0.668088398595576,0.780837734538758,1519.33333333333,0.996359496743612,0,0.666666666666667,3
"UMass-trends_ensemble",2024-05-18,0.531349445559473,0.634377054895328,600.534130434783,0.529888439985353,0.555071066413992,0.703257468527225,1110.25,0.960501390941042,0,1,2
"UMass-trends_ensemble",2024-05-25,0.41159458190063,0.489739836206943,413.684565217391,0.425926094953477,0.458217270194986,0.622181842083179,822.5,0.852777326151829,0,1,1
"UMass-trends_ensemble",2024-11-30,1.17338606602999,1.0237878727096,776.354565217391,0.200338897656458,1.16440349175558,1.19302638818018,1200.5,0.315402397484746,0,0,1
"UMass-trends_ensemble",2024-12-07,1.07738628109438,0.911625787894942,1903.07217391304,0.361402327501584,0.892398190045249,0.873388165419866,2465.25,0.48547380264703,0,0,2
"UMass-trends_ensemble",2024-12-14,1.05708468294229,0.902591735784263,3656.73949275362,0.513827802037699,0.864580619953113,0.820854765325548,4425.5,0.64793876365205,0,0,3
"UMass-trends_ensemble",2024-12-21,1.01422313146287,0.895356605203375,8456.38532608696,0.802383980904946,0.897885825095776,0.83433687995393,9492,0.945336661607938,0,0,4
"UMass-trends_ensemble",2024-12-28,0.912944750407652,0.821170917098944,16992.6530434783,0.974873869059643,0.89440759089764,0.810716580651176,18640.125,1.12154514673003,0,0,4
"UMass-trends_ensemble",2025-01-04,0.827516922000289,0.756153388099513,20021.2497826087,0.824829153112307,0.872750399561192,0.787315796147643,23071.375,0.983475243695786,0,0.25,4
"UMass-trends_ensemble",2025-01-11,0.779194690825239,0.656354397121105,8700.88581521739,0.343344169332604,0.819148536782235,0.690719932581018,10909.625,0.444706719601976,0.25,0.25,4
"UMass-trends_ensemble",2025-01-18,0.748050403324919,0.575035572760056,5251.39717391304,0.162282893894858,0.766814146979436,0.596505011357095,6889.25,0.218693313047813,0.5,0.75,4
"UMass-trends_ensemble",2025-01-25,0.46237654690971,0.38709192285204,3745.92543478261,0.0893456588909927,0.55756827650054,0.456022629327644,6022.66666666667,0.142242753639841,0.666666666666667,1,3
"UMass-trends_ensemble",2025-02-01,0.386262405419644,0.356105689684261,6039.10427536232,0.128755826038704,0.488095024973594,0.444047332018242,9088.16666666667,0.195431920040187,0.333333333333333,0.666666666666667,3
"UMass-trends_ensemble",2025-02-08,0.408841961689326,0.385974995524615,6185.1518115942,0.129492577202901,0.634501950777537,0.570925114562261,11438.1666666667,0.233583833374714,0,0.666666666666667,3
"UMass-trends_ensemble",2025-02-15,0.761267917699242,0.698981522828635,2552.73289855072,0.0548978098982953,0.953431011633044,0.864007187530332,4316.5,0.0927790219276095,1,1,3
"UMass-trends_ensemble",2025-02-22,1.42987849845545,1.34775393189789,5377.30070652174,0.120218090851124,1.36214772041713,1.28161422579205,7902.5,0.175919425823561,0.5,0.75,4
"UMass-trends_ensemble",2025-03-01,1.2072849696179,1.1327980217811,9972.20967391304,0.247512456441801,1.28462035757279,1.20574856285046,14406.375,0.352139008931096,0.25,0.5,4
"UMass-trends_ensemble",2025-03-08,1.02162502604555,0.940608217825411,10868.8267934783,0.31381224251737,1.11133831361216,1.03253517867469,15285.625,0.436129226947739,0.25,0.75,4
"UMass-trends_ensemble",2025-03-15,0.690877422814056,0.673965421255279,6742.32608695652,0.257920879795139,0.833756394357464,0.815348976765081,10757.125,0.40194241674276,0.25,0.75,4
"UMass-trends_ensemble",2025-03-22,0.497455428918596,0.521017414939612,4207.91923913044,0.22109257460493,0.617751862649822,0.647883951215788,7151.25,0.366030193187557,0.5,1,4
"UMass-trends_ensemble",2025-03-29,0.362854993030493,0.425728899847209,2521.52923913043,0.19714880077301,0.441601263759685,0.518669215167254,4402.875,0.334555668256839,0.5,1,4
"UMass-trends_ensemble",2025-04-05,0.328710561751705,0.408211218007734,1739.10135869565,0.197300239250344,0.374163196051211,0.469278603094902,3032.125,0.336132872936903,1,1,4
"UMass-trends_ensemble",2025-04-12,0.346656322818119,0.448517500831486,1298.90684782609,0.212719181564496,0.327274212654712,0.422548258417983,2003,0.306508340836563,1,1,4
"UMass-trends_ensemble",2025-04-19,0.38352928777295,0.554046494905088,900.662336956522,0.229065785433134,0.281631002736999,0.387195265022207,1131.875,0.24098824575288,1,1,4
"UMass-trends_ensemble",2025-04-26,0.423998638276214,0.676220134159484,803.602898550725,0.309862887308945,0.222815484135948,0.319805270184555,723.333333333333,0.203184760290304,1,1,3
"UMass-trends_ensemble",2025-05-03,0.430818205325737,0.778911963658784,510.928913043478,0.362052947070506,0.203700424929178,0.295171209898343,383.5,0.146898290772318,1,1,3
"UMass-trends_ensemble",2025-05-10,0.417371889287548,0.709831243206845,317.90847826087,0.316745026588327,0.2190036900369,0.311593965000616,197.833333333333,0.0963476429257669,1,1,3
"UMass-trends_ensemble",2025-05-17,0.354006552940837,0.316092445292369,199.147463768116,0.144205960161629,0.520302547770701,0.644226223753754,217.833333333333,0.122227671451595,1,1,3
"UMass-trends_ensemble",2025-05-24,0.291207187380204,0.334854411735139,226.13115942029,0.222327526303073,0.467460778617083,0.608656335872956,268.166666666667,0.167275318963553,1,1,3
"UMass-trends_ensemble",2025-05-31,0.38442522030139,0.313244634433009,311.074130434783,0.247815780549218,2.09686888454012,2.69473800226753,535.75,0.342083770471287,0.5,1,2
"UMass-trends_ensemble",2025-06-07,0.229045399913715,0.1902183305371,202.666739130435,0.182889284246561,0.719257540603248,0.911581011861831,310,0.22558953704247,1,1,1
