"model_id","target_end_date","wis_scaled_relative_skill","wis_scaled_relative_skill__log","wis","wis__log","ae_median_scaled_relative_skill","ae_median_scaled_relative_skill__log","ae_median","ae_median__log","interval_coverage_50","interval_coverage_95","n"
"FluSight-baseline",2024-11-30,1,1,27.483589087809,0.399071808797165,1,1,37.4509803921569,0.584459644070603,0.333333333333333,0.96078431372549,51
"FluSight-baseline",2024-12-07,1,1,40.1954390451833,0.485647221268509,1,1,59.4509803921568,0.719107596407894,0.235294117647059,0.950980392156863,102
"FluSight-baseline",2024-12-14,1,1,69.2436061381074,0.685639203033312,1,1,102.411764705882,1.03972522953728,0.130718954248366,0.843137254901961,153
"FluSight-baseline",2024-12-21,1,1,156.92581202046,0.917364773010518,1,1,205.382352941176,1.35485905736028,0.0490196078431373,0.563725490196078,204
"FluSight-baseline",2024-12-28,1,1,344.945179028133,1.21851551928626,1,1,400.259803921569,1.62217901289404,0,0.17156862745098,204
"FluSight-baseline",2025-01-04,1,1,447.171327791986,1.19722715410676,1,1,503.308823529411,1.50979986133638,0.00490196078431373,0.053921568627451,204
"FluSight-baseline",2025-01-11,1,1,225.32746803069,0.630796555445103,1,1,274.308823529411,0.834625786125599,0.0392156862745098,0.382352941176471,204
"FluSight-baseline",2025-01-18,1,1,195.474403239557,0.425022741491116,1,1,244.25,0.562299868701684,0.0686274509803922,0.53921568627451,204
"FluSight-baseline",2025-01-25,1,1,260.688323387326,0.406150669872391,1,1,321.542483660131,0.522783955581528,0.0915032679738562,0.418300653594771,153
"FluSight-baseline",2025-02-01,1,1,370.012361466326,0.462629250356375,1,1,434.503267973856,0.571895948888208,0.0392156862745098,0.313725490196078,153
"FluSight-baseline",2025-02-08,1,1,330.402855924979,0.448133601962379,1,1,386.248366013072,0.545171182305202,0.0588235294117647,0.34640522875817,153
"FluSight-baseline",2025-02-15,1,1,212.404083546462,0.287091196497695,1,1,262.320261437909,0.361183791745801,0.0849673202614379,0.529411764705882,153
"FluSight-baseline",2025-02-22,1,1,200.928945012788,0.271337412276022,1,1,257.759803921569,0.352289120190264,0.112745098039216,0.568627450980392,204
"FluSight-baseline",2025-03-01,1,1,205.225238704177,0.274230630372493,1,1,266.289215686275,0.361059148291617,0.0637254901960784,0.607843137254902,204
"FluSight-baseline",2025-03-08,1,1,219.412431798806,0.33089565143232,1,1,281.779411764706,0.428171835361381,0.0833333333333333,0.627450980392157,204
"FluSight-baseline",2025-03-15,1,1,200.382144075021,0.375984034231055,1,1,261.436274509804,0.489804699216328,0.142156862745098,0.647058823529412,204
"FluSight-baseline",2025-03-22,1,1,170.841110400682,0.421137789033385,1,1,232.191176470589,0.571386399927059,0.0686274509803922,0.725490196078431,204
"FluSight-baseline",2025-03-29,1,1,139.617504262575,0.472324859025248,1,1,198.31862745098,0.661503365258939,0.102941176470588,0.794117647058823,204
"FluSight-baseline",2025-04-05,1,1,107.223898124467,0.529839658453988,1,1,160.96568627451,0.770844626336296,0.0980392156862745,0.872549019607843,204
"FluSight-baseline",2025-04-12,1,1,77.74265771526,0.551313201863728,1,1,123.289215686275,0.834210123188522,0.161764705882353,0.946078431372549,204
"FluSight-baseline",2025-04-19,1,1,50.6207289002557,0.492111305169647,1,1,82.2598039215685,0.730855020434782,0.357843137254902,0.980392156862745,204
"FluSight-baseline",2025-04-26,1,1,40.5714776925263,0.524811859412427,1,1,65.59477124183,0.764916294902323,0.522875816993464,0.993464052287582,153
"FluSight-baseline",2025-05-03,1,1,26.0281216254618,0.484183825593487,1,1,38.6601307189543,0.661596667477336,0.725490196078431,1,153
"FluSight-baseline",2025-05-10,1,1,17.7048508098892,0.467363849854644,1,1,21.4313725490196,0.58179784645206,0.849673202614379,1,153
"FluSight-baseline",2025-05-17,1,1,13.7177038931515,0.452080795775987,1,1,13.7581699346405,0.518542601315284,0.843137254901961,1,153
"FluSight-baseline",2025-05-24,1,1,17.3880789997158,0.551801841834039,1,1,14.8104575163399,0.561100449695248,0.967320261437909,1,153
"FluSight-baseline",2025-05-31,1,1,18.1735294117647,0.604567169587513,1,1,11.9901960784314,0.522968535525203,0.980392156862745,1,102
"FluSight-baseline",2025-06-07,1,1,19.313137254902,0.662480756678517,1,1,10.9607843137255,0.527440451848936,0.980392156862745,1,51
"UMass-AR2",2024-11-30,0.862970859244425,0.931157911180026,23.7175364902273,0.371598871890403,0.910304476610934,0.980719786378509,34.0917951044487,0.573191137279781,0.392156862745098,0.843137254901961,51
"UMass-AR2",2024-12-07,0.867801045364311,0.891467262845698,34.8816440222875,0.432938599052857,0.89700950176499,0.922151302526012,53.3280943010088,0.663126006683889,0.254901960784314,0.813725490196078,102
"UMass-AR2",2024-12-14,0.921418991248979,0.9053174050845,63.8023737182165,0.620721104114322,0.910104682436127,0.898869380426704,93.2054265953704,0.934577172888187,0.130718954248366,0.568627450980392,153
"UMass-AR2",2024-12-21,0.951762939126821,0.921388727178187,149.356172073456,0.845249560562268,0.941712087387488,0.893320102785002,193.411044300789,1.21032283238027,0.0392156862745098,0.333333333333333,204
"UMass-AR2",2024-12-28,0.943972155169016,0.949652804564876,325.618644062349,1.15716668029602,0.958466699336134,0.934203416664415,383.635693141634,1.51544517628692,0,0.0686274509803922,204
"UMass-AR2",2025-01-04,0.88034236595688,0.928292988566216,393.663864696476,1.11137757287839,0.92776595677425,0.9458060623757,466.952792214687,1.42797786182594,0.0441176470588235,0.137254901960784,204
"UMass-AR2",2025-01-11,0.889313700570904,0.919361934216974,200.386804434645,0.579930341311414,1.00336644219828,0.987526981373453,275.232268328302,0.824215483149059,0.166666666666667,0.544117647058823,204
"UMass-AR2",2025-01-18,0.923714548568206,0.970760563940372,180.562550145067,0.412595316217398,1.07290899612538,1.07598283023141,262.058022303624,0.605025004164387,0.240196078431373,0.700980392156863,204
"UMass-AR2",2025-01-25,0.941473780998488,1.04009427843226,245.431221481622,0.422434987915706,1.09439428944522,1.19324904599733,351.894257931679,0.62381145626037,0.30718954248366,0.712418300653595,153
"UMass-AR2",2025-02-01,1.03760335312887,1.16930293593752,383.92606695659,0.540953740692283,1.18473347441069,1.34354014814625,514.770566309466,0.768365167893506,0.104575163398693,0.457516339869281,153
"UMass-AR2",2025-02-08,1.06720895608329,1.20738751836996,352.608886958636,0.541070917571547,1.20651151261738,1.38401848873494,466.013100324421,0.754526995835888,0.169934640522876,0.503267973856209,153
"UMass-AR2",2025-02-15,0.837321876210716,0.979167382253087,177.850585749941,0.281110335342555,1.00508788878746,1.16161943078664,263.654917754802,0.419558110577117,0.34640522875817,0.777777777777778,153
"UMass-AR2",2025-02-22,0.768141447989068,0.964522729457286,154.341850765039,0.261711101492346,0.886545190411873,1.12316818340376,228.515714448174,0.395679931157006,0.436274509803922,0.852941176470588,204
"UMass-AR2",2025-03-01,0.583379019959286,0.720627971948349,119.724098626153,0.197618263011447,0.683609928768186,0.847008322055732,182.03795176703,0.305820103357354,0.519607843137255,0.931372549019608,204
"UMass-AR2",2025-03-08,0.413217455079717,0.580711483797116,90.6650466807548,0.192154904725276,0.519381225381807,0.720910789905603,146.350936169718,0.308673696045705,0.485294117647059,0.975490196078431,204
"UMass-AR2",2025-03-15,0.371100207890994,0.521183161957868,74.3618553238836,0.195956547806216,0.450016940478153,0.637861786277351,117.650752384909,0.312427700369168,0.5,0.965686274509804,204
"UMass-AR2",2025-03-22,0.375928547097388,0.498921276898004,64.2240504174328,0.210114603454538,0.436607660185597,0.593167371487337,101.376446274564,0.338927768948346,0.544117647058823,0.975490196078431,204
"UMass-AR2",2025-03-29,0.382594952804088,0.560316776811804,53.4169524539642,0.264651542617117,0.424675008643509,0.629162634290643,84.220964826914,0.416193199878439,0.490196078431373,0.96078431372549,204
"UMass-AR2",2025-04-05,0.429634899051694,0.618121275677179,46.0671286466346,0.32750516558794,0.450594324572464,0.672650990477891,72.5302246862059,0.51850940140967,0.401960784313726,0.955882352941177,204
"UMass-AR2",2025-04-12,0.490211277135639,0.690229219568585,38.1103275265164,0.380532481060259,0.499124634027901,0.731572466274465,61.5366846589987,0.610285157212152,0.377450980392157,0.92156862745098,204
"UMass-AR2",2025-04-19,0.554842170741902,0.737811634689306,28.0865151075552,0.363085446516305,0.547561908030162,0.78320361199861,45.0423351894811,0.57240829185184,0.465686274509804,0.950980392156863,204
"UMass-AR2",2025-04-26,0.570870785817169,0.719700809483185,23.1610713520962,0.377707520045499,0.544629982415534,0.76728673084784,35.7248791079889,0.586910123287846,0.555555555555556,0.986928104575163,153
"UMass-AR2",2025-05-03,0.613436609930522,0.761787785702724,15.9666026927826,0.368845324371936,0.590370722590416,0.826987724338324,22.8238093079889,0.547132322466901,0.607843137254902,0.973856209150327,153
"UMass-AR2",2025-05-10,0.648285847362543,0.797775884394695,11.4778042097164,0.372851608651898,0.743380430387375,0.916659672697394,15.9316629492824,0.533310623504794,0.640522875816993,0.986928104575163,153
"UMass-AR2",2025-05-17,0.67012762443737,0.795121164859915,9.19261232265285,0.3594590089482,0.912420373716607,1.01381531598394,12.5532345534213,0.525706431203587,0.673202614379085,1,153
"UMass-AR2",2025-05-24,0.654711137101779,0.754808319544729,11.3841689739195,0.416504620956437,0.982228483491964,1.05468267161452,14.5472532260967,0.591782921328692,0.764705882352941,1,153
"UMass-AR2",2025-05-31,0.641152872162828,0.720325765850487,11.6520105796886,0.435485309441186,1.09833942396741,1.08621812661402,13.1693050540406,0.568057902936261,0.813725490196078,1,102
"UMass-AR2",2025-06-07,0.645546435733577,0.706031311634851,12.4675269177353,0.467732157570582,1.3253236931523,1.20703338344032,14.5265871465124,0.636638233158515,0.843137254901961,1,51
"UMass-AR6_fourierP_thetaP",2024-11-30,0.738989620982734,0.665472206958005,20.3100870832452,0.265571197334973,0.7469821739982,0.666482409551077,27.9752147516973,0.38953207186554,0.470588235294118,0.96078431372549,51
"UMass-AR6_fourierP_thetaP",2024-12-07,0.578160968729132,0.531628738846967,23.239433976856,0.258184019767512,0.590970660322844,0.544526142084462,35.1337851391934,0.391572885215621,0.519607843137255,0.872549019607843,102
"UMass-AR6_fourierP_thetaP",2024-12-14,0.5678444959125,0.452106079143252,39.3196006226573,0.309981651790295,0.592670047597955,0.458651860851339,60.6963854628259,0.476871911301359,0.320261437908497,0.797385620915033,153
"UMass-AR6_fourierP_thetaP",2024-12-21,0.684070333667342,0.469212429275747,107.348292589855,0.430438953676259,0.714517705240756,0.460575507524777,146.749327520476,0.62401489796825,0.215686274509804,0.568627450980392,204
"UMass-AR6_fourierP_thetaP",2024-12-28,0.802145527128513,0.595993013293792,276.696232461961,0.726226736084667,0.8296212298201,0.603114522398098,332.064030776964,0.978359720605808,0.0245098039215686,0.21078431372549,204
"UMass-AR6_fourierP_thetaP",2025-01-04,0.781314420959985,0.621122071393593,349.381407043703,0.743624209887448,0.832510234008436,0.649512470053921,419.009746454981,0.980633837223659,0.0441176470588235,0.220588235294118,204
"UMass-AR6_fourierP_thetaP",2025-01-11,0.736093078887434,0.568854697527018,165.861989700621,0.358831583748809,0.838153380287378,0.633083562734125,229.91286768383,0.528387866230164,0.181372549019608,0.598039215686274,204
"UMass-AR6_fourierP_thetaP",2025-01-18,0.757745521405755,0.648107584435338,148.119853604237,0.275460462317892,0.894038767727493,0.741410194554833,218.36896901744,0.416894855052272,0.269607843137255,0.705882352941177,204
"UMass-AR6_fourierP_thetaP",2025-01-25,0.704512853048198,0.678375787512536,183.658274465956,0.275522780523427,0.847007249735648,0.79678774451409,272.348814758137,0.41654784883596,0.333333333333333,0.777777777777778,153
"UMass-AR6_fourierP_thetaP",2025-02-01,0.915364485359274,0.913171913784721,338.696174830193,0.422460037920721,1.02379599082834,1.02538223384746,444.842703753446,0.586411945599303,0.163398692810458,0.450980392156863,153
"UMass-AR6_fourierP_thetaP",2025-02-08,1.15643799526086,1.19520511082291,382.090416334344,0.535611571396915,1.25542265903317,1.33327398540929,484.904950707347,0.726862554962349,0.0849673202614379,0.359477124183007,153
"UMass-AR6_fourierP_thetaP",2025-02-15,1.01320945003296,1.18790633820376,215.209824674866,0.341037451962114,1.14652573661319,1.34553326547333,300.756930973663,0.485984806743767,0.215686274509804,0.601307189542484,153
"UMass-AR6_fourierP_thetaP",2025-02-22,0.799487387605879,1.13896009497376,160.640157342679,0.309042484855832,0.891476310830161,1.29818057801985,229.786759080306,0.457334893678702,0.343137254901961,0.759803921568627,204
"UMass-AR6_fourierP_thetaP",2025-03-01,0.426943521368114,0.685850730101692,87.6195860859731,0.188081278057222,0.497663585814813,0.794636443858948,132.522445942245,0.286910757621191,0.534313725490196,0.892156862745098,204
"UMass-AR6_fourierP_thetaP",2025-03-08,0.26988636891321,0.52856443797081,59.2164245125972,0.17489967402631,0.316719418895907,0.640544573523691,89.2450115509483,0.274263145676412,0.558823529411765,0.950980392156863,204
"UMass-AR6_fourierP_thetaP",2025-03-15,0.245248923842139,0.492108206339116,49.1435051915794,0.185024828697589,0.2848176822066,0.583824011315936,74.4616737506107,0.285959744257872,0.553921568627451,0.936274509803922,204
"UMass-AR6_fourierP_thetaP",2025-03-22,0.230137201618133,0.419403694160479,39.3168950689475,0.176626744471178,0.256796011286347,0.463609130761412,59.6257679735314,0.264899952199076,0.602941176470588,0.975490196078431,204
"UMass-AR6_fourierP_thetaP",2025-03-29,0.194718943033243,0.415050232736529,27.1861728589478,0.196038542665678,0.205446421258007,0.430208051137385,40.7438522786039,0.28458407358887,0.651960784313726,0.980392156862745,204
"UMass-AR6_fourierP_thetaP",2025-04-05,0.211017252236002,0.463743049463584,22.6260923562581,0.245709458938196,0.212884183277626,0.477024503542382,34.2670486582716,0.367711775186384,0.573529411764706,0.970588235294118,204
"UMass-AR6_fourierP_thetaP",2025-04-12,0.223582940093869,0.500445102469349,17.3819319826891,0.275901991799399,0.20347849918006,0.480380545077704,25.0867045729298,0.40073831368664,0.622549019607843,0.96078431372549,204
"UMass-AR6_fourierP_thetaP",2025-04-19,0.30243013720524,0.6544424416308,15.3092339867336,0.322058524109343,0.274577211463408,0.657196892088479,22.5866675763111,0.480315647997,0.583333333333333,0.96078431372549,204
"UMass-AR6_fourierP_thetaP",2025-04-26,0.360231758171057,0.71092145990555,14.6151347407766,0.373100013269229,0.320715044614492,0.693653491020061,21.0372299853009,0.530586858297128,0.647058823529412,0.967320261437909,153
"UMass-AR6_fourierP_thetaP",2025-05-03,0.395159319409433,0.772386389345138,10.2852548270234,0.37397699682947,0.400759803623405,0.81840916369969,15.4934263949833,0.541456775336628,0.627450980392157,0.967320261437909,153
"UMass-AR6_fourierP_thetaP",2025-05-10,0.484382778959902,0.818574602766348,8.57592483636459,0.382572177742117,0.601225533003352,0.966847606463746,12.8850883837777,0.562509855287937,0.620915032679739,0.986928104575163,153
"UMass-AR6_fourierP_thetaP",2025-05-17,0.504117342196228,0.737980380974389,6.91533242765037,0.333626757897968,0.742926896146267,0.917359900721993,10.2213144861954,0.475690189262713,0.660130718954248,1,153
"UMass-AR6_fourierP_thetaP",2025-05-24,0.438570742545517,0.700747236855786,7.62590271834548,0.386673615957137,0.710678288355842,0.95512932464583,10.5254705974793,0.535923493575894,0.797385620915033,1,153
"UMass-AR6_fourierP_thetaP",2025-05-31,0.43381100948522,0.667964489040113,7.88387714002698,0.40382940052395,0.821957103351636,0.989653035568857,9.85542683724559,0.517557398689517,0.852941176470588,1,102
"UMass-AR6_fourierP_thetaP",2025-06-07,0.407930823220402,0.627815122314278,7.87842397936077,0.415915437284979,0.793509876104322,0.958340772328115,8.69749060279051,0.505467689982,0.92156862745098,1,51
"UMass-AR6_pooled",2024-11-30,0.847044202526726,0.818427672186638,23.2798148014555,0.326611411509175,0.86954107818319,0.842260144789264,32.5651658692136,0.492267064438388,0.450980392156863,0.88235294117647,51
"UMass-AR6_pooled",2024-12-07,0.793820864666133,0.754003771351216,31.9079781784822,0.366179836382694,0.815731309830362,0.769945025713459,48.4960261059933,0.55367331680702,0.303921568627451,0.852941176470588,102
"UMass-AR6_pooled",2024-12-14,0.855009782262317,0.77074483576159,59.2039606072008,0.528452874933617,0.841631077452467,0.768124851090361,86.1929238732202,0.798638787113214,0.130718954248366,0.620915032679739,153
"UMass-AR6_pooled",2024-12-21,0.912172558180693,0.796137851430204,143.143419395286,0.73034881936235,0.893582844375039,0.768322261152708,183.526147125615,1.04096837449427,0.0833333333333333,0.392156862745098,204
"UMass-AR6_pooled",2024-12-28,0.922397258091827,0.828102577916593,318.176487327544,1.00905584275233,0.928353909768944,0.822600100095301,371.582753893939,1.33440461837914,0.00490196078431373,0.147058823529412,204
"UMass-AR6_pooled",2025-01-04,0.860255297989098,0.790339963070242,384.681503841876,0.946216464763428,0.901327169750518,0.818323692939842,453.645917422228,1.23550499812885,0.0441176470588235,0.215686274509804,204
"UMass-AR6_pooled",2025-01-11,0.865636154457288,0.750095868720653,195.051602919684,0.47315789024259,0.96457798531864,0.820347073201684,264.592252355126,0.68468282086679,0.151960784313725,0.549019607843137,204
"UMass-AR6_pooled",2025-01-18,0.86647272884637,0.797012266768561,169.373239594594,0.338748338624022,1.00452889062822,0.897718840263752,245.356181535944,0.504787186011336,0.264705882352941,0.691176470588235,204
"UMass-AR6_pooled",2025-01-25,0.744969278576315,0.751888484021291,194.204792207125,0.305380011454584,0.926731213107933,0.889572896965953,297.983455948091,0.46505443785398,0.326797385620915,0.816993464052288,153
"UMass-AR6_pooled",2025-02-01,0.84486724148927,0.876098287387758,312.611323148985,0.405308693932702,0.981573920567747,1.00676163312844,426.497076244597,0.57576289948223,0.215686274509804,0.568627450980392,153
"UMass-AR6_pooled",2025-02-08,1.01654912410085,1.08593291875969,335.870733790958,0.486643030373299,1.16284059034137,1.25693397192394,449.145277953029,0.685244179553349,0.137254901960784,0.450980392156863,153
"UMass-AR6_pooled",2025-02-15,0.87231802394933,1.09655092270522,185.283910438018,0.314810116420093,1.02698034497821,1.27017798093309,269.397752586277,0.458767699345438,0.30718954248366,0.699346405228758,153
"UMass-AR6_pooled",2025-02-22,0.738110687393499,1.08110091366332,148.307801720639,0.293343124322648,0.842068204519496,1.25986388134279,217.051335285532,0.443836338317742,0.42156862745098,0.818627450980392,204
"UMass-AR6_pooled",2025-03-01,0.506335468961006,0.73244177919872,103.912817481914,0.200857970820815,0.593684697220807,0.868601435102734,158.091832387872,0.31361649436307,0.465686274509804,0.901960784313726,204
"UMass-AR6_pooled",2025-03-08,0.398662753959166,0.625780134683355,87.47156431379,0.207067925319454,0.490547261859719,0.765753664909576,138.226118889619,0.327874152139037,0.480392156862745,0.946078431372549,204
"UMass-AR6_pooled",2025-03-15,0.350577590120809,0.579802854390117,70.2494891730617,0.217996616252277,0.430210974050935,0.70632452448975,112.47275430911,0.345961071266817,0.431372549019608,0.926470588235294,204
"UMass-AR6_pooled",2025-03-22,0.290457993602521,0.484236732967687,49.6221661518089,0.203930387090761,0.334942368787666,0.545967930573805,77.7706626586537,0.311958650326193,0.568627450980392,0.975490196078431,204
"UMass-AR6_pooled",2025-03-29,0.230822412421573,0.467804458450679,32.2268491501667,0.2209556748891,0.246893750149669,0.484875583567361,48.9636296559076,0.320746830261701,0.651960784313726,0.975490196078431,204
"UMass-AR6_pooled",2025-04-05,0.23854648895544,0.517349240387774,25.5778844297075,0.274112144828488,0.238347901054571,0.53242344842286,38.3658334653379,0.410415754152202,0.553921568627451,0.965686274509804,204
"UMass-AR6_pooled",2025-04-12,0.248916131111881,0.559911524324895,19.3514015808378,0.308686615235959,0.222796301851776,0.535923081238522,27.468381313108,0.44707245961956,0.602941176470588,0.96078431372549,204
"UMass-AR6_pooled",2025-04-19,0.331869460036613,0.736935408168983,16.7994739667876,0.362654245539765,0.306428266969144,0.755427841036041,25.2067291569079,0.5521082301974,0.588235294117647,0.96078431372549,204
"UMass-AR6_pooled",2025-04-26,0.393797564031288,0.822961060369262,15.9769490844666,0.431899724316415,0.35996147427281,0.816700246665049,23.6115905607969,0.624707326724843,0.647058823529412,0.973856209150327,153
"UMass-AR6_pooled",2025-05-03,0.428560575710379,0.88407223038263,11.1546267884677,0.428053474607628,0.440478951439328,0.971155723537504,17.0289738415923,0.642513390293953,0.61437908496732,0.967320261437909,153
"UMass-AR6_pooled",2025-05-10,0.52086817283767,0.915102961517978,9.22189329171052,0.427686043108429,0.672442495067323,1.17183099285277,14.4113656295801,0.681768748047522,0.627450980392157,0.986928104575163,153
"UMass-AR6_pooled",2025-05-17,0.530244466609259,0.795082420599129,7.27373658392786,0.359441493411952,0.764975694906372,1.02279776742181,10.5246656063916,0.530364214938372,0.647058823529412,1,153
"UMass-AR6_pooled",2025-05-24,0.476499235542894,0.762456068479676,8.28540635092404,0.420724662904625,0.756437561497067,1.05965690642117,11.203186368316,0.594573966715592,0.816993464052288,1,153
"UMass-AR6_pooled",2025-05-31,0.472663423892882,0.721605034069678,8.5899626359827,0.436258713007606,0.803133972786956,1.09853057251645,9.62973381096518,0.574496924738588,0.88235294117647,1,102
"UMass-AR6_pooled",2025-06-07,0.476976063402336,0.686949036628768,9.21190417979213,0.455090517585405,0.898484858683136,1.12120788012938,9.84809874517398,0.591370390912027,0.901960784313726,1,51
"UMass-WISAR6_fourthroot_adaptive_t",2024-11-30,0.40840490925262,0.586139769172522,11.224432707343,0.233911857891631,0.457534780491205,0.646267237481349,17.1351260929059,0.377717119592842,0.411764705882353,0.96078431372549,51
"UMass-WISAR6_fourthroot_adaptive_t",2024-12-07,0.466763308767844,0.446201912453431,18.761756126106,0.216696718907703,0.475112959047719,0.461726530258686,28.2459312124056,0.332031055372081,0.53921568627451,0.96078431372549,102
"UMass-WISAR6_fourthroot_adaptive_t",2024-12-14,0.501035902333825,0.416266076313758,34.6935326822546,0.285408340813569,0.531144429774055,0.435817170648434,54.3954383668605,0.453130107788731,0.366013071895425,0.895424836601307,153
"UMass-WISAR6_fourthroot_adaptive_t",2024-12-21,0.684925176518095,0.486879531633471,107.482439498359,0.446646131020407,0.725740899630848,0.492006098623086,149.05437359183,0.666598918995981,0.215686274509804,0.691176470588235,204
"UMass-WISAR6_fourthroot_adaptive_t",2024-12-28,0.805421253818936,0.61293746994065,277.826178591636,0.746873819474737,0.848804037388955,0.646505532429281,339.742137573139,1.04874770642667,0.0196078431372549,0.348039215686274,204
"UMass-WISAR6_fourthroot_adaptive_t",2025-01-04,0.835617328330386,0.661734932768662,373.664110235491,0.792247030331653,0.90057089206324,0.720980526649363,453.265276189182,1.08853629916144,0.0294117647058824,0.28921568627451,204
"UMass-WISAR6_fourthroot_adaptive_t",2025-01-11,0.73035050575696,0.57579411524094,164.56803023715,0.363208944539546,0.844614007429896,0.665526438267153,231.685074714557,0.555465526726093,0.235294117647059,0.779411764705882,204
"UMass-WISAR6_fourthroot_adaptive_t",2025-01-18,0.72089720187032,0.593266878561317,140.916950332667,0.252151915162007,0.848558371352567,0.692525975130187,207.260382202864,0.38940726488821,0.367647058823529,0.86764705882353,204
"UMass-WISAR6_fourthroot_adaptive_t",2025-01-25,0.755437982807732,0.666312058421333,196.933861161251,0.270623088871876,0.896143030351634,0.784695390553896,288.14805569398,0.410226160200358,0.359477124183007,0.816993464052288,153
"UMass-WISAR6_fourthroot_adaptive_t",2025-02-01,0.933918826467699,0.855321760940467,345.561510399173,0.395696865077383,1.06612656130708,1.00747205573115,463.235474961657,0.576169187290721,0.176470588235294,0.607843137254902,153
"UMass-WISAR6_fourthroot_adaptive_t",2025-02-08,1.26288825477636,1.24377870157166,417.261886092222,0.557379029579399,1.3824281731289,1.43941667155732,533.960623001472,0.784728488662722,0.0457516339869281,0.418300653594771,153
"UMass-WISAR6_fourthroot_adaptive_t",2025-02-15,1.2557672572875,1.40773047291998,266.730093431805,0.404147025816865,1.36283146855149,1.62543581878294,357.498307126235,0.587081072267464,0.196078431372549,0.666666666666667,153
"UMass-WISAR6_fourthroot_adaptive_t",2025-02-22,0.980975988869754,1.34552192178191,197.106470526476,0.365090436416965,1.06287966695099,1.5575969852198,273.967654545509,0.548724471534091,0.279411764705882,0.774509803921569,204
"UMass-WISAR6_fourthroot_adaptive_t",2025-03-01,0.482946407416407,0.769112348246676,99.112791743357,0.210914164086954,0.555408802443128,0.902403225313134,147.899374387834,0.325820939947168,0.509803921568627,0.941176470588235,204
"UMass-WISAR6_fourthroot_adaptive_t",2025-03-08,0.24753000396049,0.493353314662637,54.3111601121393,0.163248466441588,0.292905810590711,0.584755983726128,82.534827010715,0.250376042790566,0.637254901960784,0.995098039215686,204
"UMass-WISAR6_fourthroot_adaptive_t",2025-03-15,0.214995482576679,0.458683880566028,43.0812557651588,0.172457815851971,0.244545421221221,0.533413566707601,63.9330438725067,0.261268471599125,0.607843137254902,0.990196078431373,204
"UMass-WISAR6_fourthroot_adaptive_t",2025-03-22,0.216288121406791,0.422874226655394,36.9509028276136,0.178088316852855,0.249977737148606,0.468222196464552,58.0426248799903,0.267535795203821,0.661764705882353,0.990196078431373,204
"UMass-WISAR6_fourthroot_adaptive_t",2025-03-29,0.183406536501906,0.3694046771058,25.606762891839,0.174479012037264,0.206484366402009,0.38879727996964,40.9496961349316,0.257190709103439,0.676470588235294,1,204
"UMass-WISAR6_fourthroot_adaptive_t",2025-04-05,0.178878970851182,0.365949383308334,19.1801005471566,0.193894496263535,0.188929616476891,0.374265673282818,30.4111853737827,0.288500683072196,0.63235294117647,1,204
"UMass-WISAR6_fourthroot_adaptive_t",2025-04-12,0.181456190583128,0.379564289269522,14.1068865148191,0.20925880363031,0.177609747264668,0.388549303774296,21.8973664384984,0.32413176256637,0.63235294117647,1,204
"UMass-WISAR6_fourthroot_adaptive_t",2025-04-19,0.241478282113783,0.467491194326888,12.2238066541813,0.230057701795521,0.231765376792056,0.49013579465411,19.064974450723,0.358218206217748,0.647058823529412,1,204
"UMass-WISAR6_fourthroot_adaptive_t",2025-04-26,0.318751346952544,0.500391982330187,12.9322131623478,0.262611646681776,0.287234677134642,0.498233664152463,18.8410929393677,0.38110704837911,0.673202614379085,0.980392156862745,153
"UMass-WISAR6_fourthroot_adaptive_t",2025-05-03,0.331278808499569,0.535559488665191,8.62256511956484,0.259309242054804,0.352417720312164,0.591500228002233,13.6245151349441,0.391334579658361,0.607843137254902,1,153
"UMass-WISAR6_fourthroot_adaptive_t",2025-05-10,0.391181010924061,0.572398455375359,6.92580143807213,0.26751834575508,0.507676018223485,0.70858569908052,10.8801938807504,0.412253633751774,0.607843137254902,0.986928104575163,153
"UMass-WISAR6_fourthroot_adaptive_t",2025-05-17,0.411426378573231,0.530210387744764,5.64382523509922,0.239697934020347,0.639977196130763,0.706688870375172,8.8049150186618,0.366448285164901,0.61437908496732,0.993464052287582,153
"UMass-WISAR6_fourthroot_adaptive_t",2025-05-24,0.354066012453697,0.517543867710836,6.15652779565925,0.285581659432751,0.665865682883891,0.770521221974049,9.8617754079405,0.432339804149371,0.640522875816993,1,153
"UMass-WISAR6_fourthroot_adaptive_t",2025-05-31,0.413068214484935,0.554988196285083,7.50690734500709,0.335527642982551,1.05825312455079,1.01659396075794,12.6886624639766,0.531646654881347,0.607843137254902,0.990196078431373,102
"UMass-WISAR6_fourthroot_adaptive_t",2025-06-07,0.329419024943988,0.516207571210911,6.36211484311922,0.341977582378984,0.948486720749355,0.994619736079355,10.3961583705665,0.524602683015565,0.647058823529412,1,51
"UMass-chronos_small",2024-11-30,0.904741012673621,0.769599024741219,24.86553022321,0.307125274852013,0.859922722102314,0.778426320989429,32.2049490042239,0.454958770500671,0.392156862745098,0.823529411764706,51
"UMass-chronos_small",2024-12-07,0.731457450515297,0.773805079806118,29.4012533663328,0.375796286811298,0.656799229780291,0.769911638537661,39.0473581312518,0.553649307835282,0.254901960784314,0.696078431372549,102
"UMass-chronos_small",2024-12-14,0.870609613281476,0.831708081836512,60.2841491621125,0.570251666386751,0.739950571036274,0.75276511123882,75.7796437749501,0.782668878070438,0.124183006535948,0.42483660130719,153
"UMass-chronos_small",2024-12-21,0.957778297258044,0.900443395175595,150.300137032793,0.826035050824081,0.83378193149629,0.783508045331391,171.244094930547,1.06154297173188,0.0931372549019608,0.299019607843137,204
"UMass-chronos_small",2024-12-28,0.958648907040021,0.948951401018458,330.681318864044,1.15631200918943,0.901377018492838,0.865773496499364,360.784988681352,1.40443959594116,0.00980392156862745,0.132352941176471,204
"UMass-chronos_small",2025-01-04,0.937544071805436,0.949237639421893,419.242827452742,1.13645307761609,0.915189823365891,0.892706046801137,460.623113304377,1.3478074656745,0.0588235294117647,0.200980392156863,204
"UMass-chronos_small",2025-01-11,1.03967431974666,0.982741581185285,234.267182045045,0.619910004304352,1.006204720309,0.932134473122988,276.010833057703,0.777983467405045,0.166666666666667,0.333333333333333,204
"UMass-chronos_small",2025-01-18,1.10535580715745,1.1116926539713,216.068766771481,0.472494659486416,1.09967203066762,1.07658332211459,268.594893490567,0.605362660671454,0.156862745098039,0.470588235294118,204
"UMass-chronos_small",2025-01-25,1.06484524946612,1.18587425882816,277.592722750281,0.481643624607481,1.10107834882509,1.18728964342853,354.043466985615,0.620695976212547,0.150326797385621,0.483660130718954,153
"UMass-chronos_small",2025-02-01,1.00845994011559,1.19723388621763,373.142643886358,0.553875415282112,1.05669256133091,1.24393903043202,459.136371141945,0.711403692167996,0.117647058823529,0.398692810457516,153
"UMass-chronos_small",2025-02-08,1.06437638637189,1.27154329159268,351.672997836382,0.569821275312526,1.11078120036427,1.33145470045849,429.037423638737,0.725870733234776,0.137254901960784,0.333333333333333,153
"UMass-chronos_small",2025-02-15,1.10764578013847,1.24064453502182,235.268486824419,0.356178123987743,1.1030094405493,1.26850843707998,289.341724813374,0.458164687166086,0.163398692810458,0.42483660130719,153
"UMass-chronos_small",2025-02-22,1.28819789922366,1.43478687805332,258.8362448587,0.389311358658582,1.22833071938778,1.43223575926011,316.614285380233,0.504561075534778,0.166666666666667,0.431372549019608,204
"UMass-chronos_small",2025-03-01,1.38698605328968,1.47526421461601,284.644543865739,0.40456263554013,1.25766691892871,1.41324399396418,334.9031374361,0.510264672788949,0.161764705882353,0.406862745098039,204
"UMass-chronos_small",2025-03-08,1.12443036314958,1.32110682245863,246.714000367064,0.437148502629131,1.04266119866834,1.30368332986855,293.800459230647,0.558200484079855,0.196078431372549,0.475490196078431,204
"UMass-chronos_small",2025-03-15,0.899072666674758,1.21675730137703,180.158108627535,0.457481318851827,0.836743247454688,1.20744220719573,218.755037335789,0.591410867116603,0.215686274509804,0.490196078431373,204
"UMass-chronos_small",2025-03-22,0.666111617925095,0.991053809323736,113.799248457118,0.417370210071711,0.622342831373673,0.98979124470026,144.50251418469,0.565553255988605,0.215686274509804,0.544117647058823,204
"UMass-chronos_small",2025-03-29,0.478073676962269,0.843652649866327,66.7474536311043,0.39847811891439,0.466650743551915,0.84640939918626,92.5455349601952,0.559902665948507,0.25,0.593137254901961,204
"UMass-chronos_small",2025-04-05,0.41635051303623,0.734968061750233,44.6427249938664,0.389415226812332,0.396983936918665,0.731119632322643,63.9007918460696,0.563579639784878,0.269607843137255,0.647058823529412,204
"UMass-chronos_small",2025-04-12,0.338975233840974,0.663678928677521,26.352835578449,0.365894955178693,0.322113782310812,0.67547599854902,39.7131555828394,0.563488915960468,0.323529411764706,0.803921568627451,204
"UMass-chronos_small",2025-04-19,0.449080951834955,0.866446668422865,22.7328051171061,0.426388200857468,0.427535591410494,0.915246306952936,35.1689939189191,0.668912358370947,0.279411764705882,0.799019607843137,204
"UMass-chronos_small",2025-04-26,0.494921589749888,0.921748658102978,20.0797002380872,0.483744627169934,0.459277913378252,0.973918995381147,30.1262296644715,0.744966509481941,0.366013071895425,0.823529411764706,153
"UMass-chronos_small",2025-05-03,0.543989766836945,0.913823302970747,14.1590318142386,0.442458462748852,0.59346598298855,1.07320828092318,22.94347247959,0.710031022167854,0.326797385620915,0.875816993464052,153
"UMass-chronos_small",2025-05-10,0.65742251420152,0.909754651542891,11.6395675330002,0.425186436368256,0.869156132376478,1.19231054698615,18.6272088762253,0.693683708538618,0.326797385620915,0.901960784313726,153
"UMass-chronos_small",2025-05-17,0.704450147123924,0.885760900555512,9.66343852573297,0.400435492790391,1.12275314868981,1.25284593993139,15.4470286143271,0.649653992739316,0.34640522875817,0.869281045751634,153
"UMass-chronos_small",2025-05-24,0.584747037177927,0.853952097597401,10.1676276772996,0.471212340292287,1.07820904866871,1.3215670420866,15.9687693090412,0.741531861617212,0.34640522875817,0.836601307189543,153
"UMass-chronos_small",2025-05-31,0.616245763422828,0.84995064654247,11.1993605064402,0.513852256669258,1.42106959902989,1.52418998745293,17.0389031334663,0.797103405600436,0.343137254901961,0.833333333333333,102
"UMass-chronos_small",2025-06-07,0.477498003875433,0.823238446072014,9.22198448778796,0.545379628680634,1.32027468575428,1.59550052299467,14.4712460654244,0.841531516773525,0.254901960784314,0.803921568627451,51
"UMass-flusion",2024-11-30,0.774187536720334,0.71222339150366,21.2774521361247,0.284228277115017,0.82043910715248,0.728420829254239,30.7262489149262,0.425732578599546,0.431372549019608,0.941176470588235,51
"UMass-flusion",2024-12-07,0.737061195427074,0.661844430264511,29.6264983533589,0.321422908469999,0.776426652935665,0.683015403879539,46.1593257196262,0.491161565393383,0.294117647058824,0.88235294117647,102
"UMass-flusion",2024-12-14,0.784168698322892,0.674751583680845,54.2986684925027,0.4626361380804,0.785950517832587,0.67200539007297,80.4905795027373,0.698700958443908,0.117647058823529,0.640522875816993,153
"UMass-flusion",2024-12-21,0.852207238552293,0.705432723744034,133.733312919533,0.647139130491638,0.843237540305825,0.677918844546291,173.18611011634,0.918484486688755,0.102941176470588,0.42156862745098,204
"UMass-flusion",2024-12-28,0.875776954648613,0.754917214779234,302.095038409979,0.919878341984853,0.891098532094747,0.746891238345149,356.670923731041,1.21159129175794,0.00490196078431373,0.166666666666667,204
"UMass-flusion",2025-01-04,0.822842302106569,0.725272355896589,367.951484796409,0.868315758602379,0.879364581648867,0.752015773554098,442.591953043125,1.13539331063475,0.0686274509803922,0.235294117647059,204
"UMass-flusion",2025-01-11,0.768646397740756,0.647500719082071,173.197146613835,0.408441223245197,0.892668195905324,0.728812344063535,244.866762620912,0.608285575602069,0.205882352941176,0.696078431372549,204
"UMass-flusion",2025-01-18,0.777383845656572,0.686194259042101,151.95864331779,0.291648165173538,0.951400343244478,0.812173297839385,232.379533837464,0.4566849387381,0.299019607843137,0.848039215686274,204
"UMass-flusion",2025-01-25,0.709882139384425,0.68431583947175,185.057984718734,0.277935336605739,0.8963545726344,0.835659793533542,288.21607552498,0.436869532383908,0.320261437908497,0.895424836601307,153
"UMass-flusion",2025-02-01,0.850115463862493,0.872491319463109,314.553230302802,0.403640005065662,1.04597052071698,1.05742481547702,454.477609455842,0.604736968225167,0.156862745098039,0.65359477124183,153
"UMass-flusion",2025-02-08,1.04418088626305,1.10475449479805,345.000346923586,0.495077611037978,1.23280247046099,1.31668066446558,476.167939832436,0.717816354565099,0.143790849673203,0.509803921568627,153
"UMass-flusion",2025-02-15,0.948410007078574,1.09978784896226,201.446158379818,0.315739409452201,1.1275979219793,1.26921970806695,295.791781690451,0.458421586718119,0.254901960784314,0.705882352941177,153
"UMass-flusion",2025-02-22,0.753357560332561,1.04127451936123,151.371339815029,0.282536733552435,0.879938771309635,1.20311363357563,226.812845155758,0.423843843461269,0.357843137254902,0.833333333333333,204
"UMass-flusion",2025-03-01,0.445098697608621,0.626994054040047,91.3454864636477,0.171940974679207,0.530834206858798,0.733578407891439,141.355424603875,0.264865195158403,0.5,0.941176470588235,204
"UMass-flusion",2025-03-08,0.328549201673673,0.52051397890391,72.0877793047771,0.172235812129038,0.395300053889142,0.645308951779008,111.387416655439,0.276303118258347,0.441176470588235,0.985294117647059,204
"UMass-flusion",2025-03-15,0.301589318937426,0.475521603047953,60.433114358807,0.178788530677988,0.363775610213054,0.577044443649324,95.1041402916313,0.28263908015611,0.401960784313726,0.975490196078431,204
"UMass-flusion",2025-03-22,0.272093865981535,0.410751948761161,46.4848181974998,0.172983167542429,0.303287906302484,0.461105888149408,70.4207757736753,0.26346963341486,0.504901960784314,0.980392156862745,204
"UMass-flusion",2025-03-29,0.225932429543921,0.389054998290531,31.5441219449023,0.183760347220643,0.227199062708804,0.408133834716597,45.0578062745594,0.269981905141064,0.563725490196078,0.970588235294118,204
"UMass-flusion",2025-04-05,0.237435248541592,0.434063758740655,25.4587329007812,0.229984193678403,0.227433190288392,0.455132399319738,36.6089395563722,0.350836364287165,0.5,0.970588235294118,204
"UMass-flusion",2025-04-12,0.25385055570645,0.471643359639324,19.7350168631151,0.260023210740522,0.237413429707066,0.47951681295513,29.2705155419726,0.400017779606266,0.514705882352941,0.96078431372549,204
"UMass-flusion",2025-04-19,0.313405423056851,0.570166471985397,15.8648109564308,0.280585366692707,0.291135063183686,0.606293925621361,23.9487132121835,0.443112959399484,0.475490196078431,0.965686274509804,204
"UMass-flusion",2025-04-26,0.349435367978363,0.595428196153488,14.1771092369139,0.3124877787699,0.326475064935924,0.630961825030158,21.4150572006335,0.482632981426877,0.61437908496732,0.973856209150327,153
"UMass-flusion",2025-05-03,0.375733943144384,0.645789586014371,9.77964877097637,0.312680872284872,0.397868461231006,0.743233798245621,15.3816467201399,0.491721004075826,0.568627450980392,0.986928104575163,153
"UMass-flusion",2025-05-10,0.449679203812729,0.687789321370013,7.96150321581411,0.321447865124403,0.581204765826332,0.872983703810632,12.4560158636898,0.507900038864769,0.555555555555556,0.973856209150327,153
"UMass-flusion",2025-05-17,0.445607400629372,0.597843465923638,6.11271037443064,0.270273549824233,0.697613683263671,0.818903661302731,9.59788760307207,0.424636434758529,0.562091503267974,0.980392156862745,153
"UMass-flusion",2025-05-24,0.373695629039516,0.541978320577262,6.4978491195876,0.299064635528652,0.675799803128072,0.864645581433068,10.0089042737792,0.485153024569104,0.61437908496732,0.993464052287582,153
"UMass-flusion",2025-05-31,0.361766978114476,0.515605191458798,6.57458281696866,0.311717971224873,0.77740961663697,0.894716907914497,9.32129373673543,0.467908791041682,0.656862745098039,1,102
"UMass-flusion",2025-06-07,0.328600786577022,0.493004711073872,6.34631209323078,0.326606134038293,0.737088060599636,0.919180906967325,8.07906325245484,0.484813192901761,0.725490196078431,0.980392156862745,51
"UMass-flusion_3src_spatial",2024-11-30,0.754170716475641,0.67538125165319,20.7273180736751,0.269525617724932,0.801856367293521,0.701241127193726,30.0303070888358,0.409847139607314,0.470588235294118,0.941176470588235,51
"UMass-flusion_3src_spatial",2024-12-07,0.713214133788302,0.645393240563598,28.6679552408509,0.31343343390519,0.74164582409725,0.666348098168186,44.0915713463306,0.479175979244696,0.264705882352941,0.88235294117647,102
"UMass-flusion_3src_spatial",2024-12-14,0.751206007447352,0.644575216721708,52.0162129082646,0.441946037888096,0.744827598580271,0.632179281851198,76.2791087722502,0.65729274893145,0.137254901960784,0.61437908496732,153
"UMass-flusion_3src_spatial",2024-12-21,0.813729364480661,0.657633291499947,127.695141286021,0.603289615181009,0.80246192932505,0.624653386318643,164.811519190495,0.84631729816458,0.112745098039216,0.42156862745098,204
"UMass-flusion_3src_spatial",2024-12-28,0.836013794345839,0.68782272504565,288.378927960614,0.83812266498589,0.851769279885646,0.674629705077589,340.929004953445,1.09437014905176,0.00490196078431373,0.181372549019608,204
"UMass-flusion_3src_spatial",2025-01-04,0.782744274124538,0.656248308543707,350.020796381844,0.785678294825159,0.840960326841367,0.67940227262177,423.262752737438,1.02576145699597,0.0784313725490196,0.240196078431373,204
"UMass-flusion_3src_spatial",2025-01-11,0.721888065904281,0.573427927686856,162.661210091784,0.361716361580892,0.850965232872657,0.652613621512289,233.42727189373,0.544688156890969,0.200980392156863,0.676470588235294,204
"UMass-flusion_3src_spatial",2025-01-18,0.777162444745998,0.663389915644526,151.915365106919,0.281955800624796,0.953873464934305,0.790038803690416,232.983593810204,0.444238715584357,0.284313725490196,0.82843137254902,204
"UMass-flusion_3src_spatial",2025-01-25,0.735208145879668,0.709644510053974,191.660178890075,0.288222593129686,0.914987939676579,0.864289801066377,294.207494642673,0.451836840970253,0.287581699346405,0.869281045751634,153
"UMass-flusion_3src_spatial",2025-02-01,0.877907316557176,0.903774186651072,324.836559347886,0.418112374461828,1.04662801275746,1.0757697488234,454.763291896099,0.61522836128859,0.156862745098039,0.57516339869281,153
"UMass-flusion_3src_spatial",2025-02-08,1.06132229915183,1.12711952120897,350.663918696629,0.505100130881487,1.22837698944663,1.32532066239101,474.458605021817,0.722526632449224,0.130718954248366,0.470588235294118,153
"UMass-flusion_3src_spatial",2025-02-15,0.915943725807427,1.06531956813874,194.550187660258,0.305843869469358,1.09569439127894,1.24472577630647,287.422839176341,0.449574775570106,0.26797385620915,0.712418300653595,153
"UMass-flusion_3src_spatial",2025-02-22,0.756704657970359,1.02380514414398,152.043868612247,0.277796638486907,0.882313682386576,1.18628065763275,227.425001769281,0.417913769176169,0.338235294117647,0.82843137254902,204
"UMass-flusion_3src_spatial",2025-03-01,0.480549216850869,0.641370059721164,98.620827737325,0.175883315779378,0.583545932312355,0.757073974158441,155.391988632373,0.273348484303396,0.509803921568627,0.96078431372549,204
"UMass-flusion_3src_spatial",2025-03-08,0.365530108887491,0.543190264390888,80.2018500866871,0.179739296387317,0.463180031680238,0.679810786662242,130.514596868015,0.291075832223637,0.450980392156863,0.985294117647059,204
"UMass-flusion_3src_spatial",2025-03-15,0.309042330439901,0.482971203067806,61.9265647834887,0.18158946134686,0.379738807862928,0.591779933462361,99.277499214478,0.28985659231179,0.401960784313726,0.975490196078431,204
"UMass-flusion_3src_spatial",2025-03-22,0.275788273813857,0.414183045488195,47.1159749338467,0.174428132032012,0.305961918959029,0.462882251996448,71.0416579182958,0.264484623558381,0.524509803921569,0.980392156862745,204
"UMass-flusion_3src_spatial",2025-03-29,0.23391553759866,0.396283089721552,32.6587035677634,0.187174354486822,0.24058179664209,0.424694730307657,47.7118516997503,0.280936993306252,0.57843137254902,0.980392156862745,204
"UMass-flusion_3src_spatial",2025-04-05,0.251549383525275,0.445713611429501,26.9721054723866,0.2361567476481,0.249378458721139,0.475211422687522,40.1413747501276,0.366314171552303,0.490196078431373,0.970588235294118,204
"UMass-flusion_3src_spatial",2025-04-12,0.261742507919898,0.476408051458856,20.3485582027503,0.262650048243442,0.25106012182048,0.490708196253542,30.9530055093475,0.409353744846285,0.5,0.955882352941177,204
"UMass-flusion_3src_spatial",2025-04-19,0.312832905461285,0.570236715414834,15.835829698435,0.280619934278446,0.293189427840937,0.612349824234546,24.1177048460724,0.447538943304174,0.480392156862745,0.955882352941177,204
"UMass-flusion_3src_spatial",2025-04-26,0.345769542831573,0.588106545505852,14.0283812937462,0.308645289679545,0.325276794814312,0.630096559260629,21.3364569461205,0.481971125540343,0.607843137254902,0.967320261437909,153
"UMass-flusion_3src_spatial",2025-05-03,0.367685638160312,0.62929564922989,9.57016650997212,0.304694774873465,0.391571887943864,0.73820839421219,15.1382203737775,0.48839621351458,0.562091503267974,0.986928104575163,153
"UMass-flusion_3src_spatial",2025-05-10,0.447669403540743,0.687102132428692,7.92592000184093,0.321126697855209,0.589313422037449,0.891115368654764,12.6297954958222,0.518449002423676,0.555555555555556,0.973856209150327,153
"UMass-flusion_3src_spatial",2025-05-17,0.441429979101154,0.605135436870701,6.05540574286967,0.273570109852756,0.688590521688771,0.834413868463614,9.47374541277689,0.432679137926672,0.549019607843137,0.986928104575163,153
"UMass-flusion_3src_spatial",2025-05-24,0.373094552441579,0.550610222839893,6.48739755221779,0.303827735095704,0.666444376172653,0.88232032575409,9.87034612030871,0.495070331555877,0.65359477124183,1,153
"UMass-flusion_3src_spatial",2025-05-31,0.364197124442649,0.530120465005207,6.6187471527386,0.320493429068614,0.783388550844521,0.93445414624049,9.39298233022401,0.488690116374843,0.656862745098039,1,102
"UMass-flusion_3src_spatial",2025-06-07,0.328044652006496,0.494679189807455,6.335571389938,0.327715443976758,0.721765119918698,0.927295310701289,7.91111180459905,0.489093057673688,0.764705882352941,1,51
"UMass-flusion_3src_spatial_fourierP",2024-11-30,0.697225866568983,0.612254947057761,19.1622692181735,0.244333689167353,0.727476253004309,0.619186725460081,27.2446988870241,0.361889653175641,0.490196078431373,0.96078431372549,51
"UMass-flusion_3src_spatial_fourierP",2024-12-07,0.592563967081555,0.529470385402962,23.8183688191986,0.257135821414915,0.611080280382547,0.541691586257932,36.3293217670565,0.389534534588321,0.431372549019608,0.901960784313726,102
"UMass-flusion_3src_spatial_fourierP",2024-12-14,0.60007694242113,0.482846513228311,41.5514914535685,0.331058498517272,0.617084215468708,0.48108876065612,63.1966834782953,0.50020012210099,0.248366013071895,0.745098039215686,153
"UMass-flusion_3src_spatial_fourierP",2024-12-21,0.696676834343986,0.493854915790052,109.326577945274,0.45304510272387,0.711764060785075,0.472348405847404,146.183777543005,0.639965515892042,0.17156862745098,0.514705882352941,204
"UMass-flusion_3src_spatial_fourierP",2024-12-28,0.77568351085753,0.581019438151927,267.568287521921,0.707981202395105,0.802402939911224,0.57831968014768,321.169643394957,0.938138047879163,0.00490196078431373,0.225490196078431,204
"UMass-flusion_3src_spatial_fourierP",2025-01-04,0.743554163568504,0.584667586949166,332.496102608187,0.699979911221617,0.806563753651065,0.610870265284206,405.950653951584,0.92229184182061,0.0784313725490196,0.269607843137255,204
"UMass-flusion_3src_spatial_fourierP",2025-01-11,0.663607222226227,0.503438830483457,149.528935151116,0.317567480146276,0.793313352050317,0.579194869876318,217.612852291096,0.483410973590436,0.205882352941176,0.705882352941177,204
"UMass-flusion_3src_spatial_fourierP",2025-01-18,0.733126732274639,0.604431657266422,143.307510490351,0.256897200015393,0.906270741276988,0.723569731116661,221.356628556904,0.406863164803411,0.28921568627451,0.843137254901961,204
"UMass-flusion_3src_spatial_fourierP",2025-01-25,0.730196660765512,0.683799718516728,190.353743237985,0.277725713734122,0.888138559739134,0.824753945570257,285.574278332853,0.431168130046691,0.30718954248366,0.836601307189543,153
"UMass-flusion_3src_spatial_fourierP",2025-02-01,0.921779829024827,0.933631560779898,341.069931289502,0.431925269072656,1.07958409706306,1.09676227902226,469.082818226504,0.627233904266226,0.150326797385621,0.542483660130719,153
"UMass-flusion_3src_spatial_fourierP",2025-02-08,1.12652454736465,1.18578909027481,372.206927718873,0.531391936192542,1.27282803209574,1.36747874728376,491.627747612613,0.745510005433924,0.130718954248366,0.411764705882353,153
"UMass-flusion_3src_spatial_fourierP",2025-02-15,0.984710796811529,1.11626834080505,209.156594355059,0.320470813574218,1.15312399955097,1.29423228662819,302.487789032537,0.467455724684206,0.241830065359477,0.673202614379085,153
"UMass-flusion_3src_spatial_fourierP",2025-02-22,0.796039229068958,1.06555494603553,159.947322485619,0.289124921695196,0.922066827950781,1.22407670463736,237.671764775176,0.431228905322093,0.313725490196078,0.794117647058823,204
"UMass-flusion_3src_spatial_fourierP",2025-03-01,0.4490208799595,0.622574412080855,92.1504172728481,0.170728973478717,0.542679400968137,0.722719688399601,144.509672052902,0.260944555147143,0.519607843137255,0.950980392156863,204
"UMass-flusion_3src_spatial_fourierP",2025-03-08,0.303487986184093,0.497548122716084,66.5890370703746,0.164636510185067,0.375162080642352,0.619806506695314,105.712950399825,0.265383689540659,0.446078431372549,0.985294117647059,204
"UMass-flusion_3src_spatial_fourierP",2025-03-15,0.250543529157866,0.430982778777016,50.2044495567758,0.162042643848693,0.30393290856271,0.522496951472506,79.4590873155637,0.255921462157439,0.450980392156863,0.970588235294118,204
"UMass-flusion_3src_spatial_fourierP",2025-03-22,0.238580840751056,0.374556217967273,40.7594157542387,0.157739777503444,0.260413736845656,0.412530185264019,60.465771927295,0.23571413741925,0.549019607843137,0.985294117647059,204
"UMass-flusion_3src_spatial_fourierP",2025-03-29,0.210711450739095,0.370194746323473,29.4190068717388,0.174852181369122,0.214491097005148,0.392188431296226,42.5375799585161,0.259433967118078,0.57843137254902,0.980392156862745,204
"UMass-flusion_3src_spatial_fourierP",2025-04-05,0.23530550840644,0.426364490850523,25.2303738614981,0.225904816209149,0.232779897339414,0.454375932376554,37.4695759261487,0.350253245809011,0.495098039215686,0.975490196078431,204
"UMass-flusion_3src_spatial_fourierP",2025-04-12,0.248749126122651,0.458965230989973,19.3384181691233,0.253033591041208,0.23714057395087,0.468841469160103,29.2368753697957,0.391112299743937,0.480392156862745,0.955882352941177,204
"UMass-flusion_3src_spatial_fourierP",2025-04-19,0.299204899413019,0.54721112961858,15.1459700988147,0.269288783199956,0.279654061927665,0.584526733169565,23.00428830004,0.427204297515319,0.46078431372549,0.96078431372549,204
"UMass-flusion_3src_spatial_fourierP",2025-04-26,0.330329296397271,0.555640232023323,13.4019476799698,0.291606583332512,0.31187927840058,0.591844071508383,20.4576499217531,0.452711174338099,0.61437908496732,0.973856209150327,153
"UMass-flusion_3src_spatial_fourierP",2025-05-03,0.354665782435752,0.602120634376195,9.23128412162732,0.291537072221043,0.375975394437225,0.694893508677677,14.5352578960535,0.459739229592784,0.529411764705882,0.986928104575163,153
"UMass-flusion_3src_spatial_fourierP",2025-05-10,0.431366882581409,0.660105807829475,7.63728630043083,0.308509591658594,0.56013538251775,0.839725133629402,12.0044700606255,0.488550274357255,0.57516339869281,0.973856209150327,153
"UMass-flusion_3src_spatial_fourierP",2025-05-17,0.43120624538365,0.588480665788475,5.91515959105052,0.266040807688436,0.680170079329662,0.803567529401723,9.35789553587542,0.416683997028466,0.549019607843137,0.986928104575163,153
"UMass-flusion_3src_spatial_fourierP",2025-05-24,0.358003452577117,0.53160987713242,6.22499231558194,0.293343309338837,0.652125728543839,0.845118479115622,9.6582803979107,0.474196358677539,0.61437908496732,1,153
"UMass-flusion_3src_spatial_fourierP",2025-05-31,0.355337131623909,0.512188537208311,6.45772981265922,0.309652374235197,0.810138737195285,0.895500421204837,9.71372230970425,0.468318543839695,0.637254901960784,1,102
"UMass-flusion_3src_spatial_fourierP",2025-06-07,0.302231515977656,0.467898632217509,5.83703875083357,0.309973839920299,0.716045273390318,0.862876837601021,7.84841780049388,0.455116149114264,0.764705882352941,1,51
"UMass-flusion_spatial2_prod",2024-11-30,0.685828695024552,0.598484486225785,18.8490340386831,0.238838286455166,0.755515992060076,0.624530956600419,28.2948146046028,0.365013140605754,0.450980392156863,0.96078431372549,51
"UMass-flusion_spatial2_prod",2024-12-07,0.646816299622765,0.577721690074227,25.9990651449178,0.280568933451096,0.671762571058907,0.600928574285308,39.936943440208,0.43213230266713,0.274509803921569,0.88235294117647,102
"UMass-flusion_spatial2_prod",2024-12-14,0.663153145024239,0.561019060973282,45.9191151833056,0.384656661852218,0.651913032631372,0.536406148215934,66.7635641065423,0.55771500557902,0.150326797385621,0.61437908496732,153
"UMass-flusion_spatial2_prod",2024-12-21,0.722820789622475,0.562934138806657,113.429239356777,0.51641594846624,0.714105751485375,0.519481546603119,146.664719488893,0.70382427854676,0.137254901960784,0.436274509803922,204
"UMass-flusion_spatial2_prod",2024-12-28,0.750223127462769,0.581921437363737,258.785851013691,0.70908030243308,0.77528514736692,0.562719679147662,310.315481068388,0.912832053655806,0.0196078431372549,0.186274509803922,204
"UMass-flusion_spatial2_prod",2025-01-04,0.707926891599479,0.557033046437799,316.564608096193,0.666895088930146,0.777237143334392,0.575798107918734,391.190312214994,0.869339903493453,0.0833333333333333,0.28921568627451,204
"UMass-flusion_spatial2_prod",2025-01-11,0.615257023280539,0.459297704618291,138.634307243903,0.28972340999706,0.751969618882911,0.531824321318298,206.271901485631,0.443874292260998,0.259803921568627,0.823529411764706,204
"UMass-flusion_spatial2_prod",2025-01-18,0.739111337164471,0.597970552876351,144.477347559816,0.254151083714464,0.929052945166638,0.738554079390007,226.921181856951,0.415288861870094,0.264705882352941,0.911764705882353,204
"UMass-flusion_spatial2_prod",2025-01-25,0.802960234224574,0.737977497791711,209.322357206699,0.299730055078855,0.980279808543401,0.899150145467869,315.201604320923,0.470061269709399,0.235294117647059,0.875816993464052,153
"UMass-flusion_spatial2_prod",2025-02-01,0.98104660220967,1.02187198706645,362.999369992115,0.472747871336733,1.19255412037751,1.25104955817853,518.168662539714,0.715470174180685,0.0915032679738562,0.601307189542484,153
"UMass-flusion_spatial2_prod",2025-02-08,1.13861412221358,1.23313867796179,376.201357775881,0.552610877474144,1.32575458277568,1.45814138125658,512.070541331447,0.794936660787791,0.150326797385621,0.477124183006536,153
"UMass-flusion_spatial2_prod",2025-02-15,1.01990045700579,1.10545360488868,216.631021878933,0.317365998100182,1.21719111775096,1.28658746781934,319.293892228333,0.464694540039618,0.196078431372549,0.745098039215686,153
"UMass-flusion_spatial2_prod",2025-02-22,0.853772989138954,1.06182025024209,171.547705988104,0.288111559002969,1.01192561688338,1.21950756837124,260.833748591072,0.429619248326872,0.28921568627451,0.843137254901961,204
"UMass-flusion_spatial2_prod",2025-03-01,0.527868989047666,0.643530027393447,108.33203928184,0.176475645075733,0.667986464742126,0.771762338201646,177.877591785228,0.278651852514633,0.362745098039216,0.965686274509804,204
"UMass-flusion_spatial2_prod",2025-03-08,0.376971415727044,0.530753747562519,82.7122150433097,0.175624107049845,0.481994305881538,0.668293111647424,135.816071985237,0.286144288173446,0.362745098039216,0.985294117647059,204
"UMass-flusion_spatial2_prod",2025-03-15,0.30936410011808,0.455353149946454,61.9910416815004,0.171205514316686,0.379259030218715,0.557810961362264,99.1520679345819,0.273218430149614,0.313725490196078,0.985294117647059,204
"UMass-flusion_spatial2_prod",2025-03-22,0.325865834665821,0.446467500022573,55.6712810359539,0.188024335834769,0.358996068076967,0.497887719963595,83.3557193951063,0.28448627187789,0.333333333333333,0.965686274509804,204
"UMass-flusion_spatial2_prod",2025-03-29,0.306803972207377,0.448363798091757,42.8352048974383,0.211773367725714,0.337468863080653,0.498648018110363,66.9263617335979,0.329857342059705,0.357843137254902,0.975490196078431,204
"UMass-flusion_spatial2_prod",2025-04-05,0.33242912557072,0.50492196923536,35.6443466938006,0.267527683725578,0.353824185580953,0.547215500449962,56.9535528525576,0.42181812796978,0.303921568627451,0.92156862745098,204
"UMass-flusion_spatial2_prod",2025-04-12,0.333049407377314,0.523373212269275,25.8921460800047,0.288542561425879,0.329312832836383,0.536019043838995,40.6007208758229,0.447152512592322,0.318627450980392,0.901960784313726,204
"UMass-flusion_spatial2_prod",2025-04-19,0.343113404583567,0.553483791406579,17.3686506354685,0.272375630979336,0.321873569949944,0.584595636517347,26.4772567516177,0.42725465587297,0.372549019607843,0.926470588235294,204
"UMass-flusion_spatial2_prod",2025-04-26,0.341366138128532,0.510444808386568,13.8497286580656,0.267887489016775,0.324319748964666,0.550600907854474,21.273679742545,0.4211636064059,0.464052287581699,0.928104575163399,153
"UMass-flusion_spatial2_prod",2025-05-03,0.334889691537674,0.527508915082762,8.71654962245594,0.255411284539441,0.35890235592311,0.613859575234274,13.8752119953281,0.406127449274049,0.444444444444444,0.986928104575163,153
"UMass-flusion_spatial2_prod",2025-05-10,0.406330269861579,0.592390058649124,7.19401680744126,0.276861698425873,0.535421768541795,0.749210299971682,11.4748233924741,0.435888939063227,0.398692810457516,0.967320261437909,153
"UMass-flusion_spatial2_prod",2025-05-17,0.413793311819535,0.53817494552674,5.67629412450687,0.243298557640427,0.644828302844271,0.731625096626682,8.87165736919732,0.379378780792346,0.359477124183007,0.941176470588235,153
"UMass-flusion_spatial2_prod",2025-05-24,0.331018898364493,0.484147795052031,5.7557827551607,0.2671536450296,0.625880869026033,0.776070626843434,9.26958202099994,0.435453577717124,0.320261437908497,0.967320261437909,153
"UMass-flusion_spatial2_prod",2025-05-31,0.347868150576266,0.47397041697371,6.32199206591396,0.286546953458009,0.859239921938004,0.875387573472149,10.3024551424527,0.45780015731569,0.352941176470588,0.970588235294118,102
"UMass-flusion_spatial2_prod",2025-06-07,0.255117715870117,0.407035024383992,4.92712346275666,0.269652870948566,0.745955909544307,0.816677559235393,8.17626183206407,0.430748780858002,0.470588235294118,0.941176470588235,51
"UMass-flusion_spatial_mem",2024-11-30,0.684078442431391,0.597685207013152,18.8009308156128,0.238519316654047,0.749334987981556,0.6225330418567,28.0633299420543,0.363845440065757,0.450980392156863,0.96078431372549,51
"UMass-flusion_spatial_mem",2024-12-07,0.646844787966046,0.577805498838658,26.0002102463837,0.280609634944659,0.673597413843824,0.602936203098665,40.0460266426367,0.433576003797583,0.284313725490196,0.892156862745098,102
"UMass-flusion_spatial_mem",2024-12-14,0.663207151217462,0.560598025811756,45.9228547668781,0.38436798363962,0.656620376972961,0.538902535619239,67.2456515476427,0.560310562544935,0.156862745098039,0.607843137254902,153
"UMass-flusion_spatial_mem",2024-12-21,0.722322582488512,0.562197691523077,113.351057797726,0.515740357671105,0.716009888582703,0.521845542700213,147.055795646265,0.707027160070473,0.127450980392157,0.436274509803922,204
"UMass-flusion_spatial_mem",2024-12-28,0.750003182342772,0.581567715733812,258.709982004897,0.708649287137509,0.777433242025252,0.565221015728726,311.175277015137,0.916889669361793,0.0196078431372549,0.186274509803922,204
"UMass-flusion_spatial_mem",2025-01-04,0.70810804149162,0.556806225870271,316.645613133991,0.66662353318759,0.778001843277437,0.578019422493477,391.575192443681,0.872693643930384,0.0882352941176471,0.303921568627451,204
"UMass-flusion_spatial_mem",2025-01-11,0.61736469144883,0.46037891477279,139.109222775713,0.29040543363823,0.758066815964535,0.536612595445649,207.944416443919,0.447870709318723,0.235294117647059,0.823529411764706,204
"UMass-flusion_spatial_mem",2025-01-18,0.738331220359403,0.598464347309778,144.324854692888,0.254360957578293,0.929775591810396,0.739662867226816,227.097688299689,0.41591233312515,0.274509803921569,0.911764705882353,204
"UMass-flusion_spatial_mem",2025-01-25,0.802028939179507,0.738464781538411,209.079579462821,0.299927965698995,0.983883236071508,0.904427261296838,316.360259358,0.472820061196529,0.254901960784314,0.888888888888889,153
"UMass-flusion_spatial_mem",2025-02-01,0.979437767401802,1.02175332420998,362.404081225647,0.472692974428395,1.19045476110042,1.25478161335322,517.256484073167,0.717604521416117,0.0849673202614379,0.620915032679739,153
"UMass-flusion_spatial_mem",2025-02-08,1.13708166574599,1.23198160285891,375.695029782407,0.55209235324055,1.32427471769072,1.46389385465626,511.498945860462,0.798072743512272,0.156862745098039,0.490196078431373,153
"UMass-flusion_spatial_mem",2025-02-15,1.01858309156912,1.10262487697894,216.35120808066,0.316553895220008,1.21669861139579,1.2874875018804,319.164697832485,0.465019617754491,0.202614379084967,0.751633986928105,153
"UMass-flusion_spatial_mem",2025-02-22,0.85429487343669,1.06017060936111,171.652567649467,0.287663949715138,1.0150816043126,1.21231973671519,261.647235292006,0.427087053436685,0.294117647058824,0.838235294117647,204
"UMass-flusion_spatial_mem",2025-03-01,0.526668382270959,0.642703786793935,108.0856444695,0.176249064595289,0.670020764027387,0.772152344778422,178.419303746371,0.278792667957072,0.406862745098039,0.965686274509804,204
"UMass-flusion_spatial_mem",2025-03-08,0.375042369084738,0.529418622576291,82.288958228468,0.175182319997784,0.478904790299247,0.668888318251571,134.945510101822,0.286399138877563,0.357843137254902,0.985294117647059,204
"UMass-flusion_spatial_mem",2025-03-15,0.308308903203906,0.455095402725154,61.7795990614169,0.17110860547661,0.374691202961927,0.556701138410303,97.957872193963,0.272674833652446,0.348039215686274,0.985294117647059,204
"UMass-flusion_spatial_mem",2025-03-22,0.325660183788902,0.446542279375075,55.6361474117861,0.188055828245947,0.360338507203515,0.500356620540886,83.6674219152398,0.285896968090527,0.352941176470588,0.965686274509804,204
"UMass-flusion_spatial_mem",2025-03-29,0.307548413632116,0.449329705098459,42.93914195123,0.212229589616486,0.335730751338396,0.497602339635775,66.581661798517,0.329165622229787,0.357843137254902,0.980392156862745,204
"UMass-flusion_spatial_mem",2025-04-05,0.331741654779191,0.504762494142107,35.5706333956862,0.267443187496637,0.352615060175468,0.550273324202535,56.7589251518718,0.424175234977735,0.294117647058824,0.931372549019608,204
"UMass-flusion_spatial_mem",2025-04-12,0.332530905226028,0.522946187220498,25.8518363447326,0.288307136878962,0.33039756556925,0.538567151629535,40.7344567236873,0.449278169906166,0.313725490196078,0.897058823529412,204
"UMass-flusion_spatial_mem",2025-04-19,0.341205367488704,0.55224186662625,17.2720644069578,0.271764465754766,0.325829188417837,0.589957725056962,26.8026451511751,0.431173565202164,0.367647058823529,0.916666666666667,204
"UMass-flusion_spatial_mem",2025-04-26,0.340897013729693,0.510618927096738,13.8306955879831,0.267978868580818,0.321152398890578,0.549872403744638,21.0659181389924,0.420606361741384,0.464052287581699,0.934640522875817,153
"UMass-flusion_spatial_mem",2025-05-03,0.337010753310459,0.52946975786123,8.77175687625313,0.256360692897307,0.363155881362584,0.626227672387135,14.0396538448345,0.414310141133417,0.450980392156863,0.986928104575163,153
"UMass-flusion_spatial_mem",2025-05-10,0.406644291983192,0.592353431821391,7.19957652225542,0.276844580370656,0.536535066447894,0.750183111616288,11.4986828946578,0.436454918783062,0.392156862745098,0.967320261437909,153
"UMass-flusion_spatial_mem",2025-05-17,0.41301498885696,0.538436730179214,5.66561732057302,0.24341690545444,0.644391160190668,0.730943175300149,8.86564308628338,0.379025175533793,0.359477124183007,0.934640522875817,153
"UMass-flusion_spatial_mem",2025-05-24,0.330810430989892,0.484344485041736,5.75215790798228,0.267262178928189,0.61859287900881,0.770861300111409,9.16164355447034,0.432530622145175,0.326797385620915,0.967320261437909,153
"UMass-flusion_spatial_mem",2025-05-31,0.34721277012602,0.474797478688745,6.31008149002551,0.287046967818142,0.849788735201319,0.880482148224785,10.189133560306,0.460464459613201,0.352941176470588,0.96078431372549,102
"UMass-flusion_spatial_mem",2025-06-07,0.255100758757804,0.406841005135655,4.92679596771909,0.269524336930117,0.746273010136821,0.821021909537929,8.17973750326437,0.433040166944562,0.470588235294118,0.941176470588235,51
"UMass-gbqr",2024-11-30,0.76632096492435,0.65248909041605,21.0612505093542,0.26039000153275,0.816132579129437,0.668724097583083,30.564965218377,0.390842248054844,0.470588235294118,0.901960784313726,51
"UMass-gbqr",2024-12-07,0.657317568636124,0.579147738607167,26.4211682634414,0.281261489958511,0.636915011535197,0.568641569677888,37.8652218622493,0.408914472388678,0.411764705882353,0.833333333333333,102
"UMass-gbqr",2024-12-14,0.719992943327328,0.597646316177716,49.8549077899741,0.409769743919884,0.644281691747147,0.540979091119621,65.9820250195167,0.562469609689217,0.202614379084967,0.509803921568627,153
"UMass-gbqr",2024-12-21,0.810754701608086,0.648805909230678,127.228339899255,0.595191685649283,0.739689433308782,0.562058418723007,151.919156258683,0.76150993937246,0.117647058823529,0.299019607843137,204
"UMass-gbqr",2024-12-28,0.838122943983018,0.704464662157911,289.106468959808,0.858401123628165,0.81760617565323,0.645696554665831,327.254887552025,1.0474353996769,0.0196078431372549,0.0784313725490196,204
"UMass-gbqr",2025-01-04,0.853612009707733,0.724630778644718,381.710815800193,0.867547644894982,0.878673010276517,0.696480356168166,442.243879069321,1.05154594516621,0.0147058823529412,0.17156862745098,204
"UMass-gbqr",2025-01-11,0.858846945629962,0.696532808305885,193.521807684691,0.439370496233856,0.962287406993272,0.747948066982437,263.963926509493,0.624256743386339,0.102941176470588,0.588235294117647,204
"UMass-gbqr",2025-01-18,0.985828465467179,0.855154690954978,192.704230983765,0.363460191148672,1.11793912722643,0.953473075860751,273.056631825056,0.536137785367091,0.200980392156863,0.784313725490196,204
"UMass-gbqr",2025-01-25,0.868618417811699,0.858389872070811,226.438679002684,0.348635621553236,1.07869085823076,1.07741158218463,346.844937656995,0.563253488723835,0.326797385620915,0.888888888888889,153
"UMass-gbqr",2025-02-01,0.794374892576428,0.816387890905613,293.928529891763,0.377684917969686,1.04674883451573,1.01968751638742,454.815789344909,0.583155159753844,0.261437908496732,0.803921568627451,153
"UMass-gbqr",2025-02-08,1.05742277302751,1.0886718676739,349.375504128401,0.487870445415817,1.28957700864204,1.30568186368319,498.097012436013,0.711820125338624,0.130718954248366,0.660130718954248,153
"UMass-gbqr",2025-02-15,1.07337148709484,1.15926725382547,227.988487021282,0.332815422961352,1.22270488006691,1.29388381067119,320.740263800558,0.467329860816727,0.189542483660131,0.745098039215686,153
"UMass-gbqr",2025-02-22,0.868640402616718,1.09325260014934,174.534999693261,0.296640331488555,1.0039392396073,1.23157679305227,258.775181550346,0.433871104871131,0.32843137254902,0.88235294117647,204
"UMass-gbqr",2025-03-01,0.525110409094952,0.625872675546228,107.76590905256,0.171633458347961,0.659376212003062,0.755270886583085,175.584774336482,0.272697463039143,0.475490196078431,0.970588235294118,204
"UMass-gbqr",2025-03-08,0.411089911939172,0.529706474327082,90.198237266531,0.175277568890377,0.504958035352487,0.650121655969434,142.286778167485,0.278363782644613,0.446078431372549,0.926470588235294,204
"UMass-gbqr",2025-03-15,0.399746783564074,0.522824027292283,80.1021175776626,0.19657348697428,0.453110810566192,0.596228510533234,118.459602254543,0.29203552626593,0.338235294117647,0.803921568627451,204
"UMass-gbqr",2025-03-22,0.418092407427422,0.537967170959346,71.4273711349951,0.226558304950364,0.451639702457758,0.577925660173248,104.866753854493,0.330218862391861,0.343137254901961,0.730392156862745,204
"UMass-gbqr",2025-03-29,0.333336435492877,0.493398566692154,46.5396012032981,0.233044408456131,0.339753085751095,0.502144439180569,67.3793656383924,0.332170236364009,0.362745098039216,0.75,204
"UMass-gbqr",2025-04-05,0.298575919679203,0.503610003256169,32.0144739941019,0.26683255211926,0.275080484328441,0.493139968648604,44.278518940652,0.380134294864426,0.308823529411765,0.75,204
"UMass-gbqr",2025-04-12,0.334216079512725,0.554766358602641,25.9828462724939,0.305850017447503,0.298676473770525,0.519203069862006,36.8235881951102,0.433124456869443,0.318627450980392,0.730392156862745,204
"UMass-gbqr",2025-04-19,0.349036136647863,0.589513682894839,17.6684636496441,0.290106347904745,0.324502670997054,0.594827054478964,26.693526088243,0.434732339056385,0.333333333333333,0.784313725490196,204
"UMass-gbqr",2025-04-26,0.356597464331478,0.570210560832761,14.467686069336,0.299253264687244,0.340036780876244,0.585684073672484,22.3046348553855,0.447999291616856,0.42483660130719,0.869281045751634,153
"UMass-gbqr",2025-05-03,0.429752055100639,0.697988312561837,11.1856387589516,0.337954651395732,0.474432636060071,0.801591418708995,18.3416277274204,0.530330211296301,0.379084967320261,0.888888888888889,153
"UMass-gbqr",2025-05-10,0.516900783513153,0.789181685973523,9.1516512556152,0.368834990991365,0.683981039197411,1.01124529241703,14.6586524675053,0.588340333363014,0.326797385620915,0.895424836601307,153
"UMass-gbqr",2025-05-17,0.46403777362712,0.581974765479564,6.36553277385407,0.263099615099545,0.706090061349826,0.776280274026268,9.71450705321166,0.402534392643323,0.30718954248366,0.875816993464052,153
"UMass-gbqr",2025-05-24,0.390418188816465,0.543261071179072,6.78862231006667,0.299772459673345,0.70734936959101,0.835227057561001,10.4761677875374,0.468646277595117,0.294117647058824,0.901960784313726,153
"UMass-gbqr",2025-05-31,0.374627533416188,0.501176439675055,6.80830449699596,0.302994821598295,0.858725219234731,0.86898996006151,10.2962837561184,0.454454406799472,0.313725490196078,0.852941176470588,102
"UMass-gbqr",2025-06-07,0.275335151131584,0.436036701437785,5.31758556490345,0.288865923908109,0.77168688818211,0.813585240888268,8.4582935390941,0.429117767071734,0.352941176470588,0.862745098039216,51
"UMass-gbqr_1src",2024-11-30,0.746843034789808,0.647808528094976,20.5259270812554,0.258522121061091,0.831855028465321,0.658827023319025,31.1537863601718,0.385057807553132,0.509803921568627,0.88235294117647,51
"UMass-gbqr_1src",2024-12-07,0.654707646418794,0.583217984511992,26.316261294042,0.283238193572069,0.652736229411048,0.585509977455065,38.8058087759666,0.421044672560552,0.333333333333333,0.794117647058823,102
"UMass-gbqr_1src",2024-12-14,0.715189297415887,0.592354515006019,49.5222860244554,0.40614147758191,0.634574440480321,0.5199106652108,64.9878882868375,0.540564235725179,0.202614379084967,0.490196078431373,153
"UMass-gbqr_1src",2024-12-21,0.793618011470809,0.627242339496884,124.53915088412,0.575410026395145,0.717396480943717,0.530322375193312,147.34057724794,0.718512073351473,0.122549019607843,0.294117647058824,204
"UMass-gbqr_1src",2024-12-28,0.829267387965218,0.689550875572742,286.051787603854,0.840228443222814,0.809251349962005,0.631749535923162,323.910786659057,1.0248108385801,0.0147058823529412,0.102941176470588,204
"UMass-gbqr_1src",2025-01-04,0.852622301405696,0.727221589356717,381.268246624644,0.870649433830538,0.87921532614299,0.703679142087782,442.516831430056,1.06241467114943,0.0147058823529412,0.186274509803922,204
"UMass-gbqr_1src",2025-01-11,0.860930529354513,0.703333714991147,193.991296329774,0.443660484744823,0.959539669272378,0.744317782026567,263.210197807907,0.621226813951186,0.102941176470588,0.573529411764706,204
"UMass-gbqr_1src",2025-01-18,0.987401293341049,0.861280900182212,193.011678573808,0.366063969389379,1.12720183567335,0.955512895384143,275.319048363216,0.53728477561727,0.215686274509804,0.799019607843137,204
"UMass-gbqr_1src",2025-01-25,0.883858909352896,0.868816440553033,230.411697190157,0.352870379326761,1.0743690587085,1.06730884094015,345.455295504728,0.557971937693829,0.339869281045752,0.908496732026144,153
"UMass-gbqr_1src",2025-02-01,0.832797380130689,0.849139980797405,308.145325245125,0.39283699276393,1.06695786345196,1.04364676645952,463.596678460281,0.596857357808479,0.248366013071895,0.758169934640523,153
"UMass-gbqr_1src",2025-02-08,1.1087145428879,1.13567183531191,366.322451375721,0.508932710205554,1.32081314565223,1.33215056869472,510.161919316758,0.72625010054385,0.117647058823529,0.57516339869281,153
"UMass-gbqr_1src",2025-02-15,1.08199163420483,1.17118819170327,229.819441468215,0.336237819280063,1.22684731257215,1.29180107795732,321.826907778323,0.466577611517939,0.196078431372549,0.725490196078431,153
"UMass-gbqr_1src",2025-02-22,0.873444244472861,1.11046403893875,175.500230569423,0.301310438751221,0.992473820335069,1.22767163652838,255.819857326857,0.432495360715125,0.303921568627451,0.86764705882353,204
"UMass-gbqr_1src",2025-03-01,0.511453834030636,0.619825883286976,104.963235175104,0.169975242694975,0.628816775858842,0.735162128815684,167.447126053823,0.265437012086443,0.480392156862745,0.970588235294118,204
"UMass-gbqr_1src",2025-03-08,0.401340917786188,0.525944543525951,88.0591867518325,0.174032762347294,0.465312136306937,0.624111249433485,131.115380055547,0.26722685913962,0.465686274509804,0.936274509803922,204
"UMass-gbqr_1src",2025-03-15,0.408053837281366,0.53139143975238,81.76670281248,0.199794697273948,0.468175532786739,0.608815667065873,122.398067108407,0.298200774685387,0.352941176470588,0.813725490196078,204
"UMass-gbqr_1src",2025-03-22,0.427245006367582,0.542626492487892,72.9910113009842,0.228520521317291,0.456669606737263,0.573160066843167,106.034653246686,0.32749586717547,0.32843137254902,0.754901960784314,204
"UMass-gbqr_1src",2025-03-29,0.333221357538806,0.489065496692261,46.5235343065552,0.230997791779285,0.332637512305313,0.49521333619321,65.9682148790982,0.327585288412915,0.343137254901961,0.740196078431373,204
"UMass-gbqr_1src",2025-04-05,0.294586426475606,0.500692514359197,31.5867049812713,0.265286750798545,0.286273307391687,0.503234947593129,46.0801793863766,0.387915955136791,0.299019607843137,0.725490196078431,204
"UMass-gbqr_1src",2025-04-12,0.330715277315283,0.554600972865337,25.7106846055293,0.305758838107128,0.301636144185226,0.52270807098543,37.1884836392286,0.43604836428839,0.32843137254902,0.720588235294118,204
"UMass-gbqr_1src",2025-04-19,0.351224865611158,0.597312991539902,17.7792587051312,0.293944475861487,0.331151263734815,0.611164580632875,27.2404380232056,0.446672702067455,0.323529411764706,0.799019607843137,204
"UMass-gbqr_1src",2025-04-26,0.35942293602392,0.57184081611666,14.5823196310768,0.300108841994104,0.340702872807078,0.601481485707459,22.3483270032146,0.460082989499695,0.431372549019608,0.875816993464052,153
"UMass-gbqr_1src",2025-05-03,0.428774696547242,0.689655549443356,11.1601999516521,0.333920062271262,0.460882676153502,0.784313759947819,17.8177845061958,0.518899369838096,0.366013071895425,0.908496732026144,153
"UMass-gbqr_1src",2025-05-10,0.510355641703633,0.773835176086576,9.03577049634809,0.361662587048769,0.657482163118708,0.961592026456131,14.0907451821323,0.55945217015765,0.30718954248366,0.895424836601307,153
"UMass-gbqr_1src",2025-05-17,0.471031559054452,0.587178420997138,6.46147145143845,0.265452087826874,0.715027140722862,0.78462975635006,9.83746490994526,0.406863954927138,0.34640522875817,0.843137254901961,153
"UMass-gbqr_1src",2025-05-24,0.394430378378621,0.543011262156422,6.85838657913527,0.29963461459454,0.704387881647271,0.827851764144058,10.4323067961615,0.464507997142235,0.326797385620915,0.895424836601307,153
"UMass-gbqr_1src",2025-05-31,0.379861999034285,0.506772920235562,6.90343321186131,0.306378270010412,0.850810620664743,0.880901559664937,10.2013861673822,0.460683798599839,0.352941176470588,0.813725490196078,102
"UMass-gbqr_1src",2025-06-07,0.27775491931375,0.438664404765907,5.36431887993067,0.290606726797249,0.739222472055919,0.827668057756568,8.1024580760639,0.436545614364056,0.274509803921569,0.862745098039216,51
"UMass-gbqr_2src_all_otid10",2024-11-30,0.771061638565128,0.719371946765676,21.1915412356967,0.287081063993717,0.767352981560127,0.745417873056147,28.7381214662714,0.435666664770262,0.411764705882353,0.96078431372549,51
"UMass-gbqr_2src_all_otid10",2024-12-07,0.602442650589781,0.635176956979959,24.2154468400002,0.308471924171104,0.639149285430363,0.712515298920603,37.9980516357816,0.512375164010647,0.401960784313726,0.92156862745098,102
"UMass-gbqr_2src_all_otid10",2024-12-14,0.586912738601236,0.587810056823891,40.6399545091419,0.403025618895698,0.613111825666503,0.63257219025332,62.7898640285519,0.657701265710034,0.235294117647059,0.856209150326797,153
"UMass-gbqr_2src_all_otid10",2024-12-21,0.60414322678386,0.543558458989386,94.8056664397183,0.498641382348745,0.676514498989056,0.575201826550842,138.944139601193,0.779317404512583,0.17156862745098,0.700980392156863,204
"UMass-gbqr_2src_all_otid10",2024-12-28,0.664258637727358,0.589671725531502,229.132814711847,0.718524148844442,0.736808769621901,0.619234415527402,294.914933656555,1.00450907293026,0.0441176470588235,0.338235294117647,204
"UMass-gbqr_2src_all_otid10",2025-01-04,0.614709702012326,0.570222043330421,274.880553655468,0.682685314145423,0.707794932212867,0.614400802608584,356.239434632138,0.927622246583399,0.0931372549019608,0.411764705882353,204
"UMass-gbqr_2src_all_otid10",2025-01-11,0.687372088249552,0.576321699084095,154.88381224024,0.363541742610516,0.876023806796293,0.659474176455498,240.301059826048,0.550414152953703,0.176470588235294,0.779411764705882,204
"UMass-gbqr_2src_all_otid10",2025-01-18,0.730248546108996,0.681800003956736,142.74489876721,0.289780506830345,0.881286651186088,0.777973902847817,215.254264552202,0.437454623424664,0.294117647058824,0.813725490196078,204
"UMass-gbqr_2src_all_otid10",2025-01-25,0.654500206499619,0.688292134875256,170.620561489044,0.279550311647483,0.771632132323171,0.784489410817425,248.112512299155,0.410118477298956,0.372549019607843,0.836601307189543,153
"UMass-gbqr_2src_all_otid10",2025-02-01,0.771812430276011,0.831210585444766,285.580139935491,0.384542330032596,0.910319648087341,0.929601275881602,395.536861994761,0.531635203757998,0.241830065359477,0.607843137254902,153
"UMass-gbqr_2src_all_otid10",2025-02-08,0.89377510030078,0.989857620939761,295.305845694012,0.443588461101647,1.04727090226585,1.1220435911126,404.506674773221,0.611705831164831,0.163398692810458,0.522875816993464,153
"UMass-gbqr_2src_all_otid10",2025-02-15,0.844491377957411,1.02278551809517,179.373417197933,0.293632718150459,1.01667397716965,1.168751232042,266.69418348826,0.422134001596506,0.294117647058824,0.686274509803922,153
"UMass-gbqr_2src_all_otid10",2025-02-22,0.780387426257371,1.08262159097549,156.802422259138,0.29375574096944,0.9272912522377,1.23720044542586,239.018411354975,0.435852256418081,0.294117647058824,0.754901960784314,204
"UMass-gbqr_2src_all_otid10",2025-03-01,0.557541505349514,0.832476005510354,114.42158852284,0.22829041976108,0.677612677596792,0.969773441878516,180.440948456326,0.350145572960487,0.299019607843137,0.843137254901961,204
"UMass-gbqr_2src_all_otid10",2025-03-08,0.35877313952827,0.681179760911335,78.7192870079902,0.225399420729268,0.45160050233289,0.824462254752332,127.251723900008,0.353011516803489,0.318627450980392,0.877450980392157,204
"UMass-gbqr_2src_all_otid10",2025-03-15,0.303814785348208,0.616809223954093,60.8790580897664,0.231910420373186,0.365242108894351,0.745072642896352,95.4875362434434,0.364940081748162,0.367647058823529,0.887254901960784,204
"UMass-gbqr_2src_all_otid10",2025-03-22,0.280185809629497,0.530024623286413,47.8672548356174,0.223213397984092,0.31350897283157,0.6120466911992,72.794017235848,0.34971515547158,0.401960784313726,0.926470588235294,204
"UMass-gbqr_2src_all_otid10",2025-03-29,0.237388091043909,0.476863284049941,33.1435328132074,0.225234383413206,0.263670190962732,0.535012284249435,52.2907103714669,0.353912426485873,0.401960784313726,0.946078431372549,204
"UMass-gbqr_2src_all_otid10",2025-04-05,0.2510794048858,0.523916795629173,26.9217125306269,0.277591896054469,0.26845741783858,0.573725463893556,43.2124324978698,0.442253190834646,0.348039215686274,0.887254901960784,204
"UMass-gbqr_2src_all_otid10",2025-04-12,0.240574726714478,0.542282684850994,18.7029186339059,0.298967603300461,0.2437258605208,0.567311435260584,30.0487701860718,0.473256942294989,0.343137254901961,0.897058823529412,204
"UMass-gbqr_2src_all_otid10",2025-04-19,0.343258985377767,0.724332995817826,17.3760200413848,0.35645245594935,0.328459005125873,0.772872688569787,27.0189733579278,0.564857884598157,0.284313725490196,0.897058823529412,204
"UMass-gbqr_2src_all_otid10",2025-04-26,0.450822071619106,0.854787397094259,18.2905176219931,0.448602563271347,0.426080764061722,0.934097989367207,27.9486702491729,0.714506773102474,0.26797385620915,0.901960784313726,153
"UMass-gbqr_2src_all_otid10",2025-05-03,0.549950727042155,1.01607693441061,14.3141844114643,0.491968017200232,0.58414318427315,1.20816198720405,22.5830518625862,0.799315944506992,0.26797385620915,0.908496732026144,153
"UMass-gbqr_2src_all_otid10",2025-05-10,0.644124689810066,1.10252521186922,11.4041315360534,0.515280427581006,0.813905603913297,1.45324533384658,17.4431142172007,0.845495005598446,0.30718954248366,0.869281045751634,153
"UMass-gbqr_2src_all_otid10",2025-05-17,0.623085803288314,0.823273811466607,8.54730654953551,0.372186279829354,0.924348353439763,1.10806763461038,12.7173417254294,0.574580273684138,0.405228758169935,0.88235294117647,153
"UMass-gbqr_2src_all_otid10",2025-05-24,0.562454556762625,0.969529448333616,9.78000426673868,0.534988135302829,1.02176879497266,1.55799336772949,15.1328633294643,0.874190779255229,0.339869281045752,0.836601307189543,153
"UMass-gbqr_2src_all_otid10",2025-05-31,0.611763676930854,0.988457952425912,11.1179051757522,0.597589226554402,1.45972543196715,1.90019167460461,17.502394149959,0.993740457285157,0.323529411764706,0.833333333333333,102
"UMass-gbqr_2src_all_otid10",2025-06-07,0.502934979251966,1.00115364451204,9.71325228458448,0.66324502396779,1.50960455556672,2.29210415839529,16.5464499325843,1.20894845298884,0.352941176470588,0.862745098039216,51
"UMass-gbqr_2src_mobsgleam_otid10",2024-11-30,0.87514519619818,0.660343871650383,24.0521309644808,0.263524623287642,0.886817748613159,0.643678356669391,33.2121941147281,0.376204023234943,0.568627450980392,0.96078431372549,51
"UMass-gbqr_2src_mobsgleam_otid10",2024-12-07,0.653816944694907,0.589672752546267,26.2804591471921,0.286372933731848,0.658673614639585,0.60692570790523,39.158792148769,0.43644488700989,0.450980392156863,0.911764705882353,102
"UMass-gbqr_2src_mobsgleam_otid10",2024-12-14,0.678478841873992,0.587162662544842,46.980321699762,0.402581739998162,0.686181919895645,0.58140369150397,70.2731013257834,0.604500086602788,0.241830065359477,0.718954248366013,153
"UMass-gbqr_2src_mobsgleam_otid10",2024-12-21,0.736548821171439,0.615185146771868,115.583521855041,0.564349182527817,0.754355806868053,0.593360351540006,154.9313705694,0.803919646562455,0.127450980392157,0.465686274509804,204
"UMass-gbqr_2src_mobsgleam_otid10",2024-12-28,0.784582920929291,0.704398721713718,270.63809612237,0.858320774173567,0.800489968530173,0.692030665863114,320.40395784507,1.12259762244223,0.0147058823529412,0.166666666666667,204
"UMass-gbqr_2src_mobsgleam_otid10",2025-01-04,0.744783591337597,0.70769391292638,333.045867456118,0.847270369351528,0.78686636563313,0.720361380865865,396.036784761674,1.08760151294336,0.0245098039215686,0.205882352941176,204
"UMass-gbqr_2src_mobsgleam_otid10",2025-01-11,0.777790617771378,0.706222911767157,175.257590560451,0.445482980119134,0.885243585713439,0.760148064634684,242.830126534011,0.634439176017576,0.161764705882353,0.514705882352941,204
"UMass-gbqr_2src_mobsgleam_otid10",2025-01-18,0.820428573218971,0.775038825271524,160.372785750659,0.329409126278957,0.957959487255326,0.850266898306093,233.981604762113,0.478104965278904,0.264705882352941,0.730392156862745,204
"UMass-gbqr_2src_mobsgleam_otid10",2025-01-25,0.645129480380427,0.678222222283475,168.17772260811,0.275460409902775,0.796150876014434,0.790495904730636,255.99633004187,0.413258575946081,0.300653594771242,0.810457516339869,153
"UMass-gbqr_2src_mobsgleam_otid10",2025-02-01,0.52487573948002,0.527243538939399,194.210511841386,0.243918283174776,0.641581650310736,0.598079043252016,278.769323732075,0.342038981950763,0.294117647058824,0.673202614379085,153
"UMass-gbqr_2src_mobsgleam_otid10",2025-02-08,0.529680786354077,0.547097560875384,175.008044539975,0.245172800579918,0.629997244804612,0.605368518477118,243.335406398518,0.330029470948519,0.287581699346405,0.607843137254902,153
"UMass-gbqr_2src_mobsgleam_otid10",2025-02-15,0.817900218125754,0.855332846610006,173.725346263452,0.245558530337046,0.952467928330396,0.936055942781145,249.851635970853,0.338088234699885,0.235294117647059,0.633986928104575,153
"UMass-gbqr_2src_mobsgleam_otid10",2025-02-22,0.823013476418451,0.949279492604541,165.367229548066,0.257575041050012,0.941825604585919,1.032438170065,242.764783166379,0.363716734583046,0.25,0.691176470588235,204
"UMass-gbqr_2src_mobsgleam_otid10",2025-03-01,0.582243271623394,0.759295011309792,119.491014402812,0.208221949590174,0.658978935317044,0.835763921903901,175.478983839352,0.301760209815484,0.235294117647059,0.735294117647059,204
"UMass-gbqr_2src_mobsgleam_otid10",2025-03-08,0.349172534180842,0.625665860466948,76.6127948419705,0.207030112478174,0.396177700862354,0.693904787963331,111.634719503288,0.29711048662831,0.230392156862745,0.75,204
"UMass-gbqr_2src_mobsgleam_otid10",2025-03-15,0.293938198563351,0.573083972130675,58.8999664536736,0.215470423794848,0.322210784080745,0.633419604885211,84.2375869969528,0.310251899048526,0.299019607843137,0.745098039215686,204
"UMass-gbqr_2src_mobsgleam_otid10",2025-03-22,0.293041800677631,0.505718083576124,50.0635866215817,0.212976995591449,0.322478612810105,0.565536356747032,74.8766884949815,0.323139782909552,0.318627450980392,0.843137254901961,204
"UMass-gbqr_2src_mobsgleam_otid10",2025-03-29,0.248545316870173,0.45584195609517,34.7012768375643,0.215305487650445,0.278708975546115,0.511469998485443,55.2731814885744,0.338339125227105,0.377450980392157,0.926470588235294,204
"UMass-gbqr_2src_mobsgleam_otid10",2025-04-05,0.246551742340056,0.481502019050223,26.43623890308,0.255118865318475,0.265084262733742,0.516157058603457,42.6694702715093,0.397876894970023,0.338235294117647,0.901960784313726,204
"UMass-gbqr_2src_mobsgleam_otid10",2025-04-12,0.239311097380353,0.511092771566746,18.604680731104,0.28177219234187,0.243593272583163,0.531054736944627,30.0324235232311,0.443011237526426,0.362745098039216,0.916666666666667,204
"UMass-gbqr_2src_mobsgleam_otid10",2025-04-19,0.344021549147063,0.705350256029931,17.4146215752195,0.347110835096634,0.340920574964153,0.742340437168858,28.0440596493796,0.542543235376611,0.343137254901961,0.897058823529412,204
"UMass-gbqr_2src_mobsgleam_otid10",2025-04-26,0.443238273098964,0.797242359498255,17.9828317095085,0.41840224509063,0.43385762387348,0.878119061162461,28.4587915895049,0.671687578747497,0.326797385620915,0.869281045751634,153
"UMass-gbqr_2src_mobsgleam_otid10",2025-05-03,0.492662649733504,0.881933364129171,12.8230833675859,0.427017870162596,0.559161231597511,1.06165065476706,21.6172463065312,0.702384535219016,0.339869281045752,0.941176470588235,153
"UMass-gbqr_2src_mobsgleam_otid10",2025-05-10,0.535507062195759,0.828963677042324,9.48107264381794,0.387427655492163,0.741228417260471,1.13128157887239,15.8855423542293,0.658177186318845,0.411764705882353,0.973856209150327,153
"UMass-gbqr_2src_mobsgleam_otid10",2025-05-17,0.514271032459731,0.630504131730448,7.05461774410788,0.285038809612749,0.85260196532815,0.870151482560558,11.7302427255932,0.451210613305303,0.509803921568627,0.993464052287582,153
"UMass-gbqr_2src_mobsgleam_otid10",2025-05-24,0.433833516904861,0.640311188748648,7.54353146466627,0.353324893298447,0.817658997028347,0.983443971100612,12.1099038383414,0.551810854434634,0.477124183006536,0.980392156862745,153
"UMass-gbqr_2src_mobsgleam_otid10",2025-05-31,0.473347864710783,0.622830317887393,8.60240134131744,0.376542762418472,1.17170795999153,1.16664817617449,14.0490081869573,0.610120288167122,0.343137254901961,0.980392156862745,102
"UMass-gbqr_2src_mobsgleam_otid10",2025-06-07,0.366056740289775,0.56145108533207,7.06970406829843,0.371950539848765,1.05781049634819,1.14281696225687,11.5944326952674,0.602767894953391,0.450980392156863,0.96078431372549,51
"UMass-gbqr_2src_mobsgleam_otid50",2024-11-30,0.894430733284114,0.682994460183424,24.5821667410883,0.272563834623843,0.902855295569291,0.672395535825065,33.8128159713205,0.39298805554298,0.588235294117647,0.96078431372549,51
"UMass-gbqr_2src_mobsgleam_otid50",2024-12-07,0.667245078297644,0.601736311402334,26.8202088729115,0.292231567568906,0.661718673098608,0.61205386979572,39.3398238595094,0.440132587180951,0.441176470588235,0.901960784313726,102
"UMass-gbqr_2src_mobsgleam_otid50",2024-12-14,0.686036289086949,0.58613906172572,47.5036265979854,0.401879919148316,0.687543216099486,0.572699017851213,70.4125140723061,0.595449617791127,0.248366013071895,0.712418300653595,153
"UMass-gbqr_2src_mobsgleam_otid50",2024-12-21,0.741084221763983,0.609613415516722,116.295243275864,0.559237872549665,0.759923095034094,0.587847911583817,156.074793312443,0.796451067359657,0.161764705882353,0.485294117647059,204
"UMass-gbqr_2src_mobsgleam_otid50",2024-12-28,0.78795601351495,0.702576985867484,271.801628148208,0.856100960772891,0.807750264809278,0.696127851838206,323.309962610157,1.12924399154295,0.0147058823529412,0.17156862745098,204
"UMass-gbqr_2src_mobsgleam_otid50",2025-01-04,0.759495341114836,0.721063716939601,339.624540138149,0.863277061761242,0.797857147037248,0.732080361078775,401.56854201985,1.10529482764382,0.0196078431372549,0.176470588235294,204
"UMass-gbqr_2src_mobsgleam_otid50",2025-01-11,0.792970535932465,0.727295816736242,178.678043084602,0.458775695986855,0.89300787813935,0.777016387244348,244.959940454901,0.648517913036288,0.17156862745098,0.450980392156863,204
"UMass-gbqr_2src_mobsgleam_otid50",2025-01-18,0.852248712374673,0.807673374257471,166.59280846312,0.34327955175629,0.983383342969523,0.875361074498002,240.191381520306,0.492215417256792,0.259803921568627,0.642156862745098,204
"UMass-gbqr_2src_mobsgleam_otid50",2025-01-25,0.687264542955922,0.717153717961286,179.161841426736,0.291272462951452,0.834173640357957,0.817148472452908,268.22226412451,0.427192110726334,0.30718954248366,0.77124183006536,153
"UMass-gbqr_2src_mobsgleam_otid50",2025-02-01,0.520620556383822,0.522129272094193,192.636041495491,0.241552273738056,0.619361040947753,0.581630160895118,269.114396347488,0.332631932767115,0.294117647058824,0.640522875816993,153
"UMass-gbqr_2src_mobsgleam_otid50",2025-02-08,0.501227335417125,0.516271977493567,165.606943089485,0.231358820866432,0.589933942140441,0.563294387693799,227.861021207395,0.307091867324914,0.274509803921569,0.588235294117647,153
"UMass-gbqr_2src_mobsgleam_otid50",2025-02-15,0.84776269326284,0.868720787563416,180.068257927374,0.249402090324001,0.958752137320285,0.931331470221232,251.50011131601,0.336381831786696,0.202614379084967,0.627450980392157,153
"UMass-gbqr_2src_mobsgleam_otid50",2025-02-22,0.87652204426271,0.986329821343932,176.118649634159,0.267628181374134,0.960239969180169,1.04163820211524,247.511266173533,0.366957805779746,0.176470588235294,0.67156862745098,204
"UMass-gbqr_2src_mobsgleam_otid50",2025-03-01,0.612388931303387,0.803815599550266,125.677664606534,0.220430858567913,0.664361973789498,0.845965726568043,176.912428932191,0.305443664718557,0.142156862745098,0.656862745098039,204
"UMass-gbqr_2src_mobsgleam_otid50",2025-03-08,0.358129900757863,0.651636060166475,78.5781524251481,0.215623538625576,0.39878114637596,0.697986872026644,112.368316848673,0.298858320053798,0.215686274509804,0.705882352941177,204
"UMass-gbqr_2src_mobsgleam_otid50",2025-03-15,0.295495493093739,0.590186884424481,59.2120204706292,0.221900845756173,0.319482325576701,0.638816152204279,83.524268970501,0.312895153284948,0.274509803921569,0.715686274509804,204
"UMass-gbqr_2src_mobsgleam_otid50",2025-03-22,0.295922467341832,0.521179832691589,50.5557229131881,0.219488522428525,0.316070273916671,0.567982952210423,73.388728748093,0.324537734283457,0.274509803921569,0.808823529411765,204
"UMass-gbqr_2src_mobsgleam_otid50",2025-03-29,0.254163633541304,0.474280898147399,35.4856921893445,0.224014658355839,0.276898256341158,0.523075026987519,54.9140821411482,0.346015890635154,0.323529411764706,0.911764705882353,204
"UMass-gbqr_2src_mobsgleam_otid50",2025-04-05,0.252948984914524,0.499969257882352,27.1221761891623,0.264903540833879,0.264267680838593,0.525542680488608,42.5380286063572,0.405111751165016,0.333333333333333,0.877450980392157,204
"UMass-gbqr_2src_mobsgleam_otid50",2025-04-12,0.247171865196276,0.533926243642706,19.2157977127965,0.294360586941733,0.246090741716342,0.545935976129675,30.3403345338614,0.455425317900182,0.338235294117647,0.897058823529412,204
"UMass-gbqr_2src_mobsgleam_otid50",2025-04-19,0.349912871644474,0.731249374275085,17.7128446142249,0.359856083979,0.343034887242531,0.759542333379675,28.217982562828,0.555115327583285,0.333333333333333,0.887254901960784,204
"UMass-gbqr_2src_mobsgleam_otid50",2025-04-26,0.448013995798774,0.816587390207564,18.1765898364895,0.428554746627573,0.435161839663248,0.893310100572374,28.5443413258847,0.683307452328643,0.300653594771242,0.875816993464052,153
"UMass-gbqr_2src_mobsgleam_otid50",2025-05-03,0.499468101880485,0.912305437106923,13.0002165037838,0.441723536648168,0.575556664231197,1.09781860977498,22.2510958753433,0.726313133721732,0.34640522875817,0.915032679738562,153
"UMass-gbqr_2src_mobsgleam_otid50",2025-05-10,0.56077956937167,0.87923451227101,9.92851861295932,0.41092242658005,0.797401573117329,1.19597883007838,17.0894101846518,0.695817907741856,0.437908496732026,0.967320261437909,153
"UMass-gbqr_2src_mobsgleam_otid50",2025-05-17,0.545156186078174,0.711940423455406,7.47829113614016,0.321854593180813,0.967082183956762,1.0038482955798,13.3052810276404,0.520538106515862,0.562091503267974,0.993464052287582,153
"UMass-gbqr_2src_mobsgleam_otid50",2025-05-24,0.461783246269851,0.728054294031181,8.0295235668854,0.401741700401587,0.933120391666535,1.20705720602809,13.8199399184076,0.677280341110248,0.490196078431373,0.980392156862745,153
"UMass-gbqr_2src_mobsgleam_otid50",2025-05-31,0.500547657202724,0.716569844373697,9.09671757016362,0.433214602624771,1.3436054388259,1.45920110117639,16.1100926635693,0.76311626291898,0.411764705882353,0.970588235294118,102
"UMass-gbqr_2src_mobsgleam_otid50",2025-06-07,0.38147555368205,0.63554534701318,7.36748972765116,0.421036562392802,1.17125578710783,1.33771686300048,12.8378820586917,0.705565986666917,0.490196078431373,0.96078431372549,51
"UMass-gbqr_2src_nihflu_otid10",2024-11-30,0.748551240374044,0.642980255725918,20.57287470161,0.256595293673406,0.756572920538366,0.660028105400464,28.3343976123192,0.38575979155895,0.529411764705882,0.96078431372549,51
"UMass-gbqr_2src_nihflu_otid10",2024-12-07,0.499203049963306,0.483874513906342,20.0656857659697,0.234992313121266,0.480382818878817,0.491115836038792,28.5592295458936,0.35316512841171,0.529411764705882,0.950980392156863,102
"UMass-gbqr_2src_nihflu_otid10",2024-12-14,0.401401598288858,0.341943488845856,27.7944941751205,0.234449861174703,0.407322891271778,0.340619174675261,41.714656100245,0.354150349574035,0.444444444444444,0.96078431372549,153
"UMass-gbqr_2src_nihflu_otid10",2024-12-21,0.402094016108926,0.291726429845278,63.0989299864614,0.267619550096182,0.492119648369315,0.301530975857845,101.072691310674,0.408531973715683,0.416666666666667,0.936274509803922,204
"UMass-gbqr_2src_nihflu_otid10",2024-12-28,0.465638220596779,0.331676059843667,160.619659366097,0.404152426295226,0.61749309672628,0.387921665277113,247.157665818583,0.629278384059441,0.166666666666667,0.67156862745098,204
"UMass-gbqr_2src_nihflu_otid10",2025-01-04,0.47411611203228,0.357827381338666,212.011131345049,0.428400657421565,0.620305014160663,0.422082836088945,312.204986906598,0.637260607399554,0.17156862745098,0.549019607843137,204
"UMass-gbqr_2src_nihflu_otid10",2025-01-11,0.495117510232112,0.355807850064452,111.563574958261,0.224442366220984,0.647381208984312,0.417976629364382,177.582377811535,0.348854072865376,0.470588235294118,0.92156862745098,204
"UMass-gbqr_2src_nihflu_otid10",2025-01-18,0.565430405400395,0.465551673482554,110.527171069143,0.197870048569332,0.733602109876562,0.563015884766791,179.18231533735,0.316583758081329,0.450980392156863,0.955882352941177,204
"UMass-gbqr_2src_nihflu_otid10",2025-01-25,0.632611128226909,0.607058020270519,164.914334373637,0.246557021584279,0.808831578649923,0.7401294637372,260.073714661841,0.386927808694969,0.274509803921569,0.888888888888889,153
"UMass-gbqr_2src_nihflu_otid10",2025-02-01,0.764064748772156,0.739770336261654,282.71340200636,0.342239396100613,0.940879566263848,0.875985158519675,408.815246311466,0.500972363443597,0.169934640522876,0.542483660130719,153
"UMass-gbqr_2src_nihflu_otid10",2025-02-08,0.847620045297516,0.82186658216146,280.056083705559,0.368306031796525,0.973001854281262,0.93190482200344,375.820376343827,0.508047653607535,0.222222222222222,0.503267973856209,153
"UMass-gbqr_2src_nihflu_otid10",2025-02-15,0.839402110390903,0.882092548887845,178.292435984546,0.253241005281913,0.951250407418269,1.00302071456836,249.532255566877,0.362274824887381,0.359477124183007,0.705882352941177,153
"UMass-gbqr_2src_nihflu_otid10",2025-02-22,0.757014274794533,0.871692318551342,152.106079594086,0.236522738016607,0.905505889202621,1.03135243719235,233.403020450693,0.363334242704578,0.397058823529412,0.818627450980392,204
"UMass-gbqr_2src_nihflu_otid10",2025-03-01,0.559043943338635,0.655769389204076,114.729926717796,0.179832052980419,0.724420031122382,0.819875023579611,192.905241915006,0.296023377719223,0.529411764705882,0.970588235294118,204
"UMass-gbqr_2src_nihflu_otid10",2025-03-08,0.430592604492919,0.559079806322919,94.477370466373,0.184997076715878,0.565796477551091,0.704543781242029,159.429798622889,0.301665803906847,0.549019607843137,0.995098039215686,204
"UMass-gbqr_2src_nihflu_otid10",2025-03-15,0.319116266479197,0.456431284694262,63.9452016863172,0.171610875768612,0.391417016705624,0.554926404274335,102.33060662726,0.271805560532789,0.61764705882353,0.995098039215686,204
"UMass-gbqr_2src_nihflu_otid10",2025-03-22,0.265277430006724,0.377528784868548,45.320290706588,0.158991637756001,0.278032691723128,0.412522076672361,64.5567377884775,0.235709504280255,0.71078431372549,1,204
"UMass-gbqr_2src_nihflu_otid10",2025-03-29,0.211068984026053,0.338496004972551,29.4689247769547,0.15988007782927,0.192726613688654,0.338905437130009,38.2212775000093,0.224187087166053,0.686274509803922,0.990196078431373,204
"UMass-gbqr_2src_nihflu_otid10",2025-04-05,0.20805531108975,0.363413655345249,22.3085014805417,0.192550967025642,0.197432349540482,0.366025798173321,31.7798336365726,0.282149019622358,0.622549019607843,0.985294117647059,204
"UMass-gbqr_2src_nihflu_otid10",2025-04-12,0.210906069687476,0.382608078138246,16.3963983857842,0.210936884617324,0.19961863365484,0.379565654518244,24.610824779671,0.316637511413796,0.588235294117647,0.985294117647059,204
"UMass-gbqr_2src_nihflu_otid10",2025-04-19,0.306513149383337,0.519952638700258,15.5159190392975,0.255874571657186,0.308918424875151,0.555540592026293,25.4115690579897,0.406019630737727,0.441176470588235,0.980392156862745,204
"UMass-gbqr_2src_nihflu_otid10",2025-04-26,0.401862347535335,0.620991238467297,16.3041492684961,0.325903566538848,0.409879777201409,0.676124787460964,26.8859702221787,0.517178867316262,0.392156862745098,0.954248366013072,153
"UMass-gbqr_2src_nihflu_otid10",2025-05-03,0.609361251375205,0.951699589589313,15.8605287646374,0.460797548103105,0.653371813659157,1.06672082447781,25.2594397241432,0.705738942603195,0.222222222222222,0.941176470588235,153
"UMass-gbqr_2src_nihflu_otid10",2025-05-10,1.01213108471817,1.73954800028593,17.9196298549865,0.813001850420581,1.22438257237138,2.23112224899284,26.2401990510181,1.29806211963531,0.104575163398693,0.901960784313726,153
"UMass-gbqr_2src_nihflu_otid10",2025-05-17,1.1545329715599,1.90646232502438,15.837541438739,0.86187500501396,1.50565890310553,2.20878972206867,20.7151110525303,1.14535156823995,0.163398692810458,0.88235294117647,153
"UMass-gbqr_2src_nihflu_otid10",2025-05-24,0.999988408713324,2.07736514419744,17.3878774495074,1.14629391272998,1.54119311935575,2.79440511105242,22.8257752186937,1.56794196444221,0.104575163398693,0.77124183006536,153
"UMass-gbqr_2src_nihflu_otid10",2025-05-31,1.02121424451723,1.80498256466576,18.5590671084469,1.09123320027479,2.01099678355034,2.84504764103983,24.1122457478634,1.48787039833403,0.0686274509803922,0.647058823529412,102
"UMass-gbqr_2src_nihflu_otid10",2025-06-07,0.709701809386499,1.25526089524962,13.7065684547337,0.831586187713922,1.75448167148137,2.48234225465461,19.2304951834919,1.30928772043874,0.176470588235294,0.725490196078431,51
"UMass-gbqr_2src_nihflu_otid50",2024-11-30,0.741255582510941,0.640112865453433,20.3723638387752,0.255450999050838,0.771504136859277,0.663936927858813,28.8935863019847,0.388044340541692,0.509803921568627,0.96078431372549,51
"UMass-gbqr_2src_nihflu_otid50",2024-12-07,0.497039950184275,0.487762943695402,19.978739020653,0.23688071824342,0.472643244386029,0.482051610061469,28.0991042544792,0.346646974655859,0.598039215686274,0.950980392156863,102
"UMass-gbqr_2src_nihflu_otid50",2024-12-14,0.402888848895886,0.341699361114071,27.8974767703822,0.234282477631243,0.408372817845339,0.347732721751636,41.822180933455,0.361546483940843,0.516339869281046,0.980392156862745,153
"UMass-gbqr_2src_nihflu_otid50",2024-12-21,0.38713698790997,0.282563341526311,60.7517861909271,0.259213655660377,0.49580841720877,0.30175113260149,101.830299334378,0.40883025507385,0.446078431372549,0.96078431372549,204
"UMass-gbqr_2src_nihflu_otid50",2024-12-28,0.432542673849726,0.309544158765173,149.203510068401,0.377184361359772,0.605712682819287,0.377133806381612,242.442439658055,0.611778545765097,0.215686274509804,0.808823529411765,204
"UMass-gbqr_2src_nihflu_otid50",2025-01-04,0.426441902835278,0.324061503750112,190.692591916992,0.387975231890303,0.596973158851223,0.401666390555981,300.461858260046,0.606435860764902,0.220588235294118,0.735294117647059,204
"UMass-gbqr_2src_nihflu_otid50",2025-01-11,0.500624021953524,0.348016031788366,112.804343302128,0.219527314091775,0.638938865617878,0.407611035912479,175.266568534857,0.340202681281922,0.470588235294118,0.965686274509804,204
"UMass-gbqr_2src_nihflu_otid50",2025-01-18,0.584835458808318,0.475321883159004,114.320362303888,0.20202260987096,0.750330425285886,0.575176686923804,183.268206376077,0.323421775537525,0.470588235294118,0.970588235294118,204
"UMass-gbqr_2src_nihflu_otid50",2025-01-25,0.624309031451489,0.603269435093418,162.750074684654,0.24501828517673,0.81217863167108,0.737001397435035,261.149934403206,0.385292505820201,0.34640522875817,0.862745098039216,153
"UMass-gbqr_2src_nihflu_otid50",2025-02-01,0.75307747189308,0.720110638398402,278.647973742249,0.333144244815903,0.941507576452236,0.860805432609228,409.088118790642,0.492291139690179,0.196078431372549,0.529411764705882,153
"UMass-gbqr_2src_nihflu_otid50",2025-02-08,0.830580472097679,0.797193171470147,274.42616005659,0.35724904739073,0.952822801027921,0.898618035239191,368.026249997033,0.489900656712128,0.22875816993464,0.503267973856209,153
"UMass-gbqr_2src_nihflu_otid50",2025-02-15,0.832099137873353,0.854514479953139,176.741254799791,0.245323584474353,0.942509682715724,0.977781896045845,247.239386377749,0.353158972714237,0.34640522875817,0.712418300653595,153
"UMass-gbqr_2src_nihflu_otid50",2025-02-22,0.764937255589074,0.853410039711178,153.69803576649,0.231562071785608,0.902211914142741,1.00996787541301,232.553966085136,0.355800694249681,0.348039215686274,0.838235294117647,204
"UMass-gbqr_2src_nihflu_otid50",2025-03-01,0.586710099618606,0.676335358863818,120.40772024438,0.185471871804431,0.742364627010728,0.839687638583989,197.68369427992,0.303176903618134,0.446078431372549,0.975490196078431,204
"UMass-gbqr_2src_nihflu_otid50",2025-03-08,0.458852529114507,0.579958999236718,100.677949250047,0.19190591085647,0.602489899269639,0.73049771883354,169.769249410376,0.312778549000259,0.529411764705882,0.990196078431373,204
"UMass-gbqr_2src_nihflu_otid50",2025-03-15,0.354286236660931,0.482351993453119,70.9926357183878,0.181356648417895,0.43106350609047,0.585445186968182,112.695637109427,0.286753803710597,0.583333333333333,0.995098039215686,204
"UMass-gbqr_2src_nihflu_otid50",2025-03-22,0.28447373876924,0.394004646260199,48.5998094111705,0.165930245594901,0.28920253842456,0.421524299896916,67.1502776350791,0.240853252199873,0.63235294117647,1,204
"UMass-gbqr_2src_nihflu_otid50",2025-03-29,0.223209126949875,0.346297470206322,31.1639012333698,0.163564903796001,0.204408034545088,0.347223019894496,40.5379208509345,0.229689196155581,0.656862745098039,0.995098039215686,204
"UMass-gbqr_2src_nihflu_otid50",2025-04-05,0.20926822916829,0.362431603137166,22.4385552850284,0.192030636819127,0.198512571464362,0.370130788156697,31.9537122998787,0.285313329092208,0.607843137254902,0.990196078431373,204
"UMass-gbqr_2src_nihflu_otid50",2025-04-12,0.202609927584875,0.369468342440263,15.7514342499445,0.203692774858026,0.193238173911113,0.364715818285109,23.8241829021491,0.304249627700423,0.573529411764706,0.990196078431373,204
"UMass-gbqr_2src_nihflu_otid50",2025-04-19,0.285089805493283,0.473915832721529,14.4314537561021,0.233219338981152,0.288919201129807,0.499203455376905,23.7664368341142,0.364845351580602,0.509803921568627,0.990196078431373,204
"UMass-gbqr_2src_nihflu_otid50",2025-04-26,0.368811620142124,0.546671938930397,14.9632324193406,0.286899916758658,0.372336304361067,0.577999636658039,24.4233147095926,0.442121340527356,0.470588235294118,0.967320261437909,153
"UMass-gbqr_2src_nihflu_otid50",2025-05-03,0.560636689871232,0.852072405349051,14.5923199516647,0.412559676904548,0.621288654130811,0.967578401674307,24.0191005829003,0.640146646070768,0.30718954248366,0.954248366013072,153
"UMass-gbqr_2src_nihflu_otid50",2025-05-10,1.21718239020421,2.17976554050266,21.5500326269899,1.01874361478981,1.43694239984848,2.78341780647245,30.7956479026352,1.61938648558199,0.0915032679738562,0.699346405228758,153
"UMass-gbqr_2src_nihflu_otid50",2025-05-17,1.44431965132563,2.66551932499731,19.8127493039448,1.20503009760106,1.8231309296133,3.17462070615261,25.0829451427189,1.64617607915774,0.104575163398693,0.464052287581699,153
"UMass-gbqr_2src_nihflu_otid50",2025-05-24,1.25773252076949,2.87346493337624,21.8695524316516,1.58558324268253,1.85131015523874,3.80768872166322,27.4187504037319,2.13649585402475,0.0392156862745098,0.359477124183007,153
"UMass-gbqr_2src_nihflu_otid50",2025-05-31,1.27466500156667,2.57004236667436,23.1651618961191,1.55376323934031,2.33094860271973,3.88397313661326,27.9485307953552,2.03119574327387,0.0392156862745098,0.303921568627451,102
"UMass-gbqr_2src_nihflu_otid50",2025-06-07,0.926653782074205,1.88374304779368,17.8965916809731,1.24794351969025,2.05569699365208,3.30711833492997,22.5320513617944,1.74430798889336,0.0588235294117647,0.411764705882353,51
"UMass-gbqr_2src_utseirs_otid10",2024-11-30,0.821988115814378,0.897610964237132,22.5911836101047,0.35821123109428,0.812000945861887,0.863873447042007,30.4102315018864,0.504899167380216,0.254901960784314,0.784313725490196,51
"UMass-gbqr_2src_utseirs_otid10",2024-12-07,0.771212147168423,0.829676847214921,30.9992108524133,0.402930255400744,0.735826799586538,0.795341117490449,43.7456246342428,0.571935839322926,0.235294117647059,0.607843137254902,102
"UMass-gbqr_2src_utseirs_otid10",2024-12-14,0.810681662531362,0.841024140965259,56.1345217437077,0.576639121743196,0.729427361452072,0.766322817344994,74.7019433110622,0.796765167163679,0.0718954248366013,0.418300653594771,153
"UMass-gbqr_2src_utseirs_otid10",2024-12-21,0.851892812770101,0.829189402220476,133.683971398342,0.760669147750715,0.791131897422265,0.733840916612544,162.484530579402,0.994251012534073,0.0784313725490196,0.240196078431373,204
"UMass-gbqr_2src_utseirs_otid10",2024-12-28,0.876441055507919,0.841260033704576,302.324116799785,1.02508840682431,0.85492509034135,0.765406944637818,342.192149027658,1.24162708191482,0.00490196078431373,0.0882352941176471,204
"UMass-gbqr_2src_utseirs_otid10",2025-01-04,0.804938059461671,0.787492898804895,359.94522083978,0.942807882115467,0.82952809917651,0.755703914192083,417.508811681118,1.14096166485856,0.0637254901960784,0.225490196078431,204
"UMass-gbqr_2src_utseirs_otid10",2025-01-11,0.834655589785183,0.739830659007516,188.070830723958,0.466682631314622,0.941271673448982,0.776454048149035,258.199125365351,0.648048570326793,0.147058823529412,0.495098039215686,204
"UMass-gbqr_2src_utseirs_otid10",2025-01-18,0.857355504715993,0.8005115972457,167.591055648508,0.340235633656799,0.998435758316689,0.88087611679235,243.867933968851,0.495316524814788,0.220588235294118,0.67156862745098,204
"UMass-gbqr_2src_utseirs_otid10",2025-01-25,0.724921509107421,0.742840647525769,188.978572796624,0.301705226601032,0.856754708019681,0.838340869829612,275.483036704159,0.438271156055184,0.326797385620915,0.790849673202614,153
"UMass-gbqr_2src_utseirs_otid10",2025-02-01,0.763072764113142,0.806512086690797,282.34635542014,0.373116082069119,0.873330022091381,0.88551251811203,379.464748618385,0.506421021798066,0.22875816993464,0.61437908496732,153
"UMass-gbqr_2src_utseirs_otid10",2025-02-08,0.926603491805105,0.983157460116046,306.152440002464,0.440585893897988,1.02150861109488,1.0669420169446,394.55603190368,0.581666040828788,0.150326797385621,0.522875816993464,153
"UMass-gbqr_2src_utseirs_otid10",2025-02-15,0.867991274081601,1.02630173726557,184.364891097628,0.294642193719237,0.966985143702622,1.10397520986965,253.659795702645,0.398737952294085,0.261437908496732,0.679738562091503,153
"UMass-gbqr_2src_utseirs_otid10",2025-02-22,0.789026572173252,1.0341754379982,158.538276733828,0.280610487185855,0.892224231078534,1.13464496867193,229.979542856875,0.399723077741745,0.264705882352941,0.730392156862745,204
"UMass-gbqr_2src_utseirs_otid10",2025-03-01,0.575449337913691,0.765513639017662,118.096727735498,0.209927287786555,0.653188326339186,0.876928458120142,173.937007116292,0.316623042201539,0.333333333333333,0.852941176470588,204
"UMass-gbqr_2src_utseirs_otid10",2025-03-08,0.390451502280334,0.616541777501383,85.6699136148254,0.204010993101561,0.440392242424785,0.718379327376335,124.093467016196,0.3075897950884,0.343137254901961,0.82843137254902,204
"UMass-gbqr_2src_utseirs_otid10",2025-03-15,0.310692715546703,0.535661816969496,62.257272489739,0.201400290927728,0.348423972987975,0.630719645786927,91.0906654478808,0.308929446394494,0.32843137254902,0.813725490196078,204
"UMass-gbqr_2src_utseirs_otid10",2025-03-22,0.277037000054646,0.455746011602768,47.3293087114096,0.191931867687173,0.305752028265016,0.515271620950778,70.9929231511227,0.294419196479646,0.352941176470588,0.838235294117647,204
"UMass-gbqr_2src_utseirs_otid10",2025-03-29,0.241031372466399,0.423753757774565,33.6521986727416,0.200149433902291,0.254952717787994,0.455892311875345,50.5618730566121,0.301574298501219,0.392156862745098,0.887254901960784,204
"UMass-gbqr_2src_utseirs_otid10",2025-04-05,0.263928613878482,0.503298661045353,28.2994548066382,0.266667590668619,0.261998888500689,0.517530739046691,42.1728308906722,0.398935789157994,0.264705882352941,0.803921568627451,204
"UMass-gbqr_2src_utseirs_otid10",2025-04-12,0.261956441853221,0.522804259866893,20.3651899953024,0.288228890455213,0.24224133073515,0.501565817608138,29.865743673136,0.418411282494036,0.284313725490196,0.818627450980392,204
"UMass-gbqr_2src_utseirs_otid10",2025-04-19,0.36103707405232,0.701540646928245,18.2759598485441,0.345236083389417,0.327000017760471,0.70457885411394,26.8989573433259,0.514944992821359,0.259803921568627,0.799019607843137,204
"UMass-gbqr_2src_utseirs_otid10",2025-04-26,0.448133761280613,0.811176127572558,18.1814488990643,0.425714851822326,0.410539975994219,0.850186803535147,26.9292758109672,0.650321739734955,0.248366013071895,0.797385620915033,153
"UMass-gbqr_2src_utseirs_otid10",2025-05-03,0.541339420287063,1.01169046900928,14.0900482718886,0.489844161601384,0.567296178621561,1.1860158573671,21.9317444218728,0.784664138809346,0.261437908496732,0.803921568627451,153
"UMass-gbqr_2src_utseirs_otid10",2025-05-10,0.643688490220311,1.16645125193365,11.3964086873934,0.545157147771482,0.812446085288479,1.56003800056034,17.4118347298099,0.907626749109383,0.261437908496732,0.784313725490196,153
"UMass-gbqr_2src_utseirs_otid10",2025-05-17,0.634013183455011,0.902030036949742,8.69720511499015,0.407790456918082,0.956411480068,1.25069818328274,13.1584716702166,0.648540289419733,0.366013071895425,0.810457516339869,153
"UMass-gbqr_2src_utseirs_otid10",2025-05-24,0.603720186089395,1.12505888014094,10.4975342894455,0.62080956223351,1.08274574593323,1.80644634865383,16.0359598711418,1.01359785858,0.241830065359477,0.751633986928105,153
"UMass-gbqr_2src_utseirs_otid10",2025-05-31,0.69071590234037,1.1906738837426,12.5527457663563,0.719842339796033,1.54962916741875,2.19314985065247,18.5803575662071,1.14694836558304,0.186274509803922,0.676470588235294,102
"UMass-gbqr_2src_utseirs_otid10",2025-06-07,0.569725327272205,1.21631830262989,11.003183443202,0.80578746948818,1.47931644394315,2.30218360387036,16.2144684738083,1.21426476026459,0.254901960784314,0.725490196078431,51
"UMass-gbqr_2src_utseirs_otid50",2024-11-30,0.833039870111048,0.997578233079384,22.8949254838939,0.39810534989167,0.802936739381222,0.959933300898776,30.0707680827085,0.561042275374818,0.176470588235294,0.705882352941177,51
"UMass-gbqr_2src_utseirs_otid50",2024-12-07,0.768177113476848,0.896234060609187,30.8772163406635,0.435253581141044,0.704818550318417,0.860954162172912,41.9021538150086,0.619118678177535,0.215686274509804,0.568627450980392,102
"UMass-gbqr_2src_utseirs_otid50",2024-12-14,0.792699335936333,0.87032109865325,54.8893606035147,0.59672626446369,0.685187578757175,0.790760253974536,70.171269095073,0.822173386572632,0.0718954248366013,0.392156862745098,153
"UMass-gbqr_2src_utseirs_otid50",2024-12-21,0.837457440055614,0.841840349395699,131.418688813303,0.772274681034481,0.753587459055634,0.736175196010009,154.773565487808,0.997413632118137,0.0735294117647059,0.235294117647059,204
"UMass-gbqr_2src_utseirs_otid50",2024-12-28,0.865330214956268,0.831700531705096,298.491485916543,1.01344000528129,0.822738486535923,0.737235498570392,329.309145299597,1.19592795334137,0.0147058823529412,0.0686274509803922,204
"UMass-gbqr_2src_utseirs_otid50",2025-01-04,0.793660746069445,0.776287412910287,354.902329636252,0.929392370127482,0.794163092368595,0.720992637981942,399.709291710517,1.08855458484968,0.0784313725490196,0.225490196078431,204
"UMass-gbqr_2src_utseirs_otid50",2025-01-11,0.864189182445207,0.747406186231184,194.725560379891,0.471461247792992,0.954586326399227,0.749652895923614,261.851452151835,0.625679637581578,0.137254901960784,0.436274509803922,204
"UMass-gbqr_2src_utseirs_otid50",2025-01-18,0.907044473606938,0.832704122104509,177.303977190054,0.353918188827811,1.04296740854208,0.886597914588919,254.744789536404,0.498533890964536,0.161764705882353,0.57843137254902,204
"UMass-gbqr_2src_utseirs_otid50",2025-01-25,0.758407981796845,0.771416302275255,197.708105218185,0.313311247919578,0.88177202044849,0.85158502351601,283.527165477019,0.445194987107688,0.281045751633987,0.647058823529412,153
"UMass-gbqr_2src_utseirs_otid50",2025-02-01,0.762684012628692,0.806333620734687,282.202512565355,0.37303351849763,0.833329234776565,0.844968093993941,362.08427580857,0.483233829894925,0.202614379084967,0.490196078431373,153
"UMass-gbqr_2src_utseirs_otid50",2025-02-08,0.91751323347553,0.980759781710879,303.148992689277,0.439511413637933,0.976229321078353,1.02054681314548,377.066980120564,0.556372712720328,0.150326797385621,0.450980392156863,153
"UMass-gbqr_2src_utseirs_otid50",2025-02-15,0.884950425015144,1.0617288303139,187.967084009394,0.304813000250916,0.972628790209826,1.11836897295241,255.140238529878,0.40393674622181,0.235294117647059,0.633986928104575,153
"UMass-gbqr_2src_utseirs_otid50",2025-02-22,0.833657367327044,1.10157516748546,167.505895319161,0.298898555373031,0.916463312520397,1.17472938265882,236.227403736569,0.413844380678529,0.21078431372549,0.676470588235294,204
"UMass-gbqr_2src_utseirs_otid50",2025-03-01,0.62632615211741,0.844011071751151,128.537934074964,0.231453688247682,0.693682727398376,0.933891533375312,184.720229414029,0.337190081637242,0.230392156862745,0.754901960784314,204
"UMass-gbqr_2src_utseirs_otid50",2025-03-08,0.413720912963595,0.666580698159072,90.7755115993648,0.220568654349557,0.462688385603415,0.755351094372262,130.376061125692,0.3234200644196,0.25,0.779411764705882,204
"UMass-gbqr_2src_utseirs_otid50",2025-03-15,0.320583226845237,0.573887537232961,64.2391543497375,0.215772551443773,0.358491525055449,0.660588447538098,93.7226887538345,0.323559325852179,0.25,0.794117647058823,204
"UMass-gbqr_2src_utseirs_otid50",2025-03-22,0.28045395642522,0.477083319969978,47.9130653319491,0.200917814556863,0.309003713616845,0.531293363806773,71.7479357984759,0.30357380245069,0.269607843137255,0.823529411764706,204
"UMass-gbqr_2src_utseirs_otid50",2025-03-29,0.239662093158631,0.433760916572726,33.4610233131528,0.204876063770875,0.255448794987437,0.464209474809293,50.6602544059153,0.307076129771432,0.323529411764706,0.86764705882353,204
"UMass-gbqr_2src_utseirs_otid50",2025-04-05,0.265680046081245,0.515322278606575,28.4872501947192,0.273038180090638,0.261929034177832,0.520451870371185,42.1615867416543,0.401187527542303,0.205882352941176,0.784313725490196,204
"UMass-gbqr_2src_utseirs_otid50",2025-04-12,0.264300089850076,0.529774921674917,20.5473914193269,0.292071908335704,0.243555636812786,0.501760453471121,30.0277834386195,0.418573649701273,0.245098039215686,0.779411764705882,204
"UMass-gbqr_2src_utseirs_otid50",2025-04-19,0.373570140140552,0.723111792387072,18.9103927892854,0.355851487935165,0.330631889918798,0.710997862265653,27.197714434938,0.519636357155251,0.220588235294118,0.764705882352941,204
"UMass-gbqr_2src_utseirs_otid50",2025-04-26,0.468428657855617,0.841963876141058,19.0048428427292,0.441872627395683,0.415805757232921,0.866738005927711,27.2746835267294,0.662982024145254,0.222222222222222,0.77124183006536,153
"UMass-gbqr_2src_utseirs_otid50",2025-05-03,0.566690185500031,1.0557343560446,14.7498810721503,0.511169499320151,0.57400405518025,1.2127109716572,22.1910718064783,0.802325537461606,0.241830065359477,0.77124183006536,153
"UMass-gbqr_2src_utseirs_otid50",2025-05-10,0.672192595108974,1.21095013920539,11.9010696119166,0.565954319041048,0.823610453967667,1.58418921412012,17.6511024742482,0.921677873147665,0.22875816993464,0.725490196078431,153
"UMass-gbqr_2src_utseirs_otid50",2025-05-17,0.663365675724009,0.951710312806791,9.09985391246228,0.430249955561908,0.98093508279932,1.29601836682991,13.4958715640037,0.672040735288366,0.326797385620915,0.758169934640523,153
"UMass-gbqr_2src_utseirs_otid50",2025-05-24,0.63145194249784,1.18309143027086,10.9797362606765,0.652832030281526,1.10239842338137,1.85467161727217,16.3270250155698,1.04065707848843,0.235294117647059,0.660130718954248,153
"UMass-gbqr_2src_utseirs_otid50",2025-05-31,0.722973994253266,1.26226412649121,13.1389891485027,0.763123450224644,1.57506799819679,2.22456757564277,18.8853741352419,1.16337884721075,0.156862745098039,0.558823529411765,102
"UMass-gbqr_2src_utseirs_otid50",2025-06-07,0.587507622060363,1.27511491795954,11.3466153431528,0.844739095701902,1.49412780330574,2.34603789130653,16.3768125891747,1.23739528544544,0.235294117647059,0.686274509803922,51
"UMass-gbqr_3src",2024-11-30,0.72443536640888,0.648378284646518,19.910083931058,0.258749494838689,0.779403209805223,0.653579662717858,29.1894143279995,0.381990937043864,0.470588235294118,0.941176470588235,51
"UMass-gbqr_3src",2024-12-07,0.699340965754811,0.600966641395251,28.1103171607971,0.291857779468672,0.739489562450286,0.622552837310115,43.9633794774366,0.447682474474992,0.294117647058824,0.911764705882353,102
"UMass-gbqr_3src",2024-12-14,0.72117080334954,0.605555180029979,49.936467065438,0.415192371028448,0.733242895404129,0.597992772036882,75.0926988763875,0.62174817216768,0.150326797385621,0.673202614379085,153
"UMass-gbqr_3src",2024-12-21,0.796349533574133,0.637362773514401,124.967797208236,0.584694156050393,0.795954502359217,0.60698391183057,163.475008528659,0.822377650615619,0.0980392156862745,0.450980392156863,204
"UMass-gbqr_3src",2024-12-28,0.835633399260263,0.703380839852541,288.247712509719,0.857080469328923,0.859157582015997,0.687425865139581,343.886245315452,1.11512781134996,0.00980392156862745,0.161764705882353,204
"UMass-gbqr_3src",2025-01-04,0.796875958509794,0.687210450229737,356.340080452336,0.822747011600973,0.86821580548402,0.711894878446419,436.980675627803,1.07481878876448,0.0882352941176471,0.245098039215686,204
"UMass-gbqr_3src",2025-01-11,0.730910079132243,0.602714712846297,164.69411748898,0.380190364779528,0.875999856202006,0.692051728729754,240.294489966706,0.577604218130651,0.215686274509804,0.754901960784314,204
"UMass-gbqr_3src",2025-01-18,0.779872738045689,0.667649003244387,152.44515807228,0.28376600971274,0.981202707120562,0.825684997660915,239.658761214197,0.464282565773683,0.308823529411765,0.877450980392157,204
"UMass-gbqr_3src",2025-01-25,0.775962392027835,0.709619520322851,202.284334989355,0.288212443533651,0.981499844460513,0.882962449134284,315.593897699866,0.461598601788375,0.359477124183007,0.928104575163399,153
"UMass-gbqr_3src",2025-02-01,0.940160636416924,0.968527079860528,347.87105723831,0.448068956905725,1.17259664611628,1.19837123066675,509.497074752706,0.685343652082489,0.0980392156862745,0.660130718954248,153
"UMass-gbqr_3src",2025-02-08,1.12427221746098,1.19952863856205,371.462751486217,0.537549089455839,1.32830822914411,1.43266913291991,513.056883068629,0.781049925046117,0.117647058823529,0.496732026143791,153
"UMass-gbqr_3src",2025-02-15,1.05922070271976,1.16569471086456,224.98280263463,0.334660689293142,1.24412068566979,1.33437751414757,326.358063525209,0.481955530180157,0.189542483660131,0.699346405228758,153
"UMass-gbqr_3src",2025-02-22,0.838000119337869,1.08421257733493,168.378479899148,0.294187435091178,0.987868327775017,1.23486625023981,254.632746467616,0.435029944849633,0.269607843137255,0.823529411764706,204
"UMass-gbqr_3src",2025-03-01,0.47917718710976,0.613310450594475,98.3392526061967,0.168188511480561,0.59758130033221,0.719244841515632,159.129455774248,0.259689929890773,0.406862745098039,0.955882352941177,204
"UMass-gbqr_3src",2025-03-08,0.334447328432858,0.498752690412869,73.3819016400675,0.165035096397789,0.403216098650405,0.608608287564174,113.617995091771,0.2605889275025,0.406862745098039,0.990196078431373,204
"UMass-gbqr_3src",2025-03-15,0.300443754458207,0.446669962225969,60.2035636922849,0.167940774367553,0.34361804809065,0.523335658449266,89.8342223471503,0.256332264775921,0.382352941176471,0.985294117647059,204
"UMass-gbqr_3src",2025-03-22,0.298943691514333,0.423564798483424,51.0718722055876,0.17837914274568,0.314583216133312,0.455862187067792,73.0434470518949,0.260473453931542,0.367647058823529,0.975490196078431,204
"UMass-gbqr_3src",2025-03-29,0.276069263696786,0.422431103649803,38.5441016009518,0.199524711479273,0.281975181602895,0.446911976139993,55.9209309907271,0.295633776191128,0.397058823529412,0.970588235294118,204
"UMass-gbqr_3src",2025-04-05,0.2876982765335,0.471058971185584,30.8481306936128,0.249585724404657,0.283228164908659,0.495876314574226,45.5900159367923,0.382243592416988,0.352941176470588,0.946078431372549,204
"UMass-gbqr_3src",2025-04-12,0.312620343922192,0.508745046509685,24.3039363923698,0.280477860523566,0.302800900797565,0.514159089237726,37.3320855684292,0.428916717171501,0.357843137254902,0.911764705882353,204
"UMass-gbqr_3src",2025-04-19,0.338312216962195,0.548411270407963,17.1256110184878,0.269879386050207,0.318351207671024,0.581437350713439,26.187507921213,0.424946406837216,0.352941176470588,0.916666666666667,204
"UMass-gbqr_3src",2025-04-26,0.346144740267636,0.517206109542131,14.0436036081537,0.271435900048273,0.332439041389094,0.567052826886518,21.8062628717709,0.433747947355924,0.457516339869281,0.934640522875817,153
"UMass-gbqr_3src",2025-05-03,0.350616749633775,0.551524401492453,9.12589540339197,0.267039194622774,0.373775433648542,0.643446692404868,14.4502071243865,0.425702187394375,0.444444444444444,0.954248366013072,153
"UMass-gbqr_3src",2025-05-10,0.414217456303391,0.599615573464693,7.33365826670333,0.280238642847259,0.54298964129742,0.758426537728876,11.6370132929035,0.441250926342753,0.411764705882353,0.947712418300654,153
"UMass-gbqr_3src",2025-05-17,0.429246316696323,0.539166196379755,5.88827386966608,0.243746683114872,0.647801909265538,0.726624428049618,8.91256875165985,0.37678572110008,0.38562091503268,0.908496732026144,153
"UMass-gbqr_3src",2025-05-24,0.344223473970615,0.486254400616016,5.98538495895768,0.268316073859825,0.632606539979256,0.761591349527736,9.36919228492153,0.427329248704023,0.26797385620915,0.954248366013072,153
"UMass-gbqr_3src",2025-05-31,0.352556880717571,0.465030399614449,6.4072028410408,0.281142112467057,0.846424844521386,0.828276738469625,10.1487998514672,0.433162672927051,0.382352941176471,0.92156862745098,102
"UMass-gbqr_3src",2025-06-07,0.271812467129727,0.416930109994734,5.24955148526995,0.276208174751369,0.768183392177363,0.818680682275909,8.41989247504208,0.431805308979601,0.392156862745098,0.941176470588235,51
"UMass-gbqr_3src_ar6fp",2024-11-30,0.722330677396718,0.644726671179281,19.8522395230901,0.257292238847291,0.758274171914042,0.651674975701316,28.3981111442318,0.38087772434811,0.529411764705882,0.96078431372549,51
"UMass-gbqr_3src_ar6fp",2024-12-07,0.624341771553876,0.54459037767994,25.0956916218556,0.264478803649831,0.651871739603223,0.559962706917759,38.7544140093524,0.402673436249688,0.431372549019608,0.901960784313726,102
"UMass-gbqr_3src_ar6fp",2024-12-14,0.63198853176825,0.505453408593685,43.7611649775614,0.346558672238645,0.659728945857847,0.5101205085983,67.5640055728536,0.530385162894041,0.235294117647059,0.77124183006536,153
"UMass-gbqr_3src_ar6fp",2024-12-21,0.733193059447574,0.529700676707198,115.056916221576,0.485928741051016,0.752652830269009,0.514211081502155,154.581609228485,0.696683541168218,0.156862745098039,0.5,204
"UMass-gbqr_3src_ar6fp",2024-12-28,0.817785098067794,0.638300735175858,282.091027059535,0.77777935178361,0.844389405918049,0.639078959732728,337.975138046208,1.03670047606059,0.00490196078431373,0.200980392156863,204
"UMass-gbqr_3src_ar6fp",2025-01-04,0.786769620555138,0.646482219485396,351.820815890038,0.773986067815122,0.849593374694746,0.676242663694947,427.607841895996,1.02099107987637,0.0686274509803922,0.245098039215686,204
"UMass-gbqr_3src_ar6fp",2025-01-11,0.71559573008909,0.569817761667918,161.243373994548,0.359439081291561,0.849362568171152,0.655657409716949,232.987646824949,0.547228581014082,0.205882352941176,0.700980392156863,204
"UMass-gbqr_3src_ar6fp",2025-01-18,0.744156826539348,0.632253906950254,145.463611584421,0.268722288850465,0.92209699226034,0.763103139692553,225.222190359588,0.429092795254966,0.308823529411765,0.848039215686274,204
"UMass-gbqr_3src_ar6fp",2025-01-25,0.713835669835778,0.664699256255366,186.088623943558,0.269968048191797,0.894227308656118,0.814567547936842,287.532069782003,0.425842844798768,0.326797385620915,0.895424836601307,153
"UMass-gbqr_3src_ar6fp",2025-02-01,0.913605554949156,0.922029599590458,338.04534883549,0.426557862464922,1.09317418198737,1.09914110104689,474.987754538158,0.628594342945243,0.137254901960784,0.588235294117647,153
"UMass-gbqr_3src_ar6fp",2025-02-08,1.12807106564202,1.18218064655726,372.717901774457,0.529774871311921,1.28417550643268,1.37341636629062,496.010691033632,0.748747024207971,0.0980392156862745,0.450980392156863,153
"UMass-gbqr_3src_ar6fp",2025-02-15,1.02491183321243,1.15935996453474,217.69545864941,0.332842039389803,1.18670335842584,1.32588477292542,311.296335231512,0.478888089703224,0.222222222222222,0.647058823529412,153
"UMass-gbqr_3src_ar6fp",2025-02-22,0.804981524615028,1.09092631544117,161.744088495683,0.296009123415624,0.92731342427434,1.24628952001276,239.024126414792,0.439054238507643,0.28921568627451,0.794117647058823,204
"UMass-gbqr_3src_ar6fp",2025-03-01,0.434111586224674,0.618547507851985,89.0906539072077,0.169624672993585,0.519963926310467,0.712950808528376,138.46078612237,0.257417411701075,0.504901960784314,0.941176470588235,204
"UMass-gbqr_3src_ar6fp",2025-03-08,0.284637449873411,0.482302330700607,62.4529950577362,0.159591743904504,0.342913028834052,0.593685300860257,96.6258315513127,0.25419932489641,0.470588235294118,0.990196078431373,204
"UMass-gbqr_3src_ar6fp",2025-03-15,0.245552039402169,0.424003650522152,49.2042441374008,0.159418603052013,0.292252748440904,0.509277197155172,76.4054697676409,0.249446364370323,0.46078431372549,0.975490196078431,204
"UMass-gbqr_3src_ar6fp",2025-03-22,0.233122028137554,0.367745054415623,39.8268261458787,0.154871339144557,0.254793494049179,0.405896870318096,59.1608011403308,0.231923951472717,0.544117647058823,0.990196078431373,204
"UMass-gbqr_3src_ar6fp",2025-03-29,0.202559808672048,0.36190516905161,28.2808949506959,0.17093680795281,0.202053143162933,0.37673541581376,40.0709020242293,0.249211745373028,0.588235294117647,0.975490196078431,204
"UMass-gbqr_3src_ar6fp",2025-04-05,0.222053186007927,0.414973024256714,23.8094081947273,0.219869165439796,0.212477100933609,0.434089513042558,34.2015223693967,0.334615568477795,0.509803921568627,0.975490196078431,204
"UMass-gbqr_3src_ar6fp",2025-04-12,0.242451064057502,0.455320353640958,18.8487900857229,0.251024122039522,0.22633873718219,0.459714457077359,27.905125386614,0.383498453870048,0.504901960784314,0.96078431372549,204
"UMass-gbqr_3src_ar6fp",2025-04-19,0.299221288716658,0.547546032557788,15.1467997373111,0.269453592722475,0.27891510634896,0.583301124798066,22.9435019590289,0.426308555483922,0.455882352941176,0.96078431372549,204
"UMass-gbqr_3src_ar6fp",2025-04-26,0.336056343010264,0.560988893832786,13.6343024238729,0.294413624482105,0.318047030801993,0.599410184165247,20.8622222296,0.4584986171984,0.607843137254902,0.967320261437909,153
"UMass-gbqr_3src_ar6fp",2025-05-03,0.363990679105252,0.614700131630499,9.47399366628592,0.297627861325675,0.383765507140838,0.704516181174628,14.8364246714906,0.466105557648993,0.555555555555556,0.986928104575163,153
"UMass-gbqr_3src_ar6fp",2025-05-10,0.436179720621915,0.660575225804036,7.72249687991014,0.308728980650375,0.563182677679607,0.829697110860011,12.0697777785061,0.482715992305851,0.542483660130719,0.973856209150327,153
"UMass-gbqr_3src_ar6fp",2025-05-17,0.437091570864127,0.583575645017589,5.99589274330652,0.263823341995037,0.686840206998067,0.794348045606548,9.44966428582307,0.411903301918532,0.555555555555556,0.986928104575163,153
"UMass-gbqr_3src_ar6fp",2025-05-24,0.360566107536934,0.525271258185945,6.26955196247223,0.289845647729487,0.663795177485465,0.832980520399369,9.83111027569977,0.467385744583468,0.61437908496732,0.993464052287582,153
"UMass-gbqr_3src_ar6fp",2025-05-31,0.355700517511585,0.502644717452593,6.46433381677671,0.303882494138429,0.810028953427414,0.862213724492199,9.71240598080125,0.450910648807416,0.647058823529412,1,102
"UMass-gbqr_3src_ar6fp",2025-06-07,0.303012324568606,0.46707908721776,5.85211861432039,0.309430907128733,0.735926133697287,0.861853551897869,8.06632762228987,0.454576426840623,0.764705882352941,0.980392156862745,51
"UMass-gbqr_3src_ar6p",2024-11-30,0.775896239465381,0.714047675509079,21.3244134202428,0.28495629743282,0.820688703256588,0.728614425657238,30.7355965337271,0.425845727884336,0.431372549019608,0.901960784313726,51
"UMass-gbqr_3src_ar6p",2024-12-07,0.73967329647562,0.664097887469208,29.7314929018356,0.322517293699708,0.777334305368757,0.684057011107054,46.2132865466289,0.491910593063162,0.284313725490196,0.88235294117647,102
"UMass-gbqr_3src_ar6p",2024-12-14,0.782249659680234,0.674412220174624,54.1657873365667,0.462403457156455,0.787334685283631,0.673622217604754,80.6323345340472,0.700382014820514,0.124183006535948,0.633986928104575,153
"UMass-gbqr_3src_ar6p",2024-12-21,0.850712813501866,0.704452820632195,133.498799054991,0.646240201895873,0.844541378325388,0.679529042866674,173.453895436653,0.920666078467271,0.102941176470588,0.416666666666667,204
"UMass-gbqr_3src_ar6p",2024-12-28,0.878402779743186,0.756888409872161,303.000804117323,0.922280273797126,0.893755745892471,0.748352456214977,357.734499604696,1.21396164871964,0.00490196078431373,0.17156862745098,204
"UMass-gbqr_3src_ar6p",2025-01-04,0.826013899790986,0.729519520858019,369.369732344172,0.873400579822174,0.883991020329172,0.758054899989861,444.92048045244,1.14451118289005,0.0686274509803922,0.230392156862745,204
"UMass-gbqr_3src_ar6p",2025-01-11,0.77515033502235,0.655455956550036,174.662662333727,0.413459359637738,0.904821585258165,0.743474472344461,248.200544556185,0.620522965944811,0.21078431372549,0.686274509803922,204
"UMass-gbqr_3src_ar6p",2025-01-18,0.787135841976412,0.698641651070168,153.864908978805,0.296938589857722,0.964454754226811,0.83413412010837,235.568073719899,0.469033506216531,0.28921568627451,0.848039215686274,204
"UMass-gbqr_3src_ar6p",2025-01-25,0.71321433176473,0.687914832868984,185.926648363559,0.279397070184892,0.900602592295615,0.843733898866698,289.581994317484,0.441090545107757,0.333333333333333,0.895424836601307,153
"UMass-gbqr_3src_ar6p",2025-02-01,0.867089856567393,0.889878527650238,320.833965431999,0.411683836155064,1.05498146259615,1.07097196546428,458.392893149864,0.612484528421866,0.163398692810458,0.627450980392157,153
"UMass-gbqr_3src_ar6p",2025-02-08,1.06142338403566,1.12374049453961,350.697317430938,0.503585875489022,1.23920992480554,1.33058007984028,478.642808603324,0.725393915278279,0.111111111111111,0.490196078431373,153
"UMass-gbqr_3src_ar6p",2025-02-15,0.947499919599734,1.101666866715,201.252852082928,0.316278858907077,1.12080810335843,1.27257544000303,294.010674694708,0.459633622702876,0.254901960784314,0.69281045751634,153
"UMass-gbqr_3src_ar6p",2025-02-22,0.755805491084634,1.04079093071917,151.863199958508,0.282405517861694,0.878650935159853,1.20296342994561,226.480892762307,0.423790928356601,0.357843137254902,0.823529411764706,204
"UMass-gbqr_3src_ar6p",2025-03-01,0.454071152273001,0.628131186353102,93.1868606139075,0.172252811190233,0.541645090231688,0.735263308993064,144.234246258118,0.265473544115112,0.504901960784314,0.950980392156863,204
"UMass-gbqr_3src_ar6p",2025-03-08,0.341489980468024,0.525665338497349,74.9271470494161,0.173940374617472,0.41882746977872,0.652738580709655,118.016958065148,0.279484276113636,0.441176470588235,0.985294117647059,204
"UMass-gbqr_3src_ar6p",2025-03-15,0.304172509422967,0.476432159558462,60.9507396068537,0.179130885388204,0.367949408671036,0.578161942688002,96.195322611041,0.283186436436624,0.392156862745098,0.975490196078431,204
"UMass-gbqr_3src_ar6p",2025-03-22,0.268633171257031,0.406750005637625,45.8935892680077,0.171297798063546,0.298520044621865,0.455849247546281,69.3137203608034,0.260466060464928,0.509803921568627,0.985294117647059,204
"UMass-gbqr_3src_ar6p",2025-03-29,0.224701883464743,0.387324413682926,31.3723161724473,0.182942949089825,0.224818465502125,0.406607524542928,44.5856895040171,0.268972245824753,0.573529411764706,0.970588235294118,204
"UMass-gbqr_3src_ar6p",2025-04-05,0.237660539904853,0.434407595284459,25.4828895189638,0.230166371915336,0.227722726373043,0.456269300181406,36.6555449309393,0.351712738207059,0.5,0.975490196078431,204
"UMass-gbqr_3src_ar6p",2025-04-12,0.255115965373071,0.47255881896903,19.8333931736968,0.260527915554758,0.240065287961444,0.481329603586206,29.597461066266,0.401530027901931,0.519607843137255,0.96078431372549,204
"UMass-gbqr_3src_ar6p",2025-04-19,0.312830335657518,0.570519853253724,15.8356996130952,0.280759269609885,0.292300582636411,0.610027139535846,24.0445886138315,0.445841397531243,0.46078431372549,0.96078431372549,204
"UMass-gbqr_3src_ar6p",2025-04-26,0.350869652152452,0.592970763373165,14.2353002652877,0.311198088903077,0.329655981912273,0.635832808565636,21.6237087220365,0.486358876105365,0.607843137254902,0.967320261437909,153
"UMass-gbqr_3src_ar6p",2025-05-03,0.376595816358229,0.642646976485553,9.80208171181205,0.311159271580863,0.399188570367853,0.748567217649151,15.4326823119337,0.49524957657946,0.581699346405229,0.986928104575163,153
"UMass-gbqr_3src_ar6p",2025-05-10,0.45056392397722,0.686364377390307,7.97716705433493,0.32078189782022,0.582250367603021,0.876690972324229,12.478424544904,0.510056919702199,0.549019607843137,0.973856209150327,153
"UMass-gbqr_3src_ar6p",2025-05-17,0.445473950501863,0.598571710552884,6.11087974509696,0.270602775235742,0.693586721376601,0.820421615060045,9.54248397710944,0.425423558448523,0.562091503267974,0.986928104575163,153
"UMass-gbqr_3src_ar6p",2025-05-24,0.373733434385826,0.542621567018636,6.49850648193584,0.299419580099756,0.675063290506005,0.86361946950125,9.99799618487978,0.484577272702723,0.620915032679739,0.993464052287582,153
"UMass-gbqr_3src_ar6p",2025-05-31,0.362820820719225,0.518881061578276,6.59373485654145,0.313698454750942,0.778504788291886,0.892983531609989,9.33442505961742,0.4670022897742,0.686274509803922,1,102
"UMass-gbqr_3src_ar6p",2025-06-07,0.327645014957662,0.493472581079231,6.32785314476174,0.32691608891347,0.739189588096235,0.924397418282661,8.10209764207442,0.487564591986996,0.745098039215686,0.980392156862745,51
"UMass-gbqr_3src_spatial",2024-11-30,0.683473410811441,0.594901536120336,18.7843023751849,0.237408432075755,0.743368673000502,0.622439891638207,27.8398855966855,0.363790997522211,0.450980392156863,0.96078431372549,51
"UMass-gbqr_3src_spatial",2024-12-07,0.648563733696318,0.581458213047305,26.0693040247068,0.282383565450177,0.66986142129156,0.600571374918004,39.8239182226669,0.431875437888671,0.284313725490196,0.88235294117647,102
"UMass-gbqr_3src_spatial",2024-12-14,0.666919272158219,0.562960813780813,46.1798954072369,0.385988003699661,0.650294175164838,0.534397565942771,66.5977740565873,0.555626631914011,0.143790849673203,0.620915032679739,153
"UMass-gbqr_3src_spatial",2024-12-21,0.7265496507105,0.566736692137445,114.014393910927,0.5199042769394,0.713915982945663,0.521139001226932,146.625744379693,0.706069895955997,0.122549019607843,0.431372549019608,204
"UMass-gbqr_3src_spatial",2024-12-28,0.752372594464288,0.58594069279826,259.527299293344,0.713977827556022,0.775184650002349,0.564759097518436,310.27525601295,0.916140355335387,0.0196078431372549,0.176470588235294,204
"UMass-gbqr_3src_spatial",2025-01-04,0.710505144749387,0.561083931658411,317.717528980621,0.671744918714433,0.78228042988199,0.581310756985695,393.728642833987,0.877662900290346,0.0882352941176471,0.269607843137255,204
"UMass-gbqr_3src_spatial",2025-01-11,0.622738651261503,0.464689211084614,140.320123533602,0.293124353704677,0.763360777694787,0.539145217160453,209.396596857954,0.4499845007084,0.245098039215686,0.82843137254902,204
"UMass-gbqr_3src_spatial",2025-01-18,0.745933675599114,0.601206317470535,145.810940094026,0.255526357253105,0.946571952766039,0.740818138384617,231.200199463105,0.416561941945496,0.294117647058824,0.906862745098039,204
"UMass-gbqr_3src_spatial",2025-01-25,0.785298926815176,0.726770181226852,204.718260589314,0.295178195948565,0.952361764528227,0.884780862319213,306.224767109351,0.462549239026074,0.254901960784314,0.895424836601307,153
"UMass-gbqr_3src_spatial",2025-02-01,0.948255120922652,0.984903529626389,350.866116565127,0.455645181584404,1.141684992446,1.19353959011484,496.065860214494,0.68258045642437,0.104575163398693,0.61437908496732,153
"UMass-gbqr_3src_spatial",2025-02-08,1.12614340269134,1.21290949429955,372.080996430291,0.543545500534825,1.31483447910533,1.43581755782225,507.852669132081,0.782766355572525,0.163398692810458,0.503267973856209,153
"UMass-gbqr_3src_spatial",2025-02-15,0.997141797237229,1.09300961401666,211.796989608046,0.313793437871527,1.2017710302539,1.28946611538696,315.248890844708,0.465734260883192,0.209150326797386,0.764705882352941,153
"UMass-gbqr_3src_spatial",2025-02-22,0.838838061037863,1.05062589367379,168.54684664091,0.285074111259629,1.0002914174404,1.21356897363216,257.834919623865,0.427527146011075,0.28921568627451,0.848039215686274,204
"UMass-gbqr_3src_spatial",2025-03-01,0.524647774905695,0.641310807764696,107.670964840637,0.175867067078005,0.664268889092501,0.769896305036832,176.887641481235,0.277978104169461,0.431372549019608,0.965686274509804,204
"UMass-gbqr_3src_spatial",2025-03-08,0.380442943726376,0.533683504357717,83.4739114437007,0.176593550833131,0.487020252017876,0.67514934925493,137.232280131096,0.289079936013525,0.357843137254902,0.985294117647059,204
"UMass-gbqr_3src_spatial",2025-03-15,0.313108582471668,0.46020274783144,62.7413690839634,0.173028885693882,0.379719539351379,0.56504320235798,99.2724617266032,0.276760815775181,0.313725490196078,0.985294117647059,204
"UMass-gbqr_3src_spatial",2025-03-22,0.323207870740617,0.443704029512303,55.2171915275671,0.186860533974015,0.353884583857208,0.497936772615961,82.1688778606097,0.284514299896333,0.348039215686274,0.970588235294118,204
"UMass-gbqr_3src_spatial",2025-03-29,0.309030968994586,0.451792896353303,43.1461326308691,0.213393016078682,0.334060437584766,0.498624336395244,66.2504074674848,0.329841676525459,0.367647058823529,0.985294117647059,204
"UMass-gbqr_3src_spatial",2025-04-05,0.335661940449079,0.50752550935637,35.990981706973,0.268907142534065,0.354121756630462,0.549725579874134,57.0014515807573,0.423753009205581,0.284313725490196,0.926470588235294,204
"UMass-gbqr_3src_spatial",2025-04-12,0.336838558754175,0.525891816856163,26.1867247785273,0.289931101384905,0.333620178108668,0.537817940572558,41.1317700961329,0.448653170458031,0.313725490196078,0.901960784313726,204
"UMass-gbqr_3src_spatial",2025-04-19,0.343924129317575,0.55565097884815,17.4096901124415,0.273442128419755,0.321246908731097,0.587544872227333,26.4257077226301,0.429410119598059,0.343137254901961,0.92156862745098,204
"UMass-gbqr_3src_spatial",2025-04-26,0.338479786132107,0.510386119078165,13.7326250924298,0.267856688171704,0.320979619206441,0.553629039923994,21.0545846951362,0.423479873968992,0.444444444444444,0.928104575163399,153
"UMass-gbqr_3src_spatial",2025-05-03,0.333479898198858,0.529840100874985,8.67985534996648,0.256540006994489,0.361874701567429,0.625853954769519,13.9901232664794,0.414062890803025,0.444444444444444,0.993464052287582,153
"UMass-gbqr_3src_spatial",2025-05-10,0.406135829664114,0.596881610628539,7.1905742727537,0.278960887450795,0.539472895810879,0.76454445440975,11.5616446102214,0.444810317092458,0.366013071895425,0.96078431372549,153
"UMass-gbqr_3src_spatial",2025-05-17,0.409715274263873,0.537662706047204,5.62035281285315,0.243066984008891,0.636253332063474,0.732810954821401,8.75368146401053,0.379993698785427,0.34640522875817,0.941176470588235,153
"UMass-gbqr_3src_spatial",2025-05-24,0.329002260564813,0.484716223819497,5.72071729778606,0.267467305070439,0.611124382124116,0.773132890871032,9.05103169864867,0.433805212741923,0.34640522875817,0.973856209150327,153
"UMass-gbqr_3src_spatial",2025-05-31,0.341798559332426,0.472692385999239,6.21168617092666,0.285774297889128,0.844341306780116,0.879656623278389,10.1238178254126,0.460032736040944,0.382352941176471,0.96078431372549,102
"UMass-gbqr_3src_spatial",2025-06-07,0.252157090043416,0.40458194189665,4.86994448980517,0.268027751006156,0.726942794833488,0.82369801123794,7.96786318258666,0.434451651234409,0.450980392156863,0.980392156862745,51
"UMass-gbqr_3src_spatial_wisar",2024-11-30,0.491533662736165,0.550041275641946,13.5091092094665,0.219505966783532,0.542088973115817,0.593104575627761,20.3017635029649,0.346645689168047,0.509803921568627,0.980392156862745,51
"UMass-gbqr_3src_spatial_wisar",2024-12-07,0.507507041661675,0.465056139858415,20.3994683581131,0.225853222056099,0.535264822949468,0.483703908055287,31.8220184937801,0.347835154694743,0.480392156862745,0.950980392156863,102
"UMass-gbqr_3src_spatial_wisar",2024-12-14,0.555836954350011,0.455965587653814,38.4881551440173,0.312627882129577,0.579804448619665,0.46438843529281,59.378796767461,0.482836372479275,0.281045751633987,0.816993464052288,153
"UMass-gbqr_3src_spatial_wisar",2024-12-21,0.694146042985401,0.500016401315909,108.929431456274,0.458697432494705,0.712882935602685,0.486146970616691,146.413574685693,0.658660626348283,0.200980392156863,0.573529411764706,204
"UMass-gbqr_3src_spatial_wisar",2024-12-28,0.777017025181205,0.586418816058453,268.028276859038,0.714560428168698,0.811994343695652,0.598141447018218,325.008696793044,0.970292502095028,0.00490196078431373,0.28921568627451,204
"UMass-gbqr_3src_spatial_wisar",2025-01-04,0.768044114240328,0.598038425519549,343.447306367668,0.715987842231257,0.840160890650016,0.640916485580241,422.860389448482,0.967655621057246,0.0441176470588235,0.28921568627451,204
"UMass-gbqr_3src_spatial_wisar",2025-01-11,0.654953122580173,0.496162469649389,147.578928789785,0.31297757679597,0.791499686858925,0.583142221908643,217.11534792617,0.48670553538353,0.235294117647059,0.799019607843137,204
"UMass-gbqr_3src_spatial_wisar",2025-01-18,0.705013338275032,0.560218052534118,137.81206157524,0.238105412520864,0.874161371944626,0.67930196477351,213.513915097475,0.381971405600941,0.333333333333333,0.916666666666667,204
"UMass-gbqr_3src_spatial_wisar",2025-01-25,0.749660083639314,0.659244206347102,195.427630314335,0.267752476017368,0.909699918582537,0.796633868564452,292.507171206448,0.416467404958339,0.313725490196078,0.875816993464052,153
"UMass-gbqr_3src_spatial_wisar",2025-02-01,0.929652715429662,0.894668526822881,343.982996579711,0.413899829881511,1.09968096094243,1.07484441053893,477.814971258117,0.614699164072345,0.130718954248366,0.633986928104575,153
"UMass-gbqr_3src_spatial_wisar",2025-02-08,1.17299147533357,1.19908053192251,387.559733425864,0.5373482778134,1.33475643444886,1.4119107985669,515.547491831305,0.769733079364201,0.0849673202614379,0.483660130718954,153
"UMass-gbqr_3src_spatial_wisar",2025-02-15,1.0753066089899,1.18626561575883,228.399514813954,0.340566414992278,1.2357928197629,1.39265657150945,324.173495563293,0.503004981097489,0.202614379084967,0.712418300653595,153
"UMass-gbqr_3src_spatial_wisar",2025-02-22,0.85069389511407,1.1138026821015,170.929026874089,0.302216337547513,0.975105390812328,1.29756186532328,251.34297433865,0.457116927927176,0.284313725490196,0.818627450980392,204
"UMass-gbqr_3src_spatial_wisar",2025-03-01,0.430518121541732,0.58958586723187,88.3531842598759,0.161682504029709,0.522812566758612,0.679383275114437,139.219348353079,0.245297546676388,0.504901960784314,0.975490196078431,204
"UMass-gbqr_3src_spatial_wisar",2025-03-08,0.265803273384801,0.448660492423395,58.3205425934423,0.148459805912385,0.317181977609436,0.544657553317057,89.375351073153,0.233207024247204,0.553921568627451,1,204
"UMass-gbqr_3src_spatial_wisar",2025-03-15,0.212949482087471,0.385840945061704,42.6712738003527,0.145070035095822,0.248024993243684,0.456348491941489,64.8427302189481,0.223521635833226,0.553921568627451,1,204
"UMass-gbqr_3src_spatial_wisar",2025-03-22,0.204721569458626,0.33753376550782,34.974860249282,0.142148223730076,0.220210347718659,0.362689125380106,51.1308997077927,0.207235633643633,0.61764705882353,0.995098039215686,204
"UMass-gbqr_3src_spatial_wisar",2025-03-29,0.174064873421842,0.309857953525128,24.3025032069385,0.146353614216608,0.171853528533403,0.318229778952313,34.0817559013523,0.210510069702564,0.627450980392157,0.990196078431373,204
"UMass-gbqr_3src_spatial_wisar",2025-04-05,0.194989272314004,0.356328860811876,20.9075098699608,0.188797161909863,0.19240053970248,0.384259490252346,30.9698849127958,0.296204363179746,0.524509803921569,0.990196078431373,204
"UMass-gbqr_3src_spatial_wisar",2025-04-12,0.20937065896924,0.38264668765591,16.2770314758641,0.210958170554129,0.199579512232214,0.39117717900608,24.606001530159,0.3263239626872,0.509803921568627,0.995098039215686,204
"UMass-gbqr_3src_spatial_wisar",2025-04-19,0.253254744976328,0.446518874905705,12.8199397881501,0.219736986312728,0.242189224986114,0.476758983310846,19.9224381592744,0.348441696490114,0.514705882352941,0.995098039215686,204
"UMass-gbqr_3src_spatial_wisar",2025-04-26,0.296330969074975,0.454191630477198,12.02258530143,0.2383651541203,0.283308244932836,0.486117924312848,18.5835395172938,0.371839521550992,0.601307189542484,0.993464052287582,153
"UMass-gbqr_3src_spatial_wisar",2025-05-03,0.313429791115387,0.503374228713813,8.15798872419436,0.243725659763825,0.341947429488238,0.584562977074784,13.2197323230257,0.386744917563308,0.490196078431373,0.993464052287582,153
"UMass-gbqr_3src_spatial_wisar",2025-05-10,0.381027296449709,0.562715194146092,6.74603143813751,0.262992739507821,0.509862716036339,0.719593953411343,10.9270578162298,0.418658212414644,0.535947712418301,0.986928104575163,153
"UMass-gbqr_3src_spatial_wisar",2025-05-17,0.389058139699774,0.511134212060509,5.33698435762185,0.231073961336647,0.620721712913727,0.702394908607389,8.53999480838821,0.364221683059887,0.490196078431373,0.986928104575163,153
"UMass-gbqr_3src_spatial_wisar",2025-05-24,0.322104867970134,0.471001502571308,5.60078489045773,0.259899496625448,0.619235137017597,0.755518300498724,9.17115568942402,0.423921658162823,0.464052287581699,1,153
"UMass-gbqr_3src_spatial_wisar",2025-05-31,0.366747086126056,0.490267997955933,6.66508895639088,0.296399935863555,0.934036972812089,0.914968116580896,11.1992864485214,0.478499535980564,0.470588235294118,0.990196078431373,102
"UMass-gbqr_3src_spatial_wisar",2025-06-07,0.277894522865231,0.430895137145243,5.36701506248171,0.285459736505074,0.828666773737485,0.883487528673821,9.08283777488733,0.46598706132662,0.529411764705882,1,51
"UMass-gbqr_3src_wisar",2024-11-30,0.51679509827301,0.577600383538631,14.2033841235293,0.230504029820698,0.570095323326297,0.619005624019923,21.3506287755535,0.361783806692386,0.509803921568627,0.980392156862745,51
"UMass-gbqr_3src_wisar",2024-12-07,0.540302438256391,0.47824900181414,21.7176937228987,0.232260298805475,0.576384216764121,0.500616453839474,34.2666067691925,0.359997094842748,0.519607843137255,0.950980392156863,102
"UMass-gbqr_3src_wisar",2024-12-14,0.588554215036562,0.478309398977248,40.7536162569147,0.327947675118103,0.622626091384909,0.494669827997428,63.7642367706545,0.514320700459793,0.26797385620915,0.843137254901961,153
"UMass-gbqr_3src_wisar",2024-12-21,0.731466226687686,0.53744359876481,114.785931588507,0.493031824986836,0.757246775249306,0.53341574505442,155.525124457821,0.72270315352556,0.166666666666667,0.568627450980392,204
"UMass-gbqr_3src_wisar",2024-12-28,0.818996115824447,0.644712589352243,282.508761796409,0.785592295604936,0.853980809702475,0.661678623951578,341.814191444295,1.07336117705486,0.00490196078431373,0.254901960784314,204
"UMass-gbqr_3src_wisar",2025-01-04,0.811474947731813,0.662172152349957,362.868329847167,0.792770481486688,0.884291985177172,0.711138116068488,445.071958716011,1.07367622903122,0.0490196078431373,0.259803921568627,204
"UMass-gbqr_3src_wisar",2025-01-11,0.713780888780432,0.570269404756271,160.83444039759,0.359723976195985,0.849363527827268,0.667785525251705,232.987910067089,0.557351018976501,0.25,0.774509803921569,204
"UMass-gbqr_3src_wisar",2025-01-18,0.725568920162485,0.596559488403816,141.830151677931,0.253551349223927,0.89240507988128,0.722202822171919,217.969940761003,0.406094552083256,0.338235294117647,0.906862745098039,204
"UMass-gbqr_3src_wisar",2025-01-25,0.745738015149098,0.657613774740053,194.405192855411,0.267090275127984,0.928285208818513,0.805141670516984,298.483131588468,0.420915147316389,0.392156862745098,0.901960784313726,153
"UMass-gbqr_3src_wisar",2025-02-01,0.924799249441308,0.891644372289481,342.187154168064,0.412500767536763,1.11534508243121,1.08430356645091,484.62108323493,0.62010881701831,0.117647058823529,0.640522875816993,153
"UMass-gbqr_3src_wisar",2025-02-08,1.17678033585849,1.20019786528475,388.811583764002,0.537848992437611,1.34653003027041,1.42024455590915,520.095023979476,0.774276403707517,0.0784313725490196,0.496732026143791,153
"UMass-gbqr_3src_wisar",2025-02-15,1.12584491297706,1.24095144946301,239.134056956339,0.356266236421884,1.27492466072974,1.43345632020153,334.438570316263,0.517741189032372,0.209150326797386,0.699346405228758,153
"UMass-gbqr_3src_wisar",2025-02-22,0.87245438038038,1.15527589783729,175.301338221615,0.313469572584029,1.00029828655648,1.3417264893202,257.83669020588,0.472675644458583,0.294117647058824,0.818627450980392,204
"UMass-gbqr_3src_wisar",2025-03-01,0.431964433237097,0.606878615138414,88.6500039227979,0.166424705188993,0.525409617736227,0.701831890716914,139.910915021005,0.253402824706144,0.495098039215686,0.970588235294118,204
"UMass-gbqr_3src_wisar",2025-03-08,0.253345312114198,0.43664528849612,55.5871110158038,0.144484027181777,0.297332110774696,0.521751917972096,83.7820672728521,0.223399476321433,0.53921568627451,1,204
"UMass-gbqr_3src_wisar",2025-03-15,0.207629466000841,0.376594580021754,41.6052375704003,0.141593549466129,0.237775362893786,0.442738015136276,62.1631050451681,0.216855160335457,0.544117647058823,1,204
"UMass-gbqr_3src_wisar",2025-03-22,0.201120579812299,0.331022431060364,34.3596631795621,0.139406054737217,0.219082609196047,0.359132919458207,50.8690487734764,0.205203665944519,0.622549019607843,0.995098039215686,204
"UMass-gbqr_3src_wisar",2025-03-29,0.168741008364447,0.300970207412542,23.5591984545943,0.142155710786929,0.165539097342046,0.304732865702993,32.8294865743488,0.20158181616753,0.63235294117647,0.990196078431373,204
"UMass-gbqr_3src_wisar",2025-04-05,0.185158732150623,0.34581734798563,19.8534410329738,0.18322774554417,0.179029084391347,0.366239637448901,28.8175394321503,0.282313856478839,0.534313725490196,0.990196078431373,204
"UMass-gbqr_3src_wisar",2025-04-12,0.204810436710926,0.379402350842086,15.9225076777304,0.209169524837376,0.191626119519768,0.386604038287767,23.6254339805964,0.322509002405218,0.514705882352941,0.995098039215686,204
"UMass-gbqr_3src_wisar",2025-04-19,0.253060602330826,0.4461011221111,12.8101121459242,0.219531405439737,0.241910378183596,0.478924786856584,19.8995002759751,0.350024584884792,0.514705882352941,0.990196078431373,204
"UMass-gbqr_3src_wisar",2025-04-26,0.302432559665796,0.460507184550794,12.2701358479745,0.241679631796884,0.290809374283747,0.495713534205821,19.0755743811221,0.379179359917653,0.594771241830065,0.993464052287582,153
"UMass-gbqr_3src_wisar",2025-05-03,0.323934427914493,0.515413937166602,8.43140468843281,0.249555091861526,0.354364897200809,0.599448126282546,13.6997932479921,0.396592882674066,0.509803921568627,0.993464052287582,153
"UMass-gbqr_3src_wisar",2025-05-10,0.389294926877315,0.566760609963768,6.89240860140957,0.264883420618633,0.518397977789765,0.720536650958134,11.1099801906709,0.419206671817222,0.509803921568627,0.980392156862745,153
"UMass-gbqr_3src_wisar",2025-05-17,0.398586658996245,0.511766200736747,5.46769376387103,0.231359671280322,0.634268090592794,0.700556923370709,8.72636817449562,0.36326860941408,0.470588235294118,0.986928104575163,153
"UMass-gbqr_3src_wisar",2025-05-24,0.328299014019768,0.46834529622655,5.70848919130454,0.258433797072119,0.628437123308323,0.748247216158072,9.30744131644876,0.419841849469512,0.464052287581699,1,153
"UMass-gbqr_3src_wisar",2025-05-31,0.36859877031355,0.481410382230098,6.6987405934336,0.291044912194893,0.920240691732028,0.869432532946169,11.0338663332183,0.454685858492826,0.509803921568627,0.990196078431373,102
"UMass-gbqr_3src_wisar",2025-06-07,0.283608857220135,0.430219663985017,5.47737678619836,0.285012248534771,0.844586781357976,0.871173366186857,9.25733354468841,0.459492073900354,0.529411764705882,0.980392156862745,51
"UMass-trends_ensemble",2024-11-30,0.496827526308035,0.689006794096804,13.6546035805627,0.274963187593747,0.548429319371728,0.722620006286057,20.5392156862745,0.422342231672246,0.313725490196078,0.686274509803922,51
"UMass-trends_ensemble",2024-12-07,0.772362232697233,0.817177296243851,31.0454390451833,0.396859883204539,0.732354881266491,0.771450103195939,43.5392156862745,0.554755629457854,0.215686274509804,0.441176470588235,102
"UMass-trends_ensemble",2024-12-14,0.953339263527358,0.948302373628481,66.0126484796817,0.650193283689229,0.815910396323952,0.830911985072752,83.5588235294118,0.863920154405044,0.0718954248366013,0.222222222222222,153
"UMass-trends_ensemble",2024-12-21,1.0095843191632,1.00383800138347,158.429839087809,0.920885620278483,0.891104587331138,0.852132742894761,183.017156862745,1.15451976478422,0.053921568627451,0.127450980392157,204
"UMass-trends_ensemble",2024-12-28,0.937249647475397,0.958640573791363,323.299747442455,1.16811841658226,0.898901448813883,0.859799067718885,359.794117647059,1.39474800295944,0.00980392156862745,0.0588235294117647,204
"UMass-trends_ensemble",2025-01-04,0.859700090633656,0.87545241023272,384.433231031543,1.04811539765882,0.877803749695642,0.839105412135886,441.80637254902,1.26688123488936,0.0735294117647059,0.176470588235294,204
"UMass-trends_ensemble",2025-01-11,0.886895938361871,0.800032745697669,199.842016197783,0.504657900229378,0.938830214978824,0.799256749631806,257.529411764706,0.667080292977637,0.181372549019608,0.450980392156863,204
"UMass-trends_ensemble",2025-01-18,0.835519195600272,0.75169813256604,163.322616155158,0.31948880107697,0.924860015654164,0.796403649663375,225.897058823529,0.447817667639258,0.352941176470588,0.686274509803922,204
"UMass-trends_ensemble",2025-01-25,0.687338041753431,0.701247399187314,179.18100170503,0.2848121009262,0.831053337669729,0.808941816028543,267.218954248366,0.422901802418707,0.339869281045752,0.777777777777778,153
"UMass-trends_ensemble",2025-02-01,0.576221511304853,0.59541396824313,213.209082125604,0.275455917780034,0.723724785270537,0.707321855402499,314.460784313725,0.40451450366478,0.30718954248366,0.627450980392157,153
"UMass-trends_ensemble",2025-02-08,0.590360145306437,0.629198665635923,195.056678033532,0.281965064381349,0.730337078651685,0.731526124232249,282.091503267974,0.398806962034838,0.326797385620915,0.588235294117647,153
"UMass-trends_ensemble",2025-02-15,0.865011339822517,0.871890892451133,183.731940892299,0.250312199529239,1.01498691914788,0.959036072634762,266.251633986928,0.346388285135225,0.333333333333333,0.65359477124183,153
"UMass-trends_ensemble",2025-02-22,1.09621707936457,1.0379697453515,220.261741261722,0.281640024724477,1.20939276952627,1.09202650577032,311.732843137255,0.384709056942276,0.318627450980392,0.637254901960784,204
"UMass-trends_ensemble",2025-03-01,1.20970212151866,1.14985322112483,248.261406649616,0.315324973664904,1.29078843215581,1.18291077685869,343.723039215686,0.427100757597573,0.308823529411765,0.61764705882353,204
"UMass-trends_ensemble",2025-03-08,1.15042299916075,1.13202930696624,252.417107843137,0.374583574969074,1.22541447036515,1.15456264763052,345.296568627451,0.494351207875656,0.323529411764706,0.647058823529412,204
"UMass-trends_ensemble",2025-03-15,0.936228637391927,1.00090827736204,187.60350170503,0.376325532017835,1.01138132113326,1.0202645720926,264.411764705882,0.49973038185489,0.416666666666667,0.720588235294118,204
"UMass-trends_ensemble",2025-03-22,0.697865310828779,0.8352900075353,119.224084612106,0.351772186975095,0.738868832731649,0.799281606040064,171.558823529411,0.45669863940315,0.514705882352941,0.803921568627451,204
"UMass-trends_ensemble",2025-03-29,0.528623637473305,0.720429578494609,73.8051129582268,0.340276799100085,0.573188817757125,0.684374947764645,113.674019607843,0.452716331045223,0.602941176470588,0.892156862745098,204
"UMass-trends_ensemble",2025-04-05,0.463618904781176,0.712661828869547,49.7110262148338,0.377596500001435,0.486630934616439,0.658179623057902,78.3308823529413,0.507354225598233,0.61764705882353,0.897058823529412,204
"UMass-trends_ensemble",2025-04-12,0.45755860805434,0.740626186680646,35.5718222506394,0.40831699436303,0.457814798616357,0.651881262243429,56.4436274509804,0.54380594808038,0.656862745098039,0.931372549019608,204
"UMass-trends_ensemble",2025-04-19,0.478746630808338,0.831552955200801,24.2345034100597,0.409216610101543,0.441719802157202,0.687418598976689,36.3357843137255,0.502403334202357,0.700980392156863,0.970588235294118,204
"UMass-trends_ensemble",2025-04-26,0.477718168734932,0.857878092018132,19.3817320261438,0.450224596621222,0.405639697090474,0.63428696979861,26.6078431372549,0.485176438843176,0.810457516339869,0.973856209150327,153
"UMass-trends_ensemble",2025-05-03,0.481612178490574,0.879695477775915,12.5354603580563,0.425934321786833,0.402197802197802,0.654723216702876,15.5490196078431,0.433162698290664,0.784313725490196,0.947712418300654,153
"UMass-trends_ensemble",2025-05-10,0.499576347154255,0.820706554064968,8.84492469451549,0.383568574708742,0.560231777981092,0.78734116566245,12.0065359477124,0.458073394605468,0.718954248366013,0.928104575163399,153
"UMass-trends_ensemble",2025-05-17,0.523078516591193,0.757282536830528,7.17543620346689,0.342352891877603,0.762945368171021,0.875539888905999,10.4967320261438,0.454004731548612,0.640522875816993,0.869281045751634,153
"UMass-trends_ensemble",2025-05-24,0.41668814396134,0.714034077811939,7.24540636544473,0.394005319268898,0.710061782877317,0.914738474231091,10.516339869281,0.51326016924461,0.601307189542484,0.954248366013072,153
"UMass-trends_ensemble",2025-05-31,0.41778968502478,0.681920800970724,7.59271312872975,0.41226692852572,0.935813573180703,1.04158143133022,11.2205882352941,0.544714315773012,0.549019607843137,0.950980392156863,102
"UMass-trends_ensemble",2025-06-07,0.361789213619837,0.641220154179814,6.98728473998295,0.424796012938559,0.961538461538462,1.1012583386838,10.5392156862745,0.580848195757792,0.666666666666667,0.941176470588235,51
