"model_id","location","wis_scaled_relative_skill","wis","ae_median_scaled_relative_skill","ae_median","interval_coverage_50","interval_coverage_95","n"
"UMass-AR2","US",1,4828.78121564646,1,6364.37929988467,0.473684210526316,0.736842105263158,95
"UMass-AR4_pooled","US",0.989722471069088,4779.15327700161,0.946076064373222,6021.18692021329,0.568421052631579,0.715789473684211,95
"UMass-AR6_pooled","US",0.938364675845511,4531.15772014898,0.899367328641346,5723.91480939756,0.547368421052632,0.726315789473684,95
"UMass-AR6_pooled_fourier","US",0.88062675745863,4252.35394441189,0.839900554136569,5345.44570070844,0.568421052631579,0.715789473684211,95
"UMass-AR6_unpooled","US",0.968818030003934,4678.21030466261,1.02260401556825,6508.23982866149,0.357894736842105,0.736842105263158,95
