"model_id","location","wis_scaled_relative_skill","wis","ae_median_scaled_relative_skill","ae_median","interval_coverage_50","interval_coverage_95","n"
"UMass-AR2","US",1,4828.78121564646,1,6364.37929988467,0.473684210526316,0.736842105263158,95
"UMass-AR4_pooled","US",0.989722471069088,4779.15327700161,0.946076064373222,6021.18692021329,0.568421052631579,0.715789473684211,95
"UMass-AR6_pooled","US",2.28225524339478,11020.5112486154,2.53875054930436,16157.5714435635,0.589473684210526,0.947368421052632,95
"UMass-AR6_unpooled","US",0.968818030003934,4678.21030466261,1.02260401556825,6508.23982866149,0.357894736842105,0.736842105263158,95
