"model_id","location","wis_scaled_relative_skill","wis","ae_median_scaled_relative_skill","ae_median","interval_coverage_50","interval_coverage_95","n"
"UMass-AR2","US",1,3304.27785667674,1,4519.83049587135,0.444933920704846,0.828193832599119,227
"UMass-AR4_pooled","US",0.976011920819925,3225.01457781781,0.947665933432971,4283.28938582873,0.414096916299559,0.797356828193833,227
"UMass-AR6_pooled","US",13.6964398939848,45256.8430569978,12.8533438267925,58094.9354022563,0.700440528634361,0.938325991189427,227
"UMass-AR6_unpooled","US",0.955277745595451,3156.50310174712,0.995715325510543,4500.46449344902,0.370044052863436,0.81057268722467,227
