"model_id","wis_scaled_relative_skill","wis","ae_median_scaled_relative_skill","ae_median","interval_coverage_50","interval_coverage_95","n"
"UMass-AR2",1,78.7661882950163,1,111.305991846347,0.436824353541468,0.854017123583845,11577
"UMass-AR4_pooled",0.937975768800376,73.8807760214931,0.932676854869967,103.812522403433,0.465450142696532,0.859379053878751,11577
"UMass-AR6_pooled",0.91172980978853,71.8134818719828,0.91108854566668,101.409614235276,0.452996627172879,0.85721698521145,11577
"UMass-AR6_unpooled",0.941510939500543,74.1592279425175,0.95926687153898,106.772150581988,0.438467525728617,0.851595606676468,11577
