"model_id","wis_scaled_relative_skill","wis","ae_median_scaled_relative_skill","ae_median","interval_coverage_50","interval_coverage_95","n"
"UMass-AR2",1,10.789157891777,1,14.2034616625207,0.705128205128205,0.988782051282051,624
"UMass-AR4_pooled",0.890277866416971,9.60534846832702,0.874176304775633,12.4163296311647,0.748397435897436,0.99198717948718,624
"UMass-AR6_pooled",0.807481421283525,8.71204454890442,0.821645562653272,11.670211249326,0.732371794871795,0.988782051282051,624
"UMass-AR6_pooled_fourier",0.796333743504598,8.59177049322092,0.805097075131659,11.4351654412401,0.729166666666667,0.990384615384615,624
"UMass-AR6_pooled_xmas",10.2372595331678,110.451409482446,5.60653288142819,79.632174841027,0.875,1,624
"UMass-AR6_unpooled",0.867507289341503,9.35967311697291,0.950938726445943,13.5066217444812,0.697115384615385,0.985576923076923,624
