"model_id","wis_scaled_relative_skill","wis","ae_median_scaled_relative_skill","ae_median","interval_coverage_50","interval_coverage_95","n"
"UMass-AR2",1,10.789157891777,1,14.2034616625207,0.705128205128205,0.988782051282051,624
"UMass-AR6_pooled",0.807481421283525,8.71204454890442,0.821645562653272,11.670211249326,0.732371794871795,0.988782051282051,624
"UMass-AR6_unpooled",0.867507289341502,9.35967311697291,0.950938726445943,13.5066217444812,0.697115384615385,0.985576923076923,624
