"model_id","horizon","wis_scaled_relative_skill","wis","ae_median_scaled_relative_skill","ae_median","interval_coverage_50","interval_coverage_95","n"
"UMass-AR2",0,1,687.279608429022,1,1089.20037205186,0.533333333333333,0.9,30
"UMass-AR2",1,1,1372.43976896563,1,2175.08314270736,0.466666666666667,0.9,30
"UMass-AR2",2,1,1976.76420460378,1,3084.99929097017,0.366666666666667,0.933333333333333,30
"UMass-AR2",3,1,2437.41045920491,1,3892.21015925797,0.379310344827586,0.931034482758621,29
"UMass-AR4_pooled",0,1.22735268776514,843.534474651536,1.2135281250727,1321.77528532458,0.4,0.9,30
"UMass-AR4_pooled",1,1.10186008129753,1512.23659540843,1.06159406603908,2309.05535743977,0.266666666666667,0.866666666666667,30
"UMass-AR4_pooled",2,1.03994582136219,2055.72767439605,0.989250906439448,3051.8383449573,0.266666666666667,0.833333333333333,30
"UMass-AR4_pooled",3,1.02384404312406,2495.52817930523,0.957350157363393,3726.20800845701,0.310344827586207,0.896551724137931,29
"UMass-AR6_pooled",0,259.497678153708,178347.462629721,200.632265831051,218528.738588788,0.7,0.833333333333333,30
"UMass-AR6_pooled",1,63.6698541348452,87383.0398989021,57.9216036100584,125984.303610816,0.766666666666667,0.866666666666667,30
"UMass-AR6_pooled",2,12.7409886413301,25185.9302774446,9.85917408849244,30415.5450725507,0.766666666666667,1,30
"UMass-AR6_pooled",3,5.37129024112486,13092.039013143,2.22393866599223,8656.03666934157,0.896551724137931,1,29
"UMass-AR6_unpooled",0,1.04159424258398,715.866483185043,1.03157487470801,1123.59173733132,0.466666666666667,0.9,30
"UMass-AR6_unpooled",1,1.03883206417337,1425.73443814819,1.00653695044801,2189.30155343155,0.4,0.9,30
"UMass-AR6_unpooled",2,1.04215979608423,2060.10418037647,1.01502075784439,3131.33831826995,0.333333333333333,0.9,30
"UMass-AR6_unpooled",3,1.03853535235322,2531.3369300798,1.0008351770871,3895.46084400116,0.379310344827586,0.862068965517241,29
