"model_id","location","wis_scaled_relative_skill","wis_scaled_relative_skill__log","wis","wis__log","ae_median_scaled_relative_skill","ae_median_scaled_relative_skill__log","ae_median","ae_median__log","interval_coverage_50","interval_coverage_95","n"
"FluSight-baseline","01",1,1,37.2008364984023,0.400983251583625,1,1,52.5603448275862,0.620863361548062,0.258620689655172,0.862068965517241,116
"FluSight-baseline","02",1,1,3.91415471881968,0.368713416365466,1,1,5.94827586206897,0.542070442882277,0.560344827586207,0.982758620689655,116
"FluSight-baseline","04",1,1,129.548345911679,0.451457398551409,1,1,167.103448275862,0.56742133277229,0.28448275862069,0.741379310344828,116
"FluSight-baseline","05",1,1,34.8042538548916,0.465139128379522,1,1,49.2758620689655,0.644892632499911,0.275862068965517,0.827586206896552,116
"FluSight-baseline","06",1,1,187.92224787653,0.434132022792729,1,1,268.01724137931,0.561234780320869,0.301724137931034,0.931034482758621,116
"FluSight-baseline","08",1,1,35.483844777436,0.360144221874055,1,1,53.2758620689655,0.535807584455618,0.258620689655172,0.879310344827586,116
"FluSight-baseline","09",1,1,25.3918708736017,0.383442794960786,1,1,38.5258620689655,0.578717593388161,0.25,0.939655172413793,116
"FluSight-baseline","10",1,1,6.4888863783621,0.400376373087478,1,1,9.53448237068578,0.606492310878218,0.379310344827586,0.96551724137931,116
"FluSight-baseline","11",1,1,7.92078273985326,0.45256294502581,1,1,11.198275862069,0.723021355765629,0.25,0.844827586206897,116
"FluSight-baseline","12",1,1,128.965697954719,0.232790592978901,1,1,191.215517241379,0.358641156527292,0.129310344827586,0.827586206896552,116
"FluSight-baseline","13",1,1,110.544359254111,0.473226324348692,1,1,134.887931034483,0.653139367709741,0.172413793103448,0.681034482758621,116
"FluSight-baseline","15",1,1,4.87048273298231,0.330790482318258,1,1,7.39655172413793,0.482391995027156,0.344827586206897,0.887931034482759,116
"FluSight-baseline","16",1,1,19.4030665920724,0.522839396026456,1,1,28.2155172413793,0.785952261017052,0.232758620689655,0.931034482758621,116
"FluSight-baseline","17",1,1,61.0039464799326,0.403294807524432,1,1,91.2327586206897,0.585732227055605,0.181034482758621,0.931034482758621,116
"FluSight-baseline","18",1,1,57.0217246265817,0.375555547224402,1,1,83.3793103448276,0.566442997442548,0.120689655172414,0.931034482758621,116
"FluSight-baseline","19",1,1,21.2485680573498,0.444948465114931,1,1,31.3362068965517,0.674614861824232,0.155172413793103,0.982758620689655,116
"FluSight-baseline","20",1,1,19.5519454655131,0.427233151554003,1,1,29.0172413793103,0.632054327801503,0.163793103448276,0.931034482758621,116
"FluSight-baseline","21",1,1,36.2876232270662,0.416253564859463,1,1,55.1293103448276,0.61312813402055,0.258620689655172,0.991379310344828,116
"FluSight-baseline","22",1,1,40.4051466628581,0.374867108240221,1,1,54.2241379310345,0.539580045387137,0.206896551724138,0.810344827586207,116
"FluSight-baseline","23",1,1,10.0128229038546,0.395507015323929,1,1,15.3448275862069,0.608181828547847,0.310344827586207,0.982758620689655,116
"FluSight-baseline","24",1,1,42.0784344756905,0.500165560049957,1,1,58.9224137931034,0.775601427254701,0.224137931034483,0.818965517241379,116
"FluSight-baseline","25",1,1,81.9645159325443,0.417638929124807,1,1,114.787610619469,0.578562831389484,0.176991150442478,0.867256637168142,116
"FluSight-baseline","26",1,1,117.031303354636,0.446481259921642,1,1,166.293103448276,0.628098782402588,0.112068965517241,0.836206896551724,116
"FluSight-baseline","27",1,1,22.9593550122204,0.417749999834967,1,1,34.7433628318584,0.618093158004021,0.194690265486726,0.964601769911504,116
"FluSight-baseline","28",1,1,32.8547831186052,0.351360336022601,1,1,44.5344827586207,0.479343569983139,0.370689655172414,0.827586206896552,116
"FluSight-baseline","29",1,1,55.9173048586588,0.388554688637392,1,1,82.8706896551724,0.561116545182121,0.120689655172414,0.96551724137931,116
"FluSight-baseline","30",1,1,16.1799039480361,0.529757695458503,1,1,21.612064396506,0.829408463503471,0.353448275862069,0.78448275862069,116
"FluSight-baseline","31",1,1,11.2639483848199,0.432218139311937,1,1,17.2413793103448,0.619839243750584,0.370689655172414,0.96551724137931,116
"FluSight-baseline","32",1,1,18.8824263414355,0.413583435554515,1,1,28.448275862069,0.611474124843952,0.422413793103448,0.96551724137931,116
"FluSight-baseline","33",1,1,6.85673296644511,0.417411238236063,1,1,10.6206893965491,0.675411815165287,0.353448275862069,0.991379310344828,116
"FluSight-baseline","34",1,1,81.7799536984,0.395702914990767,1,1,112.836206896552,0.556705347012637,0.189655172413793,0.810344827586207,116
"FluSight-baseline","35",1,1,27.4809763660869,0.445939600216746,1,1,38.4310344827586,0.622503312464966,0.396551724137931,0.853448275862069,116
"FluSight-baseline","36",1,1,140.196905139186,0.397887016394487,1,1,200.129310344828,0.563651438345827,0.206896551724138,0.862068965517241,116
"FluSight-baseline","37",1,1,119.325154834769,0.544928010823068,1,1,147.663793103448,0.804000874672302,0.25,0.75,116
"FluSight-baseline","38",1,1,6.12695991155189,0.395000260827866,1,1,9.23275862068965,0.656222333902099,0.327586206896552,0.922413793103448,116
"FluSight-baseline","39",1,1,84.4082602353332,0.450756333101482,1,1,118.948275862069,0.632003403478862,0.146551724137931,0.827586206896552,116
"FluSight-baseline","40",1,1,47.2779862766023,0.423550403391392,1,1,69.7155172413793,0.61222567715419,0.267241379310345,0.948275862068966,116
"FluSight-baseline","41",1,1,16.9934737938828,0.345952938582594,1,1,24.2931034482759,0.47000515152608,0.353448275862069,1,116
"FluSight-baseline","42",1,1,102.561957576754,0.352934381255281,1,1,146.077586206897,0.485339811403373,0.189655172413793,0.887931034482759,116
"FluSight-baseline","44",1,1,6.40074669959556,0.412212487428622,1,1,9.40517392242888,0.658979541269943,0.232758620689655,0.922413793103448,116
"FluSight-baseline","45",1,1,69.4830219073422,0.405308983617794,1,1,85.3965517241379,0.539573160504538,0.146551724137931,0.758620689655172,116
"FluSight-baseline","46",1,1,8.67735040308499,0.471560712985569,1,1,13.2672349352804,0.756319866489984,0.301724137931034,0.896551724137931,116
"FluSight-baseline","47",1,1,55.4245640086253,0.342706107696283,1,1,78.8275862068966,0.487133194375166,0.232758620689655,0.922413793103448,116
"FluSight-baseline","48",1,1,185.896926148184,0.400765400158096,1,1,264.491379310345,0.611902491441314,0.189655172413793,0.836206896551724,116
"FluSight-baseline","49",1,1,8.4134807115871,0.419440096559487,1,1,11.8879310344828,0.625301237387103,0.448275862068966,0.887931034482759,116
"FluSight-baseline","50",1,1,3.82589951887356,0.3628235926247,1,1,6.11206896551724,0.607355322051273,0.241379310344828,1,116
"FluSight-baseline","51",1,1,73.9997221030638,0.340895862642856,1,1,96.9655172413793,0.460678541687838,0.198275862068966,0.827586206896552,116
"FluSight-baseline","53",1,1,22.0381527765709,0.345954204392813,1,1,33.5948275862069,0.498136701611829,0.310344827586207,1,116
"FluSight-baseline","54",1,1,23.534259227938,0.492186746573461,1,1,34.448275862069,0.749903492065476,0.28448275862069,0.896551724137931,116
"FluSight-baseline","55",1,1,35.851332669545,0.439187791438045,1,1,52.8189655172414,0.661964209504467,0.189655172413793,0.948275862068966,116
"FluSight-baseline","56",1,1,9.51398792072853,0.461755315763295,1,1,13.3793103448276,0.71180477417068,0.267241379310345,0.887931034482759,116
"FluSight-baseline","72",1,1,12.4817883321446,0.20123145486196,1,1,18.5086206896552,0.278424092908906,0.560344827586207,0.948275862068966,116
"UMass-AR2","01",0.811071931589547,0.916990636087252,29.271266288,0.355783502228554,0.881995660487847,0.944236490587781,45.1368398710006,0.575359159382465,0.439655172413793,0.922413793103448,116
"UMass-AR2","02",0.824253665378152,0.811397202188345,3.18739176665646,0.298307123722779,0.835254072102136,0.851843882488072,4.9194414056382,0.459284730969049,0.612068965517241,1,116
"UMass-AR2","04",0.711356869983725,0.709469466244191,87.819376076354,0.310991915783511,0.828923862430872,0.853918220294324,131.565651272248,0.459373921584462,0.5,0.887931034482759,116
"UMass-AR2","05",0.912409881389515,0.920014822317953,31.4930684886431,0.415760239473053,0.96429148095224,0.939298590747589,47.2822802711062,0.599750110191508,0.46551724137931,0.862068965517241,116
"UMass-AR2","06",0.75529370721858,0.738625851123255,136.05028892755,0.308529006471712,0.830216178196454,0.811243463700758,211.520994937626,0.432628625772676,0.525862068965517,0.939655172413793,116
"UMass-AR2","08",0.863939423171496,0.838114535709167,30.4068447175568,0.297696427513651,0.87735434474159,0.874651319118073,46.3062370279681,0.460933593196773,0.448275862068966,0.887931034482759,116
"UMass-AR2","09",0.885047960697193,0.879223286009827,22.6426085616205,0.335661928251117,0.938419931898397,0.906248589263996,36.6165288547896,0.522366186610266,0.5,0.991379310344828,116
"UMass-AR2","10",0.910786349174335,0.971101410828663,5.94464818310888,0.389570175131551,0.855943591061579,0.9303634760877,8.16316161590035,0.556596650329178,0.620689655172414,0.922413793103448,116
"UMass-AR2","11",0.829998723317215,0.886572047711571,6.50406952146113,0.400412010152837,0.840457170110587,0.887030154669969,9.35536256219896,0.637225147922077,0.474137931034483,0.905172413793103,116
"UMass-AR2","12",0.880067562217101,0.921463392225522,110.509542835816,0.209101237072418,0.919078175063912,0.932547482928165,173.373798760688,0.330344305935487,0.422413793103448,0.905172413793103,116
"UMass-AR2","13",0.818328022701187,0.890112519042226,88.8439215617925,0.413451009101572,0.844470173568023,0.939812873139341,111.750852831106,0.604755989768422,0.46551724137931,0.767241379310345,116
"UMass-AR2","15",0.958991802966372,0.92979827030704,4.71769588519423,0.310964477359505,1.03218525804432,1.03123478102938,7.7252973775712,0.504006769465791,0.327586206896552,0.931034482758621,116
"UMass-AR2","16",0.859974050796798,0.948190723644992,16.4185114493961,0.486554184790369,0.860719203859362,0.908558604482951,23.7811193020707,0.701743123031271,0.543103448275862,0.913793103448276,116
"UMass-AR2","17",0.784668738342193,0.758537548790484,47.8212809268825,0.303085460666876,0.813863603589957,0.781359691071766,74.4395423117518,0.451389529019348,0.568965517241379,0.96551724137931,116
"UMass-AR2","18",0.881235914629615,0.762804486389604,51.2720002419959,0.284560786466211,0.985648901212336,0.823752384784193,84.0865098700921,0.463363229775471,0.413793103448276,0.96551724137931,116
"UMass-AR2","19",0.858164900898101,0.864060127797785,18.6198025417426,0.388082775159574,0.955173755045733,0.91682076564321,30.6795450304883,0.622331844526507,0.474137931034483,0.931034482758621,116
"UMass-AR2","20",0.857333692119653,0.889046506515246,16.8730764614447,0.378377237070767,0.898570798705998,0.922260607420819,26.3201443309862,0.580787382527066,0.431034482758621,0.913793103448276,116
"UMass-AR2","21",0.882364597327544,0.865631710386985,32.5989089783212,0.358688170288183,0.883071875949575,0.915631578664279,50.1753639447986,0.563745113396353,0.508620689655172,0.982758620689655,116
"UMass-AR2","22",0.827094876473753,0.867431814907127,32.3686683976983,0.31684091314352,0.953798022105553,0.982310115720326,50.4316998189183,0.520572121082055,0.362068965517241,0.905172413793103,116
"UMass-AR2","23",0.870935811500816,0.91085804658628,8.88000771514024,0.363876230525899,0.864174633836731,0.931765478793833,13.5378091902604,0.570707401159601,0.594827586206897,0.974137931034483,116
"UMass-AR2","24",0.796027508376551,0.821741937500132,33.4949828623385,0.407323551391466,0.852168707737453,0.817531371051181,50.3320741433561,0.626611761450293,0.422413793103448,0.896551724137931,116
"UMass-AR2","25",1.03217140941162,1.03621255647576,89.6861378581676,0.442050182514487,1.05812294988594,1.12434662312439,130.373469885365,0.664989188022533,0.309734513274336,0.84070796460177,116
"UMass-AR2","26",0.801341636169493,0.758522408881614,99.8869864235136,0.351894412442955,0.889502878897877,0.837876218222759,158.706070119986,0.544968153828366,0.344827586206897,0.896551724137931,116
"UMass-AR2","27",0.84817407943508,0.805902028862825,20.2955139136075,0.339115134420928,0.895662453808234,0.819881099163733,32.5707464099212,0.507271419855634,0.584070796460177,0.964601769911504,116
"UMass-AR2","28",0.814885624542542,0.826124654956214,26.1554309748879,0.28713926261322,0.874162265545074,0.943526267381122,38.1836670885439,0.446262741952111,0.448275862068966,0.905172413793103,116
"UMass-AR2","29",0.77748427326258,0.749670286425056,44.8755320168008,0.295515702277727,0.895759054228881,0.854647831572014,76.814237561389,0.486625828799152,0.387931034482759,0.974137931034483,116
"UMass-AR2","30",0.910125500365284,0.958883577658881,14.5143926141353,0.498727624237192,0.971462372374608,0.977069828450004,20.6964452919836,0.792402229561942,0.422413793103448,0.818965517241379,116
"UMass-AR2","31",0.926285980430532,0.93954310874238,10.5729901040966,0.404374505046303,0.910525715582497,0.961556956590334,15.8654475414845,0.598706987929149,0.525862068965517,0.905172413793103,116
"UMass-AR2","32",0.79935055880073,0.858986701019606,14.6608831488155,0.344416198875304,0.823724553241433,0.862286555371337,22.6972059997821,0.51438839764495,0.620689655172414,0.991379310344828,116
"UMass-AR2","33",0.903221180214743,0.932379830970157,6.21655362600554,0.388085812356613,0.900551189166371,0.906160923711849,9.67315020416481,0.611718582964779,0.586206896551724,0.974137931034483,116
"UMass-AR2","34",0.772947450768159,0.793242873131295,63.0887089265096,0.31535945257875,0.810713857991061,0.843376316101487,92.797463188713,0.473369019290883,0.5,0.913793103448276,116
"UMass-AR2","35",0.786713058351557,0.81595188827502,21.2208848825482,0.35975030510616,0.839069636415022,0.874797344367576,31.3752533485725,0.530665683491749,0.560344827586207,0.948275862068966,116
"UMass-AR2","36",0.748886957742237,0.675130619671516,109.70652145383,0.270543797409101,0.833751665880421,0.737431530118212,175.32004193673,0.420233750566343,0.422413793103448,0.913793103448276,116
"UMass-AR2","37",0.784852264528874,0.862138977573275,92.6227824271406,0.45964795919249,0.887704688200738,0.909200235958744,131.094097385637,0.724854568024639,0.456896551724138,0.853448275862069,116
"UMass-AR2","38",0.986620256993216,1.02087861026799,6.05832831749095,0.398877654128649,0.954186753441417,0.934080025319037,8.82967486634642,0.607205444259982,0.525862068965517,0.879310344827586,116
"UMass-AR2","39",0.876607263859397,0.775078163168605,77.5204290570337,0.355522450548754,0.997343046567818,0.863721330598596,125.434859271729,0.556148241294873,0.336206896551724,0.913793103448276,116
"UMass-AR2","40",0.786778339966919,0.855513703504163,37.519533582161,0.358800299336158,0.888490358131623,0.966078602416889,62.6623377195971,0.588107918013629,0.405172413793103,0.974137931034483,116
"UMass-AR2","41",0.897416881669056,0.951623638964514,15.461221678965,0.332407287418538,0.919850508012047,0.954687811659775,22.8542479610636,0.457278803248692,0.663793103448276,0.982758620689655,116
"UMass-AR2","42",0.757797363513482,0.693413242030754,78.9805797259182,0.246521841389544,0.825844272580136,0.773456368695276,123.510106891722,0.378676876004764,0.525862068965517,0.939655172413793,116
"UMass-AR2","44",0.875154231620425,0.919885055130075,5.55881831053627,0.377607083592858,0.858554623904916,0.918359683484835,8.07723513307822,0.603831003519696,0.5,0.913793103448276,116
"UMass-AR2","45",0.826662749521675,0.821045187869465,56.1012898221099,0.326016840556068,0.926500404897492,0.911552740339251,77.8594828214694,0.480531319470758,0.508620689655172,0.801724137931034,116
"UMass-AR2","46",0.891955755263906,0.924096742603881,7.64569014348347,0.42863149785619,0.908539421420262,0.89295860120869,11.9671295098998,0.666757141686794,0.482758620689655,0.896551724137931,116
"UMass-AR2","47",0.799348890301918,0.808437171109034,43.9295891047418,0.273786794283847,0.831941859184276,0.863835199171666,65.2768868244376,0.415486913979337,0.543103448275862,0.922413793103448,116
"UMass-AR2","48",0.863884744864081,1.00988083156016,155.951760591109,0.390679366464733,0.900493173790204,0.89300812425949,234.218198695926,0.536391879280011,0.46551724137931,0.836206896551724,116
"UMass-AR2","49",0.873656452548836,0.930137079071544,7.18802742597063,0.384789775824133,0.867735280667847,0.933054763628017,10.0630330184851,0.578376006381016,0.568965517241379,0.922413793103448,116
"UMass-AR2","50",0.925477744787389,0.974345780644099,3.58439975479421,0.356207319279952,0.937584681051443,0.95946427296781,5.78873388928554,0.583965574783719,0.491379310344828,0.991379310344828,116
"UMass-AR2","51",0.796298995301116,0.796095344472702,58.0787900632024,0.269162825503862,0.85487374403738,0.89273155124049,82.1831085107206,0.40743712238847,0.525862068965517,0.879310344827586,116
"UMass-AR2","53",0.844445542394248,0.889038368016417,17.9486768724777,0.298625423499751,0.829954630017343,0.858087552213026,26.5440906368148,0.407376255925742,0.698275862068966,1,116
"UMass-AR2","54",0.885880062693659,0.926931848511997,21.058558703602,0.446977812944338,0.902987938709885,0.888686059123071,31.543897995475,0.658160298994696,0.53448275862069,0.905172413793103,116
"UMass-AR2","55",0.813358238351336,0.77974466311702,30.2892397859319,0.350797406818495,0.876513902214548,0.821043007834583,48.5457629152837,0.554437865797642,0.491379310344828,0.982758620689655,116
"UMass-AR2","56",0.83524167493505,0.924358882247855,7.90753456980866,0.424189329672831,0.914929199895046,0.961281522224905,12.1414659125418,0.677040008284101,0.396551724137931,0.879310344827586,116
"UMass-AR2","72",0.880442264779976,0.879520098096325,10.6857656890181,0.171867005280143,0.905521155903518,0.950521004139252,16.2708793197951,0.259978609296735,0.568965517241379,0.922413793103448,116
"UMass-AR6_fourierP_thetaP","01",0.732010242728764,0.810012559174235,27.525484611793,0.316861614038205,0.813262626815056,0.84232457631245,43.4699368244926,0.518357087161997,0.413793103448276,0.939655172413793,116
"UMass-AR6_fourierP_thetaP","02",0.955504421957103,0.935055548651768,3.710220938819,0.339526173518505,0.938837807092688,0.986865679745972,5.54297075396787,0.526037810082515,0.629310344827586,0.982758620689655,116
"UMass-AR6_fourierP_thetaP","04",0.539410452620781,0.493680472310557,66.53916403986,0.212432315807789,0.62129161576087,0.57562769768996,98.8649880738046,0.304011979770818,0.491379310344828,0.896551724137931,116
"UMass-AR6_fourierP_thetaP","05",0.878260360381962,0.877754725085069,31.503001195482,0.403150659245086,0.988684560126368,0.928618456767904,50.5551230680766,0.605192798322267,0.258620689655172,0.836206896551724,116
"UMass-AR6_fourierP_thetaP","06",0.557793520925275,0.544136930888103,101.641525548336,0.22525769763196,0.598569398897288,0.598880951887937,154.291230154178,0.31686013813865,0.603448275862069,0.913793103448276,116
"UMass-AR6_fourierP_thetaP","08",0.635773351129796,0.592699640787206,22.1161613976203,0.206638698146579,0.660736711011955,0.635794647351146,34.4365377765862,0.329533480554244,0.456896551724138,0.956896551724138,116
"UMass-AR6_fourierP_thetaP","09",0.816068719582764,0.802949936793625,21.5500744388417,0.31252978872425,0.823130453575314,0.804085944284335,33.2309271637469,0.47315060328648,0.5,0.913793103448276,116
"UMass-AR6_fourierP_thetaP","10",0.877546412623005,0.941229983489755,6.03064972131749,0.393551517790097,0.920374867119682,0.980300927530642,9.47201392293373,0.629717272661726,0.551724137931034,1,116
"UMass-AR6_fourierP_thetaP","11",0.73366600311818,0.813130054512771,5.91320157898224,0.381220841472741,0.800551887649945,0.77501128335408,9.21223105871878,0.572959031171618,0.448275862068966,0.887931034482759,116
"UMass-AR6_fourierP_thetaP","12",0.66491547803372,0.682354217438127,84.0696927585864,0.152816064027267,0.68828958776846,0.677834599619634,130.598231735332,0.23673725430382,0.456896551724138,0.887931034482759,116
"UMass-AR6_fourierP_thetaP","13",0.623330803999107,0.609964198656144,66.7788132251078,0.271593343568106,0.669928610225078,0.654424041824064,88.0611950030175,0.406249661125255,0.482758620689655,0.887931034482759,116
"UMass-AR6_fourierP_thetaP","15",0.968131778092882,1.06298593059404,4.62638153955632,0.351227562621407,0.950275732854287,1.10182109305352,6.90807958380785,0.532988236624724,0.594827586206897,0.974137931034483,116
"UMass-AR6_fourierP_thetaP","16",0.749311404126761,0.854583837482687,14.7725902689799,0.443677876166384,0.833840044144405,0.900560640051861,24.1024460639816,0.712156671636149,0.370689655172414,0.956896551724138,116
"UMass-AR6_fourierP_thetaP","17",0.792087597162291,0.742933968096953,50.1955033759621,0.299891209751568,0.847204338208285,0.798181761145467,80.3625960386994,0.470043632857712,0.387931034482759,0.905172413793103,116
"UMass-AR6_fourierP_thetaP","18",0.893772378547922,0.732870321299339,54.6932321668565,0.278201626411958,0.970435768600192,0.782018989686616,86.9251492825582,0.447803175966811,0.293103448275862,0.844827586206897,116
"UMass-AR6_fourierP_thetaP","19",0.875297194758197,0.767534682893969,20.0075274413274,0.35425942302605,0.930131563250635,0.817161235309387,31.3362468677325,0.569323126868211,0.362068965517241,0.879310344827586,116
"UMass-AR6_fourierP_thetaP","20",0.80635201846015,0.803753267543667,16.6814941740592,0.351923117428062,0.852685982554581,0.859280225101027,26.2495251323602,0.557465517499779,0.362068965517241,0.879310344827586,116
"UMass-AR6_fourierP_thetaP","21",0.900811595994505,0.863850070719774,35.4938681926315,0.371900810435706,0.932788019036755,0.912153120096527,56.2549836427397,0.581976154393432,0.370689655172414,0.887931034482759,116
"UMass-AR6_fourierP_thetaP","22",0.660487327834211,0.714114619033674,25.9616541816998,0.257965686704678,0.772941653975722,0.793146327201302,41.0830476305479,0.41569387899788,0.431034482758621,0.913793103448276,116
"UMass-AR6_fourierP_thetaP","23",0.906150313755515,0.944134597447302,9.93505513952633,0.395123380917603,0.849552539211106,0.860513813377698,14.7145221380705,0.561823608095656,0.560344827586207,0.887931034482759,116
"UMass-AR6_fourierP_thetaP","24",0.778477862233597,0.817854432654805,34.0859585666495,0.414117181099522,0.85594238206743,0.82730241627937,52.5423278048871,0.647788429663488,0.241379310344828,0.801724137931034,116
"UMass-AR6_fourierP_thetaP","25",0.921061607007809,0.809256363048645,81.1085902196415,0.354995949994959,0.916028278334592,0.841277117149662,113.369244158028,0.512479823175581,0.292035398230089,0.672566371681416,116
"UMass-AR6_fourierP_thetaP","26",0.853304678340732,0.763141361989982,110.242532145813,0.36702046031589,0.8578384206831,0.798283410695712,155.619889593658,0.533888028848391,0.336206896551724,0.75,116
"UMass-AR6_fourierP_thetaP","27",0.956181060549595,0.896701264137543,24.2556090767106,0.386315159611544,0.999485891599203,0.88922247132919,38.1988723951245,0.567454730902799,0.31858407079646,0.778761061946903,116
"UMass-AR6_fourierP_thetaP","28",0.698426947824626,0.690460684175441,23.1149037827152,0.242895127207456,0.800052877513885,0.783435792273921,36.3275893044016,0.377488304176304,0.456896551724138,0.948275862068966,116
"UMass-AR6_fourierP_thetaP","29",0.82954488879582,0.786929508090193,49.8910577896943,0.31857550369226,0.856854338022019,0.841341784043948,76.1098971820265,0.490218504569541,0.379310344827586,0.827586206896552,116
"UMass-AR6_fourierP_thetaP","30",0.698831488207975,0.785262677545964,11.1705558242843,0.409285451691803,0.797800811649535,0.797565249529103,17.1615510450243,0.651069550169211,0.370689655172414,0.844827586206897,116
"UMass-AR6_fourierP_thetaP","31",1.06092480561381,1.00286874329474,13.0741264063351,0.459739985253303,1.08603723028179,1.07422446239787,20.5497286784247,0.708041818393707,0.318965517241379,0.870689655172414,116
"UMass-AR6_fourierP_thetaP","32",0.719742384274361,0.77943758035502,13.673249945906,0.313172514656226,0.773893490218813,0.820656823882491,22.2201907059921,0.496916403024766,0.439655172413793,0.931034482758621,116
"UMass-AR6_fourierP_thetaP","33",0.886840685415855,0.914009837366245,6.46085648459477,0.397309254485653,0.895231026417588,0.89895616144216,10.2223383366496,0.634546370621134,0.431034482758621,0.939655172413793,116
"UMass-AR6_fourierP_thetaP","34",0.706004972323976,0.703334445083883,60.6800076425066,0.290650781591441,0.777514857093005,0.74333235355384,94.9151709509122,0.436497263890053,0.405172413793103,0.836206896551724,116
"UMass-AR6_fourierP_thetaP","35",0.677130490321883,0.700278597898465,19.1355161010089,0.315460647234574,0.789579694381658,0.788127239545337,31.331924141034,0.493592754242427,0.413793103448276,0.974137931034483,116
"UMass-AR6_fourierP_thetaP","36",0.713645912584362,0.725835598770743,104.737633282646,0.291004451769844,0.78102889287242,0.769023516108933,164.231013005341,0.44063755734798,0.241379310344828,0.810344827586207,116
"UMass-AR6_fourierP_thetaP","37",0.639947333478697,0.698129500730054,75.4791191470285,0.364750313185064,0.712318108891797,0.740878394890024,105.448469005836,0.581667656746122,0.370689655172414,0.836206896551724,116
"UMass-AR6_fourierP_thetaP","38",0.867624122498104,0.879995521714479,5.53883844403594,0.358197256630689,0.893724348374136,0.844011862587069,8.55384158186203,0.564012307902388,0.551724137931034,0.96551724137931,116
"UMass-AR6_fourierP_thetaP","39",0.905665752207096,0.824139898962531,83.3417337368104,0.386026612879887,0.969937636651831,0.87694471678958,125.229289270868,0.575097830703957,0.21551724137931,0.71551724137931,116
"UMass-AR6_fourierP_thetaP","40",0.778646186385391,0.831804084248324,39.6800884255999,0.362197322310728,0.821984653531923,0.89045997625491,62.1100237818433,0.560593963281789,0.413793103448276,0.862068965517241,116
"UMass-AR6_fourierP_thetaP","41",1.00798793673054,0.983427448242451,18.4994170529543,0.358759303221168,1.09445694509372,1.02339188427326,29.370660383606,0.521900349685334,0.448275862068966,0.896551724137931,116
"UMass-AR6_fourierP_thetaP","42",0.822620666282946,0.780851838050801,92.3222476934681,0.296256673136163,0.876496946359519,0.824653704823008,140.082325395846,0.428852160854789,0.396551724137931,0.810344827586207,116
"UMass-AR6_fourierP_thetaP","44",0.794519977979544,0.879649528754014,5.24903556517311,0.378491546705177,0.830852256036868,0.864942485397237,8.22320736286894,0.597149101450625,0.508620689655172,0.974137931034483,116
"UMass-AR6_fourierP_thetaP","45",0.651990859614195,0.624898415477594,44.7109625105125,0.247623186771376,0.736782616802682,0.688175045562394,62.6973228486301,0.363799933176025,0.46551724137931,0.818965517241379,116
"UMass-AR6_fourierP_thetaP","46",0.991901463042006,0.990901483877272,9.08065918651413,0.488978824411732,1.03145861775587,0.980844257178171,14.442067860105,0.771272642169464,0.405172413793103,0.931034482758621,116
"UMass-AR6_fourierP_thetaP","47",0.708737149921062,0.735864140263287,40.2314685191244,0.254175048972138,0.772561160318976,0.819470012074169,62.9972011943216,0.405131295650196,0.422413793103448,0.913793103448276,116
"UMass-AR6_fourierP_thetaP","48",0.83973932028367,1.0676233176119,154.063139516931,0.412047402880852,0.868948845514113,0.874241419555144,229.563225908307,0.526064780006539,0.353448275862069,0.724137931034483,116
"UMass-AR6_fourierP_thetaP","49",0.8398122084943,0.881874246288078,7.21226672635829,0.366617107463055,0.917180225768363,0.939884193034589,11.1830110282495,0.57962223120848,0.525862068965517,0.913793103448276,116
"UMass-AR6_fourierP_thetaP","50",0.894164375549947,0.897209156244663,3.55670798800429,0.334866000340415,0.829935538375238,0.839350549725379,5.26044677851759,0.517826803643946,0.586206896551724,0.982758620689655,116
"UMass-AR6_fourierP_thetaP","51",0.761958327518458,0.728366867443955,57.4447674617663,0.251992809985228,0.838388933431573,0.803116970569518,83.5949028789534,0.377227414189967,0.46551724137931,0.836206896551724,116
"UMass-AR6_fourierP_thetaP","53",1.02546668466981,0.911792534677963,23.9353762738949,0.31994250097737,1.02148265049202,0.900590758853445,36.7181243189748,0.456702101800076,0.543103448275862,0.939655172413793,116
"UMass-AR6_fourierP_thetaP","54",0.857023106042562,0.868066810788591,21.5507784847833,0.429826465755311,0.921951450995496,0.902941273549342,34.2849949932953,0.691676866208305,0.396551724137931,0.905172413793103,116
"UMass-AR6_fourierP_thetaP","55",0.790963956907159,0.741557870901764,30.4975609215086,0.337150676863294,0.838427707517241,0.77101108874838,47.5458971830163,0.523454056510074,0.353448275862069,0.844827586206897,116
"UMass-AR6_fourierP_thetaP","56",0.739410821468766,0.823763519503619,7.06450009849829,0.379397711021686,0.812439420420881,0.811027886541546,11.0776707835025,0.575867473825092,0.5,0.913793103448276,116
"UMass-AR6_fourierP_thetaP","72",1.02162209480422,0.985656653917051,12.7838032086021,0.198497752393478,1.06037924988171,1.07069882978896,19.9777375041446,0.30310442447996,0.551724137931034,0.956896551724138,116
"UMass-AR6_pooled","01",0.774705217742154,0.812572012157155,28.5258710975469,0.31743571424606,0.83186365830663,0.830153244670843,43.4822670225032,0.507378630938863,0.508620689655172,0.905172413793103,116
"UMass-AR6_pooled","02",0.965895419064664,1.01865284327616,3.75034852411446,0.373698514592071,0.961187636188461,1.13710278627468,5.72766304975524,0.617620797063345,0.620689655172414,0.991379310344828,116
"UMass-AR6_pooled","04",0.661384807107298,0.619354344120937,82.0300565238824,0.269505560427733,0.772218729337522,0.747454124530147,123.516724658534,0.399313844201066,0.491379310344828,0.879310344827586,116
"UMass-AR6_pooled","05",0.807610369190483,0.792644820389937,28.123812360131,0.356290111371484,0.887104643191317,0.832569981002514,44.007407676234,0.530703416141322,0.396551724137931,0.879310344827586,116
"UMass-AR6_pooled","06",0.71483289308446,0.670801727118228,129.144173543015,0.279120060015308,0.766522753228981,0.749882504682815,196.166896926083,0.400125253147779,0.517241379310345,0.922413793103448,116
"UMass-AR6_pooled","08",0.777433143133611,0.739283967783983,27.3985193501299,0.26322725374538,0.797051321972573,0.767925224963202,42.2456122133272,0.406940379961575,0.448275862068966,0.879310344827586,116
"UMass-AR6_pooled","09",0.818939491952821,0.786856318706271,21.2280017904307,0.301600329246317,0.875449435828035,0.821554340200383,34.7627517005229,0.478080207943097,0.456896551724138,0.974137931034483,116
"UMass-AR6_pooled","10",0.941030566977452,0.92390001709049,6.36223624187073,0.380262222546929,0.962779882796097,0.896002878347792,9.68786130648655,0.553389754978141,0.672413793103448,0.991379310344828,116
"UMass-AR6_pooled","11",0.814674077311904,0.851839071139857,6.45833407415199,0.393411898205755,0.889297420513516,0.876741154224922,10.0794156197303,0.646113768215787,0.439655172413793,0.922413793103448,116
"UMass-AR6_pooled","12",0.821232654545296,0.830834815516955,104.157945036199,0.188914784930867,0.84613925206874,0.833026530381372,161.603942897481,0.295661640631423,0.413793103448276,0.879310344827586,116
"UMass-AR6_pooled","13",0.732308866082617,0.778602976115375,79.4109869134862,0.35676314181429,0.77683343548442,0.812224220714165,103.293311231297,0.517026900476978,0.422413793103448,0.793103448275862,116
"UMass-AR6_pooled","15",1.11939532283146,1.21172406108885,5.34776869341153,0.402948573448677,1.13083151863354,1.2516081614978,8.26834788230417,0.610703645352443,0.525862068965517,0.974137931034483,116
"UMass-AR6_pooled","16",0.817640992908971,0.848678252458757,16.0259043721563,0.439417342370896,0.896251398036257,0.856853377824707,25.6567812060313,0.671328835166685,0.456896551724138,0.948275862068966,116
"UMass-AR6_pooled","17",0.80937572640571,0.729946310310209,50.2499865067857,0.29118389164346,0.851945992454197,0.773083259226495,79.7254863991332,0.449761595033386,0.431034482758621,0.931034482758621,116
"UMass-AR6_pooled","18",0.862264714102129,0.676118589308717,51.5872904660074,0.253571088398215,0.94780295044266,0.726989383477313,83.1286538268811,0.411184618056717,0.353448275862069,0.939655172413793,116
"UMass-AR6_pooled","19",0.780878830815639,0.718298699727335,17.2426214205833,0.325209667622041,0.856842302104128,0.744531991637562,27.9865626506438,0.507922690586279,0.508620689655172,0.939655172413793,116
"UMass-AR6_pooled","20",0.836359097739692,0.801111959154161,16.8034603033085,0.344024927606766,0.877420846841122,0.840134776081891,26.3254616850102,0.534640107428557,0.439655172413793,0.922413793103448,116
"UMass-AR6_pooled","21",0.836582082605137,0.743700292092691,31.8762308076595,0.311514631195134,0.856679490486396,0.810741148048162,50.5739504215286,0.506410974768727,0.431034482758621,0.96551724137931,116
"UMass-AR6_pooled","22",0.754648257996623,0.801096163495063,29.5526632501206,0.291427042735096,0.881964093829213,0.887756258728843,46.8030344956613,0.468181280222079,0.396551724137931,0.913793103448276,116
"UMass-AR6_pooled","23",0.868507198526252,0.877429081146589,9.08288241651367,0.35457810764611,0.861967971110576,0.867476296136518,14.1035763484047,0.548065818428709,0.586206896551724,0.956896551724138,116
"UMass-AR6_pooled","24",0.829545068335061,0.745394161563939,35.5557818880833,0.370970726809496,0.881223120624646,0.744740886779488,52.971719697221,0.571803960439385,0.344827586206897,0.801724137931034,116
"UMass-AR6_pooled","25",0.937841302995572,0.819088907205367,81.644476302794,0.351349119672899,0.93969815306053,0.84374765152247,116.157554617475,0.504629998007022,0.371681415929204,0.787610619469027,116
"UMass-AR6_pooled","26",0.775760020826641,0.668312928467222,98.8045018822954,0.313997200124775,0.814558866655911,0.726304827313636,147.842062040275,0.480316513128664,0.353448275862069,0.844827586206897,116
"UMass-AR6_pooled","27",0.820733881703498,0.730948674961187,20.0224129684578,0.304743614873043,0.847983575938746,0.741228565725544,31.4830772301994,0.458010496891177,0.433628318584071,0.920353982300885,116
"UMass-AR6_pooled","28",0.771025953364446,0.748003155957287,25.0552875635664,0.260554456269801,0.8386952356112,0.815240408945662,37.2416733522143,0.387343665555897,0.577586206896552,0.913793103448276,116
"UMass-AR6_pooled","29",0.753471015564418,0.670892134797507,44.2171070197383,0.266362743099782,0.838678877192998,0.754103859025814,73.0789975493865,0.432986174756551,0.387931034482759,0.956896551724138,116
"UMass-AR6_pooled","30",0.772814295760884,0.83504227930959,12.3248162590151,0.435516464130418,0.868133580077999,0.852287053851566,18.6524458197638,0.698951571752853,0.439655172413793,0.887931034482759,116
"UMass-AR6_pooled","31",0.904295828422259,0.835287740486411,10.7287008847007,0.370601249924598,0.934691420831746,0.922571747027588,17.0063041175984,0.589597986528138,0.456896551724138,0.96551724137931,116
"UMass-AR6_pooled","32",0.769932354204123,0.815689870076334,14.3167217703646,0.326398341624452,0.811276527948927,0.828717225205328,22.7964023316595,0.497195029423334,0.517241379310345,0.982758620689655,116
"UMass-AR6_pooled","33",0.870940008713995,0.842008987581116,6.21943292628635,0.360627724106283,0.832780355112891,0.809815410621471,9.28358495772959,0.562790480802886,0.612068965517241,0.974137931034483,116
"UMass-AR6_pooled","34",0.786494752415817,0.714192958934369,66.4965921430162,0.288496150849101,0.839097268367294,0.767451685638995,100.415776464502,0.441161412477381,0.422413793103448,0.879310344827586,116
"UMass-AR6_pooled","35",0.776916524947249,0.734803386487021,21.601492750315,0.326724051568007,0.866422115674837,0.802005665703939,33.5827098218801,0.493191895410835,0.5,0.931034482758621,116
"UMass-AR6_pooled","36",0.787324013128005,0.695265945472336,114.488254243271,0.274641626506692,0.85173085110115,0.74592014582815,178.128134483488,0.421769861920101,0.293103448275862,0.844827586206897,116
"UMass-AR6_pooled","37",0.778561160794794,0.805079496094821,93.2577078582268,0.430181921783109,0.855802257974365,0.843631956144183,128.104322521563,0.674622716197865,0.379310344827586,0.78448275862069,116
"UMass-AR6_pooled","38",0.882853488371017,0.854187805523678,5.52343095825601,0.343903597469627,0.840298483924363,0.787563560476524,7.84618687879967,0.518591728086024,0.646551724137931,0.96551724137931,116
"UMass-AR6_pooled","39",0.863556650696604,0.713228070877693,77.4471968668732,0.325797034599519,0.948571235954141,0.801643486152338,120.34766120507,0.516965631649622,0.301724137931034,0.853448275862069,116
"UMass-AR6_pooled","40",0.683646621424672,0.704337794816625,33.1848877505954,0.296205511498696,0.75941138865755,0.779481430398453,54.5411854905651,0.475282160549556,0.448275862068966,0.982758620689655,116
"UMass-AR6_pooled","41",0.879386479985346,0.831264563158765,15.3751474873793,0.291157457350516,0.926555189311146,0.837250160674318,23.5448271492333,0.405864590733144,0.612068965517241,0.956896551724138,116
"UMass-AR6_pooled","42",0.801679296959573,0.650483028231407,85.9486581586863,0.234800404915199,0.860638846250962,0.721771759335663,132.299500530523,0.361493792260879,0.413793103448276,0.905172413793103,116
"UMass-AR6_pooled","44",0.868180630819255,0.865323713035049,5.65585994538992,0.364012902645084,0.881577779133734,0.860872142686072,8.65528127795732,0.582566459672955,0.603448275862069,0.974137931034483,116
"UMass-AR6_pooled","45",0.786132616774732,0.748806560161722,54.1959851644481,0.299404133783729,0.863755724424059,0.808319085007193,73.7038211756037,0.430656099518798,0.491379310344828,0.793103448275862,116
"UMass-AR6_pooled","46",0.927883148487097,0.860043414331777,8.32435776897173,0.414123177758786,0.948773696352813,0.870176778373826,13.1129022830004,0.670242808011347,0.474137931034483,0.991379310344828,116
"UMass-AR6_pooled","47",0.783383806205224,0.742381465137517,44.0494752094937,0.254033588856109,0.834051804780668,0.794137991458595,67.2456721439589,0.386847808170881,0.5,0.931034482758621,116
"UMass-AR6_pooled","48",0.886544332402951,1.05896176868796,160.363753038134,0.407121721703822,0.860842367021338,0.858562724067083,223.727499555491,0.51348957950886,0.431034482758621,0.758620689655172,116
"UMass-AR6_pooled","49",0.91337555485347,0.981043681281314,7.65631978756288,0.406568941574101,0.980654162146192,1.02019955458622,11.6949391330151,0.627325805445636,0.577586206896552,0.931034482758621,116
"UMass-AR6_pooled","50",0.875249217670396,0.872219550609309,3.4316531002532,0.322463574363758,0.835774646675981,0.845643900872316,5.2006366213081,0.517663788438657,0.586206896551724,1,116
"UMass-AR6_pooled","51",0.859577234291891,0.804268764456964,64.2094121676882,0.276200632390176,0.924592376614715,0.876772877055466,91.5265628353644,0.409886202307699,0.439655172413793,0.844827586206897,116
"UMass-AR6_pooled","53",0.79793031529553,0.837918590093877,17.4158090228047,0.285493617389211,0.827408041426341,0.834576641523916,27.4377964791969,0.408222672241253,0.620689655172414,1,116
"UMass-AR6_pooled","54",0.838285656301764,0.773924810096232,20.5631423738588,0.376312099345373,0.870237969633426,0.761410884574282,31.5430858761001,0.568044784050177,0.543103448275862,0.913793103448276,116
"UMass-AR6_pooled","55",0.784943745310307,0.702476322614503,29.7219958374566,0.315488720560669,0.845567764094775,0.718053713349708,47.4199964321334,0.480683351033049,0.422413793103448,0.948275862068966,116
"UMass-AR6_pooled","56",0.830082304387689,0.934671937233634,7.94075968392741,0.435342974124299,0.883721354659493,0.942060369709184,12.0556874364072,0.680376670293372,0.482758620689655,0.931034482758621,116
"UMass-AR6_pooled","72",0.922584523183382,0.961660398191044,11.1333354593282,0.189752332160908,0.936163143658802,1.020920520607,16.719134554762,0.279770619672396,0.612068965517241,0.974137931034483,116
"UMass-chronos_small","01",1.04019440719704,1.05350165369619,39.772718495249,0.415720614611756,0.928201218136099,0.903513711742889,49.8018670945332,0.565336667955639,0.25,0.603448275862069,116
"UMass-chronos_small","02",0.724170709998671,0.892633700725901,2.8775825670858,0.334757168294015,0.784018006231185,0.971350779961828,4.75652926826272,0.536760505346335,0.491379310344828,0.922413793103448,116
"UMass-chronos_small","04",1.21936501646226,1.28169293111489,163.826144173909,0.606204329680145,1.1262996104007,1.28616709400719,189.046394660555,0.72634076542955,0.293103448275862,0.543103448275862,116
"UMass-chronos_small","05",1.08363473447706,0.985339968629504,38.7375243196087,0.465966069070873,0.951556665883713,0.910255521675469,48.5578875212834,0.605407452025518,0.206896551724138,0.482758620689655,116
"UMass-chronos_small","06",1.14811709007166,1.18129157001419,220.668881462783,0.529589720052861,1.00588867554808,1.24549981850209,268.546197348628,0.712710267085106,0.137931034482759,0.439655172413793,116
"UMass-chronos_small","08",1.40340546001506,1.24917426406533,52.491983779851,0.479954340151303,1.17330551447793,1.13202235674808,65.3920937735459,0.642265162909336,0.224137931034483,0.53448275862069,116
"UMass-chronos_small","09",1.33714383537883,1.33613597230644,35.9772744086461,0.537315495849053,1.17217829560598,1.22839235517438,47.6821711597771,0.746151616854699,0.146551724137931,0.491379310344828,116
"UMass-chronos_small","10",1.27835834878124,1.5645210121337,9.01146251837058,0.682751449976039,1.23757826764305,1.50544514601946,13.1309654815444,1.01894377996942,0.474137931034483,0.827586206896552,116
"UMass-chronos_small","11",0.993027003307835,1.14383027824283,8.30151383377088,0.555964164599628,0.964873678116707,1.05515023897037,11.4942905662493,0.82388115607443,0.28448275862069,0.689655172413793,116
"UMass-chronos_small","12",1.434883096199,1.4078564220102,195.305480089455,0.341455552780784,1.20024238595109,1.18528698788073,242.937779919855,0.446156443449243,0.129310344827586,0.370689655172414,116
"UMass-chronos_small","13",0.983446468414085,1.12963971881504,111.116303308956,0.527468348083293,0.961873644323563,0.999516650373066,133.51691939913,0.657870183172827,0.267241379310345,0.46551724137931,116
"UMass-chronos_small","15",1.13426972081828,1.47622771227393,5.3830991956622,0.484533874212551,1.08649480206262,1.49033225053232,7.91572436382031,0.717711441043144,0.301724137931034,0.71551724137931,116
"UMass-chronos_small","16",1.27145126098525,1.29905515595934,26.4529826136743,0.709688378643128,1.11858146092186,1.17509041663557,33.8098744688363,0.974069399567602,0.206896551724138,0.603448275862069,116
"UMass-chronos_small","17",1.24284033603503,1.13487637013025,81.2210716037589,0.481127052238228,1.05708119651643,1.03993101769706,102.419593786371,0.641233393789922,0.206896551724138,0.439655172413793,116
"UMass-chronos_small","18",1.29434364521404,0.947729568542932,78.9558582278826,0.375017792762837,1.09375886809722,0.854120884687285,97.291390583433,0.508071464983559,0.241379310344828,0.474137931034483,116
"UMass-chronos_small","19",1.25934637549776,1.02193619522204,28.0010992948174,0.480750254846145,1.06927734940473,0.925779613730533,35.077428910239,0.659999385133105,0.181034482758621,0.491379310344828,116
"UMass-chronos_small","20",1.31289432337828,1.24160497503305,27.5963010135498,0.573556659989564,1.10325171214684,1.12458703296956,34.1513645772276,0.765256153449744,0.21551724137931,0.46551724137931,116
"UMass-chronos_small","21",1.40898408463263,1.14524886571131,55.8052523556108,0.508072438775178,1.13214503944092,1.00727569840098,68.2792970147626,0.663806929252613,0.224137931034483,0.456896551724138,116
"UMass-chronos_small","22",1.00467242077594,0.984686216926621,42.9293056566946,0.380980812290504,0.881000108283425,0.88073995655498,50.3205120357974,0.493210920043499,0.241379310344828,0.482758620689655,116
"UMass-chronos_small","23",1.41393506302812,1.52023112620717,15.1917102603191,0.642523869264564,1.27896839350889,1.45483491282818,21.329246863209,0.9582076575592,0.267241379310345,0.732758620689655,116
"UMass-chronos_small","24",1.20577739917435,1.2030367501861,53.7863989821333,0.625658509083393,1.05126364089638,1.02705947724524,65.3886737083567,0.835329690896695,0.129310344827586,0.413793103448276,116
"UMass-chronos_small","25",1.2945110513361,1.33531582411538,118.668360699015,0.606565669745724,1.08314527599249,1.19554225168114,137.163184554176,0.746813714616894,0.247787610619469,0.451327433628319,116
"UMass-chronos_small","26",1.41614132564304,1.34309638463255,187.12249732228,0.667712495903003,1.17374831664859,1.19831247469879,217.068400111692,0.832702782386663,0.137931034482759,0.344827586206897,116
"UMass-chronos_small","27",1.50029113595666,1.32694725663837,37.1983011396827,0.589287468068196,1.23091762024274,1.17768686883555,46.1991089983324,0.775876377062805,0.185840707964602,0.47787610619469,116
"UMass-chronos_small","28",0.924533389216335,0.928762093961389,31.5605139225036,0.338445697604074,0.846000792396604,0.938137814598107,38.9098337600971,0.463857361172422,0.28448275862069,0.646551724137931,116
"UMass-chronos_small","29",1.42766563293013,1.19883998051677,86.9068804953719,0.516564465469334,1.17469083169248,1.08184187184178,105.845385436354,0.673427008912371,0.137931034482759,0.362068965517241,116
"UMass-chronos_small","30",1.13722282639966,1.26928244160524,19.0136194767801,0.696260020059707,1.15950315161524,1.22019004783882,25.6706163598032,1.0440407168464,0.310344827586207,0.681034482758621,116
"UMass-chronos_small","31",1.29431068764694,1.08837483694837,15.0631723144269,0.486620230514625,1.15719202577211,1.08571218444776,20.7466691434383,0.70713423269102,0.232758620689655,0.689655172413793,116
"UMass-chronos_small","32",1.26045013671565,1.22984768565874,24.2874565777206,0.505262057989579,1.10758155048243,1.12731988854991,31.7403356700108,0.700077784236924,0.258620689655172,0.629310344827586,116
"UMass-chronos_small","33",1.18284668733236,1.16792388156328,8.56065356645401,0.511432525497358,1.12652526263301,1.06333272708264,12.7016543550738,0.760415747795605,0.405172413793103,0.75,116
"UMass-chronos_small","34",1.15933455411147,1.26982416089284,101.95820738318,0.556364191967055,0.967896324499672,1.09280050947378,117.39425562168,0.675469487903281,0.241379310344828,0.491379310344828,116
"UMass-chronos_small","35",1.21588329463017,1.21114136596959,34.8485207144817,0.56089098894585,1.09853375819684,1.25619348901433,43.0418447235535,0.789672584026728,0.267241379310345,0.594827586206897,116
"UMass-chronos_small","36",1.20822815118136,1.07747593109981,186.041636690771,0.461205576219974,1.08639391868463,1.03833523197287,235.103742895455,0.625047949642285,0.189655172413793,0.525862068965517,116
"UMass-chronos_small","37",0.9385098855486,1.27160642850337,118.377814986689,0.694676890537867,0.89966091571973,1.04994028455193,140.635003270774,0.87323890112148,0.155172413793103,0.327586206896552,116
"UMass-chronos_small","38",1.28083808103606,1.21228073396564,8.41811815944235,0.50285227905601,1.22429761768852,1.13099212617136,12.1627258987262,0.781624057917892,0.267241379310345,0.698275862068966,116
"UMass-chronos_small","39",1.45404592652154,1.14794523545224,133.590506492525,0.561867032770876,1.22951772300092,1.03974156448818,158.487048436855,0.713539797031894,0.198275862068966,0.327586206896552,116
"UMass-chronos_small","40",1.30585959939531,1.1548522437836,73.6721146418411,0.535014720871418,1.04768316796942,1.02854243990692,85.6666025046645,0.686621117782564,0.198275862068966,0.431034482758621,116
"UMass-chronos_small","41",1.31574192669684,1.44547998904952,23.5809386978841,0.519773817271331,1.20431180552668,1.44692468166524,30.8407816886902,0.711556269384618,0.353448275862069,0.698275862068966,116
"UMass-chronos_small","42",1.17862404606995,1.00799193287522,130.662845339233,0.388494021290867,1.01078270228969,0.949719732441617,157.870933039435,0.502670417573708,0.241379310344828,0.439655172413793,116
"UMass-chronos_small","44",1.2087808232141,1.5431328823026,8.32068825140438,0.697339940593129,1.10567044398639,1.39772591380222,11.5079198553121,1.035665898547,0.422413793103448,0.758620689655172,116
"UMass-chronos_small","45",1.03167721299679,0.955299738121336,77.283503865299,0.415429795064882,1.04717395843916,0.95983663643295,96.5179700111521,0.550494490064878,0.25,0.568965517241379,116
"UMass-chronos_small","46",1.03101710318994,1.05854469582599,9.10940378446597,0.50359153696448,1.01443460004771,1.00119406082469,13.8122630389217,0.769619366622905,0.370689655172414,0.801724137931034,116
"UMass-chronos_small","47",1.23639346839764,1.29507024763936,75.2253650404758,0.491148762251092,1.036617861386,1.15656317996898,88.7578210830688,0.619359782252886,0.198275862068966,0.456896551724138,116
"UMass-chronos_small","48",1.19132920290021,1.26118978156419,223.407861102375,0.49720217193175,1.0793389457161,0.999722166815981,291.996390770222,0.616803460073641,0.172413793103448,0.525862068965517,116
"UMass-chronos_small","49",1.13808282599718,1.23270826197407,10.0927615188845,0.546116409511983,1.10125643066521,1.22584215374222,13.7585181172552,0.824146105702807,0.258620689655172,0.793103448275862,116
"UMass-chronos_small","50",1.04384767110541,1.16331556886066,4.21015656143609,0.44988758942363,0.999685268478434,1.12610923137488,6.39570468760565,0.722632633148702,0.422413793103448,0.853448275862069,116
"UMass-chronos_small","51",1.0707591419618,1.15949926822911,81.537934172463,0.423110555498619,0.992472265616017,1.09405914528267,99.9388662864422,0.542213710316114,0.198275862068966,0.456896551724138,116
"UMass-chronos_small","53",1.02608792322644,0.970488747680471,22.7024246705151,0.340399129281669,0.91248249697055,0.965559423217806,30.5239591023018,0.483063600066129,0.327586206896552,0.637931034482759,116
"UMass-chronos_small","54",1.23832923063838,1.16846190728598,30.8158372738046,0.596635885030913,1.05546218641161,1.03297835275879,38.4346743184945,0.811663891218671,0.181034482758621,0.508620689655172,116
"UMass-chronos_small","55",1.44527505934465,1.29415332258617,56.7855514053408,0.631025141263519,1.21182159397881,1.13655528365808,69.4215677894395,0.829417336195225,0.189655172413793,0.439655172413793,116
"UMass-chronos_small","56",1.16462243039445,1.43143152940011,11.9280244101231,0.705187114908449,1.19033393062649,1.41414447490727,17.0698405165097,1.07787994446156,0.293103448275862,0.698275862068966,116
"UMass-chronos_small","72",0.939890846889354,1.03219578753584,11.2757268257046,0.202339589526549,0.968180194255299,1.12319026313954,17.0148327761683,0.307598939630395,0.28448275862069,0.810344827586207,116
"UMass-flusion","01",0.594132996738253,0.720840302077864,21.8855980979143,0.27706630346897,0.655989695086887,0.710968515612816,34.259628304688,0.431657466049507,0.517241379310345,0.982758620689655,116
"UMass-flusion","02",0.893271085357188,0.859406849046708,3.50638317676567,0.315483490505938,0.90600138364676,0.926572335628541,5.39746325226473,0.500762861892914,0.586206896551724,0.974137931034483,116
"UMass-flusion","04",0.48218007360974,0.448589970969264,59.8081271067486,0.19499327504086,0.569916897144294,0.538705123327562,90.8497141643609,0.286395388664903,0.577586206896552,0.922413793103448,116
"UMass-flusion","05",0.72171147040392,0.69857888083209,25.3807420152493,0.314623465925692,0.829189670687538,0.768065226276117,41.5760056480361,0.491427371400521,0.362068965517241,0.905172413793103,116
"UMass-flusion","06",0.444848989979247,0.467465232095993,80.1760442855809,0.190885168024492,0.486350447987713,0.530481633968853,124.30512539065,0.27872810323773,0.646551724137931,0.982758620689655,116
"UMass-flusion","08",0.636585460066464,0.576675738546037,22.4701133856226,0.203889240856693,0.660785128930868,0.60345816790029,35.006762000638,0.3176917545918,0.53448275862069,0.974137931034483,116
"UMass-flusion","09",0.731187423208655,0.663697335417322,19.1101339673703,0.253941052243208,0.740262375986989,0.682886898359939,29.5822031722552,0.396838891177454,0.577586206896552,0.974137931034483,116
"UMass-flusion","10",0.787703415559125,0.787953374008504,5.33011829428436,0.323264868105738,0.829047796962148,0.833634439193177,8.3115780321723,0.51958982427703,0.629310344827586,0.991379310344828,116
"UMass-flusion","11",0.684085029818665,0.768435797984722,5.45452989408863,0.357173367556802,0.770412696719117,0.78995746859179,8.76582532999572,0.584133267867106,0.396551724137931,0.913793103448276,116
"UMass-flusion","12",0.626289399745446,0.661421734522029,78.6076117145571,0.147499531789863,0.614905975598066,0.62188071833983,115.470651723647,0.215749099836853,0.586206896551724,0.887931034482759,116
"UMass-flusion","13",0.609294550008785,0.635303810720695,65.6232750200183,0.286598883840037,0.650537881780051,0.667134731519388,85.8061159945134,0.420406829227453,0.482758620689655,0.870689655172414,116
"UMass-flusion","15",0.938811561239193,0.975179743205242,4.52237130621358,0.32220873188699,0.967016500356876,1.04019943513136,7.10387115703227,0.503120840482764,0.517241379310345,0.96551724137931,116
"UMass-flusion","16",0.637738732442738,0.705811647140795,12.5959072635077,0.363328672268357,0.71983258191144,0.748550833612024,20.7652472608699,0.585383816957335,0.491379310344828,0.974137931034483,116
"UMass-flusion","17",0.598032524977836,0.596560878072512,36.8575319965449,0.23293683156292,0.633881288594693,0.615178439696588,58.9194242546883,0.352435020163837,0.560344827586207,0.948275862068966,116
"UMass-flusion","18",0.696001180079025,0.563559662783327,41.8449832867107,0.209219123792048,0.749732057900936,0.572154433983059,65.418494153966,0.318656072028624,0.517241379310345,0.982758620689655,116
"UMass-flusion","19",0.731385515007758,0.616444018196122,16.4145716705324,0.278338794822617,0.771480552351561,0.611485033331029,25.3003185968495,0.41196433923174,0.543103448275862,0.956896551724138,116
"UMass-flusion","20",0.701914931312472,0.659507761302893,14.3223189492789,0.283465861528038,0.739912178768779,0.710615811426302,22.4329621932314,0.452767302425542,0.474137931034483,0.939655172413793,116
"UMass-flusion","21",0.715035323389101,0.672971236371196,27.4669600937884,0.281553646302421,0.757791140848292,0.745526979654549,44.9470239828515,0.467762544606033,0.405172413793103,0.982758620689655,116
"UMass-flusion","22",0.565133390355053,0.64551051908883,22.1228786619367,0.231610182375729,0.666691386939382,0.712123403283344,35.2338331587017,0.371367012574133,0.439655172413793,0.948275862068966,116
"UMass-flusion","23",0.772614835727406,0.768614449389109,8.20968692820101,0.314816030432339,0.762365752386201,0.771137090661194,12.5767141080866,0.494060928042957,0.568965517241379,0.948275862068966,116
"UMass-flusion","24",0.604313479111939,0.62129725344393,25.7456669720199,0.304970345356711,0.699902868472095,0.643638250258585,41.8319508518796,0.490502418198189,0.413793103448276,0.913793103448276,116
"UMass-flusion","25",0.762676973698852,0.626331007242415,65.5742781162289,0.266261297397177,0.809970875846735,0.686980300671381,99.3482565231486,0.409816858879463,0.407079646017699,0.893805309734513,116
"UMass-flusion","26",0.691690845316423,0.561238938226094,88.647024710539,0.264481826637058,0.722256250524682,0.618988708445351,131.229306465482,0.409836706063509,0.422413793103448,0.887931034482759,116
"UMass-flusion","27",0.66995798940315,0.631896499570495,16.4242565915351,0.260718974403396,0.68811234817821,0.623492699713315,25.5208175230036,0.381224048611258,0.530973451327434,0.973451327433628,116
"UMass-flusion","28",0.549136959648717,0.553028533956637,17.801052291237,0.190761179132023,0.629823214778998,0.618846256499306,27.6969060842163,0.289424555761203,0.577586206896552,0.974137931034483,116
"UMass-flusion","29",0.675099506197511,0.590630558337062,39.5942891012771,0.23395637401415,0.70440300596157,0.641312294074715,61.4063051675852,0.36728179883311,0.543103448275862,0.96551724137931,116
"UMass-flusion","30",0.636527686702127,0.684294042936087,10.219399913469,0.356318461404014,0.754458209635689,0.69874564839791,16.2845112413399,0.572709982359019,0.431034482758621,0.922413793103448,116
"UMass-flusion","31",0.892977723096547,0.821991970081392,10.6949908551495,0.364645245683361,0.923747498747078,0.907942882995399,17.0119800591762,0.585098655105623,0.387931034482759,0.939655172413793,116
"UMass-flusion","32",0.579073759768254,0.677158777255918,10.7969287995565,0.266089391227636,0.592905576544953,0.675168596668495,16.7026968960456,0.399753022963322,0.646551724137931,0.974137931034483,116
"UMass-flusion","33",0.7797487454467,0.764041208173983,5.61512052275317,0.323697779331542,0.757148780407038,0.749154566879826,8.55374600025164,0.519352299315741,0.586206896551724,1,116
"UMass-flusion","34",0.560424571966057,0.545330186994889,47.3866663098627,0.220824783527593,0.656403161341354,0.626847463084372,78.3617434213285,0.36223170671749,0.482758620689655,0.982758620689655,116
"UMass-flusion","35",0.564343611528726,0.564486765514016,15.8204474196274,0.251376877685311,0.675690921349313,0.650057167268486,26.6185648615734,0.403442363622547,0.560344827586207,0.991379310344828,116
"UMass-flusion","36",0.567235872522073,0.554620346082882,81.9495224945635,0.215805899133763,0.638247837285223,0.612309625822647,133.963710634632,0.344337181245977,0.439655172413793,0.982758620689655,116
"UMass-flusion","37",0.560414403366014,0.698186722048742,65.3111436459535,0.35981173580327,0.666136720779076,0.726096579529651,97.727169647084,0.569505137964643,0.362068965517241,0.862068965517241,116
"UMass-flusion","38",0.732430661912895,0.755583053270909,4.59956055565694,0.299738279671153,0.723675987312417,0.710044446081946,6.80380796468656,0.465453240629012,0.629310344827586,0.974137931034483,116
"UMass-flusion","39",0.711669804413112,0.605270206808781,63.886037813368,0.274567483347491,0.81820987474298,0.700873342653014,103.643376739025,0.451483795747207,0.353448275862069,0.913793103448276,116
"UMass-flusion","40",0.622217052607546,0.607375301608179,30.7971548794242,0.257517090865227,0.670020382511763,0.658139428650306,49.5125338221507,0.406401874922019,0.53448275862069,0.974137931034483,116
"UMass-flusion","41",0.728698347747225,0.674528471697468,12.9442415338251,0.237803742613178,0.778752199789434,0.725700194754131,20.152672018101,0.36124165037592,0.594827586206897,1,116
"UMass-flusion","42",0.607934362064582,0.523309567666682,65.9637317915008,0.190770081016422,0.691824760074812,0.601272796436404,107.517220314857,0.304323075657706,0.474137931034483,0.974137931034483,116
"UMass-flusion","44",0.716157797836641,0.743725359850881,4.70857353272386,0.31599039278324,0.743415253728852,0.747858288095204,7.31427631529027,0.511068020567293,0.543103448275862,0.974137931034483,116
"UMass-flusion","45",0.530822520505748,0.522680020599875,36.122591520425,0.206141852174973,0.641812699870122,0.592428020094862,54.2979419788407,0.312019208319743,0.53448275862069,0.887931034482759,116
"UMass-flusion","46",0.815968971825991,0.777658093383385,7.32299226499529,0.372562029083794,0.838598770884246,0.787572571149952,11.5193556285704,0.604957771284795,0.439655172413793,0.96551724137931,116
"UMass-flusion","47",0.548509935167287,0.574955162789526,30.5352918322218,0.194012903265878,0.623596984130782,0.643814293430415,49.7089100169083,0.311337815393837,0.568965517241379,0.982758620689655,116
"UMass-flusion","48",0.642778137263169,0.94939151811358,116.095989982376,0.361576431728419,0.66553044492988,0.747621498152172,173.04083644439,0.442969199785493,0.577586206896552,0.862068965517241,116
"UMass-flusion","49",0.695817913786751,0.756428898939575,5.93113957070128,0.311878947772512,0.777367929932068,0.821620087976338,9.38829945266936,0.50545494042573,0.568965517241379,0.974137931034483,116
"UMass-flusion","50",0.766346997477092,0.773329950776107,3.01051574128279,0.283734444552729,0.706494505631455,0.708551635428768,4.40477229403252,0.430184040552354,0.637931034482759,0.974137931034483,116
"UMass-flusion","51",0.637117214040014,0.617862453937376,47.1290399001947,0.211490422444985,0.724833995116733,0.703965892633171,71.1172884349246,0.327928936078651,0.448275862068966,0.905172413793103,116
"UMass-flusion","53",0.751006041811234,0.67679575502701,16.954265375929,0.234008056122255,0.687023432244093,0.675516267018349,23.8937273898158,0.336657608403378,0.672413793103448,0.982758620689655,116
"UMass-flusion","54",0.733177301863573,0.694950329028922,18.0347918769615,0.336232730599716,0.775223292888476,0.698717107559565,28.1001315561775,0.520039613269162,0.517241379310345,0.922413793103448,116
"UMass-flusion","55",0.622854008159849,0.562091875094798,23.5353879333769,0.249325240372673,0.656924117137202,0.592599327929302,36.9746322700588,0.393998957070799,0.543103448275862,0.982758620689655,116
"UMass-flusion","56",0.744748843062739,0.844094616633165,7.19392944062595,0.392593493234339,0.816601222050671,0.857634784962899,11.1864973216074,0.617982419723319,0.431034482758621,0.905172413793103,116
"UMass-flusion","72",0.880105646928439,0.863263656809695,10.8733866793889,0.170817591549213,0.905227482157126,0.917904192668309,16.7215768715588,0.254448706461155,0.637931034482759,0.956896551724138,116
"UMass-flusion_spatial2_prod","01",0.429926434224542,0.606833180254751,15.9862688938891,0.232351773601876,0.501669646053045,0.605598863297567,26.6117800063719,0.367396847472666,0.456896551724138,0.974137931034483,116
"UMass-flusion_spatial2_prod","02",0.834948538938533,0.804417893305152,3.30088936281027,0.298096137857403,0.888492584825222,0.853908194341535,5.3195268243,0.465469665532544,0.508620689655172,0.939655172413793,116
"UMass-flusion_spatial2_prod","04",0.399665344628224,0.398762258684701,50.9797102181237,0.179615327672049,0.480078167334201,0.493710600636559,78.1150687262392,0.271938551530908,0.517241379310345,0.956896551724138,116
"UMass-flusion_spatial2_prod","05",0.701575622719718,0.589811983062256,25.5215218616873,0.270729537013708,0.825301330347603,0.681141144569421,42.8206596061315,0.441224463914145,0.327586206896552,0.96551724137931,116
"UMass-flusion_spatial2_prod","06",0.368664374398838,0.416568885863757,67.0939666832323,0.170112009349557,0.355968066767808,0.459360938071616,91.0502211750079,0.242684174164479,0.560344827586207,0.982758620689655,116
"UMass-flusion_spatial2_prod","08",0.549177325346571,0.563180876154704,20.1897509050801,0.20842820764765,0.54684047963508,0.550931231734264,30.1265340875923,0.304784765272656,0.568965517241379,0.939655172413793,116
"UMass-flusion_spatial2_prod","09",0.735347985191525,0.645571703684814,19.6639573182046,0.252774541925506,0.752693101316992,0.680831920516244,30.6302986543014,0.406256000690376,0.353448275862069,0.974137931034483,116
"UMass-flusion_spatial2_prod","10",0.619853984782897,0.619742522930407,4.22315850335251,0.252430457264117,0.662792091930528,0.647692251371911,6.64325853689874,0.400120647123213,0.53448275862069,0.96551724137931,116
"UMass-flusion_spatial2_prod","11",0.55604077908805,0.673137541177437,4.48648967280845,0.314801315278862,0.638772695914046,0.685817232643278,7.29818630722645,0.507372996557654,0.301724137931034,0.905172413793103,116
"UMass-flusion_spatial2_prod","12",0.568449728248915,0.654195618207974,73.0190094160429,0.148106683739615,0.570249243409265,0.619277812049185,110.262763238779,0.219929394487868,0.46551724137931,0.913793103448276,116
"UMass-flusion_spatial2_prod","13",0.545925066660587,0.58191020789717,59.6798498095741,0.26595097876186,0.611650948054388,0.594605107044173,82.505778500979,0.381967160281099,0.46551724137931,0.810344827586207,116
"UMass-flusion_spatial2_prod","15",0.806712892029492,0.819826137521551,3.90676810558918,0.26932833483992,0.83258683257561,0.866008061535518,6.15112575848366,0.416818732823411,0.456896551724138,0.939655172413793,116
"UMass-flusion_spatial2_prod","16",0.475677098594094,0.552304612315823,9.43450753223825,0.282085126779135,0.516065643514761,0.585787600635709,15.0344919571143,0.454027752259302,0.508620689655172,0.982758620689655,116
"UMass-flusion_spatial2_prod","17",0.56832511797339,0.602971286851847,35.5311946513855,0.236998525888531,0.547139261734674,0.58747332181315,51.8502452541564,0.342826136033121,0.405172413793103,0.922413793103448,116
"UMass-flusion_spatial2_prod","18",0.688843282927158,0.582119604963859,42.7169257294842,0.220540915506337,0.710160479200517,0.587751244911969,64.4223597881617,0.339482428250796,0.431034482758621,0.991379310344828,116
"UMass-flusion_spatial2_prod","19",0.776329052265066,0.643447489616513,17.8533087187963,0.294347578380773,0.801531223498271,0.6654425228366,27.2176868146531,0.459910007091609,0.379310344827586,0.931034482758621,116
"UMass-flusion_spatial2_prod","20",0.622729319243218,0.577581248533858,12.8803862309442,0.248109933649875,0.641628521380389,0.61235513657185,19.7969395693944,0.392199954474027,0.413793103448276,0.948275862068966,116
"UMass-flusion_spatial2_prod","21",0.624289599680074,0.597241446750522,24.5340679604697,0.248672516423707,0.645558920078588,0.629052013506107,38.9491212660415,0.393978043358632,0.491379310344828,0.974137931034483,116
"UMass-flusion_spatial2_prod","22",0.443118361743755,0.563373132559266,17.7073961004225,0.203598837720558,0.525823659743956,0.614132279241416,28.4712126528913,0.3257825826278,0.370689655172414,0.974137931034483,116
"UMass-flusion_spatial2_prod","23",0.744481718071299,0.668057881939522,7.99267660962395,0.276077318406519,0.719433665961491,0.658977137924241,11.9293329656218,0.425896461781064,0.517241379310345,0.931034482758621,116
"UMass-flusion_spatial2_prod","24",0.47083625695091,0.564212665957855,20.0011050456121,0.275507513534366,0.537209084206497,0.578632366048351,32.1328964331709,0.443436670787177,0.422413793103448,0.939655172413793,116
"UMass-flusion_spatial2_prod","25",0.666153527793746,0.529746556762101,57.9630152816926,0.228790656483614,0.726981081534503,0.599178511658739,90.2715922566238,0.364397154805809,0.380530973451327,0.938053097345133,116
"UMass-flusion_spatial2_prod","26",0.692739940209231,0.540711966028607,89.7030080886787,0.257740360789978,0.695399265412176,0.582516277555102,127.226973740765,0.389632216116886,0.482758620689655,0.905172413793103,116
"UMass-flusion_spatial2_prod","27",0.606565431885145,0.595825130672225,14.9618636364699,0.246272158079592,0.584917762991088,0.577051813626963,21.9749636754751,0.354615906642409,0.575221238938053,0.973451327433628,116
"UMass-flusion_spatial2_prod","28",0.393254406365966,0.433115625066135,12.8595933159671,0.149407992340753,0.4505805378417,0.492328888834711,19.8676279516404,0.231241531522727,0.543103448275862,0.991379310344828,116
"UMass-flusion_spatial2_prod","29",0.679527077850376,0.548079676172321,40.1256717131765,0.216958442598246,0.662833823763805,0.571495160508602,57.6123786055586,0.327009246309911,0.517241379310345,0.956896551724138,116
"UMass-flusion_spatial2_prod","30",0.5701785520371,0.613070430542127,9.4105138830737,0.323665039253899,0.70986008746492,0.629685093666764,15.7544795900841,0.526591956702597,0.336206896551724,0.939655172413793,116
"UMass-flusion_spatial2_prod","31",0.801135948843414,0.724683607586801,9.61472473548957,0.316448884063619,0.779826158090764,0.767207871311495,14.3958636254343,0.489517580090314,0.396551724137931,0.862068965517241,116
"UMass-flusion_spatial2_prod","32",0.497966858533196,0.626571217220352,9.22969853736534,0.243171285580254,0.459029088250227,0.598977606924298,12.8037225274018,0.352374462986216,0.5,0.974137931034483,116
"UMass-flusion_spatial2_prod","33",0.679390166341486,0.634987266538518,4.89870149179064,0.265231804292311,0.663600295496363,0.607959252868725,7.6595854935198,0.416254844605113,0.568965517241379,1,116
"UMass-flusion_spatial2_prod","34",0.448787321067957,0.454397696989765,38.5017947588502,0.185500040617032,0.510075561192926,0.506960385999263,61.2911092835104,0.296818731394011,0.439655172413793,0.991379310344828,116
"UMass-flusion_spatial2_prod","35",0.437629520303947,0.450148985395367,12.3996896932247,0.201213156894179,0.488260516719884,0.503316170461882,19.7406902158195,0.312320577909846,0.551724137931034,1,116
"UMass-flusion_spatial2_prod","36",0.576482917623612,0.568745888949529,84.8331662255383,0.225645543985111,0.60299771144429,0.606052174541339,130.193990533136,0.350206783707303,0.413793103448276,0.96551724137931,116
"UMass-flusion_spatial2_prod","37",0.4417622792829,0.642792257587661,51.373447440479,0.331100864987527,0.538786281603742,0.662520432997896,78.9511051013804,0.51983830692741,0.344827586206897,0.862068965517241,116
"UMass-flusion_spatial2_prod","38",0.619295363681369,0.683939809116851,3.90846271843508,0.268751780440308,0.621842518966379,0.638259573992719,5.93974539250569,0.416910167128246,0.525862068965517,0.974137931034483,116
"UMass-flusion_spatial2_prod","39",0.674914122223855,0.569182327215561,61.9766075142944,0.257710600970971,0.744527271380645,0.614124723677992,96.2676182387183,0.396075937428095,0.370689655172414,0.939655172413793,116
"UMass-flusion_spatial2_prod","40",0.651217158348869,0.547824077466304,33.2680605765161,0.238127114819517,0.713630112336938,0.596541780690112,54.9241215201638,0.381327967578213,0.456896551724138,0.956896551724138,116
"UMass-flusion_spatial2_prod","41",0.667034865206753,0.597033562289215,11.7736111703727,0.210074130093248,0.66210683300141,0.633999531586907,17.0264733586029,0.31588961958392,0.620689655172414,0.991379310344828,116
"UMass-flusion_spatial2_prod","42",0.522988847511278,0.464210793851942,57.1028478540679,0.171251919278524,0.569858227532662,0.529172869741592,89.6862153122702,0.270150226446013,0.456896551724138,0.974137931034483,116
"UMass-flusion_spatial2_prod","44",0.56184397866579,0.598937039566704,3.76939412982677,0.257724111589412,0.589324931343739,0.598556401820795,5.86295990275541,0.414281792440994,0.508620689655172,0.956896551724138,116
"UMass-flusion_spatial2_prod","45",0.375072051666193,0.395184342711268,25.9234991777715,0.15967341997535,0.481700724044486,0.465537477176307,41.3500128368631,0.252760233739465,0.456896551724138,0.956896551724138,116
"UMass-flusion_spatial2_prod","46",0.719893495787603,0.676990620626353,6.42593448870891,0.320854163778723,0.706438221078732,0.652603916322598,9.68429679254476,0.497084799497687,0.456896551724138,0.879310344827586,116
"UMass-flusion_spatial2_prod","47",0.405651591936391,0.453389548753861,22.4646736795637,0.151809169087093,0.420969053122349,0.466325909547149,33.1624662439966,0.224764000703627,0.603448275862069,0.982758620689655,116
"UMass-flusion_spatial2_prod","48",0.561434758547029,0.897763259345981,103.850963446575,0.342405386035836,0.549312886392186,0.696155738796166,146.564705333982,0.413403630850635,0.551724137931034,0.887931034482759,116
"UMass-flusion_spatial2_prod","49",0.503883144674604,0.614454099320042,4.33440772692898,0.251188195142411,0.573025412249233,0.667024304498208,6.93275613940577,0.408962996555802,0.53448275862069,1,116
"UMass-flusion_spatial2_prod","50",0.654147573581571,0.683664661236517,2.58770479285891,0.250436803016267,0.618305260545021,0.630204777870688,3.89094669928768,0.385191437770645,0.525862068965517,0.96551724137931,116
"UMass-flusion_spatial2_prod","51",0.464954073882189,0.480425824746486,34.4433970836552,0.165785691993718,0.540211420859592,0.543336962910277,53.1026215691141,0.2573538400285,0.448275862068966,0.931034482758621,116
"UMass-flusion_spatial2_prod","53",0.821238054305733,0.611997586329848,18.7494321754801,0.214655753510147,0.824321426801278,0.621454065176581,28.4009454999612,0.311960572313932,0.594827586206897,0.96551724137931,116
"UMass-flusion_spatial2_prod","54",0.632676041514096,0.611223773030806,15.8356974764209,0.296928558276055,0.685510159707133,0.63599828072212,25.080857840614,0.475336960918348,0.46551724137931,0.939655172413793,116
"UMass-flusion_spatial2_prod","55",0.574240280804866,0.525564056628787,21.7216709617542,0.234288204381024,0.573569708628545,0.549424334577997,32.2394313231759,0.368147799718588,0.525862068965517,1,116
"UMass-flusion_spatial2_prod","56",0.658317473029403,0.768686514145895,6.43866546804446,0.359417945265684,0.716588203561104,0.758779719111409,9.85376561598119,0.54435916974983,0.379310344827586,0.801724137931034,116
"UMass-flusion_spatial2_prod","72",0.880099242889532,0.837449305484897,11.0346204834297,0.166437317294082,0.967494059887819,0.925365378382774,18.0245698965884,0.257953922566747,0.594827586206897,0.948275862068966,116
"UMass-gbqr","01",0.804898982330333,1.00229402248786,29.9303462539387,0.387592713087231,0.816636488524893,0.863788324561796,43.9414140661046,0.535695330351357,0.301724137931034,0.706896551724138,116
"UMass-gbqr","02",1.08688051503261,0.968278717258228,4.32156233224318,0.358443141144262,1.02796241410967,0.950857600279894,6.17594344075742,0.516535028913378,0.353448275862069,0.698275862068966,116
"UMass-gbqr","04",0.652002168678737,0.659456300838077,84.7070856770133,0.305521712940716,0.761232298711177,0.830617314705827,125.499405619087,0.462688888870494,0.206896551724138,0.758620689655172,116
"UMass-gbqr","05",1.27936392634462,1.07465160459801,47.6840373330542,0.502003758120536,1.26140358530625,1.06661588097776,67.1623100184374,0.711832496066717,0.155172413793103,0.594827586206897,116
"UMass-gbqr","06",0.613390487407744,0.605893295050845,114.494191120213,0.25613041625374,0.661002123090706,0.679559508282208,175.644464947215,0.372677717850021,0.387931034482759,0.836206896551724,116
"UMass-gbqr","08",1.00534722685221,0.966840384346077,36.5479177733426,0.355644679079444,1.00647077743527,0.97223408741516,55.2973964062617,0.535144813752212,0.163793103448276,0.732758620689655,116
"UMass-gbqr","09",0.936368536777165,0.883844554872114,25.1127700832159,0.34149265686612,0.92165208620995,0.882786267840337,37.7338634296214,0.521559928846386,0.370689655172414,0.793103448275862,116
"UMass-gbqr","10",0.870207370575551,0.922760880003704,5.92326168191403,0.381690334925615,0.83878004108591,0.920728619853287,8.41681709635909,0.582531179975736,0.310344827586207,0.793103448275862,116
"UMass-gbqr","11",0.753651406702981,0.876535544117039,6.05539740503032,0.405077808612677,0.71983035584116,0.764547219161506,8.20704854961619,0.559307652308565,0.275862068965517,0.698275862068966,116
"UMass-gbqr","12",0.888189813079834,0.943046707089647,114.879514123961,0.216634635355391,0.92369175948115,0.911562103545033,181.6600846867,0.331330807293875,0.21551724137931,0.758620689655172,116
"UMass-gbqr","13",0.780455751659851,0.872915190045812,85.9424264845581,0.398194870623217,0.826945531922071,0.846543169907173,112.539896072675,0.545189359326685,0.267241379310345,0.71551724137931,116
"UMass-gbqr","15",0.937150413352417,0.952820274646005,4.61544341996166,0.319573874686088,0.907494256112556,0.949974429550943,6.79254259713271,0.464525598342748,0.353448275862069,0.767241379310345,116
"UMass-gbqr","16",0.823944545521275,0.955646555325588,16.0864549218742,0.491340261369037,0.801412071200281,0.87249050610034,23.0538657381558,0.69135816423151,0.258620689655172,0.706896551724138,116
"UMass-gbqr","17",0.905613103735521,0.928079720068763,56.1964345751547,0.369946363588978,0.949254360344474,0.926591776080317,89.78707699248,0.551821556447192,0.206896551724138,0.706896551724138,116
"UMass-gbqr","18",1.29162425513961,1.08180988428036,79.4430620643788,0.412092321584722,1.33553910314082,1.05739214351387,121.491108053127,0.623432417135125,0.129310344827586,0.586206896551724,116
"UMass-gbqr","19",1.17883861055332,1.04859001168478,26.9295234524967,0.479291157185401,1.18100329504486,1.00826453382177,40.0745073374816,0.710162115829272,0.172413793103448,0.612068965517241,116
"UMass-gbqr","20",0.93673535317587,0.94680302874141,19.6306678319464,0.415005123276696,0.914863412584203,0.923982491455421,28.5613924937938,0.606482175210636,0.241379310344828,0.689655172413793,116
"UMass-gbqr","21",1.09752626345319,1.02430075134796,41.6960040759668,0.424476493944718,1.06006985298382,0.975266935137687,62.0182306574158,0.615825893009193,0.25,0.681034482758621,116
"UMass-gbqr","22",0.693946565368052,0.811448267187447,27.2154518295547,0.291848748299377,0.768258363271369,0.823377037149846,41.2887750975704,0.437463971356393,0.232758620689655,0.793103448275862,116
"UMass-gbqr","23",0.997595186272126,0.910919751970947,11.1559800411915,0.384945103466158,0.98186243345949,0.904855000279118,16.7116222970945,0.586675361565903,0.241379310344828,0.78448275862069,116
"UMass-gbqr","24",0.710030692499829,0.874358507541545,30.2881913711502,0.422931385688593,0.702030012219472,0.773041376502805,42.3639812653736,0.594749623335297,0.206896551724138,0.655172413793103,116
"UMass-gbqr","25",1.17089098712449,1.00357606545286,100.397279763874,0.429774317243092,1.14726944378216,1.04103167139414,138.197617660749,0.62661035258798,0.132743362831858,0.654867256637168,116
"UMass-gbqr","26",1.1382719112467,0.96419824783377,140.85944791378,0.446987985049277,1.10160523543949,0.986208095169029,193.423119679567,0.650396834098242,0.241379310344828,0.603448275862069,116
"UMass-gbqr","27",1.31679099135498,1.11455149424585,32.1317536875797,0.472450991160754,1.3422574867711,1.09953041327421,50.0235459192395,0.704671299793791,0.20353982300885,0.699115044247788,116
"UMass-gbqr","28",0.671684741064009,0.720226458075579,21.7971991643703,0.250481351335361,0.720472995293756,0.797150291518365,32.3072007881078,0.382503021590311,0.275862068965517,0.793103448275862,116
"UMass-gbqr","29",1.04138512406831,0.960106069586725,62.4647597089565,0.379461580661144,1.06679061728416,0.998173095236313,94.9968642329107,0.585260410966719,0.198275862068966,0.646551724137931,116
"UMass-gbqr","30",0.948610377789551,1.05645972489535,15.2885060085277,0.551621014661798,0.962720838079153,0.97399412749926,20.8944092079186,0.799484147707896,0.155172413793103,0.586206896551724,116
"UMass-gbqr","31",1.18779566204915,1.0913862200818,14.1052634336913,0.478271164771694,1.11183760443398,1.06678603743116,20.3495373419504,0.688457392535558,0.241379310344828,0.629310344827586,116
"UMass-gbqr","32",0.697389159043263,0.875274332893238,13.3336461161056,0.350517241802871,0.72051231481219,0.841642222896007,20.8884699378877,0.514836670633977,0.318965517241379,0.810344827586207,116
"UMass-gbqr","33",0.945012162061028,0.950424245024517,6.7683854487825,0.39785804632744,0.927725909112705,0.888499693453678,10.3385992776995,0.613757575583402,0.344827586206897,0.818965517241379,116
"UMass-gbqr","34",0.700075320008232,0.722385532169923,58.7412555648974,0.291702502280245,0.739914587503069,0.784757879592906,86.0796947776194,0.448419685125463,0.28448275862069,0.793103448275862,116
"UMass-gbqr","35",0.536238122582193,0.627010511787099,15.329739154041,0.290638137523351,0.566286766788662,0.697425546140364,22.5682526902269,0.443754772166828,0.379310344827586,0.827586206896552,116
"UMass-gbqr","36",0.804432755858614,0.832649482870601,115.976522826785,0.328082529354257,0.849773546406987,0.851300159965512,177.958296672475,0.490989383596645,0.28448275862069,0.71551724137931,116
"UMass-gbqr","37",0.577015122208762,0.908779123558815,65.3980056394497,0.463850280093799,0.587986914811442,0.803358802233026,83.8613090386746,0.62806337764132,0.310344827586207,0.672413793103448,116
"UMass-gbqr","38",1.07480789852901,1.08130818880335,6.70187344790845,0.423110143378493,1.05532194172197,0.943230725439407,10.0325886994722,0.621480320844275,0.258620689655172,0.706896551724138,116
"UMass-gbqr","39",1.14377480503588,0.973172861707066,104.76646281259,0.443195706439907,1.20578059586832,0.999100129478612,156.897469084427,0.656601005475411,0.224137931034483,0.612068965517241,116
"UMass-gbqr","40",0.867638507752077,0.898805925247398,46.365214194739,0.391351793048228,0.902135479636145,0.940458066865573,71.1707050474414,0.605665058307213,0.21551724137931,0.681034482758621,116
"UMass-gbqr","41",0.95566338825364,0.827257071574658,16.9925948318445,0.296287760442608,1.03673346939279,0.959906602723138,26.4069092019368,0.47164101801999,0.327586206896552,0.810344827586207,116
"UMass-gbqr","42",0.670618942274339,0.662828149580719,72.8295333220733,0.243901655521003,0.722066875964912,0.748942723885324,113.767729714509,0.384685494993043,0.258620689655172,0.758620689655172,116
"UMass-gbqr","44",0.835983844127502,0.910576163809095,5.45630193091521,0.385143859235172,0.809017043698818,0.857781565273814,7.8320884221666,0.582643557752475,0.275862068965517,0.767241379310345,116
"UMass-gbqr","45",0.559832361976033,0.637755402329392,37.8669832854836,0.254582401039855,0.606685759451594,0.687351319785344,51.7519512919882,0.371315973065159,0.25,0.71551724137931,116
"UMass-gbqr","46",0.978435537618471,0.969438648902362,8.56202135952942,0.454131981579577,0.921290789901821,0.863889353062079,12.5251852034869,0.663232990286309,0.28448275862069,0.646551724137931,116
"UMass-gbqr","47",0.727156092532153,0.776704353363481,40.6540787388831,0.263121656345007,0.757768094711763,0.831687767434715,61.3225639321049,0.411316207275834,0.25,0.810344827586207,116
"UMass-gbqr","48",1.14347923918829,1.23980040882058,216.628077792227,0.485961966567865,1.19776168253011,1.02682472980352,333.024665048263,0.635202069267854,0.155172413793103,0.672413793103448,116
"UMass-gbqr","49",0.739652510891017,0.81399440885503,6.25730439201577,0.34349436123156,0.747239690737364,0.802235847344975,8.90919936387152,0.510548664087048,0.327586206896552,0.793103448275862,116
"UMass-gbqr","50",1.27540829343593,1.28586186715224,5.16154800917753,0.481771367355154,1.21933519549259,1.147621973947,7.96051575483527,0.724067084509043,0.172413793103448,0.689655172413793,116
"UMass-gbqr","51",0.717745607876001,0.757834498816076,53.9051346812856,0.263797126169169,0.768053881466611,0.845337121060213,76.7395265274596,0.402511776217056,0.198275862068966,0.741379310344828,116
"UMass-gbqr","53",0.83236129947031,0.75964712874337,19.4422340886178,0.272394228213531,0.877260898378306,0.804265407675867,31.2570507002354,0.411589880924404,0.405172413793103,0.862068965517241,116
"UMass-gbqr","54",1.18346665726123,1.13312768743033,29.3293820700253,0.554647438190026,1.13023735938325,1.00269281785761,41.3703401177182,0.77095950406817,0.189655172413793,0.603448275862069,116
"UMass-gbqr","55",0.949780958455711,0.902239692662196,35.1678916388632,0.397846286717134,0.979323778821553,0.899012736289519,53.5640397443792,0.606799037859152,0.198275862068966,0.698275862068966,116
"UMass-gbqr","56",0.833553471362463,0.970299326963822,8.16131149316095,0.453883484585841,0.853483050194578,0.895060202311583,11.7033094223575,0.644402458180813,0.275862068965517,0.741379310344828,116
"UMass-gbqr","72",1.01847742106761,0.988297411230227,12.9188183031341,0.198800844521047,1.00043102542145,1.03050604231214,18.5874944773994,0.289137119722265,0.310344827586207,0.793103448275862,116
"UMass-gbqr_1src","01",0.817324715572641,1.017741678187,30.3464899704179,0.393444560656251,0.859832370031137,0.891050957418822,46.3142218450373,0.552883221217781,0.293103448275862,0.706896551724138,116
"UMass-gbqr_1src","02",1.0991561799491,0.97296379917113,4.3697777721418,0.360312958564603,1.04598231446576,0.967690444249067,6.30465478649147,0.525983651298618,0.318965517241379,0.698275862068966,116
"UMass-gbqr_1src","04",0.654342576344362,0.657142981213938,84.9865898949572,0.304270782373142,0.751646861759702,0.818663997798319,124.572337694886,0.457553547349766,0.198275862068966,0.767241379310345,116
"UMass-gbqr_1src","05",1.27825622154086,1.0812394113802,47.5238499527579,0.504176134465369,1.25556980398937,1.06751091039182,66.6868927117707,0.711418427085051,0.146551724137931,0.551724137931034,116
"UMass-gbqr_1src","06",0.619155764426385,0.603790926289661,115.058662959496,0.254171959259458,0.664467151943167,0.67256996790971,176.776695256314,0.368112680058466,0.413793103448276,0.801724137931034,116
"UMass-gbqr_1src","08",1.01109535330569,0.964864516181108,36.737599506413,0.354522180134888,1.01249533531933,0.978178264685611,55.6108233612509,0.537710090961528,0.198275862068966,0.732758620689655,116
"UMass-gbqr_1src","09",0.935131483044989,0.884930992738864,25.0464054402151,0.341868943383699,0.919126601989084,0.883243590088084,37.5557468442883,0.52224518525983,0.353448275862069,0.810344827586207,116
"UMass-gbqr_1src","10",0.875537252258141,0.925234340374259,5.95645802484787,0.382222013547279,0.83510055655227,0.91116463816331,8.3867265785903,0.577014925130859,0.327586206896552,0.78448275862069,116
"UMass-gbqr_1src","11",0.751576834426109,0.87025226684049,6.03315161668715,0.401668090809405,0.710881085807092,0.757357357907584,8.13923648254758,0.55772421244067,0.301724137931034,0.724137931034483,116
"UMass-gbqr_1src","12",0.885268139315306,0.933645617745726,114.491541205546,0.214319653430591,0.905937911579776,0.886973693993058,178.461177483793,0.322264801607246,0.25,0.793103448275862,116
"UMass-gbqr_1src","13",0.784757061604603,0.891974533134796,85.8996268428455,0.4055373854424,0.830735485622558,0.861300215642649,112.576444006447,0.553557943008265,0.275862068965517,0.698275862068966,116
"UMass-gbqr_1src","15",0.93593247977582,0.955734663568415,4.59175290953889,0.319159419856919,0.899886885481689,0.945217523558543,6.74607673977671,0.462456969024845,0.310344827586207,0.775862068965517,116
"UMass-gbqr_1src","16",0.824936212869881,0.954553813507564,16.1027941222095,0.49111905397826,0.807097858371955,0.885578541903331,23.1251695059737,0.700747199548506,0.21551724137931,0.706896551724138,116
"UMass-gbqr_1src","17",0.912836430464228,0.930781788278593,56.546458230048,0.370758640755993,0.951451492824676,0.929740221681191,89.7027440376704,0.553105303595899,0.181034482758621,0.724137931034483,116
"UMass-gbqr_1src","18",1.29239581151905,1.07428570143475,79.2058383015011,0.408286492707936,1.31059714826448,1.03331026041562,118.844287149063,0.606778487530619,0.137931034482759,0.603448275862069,116
"UMass-gbqr_1src","19",1.19056645372457,1.0514816766313,27.1474597367577,0.480650804340348,1.16037050243312,0.988725436126753,39.2851545226122,0.694324361891198,0.181034482758621,0.637931034482759,116
"UMass-gbqr_1src","20",0.951027074661172,0.957668407400259,19.9111000293826,0.419493877351643,0.931949532925848,0.936031183903979,29.0208229554768,0.613486027398989,0.241379310344828,0.655172413793103,116
"UMass-gbqr_1src","21",1.10483196083795,1.02541498620231,41.9957341765698,0.425734776646274,1.0601556634183,0.978526273893877,62.0162826995147,0.618235332308409,0.224137931034483,0.681034482758621,116
"UMass-gbqr_1src","22",0.7000216263656,0.823696076341979,27.3071277320597,0.295037708513608,0.77587364902087,0.836271656655917,41.5468537136862,0.443209250568196,0.25,0.775862068965517,116
"UMass-gbqr_1src","23",0.988808963790989,0.904075446399163,11.0595163842874,0.381716922344073,0.970566473959353,0.898269495370778,16.5127752158842,0.58112188451176,0.232758620689655,0.810344827586207,116
"UMass-gbqr_1src","24",0.715910034185963,0.883240702591583,30.5517479476286,0.427988433825652,0.711080325724391,0.783669100897688,43.1444444827554,0.605033368930835,0.21551724137931,0.655172413793103,116
"UMass-gbqr_1src","25",1.17341844468166,1.01277597799289,100.347755926184,0.432872787726799,1.14060907360487,1.04402217380389,137.396467963955,0.628263421836733,0.150442477876106,0.646017699115044,116
"UMass-gbqr_1src","26",1.14445559094367,0.970169545182674,141.269487159345,0.448792912409718,1.11244133923057,1.00053541136265,195.640926196026,0.659206594020187,0.189655172413793,0.594827586206897,116
"UMass-gbqr_1src","27",1.32315590179471,1.12736983468303,32.281300225413,0.478469175612802,1.32239028340503,1.0904014492756,49.2762167982627,0.699437766424346,0.194690265486726,0.68141592920354,116
"UMass-gbqr_1src","28",0.671622360317314,0.723075654575408,21.7909909369635,0.251433817543076,0.701797686072796,0.790063361738598,31.4346203832666,0.380141123894609,0.310344827586207,0.793103448275862,116
"UMass-gbqr_1src","29",1.04700643546215,0.966613019317051,62.7936009545358,0.382633175205142,1.04820548581751,0.986866920797032,93.3866000151198,0.577664398629778,0.172413793103448,0.672413793103448,116
"UMass-gbqr_1src","30",0.946939457105482,1.04176704186642,15.2256673601032,0.542685090178793,0.953491328650366,0.957282232530721,20.6247085707036,0.782864945369748,0.163793103448276,0.603448275862069,116
"UMass-gbqr_1src","31",1.20293531366243,1.09950053659337,14.270290961188,0.482000768627001,1.11799128991512,1.07088552306116,20.5005692049417,0.69140717423099,0.267241379310345,0.646551724137931,116
"UMass-gbqr_1src","32",0.697744621046025,0.874939570086324,13.3248587719106,0.350217445410543,0.725508423257463,0.845126847386492,21.1359350320773,0.517605086235899,0.336206896551724,0.818965517241379,116
"UMass-gbqr_1src","33",0.961311358200287,0.965451008213279,6.86168559003365,0.404145787930579,0.928251322217745,0.889742461723793,10.3446397333354,0.615665333785054,0.318965517241379,0.810344827586207,116
"UMass-gbqr_1src","34",0.706495450173358,0.733899014130493,59.2339962827068,0.29662055419755,0.741474466576662,0.798377129514049,86.4900102406351,0.458507164011425,0.293103448275862,0.78448275862069,116
"UMass-gbqr_1src","35",0.539952425145368,0.627000600124932,15.348204727142,0.289361554834481,0.562030046951659,0.689691096446153,22.3236443433808,0.438144171905299,0.431034482758621,0.827586206896552,116
"UMass-gbqr_1src","36",0.805193443927652,0.832801747817143,115.672769592579,0.327544425645366,0.84246284807433,0.851412593181496,176.512457074227,0.49156617891294,0.301724137931034,0.741379310344828,116
"UMass-gbqr_1src","37",0.577126254067544,0.915160422239338,65.3631871165565,0.466761586979381,0.594567350351757,0.811579721389047,84.9398492172013,0.634958268259209,0.353448275862069,0.698275862068966,116
"UMass-gbqr_1src","38",1.09121904300293,1.09041722829426,6.80277141046091,0.426970574266594,1.05316399357046,0.941614366539347,9.9947886200723,0.619365294032771,0.293103448275862,0.75,116
"UMass-gbqr_1src","39",1.15700548289535,0.983460213017866,105.846581670746,0.44798917366071,1.20191726789369,1.00295946614758,156.312721891725,0.658698065679837,0.224137931034483,0.603448275862069,116
"UMass-gbqr_1src","40",0.863151289457166,0.897237960197523,46.1440241517506,0.391058677309066,0.8769134003382,0.915388137313878,68.9608690664837,0.589547232063732,0.181034482758621,0.646551724137931,116
"UMass-gbqr_1src","41",0.976245201749208,0.841648752555819,17.306996096424,0.300434867504794,1.04089929139588,0.968337716152216,26.5702752888782,0.475673654266222,0.310344827586207,0.818965517241379,116
"UMass-gbqr_1src","42",0.686678675208649,0.671412276736649,74.1738496513875,0.245352981330938,0.737144023268136,0.754297296678047,115.710282807849,0.385244746236432,0.232758620689655,0.75,116
"UMass-gbqr_1src","44",0.841356172883911,0.911410725127566,5.48579556893981,0.384783990739153,0.818177547201605,0.865072116999033,7.88631382550739,0.586013928958991,0.293103448275862,0.793103448275862,116
"UMass-gbqr_1src","45",0.562845047942119,0.645725896773598,38.013625903773,0.25754976064057,0.610248202274764,0.696189246531077,51.9209158427934,0.375852745523394,0.232758620689655,0.71551724137931,116
"UMass-gbqr_1src","46",0.985887122466586,0.97284038892584,8.61319363283451,0.455575078727687,0.91752512683854,0.865051904519059,12.4339518970502,0.663150395054014,0.258620689655172,0.646551724137931,116
"UMass-gbqr_1src","47",0.727913608239403,0.778879562506922,40.6229847935104,0.263546697398616,0.747908199477916,0.818148469195895,60.3631440101329,0.404500502579727,0.258620689655172,0.801724137931034,116
"UMass-gbqr_1src","48",1.15949829739012,1.24718717804175,219.260030192972,0.488877124208674,1.19909251704025,1.02632520371052,331.84641578366,0.633879114651112,0.172413793103448,0.672413793103448,116
"UMass-gbqr_1src","49",0.747102286117759,0.833864556775501,6.30013484499962,0.349416329391937,0.763296961843309,0.831708286295484,9.11483477822292,0.525481693943875,0.353448275862069,0.827586206896552,116
"UMass-gbqr_1src","50",1.27748277349687,1.28847094489453,5.16824697370817,0.482650904146724,1.18536546626177,1.12215874844525,7.71718113045092,0.707088044051618,0.155172413793103,0.724137931034483,116
"UMass-gbqr_1src","51",0.7217741961784,0.762425755815589,54.2525234573564,0.26542352919847,0.784219428521169,0.858976787419686,78.5099204082113,0.409750654219971,0.25,0.741379310344828,116
"UMass-gbqr_1src","53",0.827829168020976,0.766023465214876,19.2116402958611,0.273967212377276,0.876368332195613,0.814110967389945,31.1091252105448,0.416673505951655,0.379310344827586,0.853448275862069,116
"UMass-gbqr_1src","54",1.18690894754363,1.12623004259014,29.39390430759,0.551423555189164,1.13166943979232,1.00296534413763,41.4070700640233,0.770786751083737,0.206896551724138,0.620689655172414,116
"UMass-gbqr_1src","55",0.952686052604992,0.911018287132455,35.2783459133397,0.402282541176004,0.966697895095814,0.896949247774633,53.0090758877272,0.607998612673134,0.224137931034483,0.732758620689655,116
"UMass-gbqr_1src","56",0.830219200550784,0.965015117737465,8.13766735695873,0.451418429643756,0.853089849492468,0.904881854744811,11.6506731126261,0.650117178589092,0.258620689655172,0.75,116
"UMass-gbqr_1src","72",1.03284446484012,0.99959833092762,13.1566230292145,0.20163577735899,1.02198974146749,1.0481619187983,19.0121256927034,0.294533583059066,0.301724137931034,0.767241379310345,116
"UMass-gbqr_2src_mobsgleam_otid10","01",0.728503747633069,0.904039609540449,26.3554354553616,0.344022364477809,0.754471421573271,0.830139641066238,39.1539893285497,0.504951359826548,0.301724137931034,0.844827586206897,116
"UMass-gbqr_2src_mobsgleam_otid10","02",0.97740607107128,0.859337857714064,3.97010295022941,0.32335826757476,1.04973622986086,0.939410051743705,6.49331338686848,0.522705113093118,0.439655172413793,0.96551724137931,116
"UMass-gbqr_2src_mobsgleam_otid10","04",0.535128416614065,0.447586643875264,67.57983831531,0.196440102012882,0.605228838469225,0.54971196837563,97.2441235437216,0.292780227721481,0.46551724137931,0.905172413793103,116
"UMass-gbqr_2src_mobsgleam_otid10","05",0.918834690700008,0.825175241777493,33.3208782186323,0.383641141097758,0.947200431682283,0.862917190836798,49.3449936897001,0.571810677852607,0.318965517241379,0.78448275862069,116
"UMass-gbqr_2src_mobsgleam_otid10","06",0.498759443514343,0.419860257633328,92.6623796423472,0.1773716377387,0.527439579597202,0.517033694652254,137.692479231822,0.281196928482323,0.577586206896552,0.974137931034483,116
"UMass-gbqr_2src_mobsgleam_otid10","08",0.79792542349193,0.64150137419896,28.9899131003336,0.230971662394741,0.837663605486183,0.683203850145521,46.1213781139209,0.369655576777518,0.362068965517241,0.913793103448276,116
"UMass-gbqr_2src_mobsgleam_otid10","09",0.794324049590765,0.685513211987679,21.0564145232057,0.266095917745496,0.816748563670655,0.70271373036559,32.8872622047033,0.416138743160758,0.422413793103448,0.862068965517241,116
"UMass-gbqr_2src_mobsgleam_otid10","10",0.833857860388292,0.849164082066206,5.60550008404706,0.350083115927434,0.83789447002934,0.896830549301306,8.32589274479261,0.568921307919798,0.344827586206897,0.896551724137931,116
"UMass-gbqr_2src_mobsgleam_otid10","11",0.692937343272561,0.792443637619612,5.51800652327332,0.366012522353093,0.703798550282708,0.773411717014957,7.97769582415327,0.573028058832467,0.439655172413793,0.810344827586207,116
"UMass-gbqr_2src_mobsgleam_otid10","12",0.745135501952437,0.694272388732538,97.6986822533021,0.159659993260712,0.801850163613932,0.707296930427156,160.166509441407,0.257137759002803,0.422413793103448,0.896551724137931,116
"UMass-gbqr_2src_mobsgleam_otid10","13",0.696328565795011,0.664725991975809,76.1773491847693,0.300595376166014,0.767468638141456,0.691376174305222,104.034648812203,0.443486021883638,0.379310344827586,0.853448275862069,116
"UMass-gbqr_2src_mobsgleam_otid10","15",0.886324313125086,0.853675580989123,4.37562737277881,0.284666962316138,0.92452420749635,0.902376695989366,7.01210400947112,0.442457493263696,0.379310344827586,0.853448275862069,116
"UMass-gbqr_2src_mobsgleam_otid10","16",0.721531635854661,0.766455090741576,14.2164818938831,0.39809970978172,0.733530109517388,0.778348164882709,21.1460990018378,0.618670521307196,0.336206896551724,0.844827586206897,116
"UMass-gbqr_2src_mobsgleam_otid10","17",0.711289061918052,0.678002415240365,43.9572236916743,0.265803612147057,0.686558994115885,0.66604256647473,63.8914562513878,0.386924169395643,0.431034482758621,0.887931034482759,116
"UMass-gbqr_2src_mobsgleam_otid10","18",0.955870729520461,0.742687561466615,57.7584299887493,0.276650568937947,1.01287814934083,0.760034064608361,90.3071632425908,0.435848587051398,0.327586206896552,0.836206896551724,116
"UMass-gbqr_2src_mobsgleam_otid10","19",0.839939950401039,0.728821747339125,19.0587990375674,0.328375167834221,0.854058034300486,0.713769194361288,28.420917640654,0.4872506082244,0.431034482758621,0.836206896551724,116
"UMass-gbqr_2src_mobsgleam_otid10","20",0.862752383095214,0.743942456740548,17.7075020953032,0.32072151815357,0.862144730665227,0.76822521311138,26.2032062673784,0.494544329564067,0.491379310344828,0.827586206896552,116
"UMass-gbqr_2src_mobsgleam_otid10","21",0.964451739922898,0.918304902234669,36.9582227626931,0.382648940453635,0.949865322668004,0.913580864759497,56.0473246315757,0.578376085911466,0.267241379310345,0.810344827586207,116
"UMass-gbqr_2src_mobsgleam_otid10","22",0.584130611271154,0.640009722857952,22.6705525567089,0.227526588758061,0.646077505967191,0.665773833096966,34.4152723858401,0.350314017276058,0.413793103448276,0.870689655172414,116
"UMass-gbqr_2src_mobsgleam_otid10","23",0.962101658408499,0.85830451742937,10.2881840978841,0.361001507207453,0.958777422118414,0.870064429446694,15.6011742507497,0.566569286212678,0.46551724137931,0.870689655172414,116
"UMass-gbqr_2src_mobsgleam_otid10","24",0.709145522054615,0.755296814459454,29.3634883427078,0.362765560849829,0.728492764599751,0.704770561981033,42.5890788293977,0.536117927850357,0.318965517241379,0.75,116
"UMass-gbqr_2src_mobsgleam_otid10","25",0.855877456922828,0.706153415048596,75.3528148952318,0.307572213628183,0.857862496636593,0.755530985818078,106.856806071467,0.462600178399476,0.345132743362832,0.84070796460177,116
"UMass-gbqr_2src_mobsgleam_otid10","26",0.765172061055704,0.632655568064182,100.179324845579,0.305265581082368,0.752280106991248,0.669174947938943,138.325578118214,0.45455068940174,0.379310344827586,0.793103448275862,116
"UMass-gbqr_2src_mobsgleam_otid10","27",0.813839476832589,0.782424882156149,20.0743432693718,0.325165131296587,0.810793505720719,0.770918748885758,30.3530146910839,0.483502225186175,0.36283185840708,0.884955752212389,116
"UMass-gbqr_2src_mobsgleam_otid10","28",0.620767939803489,0.595236446736231,20.0499980290323,0.20508211874325,0.638705550968408,0.659842982731331,27.9754903378214,0.31022793018577,0.525862068965517,0.922413793103448,116
"UMass-gbqr_2src_mobsgleam_otid10","29",0.81757137736689,0.699883938970307,49.0746331808871,0.282106611378748,0.838126704526887,0.738320478950391,74.7648062086798,0.436574513366641,0.370689655172414,0.793103448275862,116
"UMass-gbqr_2src_mobsgleam_otid10","30",0.845732661890058,0.805022485141518,13.8072260870247,0.422060271688435,0.919455499054676,0.785244267056375,20.2248737421276,0.649090307577819,0.336206896551724,0.801724137931034,116
"UMass-gbqr_2src_mobsgleam_otid10","31",0.976302335748999,0.961474936591952,11.7377990240683,0.426988298547418,0.939775225108918,0.988551755179276,17.4158009076686,0.644070906688991,0.396551724137931,0.801724137931034,116
"UMass-gbqr_2src_mobsgleam_otid10","32",0.584491183547359,0.640397066955289,10.9129026802038,0.251618756354653,0.589523532231702,0.641694058817183,16.5719015940732,0.384104926890484,0.474137931034483,0.948275862068966,116
"UMass-gbqr_2src_mobsgleam_otid10","33",0.827259539439682,0.847976112681673,5.89302226625949,0.357983125423774,0.835448518235329,0.857968701144055,9.2868315429443,0.597716609743238,0.413793103448276,0.905172413793103,116
"UMass-gbqr_2src_mobsgleam_otid10","34",0.653902532581767,0.584104103761933,55.6049736007689,0.23968896036971,0.691286103514915,0.637739840022905,82.4388203333337,0.374427535829895,0.439655172413793,0.896551724137931,116
"UMass-gbqr_2src_mobsgleam_otid10","35",0.550698346049553,0.552923643744003,14.9742811258794,0.24659159981194,0.624312108639095,0.640198739495214,23.6514731143996,0.394771339747588,0.525862068965517,0.939655172413793,116
"UMass-gbqr_2src_mobsgleam_otid10","36",0.713845998797153,0.646632918523137,102.982710256611,0.252166827221745,0.788683354916791,0.693401793094748,165.681089040585,0.394013467174895,0.362068965517241,0.853448275862069,116
"UMass-gbqr_2src_mobsgleam_otid10","37",0.524656117568494,0.735512588856432,59.2744489351296,0.370602022457679,0.581498388291557,0.70677274092689,81.955357814472,0.544120612489967,0.413793103448276,0.827586206896552,116
"UMass-gbqr_2src_mobsgleam_otid10","38",0.879951404551928,0.874760172110723,5.52863665882533,0.342601342203724,0.888568639190466,0.799027354850279,8.48861487660897,0.525189022936499,0.456896551724138,0.896551724137931,116
"UMass-gbqr_2src_mobsgleam_otid10","39",0.899917733041498,0.749906193575763,80.7842454454366,0.340002435351761,0.962518239488241,0.803706429839645,122.746826221189,0.522597379939195,0.293103448275862,0.793103448275862,116
"UMass-gbqr_2src_mobsgleam_otid10","40",0.947220883733012,0.802523872283581,47.4398905859854,0.346061370585073,1.00528441263836,0.870675620081206,74.1360350121578,0.551161544743756,0.327586206896552,0.827586206896552,116
"UMass-gbqr_2src_mobsgleam_otid10","41",0.848793806683369,0.780947430340622,15.0926918195527,0.281850224968341,0.89898078864651,0.915798779481219,22.9460260490018,0.458173910532906,0.491379310344828,0.931034482758621,116
"UMass-gbqr_2src_mobsgleam_otid10","42",0.670504597599118,0.57802728040515,70.0583092129274,0.209269727489806,0.706040376412392,0.645381732828351,105.541095757708,0.323066350585619,0.379310344827586,0.887931034482759,116
"UMass-gbqr_2src_mobsgleam_otid10","44",0.763530764766659,0.799183271124022,5.06367087497696,0.342731748362108,0.753793595970628,0.800455993275781,7.427947858181,0.553199775760989,0.387931034482759,0.905172413793103,116
"UMass-gbqr_2src_mobsgleam_otid10","45",0.510142521008855,0.489059641225491,34.5028217829002,0.194531125448512,0.570632912549998,0.545490478540633,47.8093672262117,0.29011293651364,0.5,0.887931034482759,116
"UMass-gbqr_2src_mobsgleam_otid10","46",0.83803602953426,0.846812695579305,7.42165402539313,0.402006552872462,0.795733709246774,0.792787623227197,10.8669310410592,0.610608139913602,0.396551724137931,0.793103448275862,116
"UMass-gbqr_2src_mobsgleam_otid10","47",0.68419797049773,0.682622043292987,37.9870007434431,0.233854610612834,0.688096348484051,0.725068373360554,54.7682721325889,0.360470040830623,0.379310344827586,0.853448275862069,116
"UMass-gbqr_2src_mobsgleam_otid10","48",0.956947768684654,1.03275999310071,182.34028207944,0.401121779591505,1.0365485870237,0.874255591538968,289.449345790511,0.534170897447382,0.344827586206897,0.836206896551724,116
"UMass-gbqr_2src_mobsgleam_otid10","49",0.758079878046121,0.78062937782767,6.45001824776298,0.329852837210396,0.78022080197721,0.805140614380488,9.39525358934003,0.512428292591825,0.482758620689655,0.896551724137931,116
"UMass-gbqr_2src_mobsgleam_otid10","50",0.833385728516583,0.856747557745786,3.38629925392855,0.320040829363327,0.829621159600998,0.817226469213712,5.39431139915555,0.512133626240317,0.396551724137931,0.96551724137931,116
"UMass-gbqr_2src_mobsgleam_otid10","51",0.688986401329866,0.66453354421919,50.605098055092,0.227580039369443,0.735256818880405,0.74319459720316,71.286153243867,0.346599915329399,0.336206896551724,0.862068965517241,116
"UMass-gbqr_2src_mobsgleam_otid10","53",0.729494312636614,0.659233890499236,16.3909329931605,0.23209131621721,0.695872781802782,0.699853889552117,23.3355196783956,0.350786991396214,0.586206896551724,0.96551724137931,116
"UMass-gbqr_2src_mobsgleam_otid10","54",0.900251952566376,0.862819394191889,22.3956108483268,0.421294362974272,0.890353113759008,0.821087203238692,32.5648375099988,0.622939102993149,0.327586206896552,0.767241379310345,116
"UMass-gbqr_2src_mobsgleam_otid10","55",0.689501568292429,0.607260847298093,26.1700046372162,0.269726427106188,0.734662559462836,0.643432548452455,41.4051551145855,0.435802347722142,0.379310344827586,0.870689655172414,116
"UMass-gbqr_2src_mobsgleam_otid10","56",0.758061298441037,0.836885467824554,7.39401102140222,0.390057229631691,0.817517278410268,0.833579779741217,11.2438658363407,0.600227628665303,0.362068965517241,0.836206896551724,116
"UMass-gbqr_2src_mobsgleam_otid10","72",0.971913085169618,0.872033567956661,12.9043694206389,0.179273742778353,1.02229925100786,0.940874423147026,20.3243962282419,0.273855471239271,0.456896551724138,0.905172413793103,116
"UMass-gbqr_2src_mobsgleam_otid50","01",0.947669959645738,0.984525553880502,33.3005549401868,0.664743685030355,0.929692163148804,0.89069118213784,44.086191674661,0.95328369100126,0.05,0.85,20
"UMass-gbqr_2src_mobsgleam_otid50","02",0.779927510801623,0.741485033496659,1.75448369948041,0.285063142715916,0.832609215090629,0.786738164509292,2.84775425784864,0.441328507312386,0.5,1,20
"UMass-gbqr_2src_mobsgleam_otid50","04",0.650351504876421,0.549594721830884,85.7829820206493,0.227391850811117,0.78179367762714,0.736663030942344,123.567883543382,0.360406437808817,0.45,0.85,20
"UMass-gbqr_2src_mobsgleam_otid50","05",0.714289970429148,0.685535489368808,24.8618579357548,0.503178789866767,0.721593179623919,0.721329694758935,34.5806128763423,0.712109595922226,0.35,0.7,20
"UMass-gbqr_2src_mobsgleam_otid50","06",0.627236427632326,0.4312071005938,98.9989284199076,0.22088442678094,0.737641089488786,0.548217624144403,164.949747136982,0.376257636045568,0.15,0.95,20
"UMass-gbqr_2src_mobsgleam_otid50","08",0.845581764142106,0.700819125946335,26.4938674579775,0.271234025076722,0.886560133220969,0.71888149549593,40.4424076517959,0.421465056736205,0.25,0.8,20
"UMass-gbqr_2src_mobsgleam_otid50","09",0.709481835369,0.63868910319934,19.5313176553825,0.271273069990674,0.719933488881294,0.633465507931286,29.2049266402447,0.398083879324325,0.3,0.8,20
"UMass-gbqr_2src_mobsgleam_otid50","10",0.926257711634662,0.861332977672517,5.67562295787018,0.362196991286102,0.931494724194643,0.855374712532842,8.17688896646692,0.545021687477832,0.45,0.85,20
"UMass-gbqr_2src_mobsgleam_otid50","11",0.779506010763713,0.824110174210236,7.32971867028751,0.367119973000021,0.808207999875698,0.804040519082358,10.1901410258183,0.558623225832559,0.4,0.75,20
"UMass-gbqr_2src_mobsgleam_otid50","12",0.699425616699363,0.636688277945426,93.2060504841955,0.24218389417518,0.721060165490395,0.626367731211833,136.470585428043,0.347654807730529,0.25,0.85,20
"UMass-gbqr_2src_mobsgleam_otid50","13",0.707059777143307,0.692466229296015,113.269589627373,0.525996008994708,0.743828275432034,0.663535157519878,128.676401987519,0.699201454435476,0.35,0.75,20
"UMass-gbqr_2src_mobsgleam_otid50","15",0.80504718830223,0.809510371137733,3.37024100222307,0.309907538133634,0.86211459248531,0.868526434021459,5.6742208072822,0.503002933929166,0.3,0.95,20
"UMass-gbqr_2src_mobsgleam_otid50","16",0.803585329409685,0.722832317449987,16.0542039647715,0.556221223564191,0.836225982109457,0.762762623697704,24.102195529204,0.916780523169979,0.1,0.8,20
"UMass-gbqr_2src_mobsgleam_otid50","17",0.747350689938868,0.734475072671388,52.7950816892118,0.463863432865931,0.749133247287199,0.710457559616693,77.8277606901206,0.648078499758956,0.15,0.6,20
"UMass-gbqr_2src_mobsgleam_otid50","18",0.915069827655745,0.751207506414989,47.7007225028618,0.398035976668885,0.938282991914197,0.734239835701679,71.5442169857774,0.59675622281185,0.15,0.85,20
"UMass-gbqr_2src_mobsgleam_otid50","19",0.743300059402521,0.744536668799169,15.3618431860263,0.433635008454828,0.792047338613582,0.75138706353352,23.9841362632431,0.682065690351097,0.1,0.85,20
"UMass-gbqr_2src_mobsgleam_otid50","20",1.37684168995908,0.860114593588532,28.169323199103,0.459876317341145,1.37501801241219,0.872287946235767,40.9087420152037,0.701062141487692,0,0.75,20
"UMass-gbqr_2src_mobsgleam_otid50","21",1.06979425884333,0.932137278791018,38.4990088725351,0.606955282006489,0.967520742859074,0.890594832881618,50.4883552067745,0.861224283402018,0.1,0.6,20
"UMass-gbqr_2src_mobsgleam_otid50","22",0.827526947351432,0.816710596867677,25.6720258300926,0.362887763583776,0.942472534579991,0.832768924177676,38.1747685992005,0.557018382746283,0.3,0.9,20
"UMass-gbqr_2src_mobsgleam_otid50","23",1.26644586638631,0.889900316639091,9.75593810233613,0.256585972691959,1.22427250442795,0.842589358838709,14.6267277639127,0.374768194828077,0.6,0.95,20
"UMass-gbqr_2src_mobsgleam_otid50","24",0.864363289142475,0.873722756432076,36.0899157151129,0.629916784217053,0.872931377488852,0.806117208169394,50.4101726035286,0.941948178395172,0.1,0.65,20
"UMass-gbqr_2src_mobsgleam_otid50","25",0.807246206060317,0.675488298086488,93.7751718462408,0.462363338992214,0.769018863827247,0.666019108791387,108.469876598963,0.575994529669344,0.333333333333333,0.777777777777778,20
"UMass-gbqr_2src_mobsgleam_otid50","26",0.675498801023228,0.532793490519945,66.7854171259152,0.231959229223843,0.663497359222457,0.53873502916936,98.8272399729564,0.347514324716689,0.35,0.7,20
"UMass-gbqr_2src_mobsgleam_otid50","27",0.783492741830088,0.797275603803144,20.5412698949948,0.558019165666832,0.737941692446469,0.737725570733587,28.7943178343788,0.723926297361454,0.277777777777778,0.666666666666667,20
"UMass-gbqr_2src_mobsgleam_otid50","28",0.773775770653661,0.673973409380286,25.8281307253345,0.298953445254978,0.794455352149273,0.747325534947418,33.5937021777834,0.447944216688898,0.35,0.85,20
"UMass-gbqr_2src_mobsgleam_otid50","29",0.643603062439153,0.56733442696809,29.1305720238394,0.230260064024275,0.655835968150754,0.575170916494614,45.081755971255,0.359838189634956,0.3,0.95,20
"UMass-gbqr_2src_mobsgleam_otid50","30",0.8937442476212,0.832986666240317,12.8161511414966,0.499652131099238,0.978159131064405,0.821204960047996,17.3569086568063,0.769355815192457,0.35,0.8,20
"UMass-gbqr_2src_mobsgleam_otid50","31",0.786126198119084,0.831771922101164,11.802523284037,0.598709511906258,0.759788826209726,0.826519152285715,16.8781841133898,0.841284480028429,0.15,0.65,20
"UMass-gbqr_2src_mobsgleam_otid50","32",0.709885268651189,0.654853394603844,11.350034652214,0.405679269040972,0.760444124856874,0.677900485158734,17.8838300709961,0.626186600146353,0.4,0.95,20
"UMass-gbqr_2src_mobsgleam_otid50","33",0.914625704972205,0.869914260140862,4.73740544725183,0.364815666292757,0.953019606832235,0.866041838182199,7.29213981328076,0.61280792635633,0.3,0.95,20
"UMass-gbqr_2src_mobsgleam_otid50","34",0.715566410982951,0.601030263762511,66.5750647267594,0.229735582578383,0.709200866208283,0.604756007730442,84.6008665057232,0.318627970205663,0.6,0.8,20
"UMass-gbqr_2src_mobsgleam_otid50","35",0.765560899337496,0.667320928608925,18.0772178406786,0.258582840211639,0.886058606985588,0.722550938339389,28.1648968853002,0.384791381252846,0.5,0.9,20
"UMass-gbqr_2src_mobsgleam_otid50","36",0.741318336464067,0.704181095244432,91.6487500302573,0.334610323764792,0.897661350227577,0.762519476761714,156.598420237242,0.517215074384697,0.1,0.9,20
"UMass-gbqr_2src_mobsgleam_otid50","37",0.679318830774443,0.865832297766023,79.8290131347553,0.794160309452846,0.814719266863155,0.813717438723682,113.562140945034,1.17919311430211,0.15,0.7,20
"UMass-gbqr_2src_mobsgleam_otid50","38",0.958947383343288,0.977965574088852,5.04360011162861,0.461973469145215,0.947837179073939,0.871033949247328,7.46342550438367,0.693265321905042,0.4,0.9,20
"UMass-gbqr_2src_mobsgleam_otid50","39",0.851214160947512,0.725093941986375,76.0932706044764,0.483401625501789,0.872556247667177,0.749186559053629,105.950711499355,0.688900111804211,0.05,0.75,20
"UMass-gbqr_2src_mobsgleam_otid50","40",1.65422241751425,0.880644820164872,53.7648774487881,0.406074295950131,1.60046517785408,0.862906542852666,76.3390617243306,0.587121666463785,0.2,0.8,20
"UMass-gbqr_2src_mobsgleam_otid50","41",0.864652917456089,0.742000477075376,13.4484844699835,0.237933593579449,0.909806480706152,0.845629880100852,20.2088330788974,0.359357543624434,0.6,0.9,20
"UMass-gbqr_2src_mobsgleam_otid50","42",0.738681946448813,0.574775291039422,61.4084318733672,0.167563357072364,0.763646486914107,0.613514182479722,89.4639250096508,0.253566585092515,0.3,0.9,20
"UMass-gbqr_2src_mobsgleam_otid50","44",0.759891601777278,0.766214314823687,5.41386372152498,0.339867091660944,0.787014268955568,0.804411802814081,7.48800848073115,0.536707716181902,0.4,0.85,20
"UMass-gbqr_2src_mobsgleam_otid50","45",0.623923594151606,0.535611641015762,46.9543148783526,0.233479845866472,0.750017267833968,0.635123832362097,64.2864019186775,0.349149167960412,0.55,0.85,20
"UMass-gbqr_2src_mobsgleam_otid50","46",0.867980372943961,0.814033273155758,8.61930612245299,0.498004539824643,0.804449133853112,0.735759703697088,12.1336780019789,0.715529413125446,0.2,0.65,20
"UMass-gbqr_2src_mobsgleam_otid50","47",0.721836589699817,0.630894971924505,40.166619212531,0.286952613055354,0.690650721096058,0.621805359857958,55.2206255654999,0.417796692664425,0.35,0.85,20
"UMass-gbqr_2src_mobsgleam_otid50","48",0.899145341686019,0.979772392674012,174.955343434149,0.955072901792372,0.926824217013835,0.82848925503194,241.121233625572,1.16367746427862,0.2,0.6,20
"UMass-gbqr_2src_mobsgleam_otid50","49",0.827854050627459,0.693816039706514,6.8596655392957,0.362011843856429,0.846476843103769,0.687958074663811,9.13033210866856,0.556472109726755,0.6,0.85,20
"UMass-gbqr_2src_mobsgleam_otid50","50",0.662327109849473,0.773775546615534,2.68323332091965,0.353456094568403,0.681616706698353,0.756282359724091,4.55395595329353,0.568294570676478,0.35,0.9,20
"UMass-gbqr_2src_mobsgleam_otid50","51",0.776548959257281,0.707294031069994,64.9382898747561,0.286713777807671,0.804843224858378,0.758903219171413,81.1656027220759,0.40094419381713,0.35,0.8,20
"UMass-gbqr_2src_mobsgleam_otid50","53",0.736530170223257,0.653114303007662,12.2731684799667,0.175360184376238,0.778245357987289,0.686084192701769,19.6029066497991,0.265752087148281,0.6,0.95,20
"UMass-gbqr_2src_mobsgleam_otid50","54",0.838125957681656,0.793714416227384,21.7002466528671,0.709123338429427,0.800794124787341,0.765185902494187,28.3655802819591,1.01527925459068,0.15,0.7,20
"UMass-gbqr_2src_mobsgleam_otid50","55",0.677358723831383,0.632410789788426,19.8231450804741,0.306359178802754,0.704877015957048,0.641634403171693,31.2108515762925,0.489561865454209,0.35,0.8,20
"UMass-gbqr_2src_mobsgleam_otid50","56",0.788646376529819,0.85149871906466,5.58020030440471,0.328545077399119,0.913101354809264,0.87262618077216,9.33583012853688,0.517428943314514,0.3,0.9,20
"UMass-gbqr_2src_mobsgleam_otid50","72",0.563410195949031,0.620419589575408,4.18446687794354,0.1492995189458,0.533148473462283,0.623164049305351,5.58967699773372,0.194449545813145,0.7,0.95,20
"UMass-gbqr_2src_nihflu_otid10","01",0.740313849503641,0.914933731784623,27.299594953328,0.350377174525133,0.82950979068907,0.87189010996398,43.8522378853159,0.536184443212797,0.318965517241379,0.810344827586207,116
"UMass-gbqr_2src_nihflu_otid10","02",0.973080473395783,0.8569092611432,3.92502964289999,0.320270808060577,0.982638424962494,0.89798291759284,5.98658173798625,0.493126575684087,0.448275862068966,0.827586206896552,116
"UMass-gbqr_2src_nihflu_otid10","04",0.528521808947905,0.435516382253921,67.0802584168686,0.192169536407152,0.597701246181218,0.532228653826729,97.1479718755129,0.289511564083092,0.439655172413793,0.913793103448276,116
"UMass-gbqr_2src_nihflu_otid10","05",1.07448150196316,0.939298726561434,39.4756380246074,0.438148263298341,1.13939359421272,0.976445581403156,60.1292735928525,0.654908399929353,0.206896551724138,0.78448275862069,116
"UMass-gbqr_2src_nihflu_otid10","06",0.503364582789682,0.440836045863364,94.0478067110907,0.185656026249737,0.569277029821029,0.539361594116491,149.99544791305,0.292471372815812,0.568965517241379,0.96551724137931,116
"UMass-gbqr_2src_nihflu_otid10","08",0.794518536357987,0.632240659431961,29.3354688662138,0.231584021608538,0.838680360188369,0.678341474533746,46.9114942609369,0.371781427863135,0.370689655172414,0.896551724137931,116
"UMass-gbqr_2src_nihflu_otid10","09",0.807908877021227,0.696954095771275,21.6094200407599,0.274013418124963,0.830113804254673,0.722187556096583,33.9522990599697,0.436105237606886,0.422413793103448,0.870689655172414,116
"UMass-gbqr_2src_nihflu_otid10","10",0.85372166795604,0.903354663791906,5.79924064161884,0.379119650468134,0.839799077683875,0.917781510940273,8.40744559272482,0.593877318406481,0.28448275862069,0.853448275862069,116
"UMass-gbqr_2src_nihflu_otid10","11",0.691283417185424,0.765274238562973,5.60479453300549,0.361814052157204,0.66749414891943,0.68308575661377,7.75253105232571,0.517385684640658,0.396551724137931,0.78448275862069,116
"UMass-gbqr_2src_nihflu_otid10","12",0.722363152998146,0.678293821096063,95.2151890353906,0.156820404844807,0.80120213226084,0.720054892972977,159.846377497892,0.261572212737081,0.46551724137931,0.879310344827586,116
"UMass-gbqr_2src_nihflu_otid10","13",0.700352410470646,0.689318897099874,75.9484398293481,0.309307974321322,0.766170834617358,0.712214291716039,102.449913269736,0.452872344186705,0.318965517241379,0.836206896551724,116
"UMass-gbqr_2src_nihflu_otid10","15",0.811164438470733,0.789042892834936,3.98003722297962,0.262207209003286,0.834056956902915,0.841952002914506,6.27092286980095,0.410822099153771,0.422413793103448,0.887931034482759,116
"UMass-gbqr_2src_nihflu_otid10","16",0.726555745855851,0.818719184516804,14.3831748466443,0.425100679015729,0.732058259560619,0.802662386043031,21.2706234425224,0.642614105425436,0.336206896551724,0.810344827586207,116
"UMass-gbqr_2src_nihflu_otid10","17",0.712978438994296,0.669266770439664,44.9646437893406,0.266715170733708,0.73451506120027,0.695341997608618,70.0506697414892,0.413172224172478,0.517241379310345,0.827586206896552,116
"UMass-gbqr_2src_nihflu_otid10","18",1.05768106592084,0.802367120668192,64.7979602319583,0.303404890100326,1.16803016961752,0.851854547359352,105.618620211511,0.498684992582404,0.293103448275862,0.758620689655172,116
"UMass-gbqr_2src_nihflu_otid10","19",0.962296204406539,0.812136545111172,21.8918311947629,0.367651279947542,1.00845102570781,0.84206215588088,33.9643000683975,0.586352040948515,0.344827586206897,0.758620689655172,116
"UMass-gbqr_2src_nihflu_otid10","20",0.821207996741229,0.765215779274902,17.0605103880749,0.333062622234835,0.822953631791794,0.784683598721819,25.3941066415144,0.512500198697028,0.422413793103448,0.801724137931034,116
"UMass-gbqr_2src_nihflu_otid10","21",1.04575591011206,0.985127517811757,40.3469114205283,0.414019085475746,1.03703363655541,0.966494112107572,61.5008328723842,0.618416797559585,0.293103448275862,0.724137931034483,116
"UMass-gbqr_2src_nihflu_otid10","22",0.611355381361506,0.675323806480187,24.0427449327214,0.241394580010634,0.700546199193517,0.712174108598809,37.7218443943162,0.376747782484558,0.336206896551724,0.862068965517241,116
"UMass-gbqr_2src_nihflu_otid10","23",0.94902883079982,0.87539281165866,10.5273735421305,0.378907849627802,0.95205537526687,0.877240925539892,16.032274964696,0.584865271078024,0.474137931034483,0.836206896551724,116
"UMass-gbqr_2src_nihflu_otid10","24",0.706324818369651,0.751714488020714,29.7358750683654,0.365723897634901,0.744771490827996,0.741658844708298,44.4527478871189,0.575834330295145,0.362068965517241,0.767241379310345,116
"UMass-gbqr_2src_nihflu_otid10","25",0.9448032474641,0.769250565440453,83.3613809528998,0.337494092007398,0.93340201948322,0.813202335830006,115.569248419114,0.501289745440931,0.345132743362832,0.769911504424779,116
"UMass-gbqr_2src_nihflu_otid10","26",0.849586073627466,0.708328193178028,109.672952850339,0.339988194619674,0.857868134026514,0.775296262252056,155.738464160048,0.524869395518361,0.28448275862069,0.75,116
"UMass-gbqr_2src_nihflu_otid10","27",0.936132587101926,0.864455185738156,23.380747526105,0.364584485102014,0.986017636374428,0.885438752432097,37.604571440147,0.56721734552153,0.398230088495575,0.823008849557522,116
"UMass-gbqr_2src_nihflu_otid10","28",0.605192730131097,0.573269319791947,19.7800460709218,0.199719647841424,0.667846845312763,0.688970555867424,29.7501358687141,0.328967718710315,0.543103448275862,0.913793103448276,116
"UMass-gbqr_2src_nihflu_otid10","29",0.926249124801315,0.811459668634485,55.3794109394625,0.326034654290079,0.968453077024863,0.873823755377334,86.0934102567279,0.518503321827028,0.301724137931034,0.75,116
"UMass-gbqr_2src_nihflu_otid10","30",0.838553291290556,0.779850934612718,13.8537369695247,0.410203899684607,0.877890622400299,0.745264620677804,19.5391627606935,0.619290766251644,0.318965517241379,0.793103448275862,116
"UMass-gbqr_2src_nihflu_otid10","31",1.0573575330087,1.05277161248542,12.8106651754336,0.471019837761153,0.999296838229636,1.05417577334881,18.6136745829518,0.69412065525732,0.344827586206897,0.698275862068966,116
"UMass-gbqr_2src_nihflu_otid10","32",0.600067603263448,0.671799030093068,11.3296781469742,0.265010566708045,0.684701721564671,0.717305915396099,19.6225502467086,0.43302212067904,0.474137931034483,0.931034482758621,116
"UMass-gbqr_2src_nihflu_otid10","33",0.839358497838823,0.887491848542089,6.07125828384187,0.379696876194347,0.842005713986941,0.864888240544868,9.52961369320757,0.613749377152997,0.387931034482759,0.879310344827586,116
"UMass-gbqr_2src_nihflu_otid10","34",0.692899116757598,0.621192386629626,58.7670535332978,0.257995159940256,0.729582719756999,0.669245000514461,86.3304715460043,0.398835800373606,0.456896551724138,0.887931034482759,116
"UMass-gbqr_2src_nihflu_otid10","35",0.528544407962782,0.562731609924531,14.5342410109068,0.254969510256016,0.601563277529261,0.657265876954933,23.1737526706195,0.413817800977847,0.456896551724138,0.931034482758621,116
"UMass-gbqr_2src_nihflu_otid10","36",0.729843582032189,0.641828666882231,107.354900011187,0.255990170359466,0.795028639140735,0.702838303506069,169.113364099488,0.409399889616891,0.353448275862069,0.879310344827586,116
"UMass-gbqr_2src_nihflu_otid10","37",0.515059273663915,0.703813490411025,58.4107302179545,0.356280821068221,0.560337267238341,0.694286689954336,78.8491641859186,0.533943049925385,0.448275862068966,0.853448275862069,116
"UMass-gbqr_2src_nihflu_otid10","38",0.843167211190397,0.861792949795221,5.37299225731456,0.339740090159989,0.83834052218359,0.764184088962175,8.14584347088041,0.508762727383719,0.413793103448276,0.836206896551724,116
"UMass-gbqr_2src_nihflu_otid10","39",0.981563840045847,0.810563233422594,89.3256051987254,0.373222702287081,1.06151634324308,0.859615874590713,136.484279404895,0.567022879521294,0.293103448275862,0.767241379310345,116
"UMass-gbqr_2src_nihflu_otid10","40",0.920073712403755,0.825062476396917,46.5014637485464,0.359376092369111,0.962976854326721,0.913830973670843,71.4094511843127,0.581744570201542,0.293103448275862,0.818965517241379,116
"UMass-gbqr_2src_nihflu_otid10","41",0.878271875728559,0.854755798144204,15.8464855899815,0.308800240826459,0.997076288973184,1.04810963426719,25.879458314224,0.520532080901585,0.405172413793103,0.922413793103448,116
"UMass-gbqr_2src_nihflu_otid10","42",0.675897437650326,0.61726167834326,71.130689570341,0.226537529234864,0.733316361116306,0.703697936783153,110.364448904743,0.360277959342567,0.422413793103448,0.879310344827586,116
"UMass-gbqr_2src_nihflu_otid10","44",0.742916660994052,0.795120205448389,4.98955542720257,0.348977794191854,0.727244424624724,0.760661883037819,7.27852504720079,0.539960586928248,0.439655172413793,0.836206896551724,116
"UMass-gbqr_2src_nihflu_otid10","45",0.515394713455821,0.505008802666657,34.833270548608,0.200791346430337,0.601552237331468,0.608492980763088,50.3337046479574,0.323090597927142,0.431034482758621,0.879310344827586,116
"UMass-gbqr_2src_nihflu_otid10","46",0.85406313280657,0.908075985160189,7.54954645241354,0.430057397365549,0.814600229888513,0.843685098407325,11.1378323261012,0.654094123716423,0.387931034482759,0.741379310344828,116
"UMass-gbqr_2src_nihflu_otid10","47",0.713246459050528,0.704350001678851,40.1390928348877,0.245631989183574,0.743382445273598,0.798158200100674,59.6734403331103,0.401552207340857,0.405172413793103,0.862068965517241,116
"UMass-gbqr_2src_nihflu_otid10","48",1.00655970192591,1.0865856298554,193.172061828043,0.422621175887311,1.12177660006761,0.93017576181874,314.981881429651,0.571654820104534,0.293103448275862,0.801724137931034,116
"UMass-gbqr_2src_nihflu_otid10","49",0.748326238336153,0.782822421133243,6.4083953577423,0.330122628396897,0.819750706437434,0.858878519240682,9.92699577620275,0.543798562984236,0.525862068965517,0.905172413793103,116
"UMass-gbqr_2src_nihflu_otid10","50",0.896650341168504,0.900500994993453,3.71322268496302,0.341197900470056,0.914468581834239,0.859959536037389,6.12528156641392,0.555569609011613,0.379310344827586,0.853448275862069,116
"UMass-gbqr_2src_nihflu_otid10","51",0.676276985980256,0.645869884594129,50.3922199018088,0.225842622767474,0.768710956789644,0.759250067101416,76.4331669823157,0.365246828775396,0.405172413793103,0.853448275862069,116
"UMass-gbqr_2src_nihflu_otid10","53",0.757329396692163,0.712884771763278,17.4994943268494,0.254526458660283,0.727818786707472,0.731063583072934,25.0280252646041,0.374518698035474,0.543103448275862,0.948275862068966,116
"UMass-gbqr_2src_nihflu_otid10","54",0.996151922666924,0.982727036879508,24.8335011576676,0.479475435789396,0.991632377412001,0.926100926603263,36.3642173879965,0.711571630461502,0.327586206896552,0.71551724137931,116
"UMass-gbqr_2src_nihflu_otid10","55",0.75660453603849,0.659026732071685,28.7692618793982,0.295538258556272,0.800680378376585,0.700571519357684,44.8516844996618,0.478150497836885,0.413793103448276,0.836206896551724,116
"UMass-gbqr_2src_nihflu_otid10","56",0.789428623738114,0.863895018465799,7.71669005465454,0.402105768537754,0.857346202849542,0.843480927085762,11.7336938933689,0.604774969684274,0.258620689655172,0.793103448275862,116
"UMass-gbqr_2src_nihflu_otid10","72",0.966422763850022,0.903548072251047,12.3634543146934,0.182025926374755,1.05958724452555,1.02386359558182,19.9008180430085,0.288329296224343,0.456896551724138,0.870689655172414,116
"UMass-gbqr_2src_utseirs_otid10","01",0.721365805040334,0.800361644326852,26.4500410014185,0.310572360016729,0.768468082283721,0.786678729002017,39.9795009450906,0.483828534982521,0.362068965517241,0.879310344827586,116
"UMass-gbqr_2src_utseirs_otid10","02",1.09072216199057,0.986616213824142,4.39811271170458,0.366588924250328,1.02334112519514,0.992959695861676,6.214507012319,0.540467696894571,0.379310344827586,0.78448275862069,116
"UMass-gbqr_2src_utseirs_otid10","04",0.578738560353499,0.484997691425798,74.2590499733034,0.215886546901865,0.688506900767816,0.62295658015987,111.471022479256,0.335859364174553,0.482758620689655,0.913793103448276,116
"UMass-gbqr_2src_utseirs_otid10","05",0.936822053670372,0.904186592978743,33.018493685834,0.410265946590727,0.971032934169275,0.918215094022905,49.2538600613236,0.596632794305405,0.293103448275862,0.741379310344828,116
"UMass-gbqr_2src_utseirs_otid10","06",0.578861147317183,0.497018773051914,107.385713370139,0.206405706249362,0.617706846418211,0.593259602372994,160.857875016909,0.319101889198709,0.594827586206897,0.931034482758621,116
"UMass-gbqr_2src_utseirs_otid10","08",0.800963419798402,0.669578205516555,28.2189023228071,0.235242888403356,0.833810685158135,0.706476289493123,44.482497383311,0.374400649032882,0.405172413793103,0.905172413793103,116
"UMass-gbqr_2src_utseirs_otid10","09",0.885627377686715,0.803890927389184,23.2066195282068,0.305837170385945,0.860803700422474,0.788351641385971,34.3972366542224,0.460043788369751,0.396551724137931,0.818965517241379,116
"UMass-gbqr_2src_utseirs_otid10","10",0.892415046685689,0.932514374794641,5.94065495350984,0.380277748842426,0.905274084856872,0.972037386047529,8.88374363060696,0.60345321899762,0.21551724137931,0.879310344827586,116
"UMass-gbqr_2src_utseirs_otid10","11",0.842423066257307,0.925628901466573,6.62569000600303,0.421850357046326,0.810227831614738,0.845147563672474,9.10318554644746,0.616585222879372,0.353448275862069,0.732758620689655,116
"UMass-gbqr_2src_utseirs_otid10","12",0.822470692434349,0.770008239773546,105.283742570103,0.173730620331135,0.803193078162383,0.737065961400397,154.605779446578,0.260959098838114,0.46551724137931,0.879310344827586,116
"UMass-gbqr_2src_utseirs_otid10","13",0.66021388018308,0.636664174393081,71.4573444526529,0.288407339770108,0.738345558952496,0.695593936745011,98.5791753214598,0.441983824439228,0.448275862068966,0.844827586206897,116
"UMass-gbqr_2src_utseirs_otid10","15",1.07527064297678,1.0803121698199,5.22341448557351,0.356724192087149,1.08007325128561,1.09751310055337,8.12579239470756,0.539286132571596,0.353448275862069,0.836206896551724,116
"UMass-gbqr_2src_utseirs_otid10","16",0.763776151512876,0.880515964625148,14.896340188091,0.450361523566815,0.766081055196533,0.835274109247404,21.7168489535487,0.655533123781696,0.327586206896552,0.827586206896552,116
"UMass-gbqr_2src_utseirs_otid10","17",0.7800801257388,0.711631326271211,48.2195816787258,0.280518080345316,0.760349320264436,0.722867059659975,70.770684743318,0.420731489542034,0.474137931034483,0.844827586206897,116
"UMass-gbqr_2src_utseirs_otid10","18",0.902405626701009,0.697555388601099,54.1039545878279,0.260392928993146,0.933489042503986,0.710610835875824,81.8572285044257,0.402016250528872,0.396551724137931,0.870689655172414,116
"UMass-gbqr_2src_utseirs_otid10","19",0.950527881463503,0.844053835489634,20.9884421757635,0.375574599403002,0.920180692429946,0.793760328707711,30.0771701105763,0.5368090899485,0.379310344827586,0.758620689655172,116
"UMass-gbqr_2src_utseirs_otid10","20",0.92863105258967,0.900160220317725,18.7903757308017,0.383623548522099,0.897077795925,0.875133613494122,27.2253218374736,0.562114317325378,0.431034482758621,0.78448275862069,116
"UMass-gbqr_2src_utseirs_otid10","21",0.982471173216428,0.903418130296846,37.3801894726563,0.378390743859112,0.93706033528131,0.905703843458693,54.9146795116204,0.573365179256646,0.28448275862069,0.801724137931034,116
"UMass-gbqr_2src_utseirs_otid10","22",0.664107167251585,0.673106999034485,26.3455827182357,0.245468958725301,0.736331851044876,0.732573478688935,39.6943073709182,0.390750047042876,0.336206896551724,0.879310344827586,116
"UMass-gbqr_2src_utseirs_otid10","23",1.01290131800937,0.964974706628177,10.826743640082,0.398889695214688,0.946618809258444,0.965397804392324,15.3829201760046,0.613040718775649,0.396551724137931,0.827586206896552,116
"UMass-gbqr_2src_utseirs_otid10","24",0.753149085830577,0.741679026782757,31.7587551112607,0.365466744413919,0.817634727073549,0.765175076244062,48.0810776992218,0.588947105121223,0.344827586206897,0.836206896551724,116
"UMass-gbqr_2src_utseirs_otid10","25",0.880458513638343,0.782980209686321,74.6213248427787,0.327289707845601,0.892554408585072,0.830828695239338,108.108673380045,0.492496327106431,0.353982300884956,0.814159292035398,116
"UMass-gbqr_2src_utseirs_otid10","26",0.834797602510433,0.737476751656687,104.174243702882,0.338894770210862,0.860051298732526,0.785173130873338,153.359670191099,0.512177993768259,0.336206896551724,0.75,116
"UMass-gbqr_2src_utseirs_otid10","27",0.879309747258379,0.838288043267148,21.2604931161641,0.346837917210329,0.901844446742641,0.824669577093807,33.3189353256921,0.514687920180926,0.380530973451327,0.858407079646018,116
"UMass-gbqr_2src_utseirs_otid10","28",0.709883519265807,0.666396498723133,23.1946034341444,0.232903068819369,0.718727596389818,0.736388245332814,32.1090587062605,0.353121809172448,0.439655172413793,0.905172413793103,116
"UMass-gbqr_2src_utseirs_otid10","29",0.877507137728689,0.768274057483633,51.8348096276779,0.305949651082127,0.89821689796547,0.82465386884367,78.4671291300078,0.477565307159626,0.301724137931034,0.78448275862069,116
"UMass-gbqr_2src_utseirs_otid10","30",0.826265250813384,0.841398637848888,13.224184638357,0.441097844322009,0.877680279759497,0.808769611405215,18.9780611161218,0.667907683795503,0.336206896551724,0.793103448275862,116
"UMass-gbqr_2src_utseirs_otid10","31",1.05866482484537,1.05295735979945,12.4667752526855,0.460718262505442,0.959191791167593,1.02312969304011,17.3793004590465,0.655641993409033,0.353448275862069,0.672413793103448,116
"UMass-gbqr_2src_utseirs_otid10","32",0.671199780751729,0.767731914481641,12.460942894399,0.299352279282343,0.661563266262693,0.731826392048146,18.3334952134339,0.436270315357943,0.517241379310345,0.879310344827586,116
"UMass-gbqr_2src_utseirs_otid10","33",0.912269356195791,1.00059965850753,6.51606214059888,0.423362878595057,0.894598060592557,0.951618188125923,9.90694083014513,0.666878013136115,0.344827586206897,0.836206896551724,116
"UMass-gbqr_2src_utseirs_otid10","34",0.689765153547129,0.661881177554581,57.220614098121,0.265244240119792,0.765361352357831,0.747881264095426,89.0076182625086,0.42822482304945,0.370689655172414,0.931034482758621,116
"UMass-gbqr_2src_utseirs_otid10","35",0.604635700902434,0.629261884562945,16.6649014224875,0.281907515095794,0.675354174098332,0.717641389571898,25.7356143162104,0.443478790665695,0.405172413793103,0.922413793103448,116
"UMass-gbqr_2src_utseirs_otid10","36",0.716471513704259,0.636564531290136,103.034789529358,0.249311921089758,0.83234225859608,0.735640951661211,173.248863470524,0.416854313495021,0.387931034482759,0.879310344827586,116
"UMass-gbqr_2src_utseirs_otid10","37",0.577173829935532,0.625947654572381,67.1310838464843,0.324873973216,0.667228812805893,0.657421088194592,97.2305358226893,0.51737043313608,0.491379310344828,0.862068965517241,116
"UMass-gbqr_2src_utseirs_otid10","38",0.926390899690972,0.960059586339433,5.82023206070213,0.381058591076025,0.928693902414137,0.875794259121398,8.78851911485242,0.583594165097788,0.387931034482759,0.870689655172414,116
"UMass-gbqr_2src_utseirs_otid10","39",0.944386966533817,0.794873697176725,83.7851097504004,0.359408606993884,0.97639569883372,0.835541180725422,123.077205018411,0.538532156218696,0.336206896551724,0.775862068965517,116
"UMass-gbqr_2src_utseirs_otid10","40",0.933270384314278,0.833006972924341,46.5704112756729,0.358307138944463,0.940819759628267,0.863250795163867,69.4813660799501,0.544055538919897,0.327586206896552,0.775862068965517,116
"UMass-gbqr_2src_utseirs_otid10","41",0.878174944424261,0.811028098268684,15.7798546505782,0.29383972136004,0.931855145682462,0.945461444965563,23.8931944719043,0.471584795269203,0.422413793103448,0.922413793103448,116
"UMass-gbqr_2src_utseirs_otid10","42",0.723503240613417,0.639432210240112,76.8300021325298,0.232151683053457,0.799333273426586,0.747166938267577,121.475646793372,0.376922586128553,0.396551724137931,0.879310344827586,116
"UMass-gbqr_2src_utseirs_otid10","44",0.878492361898934,0.936532346219931,5.71803904959106,0.392593751495625,0.867419653092518,0.905192219998593,8.45974352670443,0.614640261519302,0.353448275862069,0.827586206896552,116
"UMass-gbqr_2src_utseirs_otid10","45",0.574772479795397,0.560445896030259,38.9488932607775,0.219717550790433,0.734863158424111,0.668206687166946,62.3611879318186,0.354783847843472,0.431034482758621,0.870689655172414,116
"UMass-gbqr_2src_utseirs_otid10","46",0.956663803196818,1.01768849256617,8.42070597202256,0.48017355952349,0.920036632449994,0.935063067663551,12.4342403026778,0.716117287963258,0.28448275862069,0.706896551724138,116
"UMass-gbqr_2src_utseirs_otid10","47",0.666076690563662,0.692410100304992,37.1911312683603,0.23458139354776,0.726336693803068,0.762528312429608,57.8188966923391,0.374555126133809,0.422413793103448,0.913793103448276,116
"UMass-gbqr_2src_utseirs_otid10","48",0.842630173626477,1.01046334435297,155.930287550283,0.388587379385248,0.837882552869075,0.804750546097391,225.349532441219,0.48429323659862,0.517241379310345,0.844827586206897,116
"UMass-gbqr_2src_utseirs_otid10","49",0.841173100984624,0.881332939691479,7.08968718543826,0.363335714577216,0.843393347701258,0.913239142006478,10.146706925342,0.565617021235062,0.336206896551724,0.887931034482759,116
"UMass-gbqr_2src_utseirs_otid10","50",0.990461250239931,1.03526227744678,3.91329707058077,0.37992103357372,0.945394897602707,0.936759259344501,5.99459393721812,0.580738120276162,0.318965517241379,0.801724137931034,116
"UMass-gbqr_2src_utseirs_otid10","51",0.7373426911784,0.714992980529999,54.176946717264,0.244300837552705,0.808345781234282,0.795771278920483,79.5151170257724,0.373985542259454,0.405172413793103,0.836206896551724,116
"UMass-gbqr_2src_utseirs_otid10","53",0.795448282956261,0.73604980721687,18.0451136137426,0.258460999064751,0.76913863792595,0.754692865865469,25.7631846495471,0.37496153567778,0.586206896551724,0.931034482758621,116
"UMass-gbqr_2src_utseirs_otid10","54",0.950773158222086,0.943946390476268,23.0498463005661,0.454717546046107,0.906099356737881,0.872289498195824,32.6029405380303,0.657634441350447,0.336206896551724,0.75,116
"UMass-gbqr_2src_utseirs_otid10","55",0.771096235503309,0.703998735458887,28.9588064196188,0.310455033184178,0.839764911380017,0.74376533184357,46.7704757474376,0.501349052357851,0.396551724137931,0.896551724137931,116
"UMass-gbqr_2src_utseirs_otid10","56",0.828881469181752,0.873045381637976,7.99818094234098,0.400961041423113,0.852867853508796,0.84597983953558,11.5342131036714,0.601027874531886,0.327586206896552,0.758620689655172,116
"UMass-gbqr_2src_utseirs_otid10","72",1.07172916566292,0.959187434136798,13.8062422235641,0.192802762464196,0.999366160837925,0.973597043855445,18.8142320433745,0.273570959075828,0.456896551724138,0.844827586206897,116
"UMass-gbqr_2src_utseirs_otid50","01",0.71716773676751,0.793332613721114,9.83475058459274,0.642992824177566,0.853565640068204,0.75471931148086,16.776064724629,0.959759573054457,0.3,0.65,20
"UMass-gbqr_2src_utseirs_otid50","02",1.08211762427889,1.1234411959685,2.12315739313759,0.415691004492045,1.07302114139673,1.2189125788999,3.33780905874438,0.680885290541517,0.25,0.8,20
"UMass-gbqr_2src_utseirs_otid50","04",0.794826609851006,0.734178472092194,13.6831673925655,0.160731027704816,1.02862229112348,1.06069361060566,21.3666297145058,0.259435898481603,0.5,1,20
"UMass-gbqr_2src_utseirs_otid50","05",1.25816712696274,1.05635162265177,28.4582888161989,0.869364737451548,1.16871558922644,0.975464857031397,37.69117106026,1.07503302664751,0.15,0.4,20
"UMass-gbqr_2src_utseirs_otid50","06",0.679317549127365,0.641963039086364,33.8667923433875,0.327169622514052,0.752090045296432,0.730334612287593,54.0701924125424,0.497644124862909,0.5,0.85,20
"UMass-gbqr_2src_utseirs_otid50","08",0.972598458249564,0.981517179248961,10.3950023898809,0.362201553403252,1.10751085746469,1.15711566585423,18.4215708447441,0.655584493425845,0.5,0.95,20
"UMass-gbqr_2src_utseirs_otid50","09",1.15381317585503,1.04659127682024,17.5677505241315,0.403965146863484,1.14316540406134,0.993111014460275,27.2326239892085,0.576924552668529,0.3,0.65,20
"UMass-gbqr_2src_utseirs_otid50","10",1.2201311382406,1.04262485556614,3.67692577646,0.385214626841374,1.27827483304157,1.07685099515275,5.82948344561708,0.619147976757102,0.2,0.85,20
"UMass-gbqr_2src_utseirs_otid50","11",1.28519592016213,1.04416001238609,5.54685626048549,0.364283583190086,1.40899526817743,0.983106857123198,9.39929841964542,0.586279699401249,0.25,0.6,20
"UMass-gbqr_2src_utseirs_otid50","12",0.813827836246708,0.840599940547363,55.1398489839582,0.311561138454508,0.74490015391921,0.743813273377924,74.8758703831027,0.411513922287792,0.35,0.6,20
"UMass-gbqr_2src_utseirs_otid50","13",0.630793502807668,0.611130480037695,11.2805035544114,0.378877750620225,0.710711993274834,0.685702536458038,18.8545230942532,0.65136204740607,0.25,0.8,20
"UMass-gbqr_2src_utseirs_otid50","15",1.55119273891722,1.43288283774158,4.97767872273479,0.561776341348463,1.46020508057804,1.35321754390982,7.21732312733763,0.794878524190736,0.35,0.6,20
"UMass-gbqr_2src_utseirs_otid50","16",1.11102170095185,1.09988634257892,10.5282245487582,1.02910156358771,1.07101631688315,0.928166301521613,15.1880942092406,1.32545381492099,0.3,0.6,20
"UMass-gbqr_2src_utseirs_otid50","17",0.809264588646348,0.714373770712615,29.0546868972155,0.479505450393062,0.730243796923938,0.686364929669776,38.6861119470644,0.654533212084301,0.45,0.7,20
"UMass-gbqr_2src_utseirs_otid50","18",0.824707667772572,0.558604112217251,20.6241095416693,0.285925096325184,0.804895119765289,0.594238850946335,29.9888250399906,0.468155042575905,0.35,0.8,20
"UMass-gbqr_2src_utseirs_otid50","19",1.03452893896497,0.868870380014866,16.79874125253,0.602665745326298,0.987183619586047,0.764912885628406,23.9139473801807,0.794322763540586,0.15,0.55,20
"UMass-gbqr_2src_utseirs_otid50","20",1.30350260701054,1.11466038435369,13.2281525405943,0.611080702988124,1.29456653865323,0.989168560551382,20.6253366591322,0.838017929344157,0.35,0.65,20
"UMass-gbqr_2src_utseirs_otid50","21",0.692767677572032,0.701563606568987,11.2396393422243,0.445235173032287,0.624061334484685,0.7026884790069,15.7045652655927,0.68310925318361,0.4,0.7,20
"UMass-gbqr_2src_utseirs_otid50","22",0.679615270911734,0.677447404658593,7.54391167678275,0.364596362111205,0.777649187781201,0.730145979826373,12.4233678144574,0.594602762666508,0.4,0.8,20
"UMass-gbqr_2src_utseirs_otid50","23",1.00484400323005,1.01361320669911,3.24216231052138,0.235725524166162,1.10069456518019,1.12464705241376,5.3197466868128,0.389505963649957,0.35,0.85,20
"UMass-gbqr_2src_utseirs_otid50","24",0.883132852187295,0.551252815033303,18.9314579109503,0.433173123976673,0.999070628661101,0.600226136256564,32.3829568911557,0.784263006355995,0.25,0.9,20
"UMass-gbqr_2src_utseirs_otid50","25",1.06938941028745,0.926130154021053,27.2939921789874,0.227681691186239,0.96474476773332,0.853599503738169,38.8968733222264,0.320033141116621,0.235294117647059,0.705882352941177,20
"UMass-gbqr_2src_utseirs_otid50","26",1.03705448026758,0.818654443897903,54.6477400024487,0.299001337650863,0.957639525060527,0.828215723821295,76.5762023032935,0.447516756650965,0.35,0.7,20
"UMass-gbqr_2src_utseirs_otid50","27",0.810259336278468,0.855669623320437,12.7843459525905,0.666749190155068,0.89673212160469,0.807773473357169,20.7387879875221,0.854854643700405,0.235294117647059,0.705882352941177,20
"UMass-gbqr_2src_utseirs_otid50","28",0.793871900754147,0.619843309270933,7.76431840617466,0.197848576193204,0.890668099504892,0.72244556402117,12.8003652249182,0.324707972586103,0.45,1,20
"UMass-gbqr_2src_utseirs_otid50","29",0.811616954925179,0.619695271798499,24.7851412764511,0.274265108420963,0.804207186770523,0.70158176014357,37.7230829946017,0.47832937562189,0.2,0.8,20
"UMass-gbqr_2src_utseirs_otid50","30",0.953157631199472,0.98197479252076,5.34460927668949,0.588499063143764,1.03793861947196,0.971532818746613,8.12319990931056,0.917402548597846,0.25,0.7,20
"UMass-gbqr_2src_utseirs_otid50","31",1.01136276255689,0.99040256695163,8.58128110036192,0.65254824540892,0.877381919992413,0.910984665868099,11.9370890852332,0.871594538343598,0.15,0.6,20
"UMass-gbqr_2src_utseirs_otid50","32",0.84881369189158,0.974934429756786,7.34245093710689,0.739099397909898,0.863074734728886,0.873072780881205,11.4218752394799,0.975284919710692,0.25,0.55,20
"UMass-gbqr_2src_utseirs_otid50","33",0.947329491727504,0.990178270712017,3.20383135537395,0.539413160880156,0.876513148230749,0.750173014924688,4.64150835531007,0.682398630781891,0.4,0.65,20
"UMass-gbqr_2src_utseirs_otid50","34",0.640002402984938,0.59511697965259,14.8952033592266,0.145396034623801,0.676527006139878,0.633868021665725,23.2746857320272,0.234487527843501,0.5,1,20
"UMass-gbqr_2src_utseirs_otid50","35",1.17335137993114,1.05384053589047,9.27998363170984,0.337268888971902,1.47860696001374,1.48311608340171,16.1216208019759,0.611158070062578,0.35,1,20
"UMass-gbqr_2src_utseirs_otid50","36",0.698208269118078,0.577001414802306,45.8104720614382,0.290910160337839,0.758783763746311,0.649923022540708,73.2568655196742,0.468215726242801,0.4,0.8,20
"UMass-gbqr_2src_utseirs_otid50","37",0.460060836155992,0.395074931235537,10.0808440491721,0.39658569852075,0.460957547679614,0.338719327097023,13.8045149176944,0.547292783267632,0.65,0.8,20
"UMass-gbqr_2src_utseirs_otid50","38",1.08519755671632,0.9573656755793,5.37416260098219,0.579081603913366,1.1297857141334,0.794362710924755,8.96020677872928,0.81965160982773,0.2,0.55,20
"UMass-gbqr_2src_utseirs_otid50","39",0.909577770661174,0.707125586688585,40.2416572141752,0.435549824188604,0.903514386867592,0.755552259705775,58.380963786383,0.667156821358786,0.3,0.55,20
"UMass-gbqr_2src_utseirs_otid50","40",1.34236917691473,0.872120021193224,18.2591985356931,0.379263255111347,1.61518770056466,0.955279397725163,33.329663916746,0.637754563821451,0.4,0.85,20
"UMass-gbqr_2src_utseirs_otid50","41",0.838268455042248,0.78446712285218,5.5368759037174,0.172946760863403,0.933333081548356,0.93592438668912,8.43929249770622,0.261860074455999,0.65,1,20
"UMass-gbqr_2src_utseirs_otid50","42",0.798415961129978,0.68370035296493,29.2045102740921,0.149979749520426,0.810710380295132,0.755985747732372,42.0644521202278,0.225490988583896,0.55,0.8,20
"UMass-gbqr_2src_utseirs_otid50","44",0.900217176030669,0.953654716333566,2.44344642704883,0.309036636471255,0.882555310974202,0.868032413387963,3.58564864438439,0.453383081155194,0.3,0.7,20
"UMass-gbqr_2src_utseirs_otid50","45",0.845225588051501,0.848243415782828,11.9158353782073,0.29137371853384,0.907218105366328,0.864219458269368,18.1273637404569,0.434677233765669,0.25,0.75,20
"UMass-gbqr_2src_utseirs_otid50","46",1.05003029621785,1.12271840629142,6.47513751766133,0.705014238645464,1.01292705931262,0.943995787191787,9.91683727090378,0.930664594932023,0.2,0.6,20
"UMass-gbqr_2src_utseirs_otid50","47",0.659672932574881,0.684578388250551,11.6934023195036,0.252274330470043,0.621102034567347,0.645192914117535,16.6575570415513,0.360757786148685,0.4,0.8,20
"UMass-gbqr_2src_utseirs_otid50","48",0.943379311178424,1.11219418356823,77.5190849119434,1.48386165673163,1.00319569750949,0.895748638361369,111.104946001022,1.67027430717849,0.4,0.55,20
"UMass-gbqr_2src_utseirs_otid50","49",1.34301096064538,1.30502901090754,2.99466187236145,0.615020714401036,1.32367496509169,1.28334800789481,4.39797170786519,1.00989903771484,0.45,0.95,20
"UMass-gbqr_2src_utseirs_otid50","50",1.37793749692772,1.2910853362477,4.30909749039128,0.657930928001685,1.36867897600624,1.07496671149084,6.63027286934669,0.880480473642834,0.15,0.5,20
"UMass-gbqr_2src_utseirs_otid50","51",0.751252982677975,0.723721952859015,16.4926631769479,0.182470703676727,0.75761139606778,0.733005107495695,22.899479027309,0.251450212100473,0.55,0.75,20
"UMass-gbqr_2src_utseirs_otid50","53",0.922746576080993,1.00273081211972,8.36186297952453,0.289963207629022,1.01766178988984,1.19393649776247,13.7328068403529,0.483788612404463,0.5,1,20
"UMass-gbqr_2src_utseirs_otid50","54",1.07992892392508,0.997236049191712,12.0835418986441,0.802664844034492,0.971630067914509,0.849188720831057,16.9682331175432,1.0933295152289,0.25,0.6,20
"UMass-gbqr_2src_utseirs_otid50","55",0.632372639264465,0.617954991551456,11.1310768000619,0.303516186655787,0.650235120397271,0.600822404440024,17.2684459202458,0.474341498386264,0.45,0.75,20
"UMass-gbqr_2src_utseirs_otid50","56",0.94860166172151,0.997450271668959,2.05175966422081,0.393417761595966,1.14727067890018,1.01526026301668,3.45146544734212,0.640380914780608,0.4,0.8,20
"UMass-gbqr_2src_utseirs_otid50","72",1.01787352617067,1.0015229158311,7.22587154871784,0.252335892604177,1.07265683750524,1.03465274537621,11.2026778517645,0.353067661739688,0.35,0.85,20
"UMass-gbqr_3src_spatial","01",0.424143652600938,0.600868127118355,15.8272584368424,0.229944179392198,0.491757452832986,0.594468143665884,26.2349074763935,0.360804645056067,0.474137931034483,0.974137931034483,116
"UMass-gbqr_3src_spatial","02",0.831848613773255,0.803410105072704,3.28461657249449,0.297527457832132,0.887557840689786,0.854245860751393,5.30601987132587,0.46499264289414,0.525862068965517,0.948275862068966,116
"UMass-gbqr_3src_spatial","04",0.404535656361684,0.402378249954749,51.6074784396599,0.181027032972574,0.485249735600591,0.500998247957992,78.7635648652602,0.27452735283799,0.525862068965517,0.948275862068966,116
"UMass-gbqr_3src_spatial","05",0.693066356350108,0.584902670569674,25.1486262450901,0.268189561687022,0.808230762139542,0.670714790711073,41.795154987544,0.433298371767978,0.336206896551724,0.974137931034483,116
"UMass-gbqr_3src_spatial","06",0.377389105065855,0.422030163792614,68.8438397917488,0.172530188139521,0.366998741606272,0.464136940201919,94.4112628088247,0.246040332685244,0.586206896551724,0.991379310344828,116
"UMass-gbqr_3src_spatial","08",0.541260518111613,0.559403400140042,19.9717182606018,0.207192148048565,0.524873714797878,0.540400436050332,28.9920580117121,0.299649161674448,0.568965517241379,0.939655172413793,116
"UMass-gbqr_3src_spatial","09",0.736391814559963,0.644743452560822,19.6987612941401,0.252943143175535,0.754498651050542,0.682281551920152,30.737532185583,0.407697095447865,0.387931034482759,0.96551724137931,116
"UMass-gbqr_3src_spatial","10",0.613959517903888,0.620837866554861,4.18881700213227,0.25285196916468,0.657200139048906,0.655605722592336,6.60333483684921,0.404388168691652,0.53448275862069,0.96551724137931,116
"UMass-gbqr_3src_spatial","11",0.553779587639794,0.671575143172394,4.47676869909662,0.314692352116383,0.633493878270386,0.678596408766858,7.26659718835783,0.50441618242237,0.293103448275862,0.896551724137931,116
"UMass-gbqr_3src_spatial","12",0.570141150279262,0.656736532170862,73.1057325825353,0.148433623594227,0.578163987723638,0.624127204137573,111.983496484964,0.221865370405548,0.474137931034483,0.913793103448276,116
"UMass-gbqr_3src_spatial","13",0.568988922637293,0.596195956001371,62.5321551302992,0.272495644146215,0.637406612254831,0.604435545243959,86.6074339609073,0.389230031969729,0.448275862068966,0.810344827586207,116
"UMass-gbqr_3src_spatial","15",0.802171612290587,0.817964737607803,3.88210959070904,0.268539217987951,0.824967215865053,0.862138467065692,6.09030513884281,0.414795340517755,0.448275862068966,0.939655172413793,116
"UMass-gbqr_3src_spatial","16",0.482206152906624,0.556715832573342,9.5659501880106,0.284523811001019,0.525525967679439,0.592619953943065,15.3571607464193,0.459615901848935,0.508620689655172,0.982758620689655,116
"UMass-gbqr_3src_spatial","17",0.566103808402611,0.593916126716366,35.4704827523752,0.233811857948242,0.558658278641187,0.589003190596131,53.277502656175,0.344945712842638,0.422413793103448,0.931034482758621,116
"UMass-gbqr_3src_spatial","18",0.678081711369992,0.571560750467973,42.0380527354885,0.217115860475959,0.704523003316082,0.582895220917593,63.7671246280001,0.336714952848361,0.431034482758621,0.991379310344828,116
"UMass-gbqr_3src_spatial","19",0.780869747443537,0.647714198012336,17.9864118091124,0.297180348595228,0.807908830425825,0.67211124962367,27.5237107049398,0.466284422497426,0.379310344827586,0.922413793103448,116
"UMass-gbqr_3src_spatial","20",0.619906636225768,0.579497763133882,12.8453842819972,0.249057836907345,0.634789279174621,0.615112374400221,19.6533705066779,0.394139796646345,0.431034482758621,0.948275862068966,116
"UMass-gbqr_3src_spatial","21",0.619797185312173,0.586549880924079,24.4331482012302,0.244706441107368,0.634048210433458,0.614908014452105,38.4536661147079,0.385522719661391,0.5,0.974137931034483,116
"UMass-gbqr_3src_spatial","22",0.437836901239754,0.563659697706149,17.4173510845343,0.203048842114722,0.512010382134642,0.606575793954349,27.5812260989102,0.321135271475442,0.387931034482759,0.974137931034483,116
"UMass-gbqr_3src_spatial","23",0.74753597958339,0.665994835511054,7.9943180404799,0.2749222277585,0.729086196828531,0.658067323419675,12.0294607701914,0.42430887905781,0.525862068965517,0.948275862068966,116
"UMass-gbqr_3src_spatial","24",0.473295035596728,0.568210477252674,20.0520776696608,0.277076636138886,0.535058448266979,0.575819513805253,31.9763453066631,0.440682616565776,0.439655172413793,0.939655172413793,116
"UMass-gbqr_3src_spatial","25",0.662968087217541,0.534104430591964,57.4773509634826,0.229950189086518,0.723323940552706,0.602315244358183,89.3154038529215,0.364859306633813,0.353982300884956,0.929203539823009,116
"UMass-gbqr_3src_spatial","26",0.684361284805492,0.540897471901211,88.2763244394663,0.2570428842011,0.697638575352389,0.586686640909916,127.521451640348,0.392146611332114,0.474137931034483,0.905172413793103,116
"UMass-gbqr_3src_spatial","27",0.602470983838307,0.597813097434979,14.8172560495962,0.246767692808907,0.590807399336784,0.578929538506556,22.1940918833822,0.355557138449332,0.592920353982301,0.973451327433628,116
"UMass-gbqr_3src_spatial","28",0.385503561786254,0.424037938878431,12.7288310752791,0.147244466278855,0.449754976156355,0.487990048845303,20.0911128947709,0.231008663076303,0.551724137931034,0.991379310344828,116
"UMass-gbqr_3src_spatial","29",0.666488153646825,0.536677257201683,39.3255984955077,0.212629650488738,0.656505448780066,0.562719417749947,57.1665538580242,0.322456460296114,0.543103448275862,0.956896551724138,116
"UMass-gbqr_3src_spatial","30",0.57484759216611,0.620324849168658,9.48801455002362,0.327617961853759,0.717230657796028,0.638924553215215,15.9211702125183,0.533272236176713,0.327586206896552,0.939655172413793,116
"UMass-gbqr_3src_spatial","31",0.814241285985677,0.730249838262266,9.77137572888176,0.319003526350707,0.79911738980156,0.778796782487501,14.7776087018397,0.497339949152866,0.405172413793103,0.870689655172414,116
"UMass-gbqr_3src_spatial","32",0.502876288416285,0.621652418762021,9.37108268946722,0.242185701805506,0.477172398896772,0.605732535425279,13.4294801146298,0.357518769550176,0.543103448275862,0.974137931034483,116
"UMass-gbqr_3src_spatial","33",0.681909184849184,0.637798247456251,4.94353536270945,0.267198413606648,0.669943945319257,0.614090244278177,7.78375649561431,0.422662307917904,0.543103448275862,0.991379310344828,116
"UMass-gbqr_3src_spatial","34",0.442108129348497,0.447452054112784,38.0163138485293,0.183596172578464,0.498446943523977,0.495979845093874,60.1652798846508,0.292714618531066,0.439655172413793,0.991379310344828,116
"UMass-gbqr_3src_spatial","35",0.448025012051969,0.45545220557784,12.7866253429131,0.204206537123882,0.510222753871526,0.514122567269114,20.8488617753898,0.32075134655029,0.543103448275862,1,116
"UMass-gbqr_3src_spatial","36",0.579912334182555,0.567653752231706,85.4149223169619,0.225332654606084,0.603830280999668,0.605133567956712,130.361682590477,0.349828938740774,0.413793103448276,0.948275862068966,116
"UMass-gbqr_3src_spatial","37",0.439117498651482,0.631323683601592,51.2698761543581,0.326214362781893,0.521050270045931,0.646350301593092,76.57765685909,0.50738717178676,0.344827586206897,0.862068965517241,116
"UMass-gbqr_3src_spatial","38",0.616645645416939,0.675423229400055,3.8893941843341,0.265361617883608,0.610801675158374,0.628254566297798,5.82151110943107,0.409462096406809,0.525862068965517,0.96551724137931,116
"UMass-gbqr_3src_spatial","39",0.668214441543871,0.560480092764015,61.2569981163085,0.254098489200581,0.751780499309727,0.61015338320576,97.304858488594,0.394624595742077,0.379310344827586,0.948275862068966,116
"UMass-gbqr_3src_spatial","40",0.64490757013966,0.550080593102646,33.1613179874519,0.239404517451102,0.704748491812943,0.597088259333754,54.5177562557256,0.382416255721576,0.474137931034483,0.948275862068966,116
"UMass-gbqr_3src_spatial","41",0.665400579803407,0.594173904467179,11.7367727806182,0.209305588663127,0.670267883335959,0.635345284727468,17.2463508582731,0.315800011462036,0.594827586206897,0.991379310344828,116
"UMass-gbqr_3src_spatial","42",0.517458714696865,0.459967472639759,56.93043470016,0.170635833096413,0.569061198273578,0.524581271219701,90.3305459641144,0.269593491504192,0.474137931034483,0.96551724137931,116
"UMass-gbqr_3src_spatial","44",0.560067219163605,0.596721641927467,3.76024077666505,0.257065423464083,0.590673933214059,0.599557712578467,5.87479938634656,0.415555738421382,0.508620689655172,0.948275862068966,116
"UMass-gbqr_3src_spatial","45",0.380488628315667,0.398384419316968,26.370884210761,0.161196507863126,0.475832107208732,0.459279396483155,40.9265130914551,0.24999694021486,0.46551724137931,0.948275862068966,116
"UMass-gbqr_3src_spatial","46",0.725446489725185,0.681851288314534,6.47421282015935,0.32319631919966,0.709799554627976,0.655197274070416,9.72904134661332,0.499200421917885,0.439655172413793,0.879310344827586,116
"UMass-gbqr_3src_spatial","47",0.402749760392959,0.443465431224342,22.4218544419643,0.149227726276978,0.426043069520413,0.462022262658278,33.8868820911248,0.223961493768685,0.612068965517241,0.982758620689655,116
"UMass-gbqr_3src_spatial","48",0.579438015440827,0.898700480641269,107.364644689001,0.343083409190616,0.582170477960535,0.703829827792654,155.912468824219,0.418432535494247,0.525862068965517,0.887931034482759,116
"UMass-gbqr_3src_spatial","49",0.505481528166523,0.62493929236656,4.32813129012947,0.254759131361888,0.578610730003037,0.676117442653143,6.94930828793917,0.41265145682473,0.508620689655172,1,116
"UMass-gbqr_3src_spatial","50",0.659577948269973,0.686225241943758,2.6145339525961,0.251891650888759,0.622020995743145,0.630128340048453,3.91760540938303,0.385624609972529,0.525862068965517,0.96551724137931,116
"UMass-gbqr_3src_spatial","51",0.46189325555813,0.477212690678259,34.2416029416677,0.164818465714072,0.526035680933325,0.530903234225548,51.6862855916569,0.251376551450093,0.439655172413793,0.931034482758621,116
"UMass-gbqr_3src_spatial","53",0.806667193172402,0.609855707962887,18.3976125181279,0.213463798445304,0.809544382612548,0.618910543639561,27.7848222330382,0.30940615381023,0.603448275862069,0.96551724137931,116
"UMass-gbqr_3src_spatial","54",0.630337037272436,0.60643447295026,15.8312850039564,0.29505036951426,0.681961265773806,0.630097700385609,25.0564803187191,0.471657209708146,0.448275862068966,0.939655172413793,116
"UMass-gbqr_3src_spatial","55",0.558258860954012,0.518891004584234,21.1639465445659,0.232010170773432,0.570963403218627,0.547212269887252,32.1786138684993,0.368458832054066,0.53448275862069,1,116
"UMass-gbqr_3src_spatial","56",0.655052710756928,0.769037758089054,6.41186227037041,0.359943948194093,0.706966703073499,0.753859992473438,9.70081125075594,0.539954609157202,0.387931034482759,0.810344827586207,116
"UMass-gbqr_3src_spatial","72",0.883197569675391,0.839255551239465,11.0766237187797,0.166832385733719,0.970813144878663,0.926713746469348,18.1163246330342,0.258632796807778,0.577586206896552,0.948275862068966,116
"UMass-trends_ensemble","01",1.01034465065231,0.897260866102066,38.3408170914543,0.360354093764078,0.942000714498503,0.835353505799661,50.4224137931034,0.519517283431635,0.353448275862069,0.655172413793103,116
"UMass-trends_ensemble","02",1.13530686494947,1.08307256048803,4.57689092953523,0.402655268094199,1.03520902283847,1.04715729480875,6.25,0.572657492272449,0.405172413793103,0.741379310344828,116
"UMass-trends_ensemble","04",0.904281276608169,0.793664548552104,120.72977886057,0.36525479759592,0.975986255780983,0.865039935584916,165.133620689655,0.483225029570853,0.310344827586207,0.612068965517241,116
"UMass-trends_ensemble","05",0.940825294468066,0.832404011556688,33.4279872563718,0.393813060720821,0.856163088333811,0.813782014305158,43.1853448275862,0.535442061880673,0.387931034482759,0.663793103448276,116
"UMass-trends_ensemble","06",0.932456836437227,0.841165447819509,178.799643928036,0.359829317939163,0.871878977917627,0.816636491792874,237.176724137931,0.454452296062405,0.327586206896552,0.577586206896552,116
"UMass-trends_ensemble","08",0.917917104496981,0.844970601741596,33.6083170914543,0.310159253299783,0.876300871536677,0.79458143646196,47.7758620689655,0.430644942394689,0.327586206896552,0.646551724137931,116
"UMass-trends_ensemble","09",1.01592418828016,1.06223375194063,26.2420764617691,0.410484987155558,0.98191018262262,0.990090272615903,38.4525862068966,0.581994699394723,0.318965517241379,0.646551724137931,116
"UMass-trends_ensemble","10",1.11701443872774,1.04578017622858,7.47747938530735,0.427172257029684,1.01631430667408,0.921125162793818,9.875,0.565932730023564,0.491379310344828,0.672413793103448,116
"UMass-trends_ensemble","11",1.06541822668744,1.07807670300201,8.52313718140929,0.497751017086372,0.996402164973598,0.951920103562155,11.2715517241379,0.697951245930329,0.396551724137931,0.620689655172414,116
"UMass-trends_ensemble","12",0.923199351016991,0.866369451639133,120.730687781109,0.199983419206787,0.837957474515212,0.790581195709785,162.495689655172,0.28212822733446,0.362068965517241,0.672413793103448,116
"UMass-trends_ensemble","13",0.842082327879074,0.867147744974154,95.7876461769115,0.411175246822159,0.874468084939971,0.790963322469056,121.918103448276,0.520177603770884,0.456896551724138,0.663793103448276,116
"UMass-trends_ensemble","15",1.11727603089552,1.14469150595783,5.4070296101949,0.376988847467261,1.10027394689384,1.10920289890784,8.12931034482759,0.537638470519233,0.422413793103448,0.793103448275862,116
"UMass-trends_ensemble","16",1.07406497056281,0.968988129146916,21.5589917541229,0.514461821485091,1.0184706645139,0.95053606545849,29.4181034482759,0.753388210213599,0.293103448275862,0.603448275862069,116
"UMass-trends_ensemble","17",1.1011556880399,0.978368687194132,68.5801386806597,0.393886174628428,0.98221767311217,0.898901860957255,91.7068965517241,0.529483686272508,0.224137931034483,0.5,116
"UMass-trends_ensemble","18",0.995548190304484,0.80864019633362,57.9793890554723,0.304859029774173,0.933426720016933,0.775746344119311,79.6939655172414,0.441403060816497,0.258620689655172,0.603448275862069,116
"UMass-trends_ensemble","19",0.98423995748174,0.929270660348884,21.2774325337331,0.420212512967599,0.934003803629102,0.899803914150728,29.6422413793103,0.614130684931223,0.25,0.594827586206897,116
"UMass-trends_ensemble","20",1.05078756099372,0.923369442801717,21.1430865817091,0.401900676809896,0.965599744698166,0.885110487910858,28.5043103448276,0.564408525505357,0.327586206896552,0.568965517241379,116
"UMass-trends_ensemble","21",1.04670705338656,0.869612805479107,39.3743740629685,0.362829580411037,0.955102690898915,0.850404389294297,54.0689655172414,0.526433193392059,0.310344827586207,0.655172413793103,116
"UMass-trends_ensemble","22",0.89478156889668,0.816389823437089,37.4333864317841,0.310124611672829,0.904900106019963,0.799925563495455,50.5215517241379,0.43413962077285,0.301724137931034,0.655172413793103,116
"UMass-trends_ensemble","23",1.0669305249994,0.999463679735692,11.0472919790105,0.406689416560871,0.988837462748188,0.932974735919709,15.5560344827586,0.580285475741286,0.336206896551724,0.71551724137931,116
"UMass-trends_ensemble","24",1.053972441367,0.9331781965734,45.1470014992504,0.47368983198388,1.02498568192066,0.880933759191481,61.6508620689655,0.687081105944098,0.25,0.594827586206897,116
"UMass-trends_ensemble","25",1.04146678768435,0.928790082932713,87.5384532512505,0.391895054946861,1.00412570236318,0.886831533904792,118.137168141593,0.520242380052423,0.230088495575221,0.52212389380531,116
"UMass-trends_ensemble","26",1.0234834010392,0.895877657059557,123.047627436282,0.404129232325275,0.96415794013632,0.851446163277473,164.525862068966,0.546249901060979,0.25,0.46551724137931,116
"UMass-trends_ensemble","27",1.04738951421699,0.981817556044798,24.6660253943825,0.41106439430218,0.96617495274874,0.898300944091461,34.4557522123894,0.558042900046663,0.168141592920354,0.530973451327434,116
"UMass-trends_ensemble","28",0.972227282322379,0.923247412056561,32.2818515742129,0.324950010513934,0.995202494519274,0.935327131683647,44.9525862068966,0.4521530392349,0.336206896551724,0.71551724137931,116
"UMass-trends_ensemble","29",1.01557162946601,0.851641864495775,58.9731615442279,0.344587983022469,0.928900730717451,0.853528229941891,79.6508620689655,0.493301132098729,0.232758620689655,0.517241379310345,116
"UMass-trends_ensemble","30",1.01835815226912,1.02486310305494,16.5621607946027,0.548742441590988,1.038353181907,0.92747790621611,22.6120689655172,0.775530785654251,0.362068965517241,0.612068965517241,116
"UMass-trends_ensemble","31",1.1277695620394,1.03236769956743,12.9705059970015,0.452092829557469,0.989062543969071,0.987562750566262,17.4698275862069,0.624861353480723,0.224137931034483,0.594827586206897,116
"UMass-trends_ensemble","32",1.12469701018418,1.05482545294293,22.0207796101949,0.433150046059197,0.995667222836165,0.938058910961694,28.8663793103448,0.574387588311035,0.310344827586207,0.577586206896552,116
"UMass-trends_ensemble","33",1.10098604421184,1.11228234794603,7.9346607946027,0.479685564115228,0.995809515869158,0.954592191229357,11,0.66177845387759,0.370689655172414,0.663793103448276,116
"UMass-trends_ensemble","34",0.978476713852613,0.848150450068829,83.3080284857571,0.345349620714862,0.985598708102015,0.867310682120816,115.586206896552,0.49502943485033,0.293103448275862,0.655172413793103,116
"UMass-trends_ensemble","35",1.10828447156075,1.06913729918023,31.6343628185907,0.491232410323552,1.03685603176657,1.0036862968627,40.7672413793103,0.634404999905282,0.353448275862069,0.629310344827586,116
"UMass-trends_ensemble","36",1.04781586721518,0.96163948993841,150.92160982009,0.383734879817913,0.986196450575018,0.912651254696695,201.771551724138,0.517763271134744,0.275862068965517,0.560344827586207,116
"UMass-trends_ensemble","37",0.931707989423165,0.95626940785789,115.087724887556,0.517966974535515,0.966992067589418,0.859754417732386,148.23275862069,0.69761470035885,0.379310344827586,0.543103448275862,116
"UMass-trends_ensemble","38",0.986978271996084,0.978084218162905,6.11058845577211,0.395279408591673,0.962893392118203,0.912389571322332,8.97844827586207,0.602470466080283,0.396551724137931,0.732758620689655,116
"UMass-trends_ensemble","39",1.01637439513574,0.87218179230375,87.7983452023988,0.399182243513761,0.948298259136971,0.84929416796149,115.362068965517,0.541411899767924,0.267241379310345,0.594827586206897,116
"UMass-trends_ensemble","40",0.954655091413362,0.851422160449391,47.0183302098951,0.368866257432595,0.903632583542875,0.850250863812303,64.6551724137931,0.5325542440992,0.405172413793103,0.75,116
"UMass-trends_ensemble","41",1.02501888400988,0.945678677091032,18.0882308845577,0.336190345171385,0.988225733124611,0.914708970900922,24.8534482758621,0.445084617097013,0.439655172413793,0.672413793103448,116
"UMass-trends_ensemble","42",1.066608750421,0.889014608304255,113.891026986507,0.327865447491684,1.0204827128551,0.887553700317317,156.375,0.449784514120251,0.267241379310345,0.612068965517241,116
"UMass-trends_ensemble","44",1.05656170632328,1.03789214274131,6.81184782608696,0.428371330499586,1.0490012147012,0.975463176000099,10.0862068965517,0.65248090455619,0.318965517241379,0.681034482758621,116
"UMass-trends_ensemble","45",0.93655743406968,0.851691774979844,66.7282215142429,0.348969106341447,0.958646624235654,0.812400442659668,84.176724137931,0.442602985537327,0.379310344827586,0.586206896551724,116
"UMass-trends_ensemble","46",1.14345909532222,1.02431190551413,10.2249062968516,0.49714668103506,1.06569535840338,0.970752715579789,14.4784482758621,0.743316000688302,0.344827586206897,0.706896551724138,116
"UMass-trends_ensemble","47",0.985117761433036,0.855630756577102,56.3689242878561,0.298846854703145,0.96121193866559,0.855606632789648,77.9137931034483,0.423178898661149,0.336206896551724,0.655172413793103,116
"UMass-trends_ensemble","48",0.929670435742797,1.05320766492684,173.969857571214,0.408394842225279,0.871653691889141,0.817312768706282,236.439655172414,0.494159365270479,0.301724137931034,0.568965517241379,116
"UMass-trends_ensemble","49",1.06912593052289,1.01715827353572,9.15086394302849,0.424794860468064,1.04469601073518,0.989899062819236,12.6034482758621,0.616871617302998,0.422413793103448,0.78448275862069,116
"UMass-trends_ensemble","50",1.01804450530173,0.95087436377934,3.96911169415292,0.351838808865443,0.959527856397495,0.916172464659266,5.97413793103448,0.562513529399626,0.28448275862069,0.71551724137931,116
"UMass-trends_ensemble","51",1.0390311300245,0.935184445742891,77.6307814842579,0.322378947581692,1.02242250264255,0.904117730443403,102.487068965517,0.430499212688263,0.327586206896552,0.629310344827586,116
"UMass-trends_ensemble","53",1.00662768678466,0.951890384200654,22.9784688905547,0.340446882951486,0.965443587729584,0.947522249604019,33.0689655172414,0.480292609058465,0.353448275862069,0.689655172413793,116
"UMass-trends_ensemble","54",1.05562398050654,0.887293655540634,25.617676161919,0.441785108597956,0.985494427172828,0.868693058101912,34.7456896551724,0.654335449879266,0.327586206896552,0.612068965517241,116
"UMass-trends_ensemble","55",1.02260818508765,0.945835861314891,38.1081952773613,0.428343958112093,0.985174534953411,0.907878084056534,53.8405172413793,0.613005246915402,0.241379310344828,0.577586206896552,116
"UMass-trends_ensemble","56",0.911460147419681,0.985782944292268,8.8800655922039,0.462538474225207,0.938459089583581,0.922468303536519,12.9870689655172,0.667906158222544,0.482758620689655,0.775862068965517,116
"UMass-trends_ensemble","72",1.0301901098097,1.01609190946729,12.9482196401799,0.202964248779716,1.04120724975022,1.04164294959366,19.3146551724138,0.291405114141358,0.396551724137931,0.78448275862069,116
