"model_id","location","wis_scaled_relative_skill","wis_scaled_relative_skill__log","wis","wis__log","ae_median_scaled_relative_skill","ae_median_scaled_relative_skill__log","ae_median","ae_median__log","interval_coverage_50","interval_coverage_95","n"
"FluSight-baseline","01",1,1,108.670576559546,0.465720369015732,1,1,140.663043478261,0.586876477860539,0.25,0.739130434782609,92
"FluSight-baseline","02",1,1,10.190236294896,0.409523639969628,1,1,15.0326086956522,0.589435539660746,0.260869565217391,0.891304347826087,92
"FluSight-baseline","04",1,1,365.085992438563,0.469070704657519,1,1,433.760869565217,0.541176447771852,0.260869565217391,0.706521739130435,92
"FluSight-baseline","05",1,1,70.6359735349716,0.559547487720557,1,1,94.8478260869565,0.745293095573073,0.260869565217391,0.793478260869565,92
"FluSight-baseline","06",1,1,618.476105860113,0.430128652076784,1,1,791.271739130434,0.496217258318538,0.293478260869565,0.641304347826087,92
"FluSight-baseline","08",1,1,100.050330812854,0.475496822364505,1,1,130.804347826087,0.627844194231231,0.195652173913043,0.804347826086957,92
"FluSight-baseline","09",1,1,72.3427173913043,0.583811867501812,1,1,98.1956521739131,0.815700549847937,0.217391304347826,0.673913043478261,92
"FluSight-baseline","10",1,1,31.0523156899811,0.500984269499045,1,1,38.9782608695652,0.712605509317584,0.304347826086957,0.717391304347826,92
"FluSight-baseline","11",1,1,36.6923440453686,0.694346962510059,1,1,45.5652173913043,0.906106183433271,0.217391304347826,0.630434782608696,92
"FluSight-baseline","12",1,1,466.445652173913,0.363325271431594,1,1,574.478260869565,0.431788531157364,0.195652173913043,0.565217391304348,92
"FluSight-baseline","13",1,1,189.460775047259,0.530917998277475,1,1,240.967391304348,0.655683463536092,0.304347826086957,0.695652173913043,92
"FluSight-baseline","15",1,1,14.9577646502836,0.308361587403635,1,1,19.8804347826087,0.433965475616143,0.260869565217391,0.739130434782609,92
"FluSight-baseline","16",1,1,41.7419896030246,0.482675254076205,1,1,56.0869565217391,0.623546443263529,0.304347826086957,0.847826086956522,92
"FluSight-baseline","17",1,1,319.695245746692,0.539836224246525,1,1,398.402173913043,0.657016798345786,0.217391304347826,0.576086956521739,92
"FluSight-baseline","18",1,1,256.296857277883,0.64767033517249,1,1,320.347826086957,0.814988573862451,0.217391304347826,0.554347826086957,92
"FluSight-baseline","19",1,1,75.4992013232514,0.681949893120647,1,1,97.2282608695652,0.954362243051105,0.217391304347826,0.576086956521739,92
"FluSight-baseline","20",1,1,74.0542627599244,0.588658590950083,1,1,95.3695652173913,0.784694897433645,0.25,0.597826086956522,92
"FluSight-baseline","21",1,1,160.736786389414,0.614468769375566,1,1,212.282608695652,0.810883670851215,0.206521739130435,0.728260869565217,92
"FluSight-baseline","22",1,1,87.9119139886578,0.375450100483689,1,1,117.652173913043,0.488359090758757,0.228260869565217,0.728260869565217,92
"FluSight-baseline","23",1,1,36.3201937618147,0.612206598383777,1,1,48.6195652173913,0.952469472119903,0.217391304347826,0.684782608695652,92
"FluSight-baseline","24",1,1,151.442670132325,0.61153058360357,1,1,185.923913043478,0.80553510045064,0.141304347826087,0.543478260869565,92
"FluSight-baseline","25",1,1,223.271488657845,0.554291796555576,1,1,277.510869565217,0.680271633250297,0.228260869565217,0.597826086956522,92
"FluSight-baseline","26",1,1,238.380458412098,0.513577167861665,1,1,318.619565217391,0.673895918665399,0.217391304347826,0.619565217391304,92
"FluSight-baseline","27",1,1,170.035448960302,0.584868917843065,1,1,203.989130434782,0.766268719326945,0.228260869565217,0.576086956521739,92
"FluSight-baseline","28",1,1,63.5945274102079,0.49526148315002,1,1,83.1956521739131,0.622215601977444,0.293478260869565,0.75,92
"FluSight-baseline","29",1,1,189.54050094518,0.549924172294721,1,1,237.206521739131,0.660171884221185,0.260869565217391,0.673913043478261,92
"FluSight-baseline","30",1,1,28.2523629489603,0.588779364216829,1,1,38.4239130434783,0.921113436268387,0.260869565217391,0.673913043478261,92
"FluSight-baseline","31",1,1,47.4416824196597,0.627116228561856,1,1,59.6521739130435,0.849262919805141,0.260869565217391,0.630434782608696,92
"FluSight-baseline","32",1,1,41.388156899811,0.362964890273701,1,1,56.3260869565217,0.463354216772813,0.369565217391304,0.815217391304348,92
"FluSight-baseline","33",1,1,45.0129631379962,0.626790941995292,1,1,55.3695652173913,0.82836291917914,0.206521739130435,0.565217391304348,92
"FluSight-baseline","34",1,1,280.413166351607,0.644908775133095,1,1,358.663043478261,0.888584587957259,0.16304347826087,0.608695652173913,92
"FluSight-baseline","35",1,1,40.1569896030246,0.384363990474137,1,1,57.5,0.543922020901571,0.293478260869565,0.815217391304348,92
"FluSight-baseline","36",1,1,419.839229678639,0.49865946516719,1,1,545.967391304348,0.674381409994848,0.141304347826087,0.641304347826087,92
"FluSight-baseline","37",1,1,309.482603969754,0.642994896179052,1,1,387.043478260869,0.828794616184139,0.184782608695652,0.641304347826087,92
"FluSight-baseline","38",1,1,14.6982041587902,0.493910766409043,1,1,20.3804347826087,0.778261606598696,0.41304347826087,0.75,92
"FluSight-baseline","39",1,1,531.094305293006,0.740298413761128,1,1,638.95652173913,0.920790929069695,0.130434782608696,0.489130434782609,92
"FluSight-baseline","40",1,1,119.079631379962,0.6414330000674,1,1,155.532608695652,0.794512381573041,0.326086956521739,0.793478260869565,92
"FluSight-baseline","41",1,1,98.2459404536862,0.489750392940157,1,1,128.163043478261,0.613381079309997,0.293478260869565,0.673913043478261,92
"FluSight-baseline","42",1,1,696.186195652174,0.574127056786299,1,1,826.076086956522,0.694466678850831,0.184782608695652,0.478260869565217,92
"FluSight-baseline","44",1,1,26.4036625708885,0.538435161786258,1,1,33.1413043478261,0.734344733881866,0.217391304347826,0.630434782608696,92
"FluSight-baseline","45",1,1,177.094929111531,0.665774204522358,1,1,218.978260869565,0.855606569155266,0.195652173913043,0.641304347826087,92
"FluSight-baseline","46",1,1,24.4089224952741,0.626755763380368,1,1,31.4130434782609,0.916146980789204,0.391304347826087,0.695652173913043,92
"FluSight-baseline","47",1,1,153.804234404537,0.498505914281461,1,1,202.771739130435,0.6401412229113,0.217391304347826,0.75,92
"FluSight-baseline","48",1,1,594.642655954631,0.489128610507264,1,1,736.239130434782,0.554879369512322,0.293478260869565,0.641304347826087,92
"FluSight-baseline","49",1,1,52.4248629489603,0.452567182792095,1,1,63.8260869565217,0.571900556399493,0.217391304347826,0.717391304347826,92
"FluSight-baseline","50",1,1,15.1833742911153,0.545661750843834,1,1,20.1521739130435,0.841697879604329,0.184782608695652,0.706521739130435,92
"FluSight-baseline","51",1,1,158.41525047259,0.545527227005738,1,1,210.021739130435,0.688585712191499,0.184782608695652,0.684782608695652,92
"FluSight-baseline","53",1,1,106.419948015123,0.506434610418504,1,1,143.152173913043,0.671541032807192,0.16304347826087,0.760869565217391,92
"FluSight-baseline","54",1,1,93.0392107750473,0.688445856323543,1,1,118.184782608696,0.985852914501067,0.195652173913043,0.565217391304348,92
"FluSight-baseline","55",1,1,166.608676748582,0.658420787117226,1,1,205.5,0.883914002155983,0.206521739130435,0.576086956521739,92
"FluSight-baseline","56",1,1,16.7467816635161,0.533185787101337,1,1,23.195652173913,0.781925754732473,0.304347826086957,0.83695652173913,92
"UMass-AR2","01",0.84713272102328,0.809972791887086,92.0584012160571,0.377220827530356,0.916012852213109,0.921337929114411,128.849155657498,0.540711558757988,0.369565217391304,0.826086956521739,92
"UMass-AR2","02",0.944473950090858,0.916540185192413,9.62441272579967,0.375344872818434,0.934591785147098,0.959599030624534,14.0493525962873,0.5656217724741,0.402173913043478,0.815217391304348,92
"UMass-AR2","04",0.849909128742155,0.840629526617201,310.289917749424,0.394314684406247,0.959524956506796,1.03376960929953,416.204379503915,0.559451764975214,0.478260869565217,0.793478260869565,92
"UMass-AR2","05",0.90797987164773,0.846890951014843,64.1360421839959,0.473875704013629,0.924004499084922,0.916623020921285,87.639818032772,0.683152808735965,0.347826086956522,0.782608695652174,92
"UMass-AR2","06",0.762045040839791,0.721150823380573,471.306649348605,0.310187631604749,0.802334585176387,0.853157773969966,634.864682577016,0.423351611512524,0.456521739130435,0.728260869565217,92
"UMass-AR2","08",0.853032057065399,0.791518021888331,85.3461395033629,0.37636430425214,0.894957739970808,0.897512376035548,117.06436350879,0.563497934544596,0.315217391304348,0.815217391304348,92
"UMass-AR2","09",0.718570109553283,0.772273224505153,51.9833143612517,0.45086227342,0.787572676754905,0.817907113638679,77.3362126283023,0.66716728231961,0.358695652173913,0.83695652173913,92
"UMass-AR2","10",0.982760729679638,1.03356227095268,30.5169964257283,0.517798439295001,1.03985085205329,1.08660282999333,40.5315777767729,0.774319163093322,0.402173913043478,0.739130434782609,92
"UMass-AR2","11",0.815288817456493,0.899630075274299,29.9148577864554,0.624655410149405,0.887253637389609,0.984129043617336,40.427904868883,0.89172541171794,0.326086956521739,0.66304347826087,92
"UMass-AR2","12",0.814225473593019,0.774987674213983,379.791932046709,0.281572607089935,0.92733167094293,0.925631162705284,532.731885572562,0.399676920137998,0.33695652173913,0.75,92
"UMass-AR2","13",0.920335657425062,0.892458111420224,174.367506959381,0.473822074061721,0.995857809926281,1.01549552992787,239.969258567997,0.665843626268522,0.33695652173913,0.706521739130435,92
"UMass-AR2","15",1.08411662890356,1.10376434794721,16.2159613885982,0.34035852645254,1.08352412873312,1.11169619567263,21.5409307766617,0.482437768295728,0.423913043478261,0.75,92
"UMass-AR2","16",0.923852160086652,0.95718276710054,38.5634272610688,0.462008435307618,0.963170716126587,1.09627889119243,54.0213140784042,0.683580803427922,0.380434782608696,0.815217391304348,92
"UMass-AR2","17",0.641146165670873,0.646316458798517,204.971380993699,0.348905036786176,0.66866350580213,0.661102719197271,266.396994327885,0.434355591944684,0.576086956521739,0.793478260869565,92
"UMass-AR2","18",0.673401173319774,0.637736415542886,172.590604409097,0.413042958006363,0.746168088400311,0.713115703831559,239.0333250145,0.5811811504646,0.423913043478261,0.75,92
"UMass-AR2","19",0.675142725517304,0.740745841096139,50.9727365557596,0.505151547165076,0.759086726743957,0.804589873922298,73.8046822904858,0.76787019681269,0.347826086956522,0.826086956521739,92
"UMass-AR2","20",0.802872939963509,0.80481322772298,59.4561636588907,0.473760220609397,0.849070010639352,0.86732059893581,80.9754377538008,0.680582048424023,0.33695652173913,0.760869565217391,92
"UMass-AR2","21",0.801600932896829,0.765489847711214,128.846757920593,0.470369604692599,0.806208226235551,0.820992946449434,171.143985417177,0.665729774159872,0.423913043478261,0.793478260869565,92
"UMass-AR2","22",0.932686661372871,0.86678412787512,81.9942695529803,0.325434187908381,0.992947545318186,0.9848506442402,116.822437288305,0.48096076515432,0.33695652173913,0.760869565217391,92
"UMass-AR2","23",0.807197464981125,0.888147373706934,29.3175683321601,0.543729682520607,0.888970879497365,0.884432991963151,43.2213776520838,0.84239542498057,0.293478260869565,0.804347826086957,92
"UMass-AR2","24",0.706247614338556,0.755666913320856,106.956024490015,0.462113428513011,0.779358592238947,0.810589182082287,144.901399133122,0.652958038212859,0.380434782608696,0.706521739130435,92
"UMass-AR2","25",0.630367914098404,0.618965282953017,140.743182582891,0.343087378693558,0.706946908140027,0.695341487308379,196.185451214381,0.473021089237962,0.402173913043478,0.804347826086957,92
"UMass-AR2","26",0.805476898489981,0.828937507529787,192.009952302397,0.425723377451455,0.848264671259909,0.93170639428108,270.273720746106,0.627873136500475,0.369565217391304,0.706521739130435,92
"UMass-AR2","27",0.716683271499376,0.795173437651075,121.861561831735,0.465072227976534,0.818342006049573,0.905041103419637,166.932874212308,0.69350468725561,0.467391304347826,0.815217391304348,92
"UMass-AR2","28",0.905630396329547,0.859089133167867,57.5931370628969,0.425473758250783,0.954442879152535,0.982286405331668,79.4054977938424,0.611193927007703,0.347826086956522,0.771739130434783,92
"UMass-AR2","29",0.967310531556034,0.980137251706207,183.344522720679,0.539001166879758,1.01092603041175,1.11583836606985,239.798247409518,0.736645116614619,0.33695652173913,0.706521739130435,92
"UMass-AR2","30",0.916328353310933,0.990846885449255,25.8884412181636,0.583390199251037,0.972104863050942,0.97346760212307,37.3520727270118,0.896674088087527,0.304347826086957,0.760869565217391,92
"UMass-AR2","31",0.757118294111162,0.84442410548521,35.9189656633363,0.529552060338603,0.862579705972046,0.942009963653268,51.4547546345064,0.800014132217709,0.315217391304348,0.826086956521739,92
"UMass-AR2","32",0.925015333041103,0.870991543732718,38.284679738636,0.316139350100268,0.954571619742053,0.962863346676621,53.7672840598187,0.446146791858595,0.510869565217391,0.826086956521739,92
"UMass-AR2","33",1.07510376592644,0.93054683272008,48.3936061851678,0.583258325851354,1.22252808037439,1.02086092871336,67.690848276382,0.845643338984925,0.271739130434783,0.695652173913043,92
"UMass-AR2","34",0.715513177896911,1.03899384169768,200.639315780373,0.670056245820083,0.771318982703279,1.0677648513134,276.643613828914,0.948799390439565,0.33695652173913,0.706521739130435,92
"UMass-AR2","35",1.01947049492733,0.979848337347112,40.938866065387,0.376618417002184,1.06600719759852,1.0731297639666,61.2954138619151,0.583698909906342,0.380434782608696,0.804347826086957,92
"UMass-AR2","36",0.681613086657352,0.582393998079479,286.167913241102,0.290416279598894,0.702792529342585,0.588510003458377,383.701803873356,0.396880205928333,0.489130434782609,0.793478260869565,92
"UMass-AR2","37",0.728851322590175,0.727337687987928,225.566805222007,0.467674421174909,0.787964778317408,0.786105392875851,304.976628547025,0.651519917368822,0.380434782608696,0.717391304347826,92
"UMass-AR2","38",0.884527528064311,0.97171899195321,13.0009661915593,0.479942472049833,0.906089049351568,0.933878220797694,18.4664887775455,0.726801564485545,0.402173913043478,0.804347826086957,92
"UMass-AR2","39",0.77709959376165,0.821449448148525,412.713168892321,0.608117723449306,0.936535964068076,0.981029652037133,598.405762084541,0.903323204744192,0.228260869565217,0.684782608695652,92
"UMass-AR2","40",0.843597565572974,0.805020213004365,100.455287141463,0.516366530342287,0.854644198511507,0.858771059997875,132.925041701099,0.682304240104917,0.489130434782609,0.804347826086957,92
"UMass-AR2","41",0.930256031134634,0.958857507772878,91.3938786415357,0.469600841205386,0.945584227609159,1.03497067018702,121.18895247543,0.634831426733505,0.456521739130435,0.717391304347826,92
"UMass-AR2","42",0.655783276621416,0.699737314912477,456.547264523381,0.401738125134249,0.755024514758903,0.792643710147291,623.707696708281,0.55046464489799,0.369565217391304,0.760869565217391,92
"UMass-AR2","44",0.916842925713815,0.976696830492351,24.2080112410537,0.525887915942274,1.01719723035068,1.05680301544279,33.7112429928178,0.776057729140886,0.293478260869565,0.706521739130435,92
"UMass-AR2","45",0.777800945991626,0.754834603040179,137.744603393269,0.502549407385025,0.852972049828876,0.824919204742163,186.782336041875,0.705806290599732,0.347826086956522,0.684782608695652,92
"UMass-AR2","46",0.803753824653153,0.8660030149647,19.618764811239,0.542772380733901,0.89371264796077,0.898849463613575,28.0742342674633,0.823478222273573,0.33695652173913,0.782608695652174,92
"UMass-AR2","47",0.898617010442938,0.836148763676745,138.21110131407,0.416825103911989,0.93166902521944,0.929809486587177,188.916148537703,0.595209381818443,0.347826086956522,0.760869565217391,92
"UMass-AR2","48",0.772982320788897,0.671556950665258,459.648260239884,0.328477718155393,0.83939587392966,0.793883027705283,617.996088312517,0.44050931387964,0.423913043478261,0.739130434782609,92
"UMass-AR2","49",0.888502271650103,0.896372575810516,46.5796098210966,0.405668811366658,0.94365692981881,0.957629337924182,60.2299292597397,0.547668751183318,0.434782608695652,0.771739130434783,92
"UMass-AR2","50",0.855661618608122,0.961526526439906,12.9918306218687,0.52466824789999,0.92871142134941,0.97028925857881,18.7155540780631,0.816690411548641,0.326086956521739,0.75,92
"UMass-AR2","51",0.80653142286781,0.772687062892347,127.766877367618,0.42152183076287,0.839308337289051,0.879972713588286,176.27299666412,0.605936637695276,0.347826086956522,0.728260869565217,92
"UMass-AR2","53",0.756935330589421,0.748700344646261,80.553018532136,0.379167767361129,0.779866617600235,0.800222556661185,111.639601671686,0.537382282175863,0.510869565217391,0.826086956521739,92
"UMass-AR2","54",0.682375452736601,0.766667965323166,63.4876735748789,0.527809383902736,0.784206726221913,0.842531207803427,92.6813014588137,0.830611846771113,0.304347826086957,0.793478260869565,92
"UMass-AR2","55",0.549258698062344,0.636725008895998,91.5112648768162,0.419232981534526,0.619165333609041,0.712589534028292,127.238476056658,0.629867866917415,0.434782608695652,0.804347826086957,92
"UMass-AR2","56",0.968173813650066,0.951842339039809,16.2137954695313,0.507508806737319,0.957685001296461,0.924547232269602,22.2141281822462,0.722927292378228,0.445652173913043,0.793478260869565,92
"UMass-AR6_fourierP_thetaP","01",0.713991791744464,0.658941388571481,77.5898996676544,0.306882426645249,0.771548101449805,0.771703744894661,108.528304139804,0.452894775755566,0.369565217391304,0.782608695652174,92
"UMass-AR6_fourierP_thetaP","02",0.900874524139186,1.01488811342421,9.18012427303032,0.41562067437139,0.957684806484154,1.13427596102134,14.3965009496477,0.668582563208826,0.391304347826087,0.945652173913043,92
"UMass-AR6_fourierP_thetaP","04",0.771966052461871,0.777330514416123,281.833992391922,0.364622972148963,0.855644253190139,0.929960635035979,371.144995302236,0.503272793036427,0.402173913043478,0.75,92
"UMass-AR6_fourierP_thetaP","05",0.69373355135114,0.590255894644916,49.002544773561,0.330276202960812,0.698204333776317,0.647540443905805,66.2231632231755,0.482607421947319,0.478260869565217,0.858695652173913,92
"UMass-AR6_fourierP_thetaP","06",0.672250810481599,0.593782675100339,415.771063427965,0.255402941667456,0.703081771730868,0.725191061565855,556.328736268391,0.359852320327319,0.369565217391304,0.728260869565217,92
"UMass-AR6_fourierP_thetaP","08",0.731576878818883,0.57890434853437,73.1945087408647,0.275267178181087,0.740634189025698,0.577694270110218,96.8781720732093,0.362701993529349,0.521739130434783,0.793478260869565,92
"UMass-AR6_fourierP_thetaP","09",0.520980224177612,0.503853289891877,37.6891251241394,0.294155530118709,0.562693018889891,0.50172072206278,55.2540079636008,0.409253868856714,0.532608695652174,0.858695652173913,92
"UMass-AR6_fourierP_thetaP","10",0.925757864493587,0.921950574432767,28.7469254607376,0.461882735046425,1.00147557518854,0.987998218226365,39.035776224197,0.704052973504064,0.478260869565217,0.75,92
"UMass-AR6_fourierP_thetaP","11",0.691071463013727,0.761215523397693,25.3570318808359,0.528547686486693,0.767169950837553,0.908757453955806,34.9562655859894,0.823430748270432,0.347826086956522,0.739130434782609,92
"UMass-AR6_fourierP_thetaP","12",0.6323433478199,0.587065920801276,294.953805271689,0.213295885023362,0.713508401916711,0.722221921306229,409.895065848935,0.311847142570466,0.380434782608696,0.771739130434783,92
"UMass-AR6_fourierP_thetaP","13",0.698275467042639,0.656527101862692,132.295811182385,0.348562054735853,0.758174988386825,0.708078566633409,182.695449103777,0.464275407025864,0.434782608695652,0.706521739130435,92
"UMass-AR6_fourierP_thetaP","15",0.848763473032128,0.931047612857687,12.6956042733718,0.287099319849162,1.03994110728666,1.03589907371647,20.6744813611664,0.449544434215692,0.380434782608696,0.934782608695652,92
"UMass-AR6_fourierP_thetaP","16",0.866563605973637,0.952962471391859,36.172089030911,0.459971403004153,0.934195341763136,1.15340506737209,52.3961735162803,0.719201627402,0.304347826086957,0.771739130434783,92
"UMass-AR6_fourierP_thetaP","17",0.62379730981113,0.550664689478722,199.425034256194,0.297268746794079,0.64017369654814,0.585940409876976,255.046592386728,0.384972692118788,0.489130434782609,0.75,92
"UMass-AR6_fourierP_thetaP","18",0.642592945650585,0.492248126487414,164.694552479183,0.318814509070134,0.670976728739889,0.510327433931725,214.945936406761,0.415911027582901,0.456521739130435,0.728260869565217,92
"UMass-AR6_fourierP_thetaP","19",0.51260614962113,0.45334587621986,38.7013548897824,0.30915917183482,0.562461550582392,0.476966202166347,54.6871583691249,0.455198534559041,0.478260869565217,0.826086956521739,92
"UMass-AR6_fourierP_thetaP","20",0.700305762156433,0.605473780520482,51.8606269230216,0.356417342498407,0.711808516097832,0.627509359851399,67.8848686982867,0.492403392767246,0.510869565217391,0.75,92
"UMass-AR6_fourierP_thetaP","21",0.7768702444656,0.627469675225392,124.871626536959,0.385560519156233,0.728646935952882,0.66147231147245,154.679072382172,0.536377096093218,0.5,0.760869565217391,92
"UMass-AR6_fourierP_thetaP","22",0.79098993829393,0.691150392710076,69.5374394211898,0.25949248439234,0.852633191887007,0.768989819241481,100.314148575923,0.37554316892751,0.41304347826087,0.804347826086957,92
"UMass-AR6_fourierP_thetaP","23",0.598420813369922,0.54670763401466,21.7347598926983,0.334698020930558,0.663344776067024,0.533324325544337,32.2515346016065,0.507975138819918,0.510869565217391,0.847826086956522,92
"UMass-AR6_fourierP_thetaP","24",0.598102484671305,0.543739835457785,90.5782372914004,0.332513538906008,0.641281142639588,0.577704781548535,119.229499400545,0.465361479235515,0.33695652173913,0.717391304347826,92
"UMass-AR6_fourierP_thetaP","25",0.614180722101768,0.495624063633292,137.129044128612,0.274720352647472,0.68279317381807,0.577235505625865,189.482527399447,0.392676940182168,0.369565217391304,0.75,92
"UMass-AR6_fourierP_thetaP","26",0.738555797025186,0.590975778154076,176.057269457776,0.303511666419213,0.765409515377757,0.651485254232149,243.874447002915,0.439033253897735,0.326086956521739,0.706521739130435,92
"UMass-AR6_fourierP_thetaP","27",0.572404058650255,0.56641315011083,97.3289810992953,0.331277446157403,0.633607275780751,0.572919857786113,129.248997223667,0.43901056570274,0.619565217391304,0.815217391304348,92
"UMass-AR6_fourierP_thetaP","28",0.696890602793733,0.606089153391189,44.3184285412824,0.300172613029661,0.756979295444848,0.664797105204506,62.9773861666834,0.413647131007684,0.467391304347826,0.83695652173913,92
"UMass-AR6_fourierP_thetaP","29",0.930293938327686,0.809024641208635,176.328379096894,0.444902206182693,0.953841997553811,0.952036940103539,226.257542528444,0.628508020596324,0.228260869565217,0.673913043478261,92
"UMass-AR6_fourierP_thetaP","30",0.75921462183098,0.692138662380589,21.4496070521265,0.40751696158633,0.760121817150739,0.664388139222508,29.2068546046507,0.611976841935204,0.456521739130435,0.793478260869565,92
"UMass-AR6_fourierP_thetaP","31",0.613229575778582,0.59069921969915,29.0926427844302,0.370437066872162,0.677682728248261,0.653054312752243,40.4252479633311,0.55461481243931,0.456521739130435,0.793478260869565,92
"UMass-AR6_fourierP_thetaP","32",0.778135222853957,0.719805553746373,32.205582692749,0.261264143833953,0.803196214475749,0.777445314856996,45.2408998197101,0.360232564949256,0.5,0.815217391304348,92
"UMass-AR6_fourierP_thetaP","33",0.87350267131116,0.770754886677801,39.3189435446705,0.483102181468253,0.969301912916398,0.825251954707048,53.6698254825666,0.683608118259422,0.347826086956522,0.641304347826087,92
"UMass-AR6_fourierP_thetaP","34",0.534116947183701,0.702072766117584,149.773424361836,0.452772887651195,0.565530225699266,0.669599200997837,202.834791928246,0.594995530115173,0.467391304347826,0.739130434782609,92
"UMass-AR6_fourierP_thetaP","35",0.890036914505833,0.91151772418364,35.7412031221188,0.350354589855127,0.943330407536015,1.01124657484601,54.2414984333209,0.550039280620036,0.326086956521739,0.804347826086957,92
"UMass-AR6_fourierP_thetaP","36",0.60624731395219,0.455910690854489,254.526405284431,0.227344181265504,0.634594240111604,0.474360305372654,346.467761810498,0.319899771582798,0.380434782608696,0.782608695652174,92
"UMass-AR6_fourierP_thetaP","37",0.580731887585439,0.514777027042383,179.726416778212,0.330999001058478,0.620503604158101,0.50779813043157,240.161873226757,0.420860356610056,0.478260869565217,0.75,92
"UMass-AR6_fourierP_thetaP","38",0.594082355346586,0.651940559749702,8.73194374601905,0.322000461519116,0.632007414702609,0.590662087558603,12.8805858974716,0.459689625220297,0.641304347826087,0.923913043478261,92
"UMass-AR6_fourierP_thetaP","39",0.540081785858935,0.532309853707999,286.834360862157,0.394068140329449,0.640293423874328,0.49781378543911,409.119659011179,0.458382417998179,0.554347826086957,0.826086956521739,92
"UMass-AR6_fourierP_thetaP","40",0.673445419998457,0.620606533754583,80.1936323679401,0.398077510807632,0.695198788944691,0.694882431555592,108.126081206626,0.552092695608499,0.445652173913043,0.826086956521739,92
"UMass-AR6_fourierP_thetaP","41",0.86560532701604,0.827839153734328,85.0422094144115,0.405434550832634,0.868357549697614,0.881276420992108,111.291346396571,0.540558282278591,0.402173913043478,0.717391304347826,92
"UMass-AR6_fourierP_thetaP","42",0.569158080778071,0.552655344331936,396.239998981578,0.317294386258514,0.624369696580195,0.62302398606738,515.776875765198,0.43266939844862,0.402173913043478,0.706521739130435,92
"UMass-AR6_fourierP_thetaP","44",0.680847453759361,0.713892071386341,17.9768664313108,0.384384592954831,0.782223922523425,0.812068828923968,25.9239210844992,0.596338468069929,0.402173913043478,0.771739130434783,92
"UMass-AR6_fourierP_thetaP","45",0.564951066103168,0.487936872203822,100.049969003025,0.324855782948627,0.609147249431931,0.503032176972461,133.390005294083,0.430397635114112,0.467391304347826,0.739130434782609,92
"UMass-AR6_fourierP_thetaP","46",0.57552766798192,0.649067810010031,14.0480102416565,0.406806990748461,0.692697527382455,0.741673843151768,21.7597375449489,0.679482252133818,0.41304347826087,0.923913043478261,92
"UMass-AR6_fourierP_thetaP","47",0.785735523596432,0.63153908188363,120.849450651197,0.314825967418873,0.787462342490346,0.654504854600152,159.675108686494,0.418975538025124,0.5,0.760869565217391,92
"UMass-AR6_fourierP_thetaP","48",0.588235542407394,0.465269384035504,349.789945264046,0.227576567324857,0.615850709576205,0.524707462324883,453.413390896029,0.291149345873241,0.521739130434783,0.706521739130435,92
"UMass-AR6_fourierP_thetaP","49",0.737405887425588,0.723253016995923,38.6584025860429,0.327320580347728,0.800736407110181,0.771759290716424,51.1078715494672,0.441369567767201,0.478260869565217,0.739130434782609,92
"UMass-AR6_fourierP_thetaP","50",0.637119017552776,0.69695066919939,9.67361651149147,0.380299322407121,0.731776488854097,0.732028430860057,14.7468870688641,0.616146778064994,0.41304347826087,0.847826086956522,92
"UMass-AR6_fourierP_thetaP","51",0.615207075529663,0.513913065743378,97.458182962541,0.280353569677002,0.633360843732891,0.54484660175921,133.019545897901,0.375173585307484,0.478260869565217,0.782608695652174,92
"UMass-AR6_fourierP_thetaP","53",0.718881470553916,0.597364738315735,76.5033287253828,0.302526178526681,0.766858859502779,0.600857042269028,109.7775128223,0.403500158734818,0.467391304347826,0.782608695652174,92
"UMass-AR6_fourierP_thetaP","54",0.574771897664008,0.483759552568497,53.4763237343355,0.333042259422713,0.611864462755586,0.491995468332932,72.3130685167553,0.485035166377338,0.521739130434783,0.804347826086957,92
"UMass-AR6_fourierP_thetaP","55",0.486420485310149,0.470429608830026,81.0418734009271,0.309740633329115,0.562739723460327,0.520511809372906,115.643013171097,0.460087676592258,0.369565217391304,0.782608695652174,92
"UMass-AR6_fourierP_thetaP","56",0.917395116711556,0.820841840901916,15.3634157187443,0.437661203026999,0.996754724283283,0.88365648989751,23.1203758871796,0.690953767787359,0.510869565217391,0.902173913043478,92
"UMass-AR6_pooled","01",0.80899005699771,0.77866609617651,87.9134159248813,0.362640661651363,0.87834804099389,0.914327196112638,123.551108679369,0.536597124466687,0.315217391304348,0.793478260869565,92
"UMass-AR6_pooled","02",1.00555142915078,1.15892296873241,10.2468066697168,0.474606352599702,1.07342232903577,1.32503078031009,16.1363378375703,0.781020233059174,0.358695652173913,0.945652173913043,92
"UMass-AR6_pooled","04",0.866595700638657,0.897594252963224,316.381951410656,0.421035168733999,0.962508921251099,1.07532192833725,417.498706646156,0.58193890138873,0.41304347826087,0.728260869565217,92
"UMass-AR6_pooled","05",0.752472145621439,0.766802339436776,53.1516025639193,0.429062322610094,0.783939261448435,0.89631749093041,74.3549347325983,0.668019237431814,0.423913043478261,0.826086956521739,92
"UMass-AR6_pooled","06",0.702261646399724,0.640051087495986,434.332048360213,0.275304311524928,0.73750586071707,0.764565882302075,583.567545028484,0.37939078591983,0.391304347826087,0.75,92
"UMass-AR6_pooled","08",0.825354700960675,0.703631914213189,82.57701086906,0.334574739322625,0.847599456290529,0.717406227822496,110.869694097829,0.450419335043682,0.489130434782609,0.771739130434783,92
"UMass-AR6_pooled","09",0.619039642277724,0.660046767189658,44.7830098953115,0.385343135791528,0.667442127112832,0.671085177004957,65.5399149601884,0.547404547877744,0.434782608695652,0.83695652173913,92
"UMass-AR6_pooled","10",0.960149960300926,0.966487976132178,29.8148796769872,0.484195272702189,1.04851328012264,1.02133418875083,40.8692241578237,0.727808369758243,0.456521739130435,0.75,92
"UMass-AR6_pooled","11",0.766606570872709,0.856233830312359,28.1285920459017,0.594523359275739,0.868060089177686,1.03898966063836,39.5533466720963,0.941434956027654,0.326086956521739,0.771739130434783,92
"UMass-AR6_pooled","12",0.677740825366084,0.666153250727373,316.129261292769,0.242030310635562,0.770536563512257,0.81191389082035,442.656504942932,0.350575106343579,0.402173913043478,0.771739130434783,92
"UMass-AR6_pooled","13",0.780264584589669,0.79844775197013,147.829532938286,0.423910282205131,0.84094471707462,0.860991962465779,202.640254704644,0.564538192026299,0.402173913043478,0.695652173913043,92
"UMass-AR6_pooled","15",0.88074413017998,0.993616835170636,13.1739634163508,0.306393264564193,1.04729124608931,1.07781867338699,20.8206053162754,0.467736093224345,0.467391304347826,0.945652173913043,92
"UMass-AR6_pooled","16",0.981371495986245,1.09327859520187,40.9643987821625,0.527698523715138,1.04805983714513,1.29703510183045,58.7824865181402,0.808761624534327,0.315217391304348,0.739130434782609,92
"UMass-AR6_pooled","17",0.628772002618691,0.63323841268156,201.015419895822,0.341845033749876,0.653913712976623,0.672143247750022,260.520644801436,0.441609404666458,0.489130434782609,0.760869565217391,92
"UMass-AR6_pooled","18",0.722600774828942,0.626051631182123,185.200307655221,0.40547506980301,0.773720912356552,0.651170749449196,247.859812271438,0.530696720434544,0.423913043478261,0.706521739130435,92
"UMass-AR6_pooled","19",0.551183649358236,0.605177927041899,41.6139253089819,0.412701022665198,0.615634347452798,0.667519323767623,59.8570569344052,0.637055239110825,0.402173913043478,0.826086956521739,92
"UMass-AR6_pooled","20",0.76532167431677,0.722360055257105,56.6753323657194,0.425223452286272,0.797891074665732,0.775677813739722,76.094524881708,0.608670422494046,0.456521739130435,0.717391304347826,92
"UMass-AR6_pooled","21",0.840518281051126,0.762395928416334,135.102207397712,0.468468487910926,0.826802433064544,0.851389492564506,175.515777366854,0.69037783705486,0.456521739130435,0.75,92
"UMass-AR6_pooled","22",0.875157663850193,0.794608371333432,76.936785270913,0.298335792862318,0.934726320779257,0.878038335096088,109.97258365342,0.428798002978858,0.41304347826087,0.804347826086957,92
"UMass-AR6_pooled","23",0.640504498358391,0.656545659990159,23.2632474856907,0.401941585186207,0.734710708678948,0.627584018383809,35.7213152165319,0.597754618700914,0.510869565217391,0.869565217391304,92
"UMass-AR6_pooled","24",0.649026081161673,0.682801919398959,98.2902427166429,0.417554256255683,0.714526036759796,0.718617364993909,132.84747672583,0.578871511295943,0.326086956521739,0.652173913043478,92
"UMass-AR6_pooled","25",0.618040356711493,0.601697916067587,137.9907904936,0.333516218880849,0.698700393999838,0.711866351534848,193.896953904455,0.484262485614542,0.271739130434783,0.75,92
"UMass-AR6_pooled","26",0.743481179532846,0.733864927281488,177.231384397807,0.376896270946233,0.776510204148185,0.800305387514438,247.411343632562,0.539322534331911,0.369565217391304,0.673913043478261,92
"UMass-AR6_pooled","27",0.767271890776778,0.702813574571385,130.46342042285,0.411053814804982,0.879486538864475,0.723933358175197,179.405694292061,0.554727487246963,0.510869565217391,0.804347826086957,92
"UMass-AR6_pooled","28",0.804298348514104,0.769200302882344,51.1489733705651,0.380955282844954,0.864443513800812,0.843772702633857,71.9179418981677,0.52500854010146,0.434782608695652,0.793478260869565,92
"UMass-AR6_pooled","29",0.970069736068836,0.964486178006944,183.867503726245,0.530394263130167,1.00436816020525,1.13237402824767,238.242677827816,0.747561495871394,0.217391304347826,0.684782608695652,92
"UMass-AR6_pooled","30",0.787439793518688,0.811651306402822,22.2470348469443,0.477883540149612,0.807102719960456,0.779451121125052,31.0120447289153,0.717962900582743,0.456521739130435,0.793478260869565,92
"UMass-AR6_pooled","31",0.664671737794341,0.728749277164314,31.5331454977625,0.457010498262463,0.748690498613004,0.811922374385518,44.6610158303062,0.689535566325768,0.423913043478261,0.83695652173913,92
"UMass-AR6_pooled","32",0.898597912251004,0.835181239988502,37.1913113820871,0.30314146713108,0.907387659873224,0.9041199582146,51.109596233294,0.418927795107194,0.510869565217391,0.793478260869565,92
"UMass-AR6_pooled","33",1.01500214371272,0.879415787851454,45.688254079928,0.551209850072944,1.13945394407654,0.963235504160933,63.09106946876,0.797908574083741,0.326086956521739,0.706521739130435,92
"UMass-AR6_pooled","34",0.599195179608891,0.893744723776042,168.022217576749,0.576383815092074,0.644141351730598,0.827971549277116,231.029697641897,0.73572275795474,0.402173913043478,0.728260869565217,92
"UMass-AR6_pooled","35",1.00522304940792,1.06124539167032,40.3667315437945,0.407904513614694,1.04465455224827,1.18619377267036,60.0676367542757,0.645196914011723,0.315217391304348,0.75,92
"UMass-AR6_pooled","36",0.614151939589982,0.536280049502432,257.8450772231,0.267421122664717,0.617005898400823,0.530595953001457,336.865100769293,0.357824046922683,0.5,0.782608695652174,92
"UMass-AR6_pooled","37",0.610672867450228,0.637369882373182,188.992629192173,0.409825581344199,0.657002007083037,0.654767023609085,254.288342045791,0.542667384022123,0.478260869565217,0.695652173913043,92
"UMass-AR6_pooled","38",0.70134467889585,0.804170155302218,10.3085072760923,0.397188297728598,0.756238303677301,0.748012897424254,15.4124654282059,0.582149719305946,0.619565217391304,0.923913043478261,92
"UMass-AR6_pooled","39",0.535986817824216,0.614485111827948,284.659546658561,0.454902353566059,0.667358214877772,0.621708328926717,426.412883732336,0.572463389802799,0.489130434782609,0.83695652173913,92
"UMass-AR6_pooled","40",0.764680802138062,0.796998982648599,91.0579080419342,0.511221448490957,0.79121013687865,0.959991715063467,123.05897661518,0.762725303825463,0.369565217391304,0.793478260869565,92
"UMass-AR6_pooled","41",0.96295026107178,0.962150520033819,94.6059540091197,0.471213595254139,0.964024174565122,1.01824896298597,123.552272198884,0.624574647922621,0.402173913043478,0.673913043478261,92
"UMass-AR6_pooled","42",0.547592453788275,0.638920986261222,381.226307170698,0.366821825361156,0.621566824186344,0.719568165340234,513.461489905848,0.499716113990618,0.326086956521739,0.771739130434783,92
"UMass-AR6_pooled","44",0.68194464793547,0.806242104469241,18.0058363761115,0.434109097958789,0.786511693097897,0.923763595582877,26.0660233940814,0.678360931768063,0.391304347826087,0.793478260869565,92
"UMass-AR6_pooled","45",0.638843108630558,0.624089050756951,113.135875036319,0.415502391318822,0.683755089553531,0.643140413713385,149.727500371146,0.550275162862408,0.489130434782609,0.706521739130435,92
"UMass-AR6_pooled","46",0.683340741668099,0.812242030147126,16.6796112012398,0.509077373654482,0.827272676381901,0.941331879990831,25.9871525515619,0.862398359774225,0.347826086956522,0.891304347826087,92
"UMass-AR6_pooled","47",0.887290419387757,0.77564028877473,136.469023648414,0.386661271309183,0.898483514063852,0.805736104643053,182.187064726752,0.515784895369991,0.489130434782609,0.75,92
"UMass-AR6_pooled","48",0.700013550391142,0.595440213219472,416.25791680882,0.29124684413219,0.720439373100541,0.66989182648896,530.415657582522,0.371709154323652,0.5,0.66304347826087,92
"UMass-AR6_pooled","49",0.800125838667262,0.772883015801183,41.9464874340531,0.349781489088999,0.870520009299283,0.800706209796535,55.5618858109282,0.457924326895167,0.521739130434783,0.739130434782609,92
"UMass-AR6_pooled","50",0.675266915314876,0.812314876257278,10.2528303216326,0.443249157615039,0.802331259044123,0.876781827141523,16.1687190681283,0.73798540478063,0.358695652173913,0.869565217391304,92
"UMass-AR6_pooled","51",0.69056591443879,0.667523135883688,109.396172303654,0.364152045280802,0.720456841024893,0.739877193670771,151.311598720467,0.509468864338035,0.423913043478261,0.760869565217391,92
"UMass-AR6_pooled","53",0.813111885382031,0.728866964688639,86.5313245728342,0.369123457309009,0.865395680959469,0.734131392143062,123.883273024307,0.492999353295933,0.41304347826087,0.782608695652174,92
"UMass-AR6_pooled","54",0.633403548778412,0.587630026701102,58.9313662804576,0.404551456933667,0.727706037370529,0.609364429992747,86.0037798296713,0.600743699301631,0.380434782608696,0.815217391304348,92
"UMass-AR6_pooled","55",0.513729835747573,0.610573237229999,85.5918481401696,0.402014111449689,0.602320358628366,0.669629916776843,123.776833698129,0.591895259701597,0.358695652173913,0.793478260869565,92
"UMass-AR6_pooled","56",1.04212809615721,0.938705397527743,17.4522916917605,0.500504376237104,1.11096472014373,1.00329043865852,25.7695512259426,0.784498633463937,0.510869565217391,0.891304347826087,92
"UMass-WISAR6_fourthroot_adaptive_t","01",0.741477188888348,0.677690932239122,80.5767536222484,0.315614471041019,0.808899252931536,0.800950567432188,113.782230784641,0.470059047955002,0.380434782608696,0.847826086956522,92
"UMass-WISAR6_fourthroot_adaptive_t","02",0.805417992509355,0.868763499589755,8.20739965983112,0.355779190624749,0.873785631137301,0.968499020673368,13.1352774767705,0.57086774291151,0.576086956521739,1,92
"UMass-WISAR6_fourthroot_adaptive_t","04",0.623993229180003,0.571196237934235,227.811187350125,0.267931421825535,0.719769023236497,0.738211392535643,312.20763740517,0.399502619117152,0.347826086956522,0.83695652173913,92
"UMass-WISAR6_fourthroot_adaptive_t","05",0.657543687796163,0.447052033251847,46.4462385292574,0.250146842086438,0.687212166294144,0.493256760023918,65.1805800335076,0.36762085759057,0.565217391304348,0.923913043478261,92
"UMass-WISAR6_fourthroot_adaptive_t","06",0.733653557656638,0.619813250415184,453.747195389895,0.266599437940413,0.771254719703613,0.797479173127885,610.272063372434,0.395722928855654,0.25,0.739130434782609,92
"UMass-WISAR6_fourthroot_adaptive_t","08",0.717112233701692,0.53710040382263,71.7473162117992,0.255389535308353,0.74487778863712,0.553968421000048,97.4332533528163,0.347805856912322,0.510869565217391,0.847826086956522,92
"UMass-WISAR6_fourthroot_adaptive_t","09",0.538375555619566,0.497245333495743,38.9475506705727,0.290297726754711,0.597335372376755,0.525187609129918,58.6557364570827,0.428395821540598,0.576086956521739,0.902173913043478,92
"UMass-WISAR6_fourthroot_adaptive_t","10",0.968270369525904,0.975589150862659,30.067037187773,0.488754818076123,1.11316151631887,1.08337754464569,43.3890999730377,0.772020806985477,0.282608695652174,0.804347826086957,92
"UMass-WISAR6_fourthroot_adaptive_t","11",0.627617068978877,0.669154878426505,23.0287414237188,0.464625657284231,0.758066260886301,0.808761929313069,34.5414539742975,0.732824185075995,0.33695652173913,0.891304347826087,92
"UMass-WISAR6_fourthroot_adaptive_t","12",0.61611318505359,0.540561124904837,287.383316415269,0.196399517431418,0.672934298236593,0.658338453245328,386.586125330439,0.284262993731211,0.380434782608696,0.793478260869565,92
"UMass-WISAR6_fourthroot_adaptive_t","13",0.663173330024079,0.550462049126357,125.645333097034,0.292250209249882,0.720429055168774,0.635465539437274,173.599910043876,0.416664245856063,0.402173913043478,0.804347826086957,92
"UMass-WISAR6_fourthroot_adaptive_t","15",0.848538557384695,0.899673406353174,12.6922400380514,0.2774247197279,1.05023980171264,1.02484974780173,20.879223884048,0.444749408239862,0.391304347826087,0.956521739130435,92
"UMass-WISAR6_fourthroot_adaptive_t","16",0.745250176667039,0.649129194844828,31.1082251260877,0.31331859905001,0.835138540484651,0.767257266663545,46.8403790097913,0.478420539696151,0.489130434782609,0.902173913043478,92
"UMass-WISAR6_fourthroot_adaptive_t","17",0.737085309600405,0.598935291527335,235.642669188978,0.323326966346108,0.778175876848256,0.699932074398134,310.026961023034,0.459867130580586,0.369565217391304,0.75,92
"UMass-WISAR6_fourthroot_adaptive_t","18",0.679484713966917,0.479572430840145,174.149796758082,0.310604837021723,0.686624591767259,0.509986191042207,219.958695310486,0.415632918527032,0.543478260869565,0.760869565217391,92
"UMass-WISAR6_fourthroot_adaptive_t","19",0.557306909216405,0.459569689775065,42.0762265377684,0.313403500823594,0.632926378671211,0.494224432734121,61.5383310566737,0.471669138194795,0.565217391304348,0.858695652173913,92
"UMass-WISAR6_fourthroot_adaptive_t","20",0.71374842186892,0.611168794739498,52.8561131775624,0.359769761544013,0.749299314381418,0.642731706559202,71.4603498302452,0.504348290555825,0.456521739130435,0.815217391304348,92
"UMass-WISAR6_fourthroot_adaptive_t","21",0.797840959804677,0.634207444055588,128.242391928849,0.38970066767766,0.781212621127093,0.686969612243285,165.837853158827,0.557052440939071,0.456521739130435,0.793478260869565,92
"UMass-WISAR6_fourthroot_adaptive_t","22",0.725808100278357,0.635418860767123,63.8071792839421,0.238568075124248,0.828043186325436,0.76827145287263,97.4210809650709,0.375192348180787,0.380434782608696,0.902173913043478,92
"UMass-WISAR6_fourthroot_adaptive_t","23",0.614230568686932,0.559872925855963,22.308973269139,0.342757899465451,0.694871174563609,0.53405950427763,33.7843343893807,0.508675374119932,0.608695652173913,0.978260869565217,92
"UMass-WISAR6_fourthroot_adaptive_t","24",0.606999811649296,0.540795745487707,91.9256722459878,0.330713137848425,0.693949095657713,0.627033248924647,129.021731317665,0.505097291158408,0.304347826086957,0.815217391304348,92
"UMass-WISAR6_fourthroot_adaptive_t","25",0.734308589205224,0.566778808356742,163.950171846092,0.314160843933687,0.777019983946227,0.650287365799323,215.631491414469,0.442372048414339,0.369565217391304,0.728260869565217,92
"UMass-WISAR6_fourthroot_adaptive_t","26",0.911822878886343,0.658565845595706,217.360755859565,0.338224381831465,0.930857737525319,0.736748371004865,296.589487609562,0.49649172030356,0.25,0.695652173913043,92
"UMass-WISAR6_fourthroot_adaptive_t","27",0.569203625501533,0.596487436490483,96.7847940119851,0.348866961487172,0.633029616669806,0.649282261441511,129.131161043937,0.497524686956489,0.423913043478261,0.847826086956522,92
"UMass-WISAR6_fourthroot_adaptive_t","28",0.591330636140265,0.477159292327296,37.6053923485178,0.236318618816831,0.694799533997189,0.580580912510654,57.804300361027,0.361246501974431,0.467391304347826,0.891304347826087,92
"UMass-WISAR6_fourthroot_adaptive_t","29",0.896355313945961,0.724565967494944,169.895635230191,0.398456339947581,0.91389908223037,0.855668107181268,216.78282251645,0.564888026585832,0.315217391304348,0.717391304347826,92
"UMass-WISAR6_fourthroot_adaptive_t","30",0.70913899582416,0.678555472785955,20.0348522912854,0.399519459852764,0.791978540578002,0.656530996633812,30.43091457547,0.60473952232608,0.521739130434783,0.891304347826087,92
"UMass-WISAR6_fourthroot_adaptive_t","31",0.677762152217868,0.571134861874535,32.1541767815851,0.358167940578955,0.772351673313491,0.620047481251939,46.0724563385265,0.526583334345845,0.510869565217391,0.847826086956522,92
"UMass-WISAR6_fourthroot_adaptive_t","32",0.665050134200226,0.633883305609207,27.5251993005193,0.230077384466777,0.742325429500891,0.743248998271821,41.8122866921045,0.344387557461417,0.521739130434783,0.956521739130435,92
"UMass-WISAR6_fourthroot_adaptive_t","33",0.564913438270928,0.591579704274018,25.428427773048,0.370796800107207,0.697998702754799,0.694259634257483,38.6478846938364,0.57509893730177,0.478260869565217,0.847826086956522,92
"UMass-WISAR6_fourthroot_adaptive_t","34",0.544670047458128,0.398873233198908,152.732652624614,0.257236848255686,0.583975041442881,0.400907597777273,209.450265679247,0.356240312579853,0.478260869565217,0.83695652173913,92
"UMass-WISAR6_fourthroot_adaptive_t","35",0.680730380680062,0.624707316047163,27.3360828194322,0.240114996874275,0.759697879310616,0.668653088494778,43.6826280603604,0.363695139176157,0.543478260869565,1,92
"UMass-WISAR6_fourthroot_adaptive_t","36",0.705756276932181,0.508029770114772,296.304171648071,0.253333853454443,0.755383784757717,0.550989007393303,412.414914397775,0.371576743697557,0.347826086956522,0.793478260869565,92
"UMass-WISAR6_fourthroot_adaptive_t","37",0.654286098041433,0.532813533033694,202.490165363073,0.342596382355794,0.707283405632208,0.570832775921919,273.749429432084,0.473103131425534,0.467391304347826,0.760869565217391,92
"UMass-WISAR6_fourthroot_adaptive_t","38",0.598404448799528,0.723430862636392,8.79547075798375,0.357310291808696,0.65025486395106,0.693207552732163,13.2524768468287,0.539496823695683,0.706521739130435,0.967391304347826,92
"UMass-WISAR6_fourthroot_adaptive_t","39",0.644291734641357,0.45004674295583,342.179671215377,0.333168889928563,0.678854877300074,0.47584980984057,433.758751165299,0.438158188500737,0.521739130434783,0.739130434782609,92
"UMass-WISAR6_fourthroot_adaptive_t","40",0.670657652724168,0.450499599451329,79.8616660685447,0.288965309605228,0.722277234205892,0.52416255947005,112.337662437523,0.41645364345597,0.434782608695652,0.858695652173913,92
"UMass-WISAR6_fourthroot_adaptive_t","41",0.831388686606068,0.761061758994354,81.6805633981682,0.372730295519211,0.855729594018073,0.880287473827332,109.672909163773,0.53995168079928,0.380434782608696,0.75,92
"UMass-WISAR6_fourthroot_adaptive_t","42",0.698231430019041,0.637870105483323,486.099082949734,0.366218486273107,0.733041950379235,0.704680263642978,605.548425944255,0.489376962343867,0.228260869565217,0.597826086956522,92
"UMass-WISAR6_fourthroot_adaptive_t","44",0.674832631258601,0.685021064599532,17.8180530875769,0.368839427744643,0.851897661061266,0.809873989988251,28.2329996584326,0.594726699655767,0.41304347826087,0.989130434782609,92
"UMass-WISAR6_fourthroot_adaptive_t","45",0.545015678211858,0.442947121707884,96.5195128976021,0.294902767600534,0.60917538579453,0.497258058444178,133.396166545833,0.425457261370232,0.402173913043478,0.793478260869565,92
"UMass-WISAR6_fourthroot_adaptive_t","46",0.533494502418482,0.573518485717708,13.0220259611875,0.359456016328755,0.661715104686135,0.652450198242011,20.7864853537275,0.597740279234737,0.445652173913043,0.956521739130435,92
"UMass-WISAR6_fourthroot_adaptive_t","47",0.761869583353533,0.600608995504803,117.178767983794,0.299407136429792,0.786813948842316,0.677843051525945,159.543632778841,0.433915279945746,0.402173913043478,0.760869565217391,92
"UMass-WISAR6_fourthroot_adaptive_t","48",0.5387494889195,0.415902234177511,320.363426985292,0.203429681910113,0.601049144203337,0.536963393541239,442.515899276835,0.29794990925936,0.41304347826087,0.826086956521739,92
"UMass-WISAR6_fourthroot_adaptive_t","49",0.757057476675397,0.800387093680174,39.6886344591934,0.362228932129989,0.893278315601611,0.966862902052336,57.0144594479637,0.55294943164576,0.423913043478261,0.83695652173913,92
"UMass-WISAR6_fourthroot_adaptive_t","50",0.677581443134976,0.731153309734017,10.2879726638324,0.398962395124728,0.803706968613503,0.763295846893273,16.1964426066243,0.642464495840858,0.489130434782609,0.934782608695652,92
"UMass-WISAR6_fourthroot_adaptive_t","51",0.618653901000838,0.427552399409191,98.0042126828926,0.233241474849345,0.624175892189229,0.485119267774073,131.090506400873,0.334046196498029,0.543478260869565,0.826086956521739,92
"UMass-WISAR6_fourthroot_adaptive_t","53",0.735237408308051,0.558970848786523,78.2439267709165,0.283082184040503,0.782767673374377,0.624748100298907,112.054894112397,0.419543984519059,0.304347826086957,0.815217391304348,92
"UMass-WISAR6_fourthroot_adaptive_t","54",0.645821296982718,0.500791279176061,60.0867037729895,0.344767681031726,0.673604830016045,0.496883485538691,79.6098403996137,0.489854032385767,0.565217391304348,0.858695652173913,92
"UMass-WISAR6_fourthroot_adaptive_t","55",0.574232223067932,0.485597882684559,95.6720708317449,0.319727740139626,0.657090107645943,0.543535275197678,135.032017121241,0.480438440412933,0.456521739130435,0.826086956521739,92
"UMass-WISAR6_fourthroot_adaptive_t","56",0.745172922840245,0.670046691159611,12.4792482403697,0.357259372420584,0.809718624673901,0.71271062799376,18.781951576675,0.557286795699875,0.630434782608696,0.956521739130435,92
"UMass-chronos_small","01",1.07223428553705,0.974068561037646,116.520318016225,0.453643569693075,1.02646151201387,1.03870435115905,144.385200293168,0.609591151146641,0.206521739130435,0.630434782608696,92
"UMass-chronos_small","02",1.13321985475927,1.19802976669664,11.5477780940647,0.49062151084957,1.04125318334142,1.2021084120481,15.6527516582738,0.708565420586295,0.358695652173913,0.608695652173913,92
"UMass-chronos_small","04",1.15730640924398,1.04934833688224,422.516358974348,0.492218563812548,1.06340247778309,1.09636737171896,461.262383460999,0.593328199679826,0.130434782608696,0.532608695652174,92
"UMass-chronos_small","05",1.11508960533367,1.16733846450646,78.765439851471,0.653181305134163,0.965758873376446,1.18616495678681,91.6001296639442,0.884040552503939,0.0652173913043478,0.41304347826087,92
"UMass-chronos_small","06",1.01426970709823,1.08120676683187,627.301578737993,0.46505800923369,0.974575627005205,1.23288054093971,771.154151294542,0.61177660185938,0.0652173913043478,0.423913043478261,92
"UMass-chronos_small","08",0.977904270744736,0.854288165570343,97.839645791314,0.4062113081123,0.958814383900322,0.871500904819585,125.417090172353,0.547166783358241,0.173913043478261,0.619565217391304,92
"UMass-chronos_small","09",0.970522721256421,0.983094928611537,70.210250945693,0.573942486204262,0.958738390866808,0.972342985244712,94.1439415553342,0.793140707704896,0.16304347826087,0.630434782608696,92
"UMass-chronos_small","10",0.994059172010193,1.00609960062469,30.8678392237817,0.50404007346224,1.1584188118705,1.07452031520075,45.1531506453003,0.76570909648572,0.315217391304348,0.641304347826087,92
"UMass-chronos_small","11",1.06631868854068,0.960967156368029,39.1257321819409,0.66724462609607,1.1045298925992,1.05324347449061,50.3281446714764,0.954350424896686,0.282608695652174,0.66304347826087,92
"UMass-chronos_small","12",1.06130859347121,1.02536834107329,495.042779039455,0.372542230837818,0.999161692415568,1.09816599548139,573.996671386387,0.474175482155873,0.152173913043478,0.33695652173913,92
"UMass-chronos_small","13",1.03292050198861,0.993743092164261,195.697918868967,0.527596093293918,0.983993134310821,1.05915615527532,237.110258636267,0.69447117631649,0.195652173913043,0.608695652173913,92
"UMass-chronos_small","15",1.09247371432759,1.24664308398903,16.3409647055331,0.38441684030462,1.09444440629979,1.25282563885647,21.7580306426339,0.543683074230447,0.326086956521739,0.695652173913043,92
"UMass-chronos_small","16",1.20558637704349,1.42766487199689,50.3235740160974,0.689098504826773,1.08078593036074,1.56002922034232,60.6179934854503,0.97275067173163,0.16304347826087,0.554347826086957,92
"UMass-chronos_small","17",0.830060488096602,0.974491771306181,265.366391726662,0.526065958381237,0.776860047807356,1.08039549261329,309.502731872642,0.709837987504003,0.108695652173913,0.456521739130435,92
"UMass-chronos_small","18",0.87898654330334,0.704030897146282,225.281488638196,0.455979927126522,0.886694494404311,0.763479214712693,284.050653685694,0.622226836372321,0.16304347826087,0.543478260869565,92
"UMass-chronos_small","19",0.859269311583713,0.74424414573045,64.8741467461504,0.507537215636548,0.835170853038018,0.729455899550189,81.2022095698378,0.69616516850158,0.184782608695652,0.532608695652174,92
"UMass-chronos_small","20",0.877235421890106,0.833114719595539,64.963022434963,0.490420136936883,0.960403641427273,0.892873104619079,91.5932777161184,0.700632969250329,0.271739130434783,0.684782608695652,92
"UMass-chronos_small","21",0.988427616262796,0.911518927882501,158.876678616631,0.560099913878496,1.01436545837249,0.956380313787091,215.332145674073,0.775513179573514,0.16304347826087,0.58695652173913,92
"UMass-chronos_small","22",1.31933852627755,1.34809207968042,115.985575044034,0.50614130677728,1.21566480501704,1.33836718563159,143.025607059831,0.653603781876398,0.108695652173913,0.369565217391304,92
"UMass-chronos_small","23",1.03534526239061,0.964656394655028,37.6039405404039,0.590569009980912,0.901100204805035,0.821599864119483,43.8111001749231,0.782548788871669,0.33695652173913,0.5,92
"UMass-chronos_small","24",1.03252387865008,1.0853108336833,156.368173158152,0.663700767513626,0.987857591753917,1.08266959958821,183.666348988595,0.872128364659142,0.141304347826087,0.380434782608696,92
"UMass-chronos_small","25",0.822267439102151,0.724278470316078,183.588875203211,0.401461614518023,0.783228891837434,0.711472745090542,217.354530842408,0.483994726315816,0.239130434782609,0.576086956521739,92
"UMass-chronos_small","26",0.957587942991882,0.921955753448694,228.270252820303,0.473495424749947,0.857651635681648,0.942887874313979,273.264591268871,0.635408290259284,0.0978260869565217,0.41304347826087,92
"UMass-chronos_small","27",0.817955733210643,1.02024466960974,139.081470326125,0.596709395849801,0.757293930945287,1.02842309331748,154.479730457067,0.788048446642641,0.217391304347826,0.456521739130435,92
"UMass-chronos_small","28",1.17727151580469,1.03335422619734,74.8680256810983,0.511780546685835,1.13453064582851,1.07024839992392,94.3880169909933,0.665925252424059,0.271739130434783,0.565217391304348,92
"UMass-chronos_small","29",1.0873120676778,1.38921425806475,206.089673991389,0.763962501006283,1.05063687196023,1.50922557228423,249.217918008566,0.996348289769679,0.0978260869565217,0.358695652173913,92
"UMass-chronos_small","30",0.994781350321466,0.967142908969071,28.1049237641389,0.569433787049624,0.91100086280615,0.870057904894637,35.0042179349972,0.801422026529972,0.282608695652174,0.619565217391304,92
"UMass-chronos_small","31",0.996500464814062,0.990778102781292,47.275658582752,0.621333027157874,1.03963812269344,1.03393377077754,62.0166741015393,0.878081613055673,0.16304347826087,0.619565217391304,92
"UMass-chronos_small","32",1.27588730094615,1.3370254931854,52.8066237980357,0.485293311427179,1.09158960956719,1.40663382453867,61.4849712693172,0.651769714055262,0.184782608695652,0.5,92
"UMass-chronos_small","33",0.706785933746398,0.888973152447901,31.8145291821808,0.557200319631344,0.785770034469433,0.944100844383347,43.5077451694271,0.78205813145288,0.380434782608696,0.630434782608696,92
"UMass-chronos_small","34",0.893376737381395,0.731314527103907,250.514599673985,0.47163115591162,0.911566303242885,0.683244372573828,326.94514465332,0.607120419277631,0.228260869565217,0.554347826086957,92
"UMass-chronos_small","35",1.29126966014699,1.31663207774582,51.8535023172239,0.506065959388639,1.09200078147571,1.21435676581372,62.7900449348532,0.660515386156895,0.130434782608696,0.380434782608696,92
"UMass-chronos_small","36",0.785781797311368,0.742957053983913,329.902024478701,0.370482567181809,0.779364769798962,0.811318069532442,425.507750241653,0.547137823685586,0.141304347826087,0.608695652173913,92
"UMass-chronos_small","37",0.955089507246034,0.956961565751709,295.583587726692,0.615321402617863,0.922464780641711,1.01736775506094,357.033977272718,0.843188918073849,0.228260869565217,0.597826086956522,92
"UMass-chronos_small","38",0.950407330176562,0.955979038366148,13.9692809729458,0.472168339510404,0.89866402241389,0.87759310265416,18.3151635002831,0.68299701801156,0.391304347826087,0.771739130434783,92
"UMass-chronos_small","39",0.83527920771798,0.725918852630428,443.612030548673,0.537396575121603,0.807113424916922,0.704558380756224,515.710386633873,0.648750966000364,0.260869565217391,0.423913043478261,92
"UMass-chronos_small","40",1.07460330768255,1.05885778539427,127.963365758527,0.679186325930169,0.994055384467904,1.19362811882661,154.608027134253,0.948352319401481,0.195652173913043,0.543478260869565,92
"UMass-chronos_small","41",1.05418316821583,1.04403782177779,103.569216771811,0.51131793346006,0.997567678365318,1.09563301947078,127.851309734842,0.672040564010661,0.217391304347826,0.565217391304348,92
"UMass-chronos_small","42",0.890592413533824,0.980008846944397,620.0181442548,0.562649594920722,0.888121191358144,1.01566222340206,733.6556785003,0.705343571120277,0.0760869565217391,0.33695652173913,92
"UMass-chronos_small","44",1.00374902679566,0.912532971390088,26.5026506093702,0.491339838085717,1.00910748148272,0.974391147657844,33.4431381634872,0.715539008023645,0.282608695652174,0.608695652173913,92
"UMass-chronos_small","45",1.00905613381854,0.828391544592401,178.698724488149,0.551521721634053,0.96320998622516,0.81040818015581,210.922047635783,0.693390562638475,0.239130434782609,0.565217391304348,92
"UMass-chronos_small","46",1.13741250297691,1.10984235780733,27.763013630319,0.6956000941994,1.05603128654609,1.10756407200901,33.1731567186762,1.01469148060165,0.206521739130435,0.543478260869565,92
"UMass-chronos_small","47",1.10243925452006,1.00640783986285,169.559825518967,0.501700260350858,0.998170105594951,0.993497390852622,202.400688259498,0.635978634739584,0.260869565217391,0.565217391304348,92
"UMass-chronos_small","48",0.920795184216406,0.920078655891934,547.544093932678,0.450036794513813,0.871528605579587,1.07261087570212,641.653462720953,0.59516964644165,0.152173913043478,0.532608695652174,92
"UMass-chronos_small","49",1.02081752898844,1.11416621396435,53.5162190531153,0.504235064615981,0.947059813166184,1.1270129713181,60.4471219881722,0.644539345366269,0.239130434782609,0.521739130434783,92
"UMass-chronos_small","50",1.01741054988259,0.803139447563747,15.4477251865968,0.438242477129384,0.976398741406688,0.763488233174808,19.6765572453043,0.642626426966091,0.41304347826087,0.684782608695652,92
"UMass-chronos_small","51",0.973134146038413,0.840202598099866,154.159289488105,0.458353393464436,0.878090316273759,0.839986264178922,184.418055337408,0.578402539950719,0.25,0.576086956521739,92
"UMass-chronos_small","53",1.02997541075844,0.880553051360843,109.609929669768,0.445942541518754,0.944299856966521,0.851863857816272,135.178577350534,0.572061534889058,0.184782608695652,0.597826086956522,92
"UMass-chronos_small","54",0.827675736362919,0.720546958866514,77.0062972888621,0.496057568118182,0.784177115507226,0.692092547301004,92.6778019229355,0.682301454861162,0.25,0.58695652173913,92
"UMass-chronos_small","55",0.819133577122972,0.878517499541916,136.474761364791,0.578434183544646,0.760731601392253,0.873690699320658,156.330344086108,0.772267442682983,0.0652173913043478,0.369565217391304,92
"UMass-chronos_small","56",1.17712193563789,1.08593943856235,19.7130040474632,0.579007474294249,1.19261466356338,1.1252561193658,27.6634749135246,0.879866740402439,0.282608695652174,0.804347826086957,92
"UMass-flusion","01",0.721107764919264,0.671036478864231,78.3631965753421,0.312515356559667,0.783453500777833,0.802394592624414,110.202953843108,0.470906512373758,0.347826086956522,0.869565217391304,92
"UMass-flusion","02",0.922039120552619,0.982382776579174,9.39579651156931,0.402308970508173,0.975343998222745,1.11562470567636,14.6619646689354,0.657588850449207,0.293478260869565,0.934782608695652,92
"UMass-flusion","04",0.802104698924136,0.782125780058344,292.837190046353,0.366872290782779,0.892122319603138,0.995052867633738,386.967753109596,0.538499176251222,0.347826086956522,0.782608695652174,92
"UMass-flusion","05",0.693186010184061,0.603453459826889,48.9638686701739,0.337660867402413,0.739446313113005,0.718315503729268,70.1348753067835,0.535355585372517,0.391304347826087,0.847826086956522,92
"UMass-flusion","06",0.742146095417947,0.601855631404348,458.99962707338,0.258875351480774,0.81339004849281,0.759607890974029,643.612558262294,0.37693054505626,0.326086956521739,0.804347826086957,92
"UMass-flusion","08",0.747635707585866,0.614845030237227,74.8011998714684,0.292356858124409,0.779556361805785,0.665006702925698,101.969361499683,0.417520597556753,0.423913043478261,0.815217391304348,92
"UMass-flusion","09",0.599743316098866,0.584137793389728,43.387061223864,0.341026576037245,0.661842169861089,0.634615902808872,64.9900235057074,0.517656540863442,0.380434782608696,0.880434782608696,92
"UMass-flusion","10",0.917360178270409,0.880414957282522,28.4861578570701,0.441074044230217,0.987630575067615,0.922022356449691,38.4961221977442,0.657038210920031,0.434782608695652,0.75,92
"UMass-flusion","11",0.700242385157805,0.763724254449313,25.6935345113597,0.53028961627214,0.793952356167533,0.897385927648508,36.1766117071119,0.813126937968315,0.293478260869565,0.739130434782609,92
"UMass-flusion","12",0.66203921674313,0.595991851225947,308.805314218456,0.216538901117685,0.781133960695357,0.759773987115891,448.744479246424,0.328061693908345,0.282608695652174,0.83695652173913,92
"UMass-flusion","13",0.719853671777988,0.634834872058593,136.384034575673,0.337045259510085,0.799954348725151,0.72901414919713,192.762912574868,0.478002522312391,0.358695652173913,0.815217391304348,92
"UMass-flusion","15",0.856716887755562,0.897759193830346,12.8145695789711,0.276834450115734,0.986395837991719,0.99211734643,19.609978127031,0.430544676110521,0.391304347826087,0.934782608695652,92
"UMass-flusion","16",0.861681755251636,0.906974199826767,35.9683108688298,0.437774002341948,0.921647852302188,1.07731285988186,51.6924230204271,0.671754602061391,0.271739130434783,0.771739130434783,92
"UMass-flusion","17",0.636000708474124,0.576751699034301,203.326402790705,0.311351459534445,0.682743245466773,0.650826596174369,272.006393218409,0.42760400649677,0.423913043478261,0.793478260869565,92
"UMass-flusion","18",0.655602143364471,0.53634147711045,168.028768968958,0.347372464247034,0.719010995836575,0.600007780152951,230.333609448864,0.488999485053229,0.402173913043478,0.75,92
"UMass-flusion","19",0.534171579583817,0.530746354846538,40.3295276281579,0.361942419961769,0.598843929463425,0.57036919168076,58.2245537940254,0.544338821139695,0.445652173913043,0.83695652173913,92
"UMass-flusion","20",0.710399973370621,0.6376340808626,52.6081462926313,0.375348779582329,0.743411169475854,0.690146798874164,70.8988000106645,0.541554671556721,0.380434782608696,0.782608695652174,92
"UMass-flusion","21",0.775750576501501,0.667589037154449,124.691654706586,0.410212614108913,0.757495643078863,0.726187845244951,160.803151188372,0.58885386567976,0.380434782608696,0.793478260869565,92
"UMass-flusion","22",0.815428995417573,0.70120895495425,71.6859237090074,0.263268972597636,0.879731632665947,0.803974372625219,103.50233904322,0.392628193608594,0.33695652173913,0.815217391304348,92
"UMass-flusion","23",0.620733941006533,0.593223195601279,22.5451770118922,0.363175154661413,0.6855842264582,0.560055348647338,33.3328070102992,0.533435622284058,0.467391304347826,0.869565217391304,92
"UMass-flusion","24",0.588106602135826,0.55707276148114,89.0644341498984,0.340667030938214,0.658622503904019,0.607414190109951,122.453673144329,0.489293450645364,0.358695652173913,0.760869565217391,92
"UMass-flusion","25",0.590237121021508,0.495863564142446,131.783120671593,0.274853105814967,0.690863705141372,0.612436183659347,191.72218756483,0.416622962919523,0.315217391304348,0.815217391304348,92
"UMass-flusion","26",0.691113641091699,0.604843032420382,164.747986578294,0.31063357159132,0.749298991509248,0.692728779684973,238.741318892506,0.466827097371766,0.347826086956522,0.728260869565217,92
"UMass-flusion","27",0.605784011250827,0.586049470724488,103.004756326007,0.342762119745132,0.671332229601105,0.622753331187641,136.944477749173,0.477196397545743,0.434782608695652,0.826086956521739,92
"UMass-flusion","28",0.728856539787385,0.621385174630663,46.3512871976182,0.307748143195017,0.802337333592224,0.720060530940128,66.7509777316835,0.44803289671911,0.391304347826087,0.847826086956522,92
"UMass-flusion","29",0.893782077058906,0.803442344946985,169.407902621568,0.4418323665315,0.952606451679687,0.968983097739974,225.964462989193,0.63969539741348,0.206521739130435,0.717391304347826,92
"UMass-flusion","30",0.762888908812173,0.771760874636262,21.5534143414978,0.454396877095762,0.786454099741895,0.727224030310936,30.2186439411696,0.669855825496651,0.41304347826087,0.739130434782609,92
"UMass-flusion","31",0.657745807814135,0.646351294088036,31.2045677271808,0.405337385874564,0.732722430423884,0.696666544341676,43.7084858496334,0.59165306357817,0.358695652173913,0.83695652173913,92
"UMass-flusion","32",0.790407137499607,0.686239531757522,32.7134946215642,0.249080856345845,0.811966636371774,0.76803889127639,45.734903366071,0.355874058918431,0.467391304347826,0.847826086956522,92
"UMass-flusion","33",0.859509735152974,0.756153105495176,38.6890800251897,0.473949917285986,0.982853425867844,0.830424905560148,54.4201668627261,0.687893198928865,0.358695652173913,0.728260869565217,92
"UMass-flusion","34",0.578378593788062,0.650081203730538,162.1849728341,0.41924307283491,0.631952205665651,0.646330061968311,226.657901416842,0.574318931798502,0.380434782608696,0.771739130434783,92
"UMass-flusion","35",0.900560629446224,0.892763474974713,36.1638038335653,0.343146131790838,0.94997030677032,0.997242963782256,54.6232926392934,0.542422408190317,0.282608695652174,0.804347826086957,92
"UMass-flusion","36",0.605908281802062,0.489233138925081,254.384066287685,0.243960735398446,0.627356597210108,0.502284358141135,342.516244796375,0.338731233661576,0.467391304347826,0.815217391304348,92
"UMass-flusion","37",0.595668008035017,0.559048642948491,184.348886228154,0.359465424131704,0.663946733400917,0.605680115992717,256.976253075433,0.501984419264549,0.41304347826087,0.760869565217391,92
"UMass-flusion","38",0.659425703607168,0.701620494815244,9.69237361917201,0.34653791632249,0.718815690738166,0.66242435474935,14.649776305805,0.515539442577334,0.489130434782609,0.923913043478261,92
"UMass-flusion","39",0.561987538450403,0.513736894944042,298.468381316643,0.380318608417641,0.670293547738595,0.552548162767528,428.288433807234,0.508781336150466,0.434782608695652,0.793478260869565,92
"UMass-flusion","40",0.699732759811357,0.58869555127323,83.32391910282,0.37760875357952,0.758375716733871,0.726041785839553,117.952153595054,0.576849188388927,0.369565217391304,0.815217391304348,92
"UMass-flusion","41",0.86336726184267,0.798659130463543,84.8223285966571,0.391143622969764,0.886947740381148,0.886071557528478,113.673921813414,0.543499528302708,0.423913043478261,0.793478260869565,92
"UMass-flusion","42",0.575847993939402,0.610135453198117,400.897424174608,0.35029527198561,0.65142906079111,0.690332200726647,538.129969468082,0.479412710742419,0.358695652173913,0.739130434782609,92
"UMass-flusion","44",0.698372532497831,0.737563704020116,18.4395926968496,0.397130232301743,0.807835800059068,0.828235941191845,26.7727321128272,0.608210701825922,0.391304347826087,0.804347826086957,92
"UMass-flusion","45",0.596267253007065,0.55675403197226,105.595906902814,0.370672472750947,0.674548517828269,0.622236099436485,147.711461306177,0.532389294243405,0.33695652173913,0.75,92
"UMass-flusion","46",0.610818304103653,0.664394524497157,14.9094166435608,0.416413097386952,0.742080205413188,0.747356752281017,23.3109977570012,0.684688632174679,0.326086956521739,0.902173913043478,92
"UMass-flusion","47",0.784863388737176,0.657235519889152,120.715312616872,0.327635793740593,0.806028822183296,0.723976197613301,163.439866063363,0.463447008498851,0.402173913043478,0.793478260869565,92
"UMass-flusion","48",0.629788947701314,0.498752997168133,374.499372551982,0.243954360491182,0.710508347817353,0.631701056583598,523.104048163702,0.350517883997374,0.380434782608696,0.739130434782609,92
"UMass-flusion","49",0.736237679536954,0.710234593983663,38.5971594475854,0.321428869320673,0.7900988764434,0.771537720087024,50.4289195921265,0.441242851400966,0.456521739130435,0.793478260869565,92
"UMass-flusion","50",0.646461104409686,0.714303181128214,9.81546091290004,0.389767924447741,0.737189559579792,0.729335655721886,14.8559722115319,0.613880274940945,0.347826086956522,0.847826086956522,92
"UMass-flusion","51",0.647117052986842,0.551958275373374,102.513210033995,0.301108267387306,0.69243155523891,0.652476184775317,145.425679460067,0.449285778381503,0.358695652173913,0.793478260869565,92
"UMass-flusion","53",0.749416404214956,0.613859791315342,79.7528547782359,0.31087984426637,0.787258982987636,0.638810240838105,112.697834847252,0.428987288900232,0.434782608695652,0.847826086956522,92
"UMass-flusion","54",0.598442141435895,0.553428387315369,55.6785845337249,0.381005480019087,0.658995604272394,0.580235568201585,77.8832522310189,0.572026926008715,0.347826086956522,0.815217391304348,92
"UMass-flusion","55",0.516354955134971,0.541565641288678,86.0292158076111,0.356578075812937,0.616105309764163,0.604007853681959,126.609641156535,0.533890999281666,0.293478260869565,0.782608695652174,92
"UMass-flusion","56",0.939141566125947,0.821269602209149,15.7275987590438,0.437889279276287,0.986151484971685,0.872475700054567,22.874426836191,0.68221122025091,0.423913043478261,0.902173913043478,92
"UMass-flusion_3src_spatial","01",0.742634884980032,0.680676019689914,80.7025611240124,0.317004687070146,0.811800595555865,0.816521691172621,114.190342468353,0.479197374212118,0.33695652173913,0.858695652173913,92
"UMass-flusion_3src_spatial","02",0.921039223506025,0.953262179412009,9.38560732439394,0.390383397558186,0.997240448396466,1.086629606125,14.9911254362208,0.640498108297634,0.326086956521739,0.934782608695652,92
"UMass-flusion_3src_spatial","04",0.779911467685549,0.741194968349674,284.734752194195,0.347672846092389,0.870595140928837,0.940657663443804,377.630105368545,0.509061772871889,0.315217391304348,0.782608695652174,92
"UMass-flusion_3src_spatial","05",0.694605014406668,0.589392058747856,49.064101414888,0.32979284575481,0.746430422225499,0.711057804579286,70.7973028732576,0.529946472306289,0.358695652173913,0.83695652173913,92
"UMass-flusion_3src_spatial","06",0.739568845631721,0.57155288237089,457.405659661766,0.245841270884791,0.809241929216274,0.709554454379378,640.330268708229,0.352093165979842,0.347826086956522,0.793478260869565,92
"UMass-flusion_3src_spatial","08",0.736573623275403,0.591720275788094,73.6944346767269,0.281361110865887,0.782865313337878,0.648293254952028,102.402186746826,0.407027156280898,0.391304347826087,0.826086956521739,92
"UMass-flusion_3src_spatial","09",0.579145201738819,0.541162585905755,41.8969376579213,0.315937139899749,0.641903659684415,0.586674658498577,63.0321484955326,0.47855084151914,0.402173913043478,0.880434782608696,92
"UMass-flusion_3src_spatial","10",0.903043363596312,0.864661599524934,28.0415876081351,0.433181859801875,0.978125173174753,0.906062212190867,38.1256181630942,0.64566492419169,0.434782608695652,0.75,92
"UMass-flusion_3src_spatial","11",0.71258841357573,0.755967767475537,26.1465392336641,0.524903923102149,0.800292599433042,0.885460025965554,36.4655062698186,0.802320804710373,0.260869565217391,0.728260869565217,92
"UMass-flusion_3src_spatial","12",0.65933707082065,0.587508047310156,307.544910001376,0.213456520757208,0.77000390240805,0.746496932913454,442.350502718155,0.322328814176178,0.33695652173913,0.826086956521739,92
"UMass-flusion_3src_spatial","13",0.722670031047195,0.625837296617911,136.917624185628,0.332268284767768,0.80925554078386,0.727181705842587,195.004196561276,0.47680101950695,0.326086956521739,0.815217391304348,92
"UMass-flusion_3src_spatial","15",0.862841827605152,0.891782467718364,12.9061849877384,0.274991457364366,0.9615167500797,0.957318911360541,19.1153710423453,0.415443356684906,0.423913043478261,0.91304347826087,92
"UMass-flusion_3src_spatial","16",0.851168597472279,0.88305326494349,35.5294707461089,0.426227959019421,0.910358826287518,1.04493401609339,51.0592559091695,0.65156488918011,0.293478260869565,0.75,92
"UMass-flusion_3src_spatial","17",0.63315894979846,0.580956231278888,202.417906052536,0.313621218346086,0.68014300839951,0.663522309474625,270.970453118122,0.43594530340202,0.456521739130435,0.782608695652174,92
"UMass-flusion_3src_spatial","18",0.655254691961608,0.531969290973875,167.939718266347,0.344540728986521,0.715562679839104,0.591554026525609,229.228948915414,0.482109772440696,0.391304347826087,0.75,92
"UMass-flusion_3src_spatial","19",0.526460652469263,0.507460764403114,39.7473587895472,0.346062814047626,0.599728596446963,0.554106348291889,58.3105684262834,0.528818177444704,0.445652173913043,0.83695652173913,92
"UMass-flusion_3src_spatial","20",0.703200655442168,0.634868259197326,52.0750061110654,0.37372065489803,0.744280088650554,0.695078797950664,70.9816684545648,0.545424786066198,0.380434782608696,0.771739130434783,92
"UMass-flusion_3src_spatial","21",0.767386791891438,0.666699932566778,123.347286846312,0.409666287107081,0.75566244939976,0.732897013443688,160.413996051927,0.59429422061711,0.358695652173913,0.760869565217391,92
"UMass-flusion_3src_spatial","22",0.798394526432505,0.6823882546533,70.1883909367496,0.256202738778471,0.868292587751864,0.788097440696801,102.156510541589,0.384874549567993,0.326086956521739,0.847826086956522,92
"UMass-flusion_3src_spatial","23",0.585670483564478,0.535668559731842,21.2716654436376,0.327939826814567,0.646694175551994,0.514922787758459,31.4419896439573,0.490448235838808,0.489130434782609,0.869565217391304,92
"UMass-flusion_3src_spatial","24",0.597683819057535,0.55883416552628,90.5148334529586,0.3417441833819,0.669568506200027,0.607520795321988,124.488796723386,0.489379324885552,0.33695652173913,0.728260869565217,92
"UMass-flusion_3src_spatial","25",0.583377581762444,0.482823174456798,130.251581129715,0.267624924788325,0.672952543525974,0.58978782171397,186.751645530018,0.401215924748497,0.315217391304348,0.804347826086957,92
"UMass-flusion_3src_spatial","26",0.674232636328163,0.5842391364247,160.723884924305,0.300051881038942,0.73114328526128,0.671831923437351,232.956555661564,0.452744791233556,0.358695652173913,0.739130434782609,92
"UMass-flusion_3src_spatial","27",0.636125656680336,0.606487061447124,108.163911628808,0.354715431314399,0.730803217426811,0.653569867877477,149.075912841836,0.500810145649155,0.456521739130435,0.815217391304348,92
"UMass-flusion_3src_spatial","28",0.727551163466043,0.601123845684351,46.26827240737,0.297713487370475,0.803786537038677,0.699861033731237,66.8715451575438,0.435464454403638,0.402173913043478,0.826086956521739,92
"UMass-flusion_3src_spatial","29",0.875307973582701,0.783332239768137,165.906311794175,0.430773333586263,0.92589192373694,0.946668627635333,219.627602735992,0.6249640116391,0.25,0.717391304347826,92
"UMass-flusion_3src_spatial","30",0.738440667495959,0.703522674034061,20.8626937543684,0.414219632729898,0.760371796915945,0.671717019528069,29.2164598054116,0.618727572057458,0.434782608695652,0.760869565217391,92
"UMass-flusion_3src_spatial","31",0.64848229511689,0.624697536967163,30.7650910997075,0.391757963374728,0.729327923828128,0.682715340633725,43.5059961518344,0.579804823582359,0.369565217391304,0.815217391304348,92
"UMass-flusion_3src_spatial","32",0.759884631613862,0.650146465462024,31.4502243589896,0.235980340498258,0.792557814344779,0.730368094136346,44.6416803688548,0.338419136214398,0.510869565217391,0.83695652173913,92
"UMass-flusion_3src_spatial","33",0.853240583427278,0.73352783428691,38.4068869296544,0.459768602232458,0.973395114736012,0.809114618495398,53.8964642876657,0.670240547327364,0.304347826086957,0.66304347826087,92
"UMass-flusion_3src_spatial","34",0.582731882871562,0.631465423018038,163.405692410048,0.407237592497465,0.638200296858709,0.637167719642509,228.898860820074,0.566177415618205,0.358695652173913,0.75,92
"UMass-flusion_3src_spatial","35",0.855361278901862,0.850589517481626,34.3487339836918,0.326935981194708,0.903431178744739,0.951175158903815,51.9472927778225,0.517365114662336,0.260869565217391,0.815217391304348,92
"UMass-flusion_3src_spatial","36",0.597761147551045,0.484914214675301,250.96357971965,0.241807062941954,0.626969600595564,0.50309681132696,342.304957264289,0.339279136986587,0.467391304347826,0.804347826086957,92
"UMass-flusion_3src_spatial","37",0.605593050852615,0.546089890538585,187.420514323855,0.351133012471287,0.675780001942809,0.5984339217775,261.556242491082,0.495978812511153,0.402173913043478,0.771739130434783,92
"UMass-flusion_3src_spatial","38",0.649703769742706,0.634482146045289,9.54947865041389,0.313377563026083,0.723360924793144,0.605124264081296,14.7424101520342,0.470944981955763,0.532608695652174,0.945652173913043,92
"UMass-flusion_3src_spatial","39",0.554056871356762,0.501824476257603,294.256449186035,0.371499863760012,0.662955306541295,0.548317001614003,423.599616736125,0.504885321340868,0.423913043478261,0.804347826086957,92
"UMass-flusion_3src_spatial","40",0.701940881213367,0.580274610431307,83.5868613854136,0.372207284231895,0.754508303969917,0.717946902779601,117.350644798973,0.570417703570409,0.380434782608696,0.826086956521739,92
"UMass-flusion_3src_spatial","41",0.85224527435889,0.766011886591444,83.729638476599,0.375154622454991,0.882170990978395,0.84923706028298,113.061719072025,0.520905944626423,0.41304347826087,0.782608695652174,92
"UMass-flusion_3src_spatial","42",0.567894703659999,0.589446516226201,395.360453272073,0.338417193493886,0.646162204086043,0.675697194702685,533.779145090599,0.469249186713996,0.315217391304348,0.75,92
"UMass-flusion_3src_spatial","44",0.685187735936102,0.722263245134634,18.0914657773679,0.388891927246334,0.785092337859036,0.806536611124887,26.0189841101326,0.592275913062487,0.391304347826087,0.771739130434783,92
"UMass-flusion_3src_spatial","45",0.605443699177231,0.541894670047747,107.221008986815,0.360779492885944,0.681104900316923,0.609997305006534,149.147166541138,0.521917701330598,0.358695652173913,0.739130434782609,92
"UMass-flusion_3src_spatial","46",0.615915224269817,0.639272418554219,15.0338269728613,0.400667672698964,0.752932722081075,0.728280958490633,23.6519083349381,0.667212401287461,0.33695652173913,0.880434782608696,92
"UMass-flusion_3src_spatial","47",0.792699078556703,0.649618596794942,121.920474890596,0.323838712529503,0.838181289650293,0.727559795660769,169.959477808981,0.46574101733538,0.380434782608696,0.793478260869565,92
"UMass-flusion_3src_spatial","48",0.624586516668395,0.485480414389567,371.405785145146,0.23746236051886,0.70085420425907,0.61514915195291,515.996289905259,0.34133357359167,0.369565217391304,0.739130434782609,92
"UMass-flusion_3src_spatial","49",0.719113730270977,0.67967015576142,37.6994387541716,0.30759640762081,0.777680023905681,0.73896821957495,49.6362728301539,0.422616335936457,0.445652173913043,0.771739130434783,92
"UMass-flusion_3src_spatial","50",0.636696314003967,0.680313447154072,9.66719844529571,0.371221026696695,0.722884443564752,0.696825736176308,14.5676930257505,0.586516744593324,0.33695652173913,0.847826086956522,92
"UMass-flusion_3src_spatial","51",0.646316416517908,0.544200688317828,102.386377007231,0.296876292432638,0.69978179273441,0.651628167956834,146.969389121894,0.448701846116598,0.369565217391304,0.782608695652174,92
"UMass-flusion_3src_spatial","53",0.741360362818226,0.585752487009042,78.8955312715883,0.296645332560094,0.794166572589719,0.616759925457546,113.686671315289,0.414179597335847,0.456521739130435,0.847826086956522,92
"UMass-flusion_3src_spatial","54",0.584712094975504,0.523837705115299,54.4011518471454,0.360633897472662,0.649906962611489,0.548986286043266,76.8091130921165,0.54121973011687,0.380434782608696,0.83695652173913,92
"UMass-flusion_3src_spatial","55",0.508504193598416,0.526837666783296,84.721210816537,0.346880871246461,0.605898079271078,0.590278289536316,124.512055290207,0.521755245289833,0.271739130434783,0.815217391304348,92
"UMass-flusion_3src_spatial","56",0.92151027413239,0.789590602334595,15.432331361582,0.42099848679359,0.966743998644096,0.841050194369144,22.4242575337663,0.657638807999986,0.402173913043478,0.891304347826087,92
"UMass-flusion_3src_spatial_fourierP","01",0.696489219513409,0.622269976452005,75.6878850520306,0.289803803060639,0.755255176090608,0.743478134142384,106.236491671615,0.436329828731807,0.347826086956522,0.858695652173913,92
"UMass-flusion_3src_spatial_fourierP","02",0.859992684670313,0.879085663937877,8.7635286686725,0.360006360940957,0.927990433021125,0.99121658750741,13.9501170529154,0.584258284178113,0.358695652173913,0.956521739130435,92
"UMass-flusion_3src_spatial_fourierP","04",0.734838983844302,0.690287210531548,268.279419699342,0.323793508260107,0.815837684134065,0.87298986262789,353.878463294065,0.472441552797799,0.315217391304348,0.793478260869565,92
"UMass-flusion_3src_spatial_fourierP","05",0.667527513894283,0.515390878231204,47.151455805302,0.288385671108362,0.703939250459151,0.608925017978126,66.7671076033321,0.453827611620806,0.369565217391304,0.869565217391304,92
"UMass-flusion_3src_spatial_fourierP","06",0.724096073023784,0.552669789855182,447.836119512349,0.237719111753968,0.793351204688873,0.699024231193321,627.75638747539,0.346867887500974,0.326086956521739,0.815217391304348,92
"UMass-flusion_3src_spatial_fourierP","08",0.687282241625429,0.533824093643253,68.7628156364243,0.253831660228979,0.723287712703496,0.581282448973336,94.609177550803,0.364954810796421,0.434782608695652,0.858695652173913,92
"UMass-flusion_3src_spatial_fourierP","09",0.531428533175853,0.469029530046023,38.4449841892161,0.273825005849666,0.588408535811484,0.502108673970013,57.779159918706,0.409570321440758,0.445652173913043,0.891304347826087,92
"UMass-flusion_3src_spatial_fourierP","10",0.892716017755633,0.845652750630603,27.7208996048507,0.42365872552453,0.968547864566311,0.893027154286068,37.752311329726,0.636376070114457,0.402173913043478,0.75,92
"UMass-flusion_3src_spatial_fourierP","11",0.684127532309685,0.71878117001494,25.102242786416,0.4990835221093,0.756508981380695,0.832706102082824,34.4704961950856,0.754520148079864,0.282608695652174,0.75,92
"UMass-flusion_3src_spatial_fourierP","12",0.63079826044304,0.546967336206449,294.233105982524,0.198727055891424,0.735975387521459,0.697690809228826,422.801860666132,0.301254889718908,0.315217391304348,0.83695652173913,92
"UMass-flusion_3src_spatial_fourierP","13",0.684633937508364,0.563477501217038,129.711276423991,0.299160347020543,0.776275817572411,0.661883232328087,187.057158693074,0.433985890229343,0.33695652173913,0.826086956521739,92
"UMass-flusion_3src_spatial_fourierP","15",0.83951752554869,0.84772328023953,12.5573055669457,0.261405296373678,0.948318666603489,0.916773314707824,18.8529874045411,0.397847967549369,0.380434782608696,0.91304347826087,92
"UMass-flusion_3src_spatial_fourierP","16",0.790107265045564,0.818845188755366,32.9806492428061,0.395236309531574,0.849815595279301,0.98018430991634,47.663570343926,0.61119044019105,0.293478260869565,0.771739130434783,92
"UMass-flusion_3src_spatial_fourierP","17",0.631064716085146,0.539663488712754,201.748389490907,0.2913299001104,0.672454211313597,0.613283309701605,267.907219644318,0.402937436619056,0.456521739130435,0.771739130434783,92
"UMass-flusion_3src_spatial_fourierP","18",0.624689120788372,0.476326860610358,160.105858433744,0.30850277746317,0.673450007583576,0.524363623943038,215.738245907643,0.427350362062683,0.434782608695652,0.760869565217391,92
"UMass-flusion_3src_spatial_fourierP","19",0.51062882751574,0.444379812028446,38.5520686500667,0.303044765317772,0.579834438261573,0.482378792614036,56.376294024454,0.460364106519415,0.5,0.847826086956522,92
"UMass-flusion_3src_spatial_fourierP","20",0.672394313602537,0.583243695522084,49.7936651778013,0.34333141198655,0.710794281706933,0.640846748555047,67.7881416053981,0.502869173628087,0.358695652173913,0.771739130434783,92
"UMass-flusion_3src_spatial_fourierP","21",0.742990817558375,0.603961250958208,119.425956331177,0.371115326626818,0.724754510744611,0.653685236579529,153.852778204807,0.530062684218854,0.358695652173913,0.782608695652174,92
"UMass-flusion_3src_spatial_fourierP","22",0.751553200913943,0.62738790798115,66.0704803566471,0.235552853093774,0.818912673536606,0.72694596784224,96.3468562865241,0.355010671886181,0.33695652173913,0.858695652173913,92
"UMass-flusion_3src_spatial_fourierP","23",0.571812925194423,0.495011341342842,20.7683562385715,0.303049209444892,0.626042489213379,0.478212613986822,30.4379136331678,0.455482916005108,0.5,0.880434782608696,92
"UMass-flusion_3src_spatial_fourierP","24",0.574712255084696,0.497753575097976,87.0359584677963,0.304391534270429,0.636145975207941,0.544237216501769,118.27474897752,0.43840218086373,0.358695652173913,0.739130434782609,92
"UMass-flusion_3src_spatial_fourierP","25",0.582792878721983,0.437738321023955,130.121033611448,0.242634760381589,0.668907760455796,0.528513396098112,185.62917426301,0.359532671158324,0.347826086956522,0.793478260869565,92
"UMass-flusion_3src_spatial_fourierP","26",0.673825009428205,0.524081256959366,160.626714637032,0.269156167678573,0.726162536636789,0.605290732087424,231.369591700372,0.407902953959706,0.347826086956522,0.771739130434783,92
"UMass-flusion_3src_spatial_fourierP","27",0.558747622068875,0.540603675160885,95.0069027739825,0.316182286473331,0.62504983493839,0.581608012117053,127.503372307486,0.445668026595225,0.5,0.847826086956522,92
"UMass-flusion_3src_spatial_fourierP","28",0.673192407229968,0.533334118508823,42.8113529939301,0.264139846547189,0.752912659107636,0.628352627922601,62.6390597044548,0.39097080863697,0.41304347826087,0.858695652173913,92
"UMass-flusion_3src_spatial_fourierP","29",0.854296867517958,0.718511994188615,161.923856225252,0.395127113688003,0.904262737421609,0.867592352229459,214.497018682085,0.572760077907212,0.25,0.717391304347826,92
"UMass-flusion_3src_spatial_fourierP","30",0.728857385764639,0.662479787083228,20.5919434006529,0.390054427845362,0.745086580602292,0.638965836794508,28.629141982925,0.588560017587895,0.434782608695652,0.760869565217391,92
"UMass-flusion_3src_spatial_fourierP","31",0.626246672907874,0.570229664678245,29.7101957724639,0.357600276727113,0.693335145909561,0.61810994924919,41.3589487038225,0.524937860259975,0.380434782608696,0.804347826086957,92
"UMass-flusion_3src_spatial_fourierP","32",0.701122385808362,0.598070467749157,29.0181633098063,0.217078581702514,0.73874226416397,0.673468273089555,41.6104610097576,0.31205436419875,0.510869565217391,0.83695652173913,92
"UMass-flusion_3src_spatial_fourierP","33",0.782327578848192,0.684616479695127,35.2148824685315,0.429111408213609,0.889131537607845,0.747591170496744,49.2308266584169,0.619276804345232,0.33695652173913,0.673913043478261,92
"UMass-flusion_3src_spatial_fourierP","34",0.55648889540326,0.569214528891181,156.046813199536,0.367091444615173,0.609613324759407,0.580701804466044,218.64577040311,0.516002673647497,0.33695652173913,0.739130434782609,92
"UMass-flusion_3src_spatial_fourierP","35",0.794319952022441,0.781067665334334,31.8974980548402,0.300214284678222,0.845473764237263,0.872755906298168,48.6147414436426,0.474711156307482,0.25,0.83695652173913,92
"UMass-flusion_3src_spatial_fourierP","36",0.581939898078107,0.437311206817612,244.321198528378,0.218069372503289,0.614328298214221,0.45874725852184,335.403218380458,0.30937062303323,0.423913043478261,0.826086956521739,92
"UMass-flusion_3src_spatial_fourierP","37",0.594315685661463,0.494620178558038,183.930365978579,0.318038250359989,0.655782057622904,0.536334078378565,253.816168563439,0.444510796636237,0.41304347826087,0.75,92
"UMass-flusion_3src_spatial_fourierP","38",0.594894349273441,0.570160728686697,8.74387859853165,0.281608522481985,0.665027369587805,0.549717025476383,13.5535469345341,0.427823655421906,0.565217391304348,0.934782608695652,92
"UMass-flusion_3src_spatial_fourierP","39",0.564382438278625,0.477817140156733,299.740298977159,0.353727270925908,0.662680046000331,0.511220702651044,423.423737218298,0.470727385753718,0.423913043478261,0.782608695652174,92
"UMass-flusion_3src_spatial_fourierP","40",0.663187437997427,0.524662856247583,78.9721156525552,0.336536069906818,0.716873320299612,0.643539573666824,111.497177610512,0.511300159310528,0.391304347826087,0.83695652173913,92
"UMass-flusion_3src_spatial_fourierP","41",0.801676236842841,0.70703100055594,78.761435827997,0.346268710343144,0.831321430523699,0.787974949956946,106.544684644619,0.483328925273833,0.402173913043478,0.782608695652174,92
"UMass-flusion_3src_spatial_fourierP","42",0.58127048865283,0.552695501879443,404.672490140093,0.317317441793071,0.650685780349169,0.634227672865305,537.515963269092,0.44044998561006,0.369565217391304,0.717391304347826,92
"UMass-flusion_3src_spatial_fourierP","44",0.688991406151929,0.678134431536232,18.1918966022775,0.365131422357043,0.78440844744762,0.755043394164408,25.9963190898673,0.554462140356923,0.380434782608696,0.771739130434783,92
"UMass-flusion_3src_spatial_fourierP","45",0.57301379801421,0.480783261927403,101.477837939256,0.320093093757381,0.649043244730369,0.546559942811173,142.126360960196,0.467640277506366,0.358695652173913,0.760869565217391,92
"UMass-flusion_3src_spatial_fourierP","46",0.570164211017062,0.578682167897782,13.9170940362946,0.362692383895381,0.688595919565646,0.656509369663002,21.6308935602686,0.601459076876583,0.33695652173913,0.902173913043478,92
"UMass-flusion_3src_spatial_fourierP","47",0.737907315019274,0.582170569216752,113.493269648047,0.290215471875155,0.778738223075506,0.65731426476097,157.906103820365,0.42077395728113,0.423913043478261,0.782608695652174,92
"UMass-flusion_3src_spatial_fourierP","48",0.571389773988589,0.430693004716031,339.772732789891,0.210664270951951,0.651058375957763,0.556406436342792,479.334652577425,0.308738452590486,0.391304347826087,0.782608695652174,92
"UMass-flusion_3src_spatial_fourierP","49",0.690875638704369,0.655207296392014,36.219060673852,0.296525320272958,0.735374876123539,0.709999231128108,46.9361007891024,0.406048955325378,0.423913043478261,0.782608695652174,92
"UMass-flusion_3src_spatial_fourierP","50",0.622691076042783,0.633550077746615,9.45455167529493,0.345704044670465,0.695390480980136,0.639757657689259,14.0136299101867,0.538482663937682,0.347826086956522,0.847826086956522,92
"UMass-flusion_3src_spatial_fourierP","51",0.608138781405859,0.474831992445492,96.3384573785047,0.259033780132398,0.652722032220527,0.57079140773459,137.085816375707,0.393038808007711,0.380434782608696,0.804347826086957,92
"UMass-flusion_3src_spatial_fourierP","53",0.690049207858692,0.528450336796755,73.4350008281987,0.267625540441192,0.742197894930937,0.562766134387764,106.247242133048,0.377920551115669,0.467391304347826,0.83695652173913,92
"UMass-flusion_3src_spatial_fourierP","54",0.569210375529594,0.482076528315608,52.9588841042417,0.33188358834972,0.608980617060342,0.498049617904628,71.9722418401859,0.49100366737742,0.434782608695652,0.826086956521739,92
"UMass-flusion_3src_spatial_fourierP","55",0.50113356725874,0.466611636060138,83.4932005152753,0.307226800692773,0.604726483291797,0.533943824332668,124.271292316464,0.471960422692359,0.304347826086957,0.804347826086957,92
"UMass-flusion_3src_spatial_fourierP","56",0.860256422873679,0.741916472142007,14.4065264885029,0.395579318162483,0.903204776632037,0.787450357716224,20.9504238405735,0.615727715271614,0.391304347826087,0.891304347826087,92
"UMass-flusion_spatial2_prod","01",0.728516304849334,0.6613431857926,79.1682868810073,0.308000992533369,0.803699127742904,0.777524644597346,113.05076534914,0.456310924871057,0.206521739130435,0.83695652173913,92
"UMass-flusion_spatial2_prod","02",0.871833133291719,0.846431008020698,8.8841856379622,0.346633507387798,0.921117652872101,0.926578413474273,13.8468012382839,0.546158247184205,0.25,0.858695652173913,92
"UMass-flusion_spatial2_prod","04",0.741082831025934,0.726849187900205,270.558960844283,0.340943660748095,0.831260164182976,0.906649341018753,360.568131650933,0.49065726974722,0.195652173913043,0.706521739130435,92
"UMass-flusion_spatial2_prod","05",0.671335185475558,0.50788256955081,47.4204143943468,0.284184415849217,0.717975386047935,0.597979576662285,68.0984045505901,0.44567004978011,0.293478260869565,0.880434782608696,92
"UMass-flusion_spatial2_prod","06",0.829909397874229,0.610127059539899,513.279132613964,0.262433129715468,0.945659733847542,0.799853831642687,748.273822227169,0.396901275393312,0.195652173913043,0.847826086956522,92
"UMass-flusion_spatial2_prod","08",0.684730272054981,0.541070308010598,68.5074902366767,0.257277212134824,0.741243930845273,0.611823254940882,96.957928954261,0.384129678510287,0.358695652173913,0.869565217391304,92
"UMass-flusion_spatial2_prod","09",0.571419940726985,0.485659845037677,41.3380712837681,0.283533981102087,0.647504292819666,0.534047000562561,63.5821063188355,0.435622432003523,0.326086956521739,0.891304347826087,92
"UMass-flusion_spatial2_prod","10",0.885722841146513,0.822555606444695,27.5037452771085,0.412087419617039,0.962429301130112,0.858047098340495,37.5138203679629,0.611449089531403,0.315217391304348,0.75,92
"UMass-flusion_spatial2_prod","11",0.690415645083037,0.702021639505052,25.3329683836919,0.487446593006664,0.755845315143576,0.787337060949091,34.440256098716,0.713410979372151,0.239130434782609,0.728260869565217,92
"UMass-flusion_spatial2_prod","12",0.692679998106705,0.603068061179089,323.097573464707,0.219109867019618,0.837563049122768,0.776567702152067,481.161763828658,0.33531302745649,0.16304347826087,0.847826086956522,92
"UMass-flusion_spatial2_prod","13",0.72109391120101,0.582820830695606,136.619011298003,0.309430068787326,0.837938106922489,0.699316220302467,201.915759699616,0.45853008143489,0.217391304347826,0.804347826086957,92
"UMass-flusion_spatial2_prod","15",0.902155039553823,0.887420420503644,13.4942227597133,0.273646369560905,0.954989406093874,0.92302241188301,18.9856046059315,0.40055985997717,0.369565217391304,0.83695652173913,92
"UMass-flusion_spatial2_prod","16",0.764741728561917,0.780704061173032,31.9218412826306,0.376826531085018,0.83448656513606,0.924633186736277,46.8038116967617,0.576551734912828,0.228260869565217,0.826086956521739,92
"UMass-flusion_spatial2_prod","17",0.682057243192363,0.587114428148018,218.050457975694,0.316945636092084,0.755743944583735,0.697608042526935,301.090030443779,0.458340202601318,0.326086956521739,0.782608695652174,92
"UMass-flusion_spatial2_prod","18",0.624023085135776,0.490377457965668,159.935155589148,0.317602932561658,0.68284712484228,0.543113006316854,218.748591992953,0.442630894464321,0.347826086956522,0.782608695652174,92
"UMass-flusion_spatial2_prod","19",0.531919511366509,0.479756177921221,40.1594982764256,0.327169674257347,0.61427177488338,0.520302712326379,59.7245763731721,0.496557263601376,0.326086956521739,0.826086956521739,92
"UMass-flusion_spatial2_prod","20",0.671610490230888,0.623320223297393,49.7356197158798,0.366922804356934,0.713897929690883,0.676300680787914,68.0841351642153,0.530689693345177,0.304347826086957,0.782608695652174,92
"UMass-flusion_spatial2_prod","21",0.729174072238791,0.624816083917424,117.205097090146,0.3839299701708,0.734388964709723,0.673000373184581,155.898005225879,0.54572501309215,0.282608695652174,0.771739130434783,92
"UMass-flusion_spatial2_prod","22",0.772890987023203,0.646079106033958,67.9463259737927,0.242570465280862,0.85926332158009,0.761492369318531,101.09419774764,0.371881721100129,0.217391304347826,0.858695652173913,92
"UMass-flusion_spatial2_prod","23",0.571946094776632,0.483579136322016,20.7731929836005,0.296050338097066,0.6330562976947,0.469517811232593,30.7789219520477,0.447201381815601,0.423913043478261,0.880434782608696,92
"UMass-flusion_spatial2_prod","24",0.582062073055252,0.511327578573152,88.1490345262439,0.312692452537439,0.659310864903714,0.564335155126053,122.581655914979,0.454591775872293,0.33695652173913,0.760869565217391,92
"UMass-flusion_spatial2_prod","25",0.591418750362274,0.44968206582674,132.046944813547,0.249255080145927,0.700475765727866,0.5605244815305,194.389638856502,0.38130890452753,0.239130434782609,0.858695652173913,92
"UMass-flusion_spatial2_prod","26",0.662878523090263,0.522997801490058,158.017286205792,0.268599729687141,0.738235304813261,0.616607521397634,235.21621184773,0.415529292088254,0.293478260869565,0.782608695652174,92
"UMass-flusion_spatial2_prod","27",0.594098231007202,0.610799204012897,101.017759435831,0.357237469470428,0.681673459654956,0.668706844461516,139.053976275484,0.512409137310689,0.293478260869565,0.804347826086957,92
"UMass-flusion_spatial2_prod","28",0.687431069216808,0.536191571500237,43.7168539739368,0.265555032953747,0.776602344665744,0.648623939469231,64.6099385442566,0.403583934953829,0.271739130434783,0.83695652173913,92
"UMass-flusion_spatial2_prod","29",0.814238213295051,0.696176285633024,154.331118836652,0.382844167647954,0.877570540050191,0.836539857171041,208.165455386036,0.552260093734727,0.16304347826087,0.728260869565217,92
"UMass-flusion_spatial2_prod","30",0.717965594391114,0.659695542803601,20.2842245576038,0.38841512226858,0.746009801562881,0.632219524425565,28.6646157448346,0.582345898619598,0.293478260869565,0.771739130434783,92
"UMass-flusion_spatial2_prod","31",0.655523935604398,0.5829164378978,31.0991583714293,0.36555635810118,0.721507707969513,0.610165827348558,43.0395032753988,0.518191212099356,0.282608695652174,0.793478260869565,92
"UMass-flusion_spatial2_prod","32",0.698778685016569,0.580484043149155,28.9211618537094,0.210695327027268,0.777569466141953,0.704160651890398,43.7974453646478,0.326275807338909,0.304347826086957,0.880434782608696,92
"UMass-flusion_spatial2_prod","33",0.699019132239531,0.6326533517726,31.4649224322521,0.396541390314027,0.793394307541694,0.694510059796041,43.9298978545369,0.575306380531927,0.315217391304348,0.728260869565217,92
"UMass-flusion_spatial2_prod","34",0.604363755398937,0.56743699828538,169.471554279564,0.365945099529425,0.686596446859791,0.596657766199438,246.256771272093,0.530180895329827,0.217391304347826,0.771739130434783,92
"UMass-flusion_spatial2_prod","35",0.739976752115449,0.727533420097114,29.71523874118,0.279637648551823,0.781114499868088,0.797582373242594,44.914083742415,0.433822616289583,0.206521739130435,0.83695652173913,92
"UMass-flusion_spatial2_prod","36",0.639997623694262,0.506216397143285,268.696109327958,0.252429597858332,0.718589738439705,0.548730754837336,392.326564913999,0.37005382015474,0.260869565217391,0.793478260869565,92
"UMass-flusion_spatial2_prod","37",0.624568319267516,0.518374931382283,193.293029803924,0.333312435185974,0.716688028709252,0.596257173303752,277.389427459555,0.494174735095323,0.315217391304348,0.75,92
"UMass-flusion_spatial2_prod","38",0.640534166953474,0.577728035449287,9.41470195656275,0.285346096764748,0.735336015959788,0.570391087987273,14.9864677165718,0.443913484526553,0.369565217391304,0.902173913043478,92
"UMass-flusion_spatial2_prod","39",0.609758703511162,0.491198292956011,323.839375037625,0.363633317117509,0.69319694278897,0.540563197705085,442.922707444639,0.497745689035751,0.282608695652174,0.739130434782609,92
"UMass-flusion_spatial2_prod","40",0.68044577384888,0.541045622644761,81.0272319239778,0.347044516906363,0.763756937373065,0.677935414481649,118.789108879035,0.538628080712521,0.260869565217391,0.858695652173913,92
"UMass-flusion_spatial2_prod","41",0.781019085429202,0.664884001457001,76.7319545602698,0.32562720097319,0.818392569528705,0.7599239365662,104.887682470793,0.466122964404478,0.326086956521739,0.782608695652174,92
"UMass-flusion_spatial2_prod","42",0.61741596141742,0.583309010151041,429.836469314123,0.334893485194947,0.705677744807139,0.680986626133921,582.943510082584,0.472922520593057,0.271739130434783,0.728260869565217,92
"UMass-flusion_spatial2_prod","44",0.726083124121891,0.699748958247346,19.1712538077309,0.376769443543675,0.823769950861535,0.760585683769267,27.3008106540959,0.5585320915419,0.326086956521739,0.728260869565217,92
"UMass-flusion_spatial2_prod","45",0.598421968442938,0.522564715939456,105.977496080185,0.347910108066043,0.70034553479908,0.59959477898966,153.360447218068,0.513017231734753,0.228260869565217,0.782608695652174,92
"UMass-flusion_spatial2_prod","46",0.583449938791924,0.579248139970759,14.2413843358445,0.363047110154031,0.688275824059603,0.629952349993621,21.6208383862202,0.57712894348772,0.293478260869565,0.858695652173913,92
"UMass-flusion_spatial2_prod","47",0.737438432731755,0.59282729952469,113.421153566789,0.295527914960565,0.806645310486692,0.693142091693235,163.564872468796,0.443708826227804,0.228260869565217,0.826086956521739,92
"UMass-flusion_spatial2_prod","48",0.597034341845454,0.466654666428398,355.022086731106,0.228254148576853,0.710741216415322,0.631428780559024,523.275495137776,0.350366803648526,0.195652173913043,0.847826086956522,92
"UMass-flusion_spatial2_prod","49",0.698118486386037,0.675535468691948,36.5987659709236,0.305725183942052,0.759566428153581,0.767000456205601,48.4801528925851,0.438647987662648,0.271739130434783,0.804347826086957,92
"UMass-flusion_spatial2_prod","50",0.622036739392576,0.606662948462593,9.44461663702243,0.331032766630181,0.677618602109519,0.597710997514187,13.6554879164244,0.50309207922388,0.326086956521739,0.83695652173913,92
"UMass-flusion_spatial2_prod","51",0.631494870429396,0.510799634958059,100.038418071228,0.278655108414213,0.682150246362273,0.605739219776772,143.266381089259,0.417103372052311,0.239130434782609,0.793478260869565,92
"UMass-flusion_spatial2_prod","53",0.710812533847816,0.544685705482174,75.6446329005824,0.275847693056393,0.766154974428837,0.600623543877824,109.67675014378,0.40334335498403,0.358695652173913,0.858695652173913,92
"UMass-flusion_spatial2_prod","54",0.588256062305937,0.521455360804402,54.7308797705814,0.358993782403489,0.645084808028312,0.542934590505984,76.2392078009982,0.535253648433768,0.315217391304348,0.782608695652174,92
"UMass-flusion_spatial2_prod","55",0.546394602525621,0.502823385855727,91.0340817093612,0.331069369496076,0.666025464995762,0.570610595391684,136.868233056629,0.504370695045271,0.293478260869565,0.815217391304348,92
"UMass-flusion_spatial2_prod","56",0.846583605120716,0.7416935143653,14.1775507948689,0.39546044024482,0.851325724758901,0.747075361208646,19.7470553982119,0.584157465655106,0.293478260869565,0.826086956521739,92
"UMass-flusion_spatial_mem","01",0.728270996355262,0.661323061859381,79.1416290655216,0.307991620407764,0.807741948496434,0.780903291683173,113.619440820569,0.458293773372721,0.239130434782609,0.847826086956522,92
"UMass-flusion_spatial_mem","02",0.870815046583562,0.844812587952501,8.87381109383738,0.34597072611047,0.924650160827422,0.92692731632233,13.8999040480905,0.546363902922739,0.25,0.869565217391304,92
"UMass-flusion_spatial_mem","04",0.741435195479543,0.725601203386275,270.687604170529,0.340358267772744,0.831263497290613,0.907131357443885,360.5695774226,0.49091812568394,0.206521739130435,0.706521739130435,92
"UMass-flusion_spatial_mem","05",0.670458200125401,0.507467630744738,47.3584676803626,0.283952237882721,0.727787689503336,0.606052169935445,69.0290802022403,0.451686497809966,0.282608695652174,0.880434782608696,92
"UMass-flusion_spatial_mem","06",0.829621789041249,0.610279319488561,513.101253422932,0.262498621081951,0.94577761568639,0.799048770713945,748.367098794806,0.396501790266472,0.206521739130435,0.847826086956522,92
"UMass-flusion_spatial_mem","08",0.684594068465684,0.540775552435744,68.4938630225096,0.257137056795606,0.74096469762008,0.612775348722598,96.9214040343482,0.384727445063501,0.33695652173913,0.869565217391304,92
"UMass-flusion_spatial_mem","09",0.570603624226891,0.485392226080025,41.2790167299,0.283377741978641,0.648440312352927,0.534456821609084,63.6740193673515,0.435956723256511,0.33695652173913,0.891304347826087,92
"UMass-flusion_spatial_mem","10",0.885657869578936,0.823607296317322,27.5017277594812,0.412614299699617,0.961716516374461,0.862222157301432,37.4860372578132,0.614424259548693,0.33695652173913,0.75,92
"UMass-flusion_spatial_mem","11",0.690577859128486,0.702273012849439,25.3389203972565,0.487621133324795,0.757927353237176,0.790025668071953,34.5351246170678,0.715847142910999,0.228260869565217,0.728260869565217,92
"UMass-flusion_spatial_mem","12",0.69156025995532,0.602227749505797,322.57527647242,0.218804560552832,0.838667574727711,0.777495585726719,481.796289777272,0.335713676942274,0.141304347826087,0.847826086956522,92
"UMass-flusion_spatial_mem","13",0.722354012560893,0.583640378852378,136.857751078284,0.309865181654212,0.843379822941756,0.705342391315302,203.227035812998,0.462481342116446,0.217391304347826,0.815217391304348,92
"UMass-flusion_spatial_mem","15",0.902618963816392,0.887388015514418,13.5011620296484,0.273636377106988,0.957837995553845,0.927112351038197,19.0422358029129,0.402334752367892,0.358695652173913,0.83695652173913,92
"UMass-flusion_spatial_mem","16",0.762648001600064,0.778620908679461,31.8344449535573,0.375821044925904,0.837936153822159,0.929927412224483,46.9972886274168,0.579852930385834,0.228260869565217,0.826086956521739,92
"UMass-flusion_spatial_mem","17",0.682691519192603,0.587757307422153,218.253232997462,0.317292685612079,0.75918066900207,0.702646258684126,302.459228923183,0.461650395250289,0.358695652173913,0.782608695652174,92
"UMass-flusion_spatial_mem","18",0.62372044167269,0.490559869461718,159.857589020684,0.317721075076444,0.683635082963033,0.546859646790128,219.001012663984,0.44568436364041,0.358695652173913,0.782608695652174,92
"UMass-flusion_spatial_mem","19",0.532134334610591,0.479399910770602,40.1757172597795,0.32692671791206,0.608195056050352,0.514622408127892,59.1337475692435,0.491136195745296,0.33695652173913,0.847826086956522,92
"UMass-flusion_spatial_mem","20",0.670199095764558,0.621858915291809,49.6310999392123,0.366062592845423,0.711390192353167,0.678571088867367,67.8449733446379,0.532471270980216,0.304347826086957,0.815217391304348,92
"UMass-flusion_spatial_mem","21",0.729480796776518,0.625393836723726,117.254399006647,0.384284981226691,0.736008817167953,0.672015903101651,156.241871731414,0.544926722377461,0.293478260869565,0.771739130434783,92
"UMass-flusion_spatial_mem","22",0.773944430007995,0.646670929052403,68.0389361628637,0.242792665292606,0.862618630584104,0.761678912969563,101.488957146112,0.371972821387934,0.228260869565217,0.858695652173913,92
"UMass-flusion_spatial_mem","23",0.571210484709872,0.483013506518579,20.7464754834427,0.295704055799159,0.637280645807782,0.468090805584072,30.9843079206327,0.445842202498842,0.445652173913043,0.880434782608696,92
"UMass-flusion_spatial_mem","24",0.580995145628817,0.510823329927727,87.9874561879471,0.312384089069022,0.656064503428567,0.564352658236915,121.978079686366,0.45460587524246,0.326086956521739,0.760869565217391,92
"UMass-flusion_spatial_mem","25",0.59132690329231,0.449885789963672,132.026437981508,0.249368002763788,0.700546120385466,0.562578871184331,194.40916303871,0.382706447532673,0.25,0.858695652173913,92
"UMass-flusion_spatial_mem","26",0.663382346909739,0.523241610406674,158.137387958837,0.268724944380036,0.738621915157059,0.619951723817275,235.339393467379,0.41778293645004,0.315217391304348,0.782608695652174,92
"UMass-flusion_spatial_mem","27",0.592104089229983,0.609969203399989,100.678684643451,0.356752027910148,0.680717138371541,0.672651230382767,138.858897128464,0.515431596859097,0.293478260869565,0.815217391304348,92
"UMass-flusion_spatial_mem","28",0.686424410840179,0.536191507611517,43.6528360102116,0.265555001312125,0.77823103351829,0.651676152391944,64.7454383755325,0.405483069454898,0.282608695652174,0.83695652173913,92
"UMass-flusion_spatial_mem","29",0.814689756785594,0.696114964462712,154.416704616048,0.382810445654126,0.879844452652423,0.840867691488928,208.70484228515,0.555117208270964,0.206521739130435,0.739130434782609,92
"UMass-flusion_spatial_mem","30",0.715625551281553,0.658334786185979,20.2181128103562,0.387613936852402,0.747634153476836,0.631355220245234,28.7270297015284,0.581549776426071,0.304347826086957,0.771739130434783,92
"UMass-flusion_spatial_mem","31",0.655825578886398,0.582907005835422,31.113468836218,0.365550443101794,0.722749039996699,0.614503440246542,43.1135514293683,0.521874985894082,0.282608695652174,0.793478260869565,92
"UMass-flusion_spatial_mem","32",0.700237844229487,0.580902893722472,28.9815537641554,0.210847355079653,0.780786184374204,0.704889032167335,43.9786305155122,0.326613305411642,0.347826086956522,0.880434782608696,92
"UMass-flusion_spatial_mem","33",0.699599550724207,0.632985557512012,31.4910487881075,0.396749613862369,0.801846331046403,0.69782985429198,44.3978827211997,0.578056375191658,0.293478260869565,0.717391304347826,92
"UMass-flusion_spatial_mem","34",0.602754663216844,0.566814426260393,169.020343645832,0.365543597367358,0.684785288776609,0.600053638450831,245.607175801759,0.533198415075086,0.217391304347826,0.771739130434783,92
"UMass-flusion_spatial_mem","35",0.739280251701866,0.727102444570757,29.6872693813132,0.279471997078716,0.789419738048924,0.801392205204232,45.3916349378131,0.435894867789452,0.195652173913043,0.83695652173913,92
"UMass-flusion_spatial_mem","36",0.64061933964349,0.506186949569117,268.957130073161,0.252414913546747,0.721449092374709,0.552208942525089,393.88767892271,0.372399445271834,0.271739130434783,0.804347826086957,92
"UMass-flusion_spatial_mem","37",0.62279418689893,0.517455891752319,192.743966698707,0.332721497394521,0.71171306947827,0.595650366218219,275.46390193459,0.49367181664977,0.315217391304348,0.771739130434783,92
"UMass-flusion_spatial_mem","38",0.639260819000944,0.577217958072322,9.39598602839129,0.285094164056564,0.73898570332197,0.573305461480837,15.0608499318336,0.446181629523883,0.369565217391304,0.902173913043478,92
"UMass-flusion_spatial_mem","39",0.609400867193672,0.490308636403657,323.649330207178,0.362974705783008,0.692488862510703,0.539380024168182,442.470274932926,0.496656233575455,0.304347826086957,0.739130434782609,92
"UMass-flusion_spatial_mem","40",0.678780355825876,0.540700237955146,80.828914559705,0.346822975768726,0.75713573060471,0.681373113557818,117.759295317639,0.54135937519266,0.260869565217391,0.847826086956522,92
"UMass-flusion_spatial_mem","41",0.780430649623026,0.665401359115267,76.6741431310954,0.325880577089616,0.824255877911496,0.768001173254307,105.639141917983,0.471077388562071,0.326086956521739,0.782608695652174,92
"UMass-flusion_spatial_mem","42",0.617558607196914,0.583815800262739,429.935777336675,0.335184447110185,0.705164128377062,0.681859045264798,582.51922383183,0.473528386609442,0.260869565217391,0.728260869565217,92
"UMass-flusion_spatial_mem","44",0.726602866325933,0.7002494003685,19.1849769055103,0.377038899178143,0.824972449198339,0.761645031696513,27.3406630174536,0.559310018113621,0.293478260869565,0.739130434782609,92
"UMass-flusion_spatial_mem","45",0.596269129076077,0.52176486410129,105.596239145122,0.347377587344753,0.69794324062219,0.601627661944671,152.834397017116,0.514756579745384,0.217391304347826,0.771739130434783,92
"UMass-flusion_spatial_mem","46",0.58319662040024,0.57944447839006,14.2352011068553,0.363170166389901,0.688487037560747,0.629151390077571,21.6274732451148,0.576395146478898,0.271739130434783,0.858695652173913,92
"UMass-flusion_spatial_mem","47",0.737284281687438,0.591881830854941,113.397444483435,0.295056593236927,0.804951046385507,0.693357363632637,163.221323590453,0.443846630670351,0.228260869565217,0.815217391304348,92
"UMass-flusion_spatial_mem","48",0.594322109125597,0.464893175183957,353.409277463003,0.227392552812039,0.71272187497779,0.631256574397671,524.733733475495,0.350271250002288,0.195652173913043,0.826086956521739,92
"UMass-flusion_spatial_mem","49",0.698877621784382,0.677117389571949,36.6385635401415,0.306441109418114,0.763722759516068,0.771072146278348,48.7454352595473,0.440976589480739,0.282608695652174,0.804347826086957,92
"UMass-flusion_spatial_mem","50",0.623500324233243,0.607951487602652,9.46683879346509,0.331735873153377,0.681935277492059,0.60125812529355,13.7424783094595,0.506077689154455,0.315217391304348,0.83695652173913,92
"UMass-flusion_spatial_mem","51",0.63123344516518,0.511114810149799,99.9970043225178,0.278827045062584,0.689551082748399,0.61207813788381,144.820717618093,0.421468260491569,0.239130434782609,0.804347826086957,92
"UMass-flusion_spatial_mem","53",0.709081654889676,0.543021823744611,75.4604328518366,0.275005045756848,0.763094007267495,0.600429382294304,109.238566040358,0.403212967513701,0.347826086956522,0.858695652173913,92
"UMass-flusion_spatial_mem","54",0.587796699621322,0.52135912831283,54.6881410289453,0.358927531543423,0.647556514094341,0.543165942145014,76.5313258450844,0.53548172712138,0.326086956521739,0.793478260869565,92
"UMass-flusion_spatial_mem","55",0.545939512353604,0.503434524066972,90.9582597380002,0.331471755598162,0.660257540532428,0.571598955997064,135.682924579414,0.505244320823547,0.304347826086957,0.804347826086957,92
"UMass-flusion_spatial_mem","56",0.848260702575669,0.743048353938958,14.2056367797755,0.396182821449296,0.862590742278783,0.758366447902376,20.0083548263361,0.59298625713985,0.326086956521739,0.826086956521739,92
"UMass-gbqr","01",0.732629279165842,0.691560353259868,79.6152461713569,0.322073742916835,0.778479775273678,0.772727377678823,109.503334476268,0.453495521758558,0.293478260869565,0.75,92
"UMass-gbqr","02",0.879045635033741,0.921502435730775,8.95768273499075,0.377377031721345,0.881218625657443,0.962255299802187,13.2470147748287,0.567187471930315,0.260869565217391,0.760869565217391,92
"UMass-gbqr","04",0.791255089929732,0.772414134708286,288.876149779061,0.362316842455044,0.856946276109592,0.917559275801744,371.709761895972,0.496561469498501,0.260869565217391,0.695652173913043,92
"UMass-gbqr","05",0.72949958263392,0.611369701179002,51.5289132127024,0.342090380363178,0.773458042984984,0.674596991196717,73.3608139465974,0.502772479833282,0.228260869565217,0.684782608695652,92
"UMass-gbqr","06",0.868434046898574,0.72654242573973,537.105707522169,0.312506714260027,0.922927681020762,0.904744109452425,730.286591252918,0.44894964147233,0.206521739130435,0.760869565217391,92
"UMass-gbqr","08",0.750489293096136,0.612266638519254,75.0867020457737,0.291130841055702,0.74874469972718,0.643589581149095,97.9390621360532,0.404073981992169,0.33695652173913,0.75,92
"UMass-gbqr","09",0.687801989880095,0.629287228294077,49.7574649750724,0.367385351945405,0.710432244854234,0.631474899519589,69.7613576088386,0.5150944227533,0.228260869565217,0.706521739130435,92
"UMass-gbqr","10",0.97853150062781,0.930873566082763,30.3856690700857,0.466353013499944,1.052812528162,0.934633630195571,41.0368013694448,0.666025074070857,0.239130434782609,0.706521739130435,92
"UMass-gbqr","11",0.657257163753006,0.720034520957656,24.1163059787085,0.499953782529334,0.713384150159785,0.781968244142159,32.5055038855415,0.708546261265668,0.239130434782609,0.66304347826087,92
"UMass-gbqr","12",0.746820721257416,0.67152747889805,348.351278383907,0.243982903544408,0.861442236956269,0.821774847875834,494.879838126225,0.354832954506372,0.271739130434783,0.793478260869565,92
"UMass-gbqr","13",0.794219726426091,0.640086317178212,150.473484926509,0.339833346241057,0.87234610610641,0.739185099418678,210.206965502967,0.484671446181109,0.347826086956522,0.75,92
"UMass-gbqr","15",0.953367267119727,0.988770946773003,14.2602432068609,0.304898978725519,0.971503850185934,1.00976372240222,19.3139189346747,0.438202594052206,0.33695652173913,0.793478260869565,92
"UMass-gbqr","16",0.803310633625825,0.81604954793207,33.5317841168083,0.393886922886884,0.823896359131638,0.900691376713137,46.2098392730354,0.561622904427608,0.315217391304348,0.717391304347826,92
"UMass-gbqr","17",0.747997623333573,0.64558143968384,239.131284009568,0.34850824684256,0.80226508665289,0.722535293199165,319.624154577048,0.474717825029549,0.326086956521739,0.739130434782609,92
"UMass-gbqr","18",0.68334151985094,0.555020569513348,175.138283985288,0.359470358284337,0.762747573141372,0.607899560196545,244.34452690894,0.495431195616193,0.33695652173913,0.695652173913043,92
"UMass-gbqr","19",0.639073914506793,0.583773114338594,48.2495701317867,0.398104012929912,0.685236263452252,0.578302336303908,66.6243301802217,0.551909914836692,0.239130434782609,0.706521739130435,92
"UMass-gbqr","20",0.731614695498972,0.67116597670623,54.179186899503,0.395087618141525,0.787344670707453,0.701591939278604,75.0887189215998,0.550535614832496,0.282608695652174,0.684782608695652,92
"UMass-gbqr","21",0.778421710238213,0.689047070401614,125.121004159442,0.423397905391519,0.776903455662646,0.699723250022422,164.923092272733,0.567394157558124,0.228260869565217,0.652173913043478,92
"UMass-gbqr","22",0.804525389460812,0.68130140378343,70.7273668399704,0.255794680510167,0.85428923737854,0.766638649691185,100.508985928101,0.374394953903709,0.271739130434783,0.782608695652174,92
"UMass-gbqr","23",0.657302678060206,0.592364437172146,23.8733606273064,0.36264941708468,0.697338157272344,0.540503995080063,33.9042780160782,0.514813554872607,0.358695652173913,0.782608695652174,92
"UMass-gbqr","24",0.645945099409498,0.58834886727264,97.8236506134645,0.359793326165737,0.715836240272417,0.625633092631721,133.091074889779,0.503969416118338,0.282608695652174,0.684782608695652,92
"UMass-gbqr","25",0.671051702677441,0.534033782035185,149.826712623174,0.296010544465652,0.747784446170223,0.626575082206127,207.518311904043,0.426241254526301,0.25,0.684782608695652,92
"UMass-gbqr","26",0.685153003779111,0.564666053265932,163.327087123291,0.289999592423942,0.75744873872672,0.651609175043346,241.337987807569,0.439116763626638,0.239130434782609,0.695652173913043,92
"UMass-gbqr","27",0.647612837929919,0.646910892560022,110.117139649869,0.378358073672471,0.698083062763582,0.689430806812576,142.401356944393,0.528289261400815,0.239130434782609,0.75,92
"UMass-gbqr","28",0.666611966152174,0.535634473250764,42.392872953437,0.265279123648453,0.746671498657358,0.625187230148756,62.119822290472,0.389001248755619,0.358695652173913,0.771739130434783,92
"UMass-gbqr","29",0.856827372778276,0.778364529968376,162.403489459937,0.428041469886428,0.929173323437907,0.914337584911363,220.405972145494,0.603619966245182,0.206521739130435,0.58695652173913,92
"UMass-gbqr","30",0.743274306002599,0.746827336091625,20.999255463822,0.439716524123775,0.773714460307866,0.677294220996027,29.7291371433511,0.623864807266371,0.271739130434783,0.706521739130435,92
"UMass-gbqr","31",0.739332571751212,0.698403188768286,35.0751810715313,0.437979973755942,0.835490558133856,0.728796671651063,49.8388280765065,0.61893998931065,0.25,0.75,92
"UMass-gbqr","32",0.785170330271605,0.665479432227257,32.4967528223576,0.241545669097772,0.814750978518001,0.766609880105729,45.8917344639161,0.35521192056669,0.33695652173913,0.83695652173913,92
"UMass-gbqr","33",0.775300836705794,0.731130536718117,34.8985879834955,0.458265997831072,0.85768972536675,0.764817994106067,47.4899071849807,0.633546866238436,0.271739130434783,0.608695652173913,92
"UMass-gbqr","34",0.678703436030072,0.642507134253409,190.317379510908,0.414358488965642,0.715304993086572,0.604539895091565,256.553465835626,0.537184833583663,0.293478260869565,0.66304347826087,92
"UMass-gbqr","35",0.85684906404378,0.79831006115953,34.4084789561674,0.306841640742929,0.919184151618364,0.859244713952348,52.8530887180559,0.467362121261954,0.217391304347826,0.771739130434783,92
"UMass-gbqr","36",0.715883013061311,0.53209797877616,300.555772743684,0.265335693513063,0.738426674145952,0.543254143083693,403.156884953011,0.366360494998324,0.380434782608696,0.815217391304348,92
"UMass-gbqr","37",0.671859343622159,0.593586469466154,207.928779165596,0.381673070307679,0.743265886012853,0.637820723726265,287.676213795062,0.528622381915,0.282608695652174,0.684782608695652,92
"UMass-gbqr","38",0.752403583207453,0.738160396101445,11.0589814757884,0.364585366971268,0.805015682274936,0.691162277710575,16.4065696115816,0.537905064671446,0.304347826086957,0.826086956521739,92
"UMass-gbqr","39",0.680712971761688,0.569727233838466,361.522782841711,0.421768167487131,0.775261524986983,0.611617369278795,495.358407443857,0.563171725693384,0.326086956521739,0.641304347826087,92
"UMass-gbqr","40",0.780120026039145,0.625336858721935,92.8964051328679,0.401111697342735,0.864687622113549,0.747648451386795,134.487121574161,0.594015951690718,0.228260869565217,0.739130434782609,92
"UMass-gbqr","41",0.828883556222472,0.770347753094721,81.4344445076727,0.377278114778706,0.826831435451345,0.840407698372878,105.969233210944,0.515490181088386,0.304347826086957,0.728260869565217,92
"UMass-gbqr","42",0.656585279509048,0.643970180377285,457.105607862623,0.369720704318153,0.75051644398819,0.739963426333601,619.983687246287,0.513879943156978,0.25,0.695652173913043,92
"UMass-gbqr","44",0.804916500316839,0.781805236737196,21.2527436721062,0.420951429127936,0.890494589771885,0.82914866855123,29.5121522197226,0.608880958355757,0.282608695652174,0.66304347826087,92
"UMass-gbqr","45",0.642872851457321,0.604553089054947,113.849522056562,0.402495851957091,0.741911560967502,0.666471907196947,162.462503339688,0.570237741955147,0.228260869565217,0.652173913043478,92
"UMass-gbqr","46",0.671189156861587,0.716751005073214,16.3830041095028,0.449227823338309,0.760383988165338,0.729177185788514,23.8859752804112,0.668033477220516,0.25,0.652173913043478,92
"UMass-gbqr","47",0.788344843333155,0.642719993165929,121.250775075621,0.320399717820156,0.81425480390929,0.698397515673579,165.107862683998,0.447073039761499,0.271739130434783,0.760869565217391,92
"UMass-gbqr","48",0.652443206905631,0.536613385873073,387.970561413921,0.262472959811695,0.768523073037193,0.684490029172123,565.81675901197,0.379809395824499,0.25,0.728260869565217,92
"UMass-gbqr","49",0.794884372001076,0.815834842802371,41.6717042624268,0.3692200764307,0.833895205973197,0.865831149764026,53.2242679290718,0.495169316298059,0.326086956521739,0.782608695652174,92
"UMass-gbqr","50",0.713605791865409,0.716433237768926,10.8349438342002,0.390930214883709,0.773807401227242,0.692443563282271,15.5939013247316,0.582828278960354,0.282608695652174,0.695652173913043,92
"UMass-gbqr","51",0.683910200472497,0.56445508870046,108.34180570861,0.307925619308039,0.730619992790976,0.644026108476912,153.446081529427,0.443467176575494,0.239130434782609,0.706521739130435,92
"UMass-gbqr","53",0.768592866967119,0.609378411066466,81.7936129474351,0.308610318205893,0.75592665623842,0.619764149007108,108.212544159348,0.416197056721104,0.402173913043478,0.771739130434783,92
"UMass-gbqr","54",0.63402712093072,0.592821436100178,58.9893829413696,0.40812546122294,0.683092061625598,0.586124330431439,80.731086804947,0.577832379415821,0.315217391304348,0.66304347826087,92
"UMass-gbqr","55",0.633007620063492,0.600275776094707,105.464561950548,0.395234048983681,0.751319511676458,0.645261863784681,154.396159649512,0.570355996456547,0.173913043478261,0.684782608695652,92
"UMass-gbqr","56",0.943276811405159,0.821049136125857,15.7968508088598,0.437771729894138,0.941886913221812,0.787142471005265,21.8476812262537,0.615486970722776,0.293478260869565,0.75,92
"UMass-gbqr_1src","01",0.727120230469465,0.68554257145249,79.0165746732269,0.319271139352847,0.763772278172661,0.759487514629517,107.434533172091,0.445725357564825,0.260869565217391,0.728260869565217,92
"UMass-gbqr_1src","02",0.882340928527534,0.918208791494834,8.99126255435354,0.376028206545078,0.889959141039336,0.956897556154115,13.3784075223631,0.56402942741175,0.260869565217391,0.706521739130435,92
"UMass-gbqr_1src","04",0.792172860053513,0.781899254712808,289.211214795532,0.366766034379326,0.855460784729646,0.934768534568712,371.065413863275,0.505874715026796,0.260869565217391,0.684782608695652,92
"UMass-gbqr_1src","05",0.723605955262472,0.606239791555911,51.1126111056678,0.339219952321344,0.766113273879603,0.672647005801668,72.6641785638415,0.501319169181884,0.239130434782609,0.706521739130435,92
"UMass-gbqr_1src","06",0.872408181624834,0.729888604846894,539.56361489183,0.313946001768999,0.927014545379113,0.910898676164552,733.52041152134,0.45200364369236,0.173913043478261,0.760869565217391,92
"UMass-gbqr_1src","08",0.757038011699106,0.615541703463067,75.7419035084011,0.292688124029522,0.754165931403568,0.640157743851949,98.6481828098972,0.40191932286961,0.326086956521739,0.760869565217391,92
"UMass-gbqr_1src","09",0.688526884558421,0.626296539309693,49.8099058259251,0.365639352224314,0.709774806543538,0.62899884576546,69.6968000251557,0.513074704344604,0.239130434782609,0.695652173913043,92
"UMass-gbqr_1src","10",0.991380802736554,0.937977897532973,30.7846696555623,0.469912171801807,1.05855149986465,0.943783632267851,41.2604965055938,0.672545415957831,0.25,0.641304347826087,92
"UMass-gbqr_1src","11",0.665117982004701,0.727389043356673,24.4047378264778,0.505060372817804,0.735107736813839,0.798554995988733,33.4953438339523,0.723575619676924,0.271739130434783,0.695652173913043,92
"UMass-gbqr_1src","12",0.752549436761723,0.672028633325279,351.023412823433,0.24416498561271,0.875236964092338,0.822252685589785,502.804608980524,0.355039279351011,0.260869565217391,0.782608695652174,92
"UMass-gbqr_1src","13",0.805001893764354,0.640910923446188,152.516282707106,0.340271144550218,0.864901648517505,0.723267123862297,208.413093978093,0.474234292835818,0.326086956521739,0.771739130434783,92
"UMass-gbqr_1src","15",0.951671505073972,0.981466441016738,14.2348783972776,0.302646549735317,0.974503304985185,1.00254237647047,19.3735494001946,0.435068779230346,0.315217391304348,0.782608695652174,92
"UMass-gbqr_1src","16",0.811991850705842,0.827957412804286,33.8941553899039,0.399634554589586,0.809672657645869,0.901325324185061,45.4120751462248,0.562018200118942,0.304347826086957,0.684782608695652,92
"UMass-gbqr_1src","17",0.758720563507375,0.647299732354746,242.559357003559,0.349435843470172,0.800589132334891,0.711782752473335,318.956450733377,0.467653225147781,0.293478260869565,0.760869565217391,92
"UMass-gbqr_1src","18",0.690532238530618,0.556352227864853,176.981242584459,0.360332833895191,0.756264558037682,0.594856584487463,242.267707113984,0.484801319444126,0.326086956521739,0.66304347826087,92
"UMass-gbqr_1src","19",0.634760777567712,0.579059225743335,47.9239317376883,0.394889377106192,0.667054449170304,0.567341502160885,64.8565439981345,0.541449308578245,0.239130434782609,0.695652173913043,92
"UMass-gbqr_1src","20",0.737238519356525,0.670825249034821,54.5956550291657,0.394887045870576,0.776413275761065,0.696560401331448,74.0461965383434,0.546587392679119,0.293478260869565,0.652173913043478,92
"UMass-gbqr_1src","21",0.784370791850153,0.684944914376747,126.077240419714,0.420877258627132,0.769981127173044,0.694954504161922,163.453602322712,0.563527259409405,0.271739130434783,0.652173913043478,92
"UMass-gbqr_1src","22",0.799983409848828,0.680567561253361,70.3280727189834,0.255519159258514,0.831617745787294,0.750859969590519,97.8416356565399,0.366689292036374,0.304347826086957,0.782608695652174,92
"UMass-gbqr_1src","23",0.647878428009155,0.58389093486438,23.5310700393924,0.357461883060446,0.674468420759758,0.529444846014132,32.7923613702,0.504280052999684,0.347826086956522,0.782608695652174,92
"UMass-gbqr_1src","24",0.652943927416191,0.592632215176297,98.8835718145951,0.362412724409037,0.719927661110114,0.626557792591232,133.851767861832,0.50471429439311,0.315217391304348,0.66304347826087,92
"UMass-gbqr_1src","25",0.672339847956894,0.5374406204343,150.114318737325,0.297898927042472,0.749500633975927,0.628009534892832,207.994572674341,0.427217071998306,0.25,0.717391304347826,92
"UMass-gbqr_1src","26",0.678785296906856,0.556389604225639,161.809150240049,0.285748997165876,0.755529278529672,0.649857745227352,240.726410234133,0.437936482221811,0.228260869565217,0.695652173913043,92
"UMass-gbqr_1src","27",0.646352510879835,0.654863119372344,109.902839374072,0.383009083962637,0.69129425142861,0.690662040019822,141.016513223486,0.529232716893724,0.271739130434783,0.760869565217391,92
"UMass-gbqr_1src","28",0.664899218719663,0.531664827100607,42.2839515898935,0.263313110808546,0.757023661317231,0.626050534179013,62.9810772143705,0.389538409992495,0.358695652173913,0.760869565217391,92
"UMass-gbqr_1src","29",0.869810123412749,0.775216315982078,164.864246518841,0.426310190915807,0.932361512516121,0.902068498226171,221.162231387384,0.595520260170546,0.195652173913043,0.597826086956522,92
"UMass-gbqr_1src","30",0.749686273476773,0.749210650214498,21.1804086961193,0.441119770297769,0.777936702685039,0.67426368571507,29.8913722173001,0.621073340499995,0.326086956521739,0.66304347826087,92
"UMass-gbqr_1src","31",0.751199137513856,0.696640773900897,35.6381509158546,0.436874734791143,0.830003899283693,0.724532207715397,49.5115369485751,0.615318338217243,0.271739130434783,0.717391304347826,92
"UMass-gbqr_1src","32",0.794198738507154,0.673647779384901,32.870421998966,0.244510492327563,0.815230930674978,0.76108770591289,45.9187682908449,0.352653197868684,0.326086956521739,0.847826086956522,92
"UMass-gbqr_1src","33",0.781028773279389,0.728117549111557,35.1564193813395,0.456377484490936,0.869633049467124,0.758239104123697,48.1512038476688,0.628097157727681,0.282608695652174,0.597826086956522,92
"UMass-gbqr_1src","34",0.687182439040901,0.64925177403152,192.695003592679,0.418708166343657,0.721636755048417,0.611511251638698,258.824434851442,0.543379473568601,0.260869565217391,0.695652173913043,92
"UMass-gbqr_1src","35",0.864680999233444,0.801807620525508,34.7229858961503,0.308185976617757,0.892988683484243,0.836856370019648,51.346849300344,0.45518460798544,0.206521739130435,0.760869565217391,92
"UMass-gbqr_1src","36",0.728875914867105,0.53332183112663,306.010702629119,0.265945979071592,0.747167625934217,0.539832305654492,407.929159598367,0.364052871448046,0.358695652173913,0.826086956521739,92
"UMass-gbqr_1src","37",0.67344411519846,0.591525490512291,208.419238399726,0.380347871359213,0.73647876144544,0.633070495255101,285.0493014951,0.524685418132454,0.271739130434783,0.673913043478261,92
"UMass-gbqr_1src","38",0.744260973981955,0.732968899341382,10.9392997430068,0.362021230827695,0.779969347573254,0.673182987676752,15.8961144206506,0.523912473524219,0.293478260869565,0.804347826086957,92
"UMass-gbqr_1src","39",0.688912971463198,0.571040196154296,365.877755986587,0.422740151406868,0.775254264747393,0.609094548540362,495.353768466421,0.560848735241766,0.326086956521739,0.652173913043478,92
"UMass-gbqr_1src","40",0.775162507408676,0.615952672791298,92.3060656417923,0.395092370808056,0.855572831350303,0.745026041680032,133.069474389038,0.591932414709138,0.217391304347826,0.717391304347826,92
"UMass-gbqr_1src","41",0.835146054121996,0.771598361790624,82.0497095034006,0.377890600878939,0.8217344607023,0.84026697993347,105.315989414574,0.515403867060144,0.293478260869565,0.75,92
"UMass-gbqr_1src","42",0.668554384390987,0.652966275338089,465.438333455742,0.37488560584057,0.753400409296805,0.734456586816873,622.366062023347,0.510055626606831,0.228260869565217,0.684782608695652,92
"UMass-gbqr_1src","44",0.812559878359812,0.790148557457888,21.4545568468546,0.425443766370016,0.87932329650904,0.826425942296757,29.1419209897398,0.606881538668982,0.228260869565217,0.673913043478261,92
"UMass-gbqr_1src","45",0.646567231241801,0.603082241297782,114.503777982606,0.401516599461591,0.733731795438142,0.656474920151998,160.671312509748,0.561684254167728,0.228260869565217,0.641304347826087,92
"UMass-gbqr_1src","46",0.673267719771493,0.715739718246834,16.4337395904723,0.448593993491444,0.73621089102147,0.718509292085123,23.1266247288266,0.658260118612774,0.260869565217391,0.652173913043478,92
"UMass-gbqr_1src","47",0.794744202425139,0.649724120116004,122.235023601443,0.323891316529147,0.810687356789147,0.691204905008115,164.384485227191,0.442468753174183,0.282608695652174,0.717391304347826,92
"UMass-gbqr_1src","48",0.65564054443333,0.536267448333788,389.871834693376,0.262303751863782,0.753098990836577,0.676689368517875,554.460946144834,0.37548097015889,0.271739130434783,0.717391304347826,92
"UMass-gbqr_1src","49",0.798212299914903,0.81458911562059,41.8461704272132,0.368656301189514,0.848798328876895,0.88580886627097,54.175475947447,0.506594583483972,0.347826086956522,0.804347826086957,92
"UMass-gbqr_1src","50",0.719384891175121,0.70978869345379,10.9226900620851,0.387304541199153,0.772998481127883,0.691731956721632,15.5775998262076,0.582229321227151,0.293478260869565,0.706521739130435,92
"UMass-gbqr_1src","51",0.686038736479861,0.565812600421682,108.678998273356,0.308666178912946,0.716313083222783,0.628284742935782,150.441319500333,0.432627897173488,0.195652173913043,0.695652173913043,92
"UMass-gbqr_1src","53",0.769695306693172,0.605334983883666,81.9109345257714,0.306562586735816,0.759029379241931,0.612180188140906,108.65670570235,0.411104115808245,0.41304347826087,0.771739130434783,92
"UMass-gbqr_1src","54",0.63279607145198,0.586512237790909,58.8748470694426,0.4037819197902,0.681804447626142,0.577489711825138,80.5789104243374,0.569319915497194,0.293478260869565,0.66304347826087,92
"UMass-gbqr_1src","55",0.649781418293334,0.604783127095774,108.259222277669,0.398201782577617,0.747674691009581,0.64189750310297,153.647149002469,0.567382190941679,0.206521739130435,0.652173913043478,92
"UMass-gbqr_1src","56",0.960092009271874,0.832520718189502,16.0784512561625,0.443888214406041,0.95165590031636,0.792137523724716,22.0742792529903,0.619392731090361,0.315217391304348,0.760869565217391,92
"UMass-gbqr_2src_all_otid10","01",0.757123647848225,0.758597718133863,82.2770633385334,0.353294409223795,0.88624881681,0.922703956229943,124.662455851502,0.541513247940213,0.304347826086957,0.815217391304348,92
"UMass-gbqr_2src_all_otid10","02",1.02783204892703,1.18969593614254,10.4738514500336,0.487208610226169,1.01771483171972,1.26521712214499,15.298908829004,0.745763937179549,0.228260869565217,0.684782608695652,92
"UMass-gbqr_2src_all_otid10","04",0.741325560019208,0.757011949111508,270.647577799686,0.355092128403897,0.824895145711577,0.904486648890216,357.80723570398,0.489486871703474,0.271739130434783,0.673913043478261,92
"UMass-gbqr_2src_all_otid10","05",0.696111664746865,0.750474696961297,49.1705251284447,0.41992623128254,0.768319639073996,0.941598233623854,72.8734475060835,0.701766662323659,0.260869565217391,0.804347826086957,92
"UMass-gbqr_2src_all_otid10","06",0.567414215324236,0.687438062411161,350.932134303405,0.295686807171189,0.644587686831672,0.915233044216482,510.044019981361,0.454154431923632,0.260869565217391,0.804347826086957,92
"UMass-gbqr_2src_all_otid10","08",0.62764510397305,0.545308081296194,62.7961002855721,0.259292259866025,0.68843463745545,0.61658864345823,90.0502437732488,0.38712160002416,0.326086956521739,0.891304347826087,92
"UMass-gbqr_2src_all_otid10","09",0.537534485478693,0.532718521861303,38.8867053710653,0.311007395100653,0.579452226959251,0.595569124615671,56.8996893298899,0.485806062421458,0.478260869565217,0.891304347826087,92
"UMass-gbqr_2src_all_otid10","10",0.836759656510644,0.87013769166493,25.9833250106087,0.43592529582234,0.911032811466404,0.922093594637048,35.5104745860709,0.657088975644815,0.260869565217391,0.706521739130435,92
"UMass-gbqr_2src_all_otid10","11",0.741389910332826,0.862305769317574,27.2033336616971,0.598739391680557,0.799814824789174,0.967221001547491,36.4437363643067,0.876404930248704,0.25,0.684782608695652,92
"UMass-gbqr_2src_all_otid10","12",0.612803153672179,0.725042157562055,285.83936666885,0.263426138695582,0.722351727849135,0.904748534928839,414.975364350896,0.3906600409637,0.217391304347826,0.782608695652174,92
"UMass-gbqr_2src_all_otid10","13",0.639741455574947,0.748538554323014,121.205912003091,0.397412590894689,0.736161291573558,0.921656696915915,177.39086600972,0.604315055225061,0.271739130434783,0.826086956521739,92
"UMass-gbqr_2src_all_otid10","15",0.898187814439448,0.969165750095768,13.4348819401378,0.298853489156766,0.99953024794953,1.08267880231701,19.8710959076053,0.469845221387017,0.239130434782609,0.75,92
"UMass-gbqr_2src_all_otid10","16",0.941426863622845,1.03170204173834,39.2970303533528,0.497977045126995,0.992810710022478,1.19514894868993,55.6837311273477,0.745230876125754,0.228260869565217,0.66304347826087,92
"UMass-gbqr_2src_all_otid10","17",0.542458113344282,0.664494563434356,173.421279852887,0.358718236156746,0.632846718041992,0.844521823974265,252.127508221665,0.554865024920715,0.293478260869565,0.83695652173913,92
"UMass-gbqr_2src_all_otid10","18",0.516675989785329,0.428614753765966,132.422432412919,0.277601061231478,0.604474341279752,0.514495308057673,193.642041154313,0.419307797372845,0.41304347826087,0.869565217391304,92
"UMass-gbqr_2src_all_otid10","19",0.494037310806225,0.520133603106291,37.2994223897569,0.354705055046792,0.570696368781629,0.616992676281468,55.4878154212138,0.588834514482086,0.41304347826087,0.869565217391304,92
"UMass-gbqr_2src_all_otid10","20",0.646642243839939,0.702977748414137,47.8866146369899,0.413813890850728,0.686437493666025,0.80807204842929,65.4652453198446,0.634090013161218,0.402173913043478,0.739130434782609,92
"UMass-gbqr_2src_all_otid10","21",0.736551998319336,0.716589466557545,118.391001218551,0.440321847663108,0.769705385514781,0.841276651277731,163.39506716417,0.682177499189504,0.260869565217391,0.760869565217391,92
"UMass-gbqr_2src_all_otid10","22",0.819537594707951,0.78608334090348,72.0471185364369,0.295135069330766,0.883647745465138,0.895282744935864,103.963078227333,0.437219467288882,0.260869565217391,0.728260869565217,92
"UMass-gbqr_2src_all_otid10","23",0.599909166657407,0.628694458604646,21.7888171724858,0.38489089592508,0.644781127639407,0.614994016527043,31.3489780862073,0.585763026278412,0.293478260869565,0.83695652173913,92
"UMass-gbqr_2src_all_otid10","24",0.513547010483843,0.599483384325703,77.7729305061463,0.36660242387734,0.612154332788466,0.705123613635114,113.814128938551,0.568001820939681,0.25,0.728260869565217,92
"UMass-gbqr_2src_all_otid10","25",0.484198821720939,0.530099545910897,108.107791732009,0.293829829656246,0.56036737460558,0.660385635738875,155.508037402772,0.449241614999121,0.33695652173913,0.782608695652174,92
"UMass-gbqr_2src_all_otid10","26",0.63539506142029,0.6136352067612,151.465766014152,0.315149031588624,0.700169689866948,0.720746280254478,223.087762163803,0.48570797665676,0.260869565217391,0.771739130434783,92
"UMass-gbqr_2src_all_otid10","27",0.462842296758069,0.559238080994848,78.6995977270759,0.327080971248089,0.555997301894443,0.656750297546749,113.417406137533,0.503247209418738,0.380434782608696,0.869565217391304,92
"UMass-gbqr_2src_all_otid10","28",0.837841015681294,0.750025387613207,53.2821034371405,0.371458685869486,0.981246536530312,0.931573441999484,81.6354455500327,0.579639529999909,0.282608695652174,0.793478260869565,92
"UMass-gbqr_2src_all_otid10","29",0.87564927333796,0.985212896095389,165.97100192076,0.541792386419342,0.945366408750022,1.21990060068562,224.247077588606,0.805344078117179,0.16304347826087,0.695652173913043,92
"UMass-gbqr_2src_all_otid10","30",0.772399653823503,0.77870950174567,21.8221153614729,0.458488085347419,0.728613399563655,0.71691320080218,27.996177907147,0.660358381897064,0.315217391304348,0.706521739130435,92
"UMass-gbqr_2src_all_otid10","31",0.567734601029243,0.601063940211558,26.9342846406815,0.376936951310001,0.634107387097367,0.684804405884704,37.8258841346777,0.581578989237068,0.402173913043478,0.83695652173913,92
"UMass-gbqr_2src_all_otid10","32",0.833602388757806,0.820075307333617,34.5012664579653,0.297658543942518,0.86179776235384,0.976575511483054,48.5416957012783,0.45250038124274,0.304347826086957,0.793478260869565,92
"UMass-gbqr_2src_all_otid10","33",0.830969351093652,0.799164182392745,37.4043927695832,0.500908870690845,0.914605694452347,0.870968383217336,50.6413196471767,0.721477912434648,0.315217391304348,0.684782608695652,92
"UMass-gbqr_2src_all_otid10","34",0.45865546591446,0.672745199578483,128.613031461545,0.43385928263683,0.513699980495411,0.719562469978546,184.245198439208,0.639392120895395,0.315217391304348,0.880434782608696,92
"UMass-gbqr_2src_all_otid10","35",0.982040930458304,1.02821022476116,39.4358074341587,0.39520698503551,0.964573274932495,1.0741523634126,55.4629633086185,0.58425512426358,0.228260869565217,0.760869565217391,92
"UMass-gbqr_2src_all_otid10","36",0.5033759655373,0.481937133689056,211.336977609921,0.240322513329593,0.57925017179946,0.575735350545255,316.251705209946,0.388265217484587,0.184782608695652,0.869565217391304,92
"UMass-gbqr_2src_all_otid10","37",0.528611704674391,0.570032370197861,163.596126851521,0.366527904694072,0.62666469973852,0.693828195018052,242.5464850901,0.575041072587721,0.315217391304348,0.847826086956522,92
"UMass-gbqr_2src_all_otid10","38",0.705721120627573,0.823412662175773,10.3728331101542,0.406692379046147,0.736311654041918,0.810106282404984,15.0063516448761,0.6304746168602,0.315217391304348,0.858695652173913,92
"UMass-gbqr_2src_all_otid10","39",0.434660910029733,0.491942094186403,230.845934050266,0.364183951988521,0.52760859835611,0.598574538751293,337.118954845278,0.551162005654267,0.304347826086957,0.826086956521739,92
"UMass-gbqr_2src_all_otid10","40",0.753904097079904,0.925778378236281,89.7746219761182,0.59382480254963,0.816822103792555,1.18930040895419,127.042472643127,0.944913900323984,0.173913043478261,0.760869565217391,92
"UMass-gbqr_2src_all_otid10","41",0.8798540482545,0.955423743039961,86.4420884327463,0.467919153578176,0.938788027662244,1.14324369245102,120.317930806147,0.701244049989956,0.0978260869565217,0.695652173913043,92
"UMass-gbqr_2src_all_otid10","42",0.488927756495429,0.597744786324253,340.384754743305,0.343181454881699,0.603282297399605,0.745390578968857,498.357079566006,0.5176489198232,0.260869565217391,0.782608695652174,92
"UMass-gbqr_2src_all_otid10","44",0.69364712300003,0.778644991165324,18.3148245789603,0.41924984179216,0.785322797190644,0.886534986167421,26.0266218329812,0.651022298494078,0.25,0.717391304347826,92
"UMass-gbqr_2src_all_otid10","45",0.575530023380975,0.565953031958586,101.923448692212,0.376796929649244,0.692599529508611,0.704427906742221,151.664240450875,0.602713144504937,0.260869565217391,0.793478260869565,92
"UMass-gbqr_2src_all_otid10","46",0.616079792275856,0.757033310810531,15.0378439005659,0.474474990621422,0.720679339563871,0.839951798957301,22.6387314276042,0.769519304623192,0.260869565217391,0.83695652173913,92
"UMass-gbqr_2src_all_otid10","47",0.768997247333013,0.699033734456362,118.27503288525,0.348472450908753,0.855660718376961,0.818642323766107,173.503811970894,0.524046698262584,0.25,0.847826086956522,92
"UMass-gbqr_2src_all_otid10","48",0.611160800514146,0.580892712051874,363.42228163309,0.284131245099729,0.740270214273172,0.7779118351774,545.01589884325,0.431647228639409,0.239130434782609,0.771739130434783,92
"UMass-gbqr_2src_all_otid10","49",0.556877963415777,0.635476474094249,29.1942509113683,0.287595797611488,0.678343489493762,0.76018841980004,43.2960105468192,0.434752180252095,0.33695652173913,0.869565217391304,92
"UMass-gbqr_2src_all_otid10","50",0.642652450216397,0.768302331117866,9.7576326907379,0.419233195175174,0.758865322579523,0.820816911499569,15.2927859572004,0.690879853952561,0.293478260869565,0.804347826086957,92
"UMass-gbqr_2src_all_otid10","51",0.604745344078006,0.609371760549784,95.8008851542499,0.332428886748328,0.687509807962403,0.788002694251755,144.392005537495,0.542607396430164,0.228260869565217,0.826086956521739,92
"UMass-gbqr_2src_all_otid10","53",0.766487183509542,0.660601220669277,81.5695262233435,0.334551321831633,0.839260514248388,0.741441961434865,120.141967094036,0.49790870054856,0.293478260869565,0.804347826086957,92
"UMass-gbqr_2src_all_otid10","54",0.500553337064739,0.473202828935533,46.5710874313195,0.325774526781246,0.544484345336971,0.509868714839972,64.3497639874879,0.5026555585379,0.402173913043478,0.847826086956522,92
"UMass-gbqr_2src_all_otid10","55",0.354816214560563,0.477203477381521,59.1154599968764,0.314200689192619,0.425239631966519,0.574771902458095,87.3867443691197,0.508048932628543,0.358695652173913,0.91304347826087,92
"UMass-gbqr_2src_all_otid10","56",0.98898981797077,0.901262570449306,16.562396548997,0.480540393009988,0.999722795637334,0.930464027028997,23.1892222379356,0.727553786586064,0.239130434782609,0.815217391304348,92
"UMass-gbqr_2src_mobsgleam_otid10","01",0.83162476425517,0.707461433358109,90.373142612806,0.329479199807937,0.907536992416605,0.82204226076848,127.656915422427,0.48243726665232,0.239130434782609,0.739130434782609,92
"UMass-gbqr_2src_mobsgleam_otid10","02",0.973325525754194,1.05706016479207,9.91841709928913,0.432891126352545,0.946936736243381,1.11923890062729,14.2349294154847,0.659719185400547,0.16304347826087,0.641304347826087,92
"UMass-gbqr_2src_mobsgleam_otid10","04",0.701855345979776,0.621502183167004,256.237555535337,0.291528467004333,0.75090139982801,0.736383496666017,325.711644147137,0.398513404923531,0.239130434782609,0.684782608695652,92
"UMass-gbqr_2src_mobsgleam_otid10","05",0.647612569075029,0.513535255261099,45.7447442900987,0.287347361937282,0.722939235620974,0.589098484782795,68.5692148916153,0.439051033321176,0.369565217391304,0.826086956521739,92
"UMass-gbqr_2src_mobsgleam_otid10","06",0.530543125984228,0.705693954243117,328.128246549577,0.303539189317328,0.598909576420592,0.926052121490316,473.900222116194,0.45952304478599,0.108695652173913,0.771739130434783,92
"UMass-gbqr_2src_mobsgleam_otid10","08",0.72815446289123,0.589475855747805,72.8520948951239,0.280293896268679,0.759295106016602,0.646068139500854,99.3191011500411,0.405630130463384,0.391304347826087,0.771739130434783,92
"UMass-gbqr_2src_mobsgleam_otid10","09",0.61667478979557,0.555626464011269,44.611930040523,0.324381323587848,0.648456390801193,0.570520587005369,63.675598201065,0.465373956519848,0.423913043478261,0.782608695652174,92
"UMass-gbqr_2src_mobsgleam_otid10","10",0.955257434816362,0.907943895211183,29.6629554311192,0.454865609088492,0.966986856005363,0.924495845695988,37.6914659308177,0.65880083298418,0.25,0.597826086956522,92
"UMass-gbqr_2src_mobsgleam_otid10","11",0.746131216355926,0.843526466024495,27.377303293521,0.585700039480953,0.80928186976059,0.92453582846173,36.8751043264825,0.837727630974777,0.173913043478261,0.608695652173913,92
"UMass-gbqr_2src_mobsgleam_otid10","12",0.546633867716433,0.632903824162171,254.97499092734,0.229949953703815,0.615665182483246,0.809325473165655,353.686263310919,0.349457457286437,0.152173913043478,0.793478260869565,92
"UMass-gbqr_2src_mobsgleam_otid10","13",0.821343854860278,0.77618506416384,155.612443322132,0.412090620558739,0.865821971553226,0.876471485181683,208.634861819168,0.574687859094548,0.282608695652174,0.608695652173913,92
"UMass-gbqr_2src_mobsgleam_otid10","15",0.865279461223165,1.01659994005445,12.9426465377002,0.313480371269631,0.902785243484814,1.06535642743551,17.9477631558014,0.462327908732767,0.173913043478261,0.619565217391304,92
"UMass-gbqr_2src_mobsgleam_otid10","16",0.918080129749381,0.853112224584753,38.3224912307421,0.411776159756962,0.953441542959206,0.975490690224892,53.4756343659729,0.608263750326416,0.184782608695652,0.673913043478261,92
"UMass-gbqr_2src_mobsgleam_otid10","17",0.54976128203314,0.681491795510547,175.756068161601,0.367893957743399,0.592960908041773,0.818211629039312,236.236914809295,0.537578784880698,0.195652173913043,0.75,92
"UMass-gbqr_2src_mobsgleam_otid10","18",0.520813671797876,0.419511087342946,133.482907309151,0.271704886547982,0.561154609969565,0.457121554679351,179.764659402424,0.372548843929911,0.565217391304348,0.793478260869565,92
"UMass-gbqr_2src_mobsgleam_otid10","19",0.404917864769044,0.44525624136523,30.5709753915791,0.30364244621032,0.45975554671313,0.491693026262161,44.7012322320538,0.469253259436141,0.445652173913043,0.858695652173913,92
"UMass-gbqr_2src_mobsgleam_otid10","20",0.679027333456537,0.632759292083657,50.2848685729612,0.372479193288537,0.688045052390684,0.673790649822942,65.6185574964768,0.528720084854563,0.434782608695652,0.739130434782609,92
"UMass-gbqr_2src_mobsgleam_otid10","21",0.78990643028416,0.616863056678068,126.96702115221,0.379043083310223,0.773498142692708,0.646085295271595,164.20020355205,0.523900015912822,0.282608695652174,0.739130434782609,92
"UMass-gbqr_2src_mobsgleam_otid10","22",0.799624332971366,0.669698904063993,70.2965055834166,0.251438520824643,0.825709574778459,0.741352775333073,97.1465264935005,0.36204636729314,0.239130434782609,0.706521739130435,92
"UMass-gbqr_2src_mobsgleam_otid10","23",0.466290789886703,0.580171795928305,16.9357718380347,0.355185001663474,0.498490708098578,0.537907657267916,24.2364014926624,0.512340622367226,0.445652173913043,0.869565217391304,92
"UMass-gbqr_2src_mobsgleam_otid10","24",0.44190504972606,0.59259147687304,66.9232806754725,0.362387811690671,0.514225033281323,0.676854867379802,95.6067303725765,0.545230353585295,0.184782608695652,0.717391304347826,92
"UMass-gbqr_2src_mobsgleam_otid10","25",0.414014861507265,0.502499348238942,92.4377144551985,0.278531266503369,0.485959730844478,0.609383092825826,134.85910748033,0.414546031831742,0.391304347826087,0.826086956521739,92
"UMass-gbqr_2src_mobsgleam_otid10","26",0.51138265509913,0.546970624663626,121.903631746527,0.280911624318271,0.552352099506612,0.607519578714768,175.99018579171,0.409404964605205,0.304347826086957,0.760869565217391,92
"UMass-gbqr_2src_mobsgleam_otid10","27",0.796517356381284,0.719617000709981,135.436186296965,0.420881616466718,0.918171427364401,0.777165875875114,187.296991058127,0.595517900411428,0.195652173913043,0.739130434782609,92
"UMass-gbqr_2src_mobsgleam_otid10","28",0.815363214519022,0.677772488824469,51.8526382950052,0.335674608053487,0.899477274030678,0.790363140956016,74.8325984285958,0.491776277530731,0.315217391304348,0.75,92
"UMass-gbqr_2src_mobsgleam_otid10","29",0.890203971267816,0.871544651540575,168.72970665749,0.479283471116342,0.903461228762631,1.0189847818569,214.306895600945,0.67270510343118,0.130434782608696,0.619565217391304,92
"UMass-gbqr_2src_mobsgleam_otid10","30",0.653742306649381,0.648353136322244,18.4697649225488,0.381736947391798,0.647745010898886,0.642839066166063,24.8888979731257,0.592127701203783,0.369565217391304,0.760869565217391,92
"UMass-gbqr_2src_mobsgleam_otid10","31",0.561154597956636,0.595213778586337,26.6221182245906,0.373268220015116,0.602354063331234,0.66039916171705,35.9317293430632,0.560852520316689,0.434782608695652,0.815217391304348,92
"UMass-gbqr_2src_mobsgleam_otid10","32",0.873041400586982,0.74877818169763,36.1335744675248,0.271780190559222,0.902745340220483,0.877929148837698,50.8481125328537,0.406792173141714,0.315217391304348,0.75,92
"UMass-gbqr_2src_mobsgleam_otid10","33",0.728377488956394,0.72062164742271,32.7864290609404,0.451679121210279,0.760747539559388,0.752153187620698,42.1222605056035,0.623055810167376,0.347826086956522,0.630434782608696,92
"UMass-gbqr_2src_mobsgleam_otid10","34",0.506347004063826,0.619431974897398,141.986366682187,0.399477116209355,0.538559850496535,0.604882449185193,193.161515074284,0.537489221871802,0.358695652173913,0.771739130434783,92
"UMass-gbqr_2src_mobsgleam_otid10","35",0.856914749113522,0.796599680829027,34.4111166708301,0.306184232133869,0.857816281145959,0.833551756832855,49.3244361658926,0.453387156102582,0.260869565217391,0.684782608695652,92
"UMass-gbqr_2src_mobsgleam_otid10","36",0.557382119027164,0.529520958067114,234.010879489012,0.264050637744565,0.605500598609853,0.594833089470726,330.583582256243,0.40114437758886,0.206521739130435,0.804347826086957,92
"UMass-gbqr_2src_mobsgleam_otid10","37",0.498228305094563,0.582943855942878,154.192993232102,0.374829924130207,0.567898774220614,0.661115240644684,219.801516874431,0.547928752123595,0.304347826086957,0.728260869565217,92
"UMass-gbqr_2src_mobsgleam_otid10","38",0.820701789260025,0.776662535068133,12.0628424520282,0.383601987936692,0.909744193897154,0.756539753092211,18.5409822125779,0.588785843697325,0.326086956521739,0.793478260869565,92
"UMass-gbqr_2src_mobsgleam_otid10","39",0.434249938977419,0.509723446637462,230.627669664742,0.377347459002568,0.486468588430779,0.555528333611186,310.832277199075,0.511525450430383,0.391304347826087,0.695652173913043,92
"UMass-gbqr_2src_mobsgleam_otid10","40",0.706786420653264,0.628284254839696,84.1638664357536,0.403002254476937,0.800854692596214,0.774672444189239,124.559019525644,0.6154868485718,0.282608695652174,0.782608695652174,92
"UMass-gbqr_2src_mobsgleam_otid10","41",0.918678535799153,0.943868666991625,90.2564367242033,0.46226005054305,0.926841275340002,1.07746052961069,118.786798668847,0.660893902566524,0.0652173913043478,0.695652173913043,92
"UMass-gbqr_2src_mobsgleam_otid10","42",0.479030011186296,0.720369106129319,333.494081091006,0.413583394701803,0.545762236980419,0.8348510174979,450.841133133423,0.579776213457003,0.141304347826087,0.760869565217391,92
"UMass-gbqr_2src_mobsgleam_otid10","44",0.547597247983287,0.780861090985637,14.4585729604978,0.420443067857446,0.617357792509456,0.881459494911555,20.4600424930579,0.64729513821847,0.228260869565217,0.652173913043478,92
"UMass-gbqr_2src_mobsgleam_otid10","45",0.530603330489074,0.469902830690151,93.967159199305,0.31284918330554,0.644474847249496,0.53059374026817,141.125981224873,0.453979489726109,0.402173913043478,0.782608695652174,92
"UMass-gbqr_2src_mobsgleam_otid10","46",0.602249442844491,0.718138205585308,14.7002599732132,0.450097259254228,0.734430270792321,0.791648043012997,23.0706900281501,0.725265964454039,0.282608695652174,0.782608695652174,92
"UMass-gbqr_2src_mobsgleam_otid10","47",0.907822507870133,0.698299176897999,139.626945798172,0.348106269621528,0.910623836913242,0.754370711210893,184.648779104528,0.482903789603008,0.260869565217391,0.728260869565217,92
"UMass-gbqr_2src_mobsgleam_otid10","48",0.622442942704396,0.522068650099181,370.131124629958,0.255358713412416,0.725104174852324,0.707190541037081,533.850067167906,0.392405441535733,0.16304347826087,0.793478260869565,92
"UMass-gbqr_2src_mobsgleam_otid10","49",0.758287476528439,0.849156192602161,39.7531170329164,0.384300225836421,0.834082876551516,0.976727223684323,53.2362462077229,0.558590842675597,0.130434782608696,0.684782608695652,92
"UMass-gbqr_2src_mobsgleam_otid10","50",0.531491509058374,0.669308140504359,8.069834514583,0.36521585180164,0.615463686885538,0.67606611635834,12.4029312552803,0.569043416611148,0.315217391304348,0.815217391304348,92
"UMass-gbqr_2src_mobsgleam_otid10","51",0.555874988999586,0.470114798110425,88.0590756138175,0.256460422187542,0.606627198474899,0.551877691373667,127.404899227522,0.380015093157137,0.315217391304348,0.793478260869565,92
"UMass-gbqr_2src_mobsgleam_otid10","53",0.823364525660555,0.714156070876547,87.6224100182926,0.361673351532374,0.854724773572688,0.775689461119523,122.355709434264,0.520907301857858,0.228260869565217,0.695652173913043,92
"UMass-gbqr_2src_mobsgleam_otid10","54",0.483858547904007,0.435798145346802,45.0178174237492,0.300023427357491,0.507135902928688,0.436994633970801,59.9357464406915,0.430812433521441,0.423913043478261,0.793478260869565,92
"UMass-gbqr_2src_mobsgleam_otid10","55",0.309482871598085,0.498717816960061,51.5625317133083,0.328366177592228,0.375349745357221,0.589767406106524,77.1343726709088,0.521303668272771,0.423913043478261,0.869565217391304,92
"UMass-gbqr_2src_mobsgleam_otid10","56",0.903459655582481,0.783178661660123,15.1300415938352,0.417579731158225,0.893307750137082,0.807796455627997,20.7208558564406,0.631636853237138,0.304347826086957,0.793478260869565,92
"UMass-gbqr_2src_mobsgleam_otid50","01",0.883436715038373,0.746930989779515,96.0035771770915,0.347860976189401,0.941501704165672,0.860102061893377,132.434495147913,0.504773668684572,0.228260869565217,0.695652173913043,92
"UMass-gbqr_2src_mobsgleam_otid50","02",0.979596258401076,1.08928811628907,9.982317346703,0.446089234358357,0.947113198812401,1.15001006719149,14.2375821082342,0.677856804570303,0.152173913043478,0.619565217391304,92
"UMass-gbqr_2src_mobsgleam_otid50","04",0.710596685715567,0.626902152193289,259.428896228022,0.294061434280621,0.745601781498932,0.73115681508608,323.412877092352,0.395684847952466,0.260869565217391,0.652173913043478,92
"UMass-gbqr_2src_mobsgleam_otid50","05",0.670351983475915,0.530591747644891,47.3509649639205,0.296891279399959,0.737218145524706,0.599929362540746,69.9235384548759,0.447123211733173,0.369565217391304,0.793478260869565,92
"UMass-gbqr_2src_mobsgleam_otid50","06",0.534396906596488,0.732042261946125,330.511717775487,0.314872351394127,0.591198463902954,0.958272878992275,467.798636703733,0.475511540734559,0.108695652173913,0.706521739130435,92
"UMass-gbqr_2src_mobsgleam_otid50","08",0.757589145837149,0.626300454962873,75.7970446612346,0.29780387618029,0.794410829113705,0.695573981875719,103.912390408199,0.436712086178969,0.304347826086957,0.760869565217391,92
"UMass-gbqr_2src_mobsgleam_otid50","09",0.652753716493089,0.578251879334532,47.2219776383831,0.337590309560726,0.683504871845309,0.582997423949184,67.1172066548969,0.47555131927528,0.41304347826087,0.760869565217391,92
"UMass-gbqr_2src_mobsgleam_otid50","10",0.971408494700459,0.925098040139117,30.164483241368,0.463459565854094,0.96698147995829,0.939812523813004,37.6912563818525,0.669715582194809,0.25,0.576086956521739,92
"UMass-gbqr_2src_mobsgleam_otid50","11",0.778576764858282,0.871737003299671,28.5678065219101,0.605287940348747,0.822405385389245,0.946161817778192,37.4730801690404,0.857323073617285,0.206521739130435,0.619565217391304,92
"UMass-gbqr_2src_mobsgleam_otid50","12",0.550915065259717,0.649406951738702,256.971936907502,0.235945957010028,0.615264210825298,0.8341077416341,353.455913810203,0.360158156587174,0.195652173913043,0.717391304347826,92
"UMass-gbqr_2src_mobsgleam_otid50","13",0.854737168213659,0.801655721958047,161.939166351459,0.42561345120965,0.88441733538024,0.903323183546634,213.115738130919,0.592294073680305,0.304347826086957,0.619565217391304,92
"UMass-gbqr_2src_mobsgleam_otid50","15",0.884912542283049,1.04982291926604,13.2363135435539,0.323725061877596,0.897707869946441,1.07111072504335,17.8468227623048,0.46482507523099,0.141304347826087,0.554347826086957,92
"UMass-gbqr_2src_mobsgleam_otid50","16",0.952702797809001,0.870354087287799,39.7677102809157,0.420098380217902,0.986155176506593,0.987899678106067,55.3104425084132,0.616001330584223,0.16304347826087,0.608695652173913,92
"UMass-gbqr_2src_mobsgleam_otid50","17",0.547337134573598,0.685140478526795,174.981079743796,0.369863649006362,0.58778569651606,0.8161759015715,234.175099286991,0.536241277737492,0.206521739130435,0.739130434782609,92
"UMass-gbqr_2src_mobsgleam_otid50","18",0.537128987310513,0.441272007539131,137.664471400536,0.285798789025107,0.584820880836739,0.49459700793778,187.346097826308,0.403090910135846,0.434782608695652,0.771739130434783,92
"UMass-gbqr_2src_mobsgleam_otid50","19",0.42451561258107,0.466402599947156,32.0505896991216,0.318063203185155,0.478767078089822,0.5284194804668,46.5496903642767,0.504303600650194,0.445652173913043,0.826086956521739,92
"UMass-gbqr_2src_mobsgleam_otid50","20",0.695421524803724,0.658157890239701,51.4989283267223,0.387430296291182,0.703916118398295,0.740414504027033,67.1321741611591,0.580999483295876,0.423913043478261,0.739130434782609,92
"UMass-gbqr_2src_mobsgleam_otid50","21",0.799653495289327,0.627233074635562,128.533733057869,0.385415135482966,0.790478110104671,0.67433199628352,167.804755329829,0.546804804518808,0.271739130434783,0.728260869565217,92
"UMass-gbqr_2src_mobsgleam_otid50","22",0.823899058886806,0.692797422663151,72.430543200193,0.260110861953721,0.850908394940828,0.780300762810568,100.111222465647,0.381066971044533,0.206521739130435,0.66304347826087,92
"UMass-gbqr_2src_mobsgleam_otid50","23",0.46554665525618,0.604401146934566,16.9087447240692,0.370018370224064,0.50187825660503,0.567344042703243,24.4011026281989,0.54037788086393,0.41304347826087,0.858695652173913,92
"UMass-gbqr_2src_mobsgleam_otid50","24",0.443903362893374,0.613564699650839,67.2259105572911,0.375213578856026,0.505121997763432,0.684487049675863,93.9142583885164,0.551378344317809,0.184782608695652,0.695652173913043,92
"UMass-gbqr_2src_mobsgleam_otid50","25",0.424966210130702,0.530446591270109,94.8828383651644,0.29402219405189,0.491380114308347,0.642166025785684,136.363322808765,0.43684733117908,0.369565217391304,0.826086956521739,92
"UMass-gbqr_2src_mobsgleam_otid50","26",0.511061350166866,0.564817807648679,121.827038929483,0.290077530010043,0.545015229389714,0.627168773867649,173.652515425008,0.422646477023791,0.293478260869565,0.717391304347826,92
"UMass-gbqr_2src_mobsgleam_otid50","27",0.85524915595602,0.751023910810903,145.422674205902,0.439250541990239,0.955875830734054,0.797780847071813,194.988279515065,0.611314507989284,0.206521739130435,0.673913043478261,92
"UMass-gbqr_2src_mobsgleam_otid50","28",0.86352219788182,0.725567382535575,54.9152860825184,0.359345577999847,0.906230113752453,0.815703004720858,75.3944053332748,0.507543136117198,0.315217391304348,0.75,92
"UMass-gbqr_2src_mobsgleam_otid50","29",0.907020747579755,0.900269578253688,171.917166863938,0.495080002663277,0.911507264043445,1.04650771102102,216.215467643697,0.690874967436743,0.119565217391304,0.619565217391304,92
"UMass-gbqr_2src_mobsgleam_otid50","30",0.648025482098845,0.64105511782434,18.3082511204315,0.377440024700559,0.642730283016518,0.647634448850058,24.6962125050369,0.596544792626059,0.358695652173913,0.760869565217391,92
"UMass-gbqr_2src_mobsgleam_otid50","31",0.571274168431203,0.602222391484994,27.1022076732683,0.377663434903571,0.606170027156081,0.64938197823418,36.1593598807888,0.551496034903998,0.369565217391304,0.804347826086957,92
"UMass-gbqr_2src_mobsgleam_otid50","32",0.916403839265571,0.777309304095211,37.9282658831126,0.282135986269646,0.952829747902761,0.909141667765515,53.6691712351316,0.421254625403019,0.271739130434783,0.739130434782609,92
"UMass-gbqr_2src_mobsgleam_otid50","33",0.728903160905345,0.728494267815707,32.8100911130012,0.456613608362377,0.747478046926777,0.748110601848135,41.3875344678804,0.619707082015784,0.33695652173913,0.597826086956522,92
"UMass-gbqr_2src_mobsgleam_otid50","34",0.516182657629485,0.639232083824278,144.744413441671,0.412246380204891,0.539537929709404,0.62736897393412,193.512315941535,0.557470401200419,0.358695652173913,0.75,92
"UMass-gbqr_2src_mobsgleam_otid50","35",0.882642086811633,0.806573854844649,35.4442491032866,0.310017945460196,0.886909019789365,0.835545890058034,50.9972686378885,0.454471809076368,0.25,0.695652173913043,92
"UMass-gbqr_2src_mobsgleam_otid50","36",0.576022024024375,0.528469237777982,241.836642844324,0.263526187467681,0.630824935498737,0.579758131660809,344.409844403979,0.390978106285395,0.271739130434783,0.793478260869565,92
"UMass-gbqr_2src_mobsgleam_otid50","37",0.505749566995954,0.610921808949075,156.520692950484,0.392819605118729,0.558420976375988,0.694803151075069,216.133197030394,0.575849110918792,0.304347826086957,0.717391304347826,92
"UMass-gbqr_2src_mobsgleam_otid50","38",0.852286355588387,0.799255268857398,12.5270788561893,0.394760782397823,0.924237488457034,0.759714727005087,18.8363618571406,0.591256803995668,0.347826086956522,0.771739130434783,92
"UMass-gbqr_2src_mobsgleam_otid50","39",0.435390038123308,0.53434752901151,231.233169828593,0.395576628124399,0.483450188123961,0.586616111993773,308.903650637814,0.540150794769999,0.369565217391304,0.695652173913043,92
"UMass-gbqr_2src_mobsgleam_otid50","40",0.753227859250378,0.651575479287413,89.6940958246531,0.417942014449679,0.820636084814429,0.815384851660179,127.635671060975,0.64783336039111,0.293478260869565,0.771739130434783,92
"UMass-gbqr_2src_mobsgleam_otid50","41",0.950770387499188,0.978444387511446,93.4093308753734,0.479193523253821,0.949818406110844,1.11523798751675,121.731617678837,0.684065880470535,0.0652173913043478,0.630434782608696,92
"UMass-gbqr_2src_mobsgleam_otid50","42",0.461833042900891,0.726601476933807,321.521789163638,0.417161567408585,0.509920457396191,0.832443991509034,421.233096104926,0.578104614112608,0.152173913043478,0.66304347826087,92
"UMass-gbqr_2src_mobsgleam_otid50","44",0.539521849468306,0.804941369224273,14.2453528629828,0.433408736366723,0.5971842905744,0.917058109385739,19.7914663256668,0.673436793291078,0.195652173913043,0.630434782608696,92
"UMass-gbqr_2src_mobsgleam_otid50","45",0.554068105520491,0.486548400049394,98.1226518701118,0.323931374004511,0.648927682958927,0.543618190167647,142.101055444463,0.465123294619735,0.369565217391304,0.771739130434783,92
"UMass-gbqr_2src_mobsgleam_otid50","46",0.647865624009962,0.752566416040156,15.8137018038116,0.471675338579676,0.776510940697088,0.836732927948467,24.3925719414629,0.766570345666899,0.293478260869565,0.760869565217391,92
"UMass-gbqr_2src_mobsgleam_otid50","47",0.951387593502578,0.731492293329846,146.327440440639,0.364653234476238,0.937455923913213,0.787770104225703,190.089568050011,0.504284117892004,0.239130434782609,0.66304347826087,92
"UMass-gbqr_2src_mobsgleam_otid50","48",0.646078371411105,0.548819032504141,384.185758730742,0.268443090788691,0.735470929819824,0.743472567468134,541.482477830608,0.412537589486425,0.152173913043478,0.793478260869565,92
"UMass-gbqr_2src_mobsgleam_otid50","49",0.787203480712856,0.910016353924242,41.269034589316,0.411843537590227,0.854802904704508,1.08548234356871,54.5587245263573,0.620787956248769,0.0543478260869565,0.684782608695652,92
"UMass-gbqr_2src_mobsgleam_otid50","50",0.53128422209866,0.672889568416203,8.06668719908799,0.367170100026537,0.615780521255937,0.682681226704865,12.4093161566142,0.574611340963167,0.33695652173913,0.804347826086957,92
"UMass-gbqr_2src_mobsgleam_otid50","51",0.56498308813822,0.479925362980687,89.5019374201935,0.261812352436576,0.604807782339536,0.558348003932685,127.022782286571,0.384470457938689,0.315217391304348,0.782608695652174,92
"UMass-gbqr_2src_mobsgleam_otid50","53",0.863987959257621,0.769784151511929,91.9455537098881,0.389845336877282,0.890261936231455,0.839428412309171,127.442931523568,0.563710622969802,0.206521739130435,0.652173913043478,92
"UMass-gbqr_2src_mobsgleam_otid50","54",0.47408242794298,0.435690624363171,44.1082549381331,0.299949404981843,0.49304045340292,0.430868740587622,58.2698788027168,0.424773203675711,0.434782608695652,0.760869565217391,92
"UMass-gbqr_2src_mobsgleam_otid50","55",0.308250241250042,0.526091358251523,51.3571648021007,0.346389486195539,0.373513566512863,0.602466393772179,76.7570379183934,0.532528481283649,0.402173913043478,0.858695652173913,92
"UMass-gbqr_2src_mobsgleam_otid50","56",0.921804084442253,0.799973165011586,15.4372517386917,0.42653432164665,0.913706528567047,0.85071413030057,21.1940188256748,0.665195288396853,0.304347826086957,0.804347826086957,92
"UMass-gbqr_2src_nihflu_otid10","01",0.570526475871691,0.678036011164104,61.9994410754628,0.315775181325301,0.697956818364637,0.799572294239917,98.1767302875736,0.469250171838393,0.391304347826087,0.880434782608696,92
"UMass-gbqr_2src_nihflu_otid10","02",0.715613162203846,0.946821017154785,7.29226721859495,0.387745589344973,0.748371450316367,0.97136144981507,11.2499751716037,0.57255496037739,0.347826086956522,0.826086956521739,92
"UMass-gbqr_2src_nihflu_otid10","04",0.711130196292093,0.637584704465646,259.623673466329,0.299072306602556,0.831052540104785,0.804440741408212,360.478072450234,0.435344382878252,0.391304347826087,0.858695652173913,92
"UMass-gbqr_2src_nihflu_otid10","05",0.573200688271316,0.551655695528745,40.4885886469602,0.308677558519846,0.593513936216373,0.575011888084682,56.2935066024356,0.42855239006195,0.554347826086957,0.847826086956522,92
"UMass-gbqr_2src_nihflu_otid10","06",0.50290900270103,1.14678670747396,311.037201592526,0.493265820705346,0.622970031702973,1.48035939914565,492.938580411754,0.734579882370134,0.271739130434783,0.91304347826087,92
"UMass-gbqr_2src_nihflu_otid10","08",0.482215053900935,0.636238199565241,48.245775665727,0.302529242160186,0.56141221380591,0.706702241650948,73.4351584884817,0.443698899470744,0.554347826086957,0.945652173913043,92
"UMass-gbqr_2src_nihflu_otid10","09",0.470294966815776,0.56649330969626,34.0224158749065,0.330725517061056,0.55786789097401,0.620824413341179,54.7802013810783,0.506406815321423,0.445652173913043,0.934782608695652,92
"UMass-gbqr_2src_nihflu_otid10","10",0.739466827819078,0.688518122247842,22.9621573797069,0.344936748511189,0.789554855044259,0.705154292133687,30.7754751107469,0.502496833493406,0.41304347826087,0.760869565217391,92
"UMass-gbqr_2src_nihflu_otid10","11",0.598009492628335,0.587394091955948,21.9423700459152,0.407855303545966,0.692129198216188,0.662394343650565,31.5370173795898,0.600199610653001,0.369565217391304,0.793478260869565,92
"UMass-gbqr_2src_nihflu_otid10","12",0.47055033092909,0.687744882098005,219.48615599087,0.249875095963947,0.604854069569625,0.82317754696778,347.475513966237,0.35543862388694,0.445652173913043,0.902173913043478,92
"UMass-gbqr_2src_nihflu_otid10","13",0.550541271372252,0.715777860414943,104.30597596969,0.380019348862835,0.683881441788006,0.847311227056228,164.793126989112,0.555567960049243,0.445652173913043,0.934782608695652,92
"UMass-gbqr_2src_nihflu_otid10","15",0.777190497918601,1.22341287155379,11.6250325563031,0.377253535122366,0.90181816075227,1.39188921881902,17.9285371306076,0.604031866849778,0.369565217391304,0.869565217391304,92
"UMass-gbqr_2src_nihflu_otid10","16",0.665009628857335,0.765724287193031,27.7588250136741,0.369596164873217,0.778976274024655,0.893451859155355,43.6904084126872,0.557108729003509,0.391304347826087,0.869565217391304,92
"UMass-gbqr_2src_nihflu_otid10","17",0.466434412287791,0.813205483020512,149.116864061059,0.438997777490365,0.542734614944277,0.985457458546407,216.226650451659,0.647462104320136,0.369565217391304,0.815217391304348,92
"UMass-gbqr_2src_nihflu_otid10","18",0.522606177748131,0.43925543750107,133.942320950853,0.284492716432657,0.629913553759801,0.531098909536486,201.791437569662,0.432839542863044,0.380434782608696,0.891304347826087,92
"UMass-gbqr_2src_nihflu_otid10","19",0.446679242592713,0.422948585379688,33.7239260634247,0.288429742595207,0.535205304703644,0.46110451766863,52.0370809845011,0.440060741763231,0.445652173913043,0.902173913043478,92
"UMass-gbqr_2src_nihflu_otid10","20",0.539178198166135,0.582420579871887,39.9284439614176,0.342846877887715,0.613737659329669,0.626018467322709,58.5318937278099,0.491233497007361,0.456521739130435,0.847826086956522,92
"UMass-gbqr_2src_nihflu_otid10","21",0.624449009334991,0.685766913155588,100.37192702456,0.421382351205195,0.651716967925684,0.706046240636718,138.348178082485,0.572521367398202,0.489130434782609,0.793478260869565,92
"UMass-gbqr_2src_nihflu_otid10","22",0.528100264722223,0.679457720262258,46.4263050496475,0.255102469346883,0.648113682880821,0.769839550507753,76.2519837337174,0.375958142916096,0.467391304347826,0.923913043478261,92
"UMass-gbqr_2src_nihflu_otid10","23",0.494230854097612,0.471830237040966,17.9505603838925,0.288857584433461,0.556134324518686,0.470680031407563,27.0390090605661,0.448308361052141,0.5,0.891304347826087,92
"UMass-gbqr_2src_nihflu_otid10","24",0.502228196436174,0.669721930439863,76.0587790840361,0.409555442973999,0.617005596685182,0.7575426427036,114.716094905435,0.610227188785889,0.315217391304348,0.83695652173913,92
"UMass-gbqr_2src_nihflu_otid10","25",0.492034744287039,0.53018355964525,109.857329828349,0.293876397779996,0.60527821059335,0.657036008763794,167.971282550639,0.446962958786003,0.304347826086957,0.902173913043478,92
"UMass-gbqr_2src_nihflu_otid10","26",0.552605756455775,0.665480986735836,131.730413545092,0.341775840433576,0.629986130718451,0.740869864761526,200.7259070625,0.499269178124978,0.445652173913043,0.880434782608696,92
"UMass-gbqr_2src_nihflu_otid10","27",0.560953743263704,0.665213792832181,95.3820215818061,0.389062871148038,0.696342162377694,0.74734142786039,142.046232188502,0.572664358826552,0.358695652173913,0.891304347826087,92
"UMass-gbqr_2src_nihflu_otid10","28",0.580652288900247,0.48176254606378,36.9263079022667,0.238598433089678,0.702231707692517,0.565876752810757,58.4226248986796,0.352097344395187,0.445652173913043,0.923913043478261,92
"UMass-gbqr_2src_nihflu_otid10","29",0.66981017150079,0.809294921867902,126.956155444436,0.445050840050527,0.776620561046333,0.971546010144508,184.219461996893,0.641387360124674,0.347826086956522,0.695652173913043,92
"UMass-gbqr_2src_nihflu_otid10","30",0.617027331334698,0.55398186966369,17.4324801142963,0.326173093008237,0.661234544309767,0.537945557697288,25.4072186319024,0.495508881175863,0.478260869565217,0.826086956521739,92
"UMass-gbqr_2src_nihflu_otid10","31",0.525530370960969,0.522884619227315,24.9320449610163,0.327909430382836,0.637856906165945,0.598477989043211,38.0495510982468,0.508265164413947,0.41304347826087,0.847826086956522,92
"UMass-gbqr_2src_nihflu_otid10","32",0.596616425945913,0.912183190945102,24.6928542460539,0.331090471810903,0.712195730756252,1.07131446136669,40.1151986606402,0.49639807316395,0.369565217391304,0.934782608695652,92
"UMass-gbqr_2src_nihflu_otid10","33",0.597329444363905,0.603592651408766,26.8875682603922,0.378326406557936,0.707016774620656,0.701038549250389,39.147211412148,0.580714339114161,0.304347826086957,0.760869565217391,92
"UMass-gbqr_2src_nihflu_otid10","34",0.439881672822893,0.533320803151047,123.348612696309,0.343943265913141,0.549421467465754,0.557142930478863,197.05717567356,0.49506862131286,0.315217391304348,0.891304347826087,92
"UMass-gbqr_2src_nihflu_otid10","35",0.593547460331533,0.686816184024962,23.835079193435,0.263987409214054,0.654960266744678,0.757206016013162,37.660215337819,0.411861026468706,0.41304347826087,0.934782608695652,92
"UMass-gbqr_2src_nihflu_otid10","36",0.394926433382429,0.555926571206245,165.805609571011,0.277218046669936,0.480895151202656,0.601095716533692,262.553071193024,0.405367776857855,0.434782608695652,0.978260869565217,92
"UMass-gbqr_2src_nihflu_otid10","37",0.506018244824295,0.608357094322569,156.603844064428,0.39117050670373,0.592923159449862,0.680076025679405,229.487041974899,0.563643348678997,0.434782608695652,0.858695652173913,92
"UMass-gbqr_2src_nihflu_otid10","38",0.633338925035187,0.610985824265626,9.30894482187587,0.301772476728096,0.743433899780234,0.613371565011205,15.1515061096515,0.477363539627576,0.402173913043478,0.934782608695652,92
"UMass-gbqr_2src_nihflu_otid10","39",0.492805069118193,0.569649944804965,261.725965828199,0.42171095053823,0.553792658649595,0.635549007069353,353.849430935411,0.585207760688711,0.358695652173913,0.815217391304348,92
"UMass-gbqr_2src_nihflu_otid10","40",0.61278059642456,0.621517497136571,72.96968753903,0.398661832782692,0.747064932035304,0.745016337929002,116.192957744491,0.591924704958797,0.391304347826087,0.858695652173913,92
"UMass-gbqr_2src_nihflu_otid10","41",0.670266666737156,0.936252609767233,65.8509790283493,0.458530083524749,0.804396123337162,1.12671791921493,103.093855329005,0.691107453365971,0.304347826086957,0.891304347826087,92
"UMass-gbqr_2src_nihflu_otid10","42",0.508078265582467,0.743278168467157,353.717074809413,0.42673610723556,0.620545600347586,0.912391653244083,512.617881313219,0.633625601239637,0.293478260869565,0.771739130434783,92
"UMass-gbqr_2src_nihflu_otid10","44",0.614107176193761,0.658599464946306,16.2146786625812,0.354613109460707,0.697221844198901,0.742152909125903,23.1068413365484,0.544996080551714,0.33695652173913,0.804347826086957,92
"UMass-gbqr_2src_nihflu_otid10","45",0.5481510708708,0.532771858266137,97.0747750382742,0.354705760129036,0.684011905671614,0.629821309642693,149.783737518047,0.538879249924261,0.304347826086957,0.858695652173913,92
"UMass-gbqr_2src_nihflu_otid10","46",0.647691867012029,0.661760736771424,15.809460582716,0.414762355750329,0.792350123950604,0.711190377063025,24.8901288936657,0.651554916712627,0.326086956521739,0.815217391304348,92
"UMass-gbqr_2src_nihflu_otid10","47",0.550930286022383,0.588459012064215,84.7354108519452,0.293350297826237,0.658860507001889,0.667249650755973,133.598290849133,0.427134007422067,0.434782608695652,0.891304347826087,92
"UMass-gbqr_2src_nihflu_otid10","48",0.526820101407006,0.551350908059257,313.26970431095,0.269681503560943,0.679206911083266,0.730344632202454,500.058705601238,0.405253169043206,0.358695652173913,0.956521739130435,92
"UMass-gbqr_2src_nihflu_otid10","49",0.649751365638667,1.01385761362287,34.0631262945069,0.458838683949618,0.733615399950311,1.16751717563547,46.8238003098721,0.66770372235189,0.315217391304348,0.847826086956522,92
"UMass-gbqr_2src_nihflu_otid10","50",0.59844961515312,0.570014523527181,9.08648450124374,0.311035122914255,0.6795493334647,0.576501339832232,13.6943963504734,0.485239955325844,0.445652173913043,0.858695652173913,92
"UMass-gbqr_2src_nihflu_otid10","51",0.482698289828765,0.494831952019382,76.4667704859146,0.26994430261897,0.541241284271209,0.577814785807928,113.672435811829,0.39787500580033,0.489130434782609,0.91304347826087,92
"UMass-gbqr_2src_nihflu_otid10","53",0.634479706224075,0.772117413985425,67.5212973530166,0.391026981749052,0.78661509315221,0.888394908420892,112.60566061755,0.596593634341617,0.380434782608696,0.934782608695652,92
"UMass-gbqr_2src_nihflu_otid10","54",0.506640819166646,0.395726204416644,47.1374619616882,0.272436065669282,0.530935147821837,0.400668486849764,62.7484550246394,0.395000195509572,0.434782608695652,0.858695652173913,92
"UMass-gbqr_2src_nihflu_otid10","55",0.433338158370697,0.539936289430014,72.1978971508094,0.355505276679664,0.536324936724718,0.585000115224212,110.21477449693,0.517089793109544,0.347826086956522,0.923913043478261,92
"UMass-gbqr_2src_nihflu_otid10","56",0.662910774113859,0.631976624187198,11.1016219964772,0.336960953796897,0.705367539824629,0.65261241042325,16.3614601085409,0.510294451567978,0.456521739130435,0.880434782608696,92
"UMass-gbqr_2src_nihflu_otid50","01",0.579360309450953,0.790644505572251,62.9594188637522,0.368219250895369,0.711425581089199,0.908952287391384,100.071287444297,0.533442716967535,0.380434782608696,0.891304347826087,92
"UMass-gbqr_2src_nihflu_otid50","02",0.695916029167395,0.958025876833375,7.0915487786215,0.392334244265898,0.733001304106504,0.970553925615104,11.0189217780358,0.572078976914794,0.380434782608696,0.815217391304348,92
"UMass-gbqr_2src_nihflu_otid50","04",0.707953946728742,0.694733813985773,258.46406924226,0.325879279675712,0.859653953596569,0.879320078170017,372.884246437225,0.475867316358518,0.391304347826087,0.804347826086957,92
"UMass-gbqr_2src_nihflu_otid50","05",0.572993840510187,0.614140289324926,40.4739777539793,0.343640655999738,0.603853931638627,0.649469790045595,57.2742326899855,0.484045350304275,0.576086956521739,0.826086956521739,92
"UMass-gbqr_2src_nihflu_otid50","06",0.476010474640823,1.42741993468148,294.40110470448,0.613974212452075,0.609383394984227,1.79097718893255,482.187858746378,0.888713790403153,0.304347826086957,0.902173913043478,92
"UMass-gbqr_2src_nihflu_otid50","08",0.476035244376811,0.786600312276905,47.6274836784779,0.374025948958596,0.57326549017685,0.861071409619,74.9856185737849,0.540618685347791,0.510869565217391,0.869565217391304,92
"UMass-gbqr_2src_nihflu_otid50","09",0.476199778628567,0.641295471030067,34.4495860071281,0.374395906562518,0.566841460290829,0.705631145960363,55.6613668724712,0.575583713749699,0.456521739130435,0.891304347826087,92
"UMass-gbqr_2src_nihflu_otid50","10",0.717632920891918,0.655615035108137,22.284164009059,0.328452819436241,0.769870299773942,0.670417595044051,30.0082053803191,0.477743271771836,0.41304347826087,0.782608695652174,92
"UMass-gbqr_2src_nihflu_otid50","11",0.623593507562548,0.623470730562169,22.8811075239432,0.432905007979769,0.701913169258945,0.693212195197805,31.9828261471032,0.628123856500084,0.358695652173913,0.771739130434783,92
"UMass-gbqr_2src_nihflu_otid50","12",0.467107165955002,0.835168054874498,217.880106658989,0.303437660228274,0.593267874520475,0.974755660943729,340.819496784306,0.420888315076218,0.5,0.869565217391304,92
"UMass-gbqr_2src_nihflu_otid50","13",0.553593093614333,0.840526891368275,104.884176576981,0.446250854663633,0.687225674414999,1.00098764867525,165.598978001153,0.656331048440238,0.445652173913043,0.91304347826087,92
"UMass-gbqr_2src_nihflu_otid50","15",0.748526147448271,1.2606376933148,11.1962779481147,0.388732240251409,0.869718317853659,1.38379425772537,17.2903782973298,0.600518933208678,0.33695652173913,0.858695652173913,92
"UMass-gbqr_2src_nihflu_otid50","16",0.672928598498188,0.816986485190732,28.0893785620893,0.394339159316262,0.79187661341428,0.968201594393216,44.4139491871488,0.603718660545968,0.347826086956522,0.83695652173913,92
"UMass-gbqr_2src_nihflu_otid50","17",0.455051343280102,0.949064533215886,145.477751017294,0.512339414177555,0.546463194815736,1.10233689818403,217.712124778056,0.724253859543294,0.434782608695652,0.804347826086957,92
"UMass-gbqr_2src_nihflu_otid50","18",0.52852127613847,0.510170590727398,135.458342078786,0.330422357491561,0.650267431302783,0.623680277739834,208.311757992996,0.508292300101324,0.326086956521739,0.858695652173913,92
"UMass-gbqr_2src_nihflu_otid50","19",0.446685761733258,0.466067877721504,33.7244182533292,0.317834939399146,0.530124109459385,0.491097047822307,51.543045207763,0.468684480115472,0.456521739130435,0.869565217391304,92
"UMass-gbqr_2src_nihflu_otid50","20",0.536084619061911,0.617226457982022,39.6993512415647,0.363335657052808,0.619150861344872,0.682135510013416,59.0481484504337,0.535268254065825,0.434782608695652,0.83695652173913,92
"UMass-gbqr_2src_nihflu_otid50","21",0.612820364692027,0.709203436158485,98.5027760545851,0.435783362653227,0.648883449393996,0.731059122344081,137.746671376791,0.592803904735636,0.478260869565217,0.75,92
"UMass-gbqr_2src_nihflu_otid50","22",0.524240925171409,0.800926736669761,46.0870231230033,0.300708023762735,0.640277826416865,0.898039960030727,75.3300781862625,0.438565978345636,0.445652173913043,0.891304347826087,92
"UMass-gbqr_2src_nihflu_otid50","23",0.497504770238569,0.4848448258132,18.069469652492,0.296825201555074,0.575278698630701,0.484389861679141,27.9698002062514,0.461366555853765,0.445652173913043,0.923913043478261,92
"UMass-gbqr_2src_nihflu_otid50","24",0.511501084346939,0.767848726261206,77.4630899890801,0.469562979689773,0.626569289195317,0.83906603632344,116.494214040064,0.675897143854523,0.358695652173913,0.826086956521739,92
"UMass-gbqr_2src_nihflu_otid50","25",0.481522011976378,0.665378316936313,107.510136435486,0.368813742683754,0.595799806994085,0.822365356764984,165.340922525717,0.559431824374979,0.326086956521739,0.83695652173913,92
"UMass-gbqr_2src_nihflu_otid50","26",0.533942059158795,0.782152492065625,127.281352827773,0.401695661711007,0.607325441873894,0.864572432151184,193.50576823532,0.5826318334173,0.510869565217391,0.858695652173913,92
"UMass-gbqr_2src_nihflu_otid50","27",0.564388473620368,0.754221787488375,95.9660475000592,0.441120880661988,0.722265100941769,0.860618386230887,147.334229884502,0.659464948646364,0.369565217391304,0.83695652173913,92
"UMass-gbqr_2src_nihflu_otid50","28",0.584702870662564,0.511001708213823,37.1839027351777,0.253079463902172,0.714464652569117,0.61065645725141,59.4403527256959,0.3799599751501,0.456521739130435,0.847826086956522,92
"UMass-gbqr_2src_nihflu_otid50","29",0.646865998664187,0.896523988026692,122.607305431214,0.493020212057941,0.755271753086989,1.07291469654415,179.15538551758,0.708308116826155,0.326086956521739,0.739130434782609,92
"UMass-gbqr_2src_nihflu_otid50","30",0.599182894133849,0.536954296869551,16.928332597878,0.316147609524348,0.657702574257612,0.509223271857104,25.2715065217463,0.469052397768128,0.510869565217391,0.83695652173913,92
"UMass-gbqr_2src_nihflu_otid50","31",0.517508194354337,0.536283824298064,24.55145940613,0.336312289332531,0.631147615230704,0.602876468946714,37.6493273085446,0.5120006302995,0.391304347826087,0.793478260869565,92
"UMass-gbqr_2src_nihflu_otid50","32",0.606362085049029,1.03917745241979,25.0962091141058,0.377184929992454,0.728987669858909,1.21330873168331,41.061022882705,0.562191717072736,0.380434782608696,0.891304347826087,92
"UMass-gbqr_2src_nihflu_otid50","33",0.596065098741605,0.597014535945439,26.8306563175019,0.374203303370123,0.702528424850088,0.682048930183301,38.8986934368081,0.564984042829649,0.315217391304348,0.728260869565217,92
"UMass-gbqr_2src_nihflu_otid50","34",0.439391303229727,0.618938889131186,123.211106606007,0.399159120871832,0.551668070195254,0.685241839669329,197.862949046009,0.608895337753645,0.358695652173913,0.858695652173913,92
"UMass-gbqr_2src_nihflu_otid50","35",0.60203504695438,0.746074448866072,24.1759151212034,0.286764152356956,0.643959201966466,0.813694703203286,37.0276541130718,0.442586467363235,0.391304347826087,0.934782608695652,92
"UMass-gbqr_2src_nihflu_otid50","36",0.390094544625288,0.735293484960456,163.77699311732,0.3666610559513,0.472416398878952,0.810182052632197,257.923948905336,0.546371715006622,0.478260869565217,0.934782608695652,92
"UMass-gbqr_2src_nihflu_otid50","37",0.514401269323083,0.699786806107753,159.198244315455,0.449959344740725,0.603063481940431,0.76898355527828,233.411787662336,0.637329430548776,0.402173913043478,0.83695652173913,92
"UMass-gbqr_2src_nihflu_otid50","38",0.663181139138956,0.642365834806879,9.7475717773234,0.31727140178445,0.77148766513,0.64009738394044,15.723254044769,0.498163218405109,0.347826086956522,0.91304347826087,92
"UMass-gbqr_2src_nihflu_otid50","39",0.506568707342955,0.660634769273315,269.035755709483,0.489066871768483,0.582013856521631,0.727955939707385,371.881549367039,0.670295226044966,0.347826086956522,0.804347826086957,92
"UMass-gbqr_2src_nihflu_otid50","40",0.61936699837476,0.704181360928818,73.7539938553801,0.451685162932116,0.749013025187577,0.826934310073683,116.495949754446,0.657009548101101,0.391304347826087,0.815217391304348,92
"UMass-gbqr_2src_nihflu_otid50","41",0.66895871752311,1.05016698145777,65.7224783277498,0.514319691821721,0.816413267255784,1.24625330721491,104.634009067532,0.764428198673133,0.271739130434783,0.858695652173913,92
"UMass-gbqr_2src_nihflu_otid50","42",0.499343446397706,0.88557715762772,347.636014271465,0.50843380706598,0.616537282199844,1.06488075129736,509.306705542456,0.739524198725656,0.282608695652174,0.782608695652174,92
"UMass-gbqr_2src_nihflu_otid50","44",0.607529668261185,0.653498859510374,16.0410083625721,0.351866764147604,0.691595540990284,0.722663896421325,22.9203783095585,0.53068442670355,0.33695652173913,0.793478260869565,92
"UMass-gbqr_2src_nihflu_otid50","45",0.56781776128249,0.616647889234928,100.557646182591,0.410548257925775,0.699201940232154,0.706770238329716,153.110024868663,0.604717258798338,0.347826086956522,0.815217391304348,92
"UMass-gbqr_2src_nihflu_otid50","46",0.678450668044399,0.693524349487664,16.5602497731627,0.434670383086014,0.826979842595525,0.726723319494454,25.9779537510986,0.665785375023953,0.326086956521739,0.793478260869565,92
"UMass-gbqr_2src_nihflu_otid50","47",0.552422252864258,0.713297478975866,84.9648816698167,0.355583011911525,0.687696830570582,0.82620081143579,139.445482329285,0.528885197802815,0.402173913043478,0.880434782608696,92
"UMass-gbqr_2src_nihflu_otid50","48",0.541243907394768,0.66697806397519,321.846714612488,0.32623805367101,0.678690752193264,0.843314987794205,499.678689228897,0.46793808872754,0.402173913043478,0.880434782608696,92
"UMass-gbqr_2src_nihflu_otid50","49",0.645276524015627,1.06932490667291,33.8285333357007,0.48394136050238,0.733292069809518,1.19454365526964,46.8031634121901,0.683160181092193,0.326086956521739,0.793478260869565,92
"UMass-gbqr_2src_nihflu_otid50","50",0.598651042423552,0.567961171371849,9.08954284688314,0.309914687182078,0.677548203528131,0.566125784789171,13.6540692319691,0.476506872646382,0.467391304347826,0.902173913043478,92
"UMass-gbqr_2src_nihflu_otid50","51",0.490143706904554,0.598270943669278,77.6462380968486,0.326373088898007,0.562937304699824,0.69099591359655,118.229071754457,0.475809913285296,0.456521739130435,0.891304347826087,92
"UMass-gbqr_2src_nihflu_otid50","53",0.641648181671944,0.911465786475466,68.2841661375265,0.461597820483498,0.800699735705188,1.02821857678704,114.621907817797,0.690490965007113,0.391304347826087,0.923913043478261,92
"UMass-gbqr_2src_nihflu_otid50","54",0.510248540150971,0.402308220535726,47.4731214747664,0.276967427392719,0.539092711533954,0.420534480983093,63.7125549185726,0.414585143725376,0.423913043478261,0.869565217391304,92
"UMass-gbqr_2src_nihflu_otid50","55",0.439671881108862,0.611236558185862,73.2531503151075,0.40245085575556,0.546815657277289,0.675346416816781,112.370617570483,0.596948154130223,0.369565217391304,0.83695652173913,92
"UMass-gbqr_2src_nihflu_otid50","56",0.670717462115376,0.666996034357107,11.2323588959538,0.355632805572165,0.710646083323154,0.682292791151901,16.4838993675175,0.533502305669976,0.41304347826087,0.847826086956522,92
"UMass-gbqr_2src_utseirs_otid10","01",0.839747791611588,0.80666589649967,91.255876679037,0.375680738990232,0.898110565870933,0.947808452590979,126.330965575388,0.556246486343041,0.206521739130435,0.684782608695652,92
"UMass-gbqr_2src_utseirs_otid10","02",1.16143275781703,1.29923563413438,11.8352742427883,0.532067706068959,1.10184137963606,1.32191639639984,16.5635503047465,0.779184504498326,0.141304347826087,0.543478260869565,92
"UMass-gbqr_2src_utseirs_otid10","04",0.893145253628521,0.898777743726362,326.074821312761,0.42159030958022,0.918022146290998,1.04556150356229,398.20208445531,0.565833260424839,0.315217391304348,0.565217391304348,92
"UMass-gbqr_2src_utseirs_otid10","05",0.751658279558847,0.951009474534446,53.0941143422611,0.532134962274196,0.766377800677089,1.06712954394023,72.6892683555248,0.795324281180699,0.195652173913043,0.608695652173913,92
"UMass-gbqr_2src_utseirs_otid10","06",0.630111765478189,0.638991425727438,389.709070969591,0.274848520636765,0.659375552054846,0.828307053678945,521.745239814528,0.411020255222472,0.260869565217391,0.771739130434783,92
"UMass-gbqr_2src_utseirs_otid10","08",0.810990576779478,0.666733180648941,81.1398754928945,0.317029508763551,0.814131944205529,0.703159882230481,106.491998006188,0.441474849674724,0.326086956521739,0.717391304347826,92
"UMass-gbqr_2src_utseirs_otid10","09",0.623732426237427,0.640507957123925,45.1224986390867,0.373936146598289,0.621126036751388,0.625304657811793,60.9918762610005,0.510061353199556,0.271739130434783,0.739130434782609,92
"UMass-gbqr_2src_utseirs_otid10","10",0.915611633125831,0.852199567033914,28.4318614812425,0.426938577557888,0.932083037568876,0.851980964839778,36.3309757904564,0.607126329378537,0.282608695652174,0.673913043478261,92
"UMass-gbqr_2src_utseirs_otid10","11",0.797256107974199,0.921008814025045,29.2531954060609,0.639499672463282,0.867636894053088,1.01069474626863,39.534063694245,0.915796759157529,0.108695652173913,0.608695652173913,92
"UMass-gbqr_2src_utseirs_otid10","12",0.655789795037218,0.749764221047136,305.890298635132,0.272408289121648,0.720144389906681,0.905988275363284,413.707296688564,0.391195346664905,0.228260869565217,0.652173913043478,92
"UMass-gbqr_2src_utseirs_otid10","13",0.787971850037796,0.837435475343599,149.289757423583,0.444609566255969,0.827572591956501,1.00546870848675,199.418008598735,0.65926920525775,0.228260869565217,0.673913043478261,92
"UMass-gbqr_2src_utseirs_otid10","15",0.931469738811981,0.977235962531378,13.9327051320107,0.301342032674095,0.965594716751578,1.03206678705987,19.1964427928113,0.44788135411406,0.206521739130435,0.782608695652174,92
"UMass-gbqr_2src_utseirs_otid10","16",1.01981059004148,1.13599640694377,42.5689230465657,0.548317354351241,1.00772373692197,1.24203264570076,56.520157418667,0.7744650386439,0.195652173913043,0.543478260869565,92
"UMass-gbqr_2src_utseirs_otid10","17",0.612826188521654,0.667972784856185,195.917618939439,0.3605959060762,0.642248316764192,0.759760510876864,255.873125590847,0.499175418365876,0.358695652173913,0.75,92
"UMass-gbqr_2src_utseirs_otid10","18",0.66801057884005,0.635728338317298,171.209011985084,0.411742385956615,0.718660932988445,0.730993532185951,230.221467576472,0.595751376298904,0.141304347826087,0.684782608695652,92
"UMass-gbqr_2src_utseirs_otid10","19",0.580357437055953,0.709313208990317,43.8165229797336,0.48371606706001,0.602839205398858,0.736895774164172,58.6130075249216,0.7032655039262,0.304347826086957,0.652173913043478,92
"UMass-gbqr_2src_utseirs_otid10","20",0.772302806080814,0.859659520748299,57.1923149317356,0.506045962180517,0.795057302757063,0.88695448307142,75.8242692868529,0.695988657122039,0.217391304347826,0.641304347826087,92
"UMass-gbqr_2src_utseirs_otid10","21",0.812868190882371,0.869457954066432,130.657820760609,0.534254759058998,0.808648141057933,0.930083039652382,171.661936900668,0.754189149389779,0.239130434782609,0.597826086956522,92
"UMass-gbqr_2src_utseirs_otid10","22",0.87746601814793,0.807090732585494,77.1397171153909,0.303022296648678,0.913896360195015,0.912422486571544,107.521893508161,0.445589815929923,0.260869565217391,0.739130434782609,92
"UMass-gbqr_2src_utseirs_otid10","23",0.693933279491938,0.747244829257181,25.2037911689187,0.457468215079405,0.704869920132579,0.681723923748096,34.2704690516633,0.649321225783858,0.228260869565217,0.75,92
"UMass-gbqr_2src_utseirs_otid10","24",0.584813493137949,0.657031902180172,88.5657169302232,0.401795102586404,0.63142284369956,0.698229019917575,117.396605885663,0.562447983696857,0.25,0.58695652173913,92
"UMass-gbqr_2src_utseirs_otid10","25",0.52311671269766,0.552334054013887,116.797047185805,0.306154235098182,0.593655093707945,0.657396825219391,164.745741276712,0.447208411985556,0.239130434782609,0.739130434782609,92
"UMass-gbqr_2src_utseirs_otid10","26",0.718871296699062,0.72614601094384,171.364869246422,0.372932011754582,0.738844066070155,0.774475795438256,235.410175094722,0.521916077650979,0.304347826086957,0.652173913043478,92
"UMass-gbqr_2src_utseirs_otid10","27",0.678959100674612,0.629396672436314,115.447115508891,0.368114550701853,0.759798316502935,0.70035243610959,154.990597889245,0.536658164295202,0.380434782608696,0.684782608695652,92
"UMass-gbqr_2src_utseirs_otid10","28",0.869050753208902,0.831792326311202,55.2668719458053,0.411954701201692,0.933264117986445,0.951472518137353,77.643516946394,0.592021045637828,0.260869565217391,0.684782608695652,92
"UMass-gbqr_2src_utseirs_otid10","29",0.921332877958103,1.03461765038092,174.629895225443,0.568961255027237,0.954769814420717,1.18471137837867,226.477626740253,0.782113142922526,0.184782608695652,0.543478260869565,92
"UMass-gbqr_2src_utseirs_otid10","30",0.839508311579107,0.895398298103613,23.7180935174018,0.527192040678275,0.802643874561618,0.764964308741665,30.8407184410361,0.704618903047706,0.260869565217391,0.641304347826087,92
"UMass-gbqr_2src_utseirs_otid10","31",0.686857181995334,0.746159999975175,32.585660295885,0.467929045088146,0.71421608832373,0.757911199837896,42.6045423121808,0.643665878527349,0.304347826086957,0.630434782608696,92
"UMass-gbqr_2src_utseirs_otid10","32",0.958833396303228,0.826902623455015,39.6843470469766,0.300136619989386,0.910594364542955,0.906669023525263,51.2902173593652,0.420108915267719,0.293478260869565,0.728260869565217,92
"UMass-gbqr_2src_utseirs_otid10","33",0.895660071070867,0.825804819155066,40.316313763288,0.517606980502455,0.945779902369835,0.831159455374114,52.3674219855646,0.688501672757045,0.195652173913043,0.576086956521739,92
"UMass-gbqr_2src_utseirs_otid10","34",0.586252174582403,0.88492483404396,164.392828555167,0.570695790808148,0.619375808076926,0.876010424618968,222.147212381678,0.77840936220631,0.206521739130435,0.619565217391304,92
"UMass-gbqr_2src_utseirs_otid10","35",1.01939909025159,1.03216021191267,40.935998668566,0.396725217859385,1.01657494945771,1.07950895675269,58.4530595938181,0.587168693338268,0.141304347826087,0.66304347826087,92
"UMass-gbqr_2src_utseirs_otid10","36",0.531564657113792,0.525159346061633,223.171696167044,0.261875678634645,0.562643752225384,0.584797101244031,307.185141636183,0.39437629369785,0.282608695652174,0.804347826086957,92
"UMass-gbqr_2src_utseirs_otid10","37",0.586781916316703,0.681110344304343,181.598795424056,0.437950475122449,0.617842630288348,0.766575957962537,239.131960644647,0.63533402685555,0.282608695652174,0.717391304347826,92
"UMass-gbqr_2src_utseirs_otid10","38",0.728533179020848,0.883758512890866,10.7081294017008,0.436497844422444,0.724833980861684,0.78831720401131,14.7724316751702,0.613517013703233,0.260869565217391,0.760869565217391,92
"UMass-gbqr_2src_utseirs_otid10","39",0.537656326034761,0.644473488730576,285.546212961821,0.477102701418345,0.582452481270385,0.725453949312365,372.161811510851,0.667991415984612,0.228260869565217,0.66304347826087,92
"UMass-gbqr_2src_utseirs_otid10","40",0.791610921710961,1.03606396476038,94.2647367536934,0.664565617177977,0.801884772907017,1.2353938479622,124.719230603549,0.981535708325127,0.195652173913043,0.630434782608696,92
"UMass-gbqr_2src_utseirs_otid10","41",0.990534644102546,0.939877390268881,97.3160076618119,0.460305321199753,0.961461466743294,1.05424891252509,123.223827764893,0.646656335826032,0.195652173913043,0.630434782608696,92
"UMass-gbqr_2src_utseirs_otid10","42",0.533070939552424,0.670498556781201,371.116629419732,0.384951362984253,0.575507980581133,0.736575449798249,475.413380610712,0.511527106344446,0.260869565217391,0.695652173913043,92
"UMass-gbqr_2src_utseirs_otid10","44",0.723978666286061,0.781614460390348,19.115688413139,0.420848708434756,0.76141673898877,0.818948079127782,25.2343438823561,0.601390209230156,0.228260869565217,0.66304347826087,92
"UMass-gbqr_2src_utseirs_otid10","45",0.640314725863668,0.741854552502753,113.396490985896,0.49390762456381,0.683209429447448,0.835560931894296,149.60801267009,0.714911422258256,0.228260869565217,0.58695652173913,92
"UMass-gbqr_2src_utseirs_otid10","46",0.715934282542347,0.873457696135059,17.4751844142858,0.547444645121586,0.775350016791953,0.858012746294866,24.3561037883559,0.786065786996695,0.184782608695652,0.619565217391304,92
"UMass-gbqr_2src_utseirs_otid10","47",0.942948040635473,0.836168715174129,145.029401473197,0.416835049851434,0.970059106134358,0.919693959308326,196.700572010179,0.588734015815767,0.195652173913043,0.66304347826087,92
"UMass-gbqr_2src_utseirs_otid10","48",0.672127337579154,0.671221904171385,399.675585157783,0.32831383732939,0.73047296758109,0.868542394667226,537.802782458017,0.481936256347673,0.293478260869565,0.652173913043478,92
"UMass-gbqr_2src_utseirs_otid10","49",0.726173702325125,0.668832569269042,38.0695568215338,0.302691671633689,0.765299075421108,0.716436499868391,48.8460453355734,0.409730432899638,0.228260869565217,0.706521739130435,92
"UMass-gbqr_2src_utseirs_otid10","50",0.707753577661523,0.859361349752974,10.7460874755109,0.468920618713728,0.780139415874541,0.843454916752352,15.7215051851239,0.7099342149723,0.217391304347826,0.771739130434783,92
"UMass-gbqr_2src_utseirs_otid10","51",0.692569470083791,0.78077748763352,109.713566072993,0.425935377737221,0.71868002129451,0.886694551567469,150.938427950571,0.610565199287407,0.195652173913043,0.608695652173913,92
"UMass-gbqr_2src_utseirs_otid10","53",0.847159375480364,0.704129552817871,90.1546566991442,0.356595575765474,0.846912879844704,0.725619380637736,121.237419864726,0.48728318829838,0.195652173913043,0.695652173913043,92
"UMass-gbqr_2src_utseirs_otid10","54",0.616875493569965,0.657818708526231,57.3936090682173,0.452872564096989,0.664585327421968,0.649511667322434,78.5438724462941,0.640322970232269,0.260869565217391,0.597826086956522,92
"UMass-gbqr_2src_utseirs_otid10","55",0.431428979889707,0.606895341496566,71.8798114504148,0.399592508445947,0.477582538982686,0.644601077210779,98.1432117609419,0.569771917951437,0.260869565217391,0.684782608695652,92
"UMass-gbqr_2src_utseirs_otid10","56",1.109666860242,1.05174261539444,18.5833486277122,0.560774214217106,1.085516744034,1.00407401565239,25.1792688235713,0.78511133249626,0.239130434782609,0.739130434782609,92
"UMass-gbqr_2src_utseirs_otid50","01",0.884400578763933,0.833838631242271,96.108320803873,0.388335635041723,0.931026235868961,0.959458060182881,130.960983895437,0.563083367015034,0.195652173913043,0.58695652173913,92
"UMass-gbqr_2src_utseirs_otid50","02",1.21406992453592,1.35164701942233,12.3716594095476,0.553531407347929,1.13048264279699,1.34269711603957,16.9941032063939,0.791433399193709,0.0978260869565217,0.521739130434783,92
"UMass-gbqr_2src_utseirs_otid50","04",0.912360921954757,0.930503470480242,333.090192654015,0.436471918584434,0.922772802074352,1.05653736793404,400.262733038903,0.571773139716765,0.239130434782609,0.532608695652174,92
"UMass-gbqr_2src_utseirs_otid50","05",0.768652830649639,1.00201709042662,54.2945410033489,0.560676145601278,0.767997183789,1.10297399944396,72.8428633232915,0.822038906382202,0.16304347826087,0.58695652173913,92
"UMass-gbqr_2src_utseirs_otid50","06",0.620994602704855,0.653111479991446,384.070323641048,0.280921960544594,0.630503446926207,0.819250410604088,498.899558977034,0.406526192626297,0.217391304347826,0.684782608695652,92
"UMass-gbqr_2src_utseirs_otid50","08",0.837564508212647,0.675457026808594,83.7986061237812,0.321177669891262,0.828062912326196,0.691316312243795,108.314229205798,0.434038933019611,0.293478260869565,0.652173913043478,92
"UMass-gbqr_2src_utseirs_otid50","09",0.624653032623876,0.633819674858398,45.1890978067303,0.370031448038473,0.608248065805316,0.589138780084576,59.7273155052742,0.480560826851732,0.239130434782609,0.66304347826087,92
"UMass-gbqr_2src_utseirs_otid50","10",0.932147864623535,0.860828289491889,28.9453497620318,0.431261431775207,0.936057864072086,0.848565529968669,36.4859076148098,0.604692471672668,0.239130434782609,0.608695652173913,92
"UMass-gbqr_2src_utseirs_otid50","11",0.837561298127902,0.966218890138457,30.7320873099945,0.670891151487478,0.880237249880234,1.02918209973295,40.1082016467167,0.932548264446866,0.130434782608696,0.521739130434783,92
"UMass-gbqr_2src_utseirs_otid50","12",0.667439022889074,0.777043547864446,311.324030317813,0.282319557942019,0.715093927176207,0.912966995353213,410.805915642575,0.394208677918716,0.173913043478261,0.608695652173913,92
"UMass-gbqr_2src_utseirs_otid50","13",0.811272620751002,0.866082659414448,153.704339502106,0.459818871879151,0.828777558871258,1.01983905209829,199.708366332793,0.668691601929171,0.16304347826087,0.608695652173913,92
"UMass-gbqr_2src_utseirs_otid50","15",0.960245938734194,1.00990036363528,14.3631327579767,0.311414479250082,0.967218162212517,1.03816737947105,19.2287175944206,0.450528800601322,0.152173913043478,0.684782608695652,92
"UMass-gbqr_2src_utseirs_otid50","16",1.08477240892643,1.19182665148278,45.2805586150551,0.575265231819244,1.04600130283402,1.28217384581891,58.6670295937339,0.799494941205904,0.152173913043478,0.478260869565217,92
"UMass-gbqr_2src_utseirs_otid50","17",0.60835793179746,0.671495229506862,194.489138507938,0.362497449296538,0.633003211968864,0.748871798688001,252.189855742334,0.492021351545441,0.282608695652174,0.695652173913043,92
"UMass-gbqr_2src_utseirs_otid50","18",0.680700462346368,0.640519233895371,174.461389246976,0.414845306901442,0.730667804247265,0.729865330700877,234.067842682341,0.594831904979554,0.152173913043478,0.641304347826087,92
"UMass-gbqr_2src_utseirs_otid50","19",0.584197444015843,0.740334721075335,44.106440438281,0.504871183910829,0.585069150270464,0.741417102989494,56.8852559692315,0.707580489445505,0.271739130434783,0.652173913043478,92
"UMass-gbqr_2src_utseirs_otid50","20",0.793584608862379,0.882857077075899,58.7683231469264,0.519701403001807,0.790498467631772,0.87195044482516,75.3894951630562,0.6842150648693,0.195652173913043,0.619565217391304,92
"UMass-gbqr_2src_utseirs_otid50","21",0.836692129021367,0.890865915235093,134.487204016212,0.547409282613145,0.815240074300235,0.92570303139845,173.061289685691,0.750637472218473,0.206521739130435,0.565217391304348,92
"UMass-gbqr_2src_utseirs_otid50","22",0.927283629625329,0.848584307691783,81.5192786907124,0.318601063591762,0.94618438718037,0.938084372356271,111.320650074351,0.458122031138908,0.195652173913043,0.630434782608696,92
"UMass-gbqr_2src_utseirs_otid50","23",0.7046601710344,0.759346562785318,25.5933939482029,0.464876976197213,0.703689415026424,0.670606389090244,34.2130734066652,0.63873211341702,0.184782608695652,0.728260869565217,92
"UMass-gbqr_2src_utseirs_otid50","24",0.590852367313227,0.664106707529847,89.4802601599204,0.406121562430773,0.624371614459204,0.685058098361057,116.085613753529,0.551838344077799,0.206521739130435,0.521739130434783,92
"UMass-gbqr_2src_utseirs_otid50","25",0.513548804727106,0.550809527700883,114.660806129878,0.305309202669251,0.573443305118635,0.635700122884681,159.136750249825,0.432448760852177,0.217391304347826,0.706521739130435,92
"UMass-gbqr_2src_utseirs_otid50","26",0.720205761090294,0.741674362618393,171.682979479738,0.38090701862916,0.71951379273803,0.779797634848656,229.251171810108,0.52550244350944,0.271739130434783,0.673913043478261,92
"UMass-gbqr_2src_utseirs_otid50","27",0.710029080148519,0.646912677613113,120.730113417924,0.378359117694541,0.786384444141322,0.710147048365657,160.413878947828,0.544163469284962,0.315217391304348,0.673913043478261,92
"UMass-gbqr_2src_utseirs_otid50","28",0.922696095358,0.883324705980436,58.6784221275362,0.437476703986926,0.962183815576912,0.987113637507201,80.0495100481053,0.614197506181687,0.206521739130435,0.58695652173913,92
"UMass-gbqr_2src_utseirs_otid50","29",0.941026743209582,1.05735488663918,178.362680310755,0.581465010856828,0.957664974570507,1.19077589690573,227.164377609263,0.78611676754543,0.141304347826087,0.5,92
"UMass-gbqr_2src_utseirs_otid50","30",0.851923849609071,0.903120750638147,24.0688618040309,0.531738861371753,0.802769060277192,0.76136661140148,30.8455285660856,0.701305015688035,0.228260869565217,0.641304347826087,92
"UMass-gbqr_2src_utseirs_otid50","31",0.681712997640062,0.757619048706727,32.341611535394,0.475115200511584,0.708929827398697,0.775834196804513,42.289205356131,0.658887215262877,0.271739130434783,0.619565217391304,92
"UMass-gbqr_2src_utseirs_otid50","32",1.00380859697958,0.872684861721773,41.5457877091701,0.316753965078364,0.947236002899435,0.954070908919054,53.3540974676616,0.442072778747914,0.25,0.695652173913043,92
"UMass-gbqr_2src_utseirs_otid50","33",0.917769054347803,0.839237448031409,41.3115046125513,0.526026430609331,0.949008087666096,0.827251910919966,52.5461652018598,0.685264807826185,0.217391304347826,0.565217391304348,92
"UMass-gbqr_2src_utseirs_otid50","34",0.587964860829045,0.93153789782245,164.873088328554,0.600756964674735,0.603121577245682,0.919064537608365,216.317420482345,0.816666583456858,0.206521739130435,0.554347826086957,92
"UMass-gbqr_2src_utseirs_otid50","35",1.09776714394828,1.10478222929627,44.083023786073,0.424638506257226,1.04877469435788,1.12309928455952,60.3045449255778,0.610878432530724,0.119565217391304,0.608695652173913,92
"UMass-gbqr_2src_utseirs_otid50","36",0.541684381185565,0.53360139171506,227.420353325898,0.2660853846051,0.56851177568348,0.579413410345775,310.388891095712,0.390745632638907,0.228260869565217,0.728260869565217,92
"UMass-gbqr_2src_utseirs_otid50","37",0.600334286868901,0.684325387930987,185.793018352513,0.440017731765375,0.60861555873679,0.761683976346481,235.56068277717,0.631279578829691,0.217391304347826,0.706521739130435,92
"UMass-gbqr_2src_utseirs_otid50","38",0.74329857076683,0.917964439913925,10.9251541440678,0.453392520054135,0.734787475284916,0.814551536359656,14.9752882191219,0.633934187344702,0.239130434782609,0.695652173913043,92
"UMass-gbqr_2src_utseirs_otid50","39",0.532716359622601,0.64904952433996,282.922624931984,0.480490333321287,0.562273636411706,0.713706926182737,359.268406987236,0.657174863643279,0.184782608695652,0.652173913043478,92
"UMass-gbqr_2src_utseirs_otid50","40",0.821275481034023,1.09633824832472,97.7971815429327,0.703227531711564,0.819058881925927,1.27723778926224,127.390364581284,1.01478123778183,0.173913043478261,0.58695652173913,92
"UMass-gbqr_2src_utseirs_otid50","41",1.0316934743556,0.980472002214136,101.359695647996,0.480186548351195,0.988346346650259,1.08382913342167,126.669475797317,0.664800283645801,0.119565217391304,0.565217391304348,92
"UMass-gbqr_2src_utseirs_otid50","42",0.523582747979068,0.67435247003128,364.511081424658,0.38716399885563,0.546978053678587,0.721940905030485,451.845490233901,0.501363902643084,0.25,0.652173913043478,92
"UMass-gbqr_2src_utseirs_otid50","44",0.736133222341469,0.78158182792229,19.4366132099249,0.420831137966538,0.756225909765933,0.790990674672176,25.0623130312645,0.580859836495177,0.184782608695652,0.608695652173913,92
"UMass-gbqr_2src_utseirs_otid50","45",0.655864603599137,0.775231321527898,116.150295481152,0.516129016411052,0.676839780627747,0.86255968908848,148.213198049202,0.738011736272627,0.206521739130435,0.554347826086957,92
"UMass-gbqr_2src_utseirs_otid50","46",0.736881150384418,0.901002701952968,17.9864748879617,0.564708636270307,0.764152946144949,0.840702332611979,24.0043697212924,0.770206903764906,0.152173913043478,0.554347826086957,92
"UMass-gbqr_2src_utseirs_otid50","47",0.985488698428707,0.888763474331899,151.572334776151,0.443053848351791,0.99738240232275,0.958017860184431,202.240964297075,0.613266724589328,0.16304347826087,0.58695652173913,92
"UMass-gbqr_2src_utseirs_otid50","48",0.691559225371184,0.697133788016388,411.230614524649,0.340988081070122,0.735066847213395,0.868888619469419,541.184976403827,0.482128369347623,0.217391304347826,0.58695652173913,92
"UMass-gbqr_2src_utseirs_otid50","49",0.732605192001537,0.672410602126749,38.4067267863774,0.304310971884039,0.757477881515198,0.707470887495118,48.3468491332309,0.404602994194901,0.173913043478261,0.619565217391304,92
"UMass-gbqr_2src_utseirs_otid50","50",0.723281694547155,0.87647331699149,10.9818566862216,0.47825796471748,0.771574983624952,0.841607539410217,15.5489132569637,0.708379281380596,0.173913043478261,0.684782608695652,92
"UMass-gbqr_2src_utseirs_otid50","51",0.709232469890245,0.795658329079351,112.353239360957,0.434053281906677,0.722416270395714,0.871732155865615,151.72312148463,0.600262307386955,0.173913043478261,0.532608695652174,92
"UMass-gbqr_2src_utseirs_otid50","53",0.8876295178038,0.71632233818383,94.461487141369,0.3627704242722,0.884248174955241,0.731256453375575,126.582048523484,0.491068713946757,0.16304347826087,0.66304347826087,92
"UMass-gbqr_2src_utseirs_otid50","54",0.627215835497384,0.659273919562575,58.3556663202885,0.453874398105036,0.66470529515252,0.642646843295144,78.5580508064495,0.633555263457428,0.195652173913043,0.619565217391304,92
"UMass-gbqr_2src_utseirs_otid50","55",0.419532427804288,0.604465783048421,69.8977426495926,0.397992836660172,0.44629539441393,0.626305351735874,91.7137035520627,0.553600070024567,0.228260869565217,0.652173913043478,92
"UMass-gbqr_2src_utseirs_otid50","56",1.17103046495116,1.0983314390643,19.6109915178627,0.585614712835644,1.13344426514107,1.03389622216697,26.2909789327287,0.808430083832959,0.173913043478261,0.630434782608696,92
"UMass-gbqr_3src","01",0.727311320199693,0.660971081425772,79.0373405043854,0.307827695950338,0.808777971351114,0.776361491954954,113.765170948421,0.455628297945076,0.228260869565217,0.858695652173913,92
"UMass-gbqr_3src","02",0.858740834682385,0.888574276637595,8.75077202148975,0.363892172152007,0.881708795765952,0.968888689123699,13.2543833102643,0.57109742734482,0.228260869565217,0.826086956521739,92
"UMass-gbqr_3src","04",0.786210926678574,0.791461462384465,287.03459643249,0.371251385869951,0.857658120716039,0.983471357902206,372.018532231459,0.532231535954876,0.228260869565217,0.728260869565217,92
"UMass-gbqr_3src","05",0.684683048250261,0.540330718963298,48.3632536760491,0.302340696334155,0.73646948700594,0.628944175491852,69.8525298218895,0.468747751494976,0.358695652173913,0.880434782608696,92
"UMass-gbqr_3src","06",0.829363421989461,0.64665132099223,512.94145957486,0.27814326106206,0.932467839979922,0.840300772152989,737.835449424113,0.416971745320707,0.206521739130435,0.83695652173913,92
"UMass-gbqr_3src","08",0.730748297508257,0.592159979786064,73.1116089066313,0.281570188719703,0.759070252617079,0.655182433870327,99.2896893477601,0.411352487267772,0.326086956521739,0.815217391304348,92
"UMass-gbqr_3src","09",0.617444904585637,0.569593870901068,44.6676422371396,0.332535661488339,0.681499028328733,0.622517310506228,66.920241542628,0.507787712469789,0.304347826086957,0.880434782608696,92
"UMass-gbqr_3src","10",0.924244202347987,0.852320885178619,28.6999227459445,0.42699935603999,0.994915951471032,0.889228526626244,38.7800934997296,0.633669147116219,0.315217391304348,0.771739130434783,92
"UMass-gbqr_3src","11",0.680271720756212,0.725243838555677,24.9607640223219,0.50357085638027,0.747227761782924,0.815074800604395,34.0475954064567,0.738544316788284,0.271739130434783,0.75,92
"UMass-gbqr_3src","12",0.700909712481111,0.61918121112364,326.936287953282,0.22496418159684,0.839979213107167,0.786594547204641,482.549797512391,0.339642504153884,0.173913043478261,0.83695652173913,92
"UMass-gbqr_3src","13",0.728860213291384,0.600199116149612,138.090420911296,0.318656513314062,0.832769042160134,0.707224206533651,200.670183648348,0.463715217236548,0.206521739130435,0.815217391304348,92
"UMass-gbqr_3src","15",0.880983186838941,0.888037486891459,13.1775391695937,0.273836649131785,0.963307533424131,0.973656704432512,19.1509725938341,0.422533394825902,0.326086956521739,0.847826086956522,92
"UMass-gbqr_3src","16",0.78154449327366,0.79628908349384,32.6232221125302,0.384349035693498,0.813295559918139,0.926386635589976,45.6152727084521,0.577645091708997,0.217391304347826,0.793478260869565,92
"UMass-gbqr_3src","17",0.696374803971596,0.588293010891751,222.627714087504,0.317581877750422,0.76610271516914,0.688006187395677,305.21698716407,0.452031622484798,0.358695652173913,0.793478260869565,92
"UMass-gbqr_3src","18",0.640955749680038,0.514987075808807,164.274944297183,0.333541851998591,0.714646179781229,0.589735306066825,228.935350114265,0.480627536047738,0.347826086956522,0.815217391304348,92
"UMass-gbqr_3src","19",0.559820424534854,0.522183340447324,42.265994936825,0.356102873207435,0.628076954462557,0.556828650488385,61.0668299746474,0.531416239875215,0.358695652173913,0.826086956521739,92
"UMass-gbqr_3src","20",0.69636979901326,0.629303364983643,51.5691520742037,0.370444832111417,0.733872933858593,0.672654241532534,69.9891426269054,0.527828351067678,0.315217391304348,0.804347826086957,92
"UMass-gbqr_3src","21",0.753698421156963,0.642657993068936,121.147062123545,0.39489326613044,0.75513345995873,0.684791269467606,160.301700793413,0.555286058352756,0.315217391304348,0.782608695652174,92
"UMass-gbqr_3src","22",0.813688025749671,0.679692631865304,71.5328717333058,0.255190666931852,0.889738073831093,0.786965485839353,104.679618599432,0.38432174912303,0.206521739130435,0.793478260869565,92
"UMass-gbqr_3src","23",0.628236699263592,0.574163160624964,22.8176786455366,0.351506475483488,0.68253178244547,0.542148177446312,33.1843985095499,0.516379588383057,0.434782608695652,0.847826086956522,92
"UMass-gbqr_3src","24",0.569890881729757,0.509871615690019,86.3057968132196,0.311802086705812,0.651180807400866,0.565659434489125,121.070083810781,0.45565852938205,0.347826086956522,0.760869565217391,92
"UMass-gbqr_3src","25",0.609863939598116,0.469020929294936,136.165229672809,0.259974453521056,0.721413400981731,0.591805700633408,200.200060222441,0.402588630536725,0.239130434782609,0.83695652173913,92
"UMass-gbqr_3src","26",0.687990111170942,0.547486883547531,164.003398083919,0.28117676309375,0.778035128544478,0.648773611245075,247.897214380699,0.437205888755869,0.282608695652174,0.826086956521739,92
"UMass-gbqr_3src","27",0.571365704022762,0.58726547224074,97.1524240040296,0.343473321236038,0.631073409835976,0.639795285082757,128.732116112954,0.490255113731782,0.282608695652174,0.804347826086957,92
"UMass-gbqr_3src","28",0.704014332200375,0.565780179361716,44.771458746296,0.280209130767568,0.793896516535024,0.675442392198228,66.0487384517291,0.420270794662705,0.271739130434783,0.869565217391304,92
"UMass-gbqr_3src","29",0.845069526336055,0.730391124134936,160.174901355242,0.401659734391315,0.917026976057214,0.874731892551147,217.524779331484,0.577473401693853,0.239130434782609,0.706521739130435,92
"UMass-gbqr_3src","30",0.752215090017694,0.75494943734999,21.2518537388647,0.444498649738779,0.777213439753473,0.703558697968062,29.8635816253101,0.648057369901873,0.380434782608696,0.75,92
"UMass-gbqr_3src","31",0.685671039856558,0.630320633230822,32.5293877172326,0.395284298296434,0.751446448598541,0.66238976355795,44.825414238139,0.562543064648261,0.326086956521739,0.826086956521739,92
"UMass-gbqr_3src","32",0.755952978585535,0.640577055027411,31.2875004865776,0.232506980489875,0.824168061412588,0.769203282752209,46.4221618939134,0.356413584618726,0.347826086956522,0.880434782608696,92
"UMass-gbqr_3src","33",0.713190843091259,0.671008337482586,32.1028331304233,0.420581947937405,0.820349422413594,0.73472752830201,45.4223908453787,0.608621040145527,0.358695652173913,0.717391304347826,92
"UMass-gbqr_3src","34",0.61328689034298,0.602892762720521,171.973718803006,0.388810833142699,0.684804273322881,0.619238333470836,245.613984856903,0.550245639394523,0.228260869565217,0.804347826086957,92
"UMass-gbqr_3src","35",0.824248818060527,0.794965001655584,33.0993512171619,0.305555920323619,0.859355468145933,0.86103925298936,49.4129394183911,0.468338210561552,0.173913043478261,0.782608695652174,92
"UMass-gbqr_3src","36",0.649029520542044,0.509074878848838,272.488053943068,0.253855006816814,0.704525486395419,0.541143768120936,384.647941914734,0.364937297355322,0.347826086956522,0.804347826086957,92
"UMass-gbqr_3src","37",0.628408315128233,0.550239243468235,194.481441722131,0.353801025227498,0.706547800184942,0.61761123138622,273.464718141146,0.511872863467756,0.304347826086957,0.75,92
"UMass-gbqr_3src","38",0.670404572865949,0.685111396402504,9.85374328097024,0.338383894872731,0.731649131132262,0.646453090879894,14.9113274007934,0.503109621098879,0.369565217391304,0.869565217391304,92
"UMass-gbqr_3src","39",0.633427861350464,0.518800594329726,336.409929977159,0.384067257040626,0.721104572971104,0.576840820835667,460.754469755798,0.531149795342599,0.326086956521739,0.739130434782609,92
"UMass-gbqr_3src","40",0.687209071808636,0.542633625362591,81.8326029519384,0.348063114253776,0.763970348133326,0.677692722298609,118.822301211302,0.538435258768185,0.293478260869565,0.858695652173913,92
"UMass-gbqr_3src","41",0.816212988153796,0.722028693657754,80.1896126316832,0.353613836432953,0.844844210139965,0.8211308782006,108.277805236525,0.50366614432545,0.347826086956522,0.793478260869565,92
"UMass-gbqr_3src","42",0.638781767232633,0.621665620814665,444.711048381659,0.356915053183552,0.731031177468565,0.717303958528902,603.887374526451,0.49814369780612,0.315217391304348,0.695652173913043,92
"UMass-gbqr_3src","44",0.75403383820128,0.727544766349789,19.9092550308985,0.391735683976294,0.85256946712635,0.793723821887131,28.2552641876983,0.582866908759403,0.282608695652174,0.75,92
"UMass-gbqr_3src","45",0.600524869842692,0.560859634818775,106.349909254503,0.37340587722017,0.700466604226883,0.637028122088111,153.386958790813,0.54504544599523,0.206521739130435,0.782608695652174,92
"UMass-gbqr_3src","46",0.597206278595911,0.63029504446432,14.5771617679387,0.395041051748098,0.689591299471361,0.674148698535839,21.6621614725243,0.61761929476658,0.315217391304348,0.804347826086957,92
"UMass-gbqr_3src","47",0.754315464111717,0.620748172417152,116.016912457206,0.309446635229358,0.799990775191299,0.706208571505037,162.215520773844,0.452073218593676,0.282608695652174,0.804347826086957,92
"UMass-gbqr_3src","48",0.621876745152673,0.491978794457782,369.794439414007,0.240640904132174,0.738082933290164,0.658317298706203,543.405536994304,0.365286687645153,0.16304347826087,0.815217391304348,92
"UMass-gbqr_3src","49",0.745447520633215,0.732486949334366,39.0799841048386,0.33149955509223,0.80026634742833,0.82414053028193,51.0778694793386,0.47132642781961,0.315217391304348,0.804347826086957,92
"UMass-gbqr_3src","50",0.661914222440252,0.676514126726523,10.0500913879229,0.369147882860182,0.71950639372671,0.66561076285721,14.4996179779274,0.560243167738733,0.33695652173913,0.793478260869565,92
"UMass-gbqr_3src","51",0.64981650881274,0.531822352681421,102.940845004794,0.290123573317963,0.707495546135252,0.631411033433399,148.589445026362,0.434780616142307,0.239130434782609,0.793478260869565,92
"UMass-gbqr_3src","53",0.73261753409453,0.584670306765627,77.9651198933074,0.296097279030117,0.754953530405635,0.625360933990066,108.073239080894,0.419955527488959,0.326086956521739,0.83695652173913,92
"UMass-gbqr_3src","54",0.617099921772777,0.576298265220052,57.4144896910826,0.396750152697191,0.671178762282846,0.603847718144045,79.3231161119715,0.595305032847126,0.358695652173913,0.782608695652174,92
"UMass-gbqr_3src","55",0.566072474813929,0.537703091237576,94.3125859725438,0.35403489256801,0.694749620068695,0.610544995832054,142.771046924117,0.53966927076222,0.293478260869565,0.793478260869565,92
"UMass-gbqr_3src","56",0.895555115790333,0.802772537283527,14.9976659917856,0.428026907154855,0.882438020978894,0.792705648686868,20.4687253996626,0.619836962630173,0.293478260869565,0.815217391304348,92
"UMass-gbqr_3src_ar6fp","01",0.687618933072492,0.620621130241285,74.7239459102477,0.289035901794931,0.746349989368661,0.739361612277541,104.983861004563,0.433913938878732,0.347826086956522,0.880434782608696,92
"UMass-gbqr_3src_ar6fp","02",0.856705443189876,0.908651261614663,8.73003090122846,0.372114172119432,0.907053258248042,1.02512722776956,13.6353766973592,0.604246420721274,0.315217391304348,0.945652173913043,92
"UMass-gbqr_3src_ar6fp","04",0.753859089525428,0.722175266616489,275.223393858223,0.338751261198028,0.835831487986487,0.916910757935221,362.550993039008,0.49621050690318,0.326086956521739,0.793478260869565,92
"UMass-gbqr_3src_ar6fp","05",0.673198302230921,0.524236950060438,47.5520174601712,0.293335468376605,0.706914336905203,0.614254219173055,67.0492880851609,0.457799428476307,0.391304347826087,0.858695652173913,92
"UMass-gbqr_3src_ar6fp","06",0.731022899682054,0.584189084790339,452.120196289925,0.251276463598838,0.805085076774541,0.755328472377912,637.04106884735,0.374807023693298,0.293478260869565,0.815217391304348,92
"UMass-gbqr_3src_ar6fp","08",0.704071945986522,0.554397981961165,70.4426311120018,0.263614478747828,0.727710129188729,0.60212268043209,95.1876488549692,0.378039229124235,0.423913043478261,0.83695652173913,92
"UMass-gbqr_3src_ar6fp","09",0.555564096659909,0.501785892429193,40.1910164374231,0.292948558945151,0.613313929917789,0.53827204878091,60.2247613356229,0.439068806158364,0.423913043478261,0.891304347826087,92
"UMass-gbqr_3src_ar6fp","10",0.912968386818444,0.864430649094271,28.3497825624591,0.433066157269079,0.990492427728247,0.913692994323955,38.6076722373206,0.65110266158013,0.434782608695652,0.75,92
"UMass-gbqr_3src_ar6fp","11",0.677493632967955,0.728623521375761,24.8588294694069,0.505917528880643,0.753054560745989,0.84580168934781,34.3130947679042,0.766386140676358,0.315217391304348,0.75,92
"UMass-gbqr_3src_ar6fp","12",0.646776633713526,0.566927213216482,301.686148723354,0.205978983623835,0.760996786260723,0.72864468333362,437.176110298388,0.314620417552246,0.293478260869565,0.826086956521739,92
"UMass-gbqr_3src_ar6fp","13",0.691956748029082,0.575266980456681,131.098661780771,0.305419593739189,0.777637959488662,0.668649841148242,187.385390477219,0.438422643736937,0.326086956521739,0.826086956521739,92
"UMass-gbqr_3src_ar6fp","15",0.840969695259257,0.866695220299444,12.5790267797086,0.26725551392668,0.974505754641253,0.964710214438489,19.3735981004223,0.41865092704055,0.391304347826087,0.923913043478261,92
"UMass-gbqr_3src_ar6fp","16",0.795208720134611,0.830191742863272,33.1935941280934,0.400713010418497,0.853650336005254,0.99590334412011,47.8786492802947,0.620991988060349,0.271739130434783,0.804347826086957,92
"UMass-gbqr_3src_ar6fp","17",0.643581645484908,0.542217690133452,205.749992311358,0.292708750561315,0.688678434621696,0.614316575765303,274.370985480315,0.403616309780066,0.434782608695652,0.782608695652174,92
"UMass-gbqr_3src_ar6fp","18",0.633330827180374,0.484154070937414,162.320700623532,0.31357222939916,0.686179279150911,0.540788403311078,219.816040381909,0.440736369575847,0.41304347826087,0.771739130434783,92
"UMass-gbqr_3src_ar6fp","19",0.528604660386061,0.464475184106686,39.9092296748962,0.316748802158747,0.589106371931918,0.499382411952649,57.2777880101197,0.4765917188114,0.456521739130435,0.826086956521739,92
"UMass-gbqr_3src_ar6fp","20",0.685038441558171,0.587430092979868,50.7300167517979,0.345795770815205,0.716643139416204,0.637700080995553,68.3459446221496,0.500399999650233,0.402173913043478,0.771739130434783,92
"UMass-gbqr_3src_ar6fp","21",0.756020524421191,0.609396150627979,121.520309539902,0.374454902738581,0.738655407649503,0.658861543385239,156.803696862987,0.534260066882919,0.358695652173913,0.793478260869565,92
"UMass-gbqr_3src_ar6fp","22",0.772249033667228,0.647026761568296,67.8898906255775,0.242926262646453,0.838867794511944,0.74699885216166,98.6946196499704,0.364803680239504,0.358695652173913,0.83695652173913,92
"UMass-gbqr_3src_ar6fp","23",0.607080560096696,0.538750172364975,22.049283571743,0.329826410402235,0.663074815550664,0.513663848795964,32.2384092386752,0.48924913490977,0.5,0.847826086956522,92
"UMass-gbqr_3src_ar6fp","24",0.573604586433737,0.499372068563823,86.8682101696732,0.305381292524157,0.633832936986613,0.545417067717451,117.844699860391,0.43935259243127,0.380434782608696,0.760869565217391,92
"UMass-gbqr_3src_ar6fp","25",0.600731401268873,0.455101292608362,134.126194244814,0.252258913094654,0.689595011894891,0.551188972887206,191.370111398788,0.374958222815534,0.358695652173913,0.782608695652174,92
"UMass-gbqr_3src_ar6fp","26",0.701296193716591,0.549908779155856,167.175308140821,0.28242059338113,0.761632542243278,0.636470441412168,242.67102946497,0.428914832818825,0.358695652173913,0.771739130434783,92
"UMass-gbqr_3src_ar6fp","27",0.537586393261601,0.523904906841758,91.408743733186,0.30641569591721,0.596519140096592,0.566027671525585,121.683420676008,0.433729298963523,0.467391304347826,0.83695652173913,92
"UMass-gbqr_3src_ar6fp","28",0.684476239549284,0.552357353310529,43.528942977653,0.273561322029392,0.764942467354416,0.64792503913221,63.6398874470728,0.403149068259908,0.41304347826087,0.847826086956522,92
"UMass-gbqr_3src_ar6fp","29",0.874809492174008,0.736975114359255,165.81182937826,0.405280429765821,0.930253271270498,0.888965984227938,220.662142814523,0.586870348816298,0.239130434782609,0.728260869565217,92
"UMass-gbqr_3src_ar6fp","30",0.750099439930009,0.710501501302313,21.1920816247145,0.418328622211878,0.76567762509249,0.672128103411329,29.4203304858908,0.619106226945762,0.456521739130435,0.760869565217391,92
"UMass-gbqr_3src_ar6fp","31",0.640378362058377,0.587014534131816,30.3806268811954,0.368126340755739,0.70620427496011,0.62957136090652,42.1266202280553,0.534671612189167,0.380434782608696,0.815217391304348,92
"UMass-gbqr_3src_ar6fp","32",0.735327664191102,0.633275056094324,30.4338567383129,0.229856611248348,0.773691750187709,0.723106967772471,43.5790287986164,0.335054662695177,0.478260869565217,0.847826086956522,92
"UMass-gbqr_3src_ar6fp","33",0.788791357943836,0.709884766136952,35.5058363186959,0.444949341275087,0.893593523773053,0.772375165243557,49.4778848923906,0.639806946582623,0.347826086956522,0.717391304347826,92
"UMass-gbqr_3src_ar6fp","34",0.561089642933807,0.589999285208508,157.336923382161,0.380495716353221,0.609536944029449,0.590885926858772,218.618375458041,0.525052127847545,0.33695652173913,0.760869565217391,92
"UMass-gbqr_3src_ar6fp","35",0.832271986736847,0.810608372754725,33.4215375182802,0.311568668863753,0.880318068779428,0.902519462767799,50.6182889548171,0.490900210091662,0.282608695652174,0.826086956521739,92
"UMass-gbqr_3src_ar6fp","36",0.602124493108022,0.446820076642552,252.795483357113,0.222811060444538,0.632009669090874,0.466505731009351,345.056670312669,0.314602792648764,0.434782608695652,0.83695652173913,92
"UMass-gbqr_3src_ar6fp","37",0.597062402419341,0.509288183573939,184.780427033175,0.327469702722343,0.654205882324762,0.547645900454537,253.206120193697,0.453885973872036,0.434782608695652,0.739130434782609,92
"UMass-gbqr_3src_ar6fp","38",0.609680509897542,0.622916764882786,8.96120860610936,0.307665296752299,0.663430375587876,0.592493691235393,13.5209995024703,0.461115092040448,0.532608695652174,0.934782608695652,92
"UMass-gbqr_3src_ar6fp","39",0.57865448575374,0.49077658874516,307.320102116064,0.363321130159139,0.679172191944558,0.523796819656545,433.961501426836,0.482307360215302,0.445652173913043,0.782608695652174,92
"UMass-gbqr_3src_ar6fp","40",0.664195162699918,0.526281658726923,79.0921151386603,0.337574423237658,0.719667795421984,0.641910816903542,111.93180961623,0.510006091895529,0.391304347826087,0.826086956521739,92
"UMass-gbqr_3src_ar6fp","41",0.819525254034594,0.740181238417838,80.5150293081748,0.362504052362068,0.843369143904762,0.825139081334229,108.08875625849,0.506124700289649,0.391304347826087,0.793478260869565,92
"UMass-gbqr_3src_ar6fp","42",0.599207968719631,0.575906186645203,417.160316147387,0.330643323923632,0.669255898224699,0.65433928777506,552.856293578031,0.454416832022764,0.358695652173913,0.695652173913043,92
"UMass-gbqr_3src_ar6fp","44",0.708845808109219,0.695631723175899,18.7161255321046,0.374552579411869,0.811105049328664,0.77777743329195,26.8810792978598,0.571156762270098,0.402173913043478,0.793478260869565,92
"UMass-gbqr_3src_ar6fp","45",0.570396041180331,0.493614032619845,101.014246478329,0.32863548990855,0.648954068814456,0.559670219786841,142.106833373218,0.478857516610193,0.347826086956522,0.760869565217391,92
"UMass-gbqr_3src_ar6fp","46",0.570571225685844,0.593066362997308,13.9270288257993,0.371707761075596,0.684863107658319,0.66818495373297,21.5136345775276,0.612155627971235,0.33695652173913,0.891304347826087,92
"UMass-gbqr_3src_ar6fp","47",0.740417594794221,0.593488276523097,113.879361306974,0.295857415903475,0.766944631830727,0.662195069289723,155.514696813067,0.423898361460956,0.41304347826087,0.804347826086957,92
"UMass-gbqr_3src_ar6fp","48",0.586769701421046,0.445833566086641,348.918293686717,0.218069952697457,0.669210602005242,0.574172728011012,492.699031698077,0.31859660130992,0.369565217391304,0.793478260869565,92
"UMass-gbqr_3src_ar6fp","49",0.712443415761968,0.685220338194249,37.3497484302103,0.310108238048417,0.754139023577826,0.74381172494824,48.1337428961847,0.425386339354365,0.467391304347826,0.782608695652174,92
"UMass-gbqr_3src_ar6fp","50",0.641318444127526,0.664039703681668,9.73737797698396,0.36234106734076,0.719370619271264,0.671101637711447,14.4968818274883,0.564864825460717,0.380434782608696,0.83695652173913,92
"UMass-gbqr_3src_ar6fp","51",0.619822222818885,0.48506889682018,98.189292676331,0.264618290189045,0.665188216003897,0.580471907240637,139.70398597421,0.399704661654452,0.402173913043478,0.826086956521739,92
"UMass-gbqr_3src_ar6fp","53",0.702152918528497,0.550055003832333,74.7230770884696,0.278566891574576,0.741899333004411,0.580320035154368,106.204502344219,0.38970871576627,0.434782608695652,0.83695652173913,92
"UMass-gbqr_3src_ar6fp","54",0.587067141643075,0.508256348564945,54.6202635304346,0.34990697711967,0.624808918007004,0.528454333230947,73.842906146632,0.520978244596448,0.423913043478261,0.815217391304348,92
"UMass-gbqr_3src_ar6fp","55",0.51944696809105,0.482336069274988,86.5443719947129,0.317580094387067,0.625735293426318,0.552123582574541,128.588602799108,0.488029765558162,0.315217391304348,0.804347826086957,92
"UMass-gbqr_3src_ar6fp","56",0.878128298469253,0.768053631351153,14.7058228870195,0.409515279968005,0.916650128912472,0.813669794062132,21.2622975554263,0.636229367825048,0.380434782608696,0.902173913043478,92
"UMass-gbqr_3src_ar6p","01",0.729533612599026,0.676584049000133,79.2788383007048,0.3150989729705,0.790186144074413,0.807636418148644,111.149987939858,0.473982816474977,0.33695652173913,0.869565217391304,92
"UMass-gbqr_3src_ar6p","02",0.914953900137473,0.978535843358677,9.32359644133755,0.400733560412995,0.972680281898681,1.1168600580841,14.6219220637595,0.658317011062335,0.304347826086957,0.923913043478261,92
"UMass-gbqr_3src_ar6p","04",0.798573299724957,0.777242384591556,291.547925665024,0.364581633030052,0.891674698688437,0.991971815132233,386.7735926724,0.536831783203058,0.326086956521739,0.771739130434783,92
"UMass-gbqr_3src_ar6p","05",0.702990074100503,0.609137859652021,49.6563882695109,0.340841559043765,0.750295074972413,0.724588761525652,71.1638567848834,0.540031001094912,0.380434782608696,0.847826086956522,92
"UMass-gbqr_3src_ar6p","06",0.747261070943089,0.603718392016511,462.163117217739,0.259676578192025,0.819977663951846,0.763204188016725,648.825152203288,0.378715089714885,0.315217391304348,0.793478260869565,92
"UMass-gbqr_3src_ar6p","08",0.752159555953428,0.618081544183407,75.2538123971902,0.293895810221356,0.786612653896293,0.67481924536106,102.892355184652,0.423681345355442,0.423913043478261,0.804347826086957,92
"UMass-gbqr_3src_ar6p","09",0.604380009234028,0.587359068477265,43.7224922049712,0.342907194661837,0.666962145445163,0.637368053389661,65.4927828473,0.519901471605456,0.358695652173913,0.880434782608696,92
"UMass-gbqr_3src_ar6p","10",0.917740756988751,0.879730697685365,28.4979757075769,0.440731240935788,0.983903616749929,0.918857617811456,38.3508518441875,0.654783000730875,0.445652173913043,0.75,92
"UMass-gbqr_3src_ar6p","11",0.704299411385317,0.768542354405711,25.8423963135007,0.533635049341935,0.796692481786583,0.903523402945895,36.3014661266234,0.818688142285947,0.293478260869565,0.75,92
"UMass-gbqr_3src_ar6p","12",0.674764704736822,0.60697682614572,314.741062764905,0.220530020112081,0.794500604884706,0.778107244764346,456.423325753983,0.335977784299701,0.282608695652174,0.815217391304348,92
"UMass-gbqr_3src_ar6p","13",0.728402790190807,0.63925807828535,138.003757176136,0.339393619305963,0.808609466122033,0.735465392014808,194.848513635428,0.482232495547199,0.33695652173913,0.815217391304348,92
"UMass-gbqr_3src_ar6p","15",0.856531726210652,0.896738813334851,12.81179997616,0.276519803966387,0.980228518625299,0.987822423488829,19.4873691365834,0.428680827833621,0.380434782608696,0.923913043478261,92
"UMass-gbqr_3src_ar6p","16",0.856171044772488,0.897697191008962,35.7382828493039,0.433296219753746,0.912921058565176,1.06425221259711,51.2029637195251,0.66361068190027,0.282608695652174,0.771739130434783,92
"UMass-gbqr_3src_ar6p","17",0.63963411255726,0.5788462873546,204.48798480196,0.312482194184626,0.679789466008804,0.651655675080578,270.829601061094,0.428148725265303,0.423913043478261,0.782608695652174,92
"UMass-gbqr_3src_ar6p","18",0.662456945926861,0.539780328055273,169.785633322959,0.349599705991076,0.7281714384776,0.609174530318438,233.268137334911,0.496470281697552,0.402173913043478,0.760869565217391,92
"UMass-gbqr_3src_ar6p","19",0.543187309832938,0.53410028705142,41.0102080613123,0.364229633670423,0.61144677590562,0.578048048287701,59.4499066356062,0.551667231955163,0.434782608695652,0.826086956521739,92
"UMass-gbqr_3src_ar6p","20",0.713686565018204,0.639212037301111,52.851532414086,0.376277657196004,0.747745223132044,0.690937681843185,71.3121368234843,0.542175273386979,0.391304347826087,0.782608695652174,92
"UMass-gbqr_3src_ar6p","21",0.779646396020459,0.671831747420606,125.317856216417,0.412819627064976,0.762321241438587,0.734463501966575,161.827541796691,0.595564460580895,0.358695652173913,0.793478260869565,92
"UMass-gbqr_3src_ar6p","22",0.816697851467492,0.701059550906105,71.7974712729317,0.263212878832747,0.879841924474142,0.805127251609546,103.515315114219,0.393191212541135,0.358695652173913,0.815217391304348,92
"UMass-gbqr_3src_ar6p","23",0.619477117570351,0.594021616337677,22.4995289411656,0.363663953104522,0.685419320591351,0.563116464139901,33.3247893587512,0.536351241341358,0.478260869565217,0.869565217391304,92
"UMass-gbqr_3src_ar6p","24",0.594828222354768,0.560895534990242,90.0823742634705,0.343004773853219,0.66734671901616,0.611378999675407,124.075713356211,0.492487243916941,0.369565217391304,0.75,92
"UMass-gbqr_3src_ar6p","25",0.597366331903948,0.500340738303181,133.374870198271,0.277334766724013,0.693601602448,0.618435096711796,192.481983827173,0.420703853299439,0.304347826086957,0.815217391304348,92
"UMass-gbqr_3src_ar6p","26",0.697854937927282,0.610411101972182,166.354980008252,0.313493204982191,0.754717586971983,0.698840924850301,240.467789422932,0.470946047052971,0.347826086956522,0.728260869565217,92
"UMass-gbqr_3src_ar6p","27",0.607368622861719,0.586127859968049,103.274196472693,0.342807967177184,0.672867192987071,0.625446922138712,137.257593595526,0.47926041203421,0.445652173913043,0.826086956521739,92
"UMass-gbqr_3src_ar6p","28",0.739684471435293,0.627329498646489,47.0398843935969,0.310692137923419,0.815629478181373,0.728598220260539,67.8568263695677,0.453345180219106,0.402173913043478,0.847826086956522,92
"UMass-gbqr_3src_ar6p","29",0.894362120645115,0.803322802097337,169.517844373468,0.441766627028854,0.951886063919692,0.969753542861767,225.793582314342,0.640204023621222,0.228260869565217,0.717391304347826,92
"UMass-gbqr_3src_ar6p","30",0.762273679878931,0.772237804861949,21.5360326703792,0.454677683770818,0.784023683675392,0.727934503995434,30.1252578455708,0.670510252353557,0.41304347826087,0.75,92
"UMass-gbqr_3src_ar6p","31",0.660416157316462,0.647008725932537,31.3312536002196,0.405749672053424,0.736090887859488,0.699383581540776,43.9094216584008,0.593960542523096,0.358695652173913,0.826086956521739,92
"UMass-gbqr_3src_ar6p","32",0.795687187078871,0.690205011153409,32.9320261419896,0.250520186139656,0.826897855393284,0.780856310879732,46.5759205070434,0.361813064339786,0.467391304347826,0.847826086956522,92
"UMass-gbqr_3src_ar6p","33",0.857722783141979,0.758936881625376,38.6086440201894,0.475694762948938,0.977430876361102,0.834369592124415,54.1199226541679,0.691160831006489,0.369565217391304,0.728260869565217,92
"UMass-gbqr_3src_ar6p","34",0.582894906531568,0.65695531675619,163.451406390741,0.423676248646409,0.635235156253362,0.652974610270077,227.835374466219,0.580223175013388,0.369565217391304,0.771739130434783,92
"UMass-gbqr_3src_ar6p","35",0.896469468047318,0.885952952428075,35.9995151078051,0.340528412167598,0.94002762575642,0.986424449795044,54.0515884809942,0.536537980199241,0.282608695652174,0.793478260869565,92
"UMass-gbqr_3src_ar6p","36",0.608689188495926,0.489618425451796,255.551600011845,0.244152862171794,0.632394386405771,0.505011922099881,345.266713421472,0.340570652089927,0.467391304347826,0.815217391304348,92
"UMass-gbqr_3src_ar6p","37",0.604891280938876,0.563369574753905,187.203328743564,0.362243761229324,0.673034595875093,0.612831348641167,260.493650977395,0.507911322382665,0.402173913043478,0.75,92
"UMass-gbqr_3src_ar6p","38",0.665643216170882,0.703612542580354,9.78375988819331,0.347521810160878,0.722971531640582,0.665059603274252,14.7344741502836,0.517590355328111,0.5,0.923913043478261,92
"UMass-gbqr_3src_ar6p","39",0.565227598379607,0.516783507198988,300.189158693851,0.382574010637323,0.670930286637986,0.556420167916399,428.695282279646,0.512346643368857,0.434782608695652,0.782608695652174,92
"UMass-gbqr_3src_ar6p","40",0.705707226489667,0.592263469751931,84.035356392565,0.379897334233309,0.759284798374456,0.729268947342082,118.093545434131,0.579413208160022,0.391304347826087,0.826086956521739,92
"UMass-gbqr_3src_ar6p","41",0.870001074665559,0.80361043203674,85.4740737762355,0.393568524860802,0.893997701400749,0.892467868775795,114.577466274089,0.54742290459919,0.423913043478261,0.793478260869565,92
"UMass-gbqr_3src_ar6p","42",0.579137629898896,0.613278329738042,403.187623318329,0.35209968244332,0.653039975519236,0.694356800382507,539.460707603113,0.482207661099129,0.347826086956522,0.717391304347826,92
"UMass-gbqr_3src_ar6p","44",0.702856030906,0.740147716441931,18.557973475956,0.398521555448141,0.81125321797673,0.830834193575796,26.8859898001201,0.610118714781372,0.391304347826087,0.815217391304348,92
"UMass-gbqr_3src_ar6p","45",0.601920045903791,0.559286672790555,106.596987860141,0.372358639677088,0.679535620691359,0.626539835868437,148.803528417914,0.536071599406497,0.347826086956522,0.739130434782609,92
"UMass-gbqr_3src_ar6p","46",0.618712932774232,0.668292972070728,15.10211602291,0.418856471871924,0.75050755852411,0.754598897973104,23.5757265666813,0.69132350208492,0.326086956521739,0.902173913043478,92
"UMass-gbqr_3src_ar6p","47",0.79239294334608,0.662204956778689,121.873389998902,0.330113087420676,0.818989795912831,0.734655512410989,166.067985247325,0.470283278133298,0.402173913043478,0.793478260869565,92
"UMass-gbqr_3src_ar6p","48",0.640606901025373,0.503828553471726,380.932189048593,0.24643696029351,0.719077923514324,0.63671587605568,529.413305123035,0.353300503864261,0.369565217391304,0.739130434782609,92
"UMass-gbqr_3src_ar6p","49",0.736226101409188,0.709814097213536,38.596552465824,0.321238566282044,0.791967159638386,0.773866700691137,50.5481647977892,0.442574796704301,0.456521739130435,0.782608695652174,92
"UMass-gbqr_3src_ar6p","50",0.654059962751874,0.718804042572332,9.93083722329466,0.392223872383645,0.744373483579592,0.737167653671946,15.000743897354,0.620472451008576,0.347826086956522,0.847826086956522,92
"UMass-gbqr_3src_ar6p","51",0.657582280431795,0.557145663969759,104.171061660939,0.303938129103693,0.708646222523537,0.664196880187046,148.831112082606,0.457356481778969,0.369565217391304,0.793478260869565,92
"UMass-gbqr_3src_ar6p","53",0.7546739667868,0.61519408551898,80.3123643138178,0.311555577031572,0.794790967213106,0.642573414756756,113.776054763007,0.431514414600196,0.445652173913043,0.826086956521739,92
"UMass-gbqr_3src_ar6p","54",0.599777011964457,0.555788393286752,55.8027798341892,0.382630216350984,0.662623783383702,0.584122350462599,78.3120477905543,0.575858721628767,0.369565217391304,0.826086956521739,92
"UMass-gbqr_3src_ar6p","55",0.520756745867771,0.543484956200863,86.762592336927,0.357841792648144,0.618159885875408,0.608554341901347,127.031856547396,0.53790970387942,0.282608695652174,0.782608695652174,92
"UMass-gbqr_3src_ar6p","56",0.935857764308475,0.82150451465137,15.6726056469803,0.438014531251693,0.978325125094098,0.873191269048368,22.6928893146827,0.68277074207645,0.423913043478261,0.902173913043478,92
"UMass-gbqr_3src_spatial","01",0.720074749199906,0.650437845800931,78.2509381615244,0.302922153568207,0.790415864457629,0.764989713097906,111.182301108111,0.448954468422443,0.228260869565217,0.858695652173913,92
"UMass-gbqr_3src_spatial","02",0.872062573506923,0.847159642953069,8.88652368797068,0.346931900617511,0.929647827177586,0.934929716703636,13.9750320107239,0.551080802110076,0.25,0.858695652173913,92
"UMass-gbqr_3src_spatial","04",0.743114675548121,0.722488632652974,271.300758818147,0.338898252025578,0.83008103186157,0.898544128849126,360.056670189867,0.486270919816824,0.16304347826087,0.706521739130435,92
"UMass-gbqr_3src_spatial","05",0.672155322123962,0.510057394782717,47.4783455449385,0.285401333843961,0.724756148299669,0.606071418853256,68.7415451093795,0.451700843895508,0.304347826086957,0.880434782608696,92
"UMass-gbqr_3src_spatial","06",0.819865820494636,0.601033523531045,507.067419987329,0.258521739329368,0.930600771105344,0.7806972518394,736.358090588649,0.387395449884565,0.195652173913043,0.847826086956522,92
"UMass-gbqr_3src_spatial","08",0.697005478603286,0.544846947420128,69.7356287126307,0.259072992173271,0.759828108208215,0.620048688023179,99.388820154105,0.389293968916045,0.369565217391304,0.858695652173913,92
"UMass-gbqr_3src_spatial","09",0.569160669343457,0.486989283529139,41.1746294525593,0.284310123070516,0.633849727479478,0.53359459957415,62.2412873701044,0.435253408268524,0.326086956521739,0.891304347826087,92
"UMass-gbqr_3src_spatial","10",0.880803935066807,0.819495116962763,27.3510018526721,0.410554162529624,0.953481328223136,0.85415530945745,37.1650439457409,0.608675779332244,0.33695652173913,0.75,92
"UMass-gbqr_3src_spatial","11",0.692603244559879,0.704756221328346,25.4132365363297,0.489345341589404,0.755910093545436,0.788749947922954,34.443207740679,0.71469120499566,0.239130434782609,0.75,92
"UMass-gbqr_3src_spatial","12",0.675961386370907,0.590119171609325,315.29924971016,0.214405208201946,0.807438553482733,0.754553343164347,463.855895963798,0.325807479724811,0.16304347826087,0.858695652173913,92
"UMass-gbqr_3src_spatial","13",0.70960008130839,0.574090839251176,134.441381378286,0.30479515920467,0.819643271262675,0.688722165631561,197.507300876329,0.451583734975379,0.217391304347826,0.815217391304348,92
"UMass-gbqr_3src_spatial","15",0.90153971007719,0.887200535593861,13.4850188062195,0.273578565501078,0.959582238593594,0.931691688622405,19.0769121129096,0.40432202678063,0.358695652173913,0.847826086956522,92
"UMass-gbqr_3src_spatial","16",0.76579658021438,0.775500983038451,31.9658728893404,0.374315134024431,0.83870111913723,0.926500476976001,47.0401932037838,0.577716077100348,0.239130434782609,0.793478260869565,92
"UMass-gbqr_3src_spatial","17",0.675801956693204,0.590063317816988,216.050672621129,0.3185375535567,0.746890874641297,0.7012662262911,297.562948132907,0.46074369078581,0.326086956521739,0.793478260869565,92
"UMass-gbqr_3src_spatial","18",0.624165120582056,0.495004371065292,159.971558827652,0.320599646919705,0.682603968892894,0.552244934290583,218.670697513167,0.450073311420245,0.358695652173913,0.782608695652174,92
"UMass-gbqr_3src_spatial","19",0.530220273249626,0.481198745780879,40.0312071557428,0.32815343325506,0.609908929772366,0.517376952284261,59.300384530585,0.493765028684951,0.315217391304348,0.847826086956522,92
"UMass-gbqr_3src_spatial","20",0.669670415500258,0.618853997396724,49.5919489120039,0.364293722111382,0.716534718023264,0.67256101856599,68.3356045210447,0.527755199481507,0.293478260869565,0.804347826086957,92
"UMass-gbqr_3src_spatial","21",0.727194183047732,0.629706786553572,116.886856064168,0.386935154201016,0.726663818423784,0.672439327970306,154.258091019745,0.545270070689286,0.282608695652174,0.760869565217391,92
"UMass-gbqr_3src_spatial","22",0.76669442128332,0.635924636151267,67.4015740194431,0.238757968543047,0.845992792603345,0.742895914369375,99.53289116455,0.362799973269823,0.206521739130435,0.858695652173913,92
"UMass-gbqr_3src_spatial","23",0.56153057015953,0.486792212515926,20.3948991113764,0.298017404544088,0.616075044801291,0.469147849695284,29.9533008195236,0.446849004745455,0.402173913043478,0.869565217391304,92
"UMass-gbqr_3src_spatial","24",0.576384449555063,0.509911438186556,87.2892000633691,0.31182643938036,0.658089758836519,0.561912374944071,122.354623096725,0.45264014139503,0.293478260869565,0.771739130434783,92
"UMass-gbqr_3src_spatial","25",0.578850414288245,0.445789382195951,129.240793708347,0.247097397542794,0.682678451140097,0.55316494872926,189.450690609324,0.376302423128871,0.25,0.847826086956522,92
"UMass-gbqr_3src_spatial","26",0.648422562735059,0.511929644217884,154.571267749531,0.262915376821851,0.730686967609053,0.608719569686043,232.81116392961,0.410213633623182,0.326086956521739,0.815217391304348,92
"UMass-gbqr_3src_spatial","27",0.608261007932361,0.614825273579293,103.425933568825,0.359592192420888,0.708001692244362,0.678646540519747,144.424649547282,0.520025615479728,0.326086956521739,0.83695652173913,92
"UMass-gbqr_3src_spatial","28",0.684637393922066,0.532567163848051,43.5391915138301,0.263760003444386,0.777025152117336,0.648302673348419,64.6451142859358,0.403384038161073,0.304347826086957,0.83695652173913,92
"UMass-gbqr_3src_spatial","29",0.808021170355596,0.699983286597086,153.15273740351,0.384937729502041,0.869520765266121,0.843147559554065,206.255996308724,0.5566223130673,0.206521739130435,0.739130434782609,92
"UMass-gbqr_3src_spatial","30",0.712668611926355,0.65637557736406,20.1345722864751,0.386460395127865,0.736010033653821,0.630845690307264,28.280385532242,0.581080441554026,0.304347826086957,0.782608695652174,92
"UMass-gbqr_3src_spatial","31",0.657033208802126,0.587069657668728,31.1707608311605,0.368160909620312,0.728325812859712,0.616758305776727,43.4462180540663,0.523789959578015,0.282608695652174,0.771739130434783,92
"UMass-gbqr_3src_spatial","32",0.692863192785577,0.57742605976891,28.6763305331134,0.209585386425198,0.76300678994748,0.687916744989833,42.9771867989983,0.318749124579667,0.315217391304348,0.880434782608696,92
"UMass-gbqr_3src_spatial","33",0.704772385117161,0.634141253020807,31.7238933919564,0.397473993338986,0.815291385237968,0.701709907155158,45.142329526111,0.58127046710797,0.304347826086957,0.695652173913043,92
"UMass-gbqr_3src_spatial","34",0.605799607527548,0.568216964355928,169.87418612136,0.366448106492627,0.685016005446312,0.597047317636566,245.689925344695,0.530527044733075,0.206521739130435,0.771739130434783,92
"UMass-gbqr_3src_spatial","35",0.750039075603156,0.737771783923822,30.1193113608581,0.283572906928183,0.793919386609397,0.806823504127807,45.6503647300403,0.438849070876084,0.217391304347826,0.804347826086957,92
"UMass-gbqr_3src_spatial","36",0.637486941048671,0.51066790908263,267.642026260066,0.254649386421192,0.718032339732922,0.551329564180208,392.02224339614,0.371806408863694,0.271739130434783,0.804347826086957,92
"UMass-gbqr_3src_spatial","37",0.626643956415748,0.525878072390647,193.935403393455,0.338136916559664,0.713100221884874,0.599427465519905,276.00079022692,0.496802256215801,0.293478260869565,0.771739130434783,92
"UMass-gbqr_3src_spatial","38",0.646772346921004,0.577014847368207,9.50639199930478,0.284993845493028,0.755313847482175,0.580496284563554,15.3936246090117,0.451777971049005,0.369565217391304,0.902173913043478,92
"UMass-gbqr_3src_spatial","39",0.606864102621219,0.491331969206445,322.302068988879,0.363732277433662,0.695436133940818,0.545260606709887,444.353453234533,0.502071020637502,0.293478260869565,0.75,92
"UMass-gbqr_3src_spatial","40",0.682209601585217,0.535236564636969,81.2372678806385,0.34331839540086,0.756370508828477,0.67135885851524,117.640278378551,0.533402925569102,0.293478260869565,0.847826086956522,92
"UMass-gbqr_3src_spatial","41",0.775658484795841,0.657940567077918,76.2052973096486,0.32222665125768,0.817573742845576,0.75372021313419,104.782739151002,0.462317717830011,0.315217391304348,0.793478260869565,92
"UMass-gbqr_3src_spatial","42",0.613023640699579,0.581801824868619,426.778596263485,0.334028169344718,0.705172723779318,0.685323773125167,582.526324288091,0.475934524659755,0.25,0.728260869565217,92
"UMass-gbqr_3src_spatial","44",0.7145890419862,0.696371231793336,18.8677679414581,0.37495075685394,0.805824092479058,0.752353157474581,26.7060614996592,0.552486579210853,0.33695652173913,0.75,92
"UMass-gbqr_3src_spatial","45",0.602854954376933,0.529450972657665,106.762555409918,0.352494800154745,0.701756892238902,0.605092204897847,153.669503815706,0.517720865455243,0.206521739130435,0.771739130434783,92
"UMass-gbqr_3src_spatial","46",0.591248167086305,0.584198569997651,14.4317306858825,0.366149820704598,0.697829574814892,0.636004947707184,21.9209507740765,0.582674012608933,0.271739130434783,0.869565217391304,92
"UMass-gbqr_3src_spatial","47",0.741182861855243,0.592990678018018,113.997062621409,0.295609360105756,0.815800205362632,0.696053763767487,165.421226424347,0.445572707550132,0.25,0.815217391304348,92
"UMass-gbqr_3src_spatial","48",0.589200060214874,0.46182365292476,350.363488694801,0.225891161654477,0.700715639573855,0.621185865669645,515.894273161907,0.344683221492738,0.206521739130435,0.826086956521739,92
"UMass-gbqr_3src_spatial","49",0.699333423996295,0.670804841973553,36.6624589086329,0.303584257535267,0.756621561909138,0.75767235604385,48.292193603592,0.433313241989993,0.282608695652174,0.815217391304348,92
"UMass-gbqr_3src_spatial","50",0.624272766385383,0.609148031052534,9.47856707177927,0.3323887811472,0.682504742191514,0.603296953722677,13.7539542611203,0.507793766720128,0.326086956521739,0.826086956521739,92
"UMass-gbqr_3src_spatial","51",0.634803922501879,0.515771889949998,100.562622384118,0.281367608891931,0.691450312982192,0.616361375218367,145.219597254803,0.424417636522071,0.239130434782609,0.793478260869565,92
"UMass-gbqr_3src_spatial","53",0.711025043049323,0.546506945318339,75.6672481187594,0.2767700319433,0.766067305542623,0.600210014365264,109.664200152134,0.403065652948069,0.347826086956522,0.847826086956522,92
"UMass-gbqr_3src_spatial","54",0.58315513604439,0.520664122057282,54.2562936169854,0.358449057366672,0.637596782256349,0.536536526940399,75.3542371029704,0.528946098820473,0.326086956521739,0.782608695652174,92
"UMass-gbqr_3src_spatial","55",0.535047808700787,0.505448534547429,89.1436074048667,0.332797821963967,0.654369502684794,0.576991510240498,134.472932801725,0.510010875026704,0.315217391304348,0.858695652173913,92
"UMass-gbqr_3src_spatial","56",0.860712837300143,0.754415322290885,14.4141699612509,0.402243527416975,0.869214287012267,0.762839518699042,20.1619922661324,0.596483866398505,0.293478260869565,0.826086956521739,92
"UMass-gbqr_3src_spatial_wisar","01",0.692761602801642,0.611880250245567,75.2828027947698,0.284965095937804,0.757973676550005,0.729133511873348,106.618884219931,0.427911307338315,0.271739130434783,0.880434782608696,92
"UMass-gbqr_3src_spatial_wisar","02",0.793472470657853,0.797377968322118,8.08567196949848,0.326545128018861,0.871734933002704,0.899572697731067,13.1044501341602,0.530240118551185,0.402173913043478,0.989130434782609,92
"UMass-gbqr_3src_spatial_wisar","04",0.648933935314487,0.5780391784061,236.916689801352,0.271141244734603,0.729414005426582,0.741385581483806,316.391253266882,0.401220415416675,0.293478260869565,0.847826086956522,92
"UMass-gbqr_3src_spatial_wisar","05",0.633722116561048,0.444144278146008,44.7635786539324,0.248519815022059,0.670370517488268,0.519175248801242,63.5831862565503,0.386937728323998,0.478260869565217,0.91304347826087,92
"UMass-gbqr_3src_spatial_wisar","06",0.744028613624725,0.559378714041366,460.163919603119,0.240604812271057,0.814493918866806,0.71641522395289,644.486019692901,0.355497598247564,0.260869565217391,0.815217391304348,92
"UMass-gbqr_3src_spatial_wisar","08",0.661336457914811,0.494640539672351,66.1669313929782,0.235200004826867,0.694461401252121,0.537705916368813,90.8385706811742,0.337595537795943,0.467391304347826,0.858695652173913,92
"UMass-gbqr_3src_spatial_wisar","09",0.513927566884243,0.449463230435168,37.1789167307074,0.262401967933753,0.568343864307361,0.48741718627832,55.8088964147032,0.397586466852561,0.5,0.891304347826087,92
"UMass-gbqr_3src_spatial_wisar","10",0.905475170098848,0.844744996565997,28.1171008313488,0.423203955017589,1.01725430411304,0.906749285380963,39.650803636406,0.646154536332256,0.326086956521739,0.782608695652174,92
"UMass-gbqr_3src_spatial_wisar","11",0.644582979220486,0.659882390465364,23.6512604393468,0.458187333433502,0.751976070168013,0.785597428440749,34.2639531102643,0.71183468759944,0.326086956521739,0.847826086956522,92
"UMass-gbqr_3src_spatial_wisar","12",0.614447092348105,0.518795636777425,286.606174716676,0.188491565549685,0.709051204298128,0.65358426006691,407.33450271266,0.282210187641864,0.33695652173913,0.826086956521739,92
"UMass-gbqr_3src_spatial_wisar","13",0.662842929195883,0.519944276472379,125.582735100047,0.276047774480545,0.744391534494486,0.610643373504246,179.374086176177,0.400388762124627,0.347826086956522,0.815217391304348,92
"UMass-gbqr_3src_spatial_wisar","15",0.829209452321388,0.82246906002323,12.4031198336138,0.253617864939139,0.953230042965691,0.900452640741165,18.9506277020027,0.390765358509052,0.445652173913043,0.934782608695652,92
"UMass-gbqr_3src_spatial_wisar","16",0.713650897559096,0.641009038574648,29.7892083461009,0.309399200559162,0.784991552893507,0.769104705826118,44.0277870970706,0.479572503815118,0.347826086956522,0.869565217391304,92
"UMass-gbqr_3src_spatial_wisar","17",0.666937926235085,0.550684739772399,213.216884225515,0.297279570668912,0.71580959419855,0.632940608487691,285.180098436516,0.415852612131616,0.41304347826087,0.782608695652174,92
"UMass-gbqr_3src_spatial_wisar","18",0.631904715521028,0.463310401281262,161.955192687114,0.300072402886736,0.672714160585081,0.516814441416472,215.502518921343,0.42119786456153,0.445652173913043,0.782608695652174,92
"UMass-gbqr_3src_spatial_wisar","19",0.523945639719031,0.449769635835584,39.5574773355869,0.306720355086989,0.59911262577711,0.496167754237669,58.2506786693071,0.473523770863891,0.402173913043478,0.847826086956522,92
"UMass-gbqr_3src_spatial_wisar","20",0.668951383500796,0.583980614437242,49.5387015273829,0.34376520563679,0.709980113090433,0.639854428441502,67.7104946984289,0.502090505098368,0.391304347826087,0.804347826086957,92
"UMass-gbqr_3src_spatial_wisar","21",0.73893818659805,0.598459134012647,118.774549454192,0.367734447598318,0.729693136555794,0.649922624675932,154.901162575377,0.527011643666476,0.380434782608696,0.782608695652174,92
"UMass-gbqr_3src_spatial_wisar","22",0.709634003804573,0.591997324711577,62.3852835058945,0.222265455049037,0.788145005732264,0.703195298203643,92.726973283109,0.343411816456564,0.33695652173913,0.902173913043478,92
"UMass-gbqr_3src_spatial_wisar","23",0.563014576319032,0.489657135549641,20.4487985026333,0.29977132932919,0.628494679524793,0.472182630997196,30.5571380599391,0.449739541290086,0.510869565217391,0.934782608695652,92
"UMass-gbqr_3src_spatial_wisar","24",0.572002452491057,0.492027516091304,86.6255787274842,0.30088987406433,0.651130621995778,0.558906151336716,121.060753143889,0.450218522759502,0.358695652173913,0.815217391304348,92
"UMass-gbqr_3src_spatial_wisar","25",0.623047692391344,0.449014156378102,139.10878578505,0.248884863417705,0.706817852937549,0.540755261169759,196.149636992919,0.367860464704643,0.33695652173913,0.804347826086957,92
"UMass-gbqr_3src_spatial_wisar","26",0.727363499136709,0.531396243731237,173.389244356436,0.272912977867815,0.791827267464668,0.623323720611641,252.291659686868,0.420055311327517,0.282608695652174,0.782608695652174,92
"UMass-gbqr_3src_spatial_wisar","27",0.541546430369687,0.53557863745326,92.0820904207589,0.313243298107151,0.604970655028871,0.578084934720795,123.4074378579,0.442968402590704,0.456521739130435,0.858695652173913,92
"UMass-gbqr_3src_spatial_wisar","28",0.611500292203621,0.465202448286601,38.8880720938933,0.230396854503442,0.709664117096798,0.574629239073885,59.0409690462923,0.357543277904198,0.380434782608696,0.880434782608696,92
"UMass-gbqr_3src_spatial_wisar","29",0.824361685131298,0.672021684887953,156.249926759799,0.369560968826111,0.869088317158312,0.812890847402569,206.153416797238,0.536647682395909,0.25,0.75,92
"UMass-gbqr_3src_spatial_wisar","30",0.683783245352482,0.630063152922302,19.3184924261163,0.370968182594043,0.738126973047394,0.613430323601894,28.3617266274189,0.565038913284169,0.456521739130435,0.847826086956522,92
"UMass-gbqr_3src_spatial_wisar","31",0.64468386678821,0.552086590375862,30.5848872692444,0.346222460396085,0.730416214610816,0.593680900154697,43.5709150628713,0.504191174697922,0.402173913043478,0.815217391304348,92
"UMass-gbqr_3src_spatial_wisar","32",0.634916222288683,0.545990045489779,26.2780122263193,0.198175216951731,0.692796367670888,0.634629728752013,39.0225084485928,0.294058360906632,0.510869565217391,0.923913043478261,92
"UMass-gbqr_3src_spatial_wisar","33",0.609176562417517,0.571544394842034,27.4208421486309,0.358238849635167,0.74272758014714,0.658247481893147,41.1245031877123,0.545267805643325,0.369565217391304,0.815217391304348,92
"UMass-gbqr_3src_spatial_wisar","34",0.537148123096392,0.396927691605933,150.623405997282,0.255982151409989,0.593643266855164,0.417993869036094,212.917900830651,0.371422909886099,0.369565217391304,0.815217391304348,92
"UMass-gbqr_3src_spatial_wisar","35",0.664208546601874,0.61020419132196,26.6726157001315,0.234540517980552,0.738954454973333,0.68257407259515,42.4898811609667,0.37126706898097,0.402173913043478,0.978260869565217,92
"UMass-gbqr_3src_spatial_wisar","36",0.605959105423278,0.441226525622596,254.405404037666,0.220021783284541,0.63464375057625,0.455354420068955,346.494792909723,0.307082555853488,0.423913043478261,0.847826086956522,92
"UMass-gbqr_3src_spatial_wisar","37",0.613387045906381,0.496416446160237,189.832620208422,0.319193241260376,0.670779081595874,0.548417914531697,259.620668885499,0.454525814982804,0.423913043478261,0.760869565217391,92
"UMass-gbqr_3src_spatial_wisar","38",0.575657881635614,0.579547399376891,8.46113706989692,0.286244700196608,0.650152528741075,0.566142495212364,13.2503912107556,0.440606967887769,0.565217391304348,0.945652173913043,92
"UMass-gbqr_3src_spatial_wisar","39",0.606394539827089,0.453296111376296,322.05268686294,0.335574392215959,0.673469341609767,0.494469914151711,430.317628012919,0.455303411648766,0.402173913043478,0.739130434782609,92
"UMass-gbqr_3src_spatial_wisar","40",0.648905966995079,0.457796259251955,77.2714833500319,0.293645627991615,0.711112467875999,0.563225555207905,110.601177204757,0.447489677231031,0.380434782608696,0.869565217391304,92
"UMass-gbqr_3src_spatial_wisar","41",0.768130200889284,0.663413009127757,75.4656739772466,0.324906781901931,0.803372445585996,0.756938174819422,102.962657672875,0.464291554641677,0.380434782608696,0.793478260869565,92
"UMass-gbqr_3src_spatial_wisar","42",0.6264182867641,0.574175007072915,436.103763949251,0.329649406891025,0.688043767576788,0.652999281021604,568.376503174655,0.453486241983054,0.315217391304348,0.66304347826087,92
"UMass-gbqr_3src_spatial_wisar","44",0.667728958211934,0.647817894043501,17.6304901014388,0.348807932587345,0.802798965357626,0.73580103726874,26.605804841037,0.540331616903114,0.391304347826087,0.902173913043478,92
"UMass-gbqr_3src_spatial_wisar","45",0.5556309726006,0.460562379565309,98.3994277048745,0.306630551888018,0.637417168988985,0.532175624923532,139.58050311361,0.455332960628883,0.304347826086957,0.782608695652174,92
"UMass-gbqr_3src_spatial_wisar","46",0.539743446693831,0.549697362787904,13.1745559576818,0.344525990242308,0.650463174975925,0.61448903861748,20.4330279965263,0.562962277457465,0.369565217391304,0.967391304347826,92
"UMass-gbqr_3src_spatial_wisar","47",0.705391680732666,0.554126301553927,108.492227410417,0.276235238583545,0.736677676675514,0.63308116426041,149.377413678062,0.405261350691769,0.434782608695652,0.815217391304348,92
"UMass-gbqr_3src_spatial_wisar","48",0.541623244019335,0.399645030136698,322.072284350421,0.195477818286897,0.632290134271761,0.53169450021549,465.516738638733,0.29502630905274,0.347826086956522,0.858695652173913,92
"UMass-gbqr_3src_spatial_wisar","49",0.687658644046763,0.666433359549656,36.0504101698194,0.301605868050059,0.756499747199566,0.751706846922478,48.2844186473463,0.429901564004274,0.434782608695652,0.815217391304348,92
"UMass-gbqr_3src_spatial_wisar","50",0.622874381240201,0.626719459204768,9.45733486671683,0.341976837397575,0.715650508043895,0.641853882414908,14.4219134990585,0.540247051844434,0.467391304347826,0.91304347826087,92
"UMass-gbqr_3src_spatial_wisar","51",0.591190441874189,0.43662244649403,93.6535819265007,0.238189432484349,0.621211848268553,0.517203827789672,130.467992741793,0.35613916610672,0.380434782608696,0.815217391304348,92
"UMass-gbqr_3src_spatial_wisar","53",0.686633101390545,0.515565947734317,73.0714589554444,0.261100439885875,0.740680110280233,0.566573608791323,106.029967960768,0.380477426409023,0.347826086956522,0.858695652173913,92
"UMass-gbqr_3src_spatial_wisar","54",0.597903764552522,0.483974962312857,55.6284943733963,0.333190557368629,0.632009189900962,0.490519514977748,74.6938687151431,0.483580093460463,0.434782608695652,0.826086956521739,92
"UMass-gbqr_3src_spatial_wisar","55",0.532971688915719,0.470970581304146,88.797707834705,0.310096820851333,0.646029937097804,0.538611647415589,132.759152073599,0.47608637687494,0.347826086956522,0.83695652173913,92
"UMass-gbqr_3src_spatial_wisar","56",0.74419892641355,0.654815018762978,12.4629369348708,0.349138061184916,0.792196080874687,0.70046017040959,18.3755047455063,0.547707847407555,0.41304347826087,0.934782608695652,92
"UMass-gbqr_3src_wisar","01",0.697169322281873,0.618428548772394,75.7617922119992,0.288014771944143,0.770362954970012,0.73818241030807,108.361597828988,0.433221892980203,0.293478260869565,0.891304347826087,92
"UMass-gbqr_3src_wisar","02",0.784470467413306,0.814988061222943,7.99393942930913,0.33375687736381,0.856874211581664,0.936172748448506,12.8810547241026,0.551813489197429,0.391304347826087,0.989130434782609,92
"UMass-gbqr_3src_wisar","04",0.671156361455455,0.605166361068663,245.02978630342,0.283865811421504,0.753699881504782,0.782227968440156,326.925515992716,0.423323353308237,0.282608695652174,0.83695652173913,92
"UMass-gbqr_3src_wisar","05",0.641339093719298,0.460198688294726,45.3016112508991,0.25750301988761,0.685365629620034,0.536456199064296,65.0054400441784,0.399817101239993,0.467391304347826,0.891304347826087,92
"UMass-gbqr_3src_wisar","06",0.752972048230968,0.595892880382631,465.695220211403,0.256310601421133,0.827882799581069,0.779651268907989,655.080262620685,0.386876415102092,0.217391304347826,0.826086956521739,92
"UMass-gbqr_3src_wisar","08",0.685215383403778,0.518609566352744,68.5560257876048,0.246597200848564,0.709087279945316,0.562377776002199,92.751699205021,0.353085621627652,0.467391304347826,0.869565217391304,92
"UMass-gbqr_3src_wisar","09",0.541375209118189,0.487402813093906,39.1645537558955,0.28455154653799,0.599402500100676,0.530437903015189,58.8587194120598,0.432678489149677,0.467391304347826,0.880434782608696,92
"UMass-gbqr_3src_wisar","10",0.931585604440944,0.872329801246523,28.927890281342,0.437023508239736,1.03850707453618,0.932461427707035,40.4791996661603,0.664477150610172,0.347826086956522,0.793478260869565,92
"UMass-gbqr_3src_wisar","11",0.638892686223951,0.672873987115903,23.442470250999,0.467208009105959,0.745476317562561,0.798492455606246,33.9677904698071,0.723518951449637,0.33695652173913,0.847826086956522,92
"UMass-gbqr_3src_wisar","12",0.6320094854855,0.541753966682421,294.798076637383,0.196832906994033,0.736408362754256,0.688925953842538,423.050595524869,0.297470325685855,0.304347826086957,0.826086956521739,92
"UMass-gbqr_3src_wisar","13",0.674029564678524,0.535724195587241,127.70216372876,0.284425617549988,0.752702049194293,0.625923309993602,181.376649223786,0.41040756380458,0.33695652173913,0.83695652173913,92
"UMass-gbqr_3src_wisar","15",0.83322595550369,0.845850167118443,12.4631977429318,0.260827700238273,0.98111460396824,0.956827311592887,19.5049848984556,0.415230019357923,0.391304347826087,0.934782608695652,92
"UMass-gbqr_3src_wisar","16",0.725887049581087,0.655801277114731,30.2999696765839,0.316539048054853,0.791358755054641,0.783955278782576,44.3849040878472,0.488832525762544,0.304347826086957,0.858695652173913,92
"UMass-gbqr_3src_wisar","17",0.68637935020521,0.558340733176453,219.432215039309,0.301412553241013,0.736559360973654,0.640740232644723,293.446850627906,0.42097709622357,0.434782608695652,0.771739130434783,92
"UMass-gbqr_3src_wisar","18",0.646192792634335,0.473044877583299,165.617181947799,0.306377134416005,0.690602103932676,0.529993177532118,221.232882685911,0.43193838391373,0.445652173913043,0.782608695652174,92
"UMass-gbqr_3src_wisar","19",0.540759935269852,0.472859182079167,40.826943220487,0.322466268680004,0.610501601160647,0.516888489535263,59.3580089389346,0.493298858280171,0.402173913043478,0.847826086956522,92
"UMass-gbqr_3src_wisar","20",0.68725276016388,0.592509574434217,50.8939964836593,0.348785851210879,0.724665190224145,0.641394812993374,69.1110041198549,0.503299236996308,0.391304347826087,0.804347826086957,92
"UMass-gbqr_3src_wisar","21",0.757502647039483,0.610432413470692,121.758541166601,0.375091653892293,0.748641425855456,0.661776923316367,158.923554858229,0.536624100863399,0.41304347826087,0.782608695652174,92
"UMass-gbqr_3src_wisar","22",0.735054673401826,0.616118224575211,64.6200632250623,0.231321649326595,0.815608067091404,0.732887863933208,95.9580621543191,0.357912450858549,0.380434782608696,0.880434782608696,92
"UMass-gbqr_3src_wisar","23",0.598637488333372,0.534104376337664,21.7426295693542,0.32698222341957,0.66685944074075,0.514840444314311,32.422416069928,0.490369806222029,0.554347826086957,0.923913043478261,92
"UMass-gbqr_3src_wisar","24",0.572209586968123,0.494296196385312,86.6569477257674,0.302277241448535,0.649726707247483,0.558910375712559,120.799731820306,0.450221925642522,0.380434782608696,0.804347826086957,92
"UMass-gbqr_3src_wisar","25",0.6436962087336,0.469089405573449,143.719010767362,0.260012409360494,0.725839591493027,0.565224868031899,201.428376200092,0.384506444129744,0.33695652173913,0.804347826086957,92
"UMass-gbqr_3src_wisar","26",0.761268556410634,0.562366557505797,181.471547451883,0.288818623903941,0.829704201847619,0.657396230405348,264.359992051731,0.443016636616182,0.293478260869565,0.771739130434783,92
"UMass-gbqr_3src_wisar","27",0.53461390028983,0.527303987511797,90.9033145561995,0.308403712550357,0.574457693447144,0.55909607048528,117.183125357854,0.428417829911483,0.489130434782609,0.858695652173913,92
"UMass-gbqr_3src_wisar","28",0.621802746161413,0.478526046513546,39.5432517845045,0.236995519522215,0.723288073569982,0.588895588320101,60.1744229902679,0.366420022988453,0.358695652173913,0.880434782608696,92
"UMass-gbqr_3src_wisar","29",0.849144864601992,0.693556536106112,160.947343011688,0.381403504057747,0.896655675629573,0.83427103299133,212.692574013741,0.550762279801041,0.239130434782609,0.75,92
"UMass-gbqr_3src_wisar","30",0.707566121196627,0.681504909286459,19.9904148664352,0.401256027200329,0.76217912496883,0.65144316801609,29.2859044213567,0.600053055024864,0.543478260869565,0.826086956521739,92
"UMass-gbqr_3src_wisar","31",0.66605537410421,0.574125947772056,31.5987875321596,0.360043699086313,0.75065168376044,0.616773791803977,44.7780047877967,0.523803111286733,0.402173913043478,0.83695652173913,92
"UMass-gbqr_3src_wisar","32",0.670637236408659,0.581526762553723,27.7564391633372,0.211073797561533,0.735012128818035,0.689075505562219,41.4003570819028,0.319286041177112,0.510869565217391,0.91304347826087,92
"UMass-gbqr_3src_wisar","33",0.617756856721515,0.599661238265651,27.8070666198499,0.37586223241059,0.747595900132005,0.689220205336494,41.3940599486134,0.570924461249784,0.369565217391304,0.804347826086957,92
"UMass-gbqr_3src_wisar","34",0.54898622674219,0.412575005851533,153.942966124199,0.266073241674242,0.608151316655747,0.434533958721975,218.121402127062,0.386120178664403,0.402173913043478,0.826086956521739,92
"UMass-gbqr_3src_wisar","35",0.704057550848096,0.640883828041694,28.2728317493379,0.246332665576446,0.777947853346904,0.71704286055667,44.732001567447,0.390015401787028,0.402173913043478,0.989130434782609,92
"UMass-gbqr_3src_wisar","36",0.636426985493182,0.458091190644793,267.197015336156,0.228431508124733,0.673209255126893,0.47902089757215,367.550300823573,0.323042788321705,0.423913043478261,0.858695652173913,92
"UMass-gbqr_3src_wisar","37",0.622785568231988,0.514368082182199,192.741299371219,0.330736051600561,0.682432967816453,0.567122991306513,264.131229543568,0.470028481909083,0.456521739130435,0.75,92
"UMass-gbqr_3src_wisar","38",0.598414545979311,0.646314105860262,8.79561916839363,0.319221495366417,0.658950297214436,0.626324722025306,13.4296935573594,0.487444484415896,0.565217391304348,0.934782608695652,92
"UMass-gbqr_3src_wisar","39",0.624753940449733,0.469818725328465,331.803259982219,0.347806057115938,0.691890871621288,0.511814887334118,442.088184754193,0.471274505620084,0.434782608695652,0.717391304347826,92
"UMass-gbqr_3src_wisar","40",0.651385191199441,0.46302911774838,77.5667084543956,0.297002156115905,0.719909570468052,0.570158444224131,111.969413519863,0.452997943394494,0.369565217391304,0.880434782608696,92
"UMass-gbqr_3src_wisar","41",0.791589817852373,0.701140435210507,77.7704861084685,0.343383803650578,0.824507847109986,0.801960616441618,105.671435057325,0.49190746847707,0.369565217391304,0.804347826086957,92
"UMass-gbqr_3src_wisar","42",0.649603643855834,0.600953140334474,452.245089497783,0.345023457726716,0.714688928324739,0.676668731257973,590.38743330165,0.469923886478929,0.315217391304348,0.652173913043478,92
"UMass-gbqr_3src_wisar","44",0.689356799441242,0.666205828609164,18.2015443233942,0.358708643110123,0.828548359653234,0.759159877793064,27.4591733541599,0.557485058431737,0.369565217391304,0.847826086956522,92
"UMass-gbqr_3src_wisar","45",0.555433647760511,0.475022728417374,98.3644824763069,0.316257879142117,0.636805570931623,0.54645394321788,139.446576434657,0.467549583558017,0.304347826086957,0.771739130434783,92
"UMass-gbqr_3src_wisar","46",0.542299615373698,0.567014861649738,13.2369492808736,0.355379832461296,0.65393191269699,0.633494118976066,20.5419916053728,0.58037372444764,0.380434782608696,0.967391304347826,92
"UMass-gbqr_3src_wisar","47",0.716316311580695,0.56980377154274,110.172481894151,0.284050550093939,0.731990568200527,0.641532725423009,148.427000541096,0.410671543389905,0.423913043478261,0.826086956521739,92
"UMass-gbqr_3src_wisar","48",0.55962284681447,0.417417171561067,332.775615962648,0.204170681127537,0.651837720360117,0.552531696305859,479.908436422523,0.306588439281768,0.347826086956522,0.847826086956522,92
"UMass-gbqr_3src_wisar","49",0.717006267618945,0.703998029534334,37.5889553134687,0.31860640491754,0.791040588248488,0.799522929785282,50.4890253716861,0.457247608398356,0.423913043478261,0.815217391304348,92
"UMass-gbqr_3src_wisar","50",0.644909519073524,0.665221938837002,9.79190261199649,0.362986167845529,0.742649486391862,0.68459403948645,14.9660016062012,0.576221351425507,0.456521739130435,0.91304347826087,92
"UMass-gbqr_3src_wisar","51",0.608122620252768,0.448463616540515,96.3358972053898,0.244649113144312,0.64353569049149,0.532572660001381,135.156484909528,0.366721924380772,0.391304347826087,0.83695652173913,92
"UMass-gbqr_3src_wisar","53",0.70213975501576,0.53733063606515,74.7216762281284,0.272122831341581,0.743148513787499,0.584886320939042,106.383325288928,0.392775164038203,0.369565217391304,0.858695652173913,92
"UMass-gbqr_3src_wisar","54",0.620106778607329,0.515291357981882,57.6942452778829,0.354750200201958,0.653663723607797,0.52498506732755,77.253105073778,0.517558058694404,0.434782608695652,0.815217391304348,92
"UMass-gbqr_3src_wisar","55",0.554999968870339,0.491326026595979,92.4678104089915,0.323499269162504,0.668506543790389,0.560551895845225,137.378094748925,0.495479669672677,0.315217391304348,0.804347826086957,92
"UMass-gbqr_3src_wisar","56",0.770259844695937,0.678765659783109,12.8993734432967,0.361908202568816,0.811870546373877,0.722057552667097,18.8318668039332,0.564595396829502,0.41304347826087,0.923913043478261,92
"UMass-trends_ensemble","01",1.01972718140976,0.93126374194336,110.81434073724,0.433708493548833,1.05988718027973,0.930183586219892,149.086956521739,0.545902866844415,0.33695652173913,0.641304347826087,92
"UMass-trends_ensemble","02",1.08571276853284,1.12624039273502,11.0636696597353,0.461222065113667,1.02675343456255,1.08276728391666,15.4347826086957,0.638221518322414,0.282608695652174,0.608695652173913,92
"UMass-trends_ensemble","04",0.834487125776982,0.733047268509664,304.659560491493,0.343850998787098,0.87940409963414,0.801521919843441,381.451086956522,0.433764785392149,0.41304347826087,0.66304347826087,92
"UMass-trends_ensemble","05",0.863833693772726,0.926255848658197,61.0177339319471,0.518284133103167,0.87330964932386,0.872186142063442,82.8315217391304,0.650034309734398,0.445652173913043,0.641304347826087,92
"UMass-trends_ensemble","06",0.754691958734111,0.648783950772031,466.758943761815,0.279060566234624,0.792498317238348,0.695146548150244,627.08152173913,0.34494371425271,0.510869565217391,0.728260869565217,92
"UMass-trends_ensemble","08",1.00859834251664,0.81384812929673,100.910597826087,0.386982199367892,1.01516536479973,0.80885509835459,132.788043478261,0.50783497747626,0.391304347826087,0.673913043478261,92
"UMass-trends_ensemble","09",0.932513655365636,0.944815838500111,67.4605718336484,0.551594699120041,0.911556342705335,0.867879458770571,89.5108695652174,0.707929751720886,0.369565217391304,0.66304347826087,92
"UMass-trends_ensemble","10",0.914091409247459,0.952425611729306,28.3846550094518,0.477150249344387,0.978806469604016,0.879666747021477,38.1521739130435,0.626855370290981,0.445652173913043,0.695652173913043,92
"UMass-trends_ensemble","11",0.873128050900941,0.931043615349155,32.0371148393195,0.646467306282069,1.00656011450382,0.971800310138099,45.8641304347826,0.880554270078503,0.326086956521739,0.684782608695652,92
"UMass-trends_ensemble","12",0.699378494811039,0.689473103878583,326.222058128544,0.25050300261147,0.756735790509347,0.776171349960165,434.728260869565,0.335141887125728,0.434782608695652,0.739130434782609,92
"UMass-trends_ensemble","13",0.906770184011434,0.895631668895111,171.797381852552,0.475506972843706,0.892620325680004,0.819337834857579,215.092391304348,0.537226269365579,0.456521739130435,0.717391304347826,92
"UMass-trends_ensemble","15",0.825303793321018,0.804336206513345,12.344699905482,0.248026389446673,0.860306178239475,0.814745787438075,17.1032608695652,0.353571543151814,0.380434782608696,0.717391304347826,92
"UMass-trends_ensemble","16",1.06472597834954,0.944102210864716,44.4437807183365,0.455694774503034,1.07558139534884,1.00003056927119,60.3260869565217,0.623565504623853,0.347826086956522,0.695652173913043,92
"UMass-trends_ensemble","17",0.758387543997552,0.762304439874143,242.452892249527,0.411519550548019,0.810206531525387,0.736354521704294,322.788043478261,0.483797290297598,0.521739130434783,0.75,92
"UMass-trends_ensemble","18",0.857342661211011,0.791855803069965,219.734229678639,0.512861513382605,0.9367026330076,0.749992519651542,300.070652173913,0.611235333998317,0.434782608695652,0.630434782608696,92
"UMass-trends_ensemble","19",0.784896383748473,0.848632071914484,59.259050094518,0.578724550740836,0.866852990497485,0.79166606888587,84.2826086956522,0.755536205249368,0.380434782608696,0.652173913043478,92
"UMass-trends_ensemble","20",0.864588833534292,0.831062117921367,64.026488657845,0.489211855327583,0.939822201960337,0.82835589417682,89.6304347826087,0.650006643419635,0.369565217391304,0.652173913043478,92
"UMass-trends_ensemble","21",0.930888917597792,0.881178098987948,149.628093100189,0.541456422085825,0.969278033794163,0.867708979776281,205.760869565217,0.703611042751554,0.33695652173913,0.695652173913043,92
"UMass-trends_ensemble","22",0.966153609787594,0.857976721545382,84.9364130434783,0.32212744631688,1.00374168514412,0.894949336215137,118.092391304348,0.437056644109177,0.347826086956522,0.66304347826087,92
"UMass-trends_ensemble","23",0.924459748303038,0.947530560595897,33.5765571833648,0.580084461367087,0.915269394142634,0.804010783202366,44.5,0.765795726255467,0.423913043478261,0.597826086956522,92
"UMass-trends_ensemble","24",0.793175039348243,0.785704225633817,120.12054584121,0.480482163641639,0.84457760888629,0.713637710556908,157.027173913043,0.574860224858824,0.423913043478261,0.58695652173913,92
"UMass-trends_ensemble","25",0.760521582659578,0.754912272333007,169.802785916824,0.418441679673315,0.828620108887235,0.713166304699425,229.951086956522,0.485146806876957,0.380434782608696,0.673913043478261,92
"UMass-trends_ensemble","26",0.855442132197016,0.813367748991143,203.920687618147,0.417727104956888,0.877289939617235,0.759828858049689,279.521739130435,0.512045566323876,0.380434782608696,0.630434782608696,92
"UMass-trends_ensemble","27",0.832325467771218,0.793445449992457,141.524834593573,0.464061581704591,0.877417807854212,0.756000898047226,178.983695652174,0.579299839956668,0.467391304347826,0.619565217391304,92
"UMass-trends_ensemble","28",0.8910470117196,0.836660203022029,56.665713610586,0.414365573041287,0.931800365821792,0.820972855759146,77.5217391304348,0.510822119653319,0.402173913043478,0.695652173913043,92
"UMass-trends_ensemble","29",0.912520828777785,1.03543398823002,172.959655009452,0.569410178943214,0.963272693946753,0.952546021397712,228.494565217391,0.628844101753521,0.380434782608696,0.695652173913043,92
"UMass-trends_ensemble","30",0.885708490850088,0.921793319763935,25.0233577504726,0.54273288474993,0.877086280056577,0.837526301337588,33.7010869565217,0.771456729390218,0.423913043478261,0.684782608695652,92
"UMass-trends_ensemble","31",0.856431685105383,0.87257860320925,40.6305600189036,0.547208202768357,0.913265306122449,0.834251834096891,54.4782608695652,0.70849914847792,0.434782608695652,0.695652173913043,92
"UMass-trends_ensemble","32",1.03241392122666,0.853274682996723,42.7297093572779,0.309708751687233,0.978290235430336,0.867981825135302,55.1032608695652,0.402183038758605,0.434782608695652,0.652173913043478,92
"UMass-trends_ensemble","33",0.833134132857968,0.816166968963396,37.5018360113422,0.511566063302009,0.933843737730664,0.815333663379492,51.7065217391304,0.675392173502058,0.33695652173913,0.673913043478261,92
"UMass-trends_ensemble","34",0.841021559363204,0.769998668593762,235.833518431002,0.496578898216917,0.863790647634633,0.714126402520952,309.809782608696,0.63456171513348,0.41304347826087,0.652173913043478,92
"UMass-trends_ensemble","35",0.904260558660428,0.881228593305642,36.312381852552,0.338712538642867,0.905103969754253,0.881005308034613,52.0434782608696,0.479198187571198,0.33695652173913,0.717391304347826,92
"UMass-trends_ensemble","36",0.752507094910228,0.663283563466306,315.93199905482,0.330752627012296,0.749865615481097,0.637473435748458,409.402173913043,0.429900234434305,0.576086956521739,0.717391304347826,92
"UMass-trends_ensemble","37",0.804006867428699,0.770133326949847,248.826138941399,0.495191798606145,0.874929791058189,0.736740473020573,338.635869565217,0.610606537564407,0.423913043478261,0.673913043478261,92
"UMass-trends_ensemble","38",0.957946426848952,0.998169090009966,14.0800921550095,0.49300646025264,0.946933333333333,0.867854116256151,19.2989130434783,0.675417538810803,0.467391304347826,0.739130434782609,92
"UMass-trends_ensemble","39",0.756266471245593,0.757258928406321,401.648816162571,0.560597583505651,0.876309880239521,0.70470790294025,559.923913043478,0.64888864467111,0.423913043478261,0.652173913043478,92
"UMass-trends_ensemble","40",0.832169026381847,0.899804803124182,99.0943809073724,0.577164494343001,0.865469285065343,0.836854559214092,134.608695652174,0.664891308871446,0.456521739130435,0.66304347826087,92
"UMass-trends_ensemble","41",1.01914245724425,0.861172801157575,100.126609168242,0.421759717756298,0.992112628275803,0.767002298231997,127.152173913043,0.47046469752279,0.445652173913043,0.630434782608696,92
"UMass-trends_ensemble","42",0.782991309544923,0.806319762954167,545.107741020794,0.462929992333503,0.865886393242016,0.801399633920487,715.288043478261,0.556545342201031,0.402173913043478,0.58695652173913,92
"UMass-trends_ensemble","44",0.761284872154452,0.793263275695858,20.1007088846881,0.427120840188396,0.860282059691702,0.772605302436137,28.5108695652174,0.567358635213183,0.445652173913043,0.717391304347826,92
"UMass-trends_ensemble","45",0.833202368930166,0.816150159691138,147.555914461248,0.543371723339163,0.915119626724908,0.822357567210343,200.391304347826,0.703614536699712,0.369565217391304,0.641304347826087,92
"UMass-trends_ensemble","46",0.911778925088597,0.911848178905233,22.2555411153119,0.571506101456748,0.961072664359861,0.858300583610893,30.1902173913043,0.786329488284731,0.434782608695652,0.58695652173913,92
"UMass-trends_ensemble","47",0.957361606289093,0.854614558252037,147.246268903592,0.426030411719679,0.974778879656928,0.85632345506783,197.657608695652,0.54816794373475,0.391304347826087,0.717391304347826,92
"UMass-trends_ensemble","48",0.799962426004988,0.694446143908065,475.691781663516,0.339673477441879,0.867739982874184,0.74562940363424,638.864130434782,0.413734373378415,0.489130434782609,0.66304347826087,92
"UMass-trends_ensemble","49",0.972118661860196,0.811017203027163,50.9631876181474,0.367039770769927,1.05798705722071,0.83714859645385,67.5271739130435,0.478765748101012,0.423913043478261,0.652173913043478,92
"UMass-trends_ensemble","50",0.880435208892424,0.885233995738919,13.36797731569,0.483038332021382,0.944714131607335,0.880421172160497,19.0380434782609,0.741048633766249,0.423913043478261,0.739130434782609,92
"UMass-trends_ensemble","51",0.814454154507128,0.767892753149461,129.021958884688,0.418906404263427,0.860728703032812,0.759343451114262,180.771739130435,0.522873051083465,0.380434782608696,0.706521739130435,92
"UMass-trends_ensemble","53",1.02113179493039,0.853517917016795,108.668792533081,0.432251013789614,0.983978739559605,0.790056330869702,140.858695652174,0.5305552444081,0.402173913043478,0.630434782608696,92
"UMass-trends_ensemble","54",0.909882269590077,0.853017903568081,84.6547282608696,0.587256641081241,0.988641589257795,0.819143034458959,116.842391304348,0.807554547914612,0.358695652173913,0.576086956521739,92
"UMass-trends_ensemble","55",0.805217326656227,0.8371137805866,134.156193289225,0.551173114320507,0.88836877181847,0.766594050165809,182.559782608696,0.677603214911025,0.358695652173913,0.532608695652174,92
"UMass-trends_ensemble","56",0.993974803724666,0.930378932202021,16.6458790170132,0.496064823268636,1.00210871602624,0.940485970514435,23.2445652173913,0.735390202309802,0.532608695652174,0.782608695652174,92
