"model_id","target_end_date","wis_scaled_relative_skill","wis_scaled_relative_skill__log","wis","wis__log","ae_median_scaled_relative_skill","ae_median_scaled_relative_skill__log","ae_median","ae_median__log","interval_coverage_50","interval_coverage_95","n"
"FluSight-baseline",2023-10-21,1,1,7.10584474639887,0.359558756117209,1,1,9.80392156862745,0.498128844797444,0.764705882352941,1,51
"FluSight-baseline",2023-10-28,1,1,8.06875502638914,0.40122989688674,1,1,10.8529363234809,0.475587163617668,0.813725490196078,1,102
"FluSight-baseline",2023-11-04,1,1,10.6423638001802,0.422674512391682,1,1,15.5620891829833,0.55398505153177,0.699346405228758,1,153
"FluSight-baseline",2023-11-11,1,1,15.8564756810572,0.485156814233622,1,1,25.3578418382223,0.686928990029424,0.573529411764706,0.985294117647059,204
"FluSight-baseline",2023-11-18,1,1,21.2573949626192,0.504152525448804,1,1,33.2794114583303,0.756362524584311,0.42156862745098,0.950980392156863,204
"FluSight-baseline",2023-11-25,1,1,24.4934590498225,0.507105890681612,1,1,39.0098039215686,0.767397044748838,0.279411764705882,0.965686274509804,204
"FluSight-baseline",2023-12-02,1,1,36.6386755225766,0.550696415524864,1,1,56.9019607843137,0.848181544446821,0.156862745098039,0.96078431372549,204
"FluSight-baseline",2023-12-09,1,1,45.3808069081453,0.528292702824701,1,1,68.2549019607843,0.802532927005273,0.142156862745098,0.946078431372549,204
"FluSight-baseline",2023-12-16,1,1,72.2766677051993,0.590118859369843,1,1,100.867647058824,0.870138167285585,0.0392156862745098,0.823529411764706,204
"FluSight-baseline",2023-12-23,1,1,140.247158950957,0.729801051513782,1,1,176.078431372549,1.00051734207536,0.0392156862745098,0.504901960784314,204
"FluSight-baseline",2023-12-30,1,1,199.90063566505,0.775567605373266,1,1,238.985294117647,1.01047868263202,0.0196078431372549,0.308823529411765,204
"FluSight-baseline",2024-01-06,1,1,111.723243520754,0.461338040259091,1,1,144.504901960784,0.623905556054699,0.0588235294117647,0.61764705882353,204
"FluSight-baseline",2024-01-13,1,1,66.3319854493589,0.253256072093289,1,1,92.7254901960784,0.354340741414325,0.117647058823529,0.823529411764706,204
"FluSight-baseline",2024-01-20,1,1,74.1695558637886,0.291130140150474,1,1,101.691176470588,0.396327118127526,0.122549019607843,0.754901960784314,204
"FluSight-baseline",2024-01-27,1,1,75.7824572165421,0.267385284187035,1,1,104.377450980392,0.368067594635226,0.137254901960784,0.818627450980392,204
"FluSight-baseline",2024-02-03,1,1,65.8883702914514,0.279945344874852,1,1,92.7107843137255,0.38392691500447,0.161764705882353,0.838235294117647,204
"FluSight-baseline",2024-02-10,1,1,48.3669652973405,0.236925828533372,1,1,71.6666666666667,0.34307748618415,0.161764705882353,0.955882352941177,204
"FluSight-baseline",2024-02-17,1,1,37.8692902308203,0.21148982968227,1,1,57.4166666666667,0.311312459491704,0.191176470588235,0.946078431372549,204
"FluSight-baseline",2024-02-24,1,1,39.1227308667073,0.221547716325627,1,1,57.4607843137255,0.317002781994584,0.259803921568627,0.936274509803922,204
"FluSight-baseline",2024-03-02,1,1,33.6045984960617,0.194903296423181,1,1,49.014705882353,0.269693522643201,0.308823529411765,0.955882352941177,204
"FluSight-baseline",2024-03-09,1,1,27.0361638599938,0.183980770910307,1,1,40.3627450980393,0.257358638244212,0.367647058823529,0.980392156862745,204
"FluSight-baseline",2024-03-16,1,1,38.2782339547531,0.233071056717637,1,1,57.0980392156863,0.334420863366332,0.264705882352941,0.946078431372549,204
"FluSight-baseline",2024-03-23,1,1,42.754739959668,0.290339190696391,1,1,63.5637254901961,0.411646073068426,0.220588235294118,0.926470588235294,204
"FluSight-baseline",2024-03-30,1,1,34.695045647441,0.264491865477517,1,1,52.5882352941177,0.382166597986747,0.279411764705882,0.955882352941177,204
"FluSight-baseline",2024-04-06,1,1,25.7199960455568,0.259611981415721,1,1,39.7745098039215,0.379803526068683,0.323529411764706,0.985294117647059,204
"FluSight-baseline",2024-04-13,1,1,23.8903640830323,0.332780145560089,1,1,36.6617647058823,0.49606424840887,0.284313725490196,0.985294117647059,204
"FluSight-baseline",2024-04-20,1,1,26.7071786423028,0.372640971989237,1,1,42.0833333333333,0.576522048375357,0.294117647058824,1,204
"FluSight-baseline",2024-04-27,1,1,25.2055461082962,0.424402780001746,1,1,39.7156862745098,0.646025253105931,0.333333333333333,1,204
"FluSight-baseline",2024-05-04,1,1,25.1102729849233,0.571879203933847,1,1,40.9607843137255,0.910528997508868,0.230392156862745,1,204
"FluSight-baseline",2024-05-11,1,1,26.6370269712508,0.928097526779362,1,1,44.5555555555556,1.56324418845322,0.300653594771242,1,153
"FluSight-baseline",2024-05-18,1,1,22.1285293267154,0.921495388530951,1,1,37.3571428571429,1.64218758232038,0.428571428571429,1,98
"FluSight-baseline",2024-05-25,1,1,20.0556118963248,0.850097859702868,1,1,33.6530612244898,1.59243602322305,0.571428571428571,1,49
"FluSight-baseline",2024-11-30,1,1,27.483589087809,0.399071808797165,1,1,37.4509803921569,0.584459644070603,0.333333333333333,0.96078431372549,51
"FluSight-baseline",2024-12-07,1,1,40.1954390451833,0.485647221268509,1,1,59.4509803921568,0.719107596407894,0.235294117647059,0.950980392156863,102
"FluSight-baseline",2024-12-14,1,1,69.2436061381074,0.685639203033312,1,1,102.411764705882,1.03972522953728,0.130718954248366,0.843137254901961,153
"FluSight-baseline",2024-12-21,1,1,156.92581202046,0.917364773010518,1,1,205.382352941176,1.35485905736028,0.0490196078431373,0.563725490196078,204
"FluSight-baseline",2024-12-28,1,1,344.945179028133,1.21851551928626,1,1,400.259803921569,1.62217901289404,0,0.17156862745098,204
"FluSight-baseline",2025-01-04,1,1,447.171327791986,1.19722715410676,1,1,503.308823529411,1.50979986133638,0.00490196078431373,0.053921568627451,204
"FluSight-baseline",2025-01-11,1,1,225.32746803069,0.630796555445103,1,1,274.308823529411,0.834625786125599,0.0392156862745098,0.382352941176471,204
"FluSight-baseline",2025-01-18,1,1,195.474403239557,0.425022741491116,1,1,244.25,0.562299868701684,0.0686274509803922,0.53921568627451,204
"FluSight-baseline",2025-01-25,1,1,260.688323387326,0.406150669872391,1,1,321.542483660131,0.522783955581528,0.0915032679738562,0.418300653594771,153
"FluSight-baseline",2025-02-01,1,1,370.012361466326,0.462629250356375,1,1,434.503267973856,0.571895948888208,0.0392156862745098,0.313725490196078,153
"FluSight-baseline",2025-02-08,1,1,330.402855924979,0.448133601962379,1,1,386.248366013072,0.545171182305202,0.0588235294117647,0.34640522875817,153
"FluSight-baseline",2025-02-15,1,1,212.404083546462,0.287091196497695,1,1,262.320261437909,0.361183791745801,0.0849673202614379,0.529411764705882,153
"FluSight-baseline",2025-02-22,1,1,200.928945012788,0.271337412276022,1,1,257.759803921569,0.352289120190264,0.112745098039216,0.568627450980392,204
"FluSight-baseline",2025-03-01,1,1,205.225238704177,0.274230630372493,1,1,266.289215686275,0.361059148291617,0.0637254901960784,0.607843137254902,204
"FluSight-baseline",2025-03-08,1,1,219.412431798806,0.33089565143232,1,1,281.779411764706,0.428171835361381,0.0833333333333333,0.627450980392157,204
"FluSight-baseline",2025-03-15,1,1,200.382144075021,0.375984034231055,1,1,261.436274509804,0.489804699216328,0.142156862745098,0.647058823529412,204
"FluSight-baseline",2025-03-22,1,1,170.841110400682,0.421137789033385,1,1,232.191176470589,0.571386399927059,0.0686274509803922,0.725490196078431,204
"FluSight-baseline",2025-03-29,1,1,139.617504262575,0.472324859025248,1,1,198.31862745098,0.661503365258939,0.102941176470588,0.794117647058823,204
"FluSight-baseline",2025-04-05,1,1,107.223898124467,0.529839658453988,1,1,160.96568627451,0.770844626336296,0.0980392156862745,0.872549019607843,204
"FluSight-baseline",2025-04-12,1,1,77.74265771526,0.551313201863728,1,1,123.289215686275,0.834210123188522,0.161764705882353,0.946078431372549,204
"FluSight-baseline",2025-04-19,1,1,50.6207289002557,0.492111305169647,1,1,82.2598039215685,0.730855020434782,0.357843137254902,0.980392156862745,204
"FluSight-baseline",2025-04-26,1,1,40.5714776925263,0.524811859412427,1,1,65.59477124183,0.764916294902323,0.522875816993464,0.993464052287582,153
"FluSight-baseline",2025-05-03,1,1,26.0281216254618,0.484183825593487,1,1,38.6601307189543,0.661596667477336,0.725490196078431,1,153
"FluSight-baseline",2025-05-10,1,1,17.7048508098892,0.467363849854644,1,1,21.4313725490196,0.58179784645206,0.849673202614379,1,153
"FluSight-baseline",2025-05-17,1,1,13.7177038931515,0.452080795775987,1,1,13.7581699346405,0.518542601315284,0.843137254901961,1,153
"FluSight-baseline",2025-05-24,1,1,17.3880789997158,0.551801841834039,1,1,14.8104575163399,0.561100449695248,0.967320261437909,1,153
"FluSight-baseline",2025-05-31,1,1,18.1735294117647,0.604567169587513,1,1,11.9901960784314,0.522968535525203,0.980392156862745,1,102
"FluSight-baseline",2025-06-07,1,1,19.313137254902,0.662480756678517,1,1,10.9607843137255,0.527440451848936,0.980392156862745,1,51
"FluSight-baseline",2025-11-22,1,1,18.3335294117647,0.421042338426348,1,1,27.7647058823529,0.620646814517091,0.274509803921569,0.980392156862745,51
"FluSight-baseline",2025-11-29,1,1,31.200694799659,0.526987623370037,1,1,49.0294117647059,0.821825817082342,0.245098039215686,0.980392156862745,102
"FluSight-baseline",2025-12-06,1,1,51.0960414890594,0.621298796575123,1,1,79.0457516339869,0.974708352929582,0.163398692810458,0.980392156862745,153
"FluSight-baseline",2025-12-13,1,1,91.5514855072464,0.784903462572712,1,1,136.078431372549,1.21819483350029,0.112745098039216,0.892156862745098,204
"FluSight-baseline",2025-12-20,1,1,225.40041773231,1.05493302872684,1,1,294.245098039216,1.5158773924295,0.00490196078431373,0.5,204
"FluSight-baseline",2025-12-27,1,1,461.743520886615,1.31167842445915,1,1,541.093137254902,1.70707320209418,0,0.142156862745098,204
"FluSight-baseline",2026-01-03,1,1,421.797427536232,1.02151074262374,1,1,498.700980392157,1.30477452879518,0.0245098039215686,0.230392156862745,204
"FluSight-baseline",2026-01-10,1,1,177.178199062234,0.464738359869291,1,1,237.897058823529,0.634394177518382,0.0784313725490196,0.622549019607843,204
"FluSight-baseline",2026-01-17,1,1,188.930409207161,0.384448800714579,1,1,246.362745098039,0.501564414889641,0.0980392156862745,0.666666666666667,204
"FluSight-baseline",2026-01-24,1,1,211.643987638534,0.44837577609084,1,1,274.088235294118,0.577581961878063,0.0882352941176471,0.647058823529412,204
"FluSight-baseline",2026-01-31,1,1,175.58816283035,0.479732581177247,1,1,231.892156862745,0.623430005882321,0.132352941176471,0.740196078431373,204
"FluSight-baseline",2026-02-07,1,1,108.073855498721,0.373600689793569,1,1,157.009803921569,0.518757551503628,0.147058823529412,0.857843137254902,204
"FluSight-baseline",2026-02-14,1,1,82.9385038363171,0.318730655676058,1,1,123.299019607843,0.456917863936891,0.240196078431373,0.931372549019608,204
"FluSight-baseline",2026-02-21,1,1,42.4195076726343,0.229177511885896,1,1,61.7450980392157,0.302932060664449,0.46078431372549,0.980392156862745,204
"FluSight-baseline",2026-02-28,1,1,42.8310848252344,0.236881025814659,1,1,63.2941176470588,0.320465352664493,0.411764705882353,0.995098039215686,204
"FluSight-baseline",2026-03-07,1,1,49.4213810741688,0.281522267428235,1,1,73.5735294117646,0.380310954981247,0.348039215686274,0.990196078431373,204
"FluSight-baseline",2026-03-14,1,1,54.5960038363171,0.308391867362092,1,1,82.5392156862745,0.418388506561675,0.382352941176471,0.990196078431373,204
"FluSight-baseline",2026-03-21,1,1,49.3294096334186,0.347843480608851,1,1,77.3676470588236,0.49170299422579,0.343137254901961,0.995098039215686,204
"FluSight-baseline",2026-03-28,1,1,54.3711508951407,0.597596460052409,1,1,89.1617647058823,0.926476642778757,0.235294117647059,1,204
"FluSight-baseline",2026-04-04,1,1,39.926905370844,0.524641764551896,1,1,65.4460784313727,0.797327897215185,0.382352941176471,1,204
"FluSight-baseline",2026-04-11,1,1,28.9602664109122,0.502250676778049,1,1,45.7352941176472,0.731055161581413,0.607843137254902,1,204
"FluSight-baseline",2026-04-18,1,1,20.4116368286445,0.488156696643787,1,1,27.75,0.652066487557487,0.769607843137255,1,204
"FluSight-baseline",2026-04-25,1,1,15.2470034100597,0.482496979401995,1,1,14.4558823529412,0.496384249452566,0.852941176470588,1,204
"FluSight-baseline",2026-05-02,1,1,14.5357544757033,0.517389773340662,1,1,12.671568627451,0.570433035962565,0.877450980392157,1,204
"FluSight-baseline",2026-05-09,1,1,13.213452685422,0.505297597291484,1,1,9.34313725490196,0.48017702193432,0.911764705882353,1,204
"FluSight-baseline",2026-05-16,1,1,12.6183930093777,0.502449814701119,1,1,8.13235294117648,0.457778234978422,0.950980392156863,1,204
"FluSight-baseline",2026-05-23,1,1,12.3192497868713,0.510042161147499,1,1,7.87745098039216,0.485397585731241,0.96078431372549,1,204
"FluSight-baseline",2026-05-30,1,1,12.0584931798806,0.533776246653793,1,1,7.84313725490196,0.56281935610198,0.955882352941177,1,204
"FluSight-baseline",2026-06-06,1,1,13.5486956521739,0.602911486940482,1,1,7.15032679738562,0.642459654610025,0.986928104575163,1,153
"FluSight-baseline",2026-06-13,1,1,14.9472122762148,0.649412047993411,1,1,6.38235294117647,0.592508615536699,0.990196078431373,1,102
"FluSight-baseline",2026-06-20,1,1,16.2488491048593,0.68924579108008,1,1,6.33333333333333,0.692085278727841,1,1,51
"UMass-AR2",2023-10-21,0.779893234511228,0.766939773760959,5.54180024320363,0.275759911070304,0.910864350097773,0.867106769668435,8.93004264801739,0.43193089349098,0.686274509803922,1,51
"UMass-AR2",2023-10-28,0.761050658836798,0.792340945168821,6.14073132882618,0.317910875729228,0.821877409439827,0.941564809452481,8.91978319035787,0.447796137089716,0.774509803921569,0.990196078431373,102
"UMass-AR2",2023-11-04,0.828746858988134,0.834495009847775,8.81982557160836,0.3527197713807,0.84156437606203,0.88530000096736,13.096499873499,0.490442966656978,0.673202614379085,0.993464052287582,153
"UMass-AR2",2023-11-11,0.785478416834258,0.763874205024686,12.4549194145278,0.370598775785017,0.741278292603259,0.717545370152781,18.7972177019409,0.492902716419339,0.627450980392157,0.965686274509804,204
"UMass-AR2",2023-11-18,0.791004976107959,0.770081012444249,16.814705194524,0.388238287223941,0.789512790949939,0.723883580853568,26.2745210216377,0.547518412719536,0.57843137254902,0.936274509803922,204
"UMass-AR2",2023-11-25,0.775025994510738,0.768070147297721,18.9830674590967,0.389492896151368,0.774027090964998,0.737556965822971,30.1946450485267,0.565999035906467,0.544117647058823,0.941176470588235,204
"UMass-AR2",2023-12-02,0.745231123035889,0.749136387047408,27.3042813062373,0.412546723086255,0.802840794501574,0.747991739886638,45.6832154047759,0.634432789170513,0.372549019607843,0.931372549019608,204
"UMass-AR2",2023-12-09,0.739633975067993,0.769066792452898,33.5651866052646,0.406292374437665,0.827362425096445,0.80335604592652,56.4715412109946,0.644719678964792,0.313725490196078,0.916666666666667,204
"UMass-AR2",2023-12-16,0.792413083726998,0.824827498847448,57.2729771377886,0.486746262796736,0.89492080966662,0.880037811514221,90.2685563750493,0.765754488453002,0.161764705882353,0.818627450980392,204
"UMass-AR2",2023-12-23,0.829791524252554,0.869174237196817,116.375903798005,0.634324272254927,0.933035997175902,0.943464882296848,164.287514796855,0.943952976377084,0.0833333333333333,0.524509803921569,204
"UMass-AR2",2023-12-30,0.81485177404422,0.89185506862116,162.889387604233,0.691693899910523,0.936759325780976,0.996405442602186,223.871702989215,1.00684645900803,0.0784313725490196,0.441176470588235,204
"UMass-AR2",2024-01-06,0.878293757275927,0.959049764674161,98.1258273268964,0.44244613894572,1.04230587529694,1.09543646192259,150.618308322934,0.683448894898405,0.254901960784314,0.745098039215686,204
"UMass-AR2",2024-01-13,0.954048922811325,0.949423193904673,63.2839592658973,0.240447188842562,1.09960599319827,1.07121060249363,101.961504741855,0.379573559098479,0.485294117647059,0.946078431372549,204
"UMass-AR2",2024-01-20,0.855868230710305,0.75183892151863,63.4793665497098,0.2188829705923,0.962452190669667,0.848119770375967,97.8728955658933,0.336132864420086,0.534313725490196,0.950980392156863,204
"UMass-AR2",2024-01-27,0.744861587930954,0.747609050384664,56.4474414196232,0.199899658397902,0.825322854743006,0.819320951126736,86.1450958139354,0.301565491715464,0.627450980392157,0.96078431372549,204
"UMass-AR2",2024-02-03,0.670646456246444,0.795599543394205,44.1878020438154,0.222724388557765,0.742521643377034,0.86971248179746,68.8397639274011,0.333906030077381,0.583333333333333,0.955882352941177,204
"UMass-AR2",2024-02-10,0.895727425568938,0.952072678448275,43.323617308369,0.225570608165345,0.962300899987453,1.00677413349491,68.9648978324342,0.345401538874658,0.598039215686274,0.965686274509804,204
"UMass-AR2",2024-02-17,1.00951425646847,1.095707567049,38.229588370355,0.231731006736768,1.0498805469005,1.13146139562302,60.2806414012038,0.352238029891318,0.558823529411765,0.970588235294118,204
"UMass-AR2",2024-02-24,0.968048790386597,1.02245636105685,37.8727122921364,0.226522871834757,1.06221246196271,1.11204429569786,61.0355611721904,0.35252113543743,0.514705882352941,0.970588235294118,204
"UMass-AR2",2024-03-02,1.09690160006931,1.14496739622778,36.8609378600167,0.22315791982186,1.17512172236201,1.24197984839032,57.5982455975379,0.334953920364253,0.553921568627451,0.975490196078431,204
"UMass-AR2",2024-03-09,1.03503014888047,1.04909044380497,27.9832447051662,0.193012468605874,1.02904923177366,1.07761841467436,41.5352518354134,0.27733440774748,0.686274509803922,0.985294117647059,204
"UMass-AR2",2024-03-16,0.70989034937126,0.839079878540447,27.1733488754545,0.195565233961928,0.701524891614501,0.868659740400486,40.0556957721849,0.290497940356304,0.642156862745098,0.985294117647059,204
"UMass-AR2",2024-03-23,0.60666020454241,0.733251116160403,25.9375992890898,0.212891535643237,0.624332438787951,0.782401652791763,39.684895753742,0.322072567933975,0.627450980392157,1,204
"UMass-AR2",2024-03-30,0.624525247601411,0.725608934621524,21.6679319735103,0.191917660725201,0.600148002871466,0.731678644170271,31.5607243862995,0.279623138262108,0.691176470588235,0.995098039215686,204
"UMass-AR2",2024-04-06,0.73021687571514,0.799877869337121,18.7811751557922,0.207657878549195,0.672897290687204,0.784697503579585,26.7641598854705,0.29803087875682,0.696078431372549,0.995098039215686,204
"UMass-AR2",2024-04-13,0.711872576762695,0.77962739689041,17.0068950395872,0.259444518619823,0.658452313525817,0.782670523956273,24.1400237885274,0.388254865218145,0.607843137254902,0.995098039215686,204
"UMass-AR2",2024-04-20,0.712258988734583,0.781302191817251,19.0224280517205,0.291145208176102,0.702269785743908,0.81652971810415,29.5538534833895,0.470747385640757,0.549019607843137,0.980392156862745,204
"UMass-AR2",2024-04-27,0.768969994465893,0.798951513272111,19.3823086514063,0.339077243319286,0.783793480564482,0.860566834463185,31.1288959781051,0.555947907048648,0.450980392156863,0.995098039215686,204
"UMass-AR2",2024-05-04,0.824434411389323,0.864586028141417,20.7017731281504,0.49443876950584,0.821740072021401,0.901989910629215,33.6591178520139,0.821287969088333,0.343137254901961,0.950980392156863,204
"UMass-AR2",2024-05-11,0.889751867499033,0.994892077193388,23.7003444922925,0.923356876255566,0.854797900552558,0.951633684548299,38.0859953468418,1.48763582690646,0.248366013071895,0.88235294117647,153
"UMass-AR2",2024-05-18,0.975188063393134,1.07062259175538,21.5794776598578,0.986573781159633,0.935672279475306,1.00804895744928,34.9540430118275,1.65540548029422,0.23469387755102,0.938775510204082,98
"UMass-AR2",2024-05-25,1.12672203929162,1.13081986885301,22.5970999350684,0.961307550221418,1.10750828573238,1.06502123000469,37.2710441463816,1.69597817215679,0.204081632653061,0.979591836734694,49
"UMass-AR2",2024-11-30,0.862970859244425,0.931157911180026,23.7175364902273,0.371598871890403,0.910304476610934,0.980719786378509,34.0917951044487,0.573191137279781,0.392156862745098,0.843137254901961,51
"UMass-AR2",2024-12-07,0.867801045364311,0.891467262845698,34.8816440222875,0.432938599052857,0.89700950176499,0.922151302526012,53.3280943010088,0.663126006683889,0.254901960784314,0.813725490196078,102
"UMass-AR2",2024-12-14,0.921418991248979,0.9053174050845,63.8023737182165,0.620721104114322,0.910104682436127,0.898869380426704,93.2054265953704,0.934577172888187,0.130718954248366,0.568627450980392,153
"UMass-AR2",2024-12-21,0.951762939126821,0.921388727178187,149.356172073456,0.845249560562268,0.941712087387488,0.893320102785002,193.411044300789,1.21032283238027,0.0392156862745098,0.333333333333333,204
"UMass-AR2",2024-12-28,0.943972155169016,0.949652804564876,325.618644062349,1.15716668029602,0.958466699336134,0.934203416664415,383.635693141634,1.51544517628692,0,0.0686274509803922,204
"UMass-AR2",2025-01-04,0.88034236595688,0.928292988566216,393.663864696476,1.11137757287839,0.92776595677425,0.9458060623757,466.952792214687,1.42797786182594,0.0441176470588235,0.137254901960784,204
"UMass-AR2",2025-01-11,0.889313700570904,0.919361934216974,200.386804434645,0.579930341311414,1.00336644219828,0.987526981373453,275.232268328302,0.824215483149059,0.166666666666667,0.544117647058823,204
"UMass-AR2",2025-01-18,0.923714548568206,0.970760563940372,180.562550145067,0.412595316217398,1.07290899612538,1.07598283023141,262.058022303624,0.605025004164387,0.240196078431373,0.700980392156863,204
"UMass-AR2",2025-01-25,0.941473780998488,1.04009427843226,245.431221481622,0.422434987915706,1.09439428944522,1.19324904599733,351.894257931679,0.62381145626037,0.30718954248366,0.712418300653595,153
"UMass-AR2",2025-02-01,1.03760335312887,1.16930293593752,383.92606695659,0.540953740692283,1.18473347441069,1.34354014814625,514.770566309466,0.768365167893506,0.104575163398693,0.457516339869281,153
"UMass-AR2",2025-02-08,1.06720895608329,1.20738751836996,352.608886958636,0.541070917571547,1.20651151261738,1.38401848873494,466.013100324421,0.754526995835888,0.169934640522876,0.503267973856209,153
"UMass-AR2",2025-02-15,0.837321876210716,0.979167382253087,177.850585749941,0.281110335342555,1.00508788878746,1.16161943078664,263.654917754802,0.419558110577117,0.34640522875817,0.777777777777778,153
"UMass-AR2",2025-02-22,0.768141447989068,0.964522729457286,154.341850765039,0.261711101492346,0.886545190411873,1.12316818340376,228.515714448174,0.395679931157006,0.436274509803922,0.852941176470588,204
"UMass-AR2",2025-03-01,0.583379019959286,0.720627971948349,119.724098626153,0.197618263011447,0.683609928768186,0.847008322055732,182.03795176703,0.305820103357354,0.519607843137255,0.931372549019608,204
"UMass-AR2",2025-03-08,0.413217455079717,0.580711483797116,90.6650466807548,0.192154904725276,0.519381225381807,0.720910789905603,146.350936169718,0.308673696045705,0.485294117647059,0.975490196078431,204
"UMass-AR2",2025-03-15,0.371100207890994,0.521183161957868,74.3618553238836,0.195956547806216,0.450016940478153,0.637861786277351,117.650752384909,0.312427700369168,0.5,0.965686274509804,204
"UMass-AR2",2025-03-22,0.375928547097388,0.498921276898004,64.2240504174328,0.210114603454538,0.436607660185597,0.593167371487337,101.376446274564,0.338927768948346,0.544117647058823,0.975490196078431,204
"UMass-AR2",2025-03-29,0.382594952804088,0.560316776811804,53.4169524539642,0.264651542617117,0.424675008643509,0.629162634290643,84.220964826914,0.416193199878439,0.490196078431373,0.96078431372549,204
"UMass-AR2",2025-04-05,0.429634899051694,0.618121275677179,46.0671286466346,0.32750516558794,0.450594324572464,0.672650990477891,72.5302246862059,0.51850940140967,0.401960784313726,0.955882352941177,204
"UMass-AR2",2025-04-12,0.490211277135639,0.690229219568585,38.1103275265164,0.380532481060259,0.499124634027901,0.731572466274465,61.5366846589987,0.610285157212152,0.377450980392157,0.92156862745098,204
"UMass-AR2",2025-04-19,0.554842170741902,0.737811634689306,28.0865151075552,0.363085446516305,0.547561908030162,0.78320361199861,45.0423351894811,0.57240829185184,0.465686274509804,0.950980392156863,204
"UMass-AR2",2025-04-26,0.570870785817169,0.719700809483185,23.1610713520962,0.377707520045499,0.544629982415534,0.76728673084784,35.7248791079889,0.586910123287846,0.555555555555556,0.986928104575163,153
"UMass-AR2",2025-05-03,0.613436609930522,0.761787785702724,15.9666026927826,0.368845324371936,0.590370722590416,0.826987724338324,22.8238093079889,0.547132322466901,0.607843137254902,0.973856209150327,153
"UMass-AR2",2025-05-10,0.648285847362543,0.797775884394695,11.4778042097164,0.372851608651898,0.743380430387375,0.916659672697394,15.9316629492824,0.533310623504794,0.640522875816993,0.986928104575163,153
"UMass-AR2",2025-05-17,0.67012762443737,0.795121164859915,9.19261232265285,0.3594590089482,0.912420373716607,1.01381531598394,12.5532345534213,0.525706431203587,0.673202614379085,1,153
"UMass-AR2",2025-05-24,0.654711137101779,0.754808319544729,11.3841689739195,0.416504620956437,0.982228483491964,1.05468267161452,14.5472532260967,0.591782921328692,0.764705882352941,1,153
"UMass-AR2",2025-05-31,0.641152872162828,0.720325765850487,11.6520105796886,0.435485309441186,1.09833942396741,1.08621812661402,13.1693050540406,0.568057902936261,0.813725490196078,1,102
"UMass-AR2",2025-06-07,0.645546435733577,0.706031311634851,12.4675269177353,0.467732157570582,1.3253236931523,1.20703338344032,14.5265871465124,0.636638233158515,0.843137254901961,1,51
"UMass-AR2",2025-11-22,0.757345012359231,0.798115476436925,13.8848070589413,0.336040406533262,0.801577182890238,0.863750775031206,22.2555547249525,0.536084167059787,0.392156862745098,0.862745098039216,51
"UMass-AR2",2025-11-29,0.785329463443163,0.801610833393565,24.5028249060701,0.422438987957749,0.798115258809402,0.827690780776375,39.131121659861,0.680217652203066,0.294117647058824,0.852941176470588,102
"UMass-AR2",2025-12-06,0.822671578490998,0.797015913136783,42.035261106446,0.495185027683106,0.823213592337029,0.802827786604588,65.0715371615949,0.782522949567459,0.215686274509804,0.836601307189543,153
"UMass-AR2",2025-12-13,0.873106744795503,0.831190512880269,79.9342194924245,0.652404311617312,0.858405827044552,0.815834124089559,116.810518425278,0.993844914959139,0.0882352941176471,0.686274509803922,204
"UMass-AR2",2025-12-20,0.946457209792267,0.920696860759282,213.331850452934,0.971273527860083,0.919621716850483,0.888216117204491,270.594182233662,1.3464267316618,0.0245098039215686,0.181372549019608,204
"UMass-AR2",2025-12-27,0.917557394271939,0.92632785930817,423.676181846673,1.21504426702996,0.925792860923806,0.91880324226419,500.940163565453,1.56846439286645,0.00490196078431373,0.0637254901960784,204
"UMass-AR2",2026-01-03,0.838453310198522,0.882428081108907,353.657449350975,0.901409764445602,0.891425098803729,0.91904443012952,444.554570719595,1.19914576326408,0.0784313725490196,0.323529411764706,204
"UMass-AR2",2026-01-10,0.961816010766612,0.891420319073133,170.41282861685,0.414277217040208,1.06955780978616,0.979375495699618,254.444657189863,0.621310112076016,0.259803921568627,0.700980392156863,204
"UMass-AR2",2026-01-17,0.910052991064622,0.805402761788642,171.93668400204,0.309636125861853,1.04120411873999,0.932065520344815,256.51390490017,0.467490897350557,0.377450980392157,0.799019607843137,204
"UMass-AR2",2026-01-24,0.785708371062039,0.773438709647522,166.290452772546,0.346791181696905,0.901337527733991,0.899896194768127,247.046012380972,0.519763809660778,0.357843137254902,0.779411764705882,204
"UMass-AR2",2026-01-31,0.630049168752626,0.837811249571695,110.629176034062,0.401925353296364,0.7138152316877,0.946880739936899,165.528153677541,0.590313865268718,0.313725490196078,0.764705882352941,204
"UMass-AR2",2026-02-07,0.83942387370973,1.03498163652661,90.7197744294821,0.386669853330018,0.858230540055166,1.14273931196667,134.750608813564,0.59280464748277,0.294117647058824,0.838235294117647,204
"UMass-AR2",2026-02-14,1.13632534665778,1.23643361152135,94.2451241230805,0.394089295700116,1.11999353668786,1.30064513490529,138.094105040734,0.594287996780833,0.323529411764706,0.838235294117647,204
"UMass-AR2",2026-02-21,1.34345717269829,1.37714365501485,56.9887918451306,0.315610356365752,1.45431718698133,1.56702933909165,89.7969572902788,0.474703426812683,0.490196078431373,0.931372549019608,204
"UMass-AR2",2026-02-28,0.859348362687602,0.937713481685686,36.806822616699,0.222126531461941,0.861328468738822,0.988093446253338,54.517025433116,0.31664971471905,0.612745098039216,0.980392156862745,204
"UMass-AR2",2026-03-07,0.742758075727317,0.848433259159174,36.708129906436,0.238852854880018,0.777528854561135,0.907073851933038,57.2055420495494,0.344970122867171,0.647058823529412,0.965686274509804,204
"UMass-AR2",2026-03-14,0.605057720046241,0.754020196664106,33.0337336048378,0.232533696477975,0.595728967575629,0.811352286100621,49.1710017452865,0.33946047127704,0.637254901960784,0.975490196078431,204
"UMass-AR2",2026-03-21,0.592220363631623,0.689921773468507,29.2138809108364,0.239984791031117,0.570939909347916,0.743497153344313,44.1722773982263,0.36557977649775,0.622549019607843,0.980392156862745,204
"UMass-AR2",2026-03-28,0.615432311213205,0.777184294101535,33.4617630587183,0.464442582963408,0.59811358717419,0.792642540053345,53.3288629270164,0.734364799432249,0.333333333333333,0.897058823529412,204
"UMass-AR2",2026-04-04,0.700689155155152,0.860023682444245,27.9763495922564,0.451204342313967,0.669538054353669,0.904893186605451,43.8186400180189,0.721496581680473,0.372549019607843,0.950980392156863,204
"UMass-AR2",2026-04-11,0.690026718313108,0.855871079402295,19.9833575929951,0.429861828864562,0.685903730573662,0.915889989925476,31.3700088541778,0.669566104575767,0.524509803921569,0.970588235294118,204
"UMass-AR2",2026-04-18,0.697261035312901,0.874499332300815,14.2322390275716,0.426892705273164,0.767814794564098,0.992671144234083,21.3068605491537,0.64728758632039,0.622549019607843,0.980392156862745,204
"UMass-AR2",2026-04-25,0.72571237122496,0.839008677195328,11.0649389987895,0.40481915243881,1.08353775458086,1.14230505665087,15.6634943051909,0.567022238191513,0.71078431372549,0.980392156862745,204
"UMass-AR2",2026-05-02,0.809777711064197,0.824096235188937,11.7707299879262,0.426378964335297,1.25707461104867,1.06601130467493,15.9291072037294,0.608088064896135,0.67156862745098,0.965686274509804,204
"UMass-AR2",2026-05-09,0.767811287772278,0.799027997980144,10.1454381223119,0.403746927547991,1.37723819609999,1.13474172931634,12.8677254988558,0.544876904247719,0.745098039215686,0.980392156862745,204
"UMass-AR2",2026-05-16,0.784556881674355,0.822542750647524,9.89984707117883,0.413286452646597,1.6509788307235,1.27668648475393,13.4263425498544,0.584439285611459,0.740196078431373,0.995098039215686,204
"UMass-AR2",2026-05-23,0.794380404418255,0.8282454225661,9.7861706278243,0.422440085286138,1.72664764219219,1.31411879378422,13.6015821617787,0.637870089866912,0.779411764705882,1,204
"UMass-AR2",2026-05-30,0.741475167457569,0.840872667096616,8.94107324983796,0.448837856156596,1.53164004053474,1.23033739083657,12.0128630630176,0.692457698098829,0.730392156862745,1,204
"UMass-AR2",2026-06-06,0.713189703982064,0.857108118850926,9.66279024151699,0.516760330405171,1.74066549436725,1.30807954744039,12.4463271296586,0.84038833425099,0.77124183006536,1,153
"UMass-AR2",2026-06-13,0.70258804526883,0.846549440853775,10.501732655364,0.549759406112527,2.07224011989548,1.49601641535245,13.2257678240388,0.886402615080655,0.813725490196078,1,102
"UMass-AR2",2026-06-20,0.751921793714314,0.874591553022945,12.2178637647191,0.602808546835256,2.56328029175459,1.50501485958425,16.2341085144457,1.04159862858491,0.843137254901961,1,51
"UMass-AR6_fourierP_thetaP",2023-10-21,1.45057293281919,1.19521382657487,10.3075460539416,0.429749596777351,1.62640833489304,1.37024237957403,15.9451797538533,0.682557253629711,0.294117647058824,0.843137254901961,51
"UMass-AR6_fourierP_thetaP",2023-10-28,2.590234910027,1.63788254474041,20.899970949809,0.657167444538787,2.95120382757236,2.05877813709271,32.0292272182559,0.979128454737987,0.127450980392157,0.656862745098039,102
"UMass-AR6_fourierP_thetaP",2023-11-04,2.88837570759242,1.73823261066112,30.7391450718014,0.734706621134511,2.91383805580106,1.90476484076125,45.3454076891469,1.05521124846502,0.163398692810458,0.640522875816993,153
"UMass-AR6_fourierP_thetaP",2023-11-11,2.48891791590754,1.38452377807457,39.4654664057356,0.671711145401355,2.29313079237577,1.39843157377141,58.148847947422,0.960623188596055,0.215686274509804,0.637254901960784,204
"UMass-AR6_fourierP_thetaP",2023-11-18,1.68775432535627,1.16051546423007,35.8772602939671,0.585076802113982,1.61596119461961,1.14885030197544,53.7782374964409,0.868947314771589,0.205882352941176,0.715686274509804,204
"UMass-AR6_fourierP_thetaP",2023-11-25,1.21723771409655,0.853146785576441,29.8143621041234,0.432635760581895,1.20323055166488,0.887391379011613,46.9377878928879,0.680981521789108,0.269607843137255,0.857843137254902,204
"UMass-AR6_fourierP_thetaP",2023-12-02,0.630074997869579,0.484122378429325,23.0851134018316,0.266604458476401,0.65085365482654,0.507218975713356,37.0348491432671,0.430213774193289,0.455882352941176,0.950980392156863,204
"UMass-AR6_fourierP_thetaP",2023-12-09,0.497939580233695,0.399772398352339,22.5968999425082,0.21119684084027,0.530624685234341,0.421541846513311,36.217735868642,0.338301211937535,0.504901960784314,0.970588235294118,204
"UMass-AR6_fourierP_thetaP",2023-12-16,0.37748067026753,0.324977240550385,27.2830449700622,0.191775198514752,0.423923649729764,0.346517560307903,42.7601810808302,0.301518154858591,0.519607843137255,0.965686274509804,204
"UMass-AR6_fourierP_thetaP",2023-12-23,0.499387155260971,0.374275234100407,70.0376297419518,0.273146459402044,0.58304100467402,0.416611240728795,102.660945528876,0.416826771252691,0.308823529411765,0.774509803921569,204
"UMass-AR6_fourierP_thetaP",2023-12-30,0.587289011335423,0.441580576272887,117.39944668505,0.34247559011931,0.688781479981481,0.509809622147038,164.608644576162,0.515151755380266,0.186274509803922,0.642156862745098,204
"UMass-AR6_fourierP_thetaP",2024-01-06,0.583272508269004,0.454931642755344,65.165096480299,0.2098772725206,0.698743087060219,0.527782865757827,100.971801291413,0.329286662336779,0.392156862745098,0.887254901960784,204
"UMass-AR6_fourierP_thetaP",2024-01-13,0.92530451656104,0.756479127538825,61.3772857287529,0.191582932461041,1.01895034502722,0.830723826537269,94.482670228112,0.294359296605761,0.431372549019608,0.901960784313726,204
"UMass-AR6_fourierP_thetaP",2024-01-20,1.00607775915929,0.957898057051343,74.6203405612801,0.278872995599224,1.1382921042317,1.0832680068371,115.754263246503,0.429328487309498,0.343137254901961,0.82843137254902,204
"UMass-AR6_fourierP_thetaP",2024-01-27,0.797542697068066,0.866961627235612,60.4397453189263,0.231812781077648,0.890349190912868,0.975823004398541,92.9323790299397,0.359168826018691,0.416666666666667,0.911764705882353,204
"UMass-AR6_fourierP_thetaP",2024-02-03,0.660171592609619,0.771928390227645,43.4976303497598,0.216097759420967,0.708391052326874,0.860800364847864,65.6754900620498,0.330484428510763,0.470588235294118,0.892156862745098,204
"UMass-AR6_fourierP_thetaP",2024-02-10,1.07916088105206,1.15237222804458,52.1957368840924,0.273026744908311,1.10978119431292,1.21123640629676,79.5343189257591,0.415547941447015,0.401960784313726,0.838235294117647,204
"UMass-AR6_fourierP_thetaP",2024-02-17,1.426090528036,1.61190380789756,54.0050361016189,0.340901261796458,1.43636823534097,1.74605062641708,82.4714761791609,0.543567314906932,0.274509803921569,0.843137254901961,204
"UMass-AR6_fourierP_thetaP",2024-02-24,1.3820131142731,1.48911927250163,54.0681271239667,0.329910974159216,1.42713198953824,1.64113158630888,82.0041234380747,0.5202432784791,0.313725490196078,0.862745098039216,204
"UMass-AR6_fourierP_thetaP",2024-03-02,1.59271509393641,1.74322673248436,53.5225512503504,0.339760636574214,1.66916671597741,1.97933600663724,81.8137156522456,0.533814100124524,0.299019607843137,0.862745098039216,204
"UMass-AR6_fourierP_thetaP",2024-03-09,1.2701712270952,1.44131454856961,34.3405574259952,0.265174161770077,1.35584457673101,1.60333948466528,54.7256090431528,0.412633266416633,0.46078431372549,0.931372549019608,204
"UMass-AR6_fourierP_thetaP",2024-03-16,0.548631144277588,0.912069684008444,21.0006312955215,0.212577045051969,0.57457994065221,0.950833130359902,32.8073879839066,0.31797843637227,0.563725490196078,0.985294117647059,204
"UMass-AR6_fourierP_thetaP",2024-03-23,0.380544292316546,0.642464124818791,16.2700722611298,0.186532514051353,0.362352136637038,0.643880997604,23.0324517439827,0.265051084187067,0.700980392156863,0.995098039215686,204
"UMass-AR6_fourierP_thetaP",2024-03-30,0.420437904416515,0.649603025968838,14.5871122856454,0.171814716158338,0.3770982061044,0.584316814505166,19.8309291916078,0.223306369145892,0.745098039215686,0.995098039215686,204
"UMass-AR6_fourierP_thetaP",2024-04-06,0.597370833944926,0.769584190929978,15.3643754867945,0.199793276673546,0.574606037339126,0.755795869610086,22.8546734655376,0.287053936266058,0.705882352941177,0.990196078431373,204
"UMass-AR6_fourierP_thetaP",2024-04-13,0.51869158398985,0.674798505669876,12.3917307883223,0.224559544940552,0.482844780025111,0.658547628963631,17.7019417147441,0.326681934603287,0.676470588235294,0.995098039215686,204
"UMass-AR6_fourierP_thetaP",2024-04-20,0.44261501236881,0.633216889132057,11.8209982050989,0.235962557046171,0.398617289254318,0.594958164697458,16.7751442561192,0.343006499809021,0.676470588235294,0.995098039215686,204
"UMass-AR6_fourierP_thetaP",2024-04-27,0.520759097930949,0.668428057707647,13.1260174542133,0.283682725922293,0.521632906481832,0.698563637969277,20.7170088642932,0.451289751029702,0.549019607843137,0.995098039215686,204
"UMass-AR6_fourierP_thetaP",2024-05-04,0.62509794740554,0.721060426255015,15.6963801016683,0.412359462554918,0.617155548480918,0.736708983626758,25.2791753093459,0.67079489231745,0.401960784313726,0.96078431372549,204
"UMass-AR6_fourierP_thetaP",2024-05-11,0.73678436598327,0.878524138245201,19.6257450286923,0.815356079921341,0.687345437158259,0.829298028958872,30.6250578111624,1.29639532426567,0.333333333333333,0.895424836601307,153
"UMass-AR6_fourierP_thetaP",2024-05-18,0.772994301900453,0.911541917719364,17.1052270789881,0.839981673631053,0.718451933461978,0.84106423765728,26.8393115143296,1.38118524701454,0.336734693877551,0.959183673469388,98
"UMass-AR6_fourierP_thetaP",2024-05-25,0.829499441037872,0.944194601956374,16.6361188576739,0.802657810266114,0.787193556031812,0.860162200916268,26.4914729366624,1.36975327455389,0.448979591836735,0.959183673469388,49
"UMass-AR6_fourierP_thetaP",2024-11-30,0.738989620982734,0.665472206958005,20.3100870832452,0.265571197334973,0.7469821739982,0.666482409551077,27.9752147516973,0.38953207186554,0.470588235294118,0.96078431372549,51
"UMass-AR6_fourierP_thetaP",2024-12-07,0.578160968729132,0.531628738846967,23.239433976856,0.258184019767512,0.590970660322844,0.544526142084462,35.1337851391934,0.391572885215621,0.519607843137255,0.872549019607843,102
"UMass-AR6_fourierP_thetaP",2024-12-14,0.5678444959125,0.452106079143252,39.3196006226573,0.309981651790295,0.592670047597955,0.458651860851339,60.6963854628259,0.476871911301359,0.320261437908497,0.797385620915033,153
"UMass-AR6_fourierP_thetaP",2024-12-21,0.684070333667342,0.469212429275747,107.348292589855,0.430438953676259,0.714517705240756,0.460575507524777,146.749327520476,0.62401489796825,0.215686274509804,0.568627450980392,204
"UMass-AR6_fourierP_thetaP",2024-12-28,0.802145527128513,0.595993013293792,276.696232461961,0.726226736084667,0.8296212298201,0.603114522398098,332.064030776964,0.978359720605808,0.0245098039215686,0.21078431372549,204
"UMass-AR6_fourierP_thetaP",2025-01-04,0.781314420959985,0.621122071393593,349.381407043703,0.743624209887448,0.832510234008436,0.649512470053921,419.009746454981,0.980633837223659,0.0441176470588235,0.220588235294118,204
"UMass-AR6_fourierP_thetaP",2025-01-11,0.736093078887434,0.568854697527018,165.861989700621,0.358831583748809,0.838153380287378,0.633083562734125,229.91286768383,0.528387866230164,0.181372549019608,0.598039215686274,204
"UMass-AR6_fourierP_thetaP",2025-01-18,0.757745521405755,0.648107584435338,148.119853604237,0.275460462317892,0.894038767727493,0.741410194554833,218.36896901744,0.416894855052272,0.269607843137255,0.705882352941177,204
"UMass-AR6_fourierP_thetaP",2025-01-25,0.704512853048198,0.678375787512536,183.658274465956,0.275522780523427,0.847007249735648,0.79678774451409,272.348814758137,0.41654784883596,0.333333333333333,0.777777777777778,153
"UMass-AR6_fourierP_thetaP",2025-02-01,0.915364485359274,0.913171913784721,338.696174830193,0.422460037920721,1.02379599082834,1.02538223384746,444.842703753446,0.586411945599303,0.163398692810458,0.450980392156863,153
"UMass-AR6_fourierP_thetaP",2025-02-08,1.15643799526086,1.19520511082291,382.090416334344,0.535611571396915,1.25542265903317,1.33327398540929,484.904950707347,0.726862554962349,0.0849673202614379,0.359477124183007,153
"UMass-AR6_fourierP_thetaP",2025-02-15,1.01320945003296,1.18790633820376,215.209824674866,0.341037451962114,1.14652573661319,1.34553326547333,300.756930973663,0.485984806743767,0.215686274509804,0.601307189542484,153
"UMass-AR6_fourierP_thetaP",2025-02-22,0.799487387605879,1.13896009497376,160.640157342679,0.309042484855832,0.891476310830161,1.29818057801985,229.786759080306,0.457334893678702,0.343137254901961,0.759803921568627,204
"UMass-AR6_fourierP_thetaP",2025-03-01,0.426943521368114,0.685850730101692,87.6195860859731,0.188081278057222,0.497663585814813,0.794636443858948,132.522445942245,0.286910757621191,0.534313725490196,0.892156862745098,204
"UMass-AR6_fourierP_thetaP",2025-03-08,0.26988636891321,0.52856443797081,59.2164245125972,0.17489967402631,0.316719418895907,0.640544573523691,89.2450115509483,0.274263145676412,0.558823529411765,0.950980392156863,204
"UMass-AR6_fourierP_thetaP",2025-03-15,0.245248923842139,0.492108206339116,49.1435051915794,0.185024828697589,0.2848176822066,0.583824011315936,74.4616737506107,0.285959744257872,0.553921568627451,0.936274509803922,204
"UMass-AR6_fourierP_thetaP",2025-03-22,0.230137201618133,0.419403694160479,39.3168950689475,0.176626744471178,0.256796011286347,0.463609130761412,59.6257679735314,0.264899952199076,0.602941176470588,0.975490196078431,204
"UMass-AR6_fourierP_thetaP",2025-03-29,0.194718943033243,0.415050232736529,27.1861728589478,0.196038542665678,0.205446421258007,0.430208051137385,40.7438522786039,0.28458407358887,0.651960784313726,0.980392156862745,204
"UMass-AR6_fourierP_thetaP",2025-04-05,0.211017252236002,0.463743049463584,22.6260923562581,0.245709458938196,0.212884183277626,0.477024503542382,34.2670486582716,0.367711775186384,0.573529411764706,0.970588235294118,204
"UMass-AR6_fourierP_thetaP",2025-04-12,0.223582940093869,0.500445102469349,17.3819319826891,0.275901991799399,0.20347849918006,0.480380545077704,25.0867045729298,0.40073831368664,0.622549019607843,0.96078431372549,204
"UMass-AR6_fourierP_thetaP",2025-04-19,0.30243013720524,0.6544424416308,15.3092339867336,0.322058524109343,0.274577211463408,0.657196892088479,22.5866675763111,0.480315647997,0.583333333333333,0.96078431372549,204
"UMass-AR6_fourierP_thetaP",2025-04-26,0.360231758171057,0.71092145990555,14.6151347407766,0.373100013269229,0.320715044614492,0.693653491020061,21.0372299853009,0.530586858297128,0.647058823529412,0.967320261437909,153
"UMass-AR6_fourierP_thetaP",2025-05-03,0.395159319409433,0.772386389345138,10.2852548270234,0.37397699682947,0.400759803623405,0.81840916369969,15.4934263949833,0.541456775336628,0.627450980392157,0.967320261437909,153
"UMass-AR6_fourierP_thetaP",2025-05-10,0.484382778959902,0.818574602766348,8.57592483636459,0.382572177742117,0.601225533003352,0.966847606463746,12.8850883837777,0.562509855287937,0.620915032679739,0.986928104575163,153
"UMass-AR6_fourierP_thetaP",2025-05-17,0.504117342196228,0.737980380974389,6.91533242765037,0.333626757897968,0.742926896146267,0.917359900721993,10.2213144861954,0.475690189262713,0.660130718954248,1,153
"UMass-AR6_fourierP_thetaP",2025-05-24,0.438570742545517,0.700747236855786,7.62590271834548,0.386673615957137,0.710678288355842,0.95512932464583,10.5254705974793,0.535923493575894,0.797385620915033,1,153
"UMass-AR6_fourierP_thetaP",2025-05-31,0.43381100948522,0.667964489040113,7.88387714002698,0.40382940052395,0.821957103351636,0.989653035568857,9.85542683724559,0.517557398689517,0.852941176470588,1,102
"UMass-AR6_fourierP_thetaP",2025-06-07,0.407930823220402,0.627815122314278,7.87842397936077,0.415915437284979,0.793509876104322,0.958340772328115,8.69749060279051,0.505467689982,0.92156862745098,1,51
"UMass-AR6_fourierP_thetaP",2025-11-22,0.53903760451092,0.551046335506335,9.88246177634815,0.232013837682857,0.559443645579277,0.557053256957425,15.5327882772599,0.345733329446997,0.568627450980392,0.941176470588235,51
"UMass-AR6_fourierP_thetaP",2025-11-29,0.521449696945723,0.454632425060813,16.2695928477782,0.239585661189754,0.505992782171865,0.458971883709665,24.8085284670735,0.377194943347517,0.5,0.950980392156863,102
"UMass-AR6_fourierP_thetaP",2025-12-06,0.540066049154715,0.378744872459463,27.5952372544417,0.235313733468063,0.494615438298355,0.362272412952715,39.0972490900673,0.353109946940966,0.529411764705882,0.901960784313726,153
"UMass-AR6_fourierP_thetaP",2025-12-13,0.560732772525042,0.358601248649575,51.3359182972644,0.281467361747949,0.524335635576754,0.345907181259802,71.3507708020132,0.421382341081341,0.441176470588235,0.877450980392157,204
"UMass-AR6_fourierP_thetaP",2025-12-20,0.701188238241858,0.493354408276132,158.048121808698,0.520455860158478,0.707520949961497,0.497043716494505,208.18457128622,0.753457332883157,0.112745098039216,0.470588235294118,204
"UMass-AR6_fourierP_thetaP",2025-12-27,0.774164680922568,0.590295737266201,357.46552551525,0.774278182622284,0.79440198619073,0.599835950077906,429.845462949468,1.0239638760307,0.0343137254901961,0.17156862745098,204
"UMass-AR6_fourierP_thetaP",2026-01-03,0.672270200242042,0.526774476453899,283.561841071361,0.538105786637654,0.732990875332631,0.570043259215443,365.543268146888,0.743777924935699,0.127450980392157,0.446078431372549,204
"UMass-AR6_fourierP_thetaP",2026-01-10,0.866813632402598,0.579434257783597,153.580478311685,0.269285326614429,0.9555462552557,0.647705157988118,227.321643695169,0.410900380976286,0.259803921568627,0.705882352941177,204
"UMass-AR6_fourierP_thetaP",2026-01-17,1.37703786234681,1.15055049878856,260.164326826937,0.442327759420823,1.44128802632518,1.2195240331517,355.079674642407,0.61166985813159,0.181372549019608,0.568627450980392,204
"UMass-AR6_fourierP_thetaP",2026-01-24,1.24642281021704,1.12901727944567,263.797893837961,0.506223998891419,1.31438385081405,1.20099253877244,360.25715016871,0.6936716267451,0.215686274509804,0.53921568627451,204
"UMass-AR6_fourierP_thetaP",2026-01-31,0.928764167519198,0.92230632633618,163.079993877355,0.44246039456936,0.99072118916077,0.999212551180202,229.740473404115,0.622939086659962,0.284313725490196,0.715686274509804,204
"UMass-AR6_fourierP_thetaP",2026-02-07,0.786422671968526,0.854938167957849,84.9917302112447,0.319405489279902,0.785156954386511,0.917931962960486,123.277339455882,0.4761841375523,0.352941176470588,0.82843137254902,204
"UMass-AR6_fourierP_thetaP",2026-02-14,1.03695029580383,0.986367960365292,86.0031060865963,0.314385706745086,0.997089702419519,1.04871760267677,122.940182769403,0.479177806888085,0.392156862745098,0.843137254901961,204
"UMass-AR6_fourierP_thetaP",2026-02-21,1.3377770108667,1.30319971023213,56.7478421767336,0.29866406708142,1.4355586533355,1.51266559562938,88.6387097912452,0.458234905980223,0.377450980392157,0.901960784313726,204
"UMass-AR6_fourierP_thetaP",2026-02-28,0.70920252709092,0.885048314835965,30.3759135961018,0.209651152713879,0.772628582509148,0.966159615731593,48.9028443988143,0.309620681985616,0.57843137254902,0.990196078431373,204
"UMass-AR6_fourierP_thetaP",2026-03-07,0.57636474379085,0.858710767934852,28.4847416406033,0.24174620245406,0.597247289735079,0.944198390753066,43.9415910374206,0.359088991679055,0.607843137254902,0.965686274509804,204
"UMass-AR6_fourierP_thetaP",2026-03-14,0.478978160959274,0.764429182386482,26.1502935132447,0.235743743022244,0.49261447663981,0.856158178450978,40.6600125375546,0.358206741662669,0.627450980392157,0.975490196078431,204
"UMass-AR6_fourierP_thetaP",2026-03-21,0.39352432356154,0.638374346248549,19.4123225576812,0.222054354530495,0.364742074020609,0.666370368864541,28.2192360503298,0.327656305634039,0.730392156862745,0.975490196078431,204
"UMass-AR6_fourierP_thetaP",2026-03-28,0.391036162796449,0.61832108929015,21.2610862128625,0.369506494135544,0.374168127461311,0.628919181660706,33.361490541146,0.582678932004174,0.436274509803922,0.92156862745098,204
"UMass-AR6_fourierP_thetaP",2026-04-04,0.407512113224911,0.676755951554187,16.2706975822037,0.355054436594386,0.37929430262173,0.699380440625015,24.8233246779545,0.557635536076973,0.514705882352941,0.970588235294118,204
"UMass-AR6_fourierP_thetaP",2026-04-11,0.40189644419494,0.718692654674079,11.6390280934838,0.360963872205468,0.390096938476541,0.773978202836085,17.8411982156183,0.565820760134825,0.627450980392157,0.985294117647059,204
"UMass-AR6_fourierP_thetaP",2026-04-18,0.441364501737389,0.777205767067345,9.00897191851923,0.379398199864096,0.472757577333025,0.903389882274279,13.1190227709914,0.589070267429561,0.700980392156863,0.990196078431373,204
"UMass-AR6_fourierP_thetaP",2026-04-25,0.603416417665608,0.92780834586285,9.20029217783351,0.447664724342787,1.02571419249115,1.4053296200589,14.8276036943942,0.697583488686396,0.612745098039216,0.980392156862745,204
"UMass-AR6_fourierP_thetaP",2026-05-02,0.566608364190864,0.806765637864029,8.23608006575828,0.417412290513504,0.959829037278104,1.07893922511683,12.1625395164897,0.615462577802492,0.691176470588235,0.980392156862745,204
"UMass-AR6_fourierP_thetaP",2026-05-09,0.547809752162723,0.766589555984162,7.23845824081489,0.387355860747543,1.06885851973675,1.10014829750675,9.98649185597176,0.528265933182904,0.754901960784314,0.985294117647059,204
"UMass-AR6_fourierP_thetaP",2026-05-16,0.511786108209409,0.730229691156041,6.4579182501262,0.366903773010608,0.952229312557935,1.05119297997312,7.74386485065497,0.481213266993805,0.779411764705882,0.995098039215686,204
"UMass-AR6_fourierP_thetaP",2026-05-23,0.542330569883994,0.711090772691349,6.68110575745716,0.362686274475541,1.08066319018894,1.04650076686395,8.51287130702757,0.507968945701654,0.838235294117647,1,204
"UMass-AR6_fourierP_thetaP",2026-05-30,0.547064178020731,0.743107136976715,6.59676965962,0.396652938437077,1.09615241434161,1.06806952557033,8.59727383797338,0.601130202653639,0.764705882352941,1,204
"UMass-AR6_fourierP_thetaP",2026-06-06,0.542124707376579,0.761570013690764,7.3450826657691,0.459159309363582,1.36182214193195,1.14072953597972,9.73747335472913,0.732872703688985,0.738562091503268,1,153
"UMass-AR6_fourierP_thetaP",2026-06-13,0.54968649008569,0.74946545659136,8.21628065267827,0.486711897065312,1.77865488609044,1.35026812990235,11.3520032435772,0.800045500251766,0.774509803921569,1,102
"UMass-AR6_fourierP_thetaP",2026-06-20,0.573481213851242,0.804316324533688,9.31840970834039,0.554371641381844,2.09921208472811,1.40701451323944,13.2950098699447,0.973774031569434,0.725490196078431,1,51
"UMass-AR6_pooled",2023-10-21,0.717731226064595,0.697606319184886,5.10008666205752,0.250830460385622,0.812431458482753,0.770771941714883,7.96501429885052,0.383943736928717,0.725490196078431,1,51
"UMass-AR6_pooled",2023-10-28,0.693012875991902,0.744630436074402,5.59175112651205,0.298767993084861,0.757743344675797,0.908615988262474,8.22374026930785,0.432126100675414,0.686274509803922,0.990196078431373,102
"UMass-AR6_pooled",2023-11-04,0.738304280625537,0.758826066043231,7.85730274964729,0.320736437454921,0.742591951816602,0.832313362819268,11.5562821807356,0.461089161192013,0.679738562091503,0.986928104575163,153
"UMass-AR6_pooled",2023-11-11,0.671666603452491,0.659385488035251,10.6502651634227,0.319905362727064,0.6357059061236,0.635300922281957,16.120129823106,0.436406620907906,0.696078431372549,0.975490196078431,204
"UMass-AR6_pooled",2023-11-18,0.706350063324501,0.682665609624622,15.01516227796,0.344167591129301,0.698323562214561,0.65930479947534,23.2397971579853,0.498673442601721,0.573529411764706,0.950980392156863,204
"UMass-AR6_pooled",2023-11-25,0.684634631685393,0.674786464035402,16.7690703152765,0.342188190864568,0.697513126586006,0.675951406883271,27.2098503008404,0.518723112036042,0.558823529411765,0.936274509803922,204
"UMass-AR6_pooled",2023-12-02,0.67858014871719,0.628130638630238,24.8622778849109,0.345909291175016,0.726702846847057,0.636470220973677,41.3508168931404,0.539842295019863,0.362745098039216,0.931372549019608,204
"UMass-AR6_pooled",2023-12-09,0.669823334772012,0.618477642054567,30.3971234178586,0.326737225157655,0.735633527412275,0.642702117719916,50.2105942925907,0.515789611726251,0.377450980392157,0.936274509803922,204
"UMass-AR6_pooled",2023-12-16,0.734328485302142,0.647216123128509,53.0748159186453,0.381934440346367,0.806832172215508,0.686378692883577,81.3832627827378,0.597244297889592,0.264705882352941,0.833333333333333,204
"UMass-AR6_pooled",2023-12-23,0.818140692902649,0.72359460227904,114.741907801764,0.52808010161294,0.888858349094787,0.78303036881438,156.508783821004,0.783435463370452,0.107843137254902,0.53921568627451,204
"UMass-AR6_pooled",2023-12-30,0.813649865292785,0.727539201362088,162.64912528081,0.564255836215573,0.898094875625362,0.811462485890802,214.631467996879,0.819965543748241,0.107843137254902,0.42156862745098,204
"UMass-AR6_pooled",2024-01-06,0.81763505376686,0.735347853644588,91.3488402230997,0.339243937709123,0.943087703759647,0.842977030947716,136.280796172209,0.525938053234774,0.264705882352941,0.803921568627451,204
"UMass-AR6_pooled",2024-01-13,1.0500632936962,0.937284311335895,69.652783118362,0.237372943123592,1.19338640756407,1.07356804174115,110.657339634716,0.380408895869285,0.348039215686274,0.916666666666667,204
"UMass-AR6_pooled",2024-01-20,1.05445247173027,0.989340855628197,78.2082715077085,0.288026941955627,1.1961601566578,1.14580014524374,121.638933577775,0.454111669514552,0.323529411764706,0.862745098039216,204
"UMass-AR6_pooled",2024-01-27,0.891442031622958,0.920244821086505,67.5556676224942,0.246059923007862,1.0151836163126,1.04968389570605,105.962278147765,0.38635462661986,0.411764705882353,0.926470588235294,204
"UMass-AR6_pooled",2024-02-03,0.665838218239154,0.793925735309961,43.8709950775417,0.222255813776367,0.725852167486815,0.893120631289482,67.2943237435203,0.342893048697816,0.519607843137255,0.936274509803922,204
"UMass-AR6_pooled",2024-02-10,0.943090211196041,1.07274369959344,45.6144115171804,0.254160689830131,1.01361870718234,1.11998159096669,72.6426740147345,0.384240468801375,0.480392156862745,0.926470588235294,204
"UMass-AR6_pooled",2024-02-17,1.23776733320089,1.500188785619,46.8733703792128,0.317274670761813,1.31265666609684,1.63108401445326,75.3683702450602,0.507776776177047,0.32843137254902,0.936274509803922,204
"UMass-AR6_pooled",2024-02-24,1.18054206684442,1.35634432693586,46.1860295579807,0.30049498818386,1.28730675739267,1.50739920838698,73.9696559321414,0.477849742635106,0.392156862745098,0.941176470588235,204
"UMass-AR6_pooled",2024-03-02,1.29000701484018,1.5205211129184,43.3501677908074,0.29635457718884,1.42258444811412,1.71522554633615,69.7275583171228,0.462585219719005,0.416666666666667,0.950980392156863,204
"UMass-AR6_pooled",2024-03-09,1.01601698256846,1.25251155580332,27.4692016252572,0.230438041610763,1.08332208876544,1.37192849606975,43.725853327915,0.353077649516942,0.558823529411765,0.975490196078431,204
"UMass-AR6_pooled",2024-03-16,0.608974646254916,0.88842784204041,23.3104739818587,0.207066815961728,0.623025090500895,0.921753395695246,35.5735110497766,0.308253566399252,0.63235294117647,0.980392156862745,204
"UMass-AR6_pooled",2024-03-23,0.506162463735411,0.692028249849427,21.6408445143524,0.200922922000323,0.517071055842755,0.717774091410365,32.8669626525148,0.295468886079333,0.656862745098039,0.995098039215686,204
"UMass-AR6_pooled",2024-03-30,0.526653846209396,0.717467023184684,18.2722792346354,0.189764191380718,0.498437542569537,0.709858924289616,26.2119507680686,0.271284370146294,0.715686274509804,1,204
"UMass-AR6_pooled",2024-04-06,0.635520366654316,0.794809450547197,16.3455813172198,0.206342056304499,0.585954750748615,0.771137001917832,23.3060629783052,0.292880552410425,0.686274509803922,0.990196078431373,204
"UMass-AR6_pooled",2024-04-13,0.56804739471713,0.725180166443397,13.5708590762102,0.241325561346323,0.512986733512974,0.704433889559872,18.8069989212918,0.349444467978255,0.676470588235294,0.995098039215686,204
"UMass-AR6_pooled",2024-04-20,0.510645565959547,0.691220075328666,13.6379023529815,0.257576920728948,0.465774098565575,0.657524604716842,19.6013266479679,0.379077431968551,0.647058823529412,0.995098039215686,204
"UMass-AR6_pooled",2024-04-27,0.581608181255657,0.719965937345871,14.6597518296018,0.305555545316151,0.57962281799847,0.755992809907877,23.0201179971745,0.488390446367,0.553921568627451,0.995098039215686,204
"UMass-AR6_pooled",2024-05-04,0.676243476067555,0.747167353854084,16.9806582883297,0.427289471527432,0.665411363883187,0.757643617355962,27.2557713559211,0.689856483380117,0.416666666666667,0.965686274509804,204
"UMass-AR6_pooled",2024-05-11,0.784826601939753,0.874273252066748,20.9054473636244,0.811410842972499,0.734923779252595,0.839263076300369,32.7449372755879,1.31197312660993,0.359477124183007,0.915032679738562,153
"UMass-AR6_pooled",2024-05-18,0.838879709689476,0.917859948743644,18.5631742574501,0.845803710084523,0.776578102352793,0.855334264188887,29.0107391093222,1.40461930738413,0.397959183673469,0.959183673469388,98
"UMass-AR6_pooled",2024-05-25,0.939306989463118,0.959263278156162,18.8383764321776,0.81546765965211,0.883155268404596,0.880283675210248,29.7208783183506,1.40179543505998,0.510204081632653,0.959183673469388,49
"UMass-AR6_pooled",2024-11-30,0.847044202526726,0.818427672186638,23.2798148014555,0.326611411509175,0.86954107818319,0.842260144789264,32.5651658692136,0.492267064438388,0.450980392156863,0.88235294117647,51
"UMass-AR6_pooled",2024-12-07,0.793820864666133,0.754003771351216,31.9079781784822,0.366179836382694,0.815731309830362,0.769945025713459,48.4960261059933,0.55367331680702,0.303921568627451,0.852941176470588,102
"UMass-AR6_pooled",2024-12-14,0.855009782262317,0.77074483576159,59.2039606072008,0.528452874933617,0.841631077452467,0.768124851090361,86.1929238732202,0.798638787113214,0.130718954248366,0.620915032679739,153
"UMass-AR6_pooled",2024-12-21,0.912172558180693,0.796137851430204,143.143419395286,0.73034881936235,0.893582844375039,0.768322261152708,183.526147125615,1.04096837449427,0.0833333333333333,0.392156862745098,204
"UMass-AR6_pooled",2024-12-28,0.922397258091827,0.828102577916593,318.176487327544,1.00905584275233,0.928353909768944,0.822600100095301,371.582753893939,1.33440461837914,0.00490196078431373,0.147058823529412,204
"UMass-AR6_pooled",2025-01-04,0.860255297989098,0.790339963070242,384.681503841876,0.946216464763428,0.901327169750518,0.818323692939842,453.645917422228,1.23550499812885,0.0441176470588235,0.215686274509804,204
"UMass-AR6_pooled",2025-01-11,0.865636154457288,0.750095868720653,195.051602919684,0.47315789024259,0.96457798531864,0.820347073201684,264.592252355126,0.68468282086679,0.151960784313725,0.549019607843137,204
"UMass-AR6_pooled",2025-01-18,0.86647272884637,0.797012266768561,169.373239594594,0.338748338624022,1.00452889062822,0.897718840263752,245.356181535944,0.504787186011336,0.264705882352941,0.691176470588235,204
"UMass-AR6_pooled",2025-01-25,0.744969278576315,0.751888484021291,194.204792207125,0.305380011454584,0.926731213107933,0.889572896965953,297.983455948091,0.46505443785398,0.326797385620915,0.816993464052288,153
"UMass-AR6_pooled",2025-02-01,0.84486724148927,0.876098287387758,312.611323148985,0.405308693932702,0.981573920567747,1.00676163312844,426.497076244597,0.57576289948223,0.215686274509804,0.568627450980392,153
"UMass-AR6_pooled",2025-02-08,1.01654912410085,1.08593291875969,335.870733790958,0.486643030373299,1.16284059034137,1.25693397192394,449.145277953029,0.685244179553349,0.137254901960784,0.450980392156863,153
"UMass-AR6_pooled",2025-02-15,0.87231802394933,1.09655092270522,185.283910438018,0.314810116420093,1.02698034497821,1.27017798093309,269.397752586277,0.458767699345438,0.30718954248366,0.699346405228758,153
"UMass-AR6_pooled",2025-02-22,0.738110687393499,1.08110091366332,148.307801720639,0.293343124322648,0.842068204519496,1.25986388134279,217.051335285532,0.443836338317742,0.42156862745098,0.818627450980392,204
"UMass-AR6_pooled",2025-03-01,0.506335468961006,0.73244177919872,103.912817481914,0.200857970820815,0.593684697220807,0.868601435102734,158.091832387872,0.31361649436307,0.465686274509804,0.901960784313726,204
"UMass-AR6_pooled",2025-03-08,0.398662753959166,0.625780134683355,87.47156431379,0.207067925319454,0.490547261859719,0.765753664909576,138.226118889619,0.327874152139037,0.480392156862745,0.946078431372549,204
"UMass-AR6_pooled",2025-03-15,0.350577590120809,0.579802854390117,70.2494891730617,0.217996616252277,0.430210974050935,0.70632452448975,112.47275430911,0.345961071266817,0.431372549019608,0.926470588235294,204
"UMass-AR6_pooled",2025-03-22,0.290457993602521,0.484236732967687,49.6221661518089,0.203930387090761,0.334942368787666,0.545967930573805,77.7706626586537,0.311958650326193,0.568627450980392,0.975490196078431,204
"UMass-AR6_pooled",2025-03-29,0.230822412421573,0.467804458450679,32.2268491501667,0.2209556748891,0.246893750149669,0.484875583567361,48.9636296559076,0.320746830261701,0.651960784313726,0.975490196078431,204
"UMass-AR6_pooled",2025-04-05,0.23854648895544,0.517349240387774,25.5778844297075,0.274112144828488,0.238347901054571,0.53242344842286,38.3658334653379,0.410415754152202,0.553921568627451,0.965686274509804,204
"UMass-AR6_pooled",2025-04-12,0.248916131111881,0.559911524324895,19.3514015808378,0.308686615235959,0.222796301851776,0.535923081238522,27.468381313108,0.44707245961956,0.602941176470588,0.96078431372549,204
"UMass-AR6_pooled",2025-04-19,0.331869460036613,0.736935408168983,16.7994739667876,0.362654245539765,0.306428266969144,0.755427841036041,25.2067291569079,0.5521082301974,0.588235294117647,0.96078431372549,204
"UMass-AR6_pooled",2025-04-26,0.393797564031288,0.822961060369262,15.9769490844666,0.431899724316415,0.35996147427281,0.816700246665049,23.6115905607969,0.624707326724843,0.647058823529412,0.973856209150327,153
"UMass-AR6_pooled",2025-05-03,0.428560575710379,0.88407223038263,11.1546267884677,0.428053474607628,0.440478951439328,0.971155723537504,17.0289738415923,0.642513390293953,0.61437908496732,0.967320261437909,153
"UMass-AR6_pooled",2025-05-10,0.52086817283767,0.915102961517978,9.22189329171052,0.427686043108429,0.672442495067323,1.17183099285277,14.4113656295801,0.681768748047522,0.627450980392157,0.986928104575163,153
"UMass-AR6_pooled",2025-05-17,0.530244466609259,0.795082420599129,7.27373658392786,0.359441493411952,0.764975694906372,1.02279776742181,10.5246656063916,0.530364214938372,0.647058823529412,1,153
"UMass-AR6_pooled",2025-05-24,0.476499235542894,0.762456068479676,8.28540635092404,0.420724662904625,0.756437561497067,1.05965690642117,11.203186368316,0.594573966715592,0.816993464052288,1,153
"UMass-AR6_pooled",2025-05-31,0.472663423892882,0.721605034069678,8.5899626359827,0.436258713007606,0.803133972786956,1.09853057251645,9.62973381096518,0.574496924738588,0.88235294117647,1,102
"UMass-AR6_pooled",2025-06-07,0.476976063402336,0.686949036628768,9.21190417979213,0.455090517585405,0.898484858683136,1.12120788012938,9.84809874517398,0.591370390912027,0.901960784313726,1,51
"UMass-AR6_pooled",2025-11-22,0.752263792422806,0.738751847904905,13.7916503637892,0.311045805558667,0.783271542905211,0.806701012425508,21.74730401478,0.500676413629604,0.392156862745098,0.862745098039216,51
"UMass-AR6_pooled",2025-11-29,0.783629707613923,0.713561759269691,24.449791343208,0.376038215645277,0.768306626677713,0.739197876678307,37.6696219609337,0.607491898986682,0.294117647058824,0.862745098039216,102
"UMass-AR6_pooled",2025-12-06,0.803780745634439,0.679686282493101,41.0700143270444,0.422288269361583,0.773298883728783,0.689490930850665,61.1259915020647,0.672052569569335,0.215686274509804,0.856209150326797,153
"UMass-AR6_pooled",2025-12-13,0.834522538930398,0.674005604579316,76.4017781283568,0.529029332827719,0.797867029209456,0.675869313811645,108.572493778699,0.823340506206735,0.142156862745098,0.759803921568627,204
"UMass-AR6_pooled",2025-12-20,0.906559028892263,0.769177192301242,204.338783811314,0.811430425101957,0.867329092046027,0.750430602255756,255.207333721347,1.13756078454675,0.053921568627451,0.25,204
"UMass-AR6_pooled",2025-12-27,0.893661240925999,0.788941943105133,412.642287865073,1.03483812492188,0.891720868221073,0.79094330905348,482.504042141405,1.3501981272609,0.00980392156862745,0.127450980392157,204
"UMass-AR6_pooled",2026-01-03,0.787654900994956,0.706300061587056,332.230811025978,0.721493100426987,0.82972596548863,0.748100135334298,413.785152446009,0.976102001572421,0.127450980392157,0.42156862745098,204
"UMass-AR6_pooled",2026-01-10,1.03776837881999,0.769777215661568,183.86993240306,0.357745000671306,1.12407035282388,0.844266230301133,267.413030847528,0.535597580778432,0.220588235294118,0.637254901960784,204
"UMass-AR6_pooled",2026-01-17,1.40414080345485,1.1668616480259,265.284896581196,0.448598561183394,1.48297704355509,1.25098627542674,365.350295367606,0.627450199269387,0.205882352941176,0.588235294117647,204
"UMass-AR6_pooled",2026-01-24,1.3275085334287,1.16640509501318,280.959199639031,0.522987789712846,1.41681476889413,1.2547351667895,388.332259744835,0.724712399271679,0.225490196078431,0.583333333333333,204
"UMass-AR6_pooled",2026-01-31,0.98427917813189,0.973827986518277,172.827772600345,0.467177013595054,1.06048819952351,1.05272217915849,245.918895914995,0.656298594345228,0.313725490196078,0.71078431372549,204
"UMass-AR6_pooled",2026-02-07,0.849419636703156,0.992628345604952,91.8000550748332,0.370846634626659,0.85537091454086,1.05741347387219,134.301619572273,0.54854122463288,0.348039215686274,0.803921568627451,204
"UMass-AR6_pooled",2026-02-14,1.25352660232247,1.35355908182409,103.965620915648,0.431420773646074,1.20292589778551,1.39352871530589,148.319583857838,0.636728163932285,0.274509803921569,0.784313725490196,204
"UMass-AR6_pooled",2026-02-21,1.78301526381846,2.00621231997248,75.6346296639711,0.459778747806124,1.883781021556,2.30669749174682,116.314243860389,0.69877262450438,0.259803921568627,0.838235294117647,204
"UMass-AR6_pooled",2026-02-28,0.936281619514526,1.3376097377499,40.1019574657346,0.316854366817873,1.04216401157491,1.53639433823341,65.9628515561532,0.492361153433701,0.465686274509804,0.975490196078431,204
"UMass-AR6_pooled",2026-03-07,0.714404689587783,1.15930079077959,35.3068664052911,0.326368987251615,0.764679803243024,1.33551445130994,56.2601919944831,0.507910776368941,0.534313725490196,0.950980392156863,204
"UMass-AR6_pooled",2026-03-14,0.571347627899558,0.918851203914841,31.193297284675,0.283366238603204,0.596564165565557,1.05006120014116,49.2399383323179,0.43933353732542,0.568627450980392,0.980392156862745,204
"UMass-AR6_pooled",2026-03-21,0.481179777155809,0.713298671614216,23.736314334636,0.248116292647958,0.451462091563358,0.758479802691902,34.9285597605121,0.372946790043395,0.686274509803922,0.975490196078431,204
"UMass-AR6_pooled",2026-03-28,0.509095610513449,0.699456895939436,27.6801142592805,0.417992964972654,0.490099731458931,0.710596809080166,43.6981569387574,0.658351346045888,0.431372549019608,0.911764705882353,204
"UMass-AR6_pooled",2026-04-04,0.522093994550098,0.767818685491428,20.8455975150877,0.40282975001214,0.500939591919844,0.797770885662724,32.7845318221659,0.636084982724956,0.475490196078431,0.970588235294118,204
"UMass-AR6_pooled",2026-04-11,0.522810177775497,0.803648872564401,15.1407220307148,0.403633190137386,0.519044036028355,0.879798206961137,23.7386316477674,0.643181020349011,0.593137254901961,0.985294117647059,204
"UMass-AR6_pooled",2026-04-18,0.532390965341798,0.861194449533208,10.8669710354082,0.420397837652096,0.575344064535497,1.03557810810208,15.96579779086,0.67526577954155,0.696078431372549,0.990196078431373,204
"UMass-AR6_pooled",2026-04-25,0.652129860722215,0.987676544546343,9.94302621023334,0.47655094936981,1.06066208488276,1.55978605778162,15.3328063152905,0.774253231598507,0.598039215686274,0.990196078431373,204
"UMass-AR6_pooled",2026-05-02,0.642257885920741,0.868492440631717,9.33570293982817,0.449349107006522,1.08724384478121,1.21976517901377,13.7770849939188,0.695794354226245,0.686274509803922,0.980392156862745,204
"UMass-AR6_pooled",2026-05-09,0.630222859477191,0.820171507972688,8.32741993497322,0.414430692345533,1.19312387594596,1.20670535546153,11.1475201350637,0.579432183937713,0.774509803921569,0.985294117647059,204
"UMass-AR6_pooled",2026-05-16,0.640716350727509,0.795956997730022,8.08481072101396,0.399928446019509,1.28937014624687,1.20759400700597,10.4856131010959,0.552810253097712,0.759803921568627,0.995098039215686,204
"UMass-AR6_pooled",2026-05-23,0.713626938978752,0.796519543513923,8.79134851591959,0.406258549370061,1.57767417735587,1.26992401850591,12.4280509951514,0.616418052644886,0.764705882352941,1,204
"UMass-AR6_pooled",2026-05-30,0.721288874400376,0.832290077672011,8.69765697268073,0.44425667378696,1.59801155024523,1.25723064466307,12.533423923492,0.707593741900944,0.725490196078431,0.995098039215686,204
"UMass-AR6_pooled",2026-06-06,0.716618464957404,0.853476655442428,9.70924548043593,0.514570879401784,1.93851089721069,1.34955509417289,13.8609864153496,0.867034699679514,0.69281045751634,1,153
"UMass-AR6_pooled",2026-06-13,0.736866325563026,0.843923396756059,11.014097387385,0.548054021436908,2.54550015079622,1.59222561540559,16.2462803741994,0.943407395006031,0.754901960784314,1,102
"UMass-AR6_pooled",2026-06-20,0.79322940267985,0.917282951134111,12.8890648696826,0.632233413298701,3.09625659658559,1.6236266024404,19.6096251117087,1.1236880696999,0.666666666666667,1,51
"UMass-WISAR6_fourthroot_adaptive_t",2023-10-21,0.956187714572891,0.912549950167346,6.79452144816892,0.328115324976992,1.0318177541433,1.04888116786634,10.1158603347382,0.522477964479054,0.372549019607843,0.92156862745098,51
"UMass-WISAR6_fourthroot_adaptive_t",2023-10-28,1.39185603482502,1.0890838180174,11.2305453770045,0.436972988004138,1.62514099951866,1.4234198439118,17.6375517844541,0.676960206203118,0.205882352941176,0.852941176470588,102
"UMass-WISAR6_fourthroot_adaptive_t",2023-11-04,1.33672573519136,1.05296153852122,14.2259215749698,0.445060004861653,1.40414373003113,1.24312187972663,21.8514099524713,0.688670938600627,0.287581699346405,0.869281045751634,153
"UMass-WISAR6_fourthroot_adaptive_t",2023-11-11,0.993005783362739,0.773644829581745,15.7455720550405,0.375339060868193,0.979153943407406,0.871910100525238,24.8292308321967,0.598940324750256,0.352941176470588,0.916666666666667,204
"UMass-WISAR6_fourthroot_adaptive_t",2023-11-18,0.820975613387059,0.715671199449434,17.4518028684473,0.360807442593407,0.818280663514881,0.775872463723269,27.2318988895072,0.586840855417181,0.357843137254902,0.911764705882353,204
"UMass-WISAR6_fourthroot_adaptive_t",2023-11-25,0.617396116397558,0.57366951483025,15.122166494503,0.290911190274882,0.601796810063864,0.610355501159341,23.4759755612168,0.468385007835874,0.450980392156863,0.970588235294118,204
"UMass-WISAR6_fourthroot_adaptive_t",2023-12-02,0.362113565016448,0.352731830367967,13.2673614109611,0.194248154625164,0.35497246160484,0.359151789749487,20.1986290897499,0.304625919720559,0.651960784313726,0.995098039215686,204
"UMass-WISAR6_fourthroot_adaptive_t",2023-12-09,0.372689516517865,0.338626364556422,16.9129509857873,0.178893837379214,0.384170121989216,0.326924071182653,26.2214940126365,0.262367331754695,0.651960784313726,1,204
"UMass-WISAR6_fourthroot_adaptive_t",2023-12-16,0.431077574627284,0.353643709521032,31.1568506164995,0.208691822485871,0.493219281690758,0.375448591652236,49.7498684281898,0.326692149450231,0.53921568627451,0.965686274509804,204
"UMass-WISAR6_fourthroot_adaptive_t",2023-12-23,0.627544998763544,0.463973809266252,88.0114031904691,0.338608573877365,0.714927205941927,0.527678428875895,125.883260967814,0.527951419129411,0.225490196078431,0.774509803921569,204
"UMass-WISAR6_fourthroot_adaptive_t",2023-12-30,0.755232681362027,0.571840548068905,150.971493079289,0.443501004521136,0.850528446592526,0.659895369580438,203.26379096434,0.66681020372861,0.127450980392157,0.61764705882353,204
"UMass-WISAR6_fourthroot_adaptive_t",2024-01-06,0.766196741034499,0.6011299087436,85.6019850834055,0.277324094040899,0.871370201976358,0.691089147555832,125.917265608143,0.43117435888919,0.338235294117647,0.818627450980392,204
"UMass-WISAR6_fourthroot_adaptive_t",2024-01-13,0.789061216872249,0.72325297755572,52.3399971562234,0.183168208225537,0.89400771569765,0.795539842689045,82.8973036771409,0.281892177683071,0.46078431372549,0.96078431372549,204
"UMass-WISAR6_fourthroot_adaptive_t",2024-01-20,0.615085087547834,0.69971505004174,45.6205877618623,0.203708140584048,0.704808315556782,0.812504890915079,71.6727867952227,0.322017721880893,0.465686274509804,0.936274509803922,204
"UMass-WISAR6_fourthroot_adaptive_t",2024-01-27,0.58256013966544,0.660061460899345,44.147838860259,0.176490721303481,0.644371108772221,0.728600859838095,67.2578138190534,0.268174365929765,0.514705882352941,0.975490196078431,204
"UMass-WISAR6_fourthroot_adaptive_t",2024-02-03,0.755944743457138,0.817416403668145,49.8079671767802,0.22883191703124,0.786606920162695,0.909072445857266,72.9269445148874,0.349017379653549,0.455882352941176,0.906862745098039,204
"UMass-WISAR6_fourthroot_adaptive_t",2024-02-10,1.4795964415471,1.52545500190165,71.5635897423772,0.361419690215926,1.41328386466576,1.62347898282147,101.28534363438,0.556979088299189,0.245098039215686,0.794117647058823,204
"UMass-WISAR6_fourthroot_adaptive_t",2024-02-17,2.12903758036265,2.36132104424634,80.6251420430767,0.499395385472819,1.91248050403332,2.46584317305273,109.80825560658,0.767647702923872,0.117647058823529,0.686274509803922,204
"UMass-WISAR6_fourthroot_adaptive_t",2024-02-24,2.1355441667507,2.35959153016793,83.5483196897545,0.522762114969996,1.94962977063881,2.47715929002047,112.027255742295,0.78526638638022,0.151960784313725,0.681372549019608,204
"UMass-WISAR6_fourthroot_adaptive_t",2024-03-02,2.40744629990065,2.66977609293819,80.9012663089906,0.520348161225455,2.22610842819007,2.92608871434023,109.112049869963,0.789147172936933,0.151960784313725,0.705882352941177,204
"UMass-WISAR6_fourthroot_adaptive_t",2024-03-09,2.06579786552803,2.24207854140309,55.8512495940414,0.412499338488797,1.98626685359563,2.49476319766842,80.1711827083648,0.642048859293721,0.264705882352941,0.803921568627451,204
"UMass-WISAR6_fourthroot_adaptive_t",2024-03-16,0.753978436393357,1.27095692974339,28.8609629851038,0.296223274657894,0.801487149183905,1.42819606582756,45.7633446749712,0.477618561390451,0.401960784313726,0.941176470588235,204
"UMass-WISAR6_fourthroot_adaptive_t",2024-03-23,0.417530810113972,0.790445500438907,17.8514212115724,0.229497306887036,0.446750723280437,0.872223527764547,28.3971403371442,0.359047390042165,0.563725490196078,0.985294117647059,204
"UMass-WISAR6_fourthroot_adaptive_t",2024-03-30,0.51744041198961,0.809837026547159,17.9526187138102,0.214195305884223,0.567309345413398,0.879132414355338,29.8337973411516,0.335975043974055,0.602941176470588,1,204
"UMass-WISAR6_fourthroot_adaptive_t",2024-04-06,0.791590250147101,0.928515140105886,20.3596981034848,0.241053655297385,0.814896945440633,0.996847855183446,32.4121265456142,0.378606330352677,0.490196078431373,0.965686274509804,204
"UMass-WISAR6_fourthroot_adaptive_t",2024-04-13,0.631787413610593,0.729483419302408,15.0936313342344,0.242757598459126,0.652361784841237,0.766589706933444,23.9167342589589,0.380277746807915,0.544117647058823,0.980392156862745,204
"UMass-WISAR6_fourthroot_adaptive_t",2024-04-20,0.343227702840482,0.573886155259523,9.16664357474797,0.213853494707075,0.339557961395067,0.568871806413824,14.2897308753757,0.327967139096687,0.661764705882353,1,204
"UMass-WISAR6_fourthroot_adaptive_t",2024-04-27,0.303890526590392,0.515480461738464,7.65972667984855,0.218771340998388,0.27487663591562,0.49301940544957,10.9169142362174,0.318502986191694,0.656862745098039,0.995098039215686,204
"UMass-WISAR6_fourthroot_adaptive_t",2024-05-04,0.350660944911528,0.510275186993291,8.80519205187962,0.291815767724918,0.331469413223503,0.505102207408993,13.577247141645,0.459910206551627,0.534313725490196,0.980392156862745,204
"UMass-WISAR6_fourthroot_adaptive_t",2024-05-11,0.489738595178364,0.776734713303448,13.0451801686286,0.720885566380607,0.428802647833606,0.672663227392258,19.1055401979196,1.05153688100714,0.359477124183007,0.784313725490196,153
"UMass-WISAR6_fourthroot_adaptive_t",2024-05-18,0.48402152148863,0.766618384183073,10.7106844330226,0.706435305787751,0.426044410489197,0.651655799269394,15.9158019061322,1.07014106150726,0.336734693877551,0.816326530612245,98
"UMass-WISAR6_fourthroot_adaptive_t",2024-05-25,0.455792888057009,0.765002787327563,9.1412052679764,0.650327232173889,0.391381706786865,0.612860004061847,13.1711925406437,0.975940347660708,0.387755102040816,0.897959183673469,49
"UMass-WISAR6_fourthroot_adaptive_t",2024-11-30,0.40840490925262,0.586139769172522,11.224432707343,0.233911857891631,0.457534780491205,0.646267237481349,17.1351260929059,0.377717119592842,0.411764705882353,0.96078431372549,51
"UMass-WISAR6_fourthroot_adaptive_t",2024-12-07,0.466763308767844,0.446201912453431,18.761756126106,0.216696718907703,0.475112959047719,0.461726530258686,28.2459312124056,0.332031055372081,0.53921568627451,0.96078431372549,102
"UMass-WISAR6_fourthroot_adaptive_t",2024-12-14,0.501035902333825,0.416266076313758,34.6935326822546,0.285408340813569,0.531144429774055,0.435817170648434,54.3954383668605,0.453130107788731,0.366013071895425,0.895424836601307,153
"UMass-WISAR6_fourthroot_adaptive_t",2024-12-21,0.684925176518095,0.486879531633471,107.482439498359,0.446646131020407,0.725740899630848,0.492006098623086,149.05437359183,0.666598918995981,0.215686274509804,0.691176470588235,204
"UMass-WISAR6_fourthroot_adaptive_t",2024-12-28,0.805421253818936,0.61293746994065,277.826178591636,0.746873819474737,0.848804037388955,0.646505532429281,339.742137573139,1.04874770642667,0.0196078431372549,0.348039215686274,204
"UMass-WISAR6_fourthroot_adaptive_t",2025-01-04,0.835617328330386,0.661734932768662,373.664110235491,0.792247030331653,0.90057089206324,0.720980526649363,453.265276189182,1.08853629916144,0.0294117647058824,0.28921568627451,204
"UMass-WISAR6_fourthroot_adaptive_t",2025-01-11,0.73035050575696,0.57579411524094,164.56803023715,0.363208944539546,0.844614007429896,0.665526438267153,231.685074714557,0.555465526726093,0.235294117647059,0.779411764705882,204
"UMass-WISAR6_fourthroot_adaptive_t",2025-01-18,0.72089720187032,0.593266878561317,140.916950332667,0.252151915162007,0.848558371352567,0.692525975130187,207.260382202864,0.38940726488821,0.367647058823529,0.86764705882353,204
"UMass-WISAR6_fourthroot_adaptive_t",2025-01-25,0.755437982807732,0.666312058421333,196.933861161251,0.270623088871876,0.896143030351634,0.784695390553896,288.14805569398,0.410226160200358,0.359477124183007,0.816993464052288,153
"UMass-WISAR6_fourthroot_adaptive_t",2025-02-01,0.933918826467699,0.855321760940467,345.561510399173,0.395696865077383,1.06612656130708,1.00747205573115,463.235474961657,0.576169187290721,0.176470588235294,0.607843137254902,153
"UMass-WISAR6_fourthroot_adaptive_t",2025-02-08,1.26288825477636,1.24377870157166,417.261886092222,0.557379029579399,1.3824281731289,1.43941667155732,533.960623001472,0.784728488662722,0.0457516339869281,0.418300653594771,153
"UMass-WISAR6_fourthroot_adaptive_t",2025-02-15,1.2557672572875,1.40773047291998,266.730093431805,0.404147025816865,1.36283146855149,1.62543581878294,357.498307126235,0.587081072267464,0.196078431372549,0.666666666666667,153
"UMass-WISAR6_fourthroot_adaptive_t",2025-02-22,0.980975988869754,1.34552192178191,197.106470526476,0.365090436416965,1.06287966695099,1.5575969852198,273.967654545509,0.548724471534091,0.279411764705882,0.774509803921569,204
"UMass-WISAR6_fourthroot_adaptive_t",2025-03-01,0.482946407416407,0.769112348246676,99.112791743357,0.210914164086954,0.555408802443128,0.902403225313134,147.899374387834,0.325820939947168,0.509803921568627,0.941176470588235,204
"UMass-WISAR6_fourthroot_adaptive_t",2025-03-08,0.24753000396049,0.493353314662637,54.3111601121393,0.163248466441588,0.292905810590711,0.584755983726128,82.534827010715,0.250376042790566,0.637254901960784,0.995098039215686,204
"UMass-WISAR6_fourthroot_adaptive_t",2025-03-15,0.214995482576679,0.458683880566028,43.0812557651588,0.17245781585197,0.244545421221221,0.533413566707601,63.9330438725067,0.261268471599125,0.607843137254902,0.990196078431373,204
"UMass-WISAR6_fourthroot_adaptive_t",2025-03-22,0.216288121406791,0.422874226655394,36.9509028276136,0.178088316852855,0.249977737148606,0.468222196464552,58.0426248799903,0.267535795203821,0.661764705882353,0.990196078431373,204
"UMass-WISAR6_fourthroot_adaptive_t",2025-03-29,0.183406536501906,0.3694046771058,25.606762891839,0.174479012037264,0.206484366402009,0.38879727996964,40.9496961349316,0.257190709103439,0.676470588235294,1,204
"UMass-WISAR6_fourthroot_adaptive_t",2025-04-05,0.178878970851182,0.365949383308334,19.1801005471566,0.193894496263535,0.188929616476891,0.374265673282818,30.4111853737827,0.288500683072196,0.63235294117647,1,204
"UMass-WISAR6_fourthroot_adaptive_t",2025-04-12,0.181456190583128,0.379564289269522,14.1068865148191,0.20925880363031,0.177609747264668,0.388549303774296,21.8973664384984,0.32413176256637,0.63235294117647,1,204
"UMass-WISAR6_fourthroot_adaptive_t",2025-04-19,0.241478282113783,0.467491194326888,12.2238066541813,0.230057701795521,0.231765376792056,0.49013579465411,19.064974450723,0.358218206217748,0.647058823529412,1,204
"UMass-WISAR6_fourthroot_adaptive_t",2025-04-26,0.318751346952544,0.500391982330187,12.9322131623478,0.262611646681776,0.287234677134642,0.498233664152463,18.8410929393677,0.38110704837911,0.673202614379085,0.980392156862745,153
"UMass-WISAR6_fourthroot_adaptive_t",2025-05-03,0.331278808499569,0.535559488665191,8.62256511956484,0.259309242054804,0.352417720312164,0.591500228002233,13.6245151349441,0.391334579658361,0.607843137254902,1,153
"UMass-WISAR6_fourthroot_adaptive_t",2025-05-10,0.391181010924061,0.572398455375359,6.92580143807213,0.26751834575508,0.507676018223485,0.70858569908052,10.8801938807504,0.412253633751774,0.607843137254902,0.986928104575163,153
"UMass-WISAR6_fourthroot_adaptive_t",2025-05-17,0.411426378573231,0.530210387744764,5.64382523509922,0.239697934020348,0.639977196130763,0.706688870375172,8.8049150186618,0.366448285164901,0.61437908496732,0.993464052287582,153
"UMass-WISAR6_fourthroot_adaptive_t",2025-05-24,0.354066012453697,0.517543867710836,6.15652779565925,0.285581659432751,0.665865682883891,0.770521221974049,9.8617754079405,0.432339804149371,0.640522875816993,1,153
"UMass-WISAR6_fourthroot_adaptive_t",2025-05-31,0.413068214484935,0.554988196285083,7.50690734500709,0.335527642982551,1.05825312455079,1.01659396075794,12.6886624639766,0.531646654881347,0.607843137254902,0.990196078431373,102
"UMass-WISAR6_fourthroot_adaptive_t",2025-06-07,0.329419024943988,0.516207571210911,6.36211484311922,0.341977582378984,0.948486720749355,0.994619736079355,10.3961583705665,0.524602683015565,0.647058823529412,1,51
"UMass-WISAR6_fourthroot_adaptive_t",2025-11-22,0.589547461271737,0.593736938678099,10.8084857208566,0.249988389071128,0.611823762870339,0.628183478941214,16.9871068279294,0.389880075137129,0.490196078431373,0.941176470588235,51
"UMass-WISAR6_fourthroot_adaptive_t",2025-11-29,0.560858642507559,0.492144343129812,17.4991793306294,0.259353977740987,0.548475057163134,0.508618348427628,26.8914094203219,0.417995689779606,0.42156862745098,0.96078431372549,102
"UMass-WISAR6_fourthroot_adaptive_t",2025-12-06,0.52386539437155,0.379238842133705,26.7674479254912,0.235620636232214,0.499750059654562,0.372446280807922,39.5031190945246,0.363026500921038,0.57516339869281,0.967320261437909,153
"UMass-WISAR6_fourthroot_adaptive_t",2025-12-13,0.563808704642102,0.365392228905368,51.6175244519008,0.286797625664984,0.547547721077044,0.366628490109675,74.5094349857781,0.446624932465619,0.446078431372549,0.897058823529412,204
"UMass-WISAR6_fourthroot_adaptive_t",2025-12-20,0.706401976498585,0.489733696110546,159.223300589711,0.516636251307489,0.72372510351802,0.514501235206345,212.952564038101,0.77992079082635,0.127450980392157,0.598039215686274,204
"UMass-WISAR6_fourthroot_adaptive_t",2025-12-27,0.790686793708297,0.587635116920609,365.094504045418,0.770788304319294,0.821650129973725,0.623065638350973,444.589246553381,1.06361865437465,0.0294117647058824,0.299019607843137,204
"UMass-WISAR6_fourthroot_adaptive_t",2026-01-03,0.726352782245304,0.553099635412797,306.373735034854,0.564997219315446,0.788461734035645,0.614480002318236,393.206639765276,0.801757855478838,0.137254901960784,0.5,204
"UMass-WISAR6_fourthroot_adaptive_t",2026-01-10,0.824362192701337,0.579013365874748,146.059008677817,0.269089721999028,0.93878320455562,0.667427329151885,223.33376323671,0.4234120115306,0.303921568627451,0.818627450980392,204
"UMass-WISAR6_fourthroot_adaptive_t",2026-01-17,1.30105760664736,1.10288736190981,245.809346025976,0.42400372360949,1.38651210426496,1.20901602822524,341.584928118374,0.606399416788989,0.191176470588235,0.612745098039216,204
"UMass-WISAR6_fourthroot_adaptive_t",2026-01-24,1.19000320836884,1.07866491533321,251.857024321831,0.483647218554487,1.28440994337426,1.2038512148221,352.041654773667,0.69532274646624,0.161764705882353,0.602941176470588,204
"UMass-WISAR6_fourthroot_adaptive_t",2026-01-31,0.925985355908945,0.870439256470177,162.592067451859,0.417578071264442,1.00765107261047,0.983834353219088,233.6663805927,0.613351856614606,0.259803921568627,0.735294117647059,204
"UMass-WISAR6_fourthroot_adaptive_t",2026-02-07,0.810313563406468,0.81312747361271,87.5737109602445,0.30378498503181,0.82838266741336,0.886729922100078,130.064200182598,0.45999784323364,0.377450980392157,0.86764705882353,204
"UMass-WISAR6_fourthroot_adaptive_t",2026-02-14,1.04525843847425,0.966402295819462,86.6921710093398,0.308022037393385,1.01896486474772,1.03260666255491,125.637368838232,0.471816430541593,0.382352941176471,0.857843137254902,204
"UMass-WISAR6_fourthroot_adaptive_t",2026-02-21,1.47714120580413,1.28822477282975,62.6596027131725,0.295232148186896,1.58613280466572,1.54843088580644,97.9359255273008,0.469069359033822,0.362745098039216,0.955882352941177,204
"UMass-WISAR6_fourthroot_adaptive_t",2026-02-28,0.780920469725992,0.860871089531245,33.4476708805959,0.203924026782344,0.857129892294173,0.986168972676369,54.2512802416783,0.316032987615513,0.509803921568627,1,204
"UMass-WISAR6_fourthroot_adaptive_t",2026-03-07,0.585301965787528,0.748180811634693,28.9264314946456,0.210629558537696,0.600120136243318,0.838610681302122,44.1529564944899,0.318932829063484,0.607843137254902,0.995098039215686,204
"UMass-WISAR6_fourthroot_adaptive_t",2026-03-14,0.515832115553585,0.676432448499939,28.1623721596592,0.208606265937208,0.543182874770428,0.772940372383758,44.833888457767,0.323389368062866,0.598039215686274,0.985294117647059,204
"UMass-WISAR6_fourthroot_adaptive_t",2026-03-21,0.38566102421515,0.587587788852317,19.0244306431529,0.204388581637648,0.375468343286234,0.630325124620346,29.0491022651306,0.309932751111568,0.656862745098039,0.990196078431373,204
"UMass-WISAR6_fourthroot_adaptive_t",2026-03-28,0.389232673242865,0.587099259263523,21.1630284102068,0.350848439035273,0.371612435079892,0.599631734315204,33.1336204983733,0.555544796111953,0.382352941176471,0.916666666666667,204
"UMass-WISAR6_fourthroot_adaptive_t",2026-04-04,0.366374853307198,0.557736468097791,14.6282140982533,0.292611844777767,0.33854341058414,0.563856473978915,22.156338601514,0.449578496728778,0.549019607843137,0.970588235294118,204
"UMass-WISAR6_fourthroot_adaptive_t",2026-04-11,0.337810340392745,0.528465170448749,9.78307745413483,0.265421989511511,0.321490509590708,0.552465049330734,14.7034630121633,0.403882425906563,0.627450980392157,0.990196078431373,204
"UMass-WISAR6_fourthroot_adaptive_t",2026-04-18,0.361309565552603,0.553645475201151,7.37491963477507,0.270265746285974,0.373948471093895,0.613513365592577,10.3770700728556,0.400051505371524,0.686274509803922,0.980392156862745,204
"UMass-WISAR6_fourthroot_adaptive_t",2026-04-25,0.530977347300069,0.679967594199834,8.09581342494858,0.328082310292661,0.898062713535774,1.03458043440658,12.9822889324363,0.51354943243122,0.519607843137255,0.975490196078431,204
"UMass-WISAR6_fourthroot_adaptive_t",2026-05-02,0.468053706883804,0.649845288609476,6.80351376470579,0.336223306580154,0.866122359348778,0.927030288071168,10.9751289162578,0.528808701653688,0.504901960784314,0.975490196078431,204
"UMass-WISAR6_fourthroot_adaptive_t",2026-05-09,0.433927967475102,0.592336049302795,5.73368666711359,0.299305982501833,0.983918589047945,0.96927881783119,9.19288642512442,0.465425416170199,0.573529411764706,0.990196078431373,204
"UMass-WISAR6_fourthroot_adaptive_t",2026-05-16,0.353445047091482,0.52931836217927,4.45990851141832,0.265955912994874,0.807044860409863,0.896702672690774,6.5631736442155,0.410490966804816,0.676470588235294,0.990196078431373,204
"UMass-WISAR6_fourthroot_adaptive_t",2026-05-23,0.356131458571953,0.521072336087841,4.38727239511069,0.265768860412418,0.756450701298819,0.810147390941474,5.95890331856471,0.393243587649456,0.676470588235294,1,204
"UMass-WISAR6_fourthroot_adaptive_t",2026-05-30,0.371836974232856,0.60171884338573,4.48379361781435,0.321183225763296,0.766131347683939,0.883207712483316,6.00887331516815,0.497086396044162,0.612745098039216,0.985294117647059,204
"UMass-WISAR6_fourthroot_adaptive_t",2026-06-06,0.333315210946764,0.561052501381464,4.51598634935785,0.338264997859576,0.917142144119864,0.867522639078366,6.55786605011197,0.557348295068665,0.581699346405229,0.993464052287582,153
"UMass-WISAR6_fourthroot_adaptive_t",2026-06-13,0.275097832235141,0.497751835295518,4.11194569514518,0.323246038751742,0.860510294763242,0.819356887980608,5.4920804106948,0.485476015327848,0.686274509803922,1,102
"UMass-WISAR6_fourthroot_adaptive_t",2026-06-20,0.263826458797214,0.569475154105779,4.28687631886532,0.392508353092088,0.875784774281637,0.897321001720987,5.5466369037837,0.621022655584414,0.607843137254902,1,51
"UMass-chronos_small",2023-10-21,0.814623249498196,0.808207518053612,5.78858633774113,0.290598089875933,0.931884438828392,0.879971470309642,9.13612194929796,0.43833917196005,0.509803921568627,0.901960784313726,51
"UMass-chronos_small",2023-10-28,0.741784351269683,0.736034253798736,5.98527621280406,0.295318947756775,0.833370002821893,0.955217569423828,9.04451157452508,0.454289214480041,0.57843137254902,0.862745098039216,102
"UMass-chronos_small",2023-11-04,0.719938897343096,0.711233393664895,7.66185165942581,0.300620227863991,0.749999380637549,0.868670701423173,11.6715572486638,0.481230583292055,0.444444444444444,0.836601307189543,153
"UMass-chronos_small",2023-11-11,0.904971921216172,0.723211144909261,14.3496652608039,0.350870815082428,0.811976093298683,0.773313553375224,20.5899613502856,0.531211498196109,0.372549019607843,0.813725490196078,204
"UMass-chronos_small",2023-11-18,1.07310497080426,0.860180380193852,22.8114162007361,0.433662111016243,0.897659762596298,0.851496572429828,29.8735885890293,0.644040097197913,0.28921568627451,0.686274509803922,204
"UMass-chronos_small",2023-11-25,1.19612737029044,1.05142925321319,29.2972967625807,0.533185967939375,0.972078594820565,0.986578165413511,37.9205953803042,0.757097168552059,0.200980392156863,0.529411764705882,204
"UMass-chronos_small",2023-12-02,1.31225837573509,1.2620284123128,48.0794088303415,0.694994522951192,1.03538080594761,1.13028347260039,58.9151980168619,0.958685581452912,0.107843137254902,0.338235294117647,204
"UMass-chronos_small",2023-12-09,1.39780351731294,1.46794697898501,63.4334515147051,0.775505677131344,1.11058859077683,1.28467982894954,75.8031153822384,1.0309978633915,0.0392156862745098,0.259803921568627,204
"UMass-chronos_small",2023-12-16,1.39666000407361,1.54689179759005,100.94593101157,0.912850023162408,1.14196220644028,1.33534178647378,115.187040793734,1.16193185478215,0.0343137254901961,0.156862745098039,204
"UMass-chronos_small",2023-12-23,1.25083206127271,1.52539733921816,175.425642918268,1.11323658213774,1.09730243163644,1.34658376763511,193.211290903828,1.3472804120761,0.0392156862745098,0.117647058823529,204
"UMass-chronos_small",2023-12-30,1.15391564378943,1.50417704622298,230.668470697352,1.16659098979659,1.0663791711305,1.3886593136387,254.848939853556,1.40321063387032,0.0392156862745098,0.127450980392157,204
"UMass-chronos_small",2024-01-06,1.32669188353026,1.76883938042663,148.222320380659,0.816032893299129,1.21802712435641,1.67719588842601,176.010890190699,1.04641183338109,0.0931372549019608,0.279411764705882,204
"UMass-chronos_small",2024-01-13,1.45428519545998,2.05678863166189,96.4656244244692,0.520894209980821,1.35675223131693,2.05919494441757,125.805515723486,0.729656663321552,0.127450980392157,0.431372549019608,204
"UMass-chronos_small",2024-01-20,1.45039257231351,1.67533570535454,107.574972916631,0.487740718698959,1.36346461847622,1.71660566740565,138.652321128869,0.680337377124261,0.151960784313725,0.490196078431373,204
"UMass-chronos_small",2024-01-27,1.47833049724169,1.90528292684967,112.031517659128,0.509444616852404,1.35559973667525,1.9072313045915,141.494045063853,0.701990038694,0.176470588235294,0.495098039215686,204
"UMass-chronos_small",2024-02-03,1.43474225652937,1.99262519014584,94.5328290710001,0.557826146061693,1.2357133340591,1.98415556226648,114.563952387548,0.761770723909929,0.156862745098039,0.5,204
"UMass-chronos_small",2024-02-10,2.0670981717119,2.47241993187199,99.9792655373856,0.585780140841196,1.65347889054327,2.27097780214544,118.499320488934,0.779121355540064,0.230392156862745,0.450980392156863,204
"UMass-chronos_small",2024-02-17,2.22519587120894,2.61628342928855,84.2665882672344,0.553317336860782,1.80793609091334,2.44567106938249,103.805663886608,0.761367875717168,0.147058823529412,0.475490196078431,204
"UMass-chronos_small",2024-02-24,1.8707792989524,2.10090646169497,73.1899950239222,0.465451028802274,1.59974136157891,2.01698168928996,91.9223933354312,0.639388806737052,0.21078431372549,0.495098039215686,204
"UMass-chronos_small",2024-03-02,1.93602937788604,2.30706215599473,65.0594899204407,0.449654019256545,1.65001575593794,2.31107889372577,80.8750369785463,0.623283007955255,0.191176470588235,0.519607843137255,204
"UMass-chronos_small",2024-03-09,1.52968611917555,1.75971492597626,41.3568445723882,0.323753708663485,1.37350112797712,1.77478878340309,55.4382759204098,0.456757224467721,0.269607843137255,0.642156862745098,204
"UMass-chronos_small",2024-03-16,1.16506998182485,1.40567878469076,44.5968213379517,0.327623039753439,1.02064212363541,1.38010460951921,58.2766640005158,0.461535775051268,0.294117647058824,0.63235294117647,204
"UMass-chronos_small",2024-03-23,1.071985275403,1.11679811027203,45.8324516904485,0.32425025950764,0.938718191046864,1.10552654248194,59.6684254083563,0.455085659885606,0.32843137254902,0.656862745098039,204
"UMass-chronos_small",2024-03-30,1.05962628517833,1.20213006108129,36.7637823334906,0.317953622401993,0.953987392425359,1.21373214736452,50.1685134604865,0.463847885625448,0.318627450980392,0.676470588235294,204
"UMass-chronos_small",2024-04-06,0.981480479160043,1.14640114847876,25.2436740427875,0.29761947365383,0.92033936730858,1.19053586511015,36.6060471879501,0.452169719480065,0.397058823529412,0.78921568627451,204
"UMass-chronos_small",2024-04-13,0.698326603542476,0.902174691416302,16.6832768074972,0.300225825130145,0.699316942352298,0.92317493779724,25.638193195357,0.457954081668293,0.397058823529412,0.833333333333333,204
"UMass-chronos_small",2024-04-20,0.483660679322955,0.665994985001825,12.9172121649357,0.248177018551037,0.490261944435888,0.683145549709413,20.6318568283436,0.39384847165698,0.465686274509804,0.92156862745098,204
"UMass-chronos_small",2024-04-27,0.529267356006549,0.687457504351207,13.3404727454391,0.291758875979715,0.51483433205341,0.688223906801977,20.44699881518,0.444610023585299,0.490196078431373,0.887254901960784,204
"UMass-chronos_small",2024-05-04,0.469947727883207,0.575451127316179,11.8005157357918,0.329088532592411,0.450952205555527,0.557911880749039,18.4713560275587,0.50799494547671,0.46078431372549,0.877450980392157,204
"UMass-chronos_small",2024-05-11,0.492442640510576,0.777775859462334,13.1172078970742,0.721851851555684,0.423896850178419,0.646368305978648,18.8869596579496,1.01043149792148,0.300653594771242,0.647058823529412,153
"UMass-chronos_small",2024-05-18,0.48176879691706,0.773128708703401,10.6608349512756,0.712434539811073,0.405575157986479,0.604253832149271,15.1511291162092,0.992298139725036,0.285714285714286,0.642857142857143,98
"UMass-chronos_small",2024-05-25,0.524470709021103,0.822806911782611,10.5185809911176,0.699466394655124,0.452083545391888,0.605158346249391,15.2139952316576,0.963675950321616,0.346938775510204,0.63265306122449,49
"UMass-chronos_small",2024-11-30,0.904741012673621,0.769599024741219,24.86553022321,0.307125274852013,0.859922722102314,0.778426320989429,32.2049490042239,0.454958770500671,0.392156862745098,0.823529411764706,51
"UMass-chronos_small",2024-12-07,0.731457450515297,0.773805079806118,29.4012533663328,0.375796286811298,0.656799229780291,0.769911638537661,39.0473581312518,0.553649307835282,0.254901960784314,0.696078431372549,102
"UMass-chronos_small",2024-12-14,0.870609613281476,0.831708081836512,60.2841491621125,0.570251666386751,0.739950571036274,0.75276511123882,75.7796437749501,0.782668878070438,0.124183006535948,0.42483660130719,153
"UMass-chronos_small",2024-12-21,0.957778297258044,0.900443395175595,150.300137032793,0.826035050824081,0.83378193149629,0.783508045331391,171.244094930547,1.06154297173188,0.0931372549019608,0.299019607843137,204
"UMass-chronos_small",2024-12-28,0.958648907040021,0.948951401018458,330.681318864044,1.15631200918943,0.901377018492838,0.865773496499364,360.784988681352,1.40443959594116,0.00980392156862745,0.132352941176471,204
"UMass-chronos_small",2025-01-04,0.937544071805436,0.949237639421893,419.242827452742,1.13645307761609,0.915189823365891,0.892706046801137,460.623113304377,1.3478074656745,0.0588235294117647,0.200980392156863,204
"UMass-chronos_small",2025-01-11,1.03967431974666,0.982741581185285,234.267182045045,0.619910004304352,1.006204720309,0.932134473122988,276.010833057703,0.777983467405045,0.166666666666667,0.333333333333333,204
"UMass-chronos_small",2025-01-18,1.10535580715745,1.1116926539713,216.068766771481,0.472494659486416,1.09967203066762,1.07658332211459,268.594893490567,0.605362660671455,0.156862745098039,0.470588235294118,204
"UMass-chronos_small",2025-01-25,1.06484524946612,1.18587425882816,277.592722750281,0.481643624607481,1.10107834882509,1.18728964342853,354.043466985615,0.620695976212547,0.150326797385621,0.483660130718954,153
"UMass-chronos_small",2025-02-01,1.00845994011559,1.19723388621763,373.142643886358,0.553875415282112,1.05669256133091,1.24393903043202,459.136371141945,0.711403692167996,0.117647058823529,0.398692810457516,153
"UMass-chronos_small",2025-02-08,1.06437638637189,1.27154329159268,351.672997836382,0.569821275312526,1.11078120036427,1.33145470045849,429.037423638737,0.725870733234776,0.137254901960784,0.333333333333333,153
"UMass-chronos_small",2025-02-15,1.10764578013847,1.24064453502182,235.268486824419,0.356178123987743,1.1030094405493,1.26850843707998,289.341724813374,0.458164687166086,0.163398692810458,0.42483660130719,153
"UMass-chronos_small",2025-02-22,1.28819789922366,1.43478687805332,258.8362448587,0.389311358658582,1.22833071938778,1.43223575926011,316.614285380233,0.504561075534778,0.166666666666667,0.431372549019608,204
"UMass-chronos_small",2025-03-01,1.38698605328968,1.47526421461601,284.644543865739,0.40456263554013,1.25766691892871,1.41324399396418,334.9031374361,0.510264672788949,0.161764705882353,0.406862745098039,204
"UMass-chronos_small",2025-03-08,1.12443036314958,1.32110682245863,246.714000367064,0.437148502629131,1.04266119866834,1.30368332986855,293.800459230647,0.558200484079855,0.196078431372549,0.475490196078431,204
"UMass-chronos_small",2025-03-15,0.899072666674758,1.21675730137703,180.158108627535,0.457481318851827,0.836743247454688,1.20744220719573,218.755037335789,0.591410867116603,0.215686274509804,0.490196078431373,204
"UMass-chronos_small",2025-03-22,0.666111617925095,0.991053809323736,113.799248457118,0.417370210071711,0.622342831373673,0.98979124470026,144.50251418469,0.565553255988605,0.215686274509804,0.544117647058823,204
"UMass-chronos_small",2025-03-29,0.478073676962269,0.843652649866327,66.7474536311043,0.39847811891439,0.466650743551915,0.84640939918626,92.5455349601951,0.559902665948507,0.25,0.593137254901961,204
"UMass-chronos_small",2025-04-05,0.41635051303623,0.734968061750233,44.6427249938664,0.389415226812332,0.396983936918665,0.731119632322643,63.9007918460696,0.563579639784878,0.269607843137255,0.647058823529412,204
"UMass-chronos_small",2025-04-12,0.338975233840974,0.663678928677521,26.352835578449,0.365894955178693,0.322113782310812,0.67547599854902,39.7131555828394,0.563488915960468,0.323529411764706,0.803921568627451,204
"UMass-chronos_small",2025-04-19,0.449080951834955,0.866446668422865,22.7328051171061,0.426388200857468,0.427535591410494,0.915246306952936,35.1689939189191,0.668912358370947,0.279411764705882,0.799019607843137,204
"UMass-chronos_small",2025-04-26,0.494921589749888,0.921748658102978,20.0797002380872,0.483744627169934,0.459277913378252,0.973918995381147,30.1262296644715,0.744966509481941,0.366013071895425,0.823529411764706,153
"UMass-chronos_small",2025-05-03,0.543989766836945,0.913823302970747,14.1590318142386,0.442458462748852,0.59346598298855,1.07320828092318,22.94347247959,0.710031022167854,0.326797385620915,0.875816993464052,153
"UMass-chronos_small",2025-05-10,0.65742251420152,0.909754651542891,11.6395675330002,0.425186436368256,0.869156132376478,1.19231054698615,18.6272088762253,0.693683708538618,0.326797385620915,0.901960784313726,153
"UMass-chronos_small",2025-05-17,0.704450147123924,0.885760900555512,9.66343852573297,0.400435492790391,1.12275314868981,1.25284593993139,15.4470286143271,0.649653992739316,0.34640522875817,0.869281045751634,153
"UMass-chronos_small",2025-05-24,0.584747037177927,0.853952097597401,10.1676276772996,0.471212340292287,1.07820904866871,1.3215670420866,15.9687693090412,0.741531861617212,0.34640522875817,0.836601307189543,153
"UMass-chronos_small",2025-05-31,0.616245763422828,0.84995064654247,11.1993605064402,0.513852256669258,1.42106959902989,1.52418998745293,17.0389031334663,0.797103405600436,0.343137254901961,0.833333333333333,102
"UMass-chronos_small",2025-06-07,0.477498003875433,0.823238446072014,9.22198448778796,0.545379628680634,1.32027468575428,1.59550052299467,14.4712460654244,0.841531516773525,0.254901960784314,0.803921568627451,51
"UMass-flusion",2023-10-21,0.722863896200976,0.684943315386207,5.13655861918112,0.246277366491062,0.854356575620961,0.816043933730984,8.37604485902903,0.406495022013377,0.568627450980392,0.96078431372549,51
"UMass-flusion",2023-10-28,0.786887723188812,0.774645249722706,6.34920427168363,0.310810833670044,0.905501515657085,1.03032294873982,9.82735029024177,0.490008368801363,0.519607843137255,0.96078431372549,102
"UMass-flusion",2023-11-04,0.786461783456546,0.767950622729402,8.36981241448311,0.324593155003039,0.828029688305514,0.922843693725588,12.8858718555683,0.511241611224339,0.562091503267974,0.973856209150327,153
"UMass-flusion",2023-11-11,0.64349981722902,0.577930620862851,10.2036392026567,0.280386978865881,0.566763631161305,0.62266764748182,14.3719025186449,0.427728458208685,0.666666666666667,0.970588235294118,204
"UMass-flusion",2023-11-18,0.62122389574546,0.579683230548873,13.2056017120782,0.292248764641536,0.60101891120927,0.58791836006847,20.001555640371,0.444679415070856,0.607843137254902,0.975490196078431,204
"UMass-flusion",2023-11-25,0.590890675901488,0.533892471372124,14.472956573115,0.270740017223368,0.5322259014229,0.5153757083248,20.7620280564874,0.395497795503791,0.686274509803922,0.970588235294118,204
"UMass-flusion",2023-12-02,0.519575635857082,0.4653308108075,19.0365631316041,0.256256009544969,0.499338576155282,0.456572604964453,28.4133440784829,0.387256457230858,0.661764705882353,0.990196078431373,204
"UMass-flusion",2023-12-09,0.464546634780357,0.431679086298468,21.0815011327961,0.228052911253515,0.445567772577924,0.421476713127189,30.4121846341912,0.338248940250524,0.730392156862745,1,204
"UMass-flusion",2023-12-16,0.418670250960779,0.410543558743707,30.2600906067447,0.242269496607473,0.463711859958981,0.423668393635048,46.7735242273331,0.368650039574429,0.63235294117647,0.975490196078431,204
"UMass-flusion",2023-12-23,0.481321294746204,0.440399231626553,67.5039441307514,0.32140382232692,0.604032051760936,0.504872232633119,106.357016172808,0.505133424281741,0.348039215686274,0.823529411764706,204
"UMass-flusion",2023-12-30,0.5273830209816,0.447591500204413,105.424201133176,0.347137467998964,0.667187393840383,0.533744548347891,159.44797554853,0.539337488076599,0.235294117647059,0.730392156862745,204
"UMass-flusion",2024-01-06,0.527718012456264,0.459477022138537,58.9583680159395,0.211974228937476,0.631050810777556,0.520995035888547,91.1899355436842,0.325051697567782,0.524509803921569,0.936274509803922,204
"UMass-flusion",2024-01-13,0.665416096152951,0.644088890556719,44.1383708077867,0.163119422501318,0.716921344614252,0.693904630134829,66.4768831113881,0.245878681112808,0.534313725490196,0.975490196078431,204
"UMass-flusion",2024-01-20,0.675576683308479,0.752510275062209,50.1072225529212,0.219078421843533,0.764765188790741,0.893482765020466,77.769871771882,0.354111449357174,0.446078431372549,0.931372549019608,204
"UMass-flusion",2024-01-27,0.610727970366044,0.715632322927204,46.2824662852103,0.191349552039318,0.68444228963697,0.822224491415692,71.4403415354902,0.302634190805546,0.514705882352941,0.96078431372549,204
"UMass-flusion",2024-02-03,0.612577956625472,0.721332975092161,40.3617632385198,0.201933808481778,0.667866847183408,0.821643069593462,61.9184592195087,0.315450888943822,0.544117647058823,0.965686274509804,204
"UMass-flusion",2024-02-10,0.974816201126553,1.02183249968724,47.1489013711733,0.242098511610726,1.07069381358204,1.12935847252736,76.7330566400463,0.387457465755459,0.406862745098039,0.941176470588235,204
"UMass-flusion",2024-02-17,1.25766702901378,1.43747837496837,47.6269577354561,0.304012056694008,1.34970811662166,1.61599054343945,77.4957410293605,0.50307799059347,0.274509803921569,0.926470588235294,204
"UMass-flusion",2024-02-24,1.22215075468626,1.31627948621153,47.813875054134,0.291618714216433,1.32096864191453,1.50069841505379,75.9038942182458,0.475725572506916,0.338235294117647,0.911764705882353,204
"UMass-flusion",2024-03-02,1.33311457325404,1.43773100392273,44.7987799834506,0.280218512034349,1.43980444667607,1.66686621592224,70.5715914819312,0.449543021547011,0.352941176470588,0.941176470588235,204
"UMass-flusion",2024-03-09,1.00294343746479,1.11887831326619,27.1157431176034,0.205852094629538,1.06837194060807,1.26889734995046,43.1224243086611,0.326561694054939,0.485294117647059,0.965686274509804,204
"UMass-flusion",2024-03-16,0.5482192520183,0.764580843248317,20.9848647872563,0.178201665081947,0.582865108366019,0.830634277810953,33.2804548149382,0.277781432327208,0.544117647058823,0.990196078431373,204
"UMass-flusion",2024-03-23,0.452722312029289,0.610707212898055,19.3560247247519,0.17731223794527,0.482586159692325,0.67922039775827,30.6749741800509,0.279598409485166,0.583333333333333,0.995098039215686,204
"UMass-flusion",2024-03-30,0.46874295871012,0.615824810427761,16.2630583493642,0.162880652917377,0.45293532692161,0.632271716124956,23.8190695451718,0.241633130754717,0.700980392156863,1,204
"UMass-flusion",2024-04-06,0.58441468121505,0.701952213834838,15.0311432898164,0.182235205092815,0.554419808239046,0.715195857129683,22.0517760982923,0.271633908367568,0.61764705882353,0.990196078431373,204
"UMass-flusion",2024-04-13,0.493734035284234,0.638820919225636,11.7954858631251,0.212586918486737,0.475948160625985,0.648528955593955,17.4490994770674,0.321712028928104,0.607843137254902,0.990196078431373,204
"UMass-flusion",2024-04-20,0.402642899387311,0.581546620561452,10.7534558429917,0.216708097943075,0.368541739939513,0.557821249803646,15.5094648891212,0.321596249564099,0.651960784313726,0.995098039215686,204
"UMass-flusion",2024-04-27,0.461901008669128,0.617176135679012,11.6424671714783,0.261931267732908,0.462572669667963,0.657629524140645,18.3713910276953,0.424845279782893,0.519607843137255,0.985294117647059,204
"UMass-flusion",2024-05-04,0.553800268235933,0.659712714590305,13.906075914528,0.377275982044941,0.536388283952022,0.670658348254171,21.9708848073681,0.610653873506824,0.411764705882353,0.950980392156863,204
"UMass-flusion",2024-05-11,0.67770785538273,0.866919197563069,18.0521224224583,0.804585563175834,0.608665578400107,0.776565277669978,27.1194329931604,1.21396115727216,0.30718954248366,0.816993464052288,153
"UMass-flusion",2024-05-18,0.693392825512233,0.871610726140168,15.3437634742815,0.803185264732278,0.624423561933312,0.773700139345416,23.3266802065087,1.27056076127259,0.326530612244898,0.918367346938776,98
"UMass-flusion",2024-05-25,0.729464913186218,0.882602111386496,14.6298651908491,0.750298165858892,0.663536326273052,0.776842574030436,22.33002861274,1.23707209925938,0.36734693877551,0.938775510204082,49
"UMass-flusion",2024-11-30,0.774187536720334,0.71222339150366,21.2774521361247,0.284228277115017,0.82043910715248,0.728420829254239,30.7262489149262,0.425732578599546,0.431372549019608,0.941176470588235,51
"UMass-flusion",2024-12-07,0.737061195427074,0.661844430264511,29.6264983533589,0.321422908469999,0.776426652935665,0.683015403879539,46.1593257196262,0.491161565393383,0.294117647058824,0.88235294117647,102
"UMass-flusion",2024-12-14,0.784168698322892,0.674751583680845,54.2986684925027,0.4626361380804,0.785950517832587,0.67200539007297,80.4905795027373,0.698700958443908,0.117647058823529,0.640522875816993,153
"UMass-flusion",2024-12-21,0.852207238552293,0.705432723744034,133.733312919533,0.647139130491637,0.843237540305825,0.677918844546291,173.18611011634,0.918484486688755,0.102941176470588,0.42156862745098,204
"UMass-flusion",2024-12-28,0.875776954648613,0.754917214779234,302.095038409979,0.919878341984853,0.891098532094747,0.746891238345149,356.670923731041,1.21159129175794,0.00490196078431373,0.166666666666667,204
"UMass-flusion",2025-01-04,0.822842302106569,0.725272355896589,367.951484796409,0.868315758602379,0.879364581648867,0.752015773554098,442.591953043125,1.13539331063475,0.0686274509803922,0.235294117647059,204
"UMass-flusion",2025-01-11,0.768646397740756,0.647500719082071,173.197146613835,0.408441223245197,0.892668195905324,0.728812344063535,244.866762620912,0.608285575602069,0.205882352941176,0.696078431372549,204
"UMass-flusion",2025-01-18,0.777383845656572,0.686194259042101,151.95864331779,0.291648165173538,0.951400343244478,0.812173297839385,232.379533837464,0.4566849387381,0.299019607843137,0.848039215686274,204
"UMass-flusion",2025-01-25,0.709882139384425,0.68431583947175,185.057984718734,0.277935336605739,0.8963545726344,0.835659793533542,288.21607552498,0.436869532383908,0.320261437908497,0.895424836601307,153
"UMass-flusion",2025-02-01,0.850115463862493,0.872491319463109,314.553230302802,0.403640005065662,1.04597052071698,1.05742481547702,454.477609455842,0.604736968225167,0.156862745098039,0.65359477124183,153
"UMass-flusion",2025-02-08,1.04418088626305,1.10475449479805,345.000346923586,0.495077611037978,1.23280247046099,1.31668066446558,476.167939832436,0.717816354565099,0.143790849673203,0.509803921568627,153
"UMass-flusion",2025-02-15,0.948410007078574,1.09978784896226,201.446158379818,0.315739409452201,1.1275979219793,1.26921970806695,295.791781690451,0.458421586718119,0.254901960784314,0.705882352941177,153
"UMass-flusion",2025-02-22,0.753357560332561,1.04127451936123,151.371339815029,0.282536733552435,0.879938771309635,1.20311363357563,226.812845155758,0.423843843461269,0.357843137254902,0.833333333333333,204
"UMass-flusion",2025-03-01,0.445098697608621,0.626994054040047,91.3454864636477,0.171940974679207,0.530834206858798,0.733578407891439,141.355424603875,0.264865195158403,0.5,0.941176470588235,204
"UMass-flusion",2025-03-08,0.328549201673673,0.52051397890391,72.0877793047771,0.172235812129038,0.395300053889142,0.645308951779008,111.387416655439,0.276303118258347,0.441176470588235,0.985294117647059,204
"UMass-flusion",2025-03-15,0.301589318937426,0.475521603047953,60.433114358807,0.178788530677988,0.363775610213054,0.577044443649324,95.1041402916313,0.28263908015611,0.401960784313726,0.975490196078431,204
"UMass-flusion",2025-03-22,0.272093865981535,0.410751948761161,46.4848181974998,0.172983167542429,0.303287906302484,0.461105888149408,70.4207757736753,0.26346963341486,0.504901960784314,0.980392156862745,204
"UMass-flusion",2025-03-29,0.225932429543921,0.389054998290531,31.5441219449023,0.183760347220643,0.227199062708804,0.408133834716597,45.0578062745594,0.269981905141065,0.563725490196078,0.970588235294118,204
"UMass-flusion",2025-04-05,0.237435248541592,0.434063758740655,25.4587329007812,0.229984193678403,0.227433190288392,0.455132399319738,36.6089395563722,0.350836364287165,0.5,0.970588235294118,204
"UMass-flusion",2025-04-12,0.25385055570645,0.471643359639324,19.7350168631151,0.260023210740522,0.237413429707066,0.47951681295513,29.2705155419726,0.400017779606266,0.514705882352941,0.96078431372549,204
"UMass-flusion",2025-04-19,0.313405423056851,0.570166471985397,15.8648109564308,0.280585366692707,0.291135063183686,0.606293925621361,23.9487132121835,0.443112959399484,0.475490196078431,0.965686274509804,204
"UMass-flusion",2025-04-26,0.349435367978363,0.595428196153488,14.1771092369139,0.3124877787699,0.326475064935924,0.630961825030158,21.4150572006335,0.482632981426877,0.61437908496732,0.973856209150327,153
"UMass-flusion",2025-05-03,0.375733943144384,0.645789586014371,9.77964877097637,0.312680872284872,0.397868461231006,0.743233798245621,15.3816467201399,0.491721004075826,0.568627450980392,0.986928104575163,153
"UMass-flusion",2025-05-10,0.449679203812729,0.687789321370013,7.96150321581411,0.321447865124403,0.581204765826332,0.872983703810632,12.4560158636898,0.507900038864769,0.555555555555556,0.973856209150327,153
"UMass-flusion",2025-05-17,0.445607400629372,0.597843465923638,6.11271037443064,0.270273549824233,0.697613683263671,0.818903661302731,9.59788760307207,0.424636434758529,0.562091503267974,0.980392156862745,153
"UMass-flusion",2025-05-24,0.373695629039516,0.541978320577262,6.4978491195876,0.299064635528652,0.675799803128072,0.864645581433068,10.0089042737792,0.485153024569104,0.61437908496732,0.993464052287582,153
"UMass-flusion",2025-05-31,0.361766978114476,0.515605191458798,6.57458281696866,0.311717971224873,0.77740961663697,0.894716907914497,9.32129373673543,0.467908791041682,0.656862745098039,1,102
"UMass-flusion",2025-06-07,0.328600786577022,0.493004711073872,6.34631209323078,0.326606134038293,0.737088060599636,0.919180906967325,8.07906325245484,0.484813192901761,0.725490196078431,0.980392156862745,51
"UMass-flusion",2025-11-22,0.650159863785766,0.651295974159732,11.9197249850653,0.27422317996788,0.69352935246067,0.698614501582061,19.2556384918492,0.433592864982352,0.392156862745098,0.92156862745098,51
"UMass-flusion",2025-11-29,0.644063734030582,0.602249743745485,20.0952359970169,0.317378161131647,0.632404872764754,0.625213787657327,31.0064389087896,0.513816831892629,0.303921568627451,0.92156862745098,102
"UMass-flusion",2025-12-06,0.611309203907272,0.499201687053566,31.2354804454898,0.310153407414652,0.57970709340403,0.499453395675207,45.8233829256754,0.486821396663668,0.352941176470588,0.901960784313726,153
"UMass-flusion",2025-12-13,0.604778049258431,0.459254502166888,55.3683288117839,0.360470448952897,0.580006767136896,0.458125830525757,78.926411057452,0.558086519839508,0.338235294117647,0.82843137254902,204
"UMass-flusion",2025-12-20,0.632395104342897,0.492544990106886,142.542120690757,0.519601978197688,0.656754443637688,0.497040865504253,193.246775655862,0.753453011131488,0.117647058823529,0.436274509803922,204
"UMass-flusion",2025-12-27,0.673505710510794,0.524961123460274,310.986898108495,0.688580179322679,0.7287433723833,0.547920405663399,394.318037616597,0.935340241388563,0.0441176470588235,0.215686274509804,204
"UMass-flusion",2026-01-03,0.589389078486498,0.464034706732026,248.602797123555,0.474016437877021,0.685488051045582,0.518508783213341,341.853563103541,0.676537053293351,0.181372549019608,0.519607843137255,204
"UMass-flusion",2026-01-10,0.670539861397074,0.487015723356751,118.805045041773,0.226334888503372,0.773979067151826,0.548888737355443,184.127343666398,0.348211819083709,0.348039215686274,0.848039215686274,204
"UMass-flusion",2026-01-17,1.15555542238519,1.02938791483975,218.319558812787,0.395746949330223,1.31445612150592,1.17349998835187,323.83301840512,0.588585835030707,0.191176470588235,0.676470588235294,204
"UMass-flusion",2026-01-24,1.0764116908965,1.02453306338568,227.816062602073,0.459375807426278,1.22043353591711,1.15828416220644,334.506474153281,0.669004038819483,0.215686274509804,0.691176470588235,204
"UMass-flusion",2026-01-31,0.856905190049149,0.845588574696257,150.462408040521,0.405656389553025,0.982459684287351,0.972944413703569,227.824695220085,0.606562741558387,0.333333333333333,0.759803921568627,204
"UMass-flusion",2026-02-07,0.752611999639851,0.77113370665445,81.3376804956809,0.288096084729174,0.799750072911642,0.856349558272479,125.568602134117,0.444237800080645,0.42156862745098,0.862745098039216,204
"UMass-flusion",2026-02-14,0.96394264932387,0.905914741522113,79.9479611189375,0.28874279955195,0.948735468167698,0.957103116096403,116.978153092265,0.437317511374111,0.426470588235294,0.857843137254902,204
"UMass-flusion",2026-02-21,1.36555232558457,1.26408797502955,57.9260573525182,0.289700536922154,1.43326700683059,1.4722673310852,88.4972118531282,0.445996976454588,0.357843137254902,0.897058823529412,204
"UMass-flusion",2026-02-28,0.783301211613817,0.909201393485887,33.5496406383403,0.215372558761055,0.853160090602069,1.06224603827158,54.0000151463427,0.340413051271162,0.455882352941176,0.985294117647059,204
"UMass-flusion",2026-03-07,0.633823954421516,0.884683797759853,31.3244551854024,0.249058188702375,0.671892512028069,1.04628145872236,49.4335034952416,0.397912300745872,0.480392156862745,0.96078431372549,204
"UMass-flusion",2026-03-14,0.532694973619221,0.747036961269507,29.0830168233019,0.230380123474406,0.55264105018997,0.884681504539119,45.6145588387192,0.370140573466858,0.470588235294118,0.970588235294118,204
"UMass-flusion",2026-03-21,0.434707878899004,0.615662414530157,21.4438830290835,0.214154157150219,0.420198785190857,0.679733661797028,32.5097913071926,0.334227076781659,0.53921568627451,0.980392156862745,204
"UMass-flusion",2026-03-28,0.485644655365105,0.688002353891943,26.4050588382747,0.41114777119355,0.446219381799564,0.671650403996741,39.785707527217,0.622268411415897,0.318627450980392,0.78921568627451,204
"UMass-flusion",2026-04-04,0.460377252472338,0.655509444140765,18.3814389943522,0.343907631454443,0.421942849244124,0.66482282219721,27.6145048051877,0.530081782843168,0.470588235294118,0.897058823529412,204
"UMass-flusion",2026-04-11,0.432720087341507,0.61512949030524,12.5316890107632,0.308949202811943,0.425694484737952,0.670078773914218,19.4692624637504,0.489864546336133,0.529411764705882,0.96078431372549,204
"UMass-flusion",2026-04-18,0.433458982189463,0.645736705712744,8.8476073245652,0.315220697162375,0.47468760257536,0.758197749626099,13.1725809714662,0.494395343472681,0.598039215686274,0.965686274509804,204
"UMass-flusion",2026-04-25,0.566291854883715,0.754576102828484,8.63425384250101,0.364080690343673,0.957629720398056,1.17252979980331,13.8433825757543,0.582025324636134,0.509803921568627,0.965686274509804,204
"UMass-flusion",2026-05-02,0.525086458173878,0.701736832529246,7.63252783453216,0.3630714607271,0.932932624649631,1.01207601226434,11.8217197780358,0.577321592300837,0.588235294117647,0.965686274509804,204
"UMass-flusion",2026-05-09,0.480562581017394,0.630751727915383,6.34989092665761,0.318717332603095,0.997922465726224,0.993996586138626,9.32372656703031,0.477294320544927,0.681372549019608,0.985294117647059,204
"UMass-flusion",2026-05-16,0.434912882774295,0.596011166970389,5.48790167968745,0.29946570040407,0.89779423004171,0.963034068170187,7.30117954725097,0.440856035951038,0.720588235294118,0.985294117647059,204
"UMass-flusion",2026-05-23,0.469899109741591,0.607289779327614,5.7888045075351,0.309743391491044,1.02449807103814,0.966213509070833,8.07043333410928,0.468997704603893,0.696078431372549,0.990196078431373,204
"UMass-flusion",2026-05-30,0.479289856143851,0.671585733015888,5.77951346149661,0.358476511875457,1.06117189917245,1.03484608237791,8.32291685625449,0.582431405748593,0.63235294117647,0.975490196078431,204
"UMass-flusion",2026-06-06,0.459451242200405,0.686935984854266,6.22496504758653,0.41416159606141,1.26917551411198,1.08379603289199,9.0750196891406,0.696295224959506,0.529411764705882,0.986928104575163,153
"UMass-flusion",2026-06-13,0.449528335684575,0.667822493114084,6.71919545765089,0.433691972949283,1.54591162363179,1.25318079918519,9.86655359788524,0.742520420342389,0.598039215686274,0.970588235294118,102
"UMass-flusion",2026-06-20,0.467113104553479,0.73324956188414,7.59005035079186,0.505389174339956,1.72240599825173,1.28984247846999,10.908571322261,0.89268099122691,0.529411764705882,0.980392156862745,51
"UMass-flusion_3src_spatial",2023-10-21,0.688831348835912,0.630860615888499,4.89472862128051,0.226831458332205,0.784695921061962,0.713974034070445,7.69309726531336,0.355651060806881,0.627450980392157,0.980392156862745,51
"UMass-flusion_3src_spatial",2023-10-28,0.612260573636799,0.656382405739862,4.94018058099182,0.263360244973275,0.698951334384368,0.826616323354111,7.58567432528553,0.393128112624047,0.627450980392157,0.96078431372549,102
"UMass-flusion_3src_spatial",2023-11-04,0.671261512575264,0.649981023863394,7.1438092218852,0.274730412325306,0.703688636444635,0.750391389083074,10.9508653174034,0.415705612350183,0.588235294117647,0.980392156862745,153
"UMass-flusion_3src_spatial",2023-11-11,0.633602095802292,0.559191184348104,10.0466962235559,0.271295413545852,0.626157971617751,0.59103963882103,15.878014810025,0.406002262162686,0.612745098039216,0.970588235294118,204
"UMass-flusion_3src_spatial",2023-11-18,0.686630738173066,0.598333486256877,14.5959807948196,0.301651338156992,0.679582480560895,0.610314913370573,22.6161049904588,0.461619328668422,0.485294117647059,0.946078431372549,204
"UMass-flusion_3src_spatial",2023-11-25,0.646986652974053,0.588264058753626,15.8469410904017,0.298312169470237,0.640619902557731,0.605234665825503,24.9904567870315,0.464455293934041,0.5,0.931372549019608,204
"UMass-flusion_3src_spatial",2023-12-02,0.56403866705385,0.506218648292237,20.6656297043726,0.278772795086377,0.594489604261198,0.525899181525344,33.8276241483529,0.446057980009486,0.455882352941176,0.965686274509804,204
"UMass-flusion_3src_spatial",2023-12-09,0.488668257039539,0.438988272060312,22.1761598148512,0.231914300755087,0.526099722112392,0.446300137095963,35.9088849543772,0.358170555346477,0.602941176470588,0.985294117647059,204
"UMass-flusion_3src_spatial",2023-12-16,0.455072252884412,0.405919793552816,32.8911060035831,0.23954092556703,0.515509215422957,0.419305989959919,51.9982015968539,0.364854145635592,0.583333333333333,0.946078431372549,204
"UMass-flusion_3src_spatial",2023-12-23,0.49952099148849,0.411057215353952,70.056399892626,0.299989987997641,0.613150357452748,0.467843941989426,107.962553135798,0.468085977345319,0.338235294117647,0.808823529411765,204
"UMass-flusion_3src_spatial",2023-12-30,0.536029271748246,0.423764312126219,107.152592157548,0.328657872798381,0.669194073498471,0.499986466438048,159.927542476818,0.505225665940157,0.240196078431373,0.715686274509804,204
"UMass-flusion_3src_spatial",2024-01-06,0.522717988923408,0.436132451338001,58.3997491691686,0.201204490393667,0.633018116415138,0.497110293358038,91.4742208519699,0.310149873998061,0.524509803921569,0.950980392156863,204
"UMass-flusion_3src_spatial",2024-01-13,0.673703648078169,0.629663355922444,44.688100581501,0.159466068261997,0.732015903003935,0.69192243464911,67.8765334373649,0.24517630849477,0.549019607843137,0.975490196078431,204
"UMass-flusion_3src_spatial",2024-01-20,0.698622820291653,0.759777382482475,51.8165442973394,0.221194095845283,0.793328528101139,0.897111393485478,80.6745113502849,0.355549573219468,0.406862745098039,0.931372549019608,204
"UMass-flusion_3src_spatial",2024-01-27,0.645453375649964,0.739231605952833,48.914042825466,0.197659653037736,0.724569962295654,0.852095170514467,75.6287657213793,0.313628619811553,0.5,0.96078431372549,204
"UMass-flusion_3src_spatial",2024-02-03,0.61729938388529,0.734093247792114,40.6728503861189,0.205505987423463,0.672081644564918,0.832305329288674,62.309216390472,0.319544417415581,0.529411764705882,0.965686274509804,204
"UMass-flusion_3src_spatial",2024-02-10,0.986100053296094,1.03911148918067,47.6946670574778,0.246192350512677,1.06707278897033,1.12802263233888,76.4735498762071,0.38699916906165,0.406862745098039,0.941176470588235,204
"UMass-flusion_3src_spatial",2024-02-17,1.2724014414865,1.45062164644711,48.1849394777665,0.306791724940513,1.35284019154952,1.61897127883339,77.6755743314685,0.504005930660051,0.274509803921569,0.946078431372549,204
"UMass-flusion_3src_spatial",2024-02-24,1.2131119021514,1.30323946229301,47.4602504590686,0.288729726696454,1.30568470781605,1.47698228422295,75.0256673775475,0.46820749305539,0.362745098039216,0.931372549019608,204
"UMass-flusion_3src_spatial",2024-03-02,1.31454639615502,1.42212520745106,44.1748038472342,0.277176890858712,1.43212955074901,1.65282060024336,70.1954087153889,0.44575500997688,0.367647058823529,0.941176470588235,204
"UMass-flusion_3src_spatial",2024-03-09,0.996573866060232,1.11305072773373,26.9435343413919,0.204779930950729,1.0731004056425,1.27755624040074,43.3132781375506,0.32879013430993,0.490196078431373,0.96078431372549,204
"UMass-flusion_3src_spatial",2024-03-16,0.55298931894202,0.751954008801752,21.1674545249422,0.175258715434488,0.58027649016888,0.814952216742463,33.1326497916035,0.27253702392532,0.549019607843137,1,204
"UMass-flusion_3src_spatial",2024-03-23,0.450432532494556,0.604340667212148,19.2581257961795,0.175463780223292,0.475909722092168,0.667179159641309,30.2505949331821,0.274641681099437,0.593137254901961,0.995098039215686,204
"UMass-flusion_3src_spatial",2024-03-30,0.465098573800556,0.608189209801368,16.13661624857,0.160861098663661,0.448859518491517,0.621751712234008,23.6047299724363,0.237612736656906,0.681372549019608,1,204
"UMass-flusion_3src_spatial",2024-04-06,0.573248273152541,0.695761938370192,14.7439433186056,0.180628135413929,0.54410651567278,0.708749410666089,21.6415699420046,0.269185525270082,0.622549019607843,0.990196078431373,204
"UMass-flusion_3src_spatial",2024-04-13,0.48161160253121,0.627440057503827,11.5058765310833,0.208799593666354,0.464974367890055,0.640231184497835,17.0467808698516,0.317595801345839,0.627450980392157,0.990196078431373,204
"UMass-flusion_3src_spatial",2024-04-20,0.393094556178037,0.57219655528572,10.4984465351636,0.213223880530563,0.359768483305802,0.546808133247726,15.1402570057858,0.315246945048284,0.656862745098039,0.995098039215686,204
"UMass-flusion_3src_spatial",2024-04-27,0.451289232131114,0.606231945164482,11.3749915486584,0.257286522853672,0.448747917123298,0.639180077909527,17.8223314928086,0.41292647161177,0.524509803921569,0.990196078431373,204
"UMass-flusion_3src_spatial",2024-05-04,0.542774857143138,0.648885195355147,13.6292248322169,0.37108394896416,0.52236507916164,0.655685086293757,21.3964833405621,0.59702028430457,0.416666666666667,0.955882352941177,204
"UMass-flusion_3src_spatial",2024-05-11,0.65793128498417,0.841695417393172,17.5253333833531,0.781175435184125,0.588116732781018,0.763064418613551,26.2038677605765,1.19285601781307,0.30718954248366,0.862745098039216,153
"UMass-flusion_3src_spatial",2024-05-18,0.67853666713615,0.850548964995898,15.015018537974,0.783776948963493,0.604165738352214,0.762916963208529,22.5699057970149,1.25285276332262,0.336734693877551,0.928571428571429,98
"UMass-flusion_3src_spatial",2024-05-25,0.719960987397131,0.861413624622738,14.4392581437317,0.732285878610679,0.653343202535561,0.770267319482536,21.9869987955335,1.22660142705545,0.428571428571429,0.938775510204082,49
"UMass-flusion_3src_spatial",2024-11-30,0.754170716475641,0.67538125165319,20.7273180736751,0.269525617724932,0.801856367293521,0.701241127193726,30.0303070888358,0.409847139607314,0.470588235294118,0.941176470588235,51
"UMass-flusion_3src_spatial",2024-12-07,0.713214133788302,0.645393240563598,28.6679552408509,0.31343343390519,0.74164582409725,0.666348098168186,44.0915713463306,0.479175979244696,0.264705882352941,0.88235294117647,102
"UMass-flusion_3src_spatial",2024-12-14,0.751206007447352,0.644575216721708,52.0162129082646,0.441946037888096,0.744827598580271,0.632179281851198,76.2791087722502,0.65729274893145,0.137254901960784,0.61437908496732,153
"UMass-flusion_3src_spatial",2024-12-21,0.813729364480661,0.657633291499947,127.695141286021,0.603289615181009,0.80246192932505,0.624653386318643,164.811519190495,0.84631729816458,0.112745098039216,0.42156862745098,204
"UMass-flusion_3src_spatial",2024-12-28,0.836013794345839,0.68782272504565,288.378927960614,0.83812266498589,0.851769279885646,0.674629705077589,340.929004953445,1.09437014905176,0.00490196078431373,0.181372549019608,204
"UMass-flusion_3src_spatial",2025-01-04,0.782744274124538,0.656248308543707,350.020796381844,0.785678294825159,0.840960326841367,0.67940227262177,423.262752737438,1.02576145699597,0.0784313725490196,0.240196078431373,204
"UMass-flusion_3src_spatial",2025-01-11,0.721888065904281,0.573427927686856,162.661210091784,0.361716361580892,0.850965232872657,0.652613621512289,233.42727189373,0.544688156890969,0.200980392156863,0.676470588235294,204
"UMass-flusion_3src_spatial",2025-01-18,0.777162444745998,0.663389915644526,151.915365106919,0.281955800624796,0.953873464934305,0.790038803690416,232.983593810204,0.444238715584356,0.284313725490196,0.82843137254902,204
"UMass-flusion_3src_spatial",2025-01-25,0.735208145879668,0.709644510053974,191.660178890075,0.288222593129686,0.914987939676579,0.864289801066377,294.207494642673,0.451836840970253,0.287581699346405,0.869281045751634,153
"UMass-flusion_3src_spatial",2025-02-01,0.877907316557176,0.903774186651072,324.836559347886,0.418112374461828,1.04662801275746,1.0757697488234,454.763291896099,0.61522836128859,0.156862745098039,0.57516339869281,153
"UMass-flusion_3src_spatial",2025-02-08,1.06132229915183,1.12711952120897,350.663918696629,0.505100130881487,1.22837698944663,1.32532066239101,474.458605021817,0.722526632449224,0.130718954248366,0.470588235294118,153
"UMass-flusion_3src_spatial",2025-02-15,0.915943725807427,1.06531956813874,194.550187660258,0.305843869469358,1.09569439127894,1.24472577630647,287.422839176341,0.449574775570106,0.26797385620915,0.712418300653595,153
"UMass-flusion_3src_spatial",2025-02-22,0.756704657970359,1.02380514414398,152.043868612247,0.277796638486907,0.882313682386576,1.18628065763275,227.425001769281,0.417913769176169,0.338235294117647,0.82843137254902,204
"UMass-flusion_3src_spatial",2025-03-01,0.480549216850869,0.641370059721164,98.620827737325,0.175883315779378,0.583545932312355,0.757073974158441,155.391988632373,0.273348484303396,0.509803921568627,0.96078431372549,204
"UMass-flusion_3src_spatial",2025-03-08,0.365530108887491,0.543190264390888,80.2018500866871,0.179739296387317,0.463180031680238,0.679810786662242,130.514596868015,0.291075832223637,0.450980392156863,0.985294117647059,204
"UMass-flusion_3src_spatial",2025-03-15,0.309042330439901,0.482971203067806,61.9265647834887,0.18158946134686,0.379738807862928,0.591779933462361,99.277499214478,0.28985659231179,0.401960784313726,0.975490196078431,204
"UMass-flusion_3src_spatial",2025-03-22,0.275788273813857,0.414183045488195,47.1159749338467,0.174428132032012,0.305961918959029,0.462882251996448,71.0416579182958,0.264484623558381,0.524509803921569,0.980392156862745,204
"UMass-flusion_3src_spatial",2025-03-29,0.23391553759866,0.396283089721552,32.6587035677634,0.187174354486822,0.24058179664209,0.424694730307657,47.7118516997503,0.280936993306252,0.57843137254902,0.980392156862745,204
"UMass-flusion_3src_spatial",2025-04-05,0.251549383525275,0.445713611429501,26.9721054723866,0.2361567476481,0.249378458721139,0.475211422687522,40.1413747501276,0.366314171552303,0.490196078431373,0.970588235294118,204
"UMass-flusion_3src_spatial",2025-04-12,0.261742507919898,0.476408051458856,20.3485582027503,0.262650048243442,0.25106012182048,0.490708196253542,30.9530055093475,0.409353744846285,0.5,0.955882352941177,204
"UMass-flusion_3src_spatial",2025-04-19,0.312832905461285,0.570236715414834,15.835829698435,0.280619934278446,0.293189427840937,0.612349824234546,24.1177048460724,0.447538943304174,0.480392156862745,0.955882352941177,204
"UMass-flusion_3src_spatial",2025-04-26,0.345769542831573,0.588106545505852,14.0283812937462,0.308645289679545,0.325276794814312,0.630096559260629,21.3364569461205,0.481971125540343,0.607843137254902,0.967320261437909,153
"UMass-flusion_3src_spatial",2025-05-03,0.367685638160312,0.62929564922989,9.57016650997212,0.304694774873465,0.391571887943864,0.73820839421219,15.1382203737775,0.48839621351458,0.562091503267974,0.986928104575163,153
"UMass-flusion_3src_spatial",2025-05-10,0.447669403540743,0.687102132428692,7.92592000184093,0.321126697855209,0.589313422037449,0.891115368654764,12.6297954958222,0.518449002423676,0.555555555555556,0.973856209150327,153
"UMass-flusion_3src_spatial",2025-05-17,0.441429979101154,0.605135436870701,6.05540574286967,0.273570109852756,0.688590521688771,0.834413868463614,9.47374541277689,0.432679137926672,0.549019607843137,0.986928104575163,153
"UMass-flusion_3src_spatial",2025-05-24,0.373094552441579,0.550610222839893,6.48739755221779,0.303827735095704,0.666444376172653,0.88232032575409,9.87034612030871,0.495070331555877,0.65359477124183,1,153
"UMass-flusion_3src_spatial",2025-05-31,0.364197124442649,0.530120465005207,6.6187471527386,0.320493429068614,0.783388550844521,0.93445414624049,9.39298233022401,0.488690116374843,0.656862745098039,1,102
"UMass-flusion_3src_spatial",2025-06-07,0.328044652006496,0.494679189807455,6.335571389938,0.327715443976758,0.721765119918698,0.927295310701289,7.91111180459905,0.489093057673688,0.764705882352941,1,51
"UMass-flusion_3src_spatial",2025-11-22,0.729169590380884,0.67531369310501,13.3682521314124,0.284335656516267,0.772655139505859,0.716850845303941,21.4525426968685,0.444911193621775,0.313725490196078,0.901960784313726,51
"UMass-flusion_3src_spatial",2025-11-29,0.71355009618774,0.618859588240134,22.263258775421,0.326131343606428,0.668544545282472,0.623053902926206,32.7783457937024,0.512041782858671,0.313725490196078,0.901960784313726,102
"UMass-flusion_3src_spatial",2025-12-06,0.6572218064176,0.502437644897084,33.5814326882282,0.312163904128598,0.598483673735006,0.484557922259011,47.3075918310534,0.472302654304061,0.379084967320261,0.875816993464052,153
"UMass-flusion_3src_spatial",2025-12-13,0.63396063457126,0.464737785460098,58.0400378481154,0.364774296996005,0.602230280934763,0.454969484107193,81.9505519546519,0.554241474939676,0.357843137254902,0.823529411764706,204
"UMass-flusion_3src_spatial",2025-12-20,0.611690621395351,0.469077064681434,137.875321585449,0.494844888550682,0.654865095380653,0.478780014253876,192.69084419274,0.725771799554523,0.161764705882353,0.470588235294118,204
"UMass-flusion_3src_spatial",2025-12-27,0.659787484416774,0.511773672349264,304.652596091524,0.671282484226758,0.726761193778329,0.537418611783849,393.245494376634,0.917412910482867,0.0441176470588235,0.230392156862745,204
"UMass-flusion_3src_spatial",2026-01-03,0.579769403436672,0.454427845009392,244.545242933804,0.464202925424449,0.679940646251672,0.508403430638416,339.087066894186,0.663351846649093,0.166666666666667,0.524509803921569,204
"UMass-flusion_3src_spatial",2026-01-10,0.656876712844094,0.471636457995669,116.384232987637,0.219187553943469,0.762890486188194,0.532958722507003,181.489402868624,0.338105910416078,0.357843137254902,0.838235294117647,204
"UMass-flusion_3src_spatial",2026-01-17,1.13181399356663,1.00646464914016,213.834080950934,0.386934127323554,1.27661568335812,1.13898622955964,314.510544187315,0.571274961796437,0.191176470588235,0.676470588235294,204
"UMass-flusion_3src_spatial",2026-01-24,1.0662994887379,1.02651292579681,225.675875813418,0.460263529771422,1.20618417876598,1.15532965386303,330.600892997651,0.667297568094113,0.230392156862745,0.681372549019608,204
"UMass-flusion_3src_spatial",2026-01-31,0.863466367235839,0.878349224038483,151.614473088737,0.421372740423013,0.979689492017833,0.994240577396182,227.182309359782,0.619839409014544,0.294117647058824,0.740196078431373,204
"UMass-flusion_3src_spatial",2026-02-07,0.822423376658633,0.870291151581884,88.8824651677754,0.325141374552231,0.850266948529004,0.951670033110128,133.50024686953,0.493686016215586,0.377450980392157,0.823529411764706,204
"UMass-flusion_3src_spatial",2026-02-14,1.13851535481016,1.08014118471868,94.4267601226286,0.344274108028098,1.09614839251905,1.13805739065112,135.154022142313,0.519998751973903,0.367647058823529,0.808823529411765,204
"UMass-flusion_3src_spatial",2026-02-21,1.60677028854092,1.48824809508561,68.1584045829225,0.341072995500644,1.70330645401633,1.77358517016682,105.170823994067,0.53727581036254,0.254901960784314,0.872549019607843,204
"UMass-flusion_3src_spatial",2026-02-28,0.823075162406984,0.971113161300287,35.2532020985972,0.230038281830928,0.925357268987195,1.16856678312343,58.5696718488366,0.374485166265662,0.411764705882353,0.985294117647059,204
"UMass-flusion_3src_spatial",2026-03-07,0.630263629378038,0.875516981389843,31.1484990046807,0.246477525772792,0.672029211306492,1.03519959238985,49.4435609436232,0.393697745577982,0.485294117647059,0.96078431372549,204
"UMass-flusion_3src_spatial",2026-03-14,0.521271837230041,0.733416955739213,28.4593592251754,0.226179824535437,0.544608818669845,0.865692669630993,44.9515847488376,0.362195863188301,0.495098039215686,0.955882352941177,204
"UMass-flusion_3src_spatial",2026-03-21,0.429708958681275,0.608044748733448,21.1972892459384,0.211504401765377,0.417392557775277,0.67148057232873,32.2926800949372,0.330169007978483,0.553921568627451,0.970588235294118,204
"UMass-flusion_3src_spatial",2026-03-28,0.472381454393255,0.675573655835428,25.6839233368817,0.403720425231917,0.436022194194806,0.661387103153154,38.8765082853398,0.612759702906501,0.323529411764706,0.803921568627451,204
"UMass-flusion_3src_spatial",2026-04-04,0.456581128927602,0.662178191324855,18.2298715288055,0.347406334744455,0.41914278117864,0.671483843426139,27.4312513309609,0.535392800892934,0.465686274509804,0.88235294117647,204
"UMass-flusion_3src_spatial",2026-04-11,0.42932334632538,0.62275635274697,12.4333184860073,0.312779799634995,0.424036454647614,0.683692507877986,19.393431969913,0.499816936818743,0.524509803921569,0.96078431372549,204
"UMass-flusion_3src_spatial",2026-04-18,0.436436532933205,0.6616476147149,8.90838400898533,0.322987713941467,0.482304870980742,0.789787277451423,13.3839601697156,0.51499381592534,0.607843137254902,0.970588235294118,204
"UMass-flusion_3src_spatial",2026-04-25,0.558778052997336,0.771257788965828,8.51969087951688,0.372129553516274,0.946581681458606,1.21332297227071,13.6836734246148,0.602274412934152,0.514705882352941,0.965686274509804,204
"UMass-flusion_3src_spatial",2026-05-02,0.519284452225615,0.710622864943178,7.54819130060164,0.367669003023643,0.926810216934605,1.02975049219337,11.7441392685096,0.587403699545813,0.602941176470588,0.96078431372549,204
"UMass-flusion_3src_spatial",2026-05-09,0.477464974773004,0.642736365427007,6.30896085310929,0.324773141142128,0.983604173248548,1.01269698326615,9.18994879515556,0.48627382154661,0.686274509803922,0.985294117647059,204
"UMass-flusion_3src_spatial",2026-05-16,0.433530655550083,0.607024492391309,5.47046019334408,0.304999343721054,0.883277181152026,0.972036838901729,7.18312178201573,0.444977308446439,0.740196078431373,0.985294117647059,204
"UMass-flusion_3src_spatial",2026-05-23,0.471882890968878,0.616121121610999,5.81324320399655,0.314247748395095,1.02654364854275,0.979644757686685,8.08654727062843,0.475517200255384,0.686274509803922,0.985294117647059,204
"UMass-flusion_3src_spatial",2026-05-30,0.479343112955434,0.67372816155848,5.78015565839586,0.359620089341646,1.057506702888,1.0250872071006,8.2941702187294,0.576938921848736,0.67156862745098,0.975490196078431,204
"UMass-flusion_3src_spatial",2026-06-06,0.455239642518211,0.68198914428705,6.16790336528369,0.411179089059372,1.25482187242247,1.07237899462434,8.97238646032796,0.688960238497402,0.581699346405229,0.986928104575163,153
"UMass-flusion_3src_spatial",2026-06-13,0.444697066002883,0.660335800186441,6.64698144415501,0.428830024362444,1.50903033274727,1.23208893750607,9.63116418253402,0.730023310579801,0.676470588235294,0.980392156862745,102
"UMass-flusion_3src_spatial",2026-06-20,0.460234833250027,0.719842810187883,7.4782863582798,0.496148627161255,1.7208407007103,1.26363363076465,10.8986577711653,0.874542233557624,0.647058823529412,1,51
"UMass-flusion_3src_spatial_fourierP",2023-10-21,0.922242472324562,0.852785699068303,6.5533118268734,0.306626565191544,1.06145330902529,0.989516256404693,10.406404990444,0.492906589711161,0.333333333333333,0.92156862745098,51
"UMass-flusion_3src_spatial_fourierP",2023-10-28,1.34940646268003,1.11945874166822,10.8880301783915,0.449160315488499,1.56469461143518,1.45906693214066,16.9815309835997,0.693913503785109,0.235294117647059,0.823529411764706,102
"UMass-flusion_3src_spatial_fourierP",2023-11-04,1.44518576426323,1.16179593474703,15.3801926621308,0.49106153021784,1.53324704945826,1.34685916243842,23.8605273232155,0.746139842509486,0.241830065359477,0.777777777777778,153
"UMass-flusion_3src_spatial_fourierP",2023-11-11,1.10934351331488,0.880076118292864,17.590278440816,0.426974925834058,1.06606007269113,0.957111757862641,27.0329827133453,0.657467813173872,0.313725490196078,0.82843137254902,204
"UMass-flusion_3src_spatial_fourierP",2023-11-18,0.839339030420922,0.765132750561197,17.8421612771994,0.385743608499018,0.859757622273415,0.809431063830994,28.6122276660727,0.612223322916176,0.299019607843137,0.86764705882353,204
"UMass-flusion_3src_spatial_fourierP",2023-11-25,0.612370177815274,0.571453743032176,14.9990638736509,0.289787559343673,0.608179602640862,0.619470082177677,23.7249670481175,0.475379510373469,0.406862745098039,0.936274509803922,204
"UMass-flusion_3src_spatial_fourierP",2023-12-02,0.396625905838323,0.353243379523024,14.5318478678583,0.194529862911219,0.375343790101705,0.366989262191906,21.3577976250029,0.31127351920133,0.612745098039216,0.990196078431373,204
"UMass-flusion_3src_spatial_fourierP",2023-12-09,0.414057982100567,0.336558943751296,18.7902853344821,0.177801634054199,0.388672961000894,0.336353983479342,26.5288348479237,0.269935146871559,0.67156862745098,1,204
"UMass-flusion_3src_spatial_fourierP",2023-12-16,0.366845957612241,0.312844337751061,26.5144033773356,0.18461534375397,0.377298136011318,0.326481887954876,38.0571752191416,0.284084351636994,0.637254901960784,0.985294117647059,204
"UMass-flusion_3src_spatial_fourierP",2023-12-23,0.399141544517307,0.313293655666364,55.9784676378494,0.228642039337909,0.486033259349877,0.344669595922827,85.5799739012136,0.344847908006894,0.46078431372549,0.862745098039216,204
"UMass-flusion_3src_spatial_fourierP",2023-12-30,0.45415757830666,0.341221537192133,90.7863885956012,0.264640370501888,0.573052425446477,0.403304928374965,136.951102440157,0.407531032723336,0.299019607843137,0.799019607843137,204
"UMass-flusion_3src_spatial_fourierP",2024-01-06,0.453262270317618,0.368182456673802,50.6399310054651,0.16985657301967,0.536197242311525,0.41375541226086,77.4831299318699,0.258144300557253,0.529411764705882,0.965686274509804,204
"UMass-flusion_3src_spatial_fourierP",2024-01-13,0.647125592357176,0.590858277471199,42.9251253761439,0.149638446516162,0.703917092376518,0.650401694888088,65.2710574480109,0.230463818783779,0.553921568627451,0.975490196078431,204
"UMass-flusion_3src_spatial_fourierP",2024-01-20,0.674825638584268,0.742581852717228,50.0515178992927,0.216187958854765,0.769757719307887,0.862516546550526,78.2775680737359,0.341838697231676,0.416666666666667,0.931372549019608,204
"UMass-flusion_3src_spatial_fourierP",2024-01-27,0.609104053275561,0.713044837580265,46.1594018577776,0.190657696534497,0.688550228298721,0.822176950789453,71.8691177017876,0.302616692641599,0.490196078431373,0.955882352941177,204
"UMass-flusion_3src_spatial_fourierP",2024-02-03,0.626462855380233,0.730444015023416,41.2766165891328,0.204484401697501,0.688843568779145,0.82782058938309,63.8632275309802,0.317822605059032,0.504901960784314,0.955882352941177,204
"UMass-flusion_3src_spatial_fourierP",2024-02-10,1.04991434222812,1.08518642219846,50.7811705557275,0.257108692192537,1.11583432816177,1.17889576027445,79.9681268515933,0.404452593908112,0.367647058823529,0.92156862745098,204
"UMass-flusion_3src_spatial_fourierP",2024-02-17,1.36362791962451,1.51916891359603,51.6396214551103,0.321288774795024,1.4167820312304,1.6809639399036,81.3469016264791,0.523305018448256,0.230392156862745,0.897058823529412,204
"UMass-flusion_3src_spatial_fourierP",2024-02-24,1.31104576727284,1.37953496491607,51.291690706951,0.305632821068509,1.37577948623548,1.54410785514225,79.053368321825,0.489486485779782,0.333333333333333,0.892156862745098,204
"UMass-flusion_3src_spatial_fourierP",2024-03-02,1.46793428067154,1.54836215017801,49.3293421205723,0.301780887126579,1.5573894895525,1.78397656344049,76.3349877746836,0.481126923707179,0.308823529411765,0.86764705882353,204
"UMass-flusion_3src_spatial_fourierP",2024-03-09,1.12510121411062,1.21217746711028,30.4184207837727,0.223017344879053,1.21445042484969,1.38816075221526,49.0185529324134,0.357255160854182,0.495098039215686,0.950980392156863,204
"UMass-flusion_3src_spatial_fourierP",2024-03-16,0.516263940547178,0.754699703812219,19.7616718986676,0.175898657472001,0.549621732378284,0.824668813261951,31.3823232291287,0.27578645652235,0.534313725490196,0.995098039215686,204
"UMass-flusion_3src_spatial_fourierP",2024-03-23,0.382587824630397,0.571469953561318,16.3574429538077,0.165920123824297,0.392064720718255,0.622702825674606,24.9210942821255,0.256333172877564,0.627450980392157,1,204
"UMass-flusion_3src_spatial_fourierP",2024-03-30,0.408294908847599,0.567672063328338,14.1658105000852,0.150144643009183,0.384512491424663,0.555001805495303,20.2208333725676,0.212103151882642,0.686274509803922,1,204
"UMass-flusion_3src_spatial_fourierP",2024-04-06,0.562759512800237,0.688407702956655,14.4741724438216,0.178718887786422,0.553279705794036,0.709209215005105,22.0064290824157,0.269360160579342,0.593137254901961,0.990196078431373,204
"UMass-flusion_3src_spatial_fourierP",2024-04-13,0.470645859711895,0.607884551539307,11.2439009426889,0.20229190954498,0.464591905030782,0.624511654021901,17.0327591064962,0.309797904274954,0.612745098039216,0.990196078431373,204
"UMass-flusion_3src_spatial_fourierP",2024-04-20,0.363727307559687,0.544656822357668,9.71413018008039,0.202961447683931,0.33555551498062,0.523133758215168,14.1212945887678,0.301598145860507,0.647058823529412,0.995098039215686,204
"UMass-flusion_3src_spatial_fourierP",2024-04-27,0.423509043763691,0.58121750774626,10.6747767298662,0.246670326073199,0.422208640454476,0.610809051407367,16.7683059066773,0.394598072034838,0.524509803921569,0.990196078431373,204
"UMass-flusion_3src_spatial_fourierP",2024-05-04,0.518068467138307,0.636399045539801,13.0088406347236,0.363943379547561,0.499059760636097,0.643105466119156,20.4418792150746,0.585566175357949,0.406862745098039,0.955882352941177,204
"UMass-flusion_3src_spatial_fourierP",2024-05-11,0.634652554488191,0.841869865209608,16.9052572112752,0.781337339771112,0.565465272695094,0.757097523027993,25.1946193723036,1.18352830296584,0.287581699346405,0.849673202614379,153
"UMass-flusion_3src_spatial_fourierP",2024-05-18,0.646479902004604,0.846832391985795,14.305649470641,0.780352144073544,0.575345859136677,0.754518419366644,21.4932774520344,1.2390607789159,0.295918367346939,0.928571428571429,98
"UMass-flusion_3src_spatial_fourierP",2024-05-25,0.665642846850261,0.851565092824237,13.3498745979936,0.723913662807558,0.605280100347516,0.755540269467648,20.3695282749603,1.20314954209593,0.408163265306122,0.938775510204082,49
"UMass-flusion_3src_spatial_fourierP",2024-11-30,0.697225866568983,0.612254947057761,19.1622692181735,0.244333689167353,0.727476253004309,0.619186725460081,27.2446988870241,0.361889653175641,0.490196078431373,0.96078431372549,51
"UMass-flusion_3src_spatial_fourierP",2024-12-07,0.592563967081555,0.529470385402962,23.8183688191986,0.257135821414915,0.611080280382547,0.541691586257932,36.3293217670565,0.389534534588321,0.431372549019608,0.901960784313726,102
"UMass-flusion_3src_spatial_fourierP",2024-12-14,0.60007694242113,0.482846513228311,41.5514914535685,0.331058498517272,0.617084215468708,0.48108876065612,63.1966834782953,0.50020012210099,0.248366013071895,0.745098039215686,153
"UMass-flusion_3src_spatial_fourierP",2024-12-21,0.696676834343986,0.493854915790052,109.326577945274,0.45304510272387,0.711764060785075,0.472348405847404,146.183777543005,0.639965515892042,0.17156862745098,0.514705882352941,204
"UMass-flusion_3src_spatial_fourierP",2024-12-28,0.77568351085753,0.581019438151927,267.568287521921,0.707981202395105,0.802402939911224,0.57831968014768,321.169643394957,0.938138047879162,0.00490196078431373,0.225490196078431,204
"UMass-flusion_3src_spatial_fourierP",2025-01-04,0.743554163568504,0.584667586949166,332.496102608187,0.699979911221617,0.806563753651065,0.610870265284206,405.950653951584,0.92229184182061,0.0784313725490196,0.269607843137255,204
"UMass-flusion_3src_spatial_fourierP",2025-01-11,0.663607222226227,0.503438830483457,149.528935151116,0.317567480146276,0.793313352050317,0.579194869876318,217.612852291096,0.483410973590436,0.205882352941176,0.705882352941177,204
"UMass-flusion_3src_spatial_fourierP",2025-01-18,0.733126732274639,0.604431657266422,143.307510490351,0.256897200015393,0.906270741276988,0.723569731116661,221.356628556904,0.406863164803411,0.28921568627451,0.843137254901961,204
"UMass-flusion_3src_spatial_fourierP",2025-01-25,0.730196660765512,0.683799718516728,190.353743237985,0.277725713734122,0.888138559739134,0.824753945570257,285.574278332853,0.431168130046691,0.30718954248366,0.836601307189543,153
"UMass-flusion_3src_spatial_fourierP",2025-02-01,0.921779829024827,0.933631560779898,341.069931289502,0.431925269072656,1.07958409706306,1.09676227902226,469.082818226504,0.627233904266226,0.150326797385621,0.542483660130719,153
"UMass-flusion_3src_spatial_fourierP",2025-02-08,1.12652454736465,1.18578909027481,372.206927718873,0.531391936192542,1.27282803209574,1.36747874728376,491.627747612613,0.745510005433924,0.130718954248366,0.411764705882353,153
"UMass-flusion_3src_spatial_fourierP",2025-02-15,0.984710796811529,1.11626834080505,209.156594355059,0.320470813574218,1.15312399955097,1.29423228662819,302.487789032537,0.467455724684206,0.241830065359477,0.673202614379085,153
"UMass-flusion_3src_spatial_fourierP",2025-02-22,0.796039229068958,1.06555494603553,159.947322485619,0.289124921695196,0.922066827950781,1.22407670463736,237.671764775176,0.431228905322093,0.313725490196078,0.794117647058823,204
"UMass-flusion_3src_spatial_fourierP",2025-03-01,0.4490208799595,0.622574412080855,92.1504172728482,0.170728973478717,0.542679400968137,0.722719688399601,144.509672052902,0.260944555147143,0.519607843137255,0.950980392156863,204
"UMass-flusion_3src_spatial_fourierP",2025-03-08,0.303487986184093,0.497548122716084,66.5890370703746,0.164636510185067,0.375162080642352,0.619806506695314,105.712950399825,0.265383689540659,0.446078431372549,0.985294117647059,204
"UMass-flusion_3src_spatial_fourierP",2025-03-15,0.250543529157866,0.430982778777016,50.2044495567758,0.162042643848693,0.30393290856271,0.522496951472506,79.4590873155637,0.255921462157439,0.450980392156863,0.970588235294118,204
"UMass-flusion_3src_spatial_fourierP",2025-03-22,0.238580840751056,0.374556217967273,40.7594157542387,0.157739777503444,0.260413736845656,0.412530185264019,60.465771927295,0.23571413741925,0.549019607843137,0.985294117647059,204
"UMass-flusion_3src_spatial_fourierP",2025-03-29,0.210711450739095,0.370194746323473,29.4190068717388,0.174852181369122,0.214491097005148,0.392188431296226,42.5375799585161,0.259433967118078,0.57843137254902,0.980392156862745,204
"UMass-flusion_3src_spatial_fourierP",2025-04-05,0.23530550840644,0.426364490850523,25.2303738614981,0.225904816209149,0.232779897339414,0.454375932376554,37.4695759261487,0.350253245809011,0.495098039215686,0.975490196078431,204
"UMass-flusion_3src_spatial_fourierP",2025-04-12,0.248749126122651,0.458965230989973,19.3384181691233,0.253033591041208,0.23714057395087,0.468841469160103,29.2368753697957,0.391112299743937,0.480392156862745,0.955882352941177,204
"UMass-flusion_3src_spatial_fourierP",2025-04-19,0.299204899413019,0.54721112961858,15.1459700988147,0.269288783199956,0.279654061927665,0.584526733169565,23.00428830004,0.427204297515319,0.46078431372549,0.96078431372549,204
"UMass-flusion_3src_spatial_fourierP",2025-04-26,0.330329296397271,0.555640232023323,13.4019476799698,0.291606583332512,0.31187927840058,0.591844071508383,20.4576499217531,0.452711174338099,0.61437908496732,0.973856209150327,153
"UMass-flusion_3src_spatial_fourierP",2025-05-03,0.354665782435752,0.602120634376195,9.23128412162732,0.291537072221043,0.375975394437225,0.694893508677677,14.5352578960535,0.459739229592784,0.529411764705882,0.986928104575163,153
"UMass-flusion_3src_spatial_fourierP",2025-05-10,0.431366882581409,0.660105807829475,7.63728630043083,0.308509591658594,0.56013538251775,0.839725133629402,12.0044700606255,0.488550274357255,0.57516339869281,0.973856209150327,153
"UMass-flusion_3src_spatial_fourierP",2025-05-17,0.43120624538365,0.588480665788475,5.91515959105052,0.266040807688436,0.680170079329662,0.803567529401723,9.35789553587542,0.416683997028466,0.549019607843137,0.986928104575163,153
"UMass-flusion_3src_spatial_fourierP",2025-05-24,0.358003452577117,0.53160987713242,6.22499231558194,0.293343309338837,0.652125728543839,0.845118479115622,9.6582803979107,0.474196358677539,0.61437908496732,1,153
"UMass-flusion_3src_spatial_fourierP",2025-05-31,0.355337131623909,0.512188537208311,6.45772981265922,0.309652374235197,0.810138737195285,0.895500421204837,9.71372230970425,0.468318543839695,0.637254901960784,1,102
"UMass-flusion_3src_spatial_fourierP",2025-06-07,0.302231515977656,0.467898632217509,5.83703875083357,0.309973839920299,0.716045273390318,0.862876837601021,7.84841780049388,0.455116149114264,0.764705882352941,1,51
"UMass-flusion_3src_spatial_fourierP",2025-11-22,0.620472750902331,0.579852978065278,11.3754554278664,0.244142653828087,0.654032850794813,0.596937905188437,18.1590297397148,0.370487609319709,0.450980392156863,0.92156862745098,51
"UMass-flusion_3src_spatial_fourierP",2025-11-29,0.575814212385734,0.487256177101038,17.9658035019533,0.256777974742845,0.549144849656283,0.493276956554743,26.9242489522654,0.405387737868493,0.392156862745098,0.931372549019608,102
"UMass-flusion_3src_spatial_fourierP",2025-12-06,0.541098481140934,0.371359245503192,27.6479904420442,0.230725052328179,0.495748642413161,0.35369015129676,39.186824061077,0.344744744817879,0.535947712418301,0.934640522875817,153
"UMass-flusion_3src_spatial_fourierP",2025-12-13,0.533332328686683,0.341401976830129,48.8273669603048,0.267967593743137,0.501564375248113,0.322416886850363,68.2520934161157,0.39276658579436,0.519607843137255,0.857843137254902,204
"UMass-flusion_3src_spatial_fourierP",2025-12-20,0.535114088443644,0.378588105761273,120.614939069642,0.399385097050697,0.578451553215266,0.392362809213532,170.206533986763,0.594773912116922,0.220588235294118,0.593137254901961,204
"UMass-flusion_3src_spatial_fourierP",2025-12-27,0.606137131089419,0.447091708522259,279.87989304934,0.586440547823227,0.678748271386536,0.474575886977807,367.266031570882,0.810135779019892,0.0490196078431373,0.264705882352941,204
"UMass-flusion_3src_spatial_fourierP",2026-01-03,0.531903828340642,0.399097970480451,224.355666490756,0.407682864205112,0.634230283620071,0.45083013546012,316.291264235725,0.588231677561647,0.196078431372549,0.568627450980392,204
"UMass-flusion_3src_spatial_fourierP",2026-01-10,0.603893580770216,0.422377366732248,106.99677706611,0.196294964661055,0.697101977270263,0.477624290970108,165.838510092663,0.303002069232782,0.357843137254902,0.857843137254902,204
"UMass-flusion_3src_spatial_fourierP",2026-01-17,1.12475273237874,1.00502770462526,212.499993985188,0.386381695728108,1.27390268312909,1.13677639281713,313.84216200344,0.570166586323681,0.186274509803922,0.661764705882353,204
"UMass-flusion_3src_spatial_fourierP",2026-01-24,1.02777319461824,1.00546804636519,217.522017297,0.450827515623532,1.15779036840977,1.12369390360555,317.336718917959,0.649025329394911,0.21078431372549,0.656862745098039,204
"UMass-flusion_3src_spatial_fourierP",2026-01-31,0.840131021713636,0.859511900099763,147.517062639482,0.412335862387419,0.952072266892419,0.97075707618996,220.778091458886,0.605199089719412,0.254901960784314,0.725490196078431,204
"UMass-flusion_3src_spatial_fourierP",2026-02-07,0.805731622841557,0.829507886104259,87.0785229777286,0.309904718437756,0.839325079942135,0.91047183423245,131.782266228169,0.472314139439442,0.357843137254902,0.843137254901961,204
"UMass-flusion_3src_spatial_fourierP",2026-02-14,1.04361528978687,0.954775478454704,86.5558907156278,0.30431621427129,1.00639762331691,1.01573061164648,124.087840290639,0.464105461408824,0.362745098039216,0.833333333333333,204
"UMass-flusion_3src_spatial_fourierP",2026-02-21,1.39303365406694,1.23571628070676,59.0918017769303,0.28319838260927,1.489527611516,1.47208283027691,91.9710284051739,0.445941085244538,0.323529411764706,0.892156862745098,204
"UMass-flusion_3src_spatial_fourierP",2026-02-28,0.708504058830195,0.805712555615253,30.345997442779,0.190858016685892,0.789535590389993,0.941191035804531,49.9729585446842,0.301619117213759,0.46078431372549,0.990196078431373,204
"UMass-flusion_3src_spatial_fourierP",2026-03-07,0.560020098457689,0.76014471293134,27.676966695071,0.213997663158015,0.589243445224421,0.87251454041227,43.3527199479085,0.331826838099214,0.529411764705882,0.965686274509804,204
"UMass-flusion_3src_spatial_fourierP",2026-03-14,0.474290820265627,0.672165481251438,25.8943834427522,0.20729036793947,0.491263374402247,0.780189839268839,40.5484936185541,0.326422461686283,0.5,0.96078431372549,204
"UMass-flusion_3src_spatial_fourierP",2026-03-21,0.384837647786941,0.574341599972471,18.9838139700433,0.19978098119288,0.374142004126691,0.633192194394962,28.9464865251547,0.311342497904401,0.524509803921569,0.975490196078431,204
"UMass-flusion_3src_spatial_fourierP",2026-03-28,0.411445092894673,0.63588303099933,22.3707432308414,0.380001448332596,0.378854574175234,0.623070812840562,33.7793424003595,0.577260554893954,0.308823529411765,0.818627450980392,204
"UMass-flusion_3src_spatial_fourierP",2026-04-04,0.40181766338164,0.620030761852543,16.0433358221724,0.325294032974775,0.36668270521249,0.62993711558554,23.9979450847645,0.502266435747618,0.455882352941176,0.887254901960784,204
"UMass-flusion_3src_spatial_fourierP",2026-04-11,0.371028822951651,0.586256228064919,10.745093558807,0.294447587310952,0.361557876237477,0.643106700193837,16.5359558102729,0.470146472624294,0.514705882352941,0.965686274509804,204
"UMass-flusion_3src_spatial_fourierP",2026-04-18,0.395130677801911,0.62766347145926,8.06526389514876,0.306398126831524,0.436539622129274,0.745623463410132,12.1139745140873,0.486196072826293,0.598039215686274,0.970588235294118,204
"UMass-flusion_3src_spatial_fourierP",2026-04-25,0.542222530875399,0.750516024405628,8.26726877726839,0.36212171476851,0.939331400447244,1.17391475380346,13.5788642152888,0.582712793988026,0.514705882352941,0.96078431372549,204
"UMass-flusion_3src_spatial_fourierP",2026-05-02,0.489544179171884,0.685020156760044,7.11589399345223,0.354422423639863,0.879507988455317,0.979750189126031,11.1447458341029,0.55888187486806,0.57843137254902,0.950980392156863,204
"UMass-flusion_3src_spatial_fourierP",2026-05-09,0.450399550976816,0.622112717927364,5.95133315636747,0.314352061613172,0.968145230265578,0.991610638668715,9.04551376904996,0.476148643394333,0.637254901960784,0.980392156862745,204
"UMass-flusion_3src_spatial_fourierP",2026-05-16,0.379662482658788,0.577225599244786,4.79073041710462,0.290026895381285,0.789582332314808,0.923103038800664,6.42116220250131,0.422576479805386,0.759803921568627,0.985294117647059,204
"UMass-flusion_3src_spatial_fourierP",2026-05-23,0.39692834311159,0.571363093105926,4.88985940628062,0.291419266807666,0.805995385897766,0.865987254726848,6.34918914283191,0.420348122718437,0.720588235294118,0.985294117647059,204
"UMass-flusion_3src_spatial_fourierP",2026-05-30,0.399812378454014,0.622400151030816,4.82113483881959,0.332222416533983,0.824524834015287,0.918462604956235,6.46686144325715,0.516928531925215,0.700980392156863,0.975490196078431,204
"UMass-flusion_3src_spatial_fourierP",2026-06-06,0.376682675472601,0.627617333467163,5.10355892742486,0.378397699750308,1.00351802751793,0.964989638225171,7.17548184382101,0.619966909676397,0.594771241830065,0.986928104575163,153
"UMass-flusion_3src_spatial_fourierP",2026-06-13,0.357271647107476,0.601442992290238,5.34021514958835,0.390584325374489,1.20353512432376,1.08872534928046,7.68138594053693,0.645079149401872,0.676470588235294,0.980392156862745,102
"UMass-flusion_3src_spatial_fourierP",2026-06-20,0.357508175392674,0.647119146922376,5.80909639570915,0.44602414834358,1.33194359763746,1.13221978990399,8.43564278503725,0.783592648876879,0.686274509803922,1,51
"UMass-flusion_4src_spatial",2025-11-22,0.719222683691723,0.666987360862928,13.1858902250705,0.280829918118546,0.77743209827978,0.727130035821985,21.5851735522386,0.451290940472614,0.352941176470588,0.92156862745098,51
"UMass-flusion_4src_spatial",2025-11-29,0.700150783587163,0.608207137352798,21.8451909124451,0.320517633830245,0.674669242398957,0.630343185791965,33.0786360905606,0.518032303705768,0.294117647058824,0.92156862745098,102
"UMass-flusion_4src_spatial",2025-12-06,0.642815094806164,0.48630767555683,32.8453067540094,0.302142373588703,0.599424803711785,0.480465661651353,47.3819841574531,0.468313893707411,0.392156862745098,0.88235294117647,153
"UMass-flusion_4src_spatial",2025-12-13,0.612742844311938,0.440302602990537,56.0975176306933,0.34559503766705,0.579702501841494,0.427814382755617,78.8850071133327,0.52116127077001,0.387254901960784,0.838235294117647,204
"UMass-flusion_4src_spatial",2025-12-20,0.592587209463094,0.445981968918893,133.569404555806,0.470481109229167,0.632607775763626,0.452039415573901,186.141736999938,0.685236330555519,0.166666666666667,0.524509803921569,204
"UMass-flusion_4src_spatial",2025-12-27,0.653645307608282,0.500234191099854,301.816485746063,0.656146395642456,0.711801391422257,0.517499291285269,385.150847987074,0.883409172255815,0.0441176470588235,0.235294117647059,204
"UMass-flusion_4src_spatial",2026-01-03,0.587487267207447,0.454756313324202,247.800618018392,0.46453845933664,0.679027227933605,0.500298842449694,338.631544283457,0.652777186414075,0.156862745098039,0.514705882352941,204
"UMass-flusion_4src_spatial",2026-01-10,0.637989329510028,0.460128163035297,113.037800423509,0.213839207818694,0.728135080822732,0.512603243371683,173.221194153961,0.325192512972034,0.367647058823529,0.818627450980392,204
"UMass-flusion_4src_spatial",2026-01-17,1.10765986001256,0.992832274831805,209.270630614519,0.381693177369814,1.22967947237028,1.10862510988314,302.94721040385,0.556046904570501,0.196078431372549,0.67156862745098,204
"UMass-flusion_4src_spatial",2026-01-24,1.05077605487841,1.01645719174534,222.390434369552,0.455754782211933,1.16894912564389,1.1294566937369,320.395202996336,0.65235381302487,0.225490196078431,0.681372549019608,204
"UMass-flusion_4src_spatial",2026-01-31,0.850987171724581,0.860049166933718,149.423274075314,0.412593606792454,0.945559003302695,0.958468405713941,219.26771671685,0.597537963812261,0.308823529411765,0.754901960784314,204
"UMass-flusion_4src_spatial",2026-02-07,0.799341021200245,0.835114583177415,86.3878660193956,0.311999384331751,0.818999221411175,0.907681890223947,128.590907165686,0.47086683491676,0.387254901960784,0.838235294117647,204
"UMass-flusion_4src_spatial",2026-02-14,1.0890304899122,1.02809141044451,90.3225594654491,0.327684249345903,1.05111384672291,1.07631877814482,129.601306797164,0.491789277025097,0.387254901960784,0.833333333333333,204
"UMass-flusion_4src_spatial",2026-02-21,1.54169056017247,1.43218484459648,65.3977545460637,0.328224559245311,1.63300965900153,1.70198265573873,100.830341494036,0.515585113118085,0.259803921568627,0.872549019607843,204
"UMass-flusion_4src_spatial",2026-02-28,0.813905595154647,0.954094349992709,34.8604595858016,0.226006848350243,0.91184252318029,1.14397365138044,57.7142679377642,0.366603919628519,0.401960784313726,0.985294117647059,204
"UMass-flusion_4src_spatial",2026-03-07,0.632037838338189,0.876724544389385,31.2361828618055,0.246817481646486,0.676531664296915,1.0361168283999,49.7748223011392,0.394046580480906,0.455882352941176,0.950980392156863,204
"UMass-flusion_4src_spatial",2026-03-14,0.528055479229905,0.738174451731162,28.8297189698242,0.227646997608362,0.55694754124494,0.871662846162555,45.9700132327564,0.364693716431251,0.46078431372549,0.96078431372549,204
"UMass-flusion_4src_spatial",2026-03-21,0.42834781934151,0.611745977362913,21.1301450458789,0.212791850014379,0.417193655287156,0.677124734140168,32.2772914774372,0.332944259241063,0.544117647058823,0.970588235294118,204
"UMass-flusion_4src_spatial",2026-03-28,0.46390339068355,0.668504212964715,25.2229612556227,0.399495751197836,0.431989417011517,0.659815685881816,38.5169387550122,0.611303821508548,0.323529411764706,0.823529411764706,204
"UMass-flusion_4src_spatial",2026-04-04,0.443898395058371,0.65423615575615,17.7234892137651,0.343239611189555,0.409021399177981,0.668228434315211,26.7688465707119,0.532797172391943,0.465686274509804,0.906862745098039,204
"UMass-flusion_4src_spatial",2026-04-11,0.420054365846885,0.623575412512864,12.1648863419926,0.313191172956737,0.418355077389118,0.687460660587232,19.1335925100023,0.502571664306463,0.544117647058823,0.970588235294118,204
"UMass-flusion_4src_spatial",2026-04-18,0.437827503145243,0.682609155753718,8.93677598779291,0.33322023057154,0.487065716199526,0.81869830825875,13.5160736245368,0.53384573023554,0.593137254901961,0.975490196078431,204
"UMass-flusion_4src_spatial",2026-04-25,0.579234597243453,0.825552470038286,8.83159187939547,0.398326573131329,0.98926935790748,1.29985293043698,14.3007614532802,0.645226521273678,0.514705882352941,0.96078431372549,204
"UMass-flusion_4src_spatial",2026-05-02,0.532116619344682,0.744905761385462,7.73471653123558,0.385406623043377,0.949425869911332,1.07321736393246,12.0307150672588,0.612198639155738,0.593137254901961,0.970588235294118,204
"UMass-flusion_4src_spatial",2026-05-09,0.489544588117561,0.676938546950399,6.46857425249579,0.342055421288026,1.0276372827873,1.06630842428258,9.6013561813362,0.512016803635489,0.67156862745098,0.985294117647059,204
"UMass-flusion_4src_spatial",2026-05-16,0.436680557233143,0.63435242706658,5.51020689072184,0.318730259434808,0.888222101899703,1.00713712259357,7.22333562280199,0.461045454362133,0.759803921568627,0.985294117647059,204
"UMass-flusion_4src_spatial",2026-05-23,0.473711883423677,0.628601082092359,5.83577501890553,0.320613054410043,1.02869045275415,0.994358172074965,8.1034586155682,0.482659056077318,0.715686274509804,0.990196078431373,204
"UMass-flusion_4src_spatial",2026-05-30,0.475712252321737,0.67615858901816,5.73637295020733,0.360917393788838,1.03904011710987,1.02024860225098,8.14933425184215,0.574215661382844,0.676470588235294,0.980392156862745,204
"UMass-flusion_4src_spatial",2026-06-06,0.452253777041912,0.682323002441847,6.12744878268698,0.411380375975908,1.24507071681127,1.07260876769908,8.90266251105574,0.689107858427634,0.588235294117647,1,153
"UMass-flusion_4src_spatial",2026-06-13,0.438477684346229,0.656467517329304,6.5540190263062,0.426317914869973,1.4775953005449,1.21420778507728,9.43053471230129,0.719428573710021,0.705882352941177,0.990196078431373,102
"UMass-flusion_4src_spatial",2026-06-20,0.453456469554114,0.716827010408029,7.36814574940703,0.494069999856251,1.6801952756741,1.25577199495847,10.6412367459359,0.869101311149451,0.627450980392157,1,51
"UMass-flusion_4src_spatial_fourierP",2025-11-22,0.609781934161522,0.572235187237515,11.179455024713,0.240935241364323,0.655508701075707,0.597436630645911,18.2000062886902,0.370797141686209,0.450980392156863,0.92156862745098,51
"UMass-flusion_4src_spatial_fourierP",2025-11-29,0.564800356125868,0.481452144735052,17.6221635342219,0.253719321520332,0.552394053021999,0.495535000081016,27.0835554819904,0.407243456334479,0.392156862745098,0.931372549019608,102
"UMass-flusion_4src_spatial_fourierP",2025-12-06,0.530490503484321,0.363604656648148,27.1059647755869,0.225907135604605,0.498829926985738,0.351919909069284,39.4303865161145,0.34301927493205,0.529411764705882,0.934640522875817,153
"UMass-flusion_4src_spatial_fourierP",2025-12-13,0.517945495146968,0.329055203140948,47.4186794924912,0.258276568322897,0.488754176209559,0.31072178557042,66.5089016253793,0.378519673837872,0.534313725490196,0.862745098039216,204
"UMass-flusion_4src_spatial_fourierP",2025-12-20,0.517464943269264,0.361641644993105,116.636814374719,0.381507715866333,0.557207360072231,0.371772937126446,163.955534292626,0.563562190507092,0.220588235294118,0.622549019607843,204
"UMass-flusion_4src_spatial_fourierP",2025-12-27,0.599523278403034,0.43735622710753,276.825989423304,0.573670726899805,0.664051079942595,0.458216248501143,359.313482143644,0.78220867858043,0.053921568627451,0.274509803921569,204
"UMass-flusion_4src_spatial_fourierP",2026-01-03,0.53883911408594,0.399810692902841,227.280952177352,0.408410917816094,0.633156434016865,0.444584562478154,315.755734385813,0.580082613017045,0.176470588235294,0.544117647058823,204
"UMass-flusion_4src_spatial_fourierP",2026-01-10,0.583076514724325,0.409852656571207,103.30844679434,0.190474251402974,0.662466448491944,0.455236539810956,157.598819665503,0.288799410249686,0.367647058823529,0.82843137254902,204
"UMass-flusion_4src_spatial_fourierP",2026-01-17,1.10108653262974,0.99198886146074,208.02872918223,0.381368928110802,1.2268657784746,1.10618246743959,302.254021051846,0.554821762042519,0.191176470588235,0.656862745098039,204
"UMass-flusion_4src_spatial_fourierP",2026-01-24,1.01284976863782,0.996276789481652,214.363563913274,0.446706378685126,1.12068185686752,1.09856515150081,307.165712474952,0.63451141545471,0.205882352941176,0.642156862745098,204
"UMass-flusion_4src_spatial_fourierP",2026-01-31,0.830999754625042,0.845145182041304,145.913720227082,0.405443679650189,0.921630117839052,0.940121023899941,213.718795855364,0.586099655460034,0.279411764705882,0.740196078431373,204
"UMass-flusion_4src_spatial_fourierP",2026-02-07,0.790048082446382,0.803618483974946,85.3835422993521,0.300232419943902,0.817075719958682,0.877671469311615,128.288898579787,0.455298702444685,0.377450980392157,0.848039215686274,204
"UMass-flusion_4src_spatial_fourierP",2026-02-14,0.999621270612812,0.914084750446092,82.907092587585,0.291346831853169,0.966073386961756,0.967372810305187,119.115901481613,0.442009918115273,0.392156862745098,0.838235294117647,204
"UMass-flusion_4src_spatial_fourierP",2026-02-21,1.33527702595029,1.19128956808191,56.6417940473907,0.273016779148636,1.41551092646777,1.40731534556,87.4008609303337,0.426320937635191,0.323529411764706,0.892156862745098,204
"UMass-flusion_4src_spatial_fourierP",2026-02-28,0.698890240996454,0.790771278434563,29.9342271956477,0.187318711620348,0.776761472808221,0.919934619642216,49.1644320436262,0.294807172311919,0.455882352941176,0.990196078431373,204
"UMass-flusion_4src_spatial_fourierP",2026-03-07,0.559873861184525,0.760358361185058,27.6697394470667,0.214057809898834,0.593100867754516,0.873619140423634,43.63652413788,0.332246929584408,0.504901960784314,0.96078431372549,204
"UMass-flusion_4src_spatial_fourierP",2026-03-14,0.479682317118392,0.67620660560679,26.1887376256092,0.20853661782566,0.502429742669888,0.786627638456846,41.4701568974293,0.329115962874097,0.480392156862745,0.955882352941177,204
"UMass-flusion_4src_spatial_fourierP",2026-03-21,0.383195296742645,0.577823717218751,18.9027977626173,0.200992212975715,0.370264604825665,0.637373604643357,28.6465012645268,0.313398509843624,0.534313725490196,0.970588235294118,204
"UMass-flusion_4src_spatial_fourierP",2026-03-28,0.403078767248715,0.628513198875947,21.9158564767072,0.375597262744482,0.374406774258618,0.621196219896283,33.3827687107353,0.575523788316363,0.308823529411765,0.82843137254902,204
"UMass-flusion_4src_spatial_fourierP",2026-04-04,0.389938263421953,0.611355340564704,15.5690281441196,0.320742544642091,0.358267939808449,0.626394723301418,23.44723168815,0.499441987556608,0.465686274509804,0.897058823529412,204
"UMass-flusion_4src_spatial_fourierP",2026-04-11,0.362857357853422,0.586133959711132,10.5084457525948,0.294386177947514,0.356668194353707,0.646384258645341,16.3123247711769,0.472542548647651,0.529411764705882,0.975490196078431,204
"UMass-flusion_4src_spatial_fourierP",2026-04-18,0.397957288770465,0.64748590963729,8.12295965169475,0.316074582771937,0.442026990690041,0.77179664647218,12.2662489916486,0.503262728373762,0.598039215686274,0.980392156862745,204
"UMass-flusion_4src_spatial_fourierP",2026-04-25,0.564792788704227,0.804175374236638,8.61139757535046,0.388012188978647,0.980715963545876,1.2523404159692,14.1771145906705,0.621642057439985,0.509803921568627,0.955882352941177,204
"UMass-flusion_4src_spatial_fourierP",2026-05-02,0.505700786058735,0.719090266134508,7.35074246431994,0.372049949806809,0.915046405937934,1.02181337515366,11.5950733301449,0.58287610577606,0.593137254901961,0.96078431372549,204
"UMass-flusion_4src_spatial_fourierP",2026-05-09,0.465816607861871,0.65752207968783,6.1550457080666,0.332244327032361,1.01655645304652,1.04644707316341,9.49782646816995,0.50247983920349,0.651960784313726,0.970588235294118,204
"UMass-flusion_4src_spatial_fourierP",2026-05-16,0.3859489583089,0.606067705136674,4.87005563750161,0.304518606142255,0.813815741701507,0.960156760197652,6.61823684060197,0.439538866985881,0.754901960784314,0.985294117647059,204
"UMass-flusion_4src_spatial_fourierP",2026-05-23,0.401179239618848,0.58506080037602,4.94222726217167,0.298405675026471,0.815126123101823,0.883527671193671,6.42111607757171,0.428862198524154,0.745098039215686,0.990196078431373,204
"UMass-flusion_4src_spatial_fourierP",2026-05-30,0.397919210723326,0.625533103909162,4.79830608865071,0.33389471236233,0.814866960428217,0.914538066161489,6.39111341512327,0.514719725527759,0.696078431372549,0.980392156862745,204
"UMass-flusion_4src_spatial_fourierP",2026-06-06,0.375294600742888,0.627793895109981,5.08475232536951,0.378504150792916,1.00840957020625,0.96529754460213,7.21045797258589,0.62016472710099,0.61437908496732,1,153
"UMass-flusion_4src_spatial_fourierP",2026-06-13,0.352255346620787,0.597716901362769,5.26523544137253,0.388164557034272,1.17437691764312,1.06816860672771,7.49528797436932,0.632899102332003,0.725490196078431,0.990196078431373,102
"UMass-flusion_4src_spatial_fourierP",2026-06-20,0.351669844523297,0.643947134786376,5.7142302383884,0.443837852329587,1.30882055177292,1.12430857631283,8.28919682789516,0.778117414413569,0.725490196078431,1,51
"UMass-flusion_spatial2_prod",2023-10-21,0.708406396024228,0.619881795627468,5.03382586750412,0.222883927375514,0.79078112921938,0.686898469527303,7.75275616881746,0.342163941118767,0.607843137254902,0.980392156862745,51
"UMass-flusion_spatial2_prod",2023-10-28,0.596104969867756,0.623250678458051,4.80982497187601,0.250066805452315,0.681338246154597,0.77647150255501,7.39452060026799,0.369279879530087,0.5,0.941176470588235,102
"UMass-flusion_spatial2_prod",2023-11-04,0.662950734567139,0.597731867372825,7.05536289886019,0.252646025582778,0.709348142531238,0.712772390394491,11.0389390558547,0.394865249423115,0.444444444444444,0.928104575163399,153
"UMass-flusion_spatial2_prod",2023-11-11,0.653206463027634,0.516888291382952,10.3575523957071,0.250771876762014,0.636001300210618,0.566755192283665,16.1276203796446,0.38932057182935,0.392156862745098,0.955882352941177,204
"UMass-flusion_spatial2_prod",2023-11-18,0.7051682333465,0.58006835045645,14.990039651339,0.292442923815541,0.683918660507458,0.602918509116479,22.7604105070578,0.456024965673949,0.338235294117647,0.911764705882353,204
"UMass-flusion_spatial2_prod",2023-11-25,0.650671331106458,0.565030647785763,15.9371916033495,0.286530369907807,0.61336356616315,0.571114603343055,23.9271924486586,0.438271658818365,0.392156862745098,0.926470588235294,204
"UMass-flusion_spatial2_prod",2023-12-02,0.527184224762753,0.457718036091632,19.3153317517036,0.252063681796742,0.519330084794286,0.464247438198776,29.5509001190788,0.393766109136918,0.490196078431373,0.946078431372549,204
"UMass-flusion_spatial2_prod",2023-12-09,0.499217172719887,0.39147228848402,22.6548781204314,0.206811953364194,0.48906260147113,0.399482013125273,33.380919916098,0.320597469279384,0.622549019607843,0.990196078431373,204
"UMass-flusion_spatial2_prod",2023-12-16,0.431149431453394,0.357962206645545,31.1620441884426,0.211240249083181,0.469635260772085,0.385213750879889,47.3710037299373,0.335189187203833,0.63235294117647,0.965686274509804,204
"UMass-flusion_spatial2_prod",2023-12-23,0.352325291860328,0.294246863037123,49.4126212099778,0.214741670049124,0.417160249063682,0.320308705837556,73.452922286115,0.32047441500819,0.573529411764706,0.936274509803922,204
"UMass-flusion_spatial2_prod",2023-12-30,0.37657481233515,0.288758967236267,75.2775443612434,0.223952100749489,0.462585585453877,0.328949056158439,110.551152194279,0.332396008920026,0.514705882352941,0.887254901960784,204
"UMass-flusion_spatial2_prod",2024-01-06,0.419955199462547,0.346814979368885,46.918757017361,0.159998942914538,0.477813413969172,0.379316502739596,69.0463805411629,0.236657673562471,0.612745098039216,0.975490196078431,204
"UMass-flusion_spatial2_prod",2024-01-13,0.528784704281554,0.513369427958035,35.0753393102476,0.13001392485743,0.522294372238726,0.534570342072234,48.430001692489,0.189420051347984,0.705882352941177,1,204
"UMass-flusion_spatial2_prod",2024-01-20,0.479449016812139,0.582676043031608,35.5605206362864,0.169634558070116,0.475526416113201,0.64955076600224,48.356840697394,0.257434583167195,0.549019607843137,0.980392156862745,204
"UMass-flusion_spatial2_prod",2024-01-27,0.52999849018558,0.63158072612004,40.1645879073207,0.16887539194066,0.575561062628623,0.703451412467402,60.0755966007415,0.258917669329629,0.549019607843137,0.985294117647059,204
"UMass-flusion_spatial2_prod",2024-02-03,0.635897098704253,0.737068272058655,41.8982235066855,0.206338831617771,0.693093466699705,0.831121180824421,64.2572389004486,0.319089790948793,0.480392156862745,0.950980392156863,204
"UMass-flusion_spatial2_prod",2024-02-10,1.05358924178089,1.05609352839798,50.9589142948675,0.250215834224424,1.12538594833347,1.16479617755746,80.6526596305651,0.399615344513321,0.343137254901961,0.950980392156863,204
"UMass-flusion_spatial2_prod",2024-02-17,1.35533752520182,1.49409189174314,51.3256701025894,0.315985239714417,1.41639334352199,1.65405365637178,81.3245844738878,0.514927511896346,0.205882352941176,0.926470588235294,204
"UMass-flusion_spatial2_prod",2024-02-24,1.28455403375392,1.33958222036743,50.2552617462978,0.296781381752817,1.3466780022682,1.50388899468008,77.3811742283717,0.476736995124624,0.299019607843137,0.887254901960784,204
"UMass-flusion_spatial2_prod",2024-03-02,1.37882736340136,1.4278466051281,46.334939942486,0.278292010126115,1.43961105224359,1.62339360336095,70.5621123107042,0.437818739526855,0.303921568627451,0.88235294117647,204
"UMass-flusion_spatial2_prod",2024-03-09,1.0150781750716,1.06178921997076,27.4438198719391,0.195348799234473,1.08377076321981,1.19954403618531,43.7439630605486,0.308713019666618,0.441176470588235,0.946078431372549,204
"UMass-flusion_spatial2_prod",2024-03-16,0.523361532925347,0.682414024469788,20.0333552002347,0.159050957802109,0.55673056616581,0.75713674013033,31.7882236995067,0.253202322320755,0.480392156862745,0.985294117647059,204
"UMass-flusion_spatial2_prod",2024-03-23,0.41926389035177,0.56871552051324,17.9255186064687,0.165120403962291,0.446094813242807,0.640297651112553,28.355448251566,0.263576013675419,0.509803921568627,0.965686274509804,204
"UMass-flusion_spatial2_prod",2024-03-30,0.433271929446239,0.542727502578687,15.0323893698921,0.143547009602991,0.430120366792588,0.570557373994336,22.6192710536808,0.218047970575667,0.583333333333333,0.975490196078431,204
"UMass-flusion_spatial2_prod",2024-04-06,0.552440580807453,0.65022868090716,14.2087695537728,0.168807156223639,0.552045708319021,0.689176111817314,21.9573474377477,0.261751517350521,0.504901960784314,0.985294117647059,204
"UMass-flusion_spatial2_prod",2024-04-13,0.454560306385652,0.57618977540693,10.859611217248,0.191744517330153,0.477633898056008,0.610458366245823,17.5109015860827,0.302826570636641,0.504901960784314,0.975490196078431,204
"UMass-flusion_spatial2_prod",2024-04-20,0.31028306441216,0.48731285088166,8.28678523093671,0.181592734415388,0.299680675858716,0.472325934568881,12.611561775721,0.272306315298456,0.544117647058823,0.980392156862745,204
"UMass-flusion_spatial2_prod",2024-04-27,0.353175778735561,0.525500058671655,8.9019883752526,0.223023685791331,0.344328426756821,0.537549956733684,13.6752397724694,0.34727084685596,0.490196078431373,0.970588235294118,204
"UMass-flusion_spatial2_prod",2024-05-04,0.422094239696785,0.563531044625953,10.5989015841499,0.322271685192699,0.391860030709553,0.555994472205877,16.0508941990639,0.50624908939809,0.401960784313726,0.926470588235294,204
"UMass-flusion_spatial2_prod",2024-05-11,0.54728743931819,0.80788074134085,14.5781102821454,0.74979211797112,0.462469457416996,0.692433800417943,20.6055836026906,1.08244311439193,0.274509803921569,0.823529411764706,153
"UMass-flusion_spatial2_prod",2024-05-18,0.542934609698005,0.77976500349307,12.0143444331911,0.718549854856685,0.46066949086511,0.659906645001772,17.2092959801752,1.08369049791261,0.275510204081633,0.897959183673469,98
"UMass-flusion_spatial2_prod",2024-05-25,0.523671923275998,0.747889517090128,10.5025608542254,0.635779277772529,0.439851030235106,0.618411322359569,14.8023336501569,0.984780466894378,0.36734693877551,0.918367346938776,49
"UMass-flusion_spatial2_prod",2024-11-30,0.685828695024552,0.598484486225785,18.8490340386831,0.238838286455166,0.755515992060076,0.624530956600419,28.2948146046028,0.365013140605754,0.450980392156863,0.96078431372549,51
"UMass-flusion_spatial2_prod",2024-12-07,0.646816299622765,0.577721690074227,25.9990651449178,0.280568933451096,0.671762571058907,0.600928574285308,39.936943440208,0.43213230266713,0.274509803921569,0.88235294117647,102
"UMass-flusion_spatial2_prod",2024-12-14,0.663153145024239,0.561019060973282,45.9191151833056,0.384656661852218,0.651913032631372,0.536406148215934,66.7635641065423,0.55771500557902,0.150326797385621,0.61437908496732,153
"UMass-flusion_spatial2_prod",2024-12-21,0.722820789622475,0.562934138806657,113.429239356777,0.51641594846624,0.714105751485375,0.519481546603119,146.664719488893,0.70382427854676,0.137254901960784,0.436274509803922,204
"UMass-flusion_spatial2_prod",2024-12-28,0.750223127462769,0.581921437363737,258.785851013691,0.709080302433081,0.77528514736692,0.562719679147662,310.315481068388,0.912832053655806,0.0196078431372549,0.186274509803922,204
"UMass-flusion_spatial2_prod",2025-01-04,0.707926891599479,0.557033046437799,316.564608096193,0.666895088930146,0.777237143334392,0.575798107918734,391.190312214994,0.869339903493453,0.0833333333333333,0.28921568627451,204
"UMass-flusion_spatial2_prod",2025-01-11,0.615257023280539,0.459297704618291,138.634307243903,0.28972340999706,0.751969618882911,0.531824321318298,206.271901485631,0.443874292260998,0.259803921568627,0.823529411764706,204
"UMass-flusion_spatial2_prod",2025-01-18,0.739111337164471,0.597970552876351,144.477347559816,0.254151083714464,0.929052945166638,0.738554079390007,226.921181856951,0.415288861870094,0.264705882352941,0.911764705882353,204
"UMass-flusion_spatial2_prod",2025-01-25,0.802960234224574,0.737977497791711,209.322357206699,0.299730055078855,0.980279808543401,0.899150145467869,315.201604320923,0.470061269709399,0.235294117647059,0.875816993464052,153
"UMass-flusion_spatial2_prod",2025-02-01,0.98104660220967,1.02187198706645,362.999369992115,0.472747871336733,1.19255412037751,1.25104955817853,518.168662539714,0.715470174180685,0.0915032679738562,0.601307189542484,153
"UMass-flusion_spatial2_prod",2025-02-08,1.13861412221358,1.23313867796179,376.201357775881,0.552610877474144,1.32575458277568,1.45814138125658,512.070541331447,0.794936660787791,0.150326797385621,0.477124183006536,153
"UMass-flusion_spatial2_prod",2025-02-15,1.01990045700579,1.10545360488868,216.631021878933,0.317365998100182,1.21719111775096,1.28658746781934,319.293892228333,0.464694540039618,0.196078431372549,0.745098039215686,153
"UMass-flusion_spatial2_prod",2025-02-22,0.853772989138954,1.06182025024209,171.547705988104,0.288111559002969,1.01192561688338,1.21950756837124,260.833748591072,0.429619248326872,0.28921568627451,0.843137254901961,204
"UMass-flusion_spatial2_prod",2025-03-01,0.527868989047666,0.643530027393447,108.33203928184,0.176475645075733,0.667986464742126,0.771762338201646,177.877591785228,0.278651852514633,0.362745098039216,0.965686274509804,204
"UMass-flusion_spatial2_prod",2025-03-08,0.376971415727044,0.530753747562519,82.7122150433097,0.175624107049845,0.481994305881538,0.668293111647424,135.816071985237,0.286144288173446,0.362745098039216,0.985294117647059,204
"UMass-flusion_spatial2_prod",2025-03-15,0.30936410011808,0.455353149946454,61.9910416815004,0.171205514316686,0.379259030218715,0.557810961362264,99.1520679345819,0.273218430149614,0.313725490196078,0.985294117647059,204
"UMass-flusion_spatial2_prod",2025-03-22,0.325865834665821,0.446467500022573,55.6712810359539,0.188024335834769,0.358996068076967,0.497887719963595,83.3557193951063,0.28448627187789,0.333333333333333,0.965686274509804,204
"UMass-flusion_spatial2_prod",2025-03-29,0.306803972207377,0.448363798091757,42.8352048974383,0.211773367725714,0.337468863080653,0.498648018110363,66.9263617335979,0.329857342059705,0.357843137254902,0.975490196078431,204
"UMass-flusion_spatial2_prod",2025-04-05,0.33242912557072,0.50492196923536,35.6443466938006,0.267527683725578,0.353824185580953,0.547215500449962,56.9535528525576,0.42181812796978,0.303921568627451,0.92156862745098,204
"UMass-flusion_spatial2_prod",2025-04-12,0.333049407377314,0.523373212269275,25.8921460800047,0.288542561425879,0.329312832836383,0.536019043838995,40.6007208758229,0.447152512592322,0.318627450980392,0.901960784313726,204
"UMass-flusion_spatial2_prod",2025-04-19,0.343113404583567,0.553483791406579,17.3686506354685,0.272375630979336,0.321873569949944,0.584595636517347,26.4772567516177,0.42725465587297,0.372549019607843,0.926470588235294,204
"UMass-flusion_spatial2_prod",2025-04-26,0.341366138128532,0.510444808386568,13.8497286580656,0.267887489016775,0.324319748964666,0.550600907854474,21.273679742545,0.4211636064059,0.464052287581699,0.928104575163399,153
"UMass-flusion_spatial2_prod",2025-05-03,0.334889691537674,0.527508915082762,8.71654962245594,0.255411284539441,0.35890235592311,0.613859575234274,13.8752119953281,0.406127449274049,0.444444444444444,0.986928104575163,153
"UMass-flusion_spatial2_prod",2025-05-10,0.406330269861579,0.592390058649124,7.19401680744126,0.276861698425873,0.535421768541795,0.749210299971682,11.4748233924741,0.435888939063227,0.398692810457516,0.967320261437909,153
"UMass-flusion_spatial2_prod",2025-05-17,0.413793311819535,0.53817494552674,5.67629412450687,0.243298557640427,0.644828302844271,0.731625096626682,8.87165736919732,0.379378780792346,0.359477124183007,0.941176470588235,153
"UMass-flusion_spatial2_prod",2025-05-24,0.331018898364493,0.484147795052031,5.7557827551607,0.2671536450296,0.625880869026033,0.776070626843434,9.26958202099994,0.435453577717124,0.320261437908497,0.967320261437909,153
"UMass-flusion_spatial2_prod",2025-05-31,0.347868150576266,0.47397041697371,6.32199206591396,0.286546953458009,0.859239921938004,0.875387573472149,10.3024551424527,0.45780015731569,0.352941176470588,0.970588235294118,102
"UMass-flusion_spatial2_prod",2025-06-07,0.255117715870117,0.407035024383992,4.92712346275666,0.269652870948566,0.745955909544307,0.816677559235393,8.17626183206407,0.430748780858002,0.470588235294118,0.941176470588235,51
"UMass-flusion_spatial_mem",2024-11-30,0.684078442431391,0.597685207013152,18.8009308156128,0.238519316654047,0.749334987981556,0.6225330418567,28.0633299420543,0.363845440065757,0.450980392156863,0.96078431372549,51
"UMass-flusion_spatial_mem",2024-12-07,0.646844787966046,0.577805498838658,26.0002102463837,0.280609634944659,0.673597413843824,0.602936203098665,40.0460266426367,0.433576003797583,0.284313725490196,0.892156862745098,102
"UMass-flusion_spatial_mem",2024-12-14,0.663207151217462,0.560598025811756,45.9228547668781,0.38436798363962,0.656620376972961,0.538902535619239,67.2456515476427,0.560310562544935,0.156862745098039,0.607843137254902,153
"UMass-flusion_spatial_mem",2024-12-21,0.722322582488512,0.562197691523077,113.351057797726,0.515740357671105,0.716009888582703,0.521845542700213,147.055795646265,0.707027160070473,0.127450980392157,0.436274509803922,204
"UMass-flusion_spatial_mem",2024-12-28,0.750003182342772,0.581567715733812,258.709982004897,0.708649287137509,0.777433242025252,0.565221015728726,311.175277015137,0.916889669361793,0.0196078431372549,0.186274509803922,204
"UMass-flusion_spatial_mem",2025-01-04,0.70810804149162,0.556806225870271,316.645613133991,0.66662353318759,0.778001843277437,0.578019422493477,391.575192443681,0.872693643930384,0.0882352941176471,0.303921568627451,204
"UMass-flusion_spatial_mem",2025-01-11,0.61736469144883,0.46037891477279,139.109222775713,0.29040543363823,0.758066815964535,0.536612595445649,207.944416443919,0.447870709318723,0.235294117647059,0.823529411764706,204
"UMass-flusion_spatial_mem",2025-01-18,0.738331220359403,0.598464347309778,144.324854692888,0.254360957578293,0.929775591810396,0.739662867226816,227.097688299689,0.41591233312515,0.274509803921569,0.911764705882353,204
"UMass-flusion_spatial_mem",2025-01-25,0.802028939179507,0.738464781538411,209.079579462821,0.299927965698995,0.983883236071508,0.904427261296838,316.360259358,0.472820061196529,0.254901960784314,0.888888888888889,153
"UMass-flusion_spatial_mem",2025-02-01,0.979437767401802,1.02175332420998,362.404081225647,0.472692974428395,1.19045476110042,1.25478161335322,517.256484073167,0.717604521416116,0.0849673202614379,0.620915032679739,153
"UMass-flusion_spatial_mem",2025-02-08,1.13708166574599,1.23198160285891,375.695029782407,0.55209235324055,1.32427471769072,1.46389385465626,511.498945860463,0.798072743512272,0.156862745098039,0.490196078431373,153
"UMass-flusion_spatial_mem",2025-02-15,1.01858309156912,1.10262487697894,216.35120808066,0.316553895220008,1.21669861139579,1.2874875018804,319.164697832485,0.465019617754491,0.202614379084967,0.751633986928105,153
"UMass-flusion_spatial_mem",2025-02-22,0.85429487343669,1.06017060936111,171.652567649467,0.287663949715138,1.0150816043126,1.21231973671519,261.647235292006,0.427087053436685,0.294117647058824,0.838235294117647,204
"UMass-flusion_spatial_mem",2025-03-01,0.526668382270959,0.642703786793935,108.0856444695,0.176249064595289,0.670020764027387,0.772152344778422,178.419303746371,0.278792667957072,0.406862745098039,0.965686274509804,204
"UMass-flusion_spatial_mem",2025-03-08,0.375042369084738,0.529418622576291,82.288958228468,0.175182319997784,0.478904790299247,0.668888318251571,134.945510101822,0.286399138877563,0.357843137254902,0.985294117647059,204
"UMass-flusion_spatial_mem",2025-03-15,0.308308903203906,0.455095402725154,61.7795990614169,0.17110860547661,0.374691202961927,0.556701138410303,97.957872193963,0.272674833652446,0.348039215686274,0.985294117647059,204
"UMass-flusion_spatial_mem",2025-03-22,0.325660183788902,0.446542279375075,55.6361474117861,0.188055828245947,0.360338507203515,0.500356620540886,83.6674219152398,0.285896968090527,0.352941176470588,0.965686274509804,204
"UMass-flusion_spatial_mem",2025-03-29,0.307548413632116,0.449329705098459,42.93914195123,0.212229589616486,0.335730751338396,0.497602339635775,66.581661798517,0.329165622229787,0.357843137254902,0.980392156862745,204
"UMass-flusion_spatial_mem",2025-04-05,0.331741654779191,0.504762494142107,35.5706333956862,0.267443187496637,0.352615060175468,0.550273324202535,56.7589251518718,0.424175234977735,0.294117647058824,0.931372549019608,204
"UMass-flusion_spatial_mem",2025-04-12,0.332530905226028,0.522946187220498,25.8518363447327,0.288307136878962,0.33039756556925,0.538567151629535,40.7344567236873,0.449278169906166,0.313725490196078,0.897058823529412,204
"UMass-flusion_spatial_mem",2025-04-19,0.341205367488704,0.55224186662625,17.2720644069578,0.271764465754766,0.325829188417837,0.589957725056962,26.8026451511751,0.431173565202164,0.367647058823529,0.916666666666667,204
"UMass-flusion_spatial_mem",2025-04-26,0.340897013729693,0.510618927096738,13.8306955879831,0.267978868580818,0.321152398890578,0.549872403744638,21.0659181389924,0.420606361741383,0.464052287581699,0.934640522875817,153
"UMass-flusion_spatial_mem",2025-05-03,0.337010753310459,0.52946975786123,8.77175687625313,0.256360692897307,0.363155881362584,0.626227672387135,14.0396538448345,0.414310141133417,0.450980392156863,0.986928104575163,153
"UMass-flusion_spatial_mem",2025-05-10,0.406644291983192,0.592353431821391,7.19957652225542,0.276844580370656,0.536535066447894,0.750183111616288,11.4986828946578,0.436454918783062,0.392156862745098,0.967320261437909,153
"UMass-flusion_spatial_mem",2025-05-17,0.41301498885696,0.538436730179214,5.66561732057302,0.24341690545444,0.644391160190668,0.730943175300149,8.86564308628338,0.379025175533793,0.359477124183007,0.934640522875817,153
"UMass-flusion_spatial_mem",2025-05-24,0.330810430989892,0.484344485041736,5.75215790798228,0.267262178928189,0.61859287900881,0.770861300111409,9.16164355447034,0.432530622145175,0.326797385620915,0.967320261437909,153
"UMass-flusion_spatial_mem",2025-05-31,0.34721277012602,0.474797478688745,6.31008149002551,0.287046967818142,0.849788735201319,0.880482148224785,10.189133560306,0.460464459613201,0.352941176470588,0.96078431372549,102
"UMass-flusion_spatial_mem",2025-06-07,0.255100758757804,0.406841005135655,4.92679596771909,0.269524336930117,0.746273010136821,0.821021909537929,8.17973750326437,0.433040166944562,0.470588235294118,0.941176470588235,51
"UMass-gbqr",2023-10-21,0.778204502241036,0.609452783522231,5.52980037387341,0.219134084755424,0.769531071095922,0.661783320379085,7.54442226564629,0.32965336088665,0.372549019607843,0.803921568627451,51
"UMass-gbqr",2023-10-28,1.12339609233517,0.880747425235103,9.06440786665535,0.353382198610342,1.20895626462507,1.090738886851,13.1207253578491,0.518741413444962,0.352941176470588,0.784313725490196,102
"UMass-gbqr",2023-11-04,1.2281843680342,0.930797155369919,13.0707848583143,0.393424233781545,1.26817909574984,1.08566421919217,19.7355161880542,0.601441748415372,0.209150326797386,0.699346405228758,153
"UMass-gbqr",2023-11-11,1.32284112680768,0.88940194885198,20.9755981571283,0.431499416078202,1.18440807986103,0.929404128350713,30.0340327610287,0.638434639217133,0.215686274509804,0.63235294117647,204
"UMass-gbqr",2023-11-18,1.49888794448519,1.04765347648861,31.8624530406302,0.52817714596695,1.46394915268832,1.05285208038309,48.7193662063885,0.796337857532395,0.176470588235294,0.622549019607843,204
"UMass-gbqr",2023-11-25,1.55430028712458,1.08305446294055,38.0701904338132,0.549223298086164,1.48030881293918,1.03760053631609,57.7465565361274,0.796251585198776,0.156862745098039,0.602941176470588,204
"UMass-gbqr",2023-12-02,1.42551769193673,0.90612100188042,52.2290801665623,0.498997587767346,1.60721850758817,0.925075091567476,91.4538844906053,0.784631619894986,0.225490196078431,0.774509803921569,204
"UMass-gbqr",2023-12-09,1.1560841663031,0.60974566553344,52.4640323205653,0.322124185680307,1.49483716241464,0.751323160829483,102.029963967948,0.602961575387338,0.333333333333333,0.995098039215686,204
"UMass-gbqr",2023-12-16,0.589249796429969,0.414160988791937,42.5890117319252,0.244404210301384,0.725467593201053,0.463202091643988,73.176209143618,0.40304981910595,0.446078431372549,0.941176470588235,204
"UMass-gbqr",2023-12-23,0.485930775763489,0.383867940982948,68.150410747664,0.280147226971786,0.511669232042843,0.384323556110797,90.0939157597005,0.384522382856924,0.323529411764706,0.622549019607843,204
"UMass-gbqr",2023-12-30,0.725347918740294,0.576843402870057,144.997510034506,0.447381056639296,0.739243882395456,0.544639094614841,176.668416658949,0.5503461948363,0.132352941176471,0.25,204
"UMass-gbqr",2024-01-06,0.767081494870744,0.646470096659024,85.7008326517081,0.29824124747878,0.799965418101232,0.620760470969899,115.598924314736,0.387295906817252,0.313725490196078,0.544117647058823,204
"UMass-gbqr",2024-01-13,0.611285939978066,0.670559644813372,40.5478100760227,0.169823301749705,0.715180691350075,0.751145104015098,66.315480184206,0.26616131306645,0.436274509803922,0.901960784313726,204
"UMass-gbqr",2024-01-20,0.510622352399472,0.65030448906154,37.8726330915917,0.189323237040969,0.592649272516741,0.742332539300672,60.2672017566657,0.294206515993323,0.401960784313726,0.906862745098039,204
"UMass-gbqr",2024-01-27,0.725919971757592,0.909663904124155,55.0119992023532,0.243230741518925,0.81459923625455,1.05123369380386,85.0257918508242,0.386925057077892,0.308823529411765,0.82843137254902,204
"UMass-gbqr",2024-02-03,0.924579904286849,1.08067929038231,60.9190630976867,0.302531136645185,0.971020694198569,1.20535611283273,90.0240901440075,0.462768653881651,0.230392156862745,0.764705882352941,204
"UMass-gbqr",2024-02-10,1.63304280662746,1.83431597345585,78.9853247572219,0.434596831803028,1.57024462486568,1.90922698568324,112.534198115374,0.655012794803149,0.107843137254902,0.656862745098039,204
"UMass-gbqr",2024-02-17,1.89559014632214,2.21537995259963,71.7846534097561,0.468530328856812,1.7921431365617,2.25339715361791,102.898885090918,0.701510610104395,0.147058823529412,0.661764705882353,204
"UMass-gbqr",2024-02-24,1.79358333489075,1.94387217399186,70.1698780979421,0.430660440976828,1.75221988971906,2.04012346418965,100.683929153367,0.646724813760548,0.137254901960784,0.637254901960784,204
"UMass-gbqr",2024-03-02,2.42145055052626,2.74562683447496,81.3718735285025,0.535131720787114,2.34060626930167,2.97258293003703,114.724127876213,0.801686361750735,0.0931372549019608,0.563725490196078,204
"UMass-gbqr",2024-03-09,2.04160058857866,2.11816268420316,55.1970480494724,0.389701203553141,2.06040769701786,2.36192070398609,83.16371067277,0.607860696018673,0.147058823529412,0.730392156862745,204
"UMass-gbqr",2024-03-16,0.883171429560165,1.46412726761408,33.8062426028578,0.34124568943192,0.987436803994337,1.67758473627529,56.3807053574806,0.561019335875361,0.220588235294118,0.857843137254902,204
"UMass-gbqr",2024-03-23,0.501775889727088,0.884789527498885,21.4532976833127,0.256889075350669,0.587510805812137,1.06172498951629,37.3443755831666,0.437054922612997,0.313725490196078,0.916666666666667,204
"UMass-gbqr",2024-03-30,0.495600026703899,0.75790919810694,17.1948655493648,0.200460817669874,0.560233869841087,0.882028448591472,29.4617105669371,0.337081811525731,0.372549019607843,0.965686274509804,204
"UMass-gbqr",2024-04-06,0.60365938682086,0.775616663045636,15.5261170418958,0.201359378712328,0.629452212876379,0.839392897728847,25.0361532121517,0.318804382314426,0.362745098039216,0.862745098039216,204
"UMass-gbqr",2024-04-13,0.628362890668094,0.815425004071384,15.0118182343274,0.271357251548211,0.592438017575975,0.758194998909244,21.7198232031898,0.376113432281278,0.343137254901961,0.769607843137255,204
"UMass-gbqr",2024-04-20,0.491868925877295,0.715012473192347,13.1364312720025,0.266442942994824,0.45074223512525,0.655738138427976,18.9687357281876,0.37804749476434,0.269607843137255,0.740196078431373,204
"UMass-gbqr",2024-04-27,0.510736495134392,0.691548764299941,12.8733922772995,0.293495218075667,0.454064986729914,0.650496976447942,18.0335025612047,0.420237473854424,0.274509803921569,0.715686274509804,204
"UMass-gbqr",2024-05-04,0.530791660765355,0.720732396466059,13.3283234999389,0.412171869140343,0.448832864475684,0.633457648127735,18.3845461547001,0.576781557314073,0.240196078431373,0.647058823529412,204
"UMass-gbqr",2024-05-11,0.803906529607754,1.12268855102976,21.4136799115264,1.04196446755422,0.613271394064154,0.807646969080531,27.3246476688584,1.262549430737,0.130718954248366,0.339869281045752,153
"UMass-gbqr",2024-05-18,0.757063712969615,1.11248594433227,16.7527065746402,1.02515066750769,0.601264455283749,0.782933143824593,22.4615221509572,1.2857230865758,0.122448979591837,0.428571428571429,98
"UMass-gbqr",2024-05-25,0.821906477472483,1.19838123683666,16.4838373272636,1.01874132454292,0.680645570803731,0.833853304543712,22.9058070664358,1.32785804023899,0.163265306122449,0.489795918367347,49
"UMass-gbqr",2024-11-30,0.76632096492435,0.65248909041605,21.0612505093542,0.26039000153275,0.816132579129437,0.668724097583083,30.564965218377,0.390842248054844,0.470588235294118,0.901960784313726,51
"UMass-gbqr",2024-12-07,0.657317568636124,0.579147738607167,26.4211682634414,0.281261489958511,0.636915011535197,0.568641569677888,37.8652218622493,0.408914472388678,0.411764705882353,0.833333333333333,102
"UMass-gbqr",2024-12-14,0.719992943327328,0.597646316177716,49.8549077899741,0.409769743919884,0.644281691747147,0.540979091119621,65.9820250195167,0.562469609689216,0.202614379084967,0.509803921568627,153
"UMass-gbqr",2024-12-21,0.810754701608086,0.648805909230678,127.228339899255,0.595191685649283,0.739689433308782,0.562058418723007,151.919156258683,0.76150993937246,0.117647058823529,0.299019607843137,204
"UMass-gbqr",2024-12-28,0.838122943983018,0.704464662157911,289.106468959808,0.858401123628165,0.81760617565323,0.645696554665831,327.254887552025,1.0474353996769,0.0196078431372549,0.0784313725490196,204
"UMass-gbqr",2025-01-04,0.853612009707733,0.724630778644718,381.710815800193,0.867547644894982,0.878673010276517,0.696480356168166,442.243879069321,1.05154594516621,0.0147058823529412,0.17156862745098,204
"UMass-gbqr",2025-01-11,0.858846945629962,0.696532808305885,193.521807684691,0.439370496233856,0.962287406993272,0.747948066982437,263.963926509493,0.624256743386339,0.102941176470588,0.588235294117647,204
"UMass-gbqr",2025-01-18,0.985828465467179,0.855154690954978,192.704230983765,0.363460191148672,1.11793912722643,0.953473075860751,273.056631825056,0.536137785367091,0.200980392156863,0.784313725490196,204
"UMass-gbqr",2025-01-25,0.868618417811699,0.858389872070811,226.438679002684,0.348635621553236,1.07869085823076,1.07741158218463,346.844937656995,0.563253488723835,0.326797385620915,0.888888888888889,153
"UMass-gbqr",2025-02-01,0.794374892576428,0.816387890905613,293.928529891763,0.377684917969686,1.04674883451573,1.01968751638742,454.815789344909,0.583155159753844,0.261437908496732,0.803921568627451,153
"UMass-gbqr",2025-02-08,1.05742277302751,1.0886718676739,349.375504128401,0.487870445415817,1.28957700864204,1.30568186368319,498.097012436013,0.711820125338624,0.130718954248366,0.660130718954248,153
"UMass-gbqr",2025-02-15,1.07337148709484,1.15926725382547,227.988487021282,0.332815422961352,1.22270488006691,1.29388381067119,320.740263800558,0.467329860816727,0.189542483660131,0.745098039215686,153
"UMass-gbqr",2025-02-22,0.868640402616718,1.09325260014934,174.534999693261,0.296640331488555,1.0039392396073,1.23157679305227,258.775181550346,0.433871104871131,0.32843137254902,0.88235294117647,204
"UMass-gbqr",2025-03-01,0.525110409094952,0.625872675546228,107.76590905256,0.171633458347961,0.659376212003062,0.755270886583085,175.584774336482,0.272697463039143,0.475490196078431,0.970588235294118,204
"UMass-gbqr",2025-03-08,0.411089911939172,0.529706474327082,90.198237266531,0.175277568890377,0.504958035352487,0.650121655969434,142.286778167485,0.278363782644613,0.446078431372549,0.926470588235294,204
"UMass-gbqr",2025-03-15,0.399746783564074,0.522824027292283,80.1021175776626,0.19657348697428,0.453110810566192,0.596228510533234,118.459602254543,0.29203552626593,0.338235294117647,0.803921568627451,204
"UMass-gbqr",2025-03-22,0.418092407427422,0.537967170959346,71.4273711349951,0.226558304950364,0.451639702457758,0.577925660173248,104.866753854493,0.330218862391861,0.343137254901961,0.730392156862745,204
"UMass-gbqr",2025-03-29,0.333336435492877,0.493398566692154,46.5396012032981,0.233044408456131,0.339753085751095,0.502144439180569,67.3793656383924,0.332170236364009,0.362745098039216,0.75,204
"UMass-gbqr",2025-04-05,0.298575919679203,0.503610003256169,32.0144739941019,0.26683255211926,0.275080484328441,0.493139968648604,44.278518940652,0.380134294864426,0.308823529411765,0.75,204
"UMass-gbqr",2025-04-12,0.334216079512725,0.554766358602641,25.9828462724939,0.305850017447503,0.298676473770525,0.519203069862006,36.8235881951102,0.433124456869443,0.318627450980392,0.730392156862745,204
"UMass-gbqr",2025-04-19,0.349036136647863,0.589513682894839,17.6684636496441,0.290106347904745,0.324502670997054,0.594827054478964,26.693526088243,0.434732339056385,0.333333333333333,0.784313725490196,204
"UMass-gbqr",2025-04-26,0.356597464331478,0.570210560832761,14.467686069336,0.299253264687244,0.340036780876244,0.585684073672484,22.3046348553855,0.447999291616856,0.42483660130719,0.869281045751634,153
"UMass-gbqr",2025-05-03,0.429752055100639,0.697988312561837,11.1856387589516,0.337954651395732,0.474432636060071,0.801591418708995,18.3416277274204,0.530330211296301,0.379084967320261,0.888888888888889,153
"UMass-gbqr",2025-05-10,0.516900783513153,0.789181685973523,9.1516512556152,0.368834990991365,0.683981039197411,1.01124529241703,14.6586524675053,0.588340333363014,0.326797385620915,0.895424836601307,153
"UMass-gbqr",2025-05-17,0.46403777362712,0.581974765479564,6.36553277385407,0.263099615099545,0.706090061349826,0.776280274026268,9.71450705321166,0.402534392643323,0.30718954248366,0.875816993464052,153
"UMass-gbqr",2025-05-24,0.390418188816465,0.543261071179072,6.78862231006667,0.299772459673345,0.70734936959101,0.835227057561001,10.4761677875374,0.468646277595117,0.294117647058824,0.901960784313726,153
"UMass-gbqr",2025-05-31,0.374627533416188,0.501176439675055,6.80830449699596,0.302994821598295,0.858725219234731,0.86898996006151,10.2962837561184,0.454454406799472,0.313725490196078,0.852941176470588,102
"UMass-gbqr",2025-06-07,0.275335151131584,0.436036701437785,5.31758556490345,0.288865923908109,0.77168688818211,0.813585240888268,8.4582935390941,0.429117767071734,0.352941176470588,0.862745098039216,51
"UMass-gbqr_1src",2023-10-21,0.745937009595826,0.600892909473282,5.30051258078098,0.216056307089864,0.758466033444007,0.684672651072802,7.43594150435301,0.341055196743298,0.411764705882353,0.843137254901961,51
"UMass-gbqr_1src",2023-10-28,1.11842597463745,0.889432368491631,9.02430520450007,0.356866857497626,1.23020802994681,1.12468394534525,13.3513694136476,0.534885247533074,0.343137254901961,0.784313725490196,102
"UMass-gbqr_1src",2023-11-04,1.17910917099312,0.917844826381576,12.5485087578377,0.38794961444206,1.19490260886855,1.06269854516347,18.5951809641918,0.58871910830512,0.241830065359477,0.745098039215686,153
"UMass-gbqr_1src",2023-11-11,1.31650571508913,0.896891027897233,20.8751408552837,0.43513279380934,1.22140528353666,0.969156262043961,30.9722020002917,0.665741532266551,0.200980392156863,0.67156862745098,204
"UMass-gbqr_1src",2023-11-18,1.45878396383551,1.03896165705717,31.0099468843866,0.523795143249844,1.49018498515795,1.0815974405838,49.5924792700971,0.818079770743891,0.176470588235294,0.651960784313726,204
"UMass-gbqr_1src",2023-11-25,1.55784186581166,1.09155524228024,38.1569359463569,0.553534093364703,1.44901771092714,1.03308074168331,56.5258967821479,0.792783108154709,0.17156862745098,0.607843137254902,204
"UMass-gbqr_1src",2023-12-02,1.42271459085755,0.9091529938487,52.1263782556651,0.500667294876178,1.49527511207564,0.887858079939256,85.0840857890887,0.753064837492467,0.205882352941176,0.779411764705882,204
"UMass-gbqr_1src",2023-12-09,1.16662797077557,0.616097777467137,52.9425186754075,0.325479960062405,1.46007363753652,0.72586812380316,99.657182985581,0.582533070015575,0.318627450980392,0.995098039215686,204
"UMass-gbqr_1src",2023-12-16,0.589563831387769,0.413773322811886,42.611709132218,0.24417544129542,0.785570900185139,0.483693674683097,79.2386882995569,0.42088032761638,0.485294117647059,0.950980392156863,204
"UMass-gbqr_1src",2023-12-23,0.495198521267087,0.38681392754818,69.4501857244241,0.282297211064838,0.516004739453246,0.38471939112443,90.8573051037285,0.384918422652665,0.318627450980392,0.627450980392157,204
"UMass-gbqr_1src",2023-12-30,0.731550020523914,0.582475428312874,146.237314123511,0.451749073125383,0.748524533622208,0.551265855788022,178.886355821978,0.557042395736693,0.107843137254902,0.28921568627451,204
"UMass-gbqr_1src",2024-01-06,0.77752161484219,0.656431821105262,86.867236717664,0.302836969912408,0.797617163400832,0.62667069735733,115.259589999476,0.390983329897911,0.313725490196078,0.53921568627451,204
"UMass-gbqr_1src",2024-01-13,0.613518583222905,0.673238420886585,40.695905735253,0.170501718056025,0.706187896538945,0.736324836284136,65.4816188771112,0.260909888410702,0.450980392156863,0.88235294117647,204
"UMass-gbqr_1src",2024-01-20,0.506588735187318,0.645846942499203,37.5734614944418,0.188025510885548,0.589602903402469,0.733153748958686,59.9574128974716,0.290568712469188,0.426470588235294,0.901960784313726,204
"UMass-gbqr_1src",2024-01-27,0.721887010770509,0.896492543584652,54.7063715088936,0.23970891353794,0.799780760861373,1.01617687942909,83.4790771618687,0.374021779735395,0.323529411764706,0.823529411764706,204
"UMass-gbqr_1src",2024-02-03,0.932115501928766,1.0833738438265,61.4155713454847,0.303285464338403,0.97474091727864,1.19739855565464,90.3689949435829,0.459713533503294,0.245098039215686,0.754901960784314,204
"UMass-gbqr_1src",2024-02-10,1.61291774061343,1.80753064972225,78.0119363877148,0.42825069678491,1.56125244063425,1.88630782607937,111.889758245454,0.647149747140798,0.117647058823529,0.651960784313726,204
"UMass-gbqr_1src",2024-02-17,1.89680863890257,2.20777460904653,71.8307968589287,0.466921876044092,1.78583972540062,2.2442117885124,102.536964233419,0.698651091502071,0.161764705882353,0.642156862745098,204
"UMass-gbqr_1src",2024-02-24,1.79790612412991,1.9426142239957,70.3389974179392,0.430381745027928,1.74967865142539,2.04633283497908,100.537907607884,0.648693201575231,0.147058823529412,0.651960784313726,204
"UMass-gbqr_1src",2024-03-02,2.42203056774127,2.73849101821835,81.3913647741338,0.533740926676032,2.32480174546437,2.9582680615074,113.949473788717,0.797825734430806,0.0833333333333333,0.573529411764706,204
"UMass-gbqr_1src",2024-03-09,2.0670840887541,2.15724786172761,55.8860241359418,0.396892124645256,2.08696766610771,2.39886921555095,84.2357439349554,0.617369714640155,0.147058823529412,0.725490196078431,204
"UMass-gbqr_1src",2024-03-16,0.897611489934156,1.48533385978957,34.3589826121742,0.346188332279641,0.981667178195351,1.6756223001875,56.0512710373503,0.560363056304581,0.205882352941176,0.86764705882353,204
"UMass-gbqr_1src",2024-03-23,0.506550375829779,0.887460726453489,21.6574295950743,0.257664629093337,0.5793096582679,1.04276079788466,36.82308009196,0.429248387598916,0.303921568627451,0.92156862745098,204
"UMass-gbqr_1src",2024-03-30,0.509244726733046,0.775659541240213,17.6682690397217,0.205155639038059,0.567255584147446,0.903769828116573,29.830970131048,0.345390640574377,0.382352941176471,0.965686274509804,204
"UMass-gbqr_1src",2024-04-06,0.62286177257543,0.795254844346949,16.0200023275685,0.206457685871362,0.636371477385141,0.856825634542732,25.3113635661914,0.325425397225366,0.343137254901961,0.86764705882353,204
"UMass-gbqr_1src",2024-04-13,0.63150622032927,0.817952401852323,15.0869135243659,0.27219831934964,0.596318243724845,0.764598466273651,21.8620791412653,0.379289963506613,0.352941176470588,0.784313725490196,204
"UMass-gbqr_1src",2024-04-20,0.490041187449412,0.717197877504358,13.0876175352977,0.267257314181842,0.44289828737441,0.651253357925936,18.6386362603398,0.37546191992279,0.279411764705882,0.75,204
"UMass-gbqr_1src",2024-04-27,0.512136391779227,0.698937107506033,12.9086774367278,0.29663085147194,0.44354919170132,0.646596649847504,17.615860544922,0.41771776437518,0.264705882352941,0.71078431372549,204
"UMass-gbqr_1src",2024-05-04,0.542389319867662,0.728388833211588,13.6195438859839,0.416550426091346,0.451640012922854,0.628350561074596,18.4995291567812,0.572131406459387,0.245098039215686,0.61764705882353,204
"UMass-gbqr_1src",2024-05-11,0.815347584226852,1.12514012429731,21.7184355919949,1.04423976664056,0.624081730794803,0.814197419541461,27.8063082276351,1.2727893843518,0.117647058823529,0.34640522875817,153
"UMass-gbqr_1src",2024-05-18,0.766704879645749,1.11993326178103,16.9660514141768,1.03201333619365,0.607043701442221,0.791686603877685,22.6774182753058,1.30009790997733,0.102040816326531,0.418367346938776,98
"UMass-gbqr_1src",2024-05-25,0.807791504857186,1.19165440914407,16.2007529145639,1.01302286271886,0.66394928634688,0.824489619054487,22.3439259833879,1.31294697015581,0.142857142857143,0.469387755102041,49
"UMass-gbqr_1src",2024-11-30,0.746843034789808,0.647808528094976,20.5259270812554,0.258522121061091,0.831855028465321,0.658827023319025,31.1537863601718,0.385057807553132,0.509803921568627,0.88235294117647,51
"UMass-gbqr_1src",2024-12-07,0.654707646418794,0.583217984511992,26.316261294042,0.283238193572069,0.652736229411048,0.585509977455065,38.8058087759666,0.421044672560552,0.333333333333333,0.794117647058823,102
"UMass-gbqr_1src",2024-12-14,0.715189297415887,0.592354515006019,49.5222860244554,0.40614147758191,0.634574440480321,0.5199106652108,64.9878882868375,0.540564235725179,0.202614379084967,0.490196078431373,153
"UMass-gbqr_1src",2024-12-21,0.793618011470809,0.627242339496884,124.53915088412,0.575410026395145,0.717396480943717,0.530322375193312,147.34057724794,0.718512073351473,0.122549019607843,0.294117647058824,204
"UMass-gbqr_1src",2024-12-28,0.829267387965218,0.689550875572742,286.051787603854,0.840228443222814,0.809251349962005,0.631749535923162,323.910786659057,1.0248108385801,0.0147058823529412,0.102941176470588,204
"UMass-gbqr_1src",2025-01-04,0.852622301405696,0.727221589356717,381.268246624644,0.870649433830538,0.87921532614299,0.703679142087782,442.516831430056,1.06241467114943,0.0147058823529412,0.186274509803922,204
"UMass-gbqr_1src",2025-01-11,0.860930529354513,0.703333714991147,193.991296329774,0.443660484744823,0.959539669272378,0.744317782026567,263.210197807907,0.621226813951186,0.102941176470588,0.573529411764706,204
"UMass-gbqr_1src",2025-01-18,0.987401293341049,0.861280900182212,193.011678573808,0.366063969389379,1.12720183567335,0.955512895384143,275.319048363216,0.53728477561727,0.215686274509804,0.799019607843137,204
"UMass-gbqr_1src",2025-01-25,0.883858909352896,0.868816440553033,230.411697190157,0.352870379326761,1.0743690587085,1.06730884094015,345.455295504728,0.557971937693829,0.339869281045752,0.908496732026144,153
"UMass-gbqr_1src",2025-02-01,0.832797380130689,0.849139980797405,308.145325245125,0.39283699276393,1.06695786345196,1.04364676645952,463.596678460281,0.596857357808479,0.248366013071895,0.758169934640523,153
"UMass-gbqr_1src",2025-02-08,1.1087145428879,1.13567183531191,366.322451375721,0.508932710205554,1.32081314565223,1.33215056869472,510.161919316758,0.72625010054385,0.117647058823529,0.57516339869281,153
"UMass-gbqr_1src",2025-02-15,1.08199163420483,1.17118819170327,229.819441468215,0.336237819280063,1.22684731257215,1.29180107795732,321.826907778323,0.466577611517939,0.196078431372549,0.725490196078431,153
"UMass-gbqr_1src",2025-02-22,0.873444244472861,1.11046403893875,175.500230569423,0.301310438751221,0.992473820335069,1.22767163652838,255.819857326857,0.432495360715125,0.303921568627451,0.86764705882353,204
"UMass-gbqr_1src",2025-03-01,0.511453834030636,0.619825883286976,104.963235175104,0.169975242694975,0.628816775858842,0.735162128815684,167.447126053823,0.265437012086443,0.480392156862745,0.970588235294118,204
"UMass-gbqr_1src",2025-03-08,0.401340917786188,0.525944543525951,88.0591867518325,0.174032762347294,0.465312136306937,0.624111249433485,131.115380055547,0.26722685913962,0.465686274509804,0.936274509803922,204
"UMass-gbqr_1src",2025-03-15,0.408053837281366,0.53139143975238,81.76670281248,0.199794697273948,0.468175532786739,0.608815667065873,122.398067108407,0.298200774685387,0.352941176470588,0.813725490196078,204
"UMass-gbqr_1src",2025-03-22,0.427245006367582,0.542626492487892,72.9910113009842,0.228520521317291,0.456669606737263,0.573160066843167,106.034653246686,0.32749586717547,0.32843137254902,0.754901960784314,204
"UMass-gbqr_1src",2025-03-29,0.333221357538806,0.489065496692261,46.5235343065552,0.230997791779285,0.332637512305313,0.49521333619321,65.9682148790982,0.327585288412915,0.343137254901961,0.740196078431373,204
"UMass-gbqr_1src",2025-04-05,0.294586426475606,0.500692514359197,31.5867049812713,0.265286750798545,0.286273307391687,0.503234947593129,46.0801793863766,0.387915955136791,0.299019607843137,0.725490196078431,204
"UMass-gbqr_1src",2025-04-12,0.330715277315283,0.554600972865337,25.7106846055293,0.305758838107128,0.301636144185226,0.52270807098543,37.1884836392286,0.43604836428839,0.32843137254902,0.720588235294118,204
"UMass-gbqr_1src",2025-04-19,0.351224865611158,0.597312991539902,17.7792587051312,0.293944475861487,0.331151263734815,0.611164580632875,27.2404380232056,0.446672702067455,0.323529411764706,0.799019607843137,204
"UMass-gbqr_1src",2025-04-26,0.35942293602392,0.57184081611666,14.5823196310768,0.300108841994104,0.340702872807078,0.601481485707459,22.3483270032146,0.460082989499695,0.431372549019608,0.875816993464052,153
"UMass-gbqr_1src",2025-05-03,0.428774696547242,0.689655549443356,11.1601999516521,0.333920062271262,0.460882676153502,0.784313759947819,17.8177845061958,0.518899369838096,0.366013071895425,0.908496732026144,153
"UMass-gbqr_1src",2025-05-10,0.510355641703633,0.773835176086576,9.03577049634809,0.361662587048769,0.657482163118708,0.961592026456131,14.0907451821323,0.55945217015765,0.30718954248366,0.895424836601307,153
"UMass-gbqr_1src",2025-05-17,0.471031559054452,0.587178420997138,6.46147145143845,0.265452087826874,0.715027140722862,0.78462975635006,9.83746490994526,0.406863954927138,0.34640522875817,0.843137254901961,153
"UMass-gbqr_1src",2025-05-24,0.394430378378621,0.543011262156422,6.85838657913527,0.29963461459454,0.704387881647271,0.827851764144058,10.4323067961615,0.464507997142235,0.326797385620915,0.895424836601307,153
"UMass-gbqr_1src",2025-05-31,0.379861999034285,0.506772920235562,6.90343321186131,0.306378270010412,0.850810620664743,0.880901559664937,10.2013861673822,0.460683798599839,0.352941176470588,0.813725490196078,102
"UMass-gbqr_1src",2025-06-07,0.27775491931375,0.438664404765907,5.36431887993067,0.290606726797249,0.739222472055919,0.827668057756568,8.1024580760639,0.436545614364056,0.274509803921569,0.862745098039216,51
"UMass-gbqr_1src",2025-11-22,0.60312142184758,0.600667349321994,11.057344326308,0.252906385374888,0.652188659183978,0.643291337264036,18.1078263020493,0.399256719279364,0.313725490196078,0.901960784313726,51
"UMass-gbqr_1src",2025-11-29,0.575328030986529,0.556418289237859,17.9506343044994,0.293225551845081,0.582192655206747,0.567261342870907,28.544563418519,0.466190016604109,0.254901960784314,0.92156862745098,102
"UMass-gbqr_1src",2025-12-06,0.537468008272912,0.419198610621717,27.4624876497548,0.260447592305236,0.488163399105482,0.392395085900017,38.5872428024947,0.382470767875267,0.333333333333333,0.869281045751634,153
"UMass-gbqr_1src",2025-12-13,0.523480780000295,0.375918068786542,47.925443043519,0.295059393834203,0.475093037362772,0.344459617780287,64.6499152803458,0.419618926729432,0.348039215686274,0.784313725490196,204
"UMass-gbqr_1src",2025-12-20,0.494957555934015,0.363527799243226,111.56363986729,0.383497482282059,0.506824777200569,0.350002981883703,149.130706256085,0.530561607520416,0.230392156862745,0.549019607843137,204
"UMass-gbqr_1src",2025-12-27,0.553099197736831,0.408040248139115,255.389970962567,0.535217589795037,0.584463761936479,0.403761043564928,316.249330558012,0.689249657519271,0.0980392156862745,0.294117647058824,204
"UMass-gbqr_1src",2026-01-03,0.470901402659211,0.333534150698844,198.625000264859,0.340708717970755,0.553686679269434,0.352346723076914,276.124089781745,0.459733029575206,0.235294117647059,0.568627450980392,204
"UMass-gbqr_1src",2026-01-10,0.423078012572274,0.324097727998454,74.9602003303846,0.150620646547365,0.469404366916833,0.343561140128532,111.669918288435,0.217953186919118,0.495098039215686,0.92156862745098,204
"UMass-gbqr_1src",2026-01-17,0.715828940607307,0.718672831934785,135.241854671267,0.276292908343478,0.841819991183199,0.833218258267145,207.3930839063,0.417912628183126,0.264705882352941,0.759803921568627,204
"UMass-gbqr_1src",2026-01-24,0.701632102057973,0.762850613438173,148.496215934756,0.342043735841714,0.823571414714442,0.874030721915117,225.731235697761,0.504824379105433,0.259803921568627,0.681372549019608,204
"UMass-gbqr_1src",2026-01-31,0.682673789547755,0.744366078597689,119.869436519123,0.357096660226455,0.768060541734342,0.818560272898497,178.107215623945,0.510315035748144,0.254901960784314,0.720588235294118,204
"UMass-gbqr_1src",2026-02-07,0.716704655348014,0.732464303708241,77.457035357342,0.273649169114565,0.7193188902324,0.770682882699453,112.940117912469,0.399797565214926,0.303921568627451,0.818627450980392,204
"UMass-gbqr_1src",2026-02-14,0.98550179735393,0.872255469286676,81.7360446005364,0.27801455764277,0.938184384232321,0.893420004250181,115.677214787233,0.408219559940481,0.323529411764706,0.82843137254902,204
"UMass-gbqr_1src",2026-02-21,1.26551167420067,1.07986021517809,53.6823821735638,0.247479677299084,1.27347163753497,1.21537700498972,78.6306311097573,0.368176660605721,0.284313725490196,0.808823529411765,204
"UMass-gbqr_1src",2026-02-28,0.660337055733757,0.731274432229838,28.2829524473781,0.173225037658636,0.702374539764257,0.833459221784243,44.4561767521377,0.267094803440562,0.372549019607843,0.946078431372549,204
"UMass-gbqr_1src",2026-03-07,0.603619072931053,0.758009759277598,29.8316882269621,0.21339662616456,0.617119876009542,0.84219923359436,45.4036873481726,0.320297594812745,0.387254901960784,0.877450980392157,204
"UMass-gbqr_1src",2026-03-14,0.597621643027397,0.745526550234108,32.6277535153899,0.229914324994715,0.577875725650541,0.813493493552187,47.6974091593323,0.340356327864939,0.299019607843137,0.823529411764706,204
"UMass-gbqr_1src",2026-03-21,0.485452927646979,0.649432761378029,23.9471063256402,0.225900952139151,0.455883159326765,0.683769043361877,35.2706073708546,0.336211285979939,0.299019607843137,0.838235294117647,204
"UMass-gbqr_1src",2026-03-28,0.530612504703605,0.771272220845305,28.8500125600883,0.460909548913914,0.461230368107062,0.67642458744174,41.1241135563693,0.626691580866028,0.151960784313725,0.53921568627451,204
"UMass-gbqr_1src",2026-04-04,0.50491885353565,0.711167084872174,20.1598472850729,0.373107954298565,0.430402038232416,0.641587572790067,28.1681255511813,0.511555670292099,0.28921568627451,0.681372549019608,204
"UMass-gbqr_1src",2026-04-11,0.438178749016008,0.625459832780561,12.6897733071038,0.314137624311522,0.406254953316816,0.613944264473569,18.5801897766956,0.448827123466706,0.367647058823529,0.774509803921569,204
"UMass-gbqr_1src",2026-04-18,0.403502533046122,0.599684842292578,8.23614716397557,0.292740171640896,0.449184084672265,0.660958626397479,12.4648583496554,0.430988969935825,0.431372549019608,0.823529411764706,204
"UMass-gbqr_1src",2026-04-25,0.541728359428175,0.655318886425778,8.25973414352742,0.316189383245517,0.862990532121741,0.940031178378298,12.475289604054,0.466616670941323,0.343137254901961,0.813725490196078,204
"UMass-gbqr_1src",2026-05-02,0.498574026300404,0.650768159276201,7.24714963426553,0.336700790425233,0.83383963490684,0.877433436054685,10.5660561580107,0.50051701878374,0.348039215686274,0.813725490196078,204
"UMass-gbqr_1src",2026-05-09,0.448385660438204,0.571717708716043,5.9247227090219,0.28888758454321,0.935338068439643,0.901763293012005,8.73899195316647,0.43300601252819,0.352941176470588,0.833333333333333,204
"UMass-gbqr_1src",2026-05-16,0.330065939244086,0.514790882318856,4.16490174039125,0.258656583430935,0.788782678440723,0.883757898982331,6.41465913496647,0.40456513114437,0.411764705882353,0.911764705882353,204
"UMass-gbqr_1src",2026-05-23,0.313431428851897,0.499463373328654,3.86124006308249,0.254747378346567,0.713045613584162,0.78585637337338,5.61698186779289,0.381452786366947,0.465686274509804,0.892156862745098,204
"UMass-gbqr_1src",2026-05-30,0.30075875742863,0.548888237752941,3.62669742524251,0.29298350338018,0.670694727588228,0.809675965798746,5.26035080461355,0.455701305722099,0.426470588235294,0.892156862745098,204
"UMass-gbqr_1src",2026-06-06,0.283404821602109,0.558245267309901,3.83976567424561,0.336572484191299,0.814688642958418,0.808788121742543,5.8252900352713,0.519613737347405,0.313725490196078,0.875816993464052,153
"UMass-gbqr_1src",2026-06-13,0.234316171201055,0.523911831659368,3.50237355069206,0.34023465556589,0.88250887674192,0.89705828884632,5.63248312508814,0.531514764780053,0.352941176470588,0.862745098039216,102
"UMass-gbqr_1src",2026-06-20,0.211349600494895,0.529832572180328,3.43418776681384,0.365184870352424,0.921370674623369,0.85310487293247,5.835347605948,0.590421323767547,0.254901960784314,0.862745098039216,51
"UMass-gbqr_2src_all_otid10",2023-10-21,0.890156448451491,0.84864502985859,6.3253135227021,0.305137751321006,1.02063796855232,0.961224156318357,10.0062545936502,0.478813478578261,0.294117647058824,0.96078431372549,51
"UMass-gbqr_2src_all_otid10",2023-10-28,1.41309067557598,1.04813002689108,11.4018824912973,0.420541102613402,1.95330633697494,1.50534029656372,21.1991092954407,0.715920521922121,0.392156862745098,0.92156862745098,102
"UMass-gbqr_2src_all_otid10",2023-11-04,1.55231796816279,1.08434743876471,16.5203325507449,0.458326024943044,1.90493759610558,1.46295255064317,29.6448087586129,0.81045384415659,0.490196078431373,0.901960784313726,153
"UMass-gbqr_2src_all_otid10",2023-11-11,1.24268116689271,0.804464094430583,19.7045437021421,0.390291237219277,1.35525970768358,1.02957754920107,34.3664613171556,0.70724666602966,0.627450980392157,0.970588235294118,204
"UMass-gbqr_2src_all_otid10",2023-11-18,0.911979193265841,0.719115140550332,19.3863019089428,0.362543714196922,0.947790891777182,0.824561015576699,31.5419230639106,0.623667051415396,0.676470588235294,0.980392156862745,204
"UMass-gbqr_2src_all_otid10",2023-11-25,0.717570750147383,0.559932088784759,17.5757897840853,0.283944860604411,0.622533386820015,0.55899124809179,24.2849053544788,0.428968231826105,0.725490196078431,0.990196078431373,204
"UMass-gbqr_2src_all_otid10",2023-12-02,0.56423909422986,0.444463231320418,20.6729730906404,0.244764308320753,0.477310961400952,0.389627199405067,27.1599296075601,0.33047459974988,0.700980392156863,0.995098039215686,204
"UMass-gbqr_2src_all_otid10",2023-12-09,0.57111566069219,0.464715771085234,25.9176895200901,0.245505950751883,0.545630955397716,0.454974065223037,37.2419873674402,0.365131668274931,0.588235294117647,0.985294117647059,204
"UMass-gbqr_2src_all_otid10",2023-12-16,0.5925066658259,0.541366628897323,42.8244073990142,0.319470657545786,0.684664082463956,0.603823314546175,69.0604550238275,0.525409712283517,0.32843137254902,0.941176470588235,204
"UMass-gbqr_2src_all_otid10",2023-12-23,0.680086834595112,0.65998755117117,95.3802463919141,0.481659608830726,0.815997134024639,0.761869878259781,143.679495363554,0.762264025603754,0.142156862745098,0.691176470588235,204
"UMass-gbqr_2src_all_otid10",2023-12-30,0.670013261985549,0.675415119159903,133.936076974925,0.523830086599745,0.826350243274098,0.80133953389154,197.485555933049,0.809736516547679,0.142156862745098,0.573529411764706,204
"UMass-gbqr_2src_all_otid10",2024-01-06,0.700188613580365,0.68699986409954,78.2273429854983,0.316939170961944,0.796986992811777,0.774370733258918,115.168527260286,0.483134202926391,0.441176470588235,0.857843137254902,204
"UMass-gbqr_2src_all_otid10",2024-01-13,1.03862351695012,0.88893486941682,68.8939600136972,0.225128153375264,1.08837692151401,1.00485295974637,100.920283565485,0.356060342768909,0.480392156862745,0.995098039215686,204
"UMass-gbqr_2src_all_otid10",2024-01-20,1.18156597260278,0.951330683804629,87.6362234117137,0.276961035305488,1.31327123669019,1.12081627877521,133.548097084009,0.444209885717396,0.411764705882353,0.970588235294118,204
"UMass-gbqr_2src_all_otid10",2024-01-27,1.00407629251846,0.96821975033012,76.0913686799244,0.258887713097519,1.0349015772465,1.08381238226274,108.020388648577,0.39891621657532,0.431372549019608,0.916666666666667,204
"UMass-gbqr_2src_all_otid10",2024-02-03,0.762252102804533,0.96846104457077,50.2235488050226,0.271116161120223,0.797312201908158,1.08380112155973,73.9194395818088,0.416100421078812,0.387254901960784,0.877450980392157,204
"UMass-gbqr_2src_all_otid10",2024-02-10,1.06981670700723,1.30155760951609,51.743787542334,0.308372615018516,1.12249651368299,1.4128789935832,80.4455834806143,0.484726973400915,0.32843137254902,0.862745098039216,204
"UMass-gbqr_2src_all_otid10",2024-02-17,1.2781321860019,1.65805226460561,48.4019587050587,0.350661191045744,1.33470715144026,1.80673663668831,76.6344356118613,0.562459626021206,0.259803921568627,0.794117647058823,204
"UMass-gbqr_2src_all_otid10",2024-02-24,1.1410600675937,1.35437255639291,44.641385927215,0.30005814692295,1.20023151203399,1.50004595405153,68.9662440395217,0.475518740554056,0.274509803921569,0.799019607843137,204
"UMass-gbqr_2src_all_otid10",2024-03-02,1.18620445480642,1.40061885112083,39.8619244380095,0.2729852311159,1.25274685073061,1.57936548430437,61.4030184336046,0.425944641003132,0.294117647058824,0.833333333333333,204
"UMass-gbqr_2src_all_otid10",2024-03-09,0.998172386671038,1.14324984421997,26.9867522065593,0.210335987682678,1.08255100832418,1.33132025613311,43.6947304046142,0.342626768185354,0.303921568627451,0.936274509803922,204
"UMass-gbqr_2src_all_otid10",2024-03-16,0.785748824400057,0.888280908198737,30.0770773300576,0.207032569935982,0.86626782706688,0.995204122454308,49.462194361152,0.332817021856902,0.318627450980392,0.892156862745098,204
"UMass-gbqr_2src_all_otid10",2024-03-23,0.666950487514852,0.739972928859547,28.5152946596713,0.214843141302319,0.722076645579568,0.830579791443814,45.8978816825013,0.341904909517838,0.357843137254902,0.86764705882353,204
"UMass-gbqr_2src_all_otid10",2024-03-30,0.61737543622433,0.718040517811659,21.419868941412,0.189915876044448,0.649895436341811,0.798352634139195,34.1768541229164,0.305103710182734,0.377450980392157,0.897058823529412,204
"UMass-gbqr_2src_all_otid10",2024-04-06,0.656795596829391,0.798291561734876,16.892780153191,0.207246054089442,0.678557872118555,0.884518897096593,26.9893067371076,0.335943395991669,0.377450980392157,0.872549019607843,204
"UMass-gbqr_2src_all_otid10",2024-04-13,0.563543966384542,0.75082619247071,13.4632705337229,0.24986004962073,0.599619954814325,0.7842650994941,21.9831256963546,0.389045877133848,0.411764705882353,0.86764705882353,204
"UMass-gbqr_2src_all_otid10",2024-04-20,0.428874920532633,0.622421206345155,11.4540391178684,0.231939643319172,0.431941120888007,0.62042461020527,18.1775221707036,0.357688467138025,0.475490196078431,0.887254901960784,204
"UMass-gbqr_2src_all_otid10",2024-04-27,0.508655433412324,0.703793523888577,12.8209379801097,0.298691928085538,0.531425600452063,0.735129578178893,21.1059324257971,0.474912271808675,0.357843137254902,0.848039215686274,204
"UMass-gbqr_2src_all_otid10",2024-05-04,0.508649299159696,0.674566676522589,12.7723227554899,0.385770653970038,0.487176739009794,0.648049465186679,19.9551413292443,0.590067829872585,0.338235294117647,0.86764705882353,204
"UMass-gbqr_2src_all_otid10",2024-05-11,0.540787597002625,0.817313828362142,14.4049738070769,0.758546942705476,0.482165929577923,0.705608903674587,21.4831708623052,1.10303901799015,0.261437908496732,0.777777777777778,153
"UMass-gbqr_2src_all_otid10",2024-05-18,0.436125443452974,0.719423239621474,9.65081466557589,0.662945197713185,0.385630451472303,0.598278374039055,14.4060518657153,0.982485316617764,0.397959183673469,0.887755102040816,98
"UMass-gbqr_2src_all_otid10",2024-05-25,0.376241783046702,0.641915809854979,7.54575917996589,0.54569125606715,0.324474994345486,0.504866817812903,10.9195768505246,0.803968107615254,0.551020408163265,0.877551020408163,49
"UMass-gbqr_2src_all_otid10",2024-11-30,0.771061638565128,0.719371946765676,21.1915412356967,0.287081063993717,0.767352981560127,0.745417873056147,28.7381214662714,0.435666664770262,0.411764705882353,0.96078431372549,51
"UMass-gbqr_2src_all_otid10",2024-12-07,0.602442650589781,0.635176956979959,24.2154468400002,0.308471924171104,0.639149285430363,0.712515298920603,37.9980516357816,0.512375164010647,0.401960784313726,0.92156862745098,102
"UMass-gbqr_2src_all_otid10",2024-12-14,0.586912738601236,0.587810056823891,40.6399545091419,0.403025618895698,0.613111825666503,0.63257219025332,62.7898640285519,0.657701265710034,0.235294117647059,0.856209150326797,153
"UMass-gbqr_2src_all_otid10",2024-12-21,0.60414322678386,0.543558458989386,94.8056664397183,0.498641382348745,0.676514498989056,0.575201826550842,138.944139601193,0.779317404512583,0.17156862745098,0.700980392156863,204
"UMass-gbqr_2src_all_otid10",2024-12-28,0.664258637727358,0.589671725531502,229.132814711847,0.718524148844442,0.736808769621901,0.619234415527402,294.914933656555,1.00450907293026,0.0441176470588235,0.338235294117647,204
"UMass-gbqr_2src_all_otid10",2025-01-04,0.614709702012326,0.570222043330421,274.880553655468,0.682685314145423,0.707794932212867,0.614400802608584,356.239434632138,0.927622246583399,0.0931372549019608,0.411764705882353,204
"UMass-gbqr_2src_all_otid10",2025-01-11,0.687372088249552,0.576321699084095,154.88381224024,0.363541742610516,0.876023806796293,0.659474176455498,240.301059826048,0.550414152953703,0.176470588235294,0.779411764705882,204
"UMass-gbqr_2src_all_otid10",2025-01-18,0.730248546108996,0.681800003956736,142.74489876721,0.289780506830345,0.881286651186088,0.777973902847817,215.254264552202,0.437454623424664,0.294117647058824,0.813725490196078,204
"UMass-gbqr_2src_all_otid10",2025-01-25,0.654500206499619,0.688292134875256,170.620561489044,0.279550311647483,0.771632132323171,0.784489410817425,248.112512299155,0.410118477298956,0.372549019607843,0.836601307189543,153
"UMass-gbqr_2src_all_otid10",2025-02-01,0.771812430276011,0.831210585444766,285.580139935491,0.384542330032596,0.910319648087341,0.929601275881602,395.536861994761,0.531635203757998,0.241830065359477,0.607843137254902,153
"UMass-gbqr_2src_all_otid10",2025-02-08,0.89377510030078,0.989857620939761,295.305845694012,0.443588461101647,1.04727090226585,1.1220435911126,404.506674773221,0.611705831164831,0.163398692810458,0.522875816993464,153
"UMass-gbqr_2src_all_otid10",2025-02-15,0.844491377957411,1.02278551809517,179.373417197933,0.293632718150459,1.01667397716965,1.168751232042,266.69418348826,0.422134001596506,0.294117647058824,0.686274509803922,153
"UMass-gbqr_2src_all_otid10",2025-02-22,0.780387426257371,1.08262159097549,156.802422259138,0.29375574096944,0.9272912522377,1.23720044542586,239.018411354975,0.435852256418081,0.294117647058824,0.754901960784314,204
"UMass-gbqr_2src_all_otid10",2025-03-01,0.557541505349514,0.832476005510354,114.42158852284,0.22829041976108,0.677612677596792,0.969773441878516,180.440948456326,0.350145572960487,0.299019607843137,0.843137254901961,204
"UMass-gbqr_2src_all_otid10",2025-03-08,0.35877313952827,0.681179760911335,78.7192870079902,0.225399420729268,0.45160050233289,0.824462254752332,127.251723900008,0.353011516803489,0.318627450980392,0.877450980392157,204
"UMass-gbqr_2src_all_otid10",2025-03-15,0.303814785348208,0.616809223954093,60.8790580897664,0.231910420373186,0.365242108894351,0.745072642896352,95.4875362434434,0.364940081748162,0.367647058823529,0.887254901960784,204
"UMass-gbqr_2src_all_otid10",2025-03-22,0.280185809629497,0.530024623286413,47.8672548356174,0.223213397984092,0.31350897283157,0.6120466911992,72.794017235848,0.34971515547158,0.401960784313726,0.926470588235294,204
"UMass-gbqr_2src_all_otid10",2025-03-29,0.237388091043909,0.476863284049941,33.1435328132074,0.225234383413206,0.263670190962732,0.535012284249435,52.2907103714669,0.353912426485873,0.401960784313726,0.946078431372549,204
"UMass-gbqr_2src_all_otid10",2025-04-05,0.2510794048858,0.523916795629173,26.9217125306269,0.277591896054469,0.26845741783858,0.573725463893556,43.2124324978698,0.442253190834646,0.348039215686274,0.887254901960784,204
"UMass-gbqr_2src_all_otid10",2025-04-12,0.240574726714478,0.542282684850994,18.7029186339059,0.298967603300461,0.2437258605208,0.567311435260584,30.0487701860718,0.473256942294989,0.343137254901961,0.897058823529412,204
"UMass-gbqr_2src_all_otid10",2025-04-19,0.343258985377767,0.724332995817826,17.3760200413848,0.35645245594935,0.328459005125873,0.772872688569787,27.0189733579278,0.564857884598157,0.284313725490196,0.897058823529412,204
"UMass-gbqr_2src_all_otid10",2025-04-26,0.450822071619106,0.854787397094259,18.2905176219931,0.448602563271347,0.426080764061722,0.934097989367207,27.9486702491729,0.714506773102474,0.26797385620915,0.901960784313726,153
"UMass-gbqr_2src_all_otid10",2025-05-03,0.549950727042155,1.01607693441061,14.3141844114643,0.491968017200232,0.58414318427315,1.20816198720405,22.5830518625862,0.799315944506992,0.26797385620915,0.908496732026144,153
"UMass-gbqr_2src_all_otid10",2025-05-10,0.644124689810066,1.10252521186922,11.4041315360534,0.515280427581006,0.813905603913297,1.45324533384658,17.4431142172007,0.845495005598446,0.30718954248366,0.869281045751634,153
"UMass-gbqr_2src_all_otid10",2025-05-17,0.623085803288314,0.823273811466607,8.54730654953551,0.372186279829354,0.924348353439763,1.10806763461038,12.7173417254294,0.574580273684138,0.405228758169935,0.88235294117647,153
"UMass-gbqr_2src_all_otid10",2025-05-24,0.562454556762625,0.969529448333616,9.78000426673868,0.534988135302829,1.02176879497266,1.55799336772949,15.1328633294643,0.874190779255229,0.339869281045752,0.836601307189543,153
"UMass-gbqr_2src_all_otid10",2025-05-31,0.611763676930854,0.988457952425912,11.1179051757522,0.597589226554402,1.45972543196715,1.90019167460461,17.502394149959,0.993740457285157,0.323529411764706,0.833333333333333,102
"UMass-gbqr_2src_all_otid10",2025-06-07,0.502934979251966,1.00115364451204,9.71325228458448,0.66324502396779,1.50960455556672,2.29210415839529,16.5464499325843,1.20894845298884,0.352941176470588,0.862745098039216,51
"UMass-gbqr_2src_all_otid10",2025-11-22,0.521635768793463,0.630345591147508,9.56342470940345,0.265402181713486,0.55124354100261,0.668115384857885,15.3051147854842,0.414663685341908,0.352941176470588,0.941176470588235,51
"UMass-gbqr_2src_all_otid10",2025-11-29,0.502969701259886,0.603742017829351,15.6930041424854,0.31816457110452,0.522403580803585,0.641330789762127,25.6131402705758,0.527062200316323,0.264705882352941,0.92156862745098,102
"UMass-gbqr_2src_all_otid10",2025-12-06,0.499777305743478,0.496175537682384,25.5366419495591,0.30827326445208,0.519531895436009,0.52677939531427,41.0667891725692,0.513456276764013,0.30718954248366,0.928104575163399,153
"UMass-gbqr_2src_all_otid10",2025-12-13,0.512828201274828,0.464185390131297,46.9501836367197,0.364340719989719,0.55320439861032,0.488403614239324,75.2791867912866,0.594970759529216,0.294117647058824,0.906862745098039,204
"UMass-gbqr_2src_all_otid10",2025-12-20,0.555037168916011,0.5078747379641,125.105609730628,0.535773835534318,0.609548419631026,0.532824554260151,179.35663449398,0.807696695934286,0.181372549019608,0.598039215686274,204
"UMass-gbqr_2src_all_otid10",2025-12-27,0.590029491926362,0.52465012234284,272.442295029019,0.688172245866958,0.675019111701367,0.567881592972636,365.24820885751,0.969415449326145,0.0833333333333333,0.416666666666667,204
"UMass-gbqr_2src_all_otid10",2026-01-03,0.520654221504929,0.452305292087801,219.610611266659,0.462034714813257,0.641807635291809,0.52587589157396,320.070096943197,0.68614946863316,0.220588235294118,0.681372549019608,204
"UMass-gbqr_2src_all_otid10",2026-01-10,1.01140789315915,0.640347632436112,179.199429027266,0.297594108444542,1.20935291648268,0.753288472736542,287.701501910887,0.477881821095776,0.338235294117647,0.911764705882353,204
"UMass-gbqr_2src_all_otid10",2026-01-17,1.43025358311773,1.16297294549585,270.218394728441,0.44710355415938,1.68781521679283,1.35041123881821,415.814790027325,0.677318222858253,0.279411764705882,0.705882352941177,204
"UMass-gbqr_2src_all_otid10",2026-01-24,1.09795221512428,1.01437405031396,232.374985045463,0.454820752055932,1.30136560093921,1.19749811068935,356.689001033896,0.691653308117229,0.313725490196078,0.720588235294118,204
"UMass-gbqr_2src_all_otid10",2026-01-31,0.716109231002913,0.843335307537746,125.740304257656,0.40457542388299,0.864195413286284,1.00936198868296,200.400138337848,0.629266550542008,0.357843137254902,0.843137254901961,204
"UMass-gbqr_2src_all_otid10",2026-02-07,0.805305072446276,1.04928182880067,87.0324240319461,0.392012415027788,0.81685764116713,1.14269552571317,128.254658071486,0.592781933033116,0.362745098039216,0.848039215686274,204
"UMass-gbqr_2src_all_otid10",2026-02-14,1.23732562752283,1.46315469901849,102.621936305076,0.46635225657367,1.20029880824162,1.54323552905753,147.995666292654,0.705131881488485,0.235294117647059,0.720588235294118,204
"UMass-gbqr_2src_all_otid10",2026-02-21,1.77925282647159,1.97011068803259,75.4750289240679,0.451505065623121,1.77175127689528,2.26968120720657,109.396956293005,0.687559205150461,0.196078431372549,0.700980392156863,204
"UMass-gbqr_2src_all_otid10",2026-02-28,1.05860815221108,1.27798916970761,45.3413355640376,0.302731385500363,1.10938379822887,1.46691278927353,70.2174686408394,0.470094724342596,0.318627450980392,0.82843137254902,204
"UMass-gbqr_2src_all_otid10",2026-03-07,0.858481835619308,1.2165212711546,42.4273579433938,0.342477826630122,0.897230919957948,1.35133343165668,66.0124454786708,0.513926907891435,0.357843137254902,0.799019607843137,204
"UMass-gbqr_2src_all_otid10",2026-03-14,0.634505492363429,1.00098570507047,34.6414642952381,0.308695850789444,0.653567160959119,1.11902964377461,53.9449208638707,0.468189141457102,0.323529411764706,0.823529411764706,204
"UMass-gbqr_2src_all_otid10",2026-03-21,0.456829602780345,0.725066405540202,22.5351346082235,0.252209622175652,0.454248325582199,0.772890943376444,35.1441241307051,0.380032791068193,0.416666666666667,0.92156862745098,204
"UMass-gbqr_2src_all_otid10",2026-03-28,0.435318681066988,0.637898608832855,23.6687776957668,0.381205950510871,0.397063759426065,0.62372745405742,35.4029054911798,0.57786891764406,0.303921568627451,0.78921568627451,204
"UMass-gbqr_2src_all_otid10",2026-04-04,0.394638452440758,0.641778654478858,15.7566921462984,0.336703885737529,0.375529646715593,0.663601276043731,24.5769427122543,0.529107810017262,0.343137254901961,0.892156862745098,204
"UMass-gbqr_2src_all_otid10",2026-04-11,0.427360542668759,0.718977228296865,12.3764751691993,0.361106799500106,0.427637447128452,0.799174399516098,19.5581244201395,0.584240569769969,0.338235294117647,0.926470588235294,204
"UMass-gbqr_2src_all_otid10",2026-04-18,0.505380993488371,0.91462297614147,10.3156532991842,0.44647933070773,0.601938250274193,1.15175884799124,16.7037864451089,0.751023346522905,0.387254901960784,0.931372549019608,204
"UMass-gbqr_2src_all_otid10",2026-04-25,0.828770744392298,1.28452607050733,12.6362703659071,0.619779948982901,1.38401853327897,2.1026870727424,20.007209091371,1.04374074443685,0.264705882352941,0.848039215686274,204
"UMass-gbqr_2src_all_otid10",2026-05-02,0.742278434557575,1.1167120130448,10.7895770773383,0.57777537531604,1.28924798285431,1.65426396413577,16.3367942925411,0.943646815345438,0.367647058823529,0.843137254901961,204
"UMass-gbqr_2src_all_otid10",2026-05-09,0.673279868472206,0.986055458004013,8.89635168610464,0.498251453725582,1.44878132482817,1.66816336246065,13.5361627702083,0.801013715486295,0.387254901960784,0.906862745098039,204
"UMass-gbqr_2src_all_otid10",2026-05-16,0.49115140102372,0.879115603911885,6.19754140522376,0.441711472286389,1.10025507655471,1.45096000444801,8.94766260786407,0.664217909860493,0.441176470588235,0.936274509803922,204
"UMass-gbqr_2src_all_otid10",2026-05-23,0.45658527605531,0.765782320289079,5.62478806473294,0.390581269608788,1.00364268933995,1.21940213252461,7.9061460871044,0.591894851162972,0.5,0.950980392156863,204
"UMass-gbqr_2src_all_otid10",2026-05-30,0.399237363429137,0.727830146546834,4.81420102406378,0.388498443825249,0.874782997290805,1.05135218892485,6.86104311600632,0.59172136200709,0.534313725490196,0.936274509803922,204
"UMass-gbqr_2src_all_otid10",2026-06-06,0.369013309754672,0.686101285869912,4.99964902546743,0.413658346455606,1.04766267457422,1.04239239477721,7.49113049662875,0.66969505791668,0.522875816993464,0.954248366013072,153
"UMass-gbqr_2src_all_otid10",2026-06-13,0.269517211597502,0.576047375124604,4.02853097384137,0.374092105620898,0.934469866392185,0.92867585950974,5.96411650020894,0.550248447800471,0.598039215686274,0.970588235294118,102
"UMass-gbqr_2src_all_otid10",2026-06-20,0.254337831879991,0.609983313229908,4.13269705187505,0.420428431272796,0.996566946265155,0.915336185062848,6.31159065967932,0.633490698768899,0.509803921568627,0.96078431372549,51
"UMass-gbqr_2src_mobsgleam_otid10",2023-10-21,0.958535743887667,0.889710295443951,6.81120617993971,0.319903127134502,1.27451111345298,1.19706676753041,12.4952069946371,0.596293486055334,0.529411764705882,0.96078431372549,51
"UMass-gbqr_2src_mobsgleam_otid10",2023-10-28,1.52378016645549,1.10017980782647,12.2950088771998,0.44142503085109,2.08870172267862,1.62976323511743,22.6685467949759,0.775094474357855,0.42156862745098,0.92156862745098,102
"UMass-gbqr_2src_mobsgleam_otid10",2023-11-04,1.57650523098411,1.09334854192268,16.7777422010201,0.462130561831325,1.93967137937147,1.45172962024729,30.1853389914591,0.80423650848289,0.490196078431373,0.934640522875817,153
"UMass-gbqr_2src_mobsgleam_otid10",2023-11-11,1.228934306368,0.779156613041827,19.4865669425412,0.378013140172432,1.30812719018611,0.940700958395224,33.1712823930176,0.646194759270143,0.563725490196078,0.980392156862745,204
"UMass-gbqr_2src_mobsgleam_otid10",2023-11-18,0.948318934390895,0.715301720738808,20.1587901388774,0.360621168968346,1.01083806092739,0.83516910303787,33.6400957473432,0.631690611228538,0.480392156862745,1,204
"UMass-gbqr_2src_mobsgleam_otid10",2023-11-25,1.08881242808134,0.655067482585719,26.668782620148,0.332188579213192,1.0104015904053,0.671193949222197,39.4155679237517,0.515072253086416,0.529411764705882,0.995098039215686,204
"UMass-gbqr_2src_mobsgleam_otid10",2023-12-02,0.835302635443,0.489482627249451,30.6043822231492,0.269556328287966,0.710560086969823,0.426120065270935,40.4322622036554,0.361427175081282,0.71078431372549,1,204
"UMass-gbqr_2src_mobsgleam_otid10",2023-12-09,0.728062608328876,0.451636415707254,33.0400686456134,0.238596222748046,0.633680955501597,0.392983552028886,43.2518314921777,0.31538224027467,0.75,1,204
"UMass-gbqr_2src_mobsgleam_otid10",2023-12-16,0.533746681601981,0.44474927159917,38.5774315448992,0.262454932861671,0.561004627708275,0.437537085995755,56.5872167860451,0.380717718127822,0.63235294117647,0.931372549019608,204
"UMass-gbqr_2src_mobsgleam_otid10",2023-12-23,0.584486343271892,0.547232993262902,81.9725490895168,0.3993712139063,0.701015936552137,0.616983647879499,123.433786475259,0.617302839480355,0.274509803921569,0.598039215686274,204
"UMass-gbqr_2src_mobsgleam_otid10",2023-12-30,0.783820669805986,0.738680147961724,156.686250141622,0.572896393491444,0.882607866010843,0.806697743287271,210.93030044915,0.815150872919144,0.0784313725490196,0.294117647058824,204
"UMass-gbqr_2src_mobsgleam_otid10",2024-01-06,0.872867506012824,0.875964588820627,97.5195889356241,0.404115786742869,0.978472284116353,0.94723760977799,141.394041487578,0.590986807644461,0.215686274509804,0.696078431372549,204
"UMass-gbqr_2src_mobsgleam_otid10",2024-01-13,0.74949738036738,0.91003444141504,49.7156493288617,0.230471748102383,0.868817665665964,1.07025640230062,80.5615439398891,0.379235447094631,0.357843137254902,0.965686274509804,204
"UMass-gbqr_2src_mobsgleam_otid10",2024-01-20,0.517279201921662,0.647833286999507,38.3663686641047,0.188603795638309,0.611070426619942,0.786821206899044,62.1404705893662,0.31183858141192,0.509803921568627,0.965686274509804,204
"UMass-gbqr_2src_mobsgleam_otid10",2024-01-27,0.627590431865144,0.73721633637859,47.5603450523315,0.197120799609914,0.698313435057486,0.849975241951702,72.8881763366619,0.312848342804658,0.46078431372549,0.911764705882353,204
"UMass-gbqr_2src_mobsgleam_otid10",2024-02-03,0.744050685299737,0.832263314950843,49.0242870686372,0.232988240730601,0.825247702557094,0.979533439494279,76.5093617571682,0.376069251568757,0.397058823529412,0.862745098039216,204
"UMass-gbqr_2src_mobsgleam_otid10",2024-02-10,1.07089825799527,1.07539106465802,51.7960988814395,0.254787918991486,1.11177206905735,1.17956808529128,79.6769982824437,0.404683253484782,0.269607843137255,0.852941176470588,204
"UMass-gbqr_2src_mobsgleam_otid10",2024-02-17,1.20792908491349,1.26354834140911,45.7434170948382,0.267227623519929,1.19784378126535,1.33823121465517,68.7761971076522,0.416608050802872,0.254901960784314,0.852941176470588,204
"UMass-gbqr_2src_mobsgleam_otid10",2024-02-24,1.1200933230209,1.12540545900624,43.8211096221424,0.249331009383226,1.13582252702743,1.2258352889617,65.2652532441939,0.388593196867994,0.308823529411765,0.838235294117647,204
"UMass-gbqr_2src_mobsgleam_otid10",2024-03-02,1.18010364408745,1.17101608295905,39.656909143298,0.228234894733281,1.23807795045943,1.307882172152,60.6840266011951,0.352727350209913,0.299019607843137,0.82843137254902,204
"UMass-gbqr_2src_mobsgleam_otid10",2024-03-09,0.848962187489475,0.862534804603065,22.9526808119042,0.158689818287842,0.869506243923265,0.966896145390769,35.0956588846283,0.248839075301346,0.46078431372549,0.931372549019608,204
"UMass-gbqr_2src_mobsgleam_otid10",2024-03-16,0.610415817118455,0.702837494851857,23.365639457342,0.163811077625899,0.655487257813304,0.775466975385716,37.4270371520067,0.259332335420569,0.397058823529412,0.936274509803922,204
"UMass-gbqr_2src_mobsgleam_otid10",2024-03-23,0.61050290139178,0.679096719460827,26.1018927936284,0.197168391932831,0.654235860696789,0.760565493194596,41.5856686551729,0.313083798584906,0.367647058823529,0.862745098039216,204
"UMass-gbqr_2src_mobsgleam_otid10",2024-03-30,0.615366196868055,0.669507324422331,21.3501582902293,0.177079241187323,0.645494295787447,0.734157956711772,33.945405907881,0.280570648701439,0.382352941176471,0.872549019607843,204
"UMass-gbqr_2src_mobsgleam_otid10",2024-04-06,0.632049041162789,0.679318268471853,16.2562988393049,0.176359161689875,0.6451841952426,0.732106413228094,25.6618850990121,0.278056597201526,0.392156862745098,0.92156862745098,204
"UMass-gbqr_2src_mobsgleam_otid10",2024-04-13,0.500479348435538,0.649022127818476,11.9566338501638,0.215981678167151,0.512881596162328,0.649914637348228,18.8031444004807,0.322399416106072,0.441176470588235,0.862745098039216,204
"UMass-gbqr_2src_mobsgleam_otid10",2024-04-20,0.358705132589429,0.538792990028197,9.5800020559768,0.200776343505095,0.351495185205328,0.532896270463184,14.7920890440576,0.307226449419023,0.470588235294118,0.916666666666667,204
"UMass-gbqr_2src_mobsgleam_otid10",2024-04-27,0.402088540222354,0.585498371536926,10.1348612401921,0.248487136566767,0.406287140559768,0.611209971769107,16.1359726118394,0.394857076713006,0.32843137254902,0.911764705882353,204
"UMass-gbqr_2src_mobsgleam_otid10",2024-05-04,0.463801008611044,0.656105445638245,11.6461699369061,0.375213059948261,0.426846572128729,0.614759160811895,17.4839703760179,0.559756042403448,0.28921568627451,0.803921568627451,204
"UMass-gbqr_2src_mobsgleam_otid10",2024-05-11,0.597449295811286,0.940859443792387,15.9142730064801,0.87320932283072,0.505057956684647,0.753360414047478,22.5031378478382,1.17768628907043,0.183006535947712,0.633986928104575,153
"UMass-gbqr_2src_mobsgleam_otid10",2024-05-18,0.551714123178156,0.899803156129402,12.2086221547109,0.82916445895884,0.467638987376894,0.693089895276924,17.4696564570083,1.1381836194555,0.214285714285714,0.724489795918367,98
"UMass-gbqr_2src_mobsgleam_otid10",2024-05-25,0.488173352048038,0.840228520135848,9.7906152868034,0.714276466628793,0.422946132815617,0.647292781250411,14.2334321023051,1.03077234243539,0.326530612244898,0.918367346938776,49
"UMass-gbqr_2src_mobsgleam_otid10",2024-11-30,0.87514519619818,0.660343871650383,24.0521309644808,0.263524623287642,0.886817748613159,0.643678356669391,33.2121941147281,0.376204023234943,0.568627450980392,0.96078431372549,51
"UMass-gbqr_2src_mobsgleam_otid10",2024-12-07,0.653816944694907,0.589672752546267,26.2804591471921,0.286372933731848,0.658673614639585,0.60692570790523,39.158792148769,0.43644488700989,0.450980392156863,0.911764705882353,102
"UMass-gbqr_2src_mobsgleam_otid10",2024-12-14,0.678478841873992,0.587162662544842,46.980321699762,0.402581739998162,0.686181919895645,0.58140369150397,70.2731013257834,0.604500086602788,0.241830065359477,0.718954248366013,153
"UMass-gbqr_2src_mobsgleam_otid10",2024-12-21,0.736548821171439,0.615185146771868,115.583521855041,0.564349182527817,0.754355806868053,0.593360351540006,154.9313705694,0.803919646562455,0.127450980392157,0.465686274509804,204
"UMass-gbqr_2src_mobsgleam_otid10",2024-12-28,0.784582920929291,0.704398721713718,270.63809612237,0.858320774173567,0.800489968530173,0.692030665863114,320.40395784507,1.12259762244223,0.0147058823529412,0.166666666666667,204
"UMass-gbqr_2src_mobsgleam_otid10",2025-01-04,0.744783591337597,0.70769391292638,333.045867456118,0.847270369351528,0.78686636563313,0.720361380865865,396.036784761674,1.08760151294336,0.0245098039215686,0.205882352941176,204
"UMass-gbqr_2src_mobsgleam_otid10",2025-01-11,0.777790617771378,0.706222911767157,175.257590560451,0.445482980119134,0.885243585713439,0.760148064634684,242.830126534011,0.634439176017576,0.161764705882353,0.514705882352941,204
"UMass-gbqr_2src_mobsgleam_otid10",2025-01-18,0.820428573218971,0.775038825271524,160.372785750659,0.329409126278957,0.957959487255326,0.850266898306093,233.981604762113,0.478104965278904,0.264705882352941,0.730392156862745,204
"UMass-gbqr_2src_mobsgleam_otid10",2025-01-25,0.645129480380427,0.678222222283475,168.17772260811,0.275460409902775,0.796150876014434,0.790495904730636,255.99633004187,0.413258575946081,0.300653594771242,0.810457516339869,153
"UMass-gbqr_2src_mobsgleam_otid10",2025-02-01,0.52487573948002,0.527243538939399,194.210511841386,0.243918283174776,0.641581650310736,0.598079043252016,278.769323732075,0.342038981950763,0.294117647058824,0.673202614379085,153
"UMass-gbqr_2src_mobsgleam_otid10",2025-02-08,0.529680786354077,0.547097560875384,175.008044539975,0.245172800579918,0.629997244804612,0.605368518477118,243.335406398518,0.330029470948519,0.287581699346405,0.607843137254902,153
"UMass-gbqr_2src_mobsgleam_otid10",2025-02-15,0.817900218125754,0.855332846610006,173.725346263452,0.245558530337046,0.952467928330396,0.936055942781145,249.851635970853,0.338088234699885,0.235294117647059,0.633986928104575,153
"UMass-gbqr_2src_mobsgleam_otid10",2025-02-22,0.823013476418451,0.949279492604541,165.367229548066,0.257575041050012,0.941825604585919,1.032438170065,242.764783166379,0.363716734583046,0.25,0.691176470588235,204
"UMass-gbqr_2src_mobsgleam_otid10",2025-03-01,0.582243271623394,0.759295011309792,119.491014402812,0.208221949590174,0.658978935317044,0.835763921903901,175.478983839352,0.301760209815484,0.235294117647059,0.735294117647059,204
"UMass-gbqr_2src_mobsgleam_otid10",2025-03-08,0.349172534180842,0.625665860466948,76.6127948419705,0.207030112478174,0.396177700862354,0.693904787963331,111.634719503288,0.29711048662831,0.230392156862745,0.75,204
"UMass-gbqr_2src_mobsgleam_otid10",2025-03-15,0.293938198563351,0.573083972130675,58.8999664536736,0.215470423794848,0.322210784080745,0.633419604885211,84.2375869969528,0.310251899048526,0.299019607843137,0.745098039215686,204
"UMass-gbqr_2src_mobsgleam_otid10",2025-03-22,0.293041800677631,0.505718083576124,50.0635866215817,0.212976995591449,0.322478612810105,0.565536356747032,74.8766884949815,0.323139782909552,0.318627450980392,0.843137254901961,204
"UMass-gbqr_2src_mobsgleam_otid10",2025-03-29,0.248545316870173,0.45584195609517,34.7012768375643,0.215305487650445,0.278708975546115,0.511469998485443,55.2731814885744,0.338339125227105,0.377450980392157,0.926470588235294,204
"UMass-gbqr_2src_mobsgleam_otid10",2025-04-05,0.246551742340056,0.481502019050223,26.43623890308,0.255118865318475,0.265084262733742,0.516157058603457,42.6694702715093,0.397876894970023,0.338235294117647,0.901960784313726,204
"UMass-gbqr_2src_mobsgleam_otid10",2025-04-12,0.239311097380353,0.511092771566746,18.604680731104,0.28177219234187,0.243593272583163,0.531054736944627,30.0324235232311,0.443011237526426,0.362745098039216,0.916666666666667,204
"UMass-gbqr_2src_mobsgleam_otid10",2025-04-19,0.344021549147063,0.705350256029931,17.4146215752195,0.347110835096634,0.340920574964153,0.742340437168858,28.0440596493796,0.542543235376611,0.343137254901961,0.897058823529412,204
"UMass-gbqr_2src_mobsgleam_otid10",2025-04-26,0.443238273098964,0.797242359498255,17.9828317095085,0.41840224509063,0.43385762387348,0.878119061162461,28.4587915895049,0.671687578747497,0.326797385620915,0.869281045751634,153
"UMass-gbqr_2src_mobsgleam_otid10",2025-05-03,0.492662649733504,0.881933364129171,12.8230833675859,0.427017870162596,0.559161231597511,1.06165065476706,21.6172463065312,0.702384535219016,0.339869281045752,0.941176470588235,153
"UMass-gbqr_2src_mobsgleam_otid10",2025-05-10,0.535507062195759,0.828963677042324,9.48107264381794,0.387427655492163,0.741228417260471,1.13128157887239,15.8855423542293,0.658177186318845,0.411764705882353,0.973856209150327,153
"UMass-gbqr_2src_mobsgleam_otid10",2025-05-17,0.514271032459731,0.630504131730448,7.05461774410788,0.285038809612749,0.85260196532815,0.870151482560558,11.7302427255932,0.451210613305303,0.509803921568627,0.993464052287582,153
"UMass-gbqr_2src_mobsgleam_otid10",2025-05-24,0.433833516904861,0.640311188748648,7.54353146466627,0.353324893298447,0.817658997028347,0.983443971100612,12.1099038383414,0.551810854434634,0.477124183006536,0.980392156862745,153
"UMass-gbqr_2src_mobsgleam_otid10",2025-05-31,0.473347864710783,0.622830317887393,8.60240134131744,0.376542762418472,1.17170795999153,1.16664817617449,14.0490081869573,0.610120288167122,0.343137254901961,0.980392156862745,102
"UMass-gbqr_2src_mobsgleam_otid10",2025-06-07,0.366056740289775,0.56145108533207,7.06970406829843,0.371950539848765,1.05781049634819,1.14281696225687,11.5944326952674,0.602767894953391,0.450980392156863,0.96078431372549,51
"UMass-gbqr_2src_mobsgleam_otid10",2025-11-22,0.532409714487478,0.563689085529527,9.76094915966543,0.237336970716762,0.608589717106737,0.597386111987579,16.8973144984929,0.370765787441842,0.607843137254902,0.96078431372549,51
"UMass-gbqr_2src_mobsgleam_otid10",2025-11-29,0.527566838147028,0.469659913223732,16.4604519034465,0.247504961461952,0.555583734882655,0.486259928070193,27.2399437073349,0.399620962700687,0.46078431372549,0.970588235294118,102
"UMass-gbqr_2src_mobsgleam_otid10",2025-12-06,0.523998321521112,0.383340964261391,26.7742399766402,0.23816927977355,0.538246238590048,0.385473663463195,42.5460784935166,0.375724399611943,0.568627450980392,0.954248366013072,153
"UMass-gbqr_2src_mobsgleam_otid10",2025-12-13,0.531731818750972,0.386655135861527,48.6808378981213,0.303486954959235,0.573093229280063,0.400381817428125,77.9856276706595,0.4877430614184,0.465686274509804,0.92156862745098,204
"UMass-gbqr_2src_mobsgleam_otid10",2025-12-20,0.554646021261871,0.457059858847554,125.01744488599,0.482167541203512,0.667105361110581,0.516727586522279,196.29248238247,0.783295666453779,0.17156862745098,0.759803921568627,204
"UMass-gbqr_2src_mobsgleam_otid10",2025-12-27,0.581588244407209,0.50316920673511,268.54460367885,0.659996192326671,0.712023742635138,0.584706952267389,385.271160702424,0.998137569293823,0.0735294117647059,0.401960784313726,204
"UMass-gbqr_2src_mobsgleam_otid10",2026-01-03,0.515377236998455,0.455405600717991,217.384792776679,0.465201713384446,0.657724893632678,0.554220207652996,328.008049282943,0.723132410289206,0.25,0.647058823529412,204
"UMass-gbqr_2src_mobsgleam_otid10",2026-01-10,0.728141805554584,0.534630260968496,129.010853770084,0.24846319061899,0.943913204591909,0.676190576872421,224.554175157108,0.428971364860659,0.323529411764706,0.901960784313726,204
"UMass-gbqr_2src_mobsgleam_otid10",2026-01-17,1.24247148431003,1.10221414255121,234.740645958923,0.423744905234461,1.4914698620249,1.29205932402956,367.442609439447,0.648050978859593,0.127450980392157,0.553921568627451,204
"UMass-gbqr_2src_mobsgleam_otid10",2026-01-24,1.18345568415204,1.13011864625584,250.471280187426,0.50671782508969,1.39430883340949,1.28055482507067,382.163647604207,0.739625368156736,0.156862745098039,0.514705882352941,204
"UMass-gbqr_2src_mobsgleam_otid10",2026-01-31,1.06429659428921,0.989853261229515,186.87788369784,0.474864859996351,1.23925396087868,1.09512132489065,287.373273888857,0.682731494018435,0.196078431372549,0.607843137254902,204
"UMass-gbqr_2src_mobsgleam_otid10",2026-02-07,0.947972017468988,0.881766558851198,102.450990832775,0.329428594623709,0.992289965267265,0.937648512185148,155.799252879953,0.486412246352187,0.28921568627451,0.745098039215686,204
"UMass-gbqr_2src_mobsgleam_otid10",2026-02-14,0.900894849668128,0.856549576952952,74.7188709453184,0.273008608281264,0.842163743008517,0.869946886031062,103.837963862222,0.397494272903864,0.279411764705882,0.745098039215686,204
"UMass-gbqr_2src_mobsgleam_otid10",2026-02-21,1.3910479741548,1.1970013780901,59.0075702126621,0.274325797554677,1.33511967276197,1.30437723198805,82.4370950887735,0.39513768276993,0.225490196078431,0.676470588235294,204
"UMass-gbqr_2src_mobsgleam_otid10",2026-02-28,0.926458138453058,0.994514505578634,39.6812071151117,0.235581616269025,0.980063179690303,1.13704927131996,62.0322341968686,0.364384895730455,0.245098039215686,0.78921568627451,204
"UMass-gbqr_2src_mobsgleam_otid10",2026-03-07,0.755264562451687,1.03823776825367,37.3262177527402,0.292287050648404,0.741833950353053,1.13921077207726,54.579341964946,0.433254336653627,0.299019607843137,0.730392156862745,204
"UMass-gbqr_2src_mobsgleam_otid10",2026-03-14,0.598749316324159,0.889070773706817,32.689319971026,0.274182196120505,0.570451381595751,0.973667390242864,47.0846096240649,0.407371245291516,0.303921568627451,0.769607843137255,204
"UMass-gbqr_2src_mobsgleam_otid10",2026-03-21,0.418083557754417,0.649478607837824,20.6238150814646,0.225916899531299,0.409239869267501,0.689296258918808,31.6619257678871,0.338929034419013,0.362745098039216,0.852941176470588,204
"UMass-gbqr_2src_mobsgleam_otid10",2026-03-28,0.446151763693646,0.671224916407315,24.2577848659204,0.401121633943986,0.404244092593801,0.629972956013399,36.0431166675914,0.583655229328703,0.235294117647059,0.637254901960784,204
"UMass-gbqr_2src_mobsgleam_otid10",2026-04-04,0.382447075354022,0.596703197652556,15.2699281870161,0.313055418530195,0.35462078407012,0.57967713723331,23.2085396476479,0.462192752893954,0.392156862745098,0.808823529411765,204
"UMass-gbqr_2src_mobsgleam_otid10",2026-04-11,0.339670678361982,0.537461461415774,9.83695333733828,0.269940382738192,0.342668321055897,0.558995760247938,15.6720364482918,0.408656735831381,0.485294117647059,0.901960784313726,204
"UMass-gbqr_2src_mobsgleam_otid10",2026-04-18,0.358845352617528,0.575139769317265,7.32462101527586,0.280758329898386,0.403908806965332,0.65378736150202,11.208469393288,0.426312828424099,0.504901960784314,0.946078431372549,204
"UMass-gbqr_2src_mobsgleam_otid10",2026-04-25,0.569703085098498,0.707043043338617,8.68626488121832,0.341146132718076,0.907252233147717,1.01967922111507,13.1151315468266,0.506152704855584,0.387254901960784,0.926470588235294,204
"UMass-gbqr_2src_mobsgleam_otid10",2026-05-02,0.516042601987471,0.662887264387829,7.50106856149297,0.34297109147203,0.874569430420333,0.885518213038156,11.082166557042,0.505128842663501,0.450980392156863,0.936274509803922,204
"UMass-gbqr_2src_mobsgleam_otid10",2026-05-09,0.479748372473498,0.625872636145854,6.33913242058678,0.316251939254987,1.01632798949689,0.996743245244155,9.49569190186798,0.478613203134488,0.426470588235294,0.955882352941177,204
"UMass-gbqr_2src_mobsgleam_otid10",2026-05-16,0.36038032743412,0.57218147169444,4.54742060441194,0.287492474428285,0.853231372944608,0.968177434470197,6.93877866527012,0.443210557097704,0.411764705882353,0.96078431372549,204
"UMass-gbqr_2src_mobsgleam_otid10",2026-05-23,0.336016574853333,0.540510080246997,4.13947211814714,0.275682929451186,0.775616118660961,0.899548985730367,6.10987795435375,0.436638905920507,0.495098039215686,0.970588235294118,204
"UMass-gbqr_2src_mobsgleam_otid10",2026-05-30,0.301615667759837,0.533825548650581,3.63703047262714,0.284943397726609,0.706714502753416,0.81269345652961,5.54285884512483,0.457399607912287,0.519607843137255,0.985294117647059,204
"UMass-gbqr_2src_mobsgleam_otid10",2026-06-06,0.291357918185553,0.508337503162431,3.94751975934704,0.306482519899273,0.839134315638639,0.787252549437477,6.00008458371681,0.505778001002463,0.483660130718954,0.993464052287582,153
"UMass-gbqr_2src_mobsgleam_otid10",2026-06-13,0.248629898020892,0.491455291035148,3.71632386393191,0.319156987048333,0.949981987865405,0.873279964110624,6.06312033431744,0.517425902511124,0.480392156862745,1,102
"UMass-gbqr_2src_mobsgleam_otid10",2026-06-20,0.213740133805252,0.486556557930416,3.47303118185399,0.33535705967595,0.85457506069872,0.756430745612106,5.41230871775856,0.523514583415263,0.509803921568627,0.980392156862745,51
"UMass-gbqr_2src_mobsgleam_otid50",2023-10-21,0.904136965501762,0.848301122458604,6.42465690633571,0.305014096404048,1.07831477710679,1.04823938206712,10.571713501047,0.522158272460279,0.529411764705882,1,51
"UMass-gbqr_2src_mobsgleam_otid50",2023-10-28,1.28782264591672,0.989697102025197,10.3911254473383,0.397096066194676,1.5686932208284,1.3887920708224,17.0249276367268,0.660491681817132,0.509803921568627,1,102
"UMass-gbqr_2src_mobsgleam_otid50",2023-11-04,1.33380342079968,0.995293059276814,14.1948212420751,0.420685008516653,1.38602483736974,1.21395261463485,21.5694421289779,0.672511601775613,0.516339869281046,0.967320261437909,153
"UMass-gbqr_2src_mobsgleam_otid50",2023-11-11,1.10547762718631,0.718765746325237,17.5289791114326,0.348714099667404,1.07499486565954,0.781508310314204,27.2595497802956,0.536840714303739,0.57843137254902,0.985294117647059,204
"UMass-gbqr_2src_mobsgleam_otid50",2023-11-18,0.926799175842351,0.684358935578214,19.7013361319108,0.345021285685213,0.89322205536416,0.684964001342063,29.7259043041194,0.518081101304454,0.53921568627451,1,204
"UMass-gbqr_2src_mobsgleam_otid50",2023-11-25,0.887187473770241,0.592136747985883,21.7302900583069,0.300276032992694,0.819482999969921,0.579044903850667,31.9678711458854,0.444357347991877,0.593137254901961,0.995098039215686,204
"UMass-gbqr_2src_mobsgleam_otid50",2023-12-02,0.741401049089443,0.487185022478369,27.163952469686,0.268291045576238,0.675992913197058,0.442601376384047,38.465322237213,0.375406318995709,0.754901960784314,1,204
"UMass-gbqr_2src_mobsgleam_otid50",2023-12-09,0.69008574462961,0.464696617753107,31.3166479271,0.245495832186286,0.596852473897934,0.39527612148502,40.7381070909551,0.317222102750665,0.774509803921569,1,204
"UMass-gbqr_2src_mobsgleam_otid50",2023-12-16,0.546417204064474,0.460632906947925,39.4932146865721,0.271828165636325,0.493416469670328,0.410354628150416,49.7697583157174,0.357065224075961,0.57843137254902,0.92156862745098,204
"UMass-gbqr_2src_mobsgleam_otid50",2023-12-23,0.615151283547062,0.561196347189866,86.2732198425101,0.409561684284858,0.73115334077438,0.611301657840813,128.740333336352,0.611617909909151,0.274509803921569,0.588235294117647,204
"UMass-gbqr_2src_mobsgleam_otid50",2023-12-30,0.7670515813189,0.717300691227595,153.33409869353,0.556315179427975,0.875121291494852,0.78400122844928,209.141119236512,0.792216528505313,0.112745098039216,0.333333333333333,204
"UMass-gbqr_2src_mobsgleam_otid50",2024-01-06,0.837200118379202,0.830389902214072,93.5347127012838,0.383090450138378,0.972770957872741,0.906280904633494,140.570171897699,0.565433691747116,0.308823529411765,0.769607843137255,204
"UMass-gbqr_2src_mobsgleam_otid50",2024-01-13,0.789522155895487,0.875308918167212,52.3705721568059,0.221677298483254,0.940150653657234,0.990555146117698,87.1759302185305,0.35099404488712,0.558823529411765,0.980392156862745,204
"UMass-gbqr_2src_mobsgleam_otid50",2024-01-20,0.670456847726424,0.71293014334051,49.7274866217046,0.20755545254822,0.770016754534007,0.845693072356545,78.3039096706274,0.335171098187482,0.637254901960784,0.990196078431373,204
"UMass-gbqr_2src_mobsgleam_otid50",2024-01-27,0.723820676618865,0.797519377037112,54.8529094583177,0.213244945273735,0.819721216520073,0.950485177362458,85.5604110949113,0.349842792968236,0.593137254901961,0.946078431372549,204
"UMass-gbqr_2src_mobsgleam_otid50",2024-02-03,0.746530639938967,0.807748648666208,49.1876872382129,0.226125474023057,0.812337318100117,0.922742364492599,75.3124298883702,0.354265629343574,0.480392156862745,0.892156862745098,204
"UMass-gbqr_2src_mobsgleam_otid50",2024-02-10,0.970358997202411,0.96569349773334,46.9333199436511,0.228797732059762,0.98137307000029,1.02878904643142,70.3317366833542,0.352954359863479,0.343137254901961,0.872549019607843,204
"UMass-gbqr_2src_mobsgleam_otid50",2024-02-17,1.16375285011936,1.20262182118371,44.0704944381143,0.254342284134324,1.18290051881419,1.30817266382244,67.9182047885815,0.407250449414377,0.274509803921569,0.823529411764706,204
"UMass-gbqr_2src_mobsgleam_otid50",2024-02-24,1.11998194726885,1.11258752728664,43.8167522985702,0.246491225882732,1.13182338841664,1.20214741350735,65.0354596030384,0.381084074449422,0.264705882352941,0.803921568627451,204
"UMass-gbqr_2src_mobsgleam_otid50",2024-03-02,1.20273142493927,1.17599284762803,40.4173066336802,0.229204882572788,1.25625992824981,1.31711967185314,61.5752108949504,0.355218644044731,0.303921568627451,0.823529411764706,204
"UMass-gbqr_2src_mobsgleam_otid50",2024-03-09,0.895502632676866,0.884161362312368,24.2109559141076,0.162668689047336,0.944359681985699,0.988784127674154,38.1169491248541,0.254472136615712,0.416666666666667,0.911764705882353,204
"UMass-gbqr_2src_mobsgleam_otid50",2024-03-16,0.71276899922646,0.759629022448793,27.2835385080857,0.177047538975526,0.723472661979337,0.809888649524255,41.3088704251731,0.270843661404494,0.397058823529412,0.911764705882353,204
"UMass-gbqr_2src_mobsgleam_otid50",2024-03-23,0.690066582843114,0.726097804293292,29.503617304314,0.210814648864941,0.692915058259266,0.763199409497294,44.0442625512152,0.314168039887702,0.377450980392157,0.838235294117647,204
"UMass-gbqr_2src_mobsgleam_otid50",2024-03-30,0.644381034701193,0.695533292992658,22.3568294133031,0.183962898165348,0.65102418697586,0.739470364049942,34.2362131268481,0.282600873340987,0.42156862745098,0.862745098039216,204
"UMass-gbqr_2src_mobsgleam_otid50",2024-04-06,0.629461999872953,0.676316931138497,16.1897601475606,0.175579978557865,0.614722384355424,0.714539962916179,24.4502815032349,0.271384797432551,0.392156862745098,0.901960784313726,204
"UMass-gbqr_2src_mobsgleam_otid50",2024-04-13,0.486287147821313,0.633109406200609,11.6175770103505,0.2106862403509,0.483857982153657,0.625281870159543,17.7390874927804,0.310179980964386,0.470588235294118,0.872549019607843,204
"UMass-gbqr_2src_mobsgleam_otid50",2024-04-20,0.343042850153732,0.525428396449844,9.16170668102043,0.195796148363816,0.334233569005904,0.517059223634317,14.0656626956652,0.298096042741028,0.490196078431373,0.92156862745098,204
"UMass-gbqr_2src_mobsgleam_otid50",2024-04-27,0.372064922573372,0.560090187075366,9.37809956120279,0.237703832446483,0.376255583034805,0.585576609305095,14.9432486948431,0.378297277239237,0.377450980392157,0.926470588235294,204
"UMass-gbqr_2src_mobsgleam_otid50",2024-05-04,0.41361002755903,0.603652586086368,10.3858607013089,0.34521636038368,0.386955338217748,0.581068498174785,15.8499941477819,0.529079717127072,0.323529411764706,0.892156862745098,204
"UMass-gbqr_2src_mobsgleam_otid50",2024-05-11,0.536157752329166,0.870028519049759,14.2816485096372,0.807471316757593,0.466973312978863,0.732637901992833,20.8062553893916,1.14529194253086,0.189542483660131,0.777777777777778,153
"UMass-gbqr_2src_mobsgleam_otid50",2024-05-18,0.490365009443423,0.816259968189875,10.8510564922639,0.752179796529391,0.431574114821044,0.666266108764216,16.1223758608147,1.09413393033351,0.255102040816327,0.86734693877551,98
"UMass-gbqr_2src_mobsgleam_otid50",2024-05-25,0.444389595942491,0.777998734894404,8.91250526698721,0.661375059385272,0.39854312661012,0.631091254787924,13.41219624041,1.00497244806533,0.36734693877551,0.938775510204082,49
"UMass-gbqr_2src_mobsgleam_otid50",2024-11-30,0.894430733284114,0.682994460183424,24.5821667410883,0.272563834623843,0.902855295569291,0.672395535825065,33.8128159713205,0.39298805554298,0.588235294117647,0.96078431372549,51
"UMass-gbqr_2src_mobsgleam_otid50",2024-12-07,0.667245078297644,0.601736311402334,26.8202088729115,0.292231567568906,0.661718673098608,0.61205386979572,39.3398238595094,0.440132587180951,0.441176470588235,0.901960784313726,102
"UMass-gbqr_2src_mobsgleam_otid50",2024-12-14,0.686036289086949,0.58613906172572,47.5036265979854,0.401879919148316,0.687543216099486,0.572699017851213,70.4125140723061,0.595449617791127,0.248366013071895,0.712418300653595,153
"UMass-gbqr_2src_mobsgleam_otid50",2024-12-21,0.741084221763983,0.609613415516722,116.295243275864,0.559237872549665,0.759923095034094,0.587847911583817,156.074793312443,0.796451067359657,0.161764705882353,0.485294117647059,204
"UMass-gbqr_2src_mobsgleam_otid50",2024-12-28,0.78795601351495,0.702576985867484,271.801628148208,0.856100960772891,0.807750264809278,0.696127851838206,323.309962610157,1.12924399154295,0.0147058823529412,0.17156862745098,204
"UMass-gbqr_2src_mobsgleam_otid50",2025-01-04,0.759495341114836,0.721063716939601,339.624540138149,0.863277061761242,0.797857147037248,0.732080361078775,401.56854201985,1.10529482764382,0.0196078431372549,0.176470588235294,204
"UMass-gbqr_2src_mobsgleam_otid50",2025-01-11,0.792970535932465,0.727295816736242,178.678043084602,0.458775695986855,0.89300787813935,0.777016387244348,244.959940454901,0.648517913036288,0.17156862745098,0.450980392156863,204
"UMass-gbqr_2src_mobsgleam_otid50",2025-01-18,0.852248712374673,0.807673374257471,166.59280846312,0.34327955175629,0.983383342969523,0.875361074498002,240.191381520306,0.492215417256791,0.259803921568627,0.642156862745098,204
"UMass-gbqr_2src_mobsgleam_otid50",2025-01-25,0.687264542955922,0.717153717961286,179.161841426736,0.291272462951452,0.834173640357957,0.817148472452908,268.22226412451,0.427192110726334,0.30718954248366,0.77124183006536,153
"UMass-gbqr_2src_mobsgleam_otid50",2025-02-01,0.520620556383822,0.522129272094193,192.636041495491,0.241552273738056,0.619361040947753,0.581630160895118,269.114396347488,0.332631932767115,0.294117647058824,0.640522875816993,153
"UMass-gbqr_2src_mobsgleam_otid50",2025-02-08,0.501227335417125,0.516271977493567,165.606943089485,0.231358820866432,0.589933942140441,0.563294387693799,227.861021207395,0.307091867324913,0.274509803921569,0.588235294117647,153
"UMass-gbqr_2src_mobsgleam_otid50",2025-02-15,0.84776269326284,0.868720787563416,180.068257927374,0.249402090324001,0.958752137320285,0.931331470221232,251.50011131601,0.336381831786696,0.202614379084967,0.627450980392157,153
"UMass-gbqr_2src_mobsgleam_otid50",2025-02-22,0.87652204426271,0.986329821343932,176.118649634159,0.267628181374134,0.960239969180169,1.04163820211524,247.511266173533,0.366957805779746,0.176470588235294,0.67156862745098,204
"UMass-gbqr_2src_mobsgleam_otid50",2025-03-01,0.612388931303387,0.803815599550266,125.677664606534,0.220430858567913,0.664361973789498,0.845965726568043,176.912428932191,0.305443664718557,0.142156862745098,0.656862745098039,204
"UMass-gbqr_2src_mobsgleam_otid50",2025-03-08,0.358129900757863,0.651636060166475,78.5781524251481,0.215623538625576,0.39878114637596,0.697986872026644,112.368316848673,0.298858320053798,0.215686274509804,0.705882352941177,204
"UMass-gbqr_2src_mobsgleam_otid50",2025-03-15,0.295495493093739,0.590186884424481,59.2120204706292,0.221900845756173,0.319482325576701,0.638816152204279,83.524268970501,0.312895153284948,0.274509803921569,0.715686274509804,204
"UMass-gbqr_2src_mobsgleam_otid50",2025-03-22,0.295922467341832,0.521179832691589,50.5557229131881,0.219488522428525,0.316070273916671,0.567982952210423,73.388728748093,0.324537734283457,0.274509803921569,0.808823529411765,204
"UMass-gbqr_2src_mobsgleam_otid50",2025-03-29,0.254163633541304,0.474280898147399,35.4856921893445,0.224014658355839,0.276898256341158,0.523075026987519,54.9140821411482,0.346015890635154,0.323529411764706,0.911764705882353,204
"UMass-gbqr_2src_mobsgleam_otid50",2025-04-05,0.252948984914524,0.499969257882352,27.1221761891623,0.264903540833879,0.264267680838593,0.525542680488608,42.5380286063572,0.405111751165016,0.333333333333333,0.877450980392157,204
"UMass-gbqr_2src_mobsgleam_otid50",2025-04-12,0.247171865196276,0.533926243642706,19.2157977127965,0.294360586941733,0.246090741716342,0.545935976129675,30.3403345338614,0.455425317900182,0.338235294117647,0.897058823529412,204
"UMass-gbqr_2src_mobsgleam_otid50",2025-04-19,0.349912871644474,0.731249374275085,17.7128446142249,0.359856083979,0.343034887242531,0.759542333379675,28.217982562828,0.555115327583285,0.333333333333333,0.887254901960784,204
"UMass-gbqr_2src_mobsgleam_otid50",2025-04-26,0.448013995798774,0.816587390207564,18.1765898364895,0.428554746627573,0.435161839663248,0.893310100572374,28.5443413258847,0.683307452328643,0.300653594771242,0.875816993464052,153
"UMass-gbqr_2src_mobsgleam_otid50",2025-05-03,0.499468101880485,0.912305437106923,13.0002165037838,0.441723536648168,0.575556664231197,1.09781860977498,22.2510958753433,0.726313133721732,0.34640522875817,0.915032679738562,153
"UMass-gbqr_2src_mobsgleam_otid50",2025-05-10,0.56077956937167,0.87923451227101,9.92851861295932,0.41092242658005,0.797401573117329,1.19597883007838,17.0894101846518,0.695817907741856,0.437908496732026,0.967320261437909,153
"UMass-gbqr_2src_mobsgleam_otid50",2025-05-17,0.545156186078174,0.711940423455406,7.47829113614016,0.321854593180813,0.967082183956762,1.0038482955798,13.3052810276404,0.520538106515862,0.562091503267974,0.993464052287582,153
"UMass-gbqr_2src_mobsgleam_otid50",2025-05-24,0.461783246269851,0.728054294031181,8.0295235668854,0.401741700401587,0.933120391666535,1.20705720602809,13.8199399184076,0.677280341110248,0.490196078431373,0.980392156862745,153
"UMass-gbqr_2src_mobsgleam_otid50",2025-05-31,0.500547657202724,0.716569844373697,9.09671757016362,0.433214602624771,1.3436054388259,1.45920110117639,16.1100926635693,0.76311626291898,0.411764705882353,0.970588235294118,102
"UMass-gbqr_2src_mobsgleam_otid50",2025-06-07,0.38147555368205,0.63554534701318,7.36748972765116,0.421036562392802,1.17125578710783,1.33771686300048,12.8378820586917,0.705565986666917,0.490196078431373,0.96078431372549,51
"UMass-gbqr_2src_mobsgleam_otid50",2025-11-22,0.60581155449771,0.587214367774326,11.1066639523707,0.247242110565252,0.727732955498269,0.633181281695221,20.2052914703049,0.392981945495988,0.666666666666667,0.980392156862745,51
"UMass-gbqr_2src_mobsgleam_otid50",2025-11-29,0.60655991340127,0.489850408603977,18.9250907357406,0.258145102637051,0.696861019765698,0.527592885332559,34.1666858808652,0.43358945407526,0.470588235294118,0.980392156862745,102
"UMass-gbqr_2src_mobsgleam_otid50",2025-12-06,0.598803467823017,0.42785425649322,30.5964868356775,0.265825334668782,0.660620474176661,0.453460860385531,52.219241926095,0.441992088344412,0.516339869281046,0.954248366013072,153
"UMass-gbqr_2src_mobsgleam_otid50",2025-12-13,0.595940546720864,0.433527985622732,54.5592423262956,0.340277617037455,0.655313593386922,0.460477574072372,89.1740458452008,0.560951401677713,0.362745098039216,0.92156862745098,204
"UMass-gbqr_2src_mobsgleam_otid50",2025-12-20,0.638687959427269,0.538463048129373,143.960532855503,0.568042454220606,0.731823197514196,0.588255787362568,215.335388499937,0.891723649028731,0.0980392156862745,0.740196078431373,204
"UMass-gbqr_2src_mobsgleam_otid50",2025-12-27,0.643732357977232,0.580491260993707,297.23924548105,0.761417862632532,0.746201455317385,0.643384216582526,403.764486481857,1.09830395477839,0.0588235294117647,0.397058823529412,204
"UMass-gbqr_2src_mobsgleam_otid50",2026-01-03,0.573926490603816,0.530209150601727,242.080717331587,0.541614343177073,0.682872795894989,0.607439404440678,340.549332795964,0.792571462700712,0.235294117647059,0.588235294117647,204
"UMass-gbqr_2src_mobsgleam_otid50",2026-01-10,0.973296441230476,0.686514523443402,172.446910610897,0.319049633651534,1.23680118109804,0.837872839399972,294.231363332691,0.531541650816136,0.191176470588235,0.877450980392157,204
"UMass-gbqr_2src_mobsgleam_otid50",2026-01-17,1.47365439428579,1.24130225552244,278.418127742345,0.477217163459903,1.78057393729261,1.44841404412761,438.667083041431,0.726472942560807,0.102941176470588,0.563725490196078,204
"UMass-gbqr_2src_mobsgleam_otid50",2026-01-24,1.37438057602921,1.23620532567805,290.879385643766,0.554284522308527,1.62278881607027,1.38980283494289,444.787322851731,0.802725048030008,0.132352941176471,0.553921568627451,204
"UMass-gbqr_2src_mobsgleam_otid50",2026-01-31,1.16709000299431,1.0391366854784,204.927189483438,0.498507724320522,1.34688123381848,1.13521439628956,312.331194348122,0.707726717756497,0.17156862745098,0.61764705882353,204
"UMass-gbqr_2src_mobsgleam_otid50",2026-02-07,0.972275876423862,0.908366194526222,105.077602573525,0.339366236860156,1.01435778191386,0.956308709511394,159.264116444612,0.496092364627725,0.235294117647059,0.740196078431373,204
"UMass-gbqr_2src_mobsgleam_otid50",2026-02-14,0.931927838951169,0.899412024017157,77.2927006460223,0.286670184137919,0.87051043326804,0.903711369613285,107.333082980348,0.412921868619184,0.215686274509804,0.735294117647059,204
"UMass-gbqr_2src_mobsgleam_otid50",2026-02-21,1.49965569908485,1.32736083544261,63.6146564336395,0.304201253641522,1.42447511826159,1.44368256081627,87.9543558314855,0.4373377330934,0.176470588235294,0.661764705882353,204
"UMass-gbqr_2src_mobsgleam_otid50",2026-02-28,1.00700308630204,1.11850825825411,43.1310346086755,0.264953383597401,1.02951717118668,1.26683654514938,65.1623809527569,0.405977220209564,0.235294117647059,0.764705882352941,204
"UMass-gbqr_2src_mobsgleam_otid50",2026-03-07,0.813265561415456,1.17204049240598,40.1927072252111,0.329955496939836,0.777672120642473,1.28117737779122,57.2160826407984,0.487245792048148,0.225490196078431,0.691176470588235,204
"UMass-gbqr_2src_mobsgleam_otid50",2026-03-14,0.625247754801569,0.981462536527144,34.1360288197951,0.302675064385541,0.586842165324273,1.09060375189465,48.4374920575005,0.456296075005762,0.284313725490196,0.769607843137255,204
"UMass-gbqr_2src_mobsgleam_otid50",2026-03-21,0.424485132045225,0.694591324099412,20.9396009619547,0.24160906377545,0.408703807498619,0.739459567335267,31.6204519301505,0.363594483367658,0.367647058823529,0.848039215686274,204
"UMass-gbqr_2src_mobsgleam_otid50",2026-03-28,0.419137743705457,0.639152977297925,22.7890015088582,0.381955556665198,0.37295287657497,0.59864786695529,33.2531366275594,0.5546332659834,0.269607843137255,0.725490196078431,204
"UMass-gbqr_2src_mobsgleam_otid50",2026-04-04,0.362180302892547,0.58109414087726,14.4607386807743,0.304866255440613,0.332948875596902,0.561409374150709,21.7901982259522,0.447627355768478,0.411764705882353,0.838235294117647,204
"UMass-gbqr_2src_mobsgleam_otid50",2026-04-11,0.333877809009442,0.539879768367062,9.6691902976051,0.271154979041133,0.32965883679271,0.551370290254752,15.077043859196,0.403082096633378,0.514705882352941,0.916666666666667,204
"UMass-gbqr_2src_mobsgleam_otid50",2026-04-18,0.383689816999656,0.616044666096911,7.83173719944605,0.300726329186893,0.44439251185726,0.702244727221549,12.331892204039,0.457910252685121,0.495098039215686,0.955882352941177,204
"UMass-gbqr_2src_mobsgleam_otid50",2026-04-25,0.620563989892184,0.812655570842995,9.46174127004636,0.392103858225949,1.04352483884642,1.24460233219305,15.0850723027357,0.617800994532561,0.416666666666667,0.936274509803922,204
"UMass-gbqr_2src_mobsgleam_otid50",2026-05-02,0.563262418424654,0.750213350894882,8.18744421961165,0.388152715576641,1.01209961821195,1.0658864396372,12.8248897699897,0.608016837753579,0.490196078431373,0.955882352941177,204
"UMass-gbqr_2src_mobsgleam_otid50",2026-05-09,0.532514196463946,0.731503368558661,7.03635113929186,0.369626894543319,1.19951868586475,1.24089217427633,11.207267721854,0.595847908785611,0.465686274509804,0.970588235294118,204
"UMass-gbqr_2src_mobsgleam_otid50",2026-05-16,0.409918786698748,0.669907764658526,5.17251635249206,0.336595032219518,0.999058757152674,1.18157986016752,8.12469842213866,0.540901542873539,0.480392156862745,0.975490196078431,204
"UMass-gbqr_2src_mobsgleam_otid50",2026-05-23,0.37556495549455,0.605911043847676,4.62667849793255,0.309040178267206,0.915626721434782,1.06057022339961,7.21280461443968,0.514798225936612,0.588235294117647,0.970588235294118,204
"UMass-gbqr_2src_mobsgleam_otid50",2026-05-30,0.321878949049899,0.552535639739164,3.88137511186536,0.294930399922423,0.760239314964007,0.846932050524574,5.96266129383535,0.47666975133837,0.61764705882353,0.995098039215686,204
"UMass-gbqr_2src_mobsgleam_otid50",2026-06-06,0.310704564574288,0.514721378962634,4.20964158315824,0.310331431950417,0.89154933033448,0.768112955780034,6.37486906788184,0.493481584271926,0.620915032679739,1,153
"UMass-gbqr_2src_mobsgleam_otid50",2026-06-13,0.250141979283412,0.494219099889052,3.73892526354169,0.320951837816409,0.888959727811419,0.861854179964685,5.67365473338465,0.510656026965392,0.53921568627451,1,102
"UMass-gbqr_2src_mobsgleam_otid50",2026-06-20,0.221717972826217,0.48757943945513,3.60266188428851,0.336062076461633,0.843132905306089,0.733485649073042,5.33984173360523,0.507634619881587,0.607843137254902,1,51
"UMass-gbqr_2src_nihflu_otid10",2023-10-21,0.864815838822432,0.806678449028848,6.14524708489891,0.290048299719372,0.92150925224807,0.874115485895752,9.03440443380461,0.435422137208807,0.313725490196078,0.901960784313726,51
"UMass-gbqr_2src_nihflu_otid10",2023-10-28,1.68312672269004,1.24170627674582,13.5807372037551,0.498209681382345,2.10377381647722,1.69753185620858,22.8321232692336,0.807324360644873,0.254901960784314,0.843137254901961,102
"UMass-gbqr_2src_nihflu_otid10",2023-11-04,1.93222904249224,1.32288966471258,20.5634844154763,0.559151743980385,2.2364844605952,1.64392979458577,34.8043706321388,0.910712531968211,0.281045751633987,0.862745098039216,153
"UMass-gbqr_2src_nihflu_otid10",2023-11-11,1.5806471705467,0.960866552735234,25.0634934201057,0.466170955628669,1.80341493983653,1.17742367732824,45.7307108130619,0.808806457503819,0.308823529411765,0.975490196078431,204
"UMass-gbqr_2src_nihflu_otid10",2023-11-18,1.20741131877043,0.861655990026767,25.6664192854399,0.434406043440084,1.43089668942768,1.02158214411618,47.6193996818265,0.772686449593965,0.318627450980392,0.955882352941177,204
"UMass-gbqr_2src_nihflu_otid10",2023-11-25,1.2583399322795,0.729320396121797,30.8210976020444,0.36984266906761,1.47635893941833,0.877039051024718,57.5924727445642,0.673037175885694,0.480392156862745,0.985294117647059,204
"UMass-gbqr_2src_nihflu_otid10",2023-12-02,0.937224498827024,0.512661414209363,34.3386643043328,0.282320803183004,1.07163823216228,0.580291815014793,60.9783166614693,0.492192807889096,0.681372549019608,0.990196078431373,204
"UMass-gbqr_2src_nihflu_otid10",2023-12-09,0.825584351029193,0.458221117168415,37.4656840204422,0.242074872480256,0.952088023423181,0.49698073139938,64.9846746967861,0.398843401035165,0.691176470588235,0.990196078431373,204
"UMass-gbqr_2src_nihflu_otid10",2023-12-16,0.538499011798363,0.399680779460316,38.9209141353285,0.235859165687171,0.614896040366283,0.429852587357433,62.0231167775344,0.374031142566163,0.661764705882353,0.950980392156863,204
"UMass-gbqr_2src_nihflu_otid10",2023-12-23,0.531937264190372,0.470518617371906,74.6026900428445,0.343384981714828,0.616970620137801,0.528082661934606,108.635218996813,0.528355861314892,0.299019607843137,0.686274509803922,204
"UMass-gbqr_2src_nihflu_otid10",2023-12-30,0.736948615928716,0.658780069886096,147.316496776629,0.510928481269192,0.809608095987904,0.699089119239175,193.484428939697,0.70641465225118,0.0735294117647059,0.264705882352941,204
"UMass-gbqr_2src_nihflu_otid10",2024-01-06,0.84909193826296,0.793154149312231,94.8633053900617,0.365912180867071,0.882672896778964,0.799725011971948,127.550560412486,0.498952878285209,0.294117647058824,0.563725490196078,204
"UMass-gbqr_2src_nihflu_otid10",2024-01-13,0.742024426752977,0.860278244521353,49.2199534784473,0.217870689114788,0.774063949071688,0.908649852808559,71.7754591207845,0.321971662530202,0.446078431372549,0.877450980392157,204
"UMass-gbqr_2src_nihflu_otid10",2024-01-20,0.479396280035911,0.619162237761288,35.5566091730159,0.180256789055325,0.554448993079747,0.718629423572142,56.3825703992126,0.284812328445992,0.558823529411765,0.955882352941177,204
"UMass-gbqr_2src_nihflu_otid10",2024-01-27,0.638565104246567,0.784051922311661,48.3920326925422,0.209643946064694,0.719508952857002,0.885801080560489,75.1005104567851,0.326034673047184,0.519607843137255,0.877450980392157,204
"UMass-gbqr_2src_nihflu_otid10",2024-02-03,0.837290221389033,0.958098622953903,55.167688148292,0.268215249426951,0.899918603157694,1.08264293521068,83.432159517262,0.415655762166823,0.338235294117647,0.794117647058823,204
"UMass-gbqr_2src_nihflu_otid10",2024-02-10,1.32697231202521,1.39236800308576,64.1816237662549,0.32988794275445,1.33355749304952,1.47906340708723,95.5716203352157,0.50743335561045,0.220588235294118,0.720588235294118,204
"UMass-gbqr_2src_nihflu_otid10",2024-02-17,1.49708502544432,1.62497628654293,56.693547328766,0.343665958078693,1.4895791154446,1.72707632803948,85.5266675451105,0.537660379411871,0.181372549019608,0.686274509803922,204
"UMass-gbqr_2src_nihflu_otid10",2024-02-24,1.31564825506404,1.36774620332574,51.4717525981237,0.303021047859864,1.32741095368034,1.48577998106011,76.2740745051028,0.470996387427915,0.279411764705882,0.686274509803922,204
"UMass-gbqr_2src_nihflu_otid10",2024-03-02,1.31959763206392,1.3662196501296,44.3445486018618,0.266280713448386,1.31075699351527,1.49411593575353,64.2463685203881,0.402953389950714,0.303921568627451,0.740196078431373,204
"UMass-gbqr_2src_nihflu_otid10",2024-03-09,0.904293436400485,0.948786669346156,24.4486255240404,0.174558502855728,0.930072504787209,1.03581203809727,37.540279433421,0.266575175601675,0.5,0.877450980392157,204
"UMass-gbqr_2src_nihflu_otid10",2024-03-16,0.576728532442925,0.692457266975122,22.0761496932317,0.161391746945698,0.651583806580052,0.77034949682658,37.204157740414,0.257620943822564,0.436274509803922,0.980392156862745,204
"UMass-gbqr_2src_nihflu_otid10",2024-03-23,0.60029576592567,0.665911892341468,25.6654893710418,0.193340319897524,0.697878118523314,0.781020887315992,44.3597331514305,0.321504181248046,0.397058823529412,0.980392156862745,204
"UMass-gbqr_2src_nihflu_otid10",2024-03-30,0.616681835554452,0.646182547566413,21.3958044345094,0.170910027444855,0.707055806789155,0.740995723658458,37.1828171335003,0.28318381483328,0.519607843137255,0.985294117647059,204
"UMass-gbqr_2src_nihflu_otid10",2024-04-06,0.627669954821333,0.670791211581312,16.1436687559195,0.174145435554877,0.70776364073566,0.76466136292287,28.1509518672998,0.290421081886591,0.446078431372549,0.975490196078431,204
"UMass-gbqr_2src_nihflu_otid10",2024-04-13,0.509944220323483,0.635379772897766,12.1827530855661,0.211441773310855,0.518843537839982,0.662098323427908,19.021719703457,0.328443307184038,0.5,0.936274509803922,204
"UMass-gbqr_2src_nihflu_otid10",2024-04-20,0.421428969326487,0.58037911161678,11.255178768844,0.216273036275127,0.418004949203728,0.586260353195141,17.5910416123236,0.337992019705323,0.42156862745098,0.950980392156863,204
"UMass-gbqr_2src_nihflu_otid10",2024-04-27,0.439581512746772,0.603456878363969,11.0798920878934,0.256108776788844,0.437113373165316,0.614827763240219,17.3602575950264,0.397194261363815,0.308823529411765,0.926470588235294,204
"UMass-gbqr_2src_nihflu_otid10",2024-05-04,0.441634248866858,0.637612215426339,11.0895565485383,0.364637166176511,0.422412178838373,0.596662113789753,17.3023341488894,0.543278156320506,0.323529411764706,0.813725490196078,204
"UMass-gbqr_2src_nihflu_otid10",2024-05-11,0.569870356730708,0.95143872499617,15.1796520623522,0.883027927551055,0.479306752655867,0.729764686687192,21.3557786461114,1.14080040540214,0.189542483660131,0.529411764705882,153
"UMass-gbqr_2src_nihflu_otid10",2024-05-18,0.553696743184286,0.936462370125903,12.2524946196603,0.862945755603785,0.467983681243432,0.688077721823027,17.4825332350225,1.12995269044907,0.204081632653061,0.489795918367347,98
"UMass-gbqr_2src_nihflu_otid10",2024-05-25,0.514945886147781,0.894500446659692,10.327554840189,0.760412915208663,0.44830616795649,0.65831187835686,15.0868749175562,1.04831954961109,0.326530612244898,0.530612244897959,49
"UMass-gbqr_2src_nihflu_otid10",2024-11-30,0.748551240374044,0.642980255725918,20.57287470161,0.256595293673406,0.756572920538366,0.660028105400464,28.3343976123192,0.38575979155895,0.529411764705882,0.96078431372549,51
"UMass-gbqr_2src_nihflu_otid10",2024-12-07,0.499203049963306,0.483874513906342,20.0656857659697,0.234992313121266,0.480382818878817,0.491115836038792,28.5592295458936,0.35316512841171,0.529411764705882,0.950980392156863,102
"UMass-gbqr_2src_nihflu_otid10",2024-12-14,0.401401598288858,0.341943488845856,27.7944941751205,0.234449861174703,0.407322891271778,0.340619174675261,41.714656100245,0.354150349574035,0.444444444444444,0.96078431372549,153
"UMass-gbqr_2src_nihflu_otid10",2024-12-21,0.402094016108926,0.291726429845278,63.0989299864614,0.267619550096182,0.492119648369315,0.301530975857845,101.072691310674,0.408531973715683,0.416666666666667,0.936274509803922,204
"UMass-gbqr_2src_nihflu_otid10",2024-12-28,0.465638220596779,0.331676059843667,160.619659366097,0.404152426295226,0.61749309672628,0.387921665277113,247.157665818583,0.629278384059441,0.166666666666667,0.67156862745098,204
"UMass-gbqr_2src_nihflu_otid10",2025-01-04,0.47411611203228,0.357827381338666,212.011131345049,0.428400657421565,0.620305014160663,0.422082836088945,312.204986906598,0.637260607399554,0.17156862745098,0.549019607843137,204
"UMass-gbqr_2src_nihflu_otid10",2025-01-11,0.495117510232112,0.355807850064452,111.563574958261,0.224442366220984,0.647381208984312,0.417976629364382,177.582377811535,0.348854072865376,0.470588235294118,0.92156862745098,204
"UMass-gbqr_2src_nihflu_otid10",2025-01-18,0.565430405400395,0.465551673482554,110.527171069143,0.197870048569332,0.733602109876562,0.563015884766791,179.18231533735,0.316583758081329,0.450980392156863,0.955882352941177,204
"UMass-gbqr_2src_nihflu_otid10",2025-01-25,0.632611128226909,0.607058020270519,164.914334373637,0.246557021584279,0.808831578649923,0.7401294637372,260.073714661841,0.386927808694969,0.274509803921569,0.888888888888889,153
"UMass-gbqr_2src_nihflu_otid10",2025-02-01,0.764064748772156,0.739770336261654,282.71340200636,0.342239396100613,0.940879566263848,0.875985158519675,408.815246311466,0.500972363443597,0.169934640522876,0.542483660130719,153
"UMass-gbqr_2src_nihflu_otid10",2025-02-08,0.847620045297516,0.82186658216146,280.056083705559,0.368306031796525,0.973001854281262,0.93190482200344,375.820376343827,0.508047653607535,0.222222222222222,0.503267973856209,153
"UMass-gbqr_2src_nihflu_otid10",2025-02-15,0.839402110390903,0.882092548887845,178.292435984546,0.253241005281913,0.951250407418269,1.00302071456836,249.532255566877,0.362274824887381,0.359477124183007,0.705882352941177,153
"UMass-gbqr_2src_nihflu_otid10",2025-02-22,0.757014274794533,0.871692318551342,152.106079594086,0.236522738016607,0.905505889202621,1.03135243719235,233.403020450693,0.363334242704578,0.397058823529412,0.818627450980392,204
"UMass-gbqr_2src_nihflu_otid10",2025-03-01,0.559043943338635,0.655769389204076,114.729926717796,0.179832052980419,0.724420031122382,0.819875023579611,192.905241915006,0.296023377719223,0.529411764705882,0.970588235294118,204
"UMass-gbqr_2src_nihflu_otid10",2025-03-08,0.430592604492919,0.559079806322919,94.477370466373,0.184997076715878,0.565796477551091,0.704543781242029,159.429798622889,0.301665803906847,0.549019607843137,0.995098039215686,204
"UMass-gbqr_2src_nihflu_otid10",2025-03-15,0.319116266479197,0.456431284694262,63.9452016863172,0.171610875768612,0.391417016705624,0.554926404274335,102.33060662726,0.271805560532789,0.61764705882353,0.995098039215686,204
"UMass-gbqr_2src_nihflu_otid10",2025-03-22,0.265277430006724,0.377528784868548,45.320290706588,0.158991637756001,0.278032691723128,0.412522076672361,64.5567377884775,0.235709504280255,0.71078431372549,1,204
"UMass-gbqr_2src_nihflu_otid10",2025-03-29,0.211068984026053,0.338496004972551,29.4689247769547,0.15988007782927,0.192726613688654,0.338905437130009,38.2212775000093,0.224187087166053,0.686274509803922,0.990196078431373,204
"UMass-gbqr_2src_nihflu_otid10",2025-04-05,0.20805531108975,0.363413655345249,22.3085014805417,0.192550967025642,0.197432349540482,0.366025798173321,31.7798336365726,0.282149019622358,0.622549019607843,0.985294117647059,204
"UMass-gbqr_2src_nihflu_otid10",2025-04-12,0.210906069687476,0.382608078138246,16.3963983857842,0.210936884617324,0.19961863365484,0.379565654518244,24.610824779671,0.316637511413796,0.588235294117647,0.985294117647059,204
"UMass-gbqr_2src_nihflu_otid10",2025-04-19,0.306513149383337,0.519952638700258,15.5159190392975,0.255874571657186,0.308918424875151,0.555540592026293,25.4115690579897,0.406019630737727,0.441176470588235,0.980392156862745,204
"UMass-gbqr_2src_nihflu_otid10",2025-04-26,0.401862347535335,0.620991238467297,16.3041492684961,0.325903566538848,0.409879777201409,0.676124787460964,26.8859702221787,0.517178867316262,0.392156862745098,0.954248366013072,153
"UMass-gbqr_2src_nihflu_otid10",2025-05-03,0.609361251375205,0.951699589589313,15.8605287646374,0.460797548103105,0.653371813659157,1.06672082447781,25.2594397241432,0.705738942603195,0.222222222222222,0.941176470588235,153
"UMass-gbqr_2src_nihflu_otid10",2025-05-10,1.01213108471817,1.73954800028593,17.9196298549865,0.813001850420581,1.22438257237138,2.23112224899284,26.2401990510181,1.29806211963531,0.104575163398693,0.901960784313726,153
"UMass-gbqr_2src_nihflu_otid10",2025-05-17,1.1545329715599,1.90646232502438,15.837541438739,0.86187500501396,1.50565890310553,2.20878972206867,20.7151110525303,1.14535156823995,0.163398692810458,0.88235294117647,153
"UMass-gbqr_2src_nihflu_otid10",2025-05-24,0.999988408713324,2.07736514419744,17.3878774495074,1.14629391272998,1.54119311935575,2.79440511105242,22.8257752186937,1.56794196444221,0.104575163398693,0.77124183006536,153
"UMass-gbqr_2src_nihflu_otid10",2025-05-31,1.02121424451723,1.80498256466576,18.5590671084469,1.09123320027479,2.01099678355034,2.84504764103983,24.1122457478634,1.48787039833403,0.0686274509803922,0.647058823529412,102
"UMass-gbqr_2src_nihflu_otid10",2025-06-07,0.709701809386499,1.25526089524962,13.7065684547337,0.831586187713922,1.75448167148137,2.48234225465461,19.2304951834919,1.30928772043874,0.176470588235294,0.725490196078431,51
"UMass-gbqr_2src_nihflu_otid10",2025-11-22,0.542755540764049,0.566950181321929,9.95062466999595,0.238710030115027,0.610108742661499,0.623271849819217,16.9394897962487,0.386831688168472,0.352941176470588,0.92156862745098,51
"UMass-gbqr_2src_nihflu_otid10",2025-11-29,0.520410045465993,0.503861935996615,16.2371549992611,0.265529004157482,0.545472953395217,0.540229955278975,26.7442180385243,0.443974924409501,0.392156862745098,0.950980392156863,102
"UMass-gbqr_2src_nihflu_otid10",2025-12-06,0.50701134006742,0.379316477145861,25.9062724675085,0.235668870771839,0.502685464252576,0.39092319238179,39.7351503573245,0.381036100968429,0.464052287581699,0.954248366013072,153
"UMass-gbqr_2src_nihflu_otid10",2025-12-13,0.481833161755809,0.324503044000999,44.1125417253977,0.254703562851769,0.480249391979733,0.322656276762336,65.3515839282225,0.393058209348318,0.495098039215686,0.931372549019608,204
"UMass-gbqr_2src_nihflu_otid10",2025-12-20,0.454755717660002,0.336131379158718,102.502128726721,0.354596093866037,0.535511302334119,0.364242707497789,157.571575656411,0.552147285653209,0.230392156862745,0.803921568627451,204
"UMass-gbqr_2src_nihflu_otid10",2025-12-27,0.455227788262444,0.355992516151269,210.198481757728,0.466947702704547,0.604098608479294,0.421702903723714,326.873611273382,0.719877726192055,0.117647058823529,0.607843137254902,204
"UMass-gbqr_2src_nihflu_otid10",2026-01-03,0.376152830549567,0.297000965940082,158.660296286279,0.303389677277421,0.516022347260305,0.366320587221485,257.340850482976,0.477965771579887,0.377450980392157,0.857843137254902,204
"UMass-gbqr_2src_nihflu_otid10",2026-01-10,0.731117975589525,0.446140344774648,129.538166216978,0.20733853210209,0.869358291504951,0.522970061485192,206.817780612876,0.331769162022636,0.436274509803922,0.980392156862745,204
"UMass-gbqr_2src_nihflu_otid10",2026-01-17,1.25706835597847,1.09158105464079,237.498438896385,0.419657027339409,1.50689211184324,1.28713096537574,371.242077240281,0.645579089535025,0.156862745098039,0.720588235294118,204
"UMass-gbqr_2src_nihflu_otid10",2026-01-24,1.07445490191659,1.0420546840453,227.401919979397,0.467232077687908,1.27079052559047,1.20432746517195,348.308732587576,0.695597820077646,0.21078431372549,0.686274509803922,204
"UMass-gbqr_2src_nihflu_otid10",2026-01-31,0.910143190551278,0.876511848963974,159.810370741451,0.420491291735928,1.06291008501626,1.01950145297107,246.480512165585,0.635587796822791,0.274509803921569,0.794117647058823,204
"UMass-gbqr_2src_nihflu_otid10",2026-02-07,0.909165067782172,0.826932024959785,98.2569741599755,0.308942374937368,0.997210268388037,0.934450418776178,156.571788708181,0.48475321124587,0.406862745098039,0.926470588235294,204
"UMass-gbqr_2src_nihflu_otid10",2026-02-14,0.882371574908275,0.808941955622954,73.1825782505872,0.257834599919577,0.944537280655881,0.897323433209443,116.460520687928,0.410003106362576,0.465686274509804,0.936274509803922,204
"UMass-gbqr_2src_nihflu_otid10",2026-02-21,0.970674849938687,0.815083528904173,41.1755492446072,0.186798815133434,0.955753417217167,0.897333193567269,59.0130884473894,0.271830993429943,0.637254901960784,0.985294117647059,204
"UMass-gbqr_2src_nihflu_otid10",2026-02-28,0.801596612805747,0.729157534079566,34.3332525187036,0.172723584653255,0.824223707411039,0.831828921829193,52.1685123043693,0.266572348790517,0.607843137254902,0.995098039215686,204
"UMass-gbqr_2src_nihflu_otid10",2026-03-07,0.68059119169092,0.70881423766397,33.6357566402796,0.199546991372576,0.737716380286008,0.800231075075328,54.2763978025132,0.304336644367568,0.598039215686274,0.970588235294118,204
"UMass-gbqr_2src_nihflu_otid10",2026-03-14,0.570963844537766,0.667695635672827,31.1723442467822,0.205911903914662,0.603990785336313,0.751388165704192,49.8529257033963,0.314372172497093,0.529411764705882,0.980392156862745,204
"UMass-gbqr_2src_nihflu_otid10",2026-03-21,0.456395953232804,0.599259228642149,22.5137429320555,0.20844841587786,0.441339445661906,0.649315338655475,34.1453944651071,0.31927029621363,0.480392156862745,0.975490196078431,204
"UMass-gbqr_2src_nihflu_otid10",2026-03-28,0.41852106755021,0.628133429966409,22.7554721165678,0.375370314188504,0.393554253527582,0.625438506134358,35.0899917520255,0.57945416742792,0.279411764705882,0.88235294117647,204
"UMass-gbqr_2src_nihflu_otid10",2026-04-04,0.355795107943384,0.568374262554831,14.2057976062647,0.298192876032649,0.330810410021935,0.574352903065899,21.6502440402101,0.457947592460971,0.411764705882353,0.931372549019608,204
"UMass-gbqr_2src_nihflu_otid10",2026-04-11,0.313569669649936,0.547665219976719,9.08106117144388,0.275065227381106,0.302832390339233,0.579206120904901,13.8501284405149,0.423431624307075,0.529411764705882,0.980392156862745,204
"UMass-gbqr_2src_nihflu_otid10",2026-04-18,0.380122323431406,0.653844967925646,7.75891881634241,0.319178799659746,0.417397906752802,0.71707813747151,11.5827919123902,0.467582622405312,0.46078431372549,0.970588235294118,204
"UMass-gbqr_2src_nihflu_otid10",2026-04-25,0.658478360189641,0.945239051108397,10.039821803262,0.45607498697261,1.05913519159424,1.412501193519,15.3107337255461,0.701143344795783,0.32843137254902,0.906862745098039,204
"UMass-gbqr_2src_nihflu_otid10",2026-05-02,0.598816709973473,0.855814752925667,8.70425267212286,0.442789801037805,1.01505095468808,1.17531503348355,12.8622878326896,0.670438522762465,0.343137254901961,0.92156862745098,204
"UMass-gbqr_2src_nihflu_otid10",2026-05-09,0.556774721309587,0.770201490274637,7.35691643646325,0.389180962466095,1.18196091703236,1.2700958234375,11.0432230777632,0.609870830069439,0.367647058823529,0.931372549019608,204
"UMass-gbqr_2src_nihflu_otid10",2026-05-16,0.41286110188153,0.677721518818064,5.20964364182586,0.340521051549097,0.944502458819084,1.10040484852514,7.68102734892579,0.503741389319535,0.436274509803922,0.936274509803922,204
"UMass-gbqr_2src_nihflu_otid10",2026-05-23,0.38145883352684,0.586359364372334,4.69928665362568,0.299067997413539,0.857709333243583,0.907466365105063,6.75656322805117,0.440481982754303,0.446078431372549,0.936274509803922,204
"UMass-gbqr_2src_nihflu_otid10",2026-05-30,0.335822500254952,0.592276513359281,4.04951332897481,0.316143134282112,0.771572279733218,0.848393444995774,6.05154729202524,0.477492252433662,0.470588235294118,0.931372549019608,204
"UMass-gbqr_2src_nihflu_otid10",2026-06-06,0.310136629968509,0.584890798913923,4.20194681003421,0.352637381271,0.892329467607936,0.868299626147713,6.38044730433387,0.557847477912874,0.294117647058824,0.954248366013072,153
"UMass-gbqr_2src_nihflu_otid10",2026-06-13,0.240036711873579,0.50025605774583,3.58787968645901,0.324872310981829,0.885151890853394,0.850565456153632,5.64935177397607,0.503967360848929,0.372549019607843,0.941176470588235,102
"UMass-gbqr_2src_nihflu_otid10",2026-06-20,0.221649216503313,0.535297144384113,3.60154467317263,0.368951303743936,0.899394087242952,0.85992180392872,5.6961625525387,0.595139221356156,0.352941176470588,0.941176470588235,51
"UMass-gbqr_2src_nihflu_otid50",2023-10-21,0.822990679615706,0.779387194629998,5.8480439970825,0.280235490234843,0.90016287436145,0.855128512247817,8.8251262192299,0.425964177959362,0.333333333333333,0.92156862745098,51
"UMass-gbqr_2src_nihflu_otid50",2023-10-28,1.74957455417062,1.27948049392309,14.1168884780067,0.513365826645356,2.26649677654655,1.76272919548748,24.5981451932344,0.838331378307945,0.176470588235294,0.872549019607843,102
"UMass-gbqr_2src_nihflu_otid50",2023-11-04,2.04155595427019,1.34895848919801,21.7269811837674,0.57017037165839,2.29276793107757,1.67329843747561,35.6802590193134,0.926982321112957,0.150326797385621,0.88235294117647,153
"UMass-gbqr_2src_nihflu_otid50",2023-11-11,1.45623685222311,0.914264306220392,23.0907842331351,0.443561558173398,1.5825595101572,1.10841155227398,40.1302937581407,0.761400028140514,0.279411764705882,0.970588235294118,204
"UMass-gbqr_2src_nihflu_otid50",2023-11-18,1.10087569881044,0.817801113316248,23.4017495343629,0.41229649659323,1.12868090724196,0.911432719140336,37.5618363172667,0.689373552437728,0.343137254901961,0.96078431372549,204
"UMass-gbqr_2src_nihflu_otid50",2023-11-25,1.08655437758693,0.667161205619006,26.6134751528309,0.338321377403644,1.15507325005129,0.736792291462447,45.0591809995497,0.565412227062006,0.480392156862745,0.980392156862745,204
"UMass-gbqr_2src_nihflu_otid50",2023-12-02,0.869445732570117,0.503859189155581,31.8553400801254,0.277473449397243,0.905760052770873,0.521077762246791,51.5395230027662,0.441968541159377,0.661764705882353,0.985294117647059,204
"UMass-gbqr_2src_nihflu_otid50",2023-12-09,0.78986070421033,0.442908140174584,35.8445161021006,0.233985138475893,0.795304659781185,0.445678587221005,54.2834415823197,0.357671741106048,0.715686274509804,0.995098039215686,204
"UMass-gbqr_2src_nihflu_otid50",2023-12-16,0.513608420477128,0.38244759778266,37.1219051374177,0.22568954017224,0.509193977025895,0.374074154580523,51.3611983591267,0.325496199295601,0.735294117647059,0.936274509803922,204
"UMass-gbqr_2src_nihflu_otid50",2023-12-23,0.464647722531335,0.411034659955728,65.1655229980524,0.2999735270443,0.570429040224043,0.467594079640007,100.440250611998,0.467835985731593,0.416666666666667,0.754901960784314,204
"UMass-gbqr_2src_nihflu_otid50",2023-12-30,0.650084663375536,0.58019527207326,129.95233744487,0.449980657810749,0.754866962191592,0.631667281076793,180.402102979053,0.638286322044228,0.132352941176471,0.367647058823529,204
"UMass-gbqr_2src_nihflu_otid50",2024-01-06,0.803653896686264,0.759462026405906,89.7868200058823,0.350368722913299,0.877623241325736,0.778035527602077,126.820860446281,0.485420688478885,0.269607843137255,0.558823529411765,204
"UMass-gbqr_2src_nihflu_otid50",2024-01-13,0.730804579731214,0.837465096544402,48.4757187490557,0.212093120866062,0.764722337160061,0.856211779166344,70.9092535770574,0.30339071663748,0.46078431372549,0.769607843137255,204
"UMass-gbqr_2src_nihflu_otid50",2024-01-20,0.512030630758698,0.644690048985827,37.9770844720282,0.18768870431486,0.59576651344066,0.716893871477739,60.5841976535613,0.284124482086057,0.553921568627451,0.92156862745098,204
"UMass-gbqr_2src_nihflu_otid50",2024-01-27,0.670474243635191,0.807725877020184,50.8101856830773,0.215974013172264,0.730333944526867,0.854903189847528,76.2303954941695,0.314662160733162,0.46078431372549,0.877450980392157,204
"UMass-gbqr_2src_nihflu_otid50",2024-02-03,0.84263168004719,0.97641277629541,55.5196281542571,0.27334221140023,0.91121758225507,1.0987767946525,84.4796967313242,0.421849985049437,0.377450980392157,0.843137254901961,204
"UMass-gbqr_2src_nihflu_otid50",2024-02-10,1.21278213078726,1.30840911643944,58.6585912330223,0.309995913973032,1.2682864718797,1.46044197471501,90.8938638180452,0.501044761403042,0.303921568627451,0.794117647058823,204
"UMass-gbqr_2src_nihflu_otid50",2024-02-17,1.32409008282808,1.44967337099379,50.1423516383672,0.3065911743264,1.37506113817748,1.61554324023188,78.9514270170235,0.502938739531783,0.294117647058824,0.745098039215686,204
"UMass-gbqr_2src_nihflu_otid50",2024-02-24,1.21356297871278,1.26138963237884,47.4778978059798,0.279457992450354,1.25861608884844,1.40802790774785,72.3210676151047,0.446348763882081,0.28921568627451,0.720588235294118,204
"UMass-gbqr_2src_nihflu_otid50",2024-03-02,1.28685093826126,1.31086575732403,43.2441091045498,0.255492057270724,1.33095574956857,1.44810151237691,65.2364046075299,0.390543598017875,0.259803921568627,0.759803921568627,204
"UMass-gbqr_2src_nihflu_otid50",2024-03-09,0.928399022316152,0.983101975169358,25.1003480947975,0.180871859275104,0.981966672796397,1.05982806545778,39.6348705088507,0.272755907699214,0.470588235294118,0.892156862745098,204
"UMass-gbqr_2src_nihflu_otid50",2024-03-16,0.525500238307259,0.66937516040632,20.1152210652038,0.156011975976439,0.551923451600112,0.733479653177545,31.5137468835201,0.245290898877272,0.475490196078431,0.990196078431373,204
"UMass-gbqr_2src_nihflu_otid50",2024-03-23,0.554984758077111,0.633098439023801,23.7282290131662,0.183813288417319,0.599504332563688,0.698859798986424,38.1067288252615,0.287682891878151,0.450980392156863,0.975490196078431,204
"UMass-gbqr_2src_nihflu_otid50",2024-03-30,0.595304823689443,0.610974404178255,20.654128032047,0.161597759920121,0.633233001809394,0.663152963027419,33.3006060951529,0.25343491182502,0.53921568627451,0.990196078431373,204
"UMass-gbqr_2src_nihflu_otid50",2024-04-06,0.648681966571596,0.673901659999103,16.6840976150455,0.174952945231711,0.671117335588322,0.733705488504242,26.6933630439394,0.278663931629857,0.504901960784314,0.990196078431373,204
"UMass-gbqr_2src_nihflu_otid50",2024-04-13,0.547361407874016,0.640921880070946,13.0766633191114,0.213286076542655,0.518827007326611,0.65258477879953,19.0211136656653,0.323723977818258,0.509803921568627,0.980392156862745,204
"UMass-gbqr_2src_nihflu_otid50",2024-04-20,0.420993333777299,0.581454531442133,11.2435441724089,0.216673781764143,0.3864025459589,0.571918494377032,16.261107142437,0.329723621881996,0.519607843137255,0.980392156862745,204
"UMass-gbqr_2src_nihflu_otid50",2024-04-27,0.396542182299646,0.553668789924919,9.99506225983815,0.234978573644338,0.3852244227656,0.572274057239978,15.2994523198377,0.369703492674414,0.480392156862745,0.96078431372549,204
"UMass-gbqr_2src_nihflu_otid50",2024-05-04,0.359187681111704,0.548754920033077,9.01930072553647,0.313821526823298,0.350877932995448,0.543131529275071,14.3722353338723,0.494537006866289,0.401960784313726,0.911764705882353,204
"UMass-gbqr_2src_nihflu_otid50",2024-05-11,0.475247320671939,0.867090997896636,12.6591756987531,0.804745010640517,0.428626849050689,0.710085565467567,19.0977073854807,1.1100371335217,0.254901960784314,0.61437908496732,153
"UMass-gbqr_2src_nihflu_otid50",2024-05-18,0.494436881024969,0.870826146332543,10.9411610219707,0.802462278057617,0.413571601487933,0.657464239347241,15.4498533984421,1.07967960967575,0.244897959183673,0.571428571428571,98
"UMass-gbqr_2src_nihflu_otid50",2024-05-25,0.468708540044544,0.885542310285168,9.40023657162639,0.752797622649754,0.384308945433422,0.627500309340774,12.93317246979,0.999254097177854,0.285714285714286,0.591836734693878,49
"UMass-gbqr_2src_nihflu_otid50",2024-11-30,0.741255582510941,0.640112865453433,20.3723638387752,0.255450999050838,0.771504136859277,0.663936927858813,28.8935863019847,0.388044340541692,0.509803921568627,0.96078431372549,51
"UMass-gbqr_2src_nihflu_otid50",2024-12-07,0.497039950184275,0.487762943695402,19.978739020653,0.23688071824342,0.472643244386029,0.482051610061469,28.0991042544792,0.346646974655859,0.598039215686274,0.950980392156863,102
"UMass-gbqr_2src_nihflu_otid50",2024-12-14,0.402888848895886,0.341699361114071,27.8974767703822,0.234282477631243,0.408372817845339,0.347732721751636,41.822180933455,0.361546483940843,0.516339869281046,0.980392156862745,153
"UMass-gbqr_2src_nihflu_otid50",2024-12-21,0.38713698790997,0.282563341526311,60.7517861909271,0.259213655660377,0.49580841720877,0.30175113260149,101.830299334378,0.40883025507385,0.446078431372549,0.96078431372549,204
"UMass-gbqr_2src_nihflu_otid50",2024-12-28,0.432542673849726,0.309544158765173,149.203510068401,0.377184361359772,0.605712682819287,0.377133806381612,242.442439658055,0.611778545765097,0.215686274509804,0.808823529411765,204
"UMass-gbqr_2src_nihflu_otid50",2025-01-04,0.426441902835278,0.324061503750112,190.692591916992,0.387975231890303,0.596973158851223,0.401666390555981,300.461858260046,0.606435860764902,0.220588235294118,0.735294117647059,204
"UMass-gbqr_2src_nihflu_otid50",2025-01-11,0.500624021953524,0.348016031788366,112.804343302128,0.219527314091775,0.638938865617878,0.407611035912479,175.266568534857,0.340202681281922,0.470588235294118,0.965686274509804,204
"UMass-gbqr_2src_nihflu_otid50",2025-01-18,0.584835458808318,0.475321883159004,114.320362303888,0.20202260987096,0.750330425285886,0.575176686923804,183.268206376077,0.323421775537525,0.470588235294118,0.970588235294118,204
"UMass-gbqr_2src_nihflu_otid50",2025-01-25,0.624309031451489,0.603269435093418,162.750074684654,0.24501828517673,0.81217863167108,0.737001397435035,261.149934403206,0.385292505820201,0.34640522875817,0.862745098039216,153
"UMass-gbqr_2src_nihflu_otid50",2025-02-01,0.75307747189308,0.720110638398402,278.647973742249,0.333144244815903,0.941507576452236,0.860805432609228,409.088118790642,0.492291139690179,0.196078431372549,0.529411764705882,153
"UMass-gbqr_2src_nihflu_otid50",2025-02-08,0.830580472097679,0.797193171470147,274.42616005659,0.35724904739073,0.952822801027921,0.898618035239191,368.026249997033,0.489900656712128,0.22875816993464,0.503267973856209,153
"UMass-gbqr_2src_nihflu_otid50",2025-02-15,0.832099137873353,0.854514479953139,176.741254799791,0.245323584474353,0.942509682715724,0.977781896045845,247.239386377749,0.353158972714237,0.34640522875817,0.712418300653595,153
"UMass-gbqr_2src_nihflu_otid50",2025-02-22,0.764937255589074,0.853410039711178,153.69803576649,0.231562071785608,0.902211914142741,1.00996787541301,232.553966085136,0.355800694249681,0.348039215686274,0.838235294117647,204
"UMass-gbqr_2src_nihflu_otid50",2025-03-01,0.586710099618606,0.676335358863818,120.40772024438,0.185471871804431,0.742364627010728,0.839687638583989,197.68369427992,0.303176903618134,0.446078431372549,0.975490196078431,204
"UMass-gbqr_2src_nihflu_otid50",2025-03-08,0.458852529114507,0.579958999236718,100.677949250047,0.19190591085647,0.602489899269639,0.73049771883354,169.769249410376,0.312778549000259,0.529411764705882,0.990196078431373,204
"UMass-gbqr_2src_nihflu_otid50",2025-03-15,0.354286236660931,0.482351993453119,70.9926357183878,0.181356648417895,0.43106350609047,0.585445186968182,112.695637109427,0.286753803710597,0.583333333333333,0.995098039215686,204
"UMass-gbqr_2src_nihflu_otid50",2025-03-22,0.28447373876924,0.394004646260199,48.5998094111705,0.165930245594901,0.28920253842456,0.421524299896916,67.1502776350791,0.240853252199873,0.63235294117647,1,204
"UMass-gbqr_2src_nihflu_otid50",2025-03-29,0.223209126949875,0.346297470206322,31.1639012333698,0.163564903796001,0.204408034545088,0.347223019894496,40.5379208509345,0.229689196155581,0.656862745098039,0.995098039215686,204
"UMass-gbqr_2src_nihflu_otid50",2025-04-05,0.20926822916829,0.362431603137166,22.4385552850284,0.192030636819127,0.198512571464362,0.370130788156697,31.9537122998787,0.285313329092208,0.607843137254902,0.990196078431373,204
"UMass-gbqr_2src_nihflu_otid50",2025-04-12,0.202609927584875,0.369468342440263,15.7514342499445,0.203692774858026,0.193238173911113,0.364715818285109,23.8241829021491,0.304249627700423,0.573529411764706,0.990196078431373,204
"UMass-gbqr_2src_nihflu_otid50",2025-04-19,0.285089805493283,0.473915832721529,14.4314537561021,0.233219338981152,0.288919201129807,0.499203455376905,23.7664368341142,0.364845351580602,0.509803921568627,0.990196078431373,204
"UMass-gbqr_2src_nihflu_otid50",2025-04-26,0.368811620142124,0.546671938930397,14.9632324193406,0.286899916758658,0.372336304361067,0.577999636658039,24.4233147095926,0.442121340527356,0.470588235294118,0.967320261437909,153
"UMass-gbqr_2src_nihflu_otid50",2025-05-03,0.560636689871232,0.852072405349051,14.5923199516647,0.412559676904548,0.621288654130811,0.967578401674307,24.0191005829003,0.640146646070768,0.30718954248366,0.954248366013072,153
"UMass-gbqr_2src_nihflu_otid50",2025-05-10,1.21718239020421,2.17976554050266,21.5500326269899,1.01874361478981,1.43694239984848,2.78341780647245,30.7956479026352,1.61938648558199,0.0915032679738562,0.699346405228758,153
"UMass-gbqr_2src_nihflu_otid50",2025-05-17,1.44431965132563,2.66551932499731,19.8127493039448,1.20503009760106,1.8231309296133,3.17462070615261,25.0829451427189,1.64617607915774,0.104575163398693,0.464052287581699,153
"UMass-gbqr_2src_nihflu_otid50",2025-05-24,1.25773252076949,2.87346493337624,21.8695524316516,1.58558324268253,1.85131015523874,3.80768872166322,27.4187504037319,2.13649585402475,0.0392156862745098,0.359477124183007,153
"UMass-gbqr_2src_nihflu_otid50",2025-05-31,1.27466500156667,2.57004236667436,23.1651618961191,1.55376323934031,2.33094860271973,3.88397313661326,27.9485307953552,2.03119574327387,0.0392156862745098,0.303921568627451,102
"UMass-gbqr_2src_nihflu_otid50",2025-06-07,0.926653782074205,1.88374304779368,17.8965916809731,1.24794351969025,2.05569699365208,3.30711833492997,22.5320513617944,1.74430798889336,0.0588235294117647,0.411764705882353,51
"UMass-gbqr_2src_nihflu_otid50",2025-11-22,0.559360226738726,0.584999075224484,10.2550471686858,0.246309378609768,0.619704645139136,0.643855693928743,17.205917206216,0.399606985445566,0.333333333333333,0.92156862745098,51
"UMass-gbqr_2src_nihflu_otid50",2025-11-29,0.531545899102059,0.520659360985973,16.5846013698937,0.27438103923136,0.549616993600286,0.550961135084291,26.9473978921081,0.452794085021262,0.401960784313726,0.950980392156863,102
"UMass-gbqr_2src_nihflu_otid50",2025-12-06,0.513180325372704,0.396048334819141,26.2214831966127,0.246064353808714,0.506393211469305,0.403024042288355,40.0282320229398,0.392830900449904,0.464052287581699,0.973856209150327,153
"UMass-gbqr_2src_nihflu_otid50",2025-12-13,0.488973528690015,0.342919814932439,44.766252925291,0.269158950125265,0.497482971228145,0.346582173777505,67.6967023592809,0.422204613479058,0.450980392156863,0.965686274509804,204
"UMass-gbqr_2src_nihflu_otid50",2025-12-20,0.459400278108494,0.351223792584612,103.549014591994,0.370517579272212,0.558206852744601,0.388499801784746,164.249630111997,0.588918066488837,0.215686274509804,0.838235294117647,204
"UMass-gbqr_2src_nihflu_otid50",2025-12-27,0.452453077812676,0.364166238855917,208.91727718521,0.477668998423745,0.610964498900954,0.435647337453892,330.588697461686,0.743681895331222,0.122549019607843,0.651960784313726,204
"UMass-gbqr_2src_nihflu_otid50",2026-01-03,0.372923840684747,0.302345466544104,157.298316667758,0.308849142058389,0.512885256274371,0.374214207515068,255.776380132712,0.488265166278935,0.362745098039216,0.872549019607843,204
"UMass-gbqr_2src_nihflu_otid50",2026-01-10,0.832486142078317,0.487078043962687,147.498395397703,0.226363851279562,0.999522583909335,0.577520227264399,237.783482939725,0.366375469575627,0.382352941176471,0.970588235294118,204
"UMass-gbqr_2src_nihflu_otid50",2026-01-17,1.36994366576836,1.15579001633584,258.824017364374,0.444342085658196,1.63598050303337,1.35709670468346,403.044647654171,0.680671414633222,0.127450980392157,0.730392156862745,204
"UMass-gbqr_2src_nihflu_otid50",2026-01-24,1.14558930927096,1.08637067798928,242.45708961018,0.487102295865774,1.35581693142781,1.2543322075485,371.613470116934,0.724479657282701,0.215686274509804,0.676470588235294,204
"UMass-gbqr_2src_nihflu_otid50",2026-01-31,0.940084943713066,0.892053495873104,165.06778817105,0.42794712612339,1.11958563486201,1.05257642112279,259.623127660697,0.656207724412174,0.274509803921569,0.808823529411765,204
"UMass-gbqr_2src_nihflu_otid50",2026-02-07,0.929195322998826,0.838822778946116,100.421721067863,0.313384768828827,1.02064077357216,0.956900222625706,160.250607732923,0.496399216522588,0.377450980392157,0.931372549019608,204
"UMass-gbqr_2src_nihflu_otid50",2026-02-14,0.86764459431983,0.809531588698694,71.961144514555,0.258022534056416,0.910148544755442,0.892102618744604,112.220423265851,0.407617622969292,0.416666666666667,0.96078431372549,204
"UMass-gbqr_2src_nihflu_otid50",2026-02-21,0.985714571140767,0.816773639718187,41.8135268135332,0.187186150524602,0.962680299379312,0.907788677171035,59.4407894655971,0.274998294623276,0.622549019607843,0.980392156862745,204
"UMass-gbqr_2src_nihflu_otid50",2026-02-28,0.913151683791887,0.795777557282218,39.111277226796,0.188504604089295,0.963575927823981,0.926355150830599,60.9886881375649,0.296864730103497,0.514705882352941,0.995098039215686,204
"UMass-gbqr_2src_nihflu_otid50",2026-03-07,0.735077207882117,0.740087386189002,36.3285308096781,0.208351079054963,0.804193323242873,0.858203856977805,59.1673411203543,0.326384328415818,0.5,0.975490196078431,204
"UMass-gbqr_2src_nihflu_otid50",2026-03-14,0.570640337867282,0.673841344829883,31.1546820753594,0.207807190637871,0.608000547887091,0.762029580317509,50.1838883594257,0.318824418064863,0.524509803921569,0.980392156862745,204
"UMass-gbqr_2src_nihflu_otid50",2026-03-21,0.44903841979322,0.596713122316921,22.1508001511227,0.207562769391693,0.426157177102435,0.637873390548364,32.9707780696457,0.313644256069587,0.470588235294118,0.965686274509804,204
"UMass-gbqr_2src_nihflu_otid50",2026-03-28,0.405712479924527,0.616959936381193,22.0590544660182,0.36869307397556,0.370877215317367,0.609309012865516,33.0680670069,0.564510568654481,0.269607843137255,0.955882352941177,204
"UMass-gbqr_2src_nihflu_otid50",2026-04-04,0.344658707709946,0.565766414950617,13.7611556079724,0.296824690263891,0.32081277369769,0.583534342518539,20.9959379492052,0.465268210273153,0.485294117647059,0.96078431372549,204
"UMass-gbqr_2src_nihflu_otid50",2026-04-11,0.322330925585884,0.587357510473449,9.33478947744311,0.29500070714596,0.313843599734653,0.623968913444296,14.3537293408054,0.456155694839798,0.558823529411765,0.975490196078431,204
"UMass-gbqr_2src_nihflu_otid50",2026-04-18,0.414922532321627,0.740915838490295,8.46924804177057,0.361683028208484,0.467208560032826,0.806633303454532,12.9650375409109,0.525978544930489,0.470588235294118,0.96078431372549,204
"UMass-gbqr_2src_nihflu_otid50",2026-04-25,0.718340867794411,1.1041983701337,10.9525456608466,0.532772378250117,1.16870489219775,1.69014428281393,16.8946604269175,0.838961001291138,0.308823529411765,0.911764705882353,204
"UMass-gbqr_2src_nihflu_otid50",2026-05-02,0.649773271296001,0.975974405965298,9.44494473643324,0.504959176688673,1.11841593856532,1.35547419655306,14.1720843195655,0.773207261108681,0.348039215686274,0.92156862745098,204
"UMass-gbqr_2src_nihflu_otid50",2026-05-09,0.644001514407235,0.953130789337,8.50948353996012,0.481614697756522,1.40921978895674,1.59852389484043,13.1665339105468,0.767574443315328,0.382352941176471,0.911764705882353,204
"UMass-gbqr_2src_nihflu_otid50",2026-05-16,0.515235781622019,0.899894424337147,6.50144758500052,0.452151786758769,1.23552085812606,1.52374818214141,10.0476916844664,0.697538753372273,0.441176470588235,0.901960784313726,204
"UMass-gbqr_2src_nihflu_otid50",2026-05-23,0.483320817453132,0.763166972833127,5.95414987739995,0.389247332140203,1.1620950861135,1.19311994035973,9.15434707541367,0.579137538538415,0.455882352941176,0.92156862745098,204
"UMass-gbqr_2src_nihflu_otid50",2026-05-30,0.399439968517556,0.695482108314664,4.81664413614069,0.371231829391068,0.963781712720996,0.998654766520431,7.55907225663527,0.562062232661202,0.524509803921569,0.92156862745098,204
"UMass-gbqr_2src_nihflu_otid50",2026-06-06,0.35874464973207,0.64864707205667,4.86052207606554,0.391076770713277,1.00423473125274,0.909276582938482,7.18060650974179,0.584173519419641,0.496732026143791,0.947712418300654,153
"UMass-gbqr_2src_nihflu_otid50",2026-06-13,0.264190673593164,0.521097025232333,3.94891407959321,0.338406686359404,0.937886662652916,0.823080629658127,5.98592369987303,0.487682364353811,0.53921568627451,0.96078431372549,102
"UMass-gbqr_2src_nihflu_otid50",2026-06-20,0.254137939490451,0.574482663030414,4.1294490306002,0.395959757542189,1.04425481046597,0.879294078230077,6.61361379961779,0.608546487215602,0.509803921568627,0.941176470588235,51
"UMass-gbqr_2src_utseirs_otid10",2023-10-21,0.867679888452783,0.844805208041309,6.16559857691816,0.303757109764673,1.05417513669225,1.00422229892275,10.335050359728,0.500232093682222,0.274509803921569,0.862745098039216,51
"UMass-gbqr_2src_utseirs_otid10",2023-10-28,1.50177710962332,1.16945686749754,12.1174716017893,0.469221058359528,1.89237119285576,1.58378428904672,20.5377840564532,0.753227477809956,0.245098039215686,0.862745098039216,102
"UMass-gbqr_2src_utseirs_otid10",2023-11-04,1.76692568180007,1.20890036081799,18.8042659135978,0.510971370538872,1.75907254159527,1.39272965636349,27.3748437716427,0.771551410450351,0.287581699346405,0.869281045751634,153
"UMass-gbqr_2src_utseirs_otid10",2023-11-11,1.3531754598344,0.857442644289557,21.4565937710676,0.415994141691575,1.19207959525884,0.94385236000651,30.2285658351456,0.648359548396161,0.313725490196078,0.941176470588235,204
"UMass-gbqr_2src_utseirs_otid10",2023-11-18,0.930347357772106,0.712356212419268,19.7767612365908,0.359136183510319,0.787453095174737,0.726547551200016,26.2059755584558,0.549533340056194,0.519607843137255,0.946078431372549,204
"UMass-gbqr_2src_utseirs_otid10",2023-11-25,0.7981226250841,0.582352926342421,19.5487838342342,0.295314599403917,0.6603495194834,0.567137838539948,25.7601052747495,0.4352199012608,0.612745098039216,0.965686274509804,204
"UMass-gbqr_2src_utseirs_otid10",2023-12-02,0.669942327459197,0.474460557191343,24.5457995546173,0.261283728153202,0.641052304742648,0.478168790284326,36.4771331051601,0.405573943049628,0.661764705882353,0.970588235294118,204
"UMass-gbqr_2src_utseirs_otid10",2023-12-09,0.63960352185843,0.463425166135255,29.025723923227,0.24482413357458,0.658463404413984,0.477868702779468,44.9433551130408,0.383505368765819,0.642156862745098,0.955882352941177,204
"UMass-gbqr_2src_utseirs_otid10",2023-12-16,0.584827689918389,0.536497605206701,42.2693966090308,0.316597354839231,0.724195993972805,0.622700456524982,73.0479459214628,0.541835434008546,0.446078431372549,0.877450980392157,204
"UMass-gbqr_2src_utseirs_otid10",2023-12-23,0.696805357634911,0.695059297350368,97.7249717501021,0.507255006070729,0.858207637696228,0.820253424145256,151.111854637493,0.820677775754024,0.151960784313725,0.583333333333333,204
"UMass-gbqr_2src_utseirs_otid10",2023-12-30,0.776803392259942,0.790353007977628,155.28349189953,0.612972189796767,0.921768714360567,0.907373981294347,220.289167309905,0.916882065272883,0.127450980392157,0.504901960784314,204
"UMass-gbqr_2src_utseirs_otid10",2024-01-06,0.834684587824022,0.859483487759222,93.2536694684834,0.396512427877888,0.962844012129666,0.95417990821501,139.135679576326,0.595318146211108,0.313725490196078,0.725490196078431,204
"UMass-gbqr_2src_utseirs_otid10",2024-01-13,0.767520576186134,0.846622380152385,50.9111636916621,0.214412258543664,0.818115403317734,0.949220143672423,75.8601518095993,0.336347369474298,0.558823529411765,0.936274509803922,204
"UMass-gbqr_2src_utseirs_otid10",2024-01-20,0.659050652136886,0.685577374830464,48.8814941607331,0.199592237218387,0.681522117829329,0.79279737803748,69.3047859527914,0.314207100096653,0.558823529411765,0.926470588235294,204
"UMass-gbqr_2src_utseirs_otid10",2024-01-27,0.6968988981651,0.727762714732655,52.812710934452,0.194593040299519,0.751564744213358,0.843864124899745,78.4464122477208,0.31059903865081,0.534313725490196,0.892156862745098,204
"UMass-gbqr_2src_utseirs_otid10",2024-02-03,0.697803277126974,0.837522830602725,45.9771207139304,0.234460617653642,0.736018310483237,0.948213189915811,68.2368348341641,0.364044564770925,0.352941176470588,0.852941176470588,204
"UMass-gbqr_2src_utseirs_otid10",2024-02-10,1.0720400482761,1.16160415522315,51.8513238123294,0.275214026904052,1.09193225154268,1.22036634183206,78.2551446938922,0.41868021677949,0.318627450980392,0.838235294117647,204
"UMass-gbqr_2src_utseirs_otid10",2024-02-17,1.24632279756245,1.45455425693069,47.1973597421802,0.307623432061893,1.26558883425245,1.54194722181274,72.665892233328,0.480027382028923,0.294117647058824,0.808823529411765,204
"UMass-gbqr_2src_utseirs_otid10",2024-02-24,1.13632699939462,1.25928450456989,44.4562153738886,0.278991606191708,1.18474535125625,1.37293825478606,68.0763970952246,0.435225246273969,0.284313725490196,0.803921568627451,204
"UMass-gbqr_2src_utseirs_otid10",2024-03-02,1.17866704462992,1.30919316797901,39.6086327953283,0.255166064093817,1.23575616826632,1.47205586690851,60.5702251298772,0.397003932274149,0.348039215686274,0.774509803921569,204
"UMass-gbqr_2src_utseirs_otid10",2024-03-09,0.905430983016247,1.00630609936038,24.4793804207425,0.185140971932067,0.919260437975655,1.11071611424061,37.1038747367233,0.285852386636866,0.406862745098039,0.901960784313726,204
"UMass-gbqr_2src_utseirs_otid10",2024-03-16,0.682816957063024,0.787836039375506,26.1370272307311,0.183621778217487,0.716647134823525,0.85788269068015,40.9191462079628,0.286893870084288,0.352941176470588,0.936274509803922,204
"UMass-gbqr_2src_utseirs_otid10",2024-03-23,0.614512543259141,0.695879414049205,26.2733239889988,0.202041065897325,0.633882298018781,0.74703139375053,40.2919203843605,0.307512539696238,0.348039215686274,0.901960784313726,204
"UMass-gbqr_2src_utseirs_otid10",2024-03-30,0.559524691926009,0.658153131879494,19.4127347272433,0.174076149620678,0.57602591469404,0.71008816628048,30.2921863374395,0.271371978778058,0.470588235294118,0.926470588235294,204
"UMass-gbqr_2src_utseirs_otid10",2024-04-06,0.536637983449845,0.669805553040475,13.8023268122256,0.173889546788091,0.522612097506849,0.692727711889168,20.7866399959342,0.263100427580997,0.504901960784314,0.92156862745098,204
"UMass-gbqr_2src_utseirs_otid10",2024-04-13,0.530448187821876,0.699895787433283,12.6726003342494,0.232911422018941,0.513772489371094,0.685541385580501,18.8358061176785,0.340072572191167,0.46078431372549,0.843137254901961,204
"UMass-gbqr_2src_utseirs_otid10",2024-04-20,0.536586451306968,0.672539246895336,14.3307102120945,0.250615678663987,0.516735573635927,0.65855356284149,21.7459553905119,0.379670649014265,0.382352941176471,0.82843137254902,204
"UMass-gbqr_2src_utseirs_otid10",2024-04-27,0.595230177944886,0.742499098691708,15.0031016952392,0.315118681633552,0.570883637747604,0.729234986478959,22.6730354560347,0.471104216713769,0.303921568627451,0.78921568627451,204
"UMass-gbqr_2src_utseirs_otid10",2024-05-04,0.666917125891391,0.822815613573818,16.7464710894533,0.470551138074935,0.594011728677704,0.74279000185793,24.3311862981906,0.676331835751312,0.245098039215686,0.651960784313726,204
"UMass-gbqr_2src_utseirs_otid10",2024-05-11,0.735847705004546,1.01479693666345,19.6007951649391,0.941830527100617,0.628022774985411,0.816759726977575,27.9819036410166,1.27679489656034,0.183006535947712,0.57516339869281,153
"UMass-gbqr_2src_utseirs_otid10",2024-05-18,0.673806269362182,0.982704877519459,14.9103417921057,0.905558012921055,0.591659851741639,0.775654100668053,22.1027216043484,1.27376953229296,0.193877551020408,0.704081632653061,98
"UMass-gbqr_2src_utseirs_otid10",2024-05-25,0.603488537090564,0.903628166587577,12.1033318837692,0.768172370383326,0.52782191527073,0.691873702440524,17.7628232302334,1.10176460728699,0.224489795918367,0.795918367346939,49
"UMass-gbqr_2src_utseirs_otid10",2024-11-30,0.821988115814378,0.897610964237132,22.5911836101047,0.35821123109428,0.812000945861887,0.863873447042007,30.4102315018864,0.504899167380216,0.254901960784314,0.784313725490196,51
"UMass-gbqr_2src_utseirs_otid10",2024-12-07,0.771212147168423,0.829676847214921,30.9992108524133,0.402930255400744,0.735826799586538,0.795341117490449,43.7456246342428,0.571935839322926,0.235294117647059,0.607843137254902,102
"UMass-gbqr_2src_utseirs_otid10",2024-12-14,0.810681662531362,0.841024140965259,56.1345217437077,0.576639121743196,0.729427361452072,0.766322817344994,74.7019433110622,0.796765167163679,0.0718954248366013,0.418300653594771,153
"UMass-gbqr_2src_utseirs_otid10",2024-12-21,0.851892812770101,0.829189402220476,133.683971398342,0.760669147750715,0.791131897422265,0.733840916612544,162.484530579402,0.994251012534073,0.0784313725490196,0.240196078431373,204
"UMass-gbqr_2src_utseirs_otid10",2024-12-28,0.876441055507919,0.841260033704576,302.324116799785,1.02508840682431,0.85492509034135,0.765406944637818,342.192149027658,1.24162708191482,0.00490196078431373,0.0882352941176471,204
"UMass-gbqr_2src_utseirs_otid10",2025-01-04,0.804938059461671,0.787492898804895,359.94522083978,0.942807882115467,0.82952809917651,0.755703914192083,417.508811681118,1.14096166485856,0.0637254901960784,0.225490196078431,204
"UMass-gbqr_2src_utseirs_otid10",2025-01-11,0.834655589785183,0.739830659007516,188.070830723958,0.466682631314622,0.941271673448982,0.776454048149035,258.199125365351,0.648048570326793,0.147058823529412,0.495098039215686,204
"UMass-gbqr_2src_utseirs_otid10",2025-01-18,0.857355504715993,0.8005115972457,167.591055648508,0.340235633656799,0.998435758316689,0.88087611679235,243.867933968851,0.495316524814788,0.220588235294118,0.67156862745098,204
"UMass-gbqr_2src_utseirs_otid10",2025-01-25,0.724921509107421,0.742840647525769,188.978572796624,0.301705226601032,0.856754708019681,0.838340869829612,275.483036704159,0.438271156055184,0.326797385620915,0.790849673202614,153
"UMass-gbqr_2src_utseirs_otid10",2025-02-01,0.763072764113142,0.806512086690797,282.34635542014,0.373116082069119,0.873330022091381,0.88551251811203,379.464748618385,0.506421021798066,0.22875816993464,0.61437908496732,153
"UMass-gbqr_2src_utseirs_otid10",2025-02-08,0.926603491805105,0.983157460116046,306.152440002464,0.440585893897988,1.02150861109488,1.0669420169446,394.55603190368,0.581666040828788,0.150326797385621,0.522875816993464,153
"UMass-gbqr_2src_utseirs_otid10",2025-02-15,0.867991274081601,1.02630173726557,184.364891097628,0.294642193719237,0.966985143702622,1.10397520986965,253.659795702645,0.398737952294084,0.261437908496732,0.679738562091503,153
"UMass-gbqr_2src_utseirs_otid10",2025-02-22,0.789026572173252,1.0341754379982,158.538276733828,0.280610487185855,0.892224231078534,1.13464496867193,229.979542856875,0.399723077741745,0.264705882352941,0.730392156862745,204
"UMass-gbqr_2src_utseirs_otid10",2025-03-01,0.575449337913691,0.765513639017662,118.096727735498,0.209927287786555,0.653188326339186,0.876928458120142,173.937007116292,0.316623042201539,0.333333333333333,0.852941176470588,204
"UMass-gbqr_2src_utseirs_otid10",2025-03-08,0.390451502280334,0.616541777501383,85.6699136148254,0.204010993101561,0.440392242424785,0.718379327376335,124.093467016196,0.3075897950884,0.343137254901961,0.82843137254902,204
"UMass-gbqr_2src_utseirs_otid10",2025-03-15,0.310692715546703,0.535661816969496,62.257272489739,0.201400290927728,0.348423972987975,0.630719645786927,91.0906654478809,0.308929446394494,0.32843137254902,0.813725490196078,204
"UMass-gbqr_2src_utseirs_otid10",2025-03-22,0.277037000054646,0.455746011602768,47.3293087114096,0.191931867687173,0.305752028265016,0.515271620950778,70.9929231511227,0.294419196479646,0.352941176470588,0.838235294117647,204
"UMass-gbqr_2src_utseirs_otid10",2025-03-29,0.241031372466399,0.423753757774565,33.6521986727416,0.200149433902291,0.254952717787994,0.455892311875345,50.5618730566121,0.301574298501219,0.392156862745098,0.887254901960784,204
"UMass-gbqr_2src_utseirs_otid10",2025-04-05,0.263928613878482,0.503298661045353,28.2994548066382,0.266667590668619,0.261998888500689,0.517530739046691,42.1728308906722,0.398935789157994,0.264705882352941,0.803921568627451,204
"UMass-gbqr_2src_utseirs_otid10",2025-04-12,0.261956441853221,0.522804259866893,20.3651899953024,0.288228890455213,0.24224133073515,0.501565817608138,29.865743673136,0.418411282494036,0.284313725490196,0.818627450980392,204
"UMass-gbqr_2src_utseirs_otid10",2025-04-19,0.36103707405232,0.701540646928245,18.2759598485441,0.345236083389417,0.327000017760471,0.70457885411394,26.8989573433259,0.514944992821359,0.259803921568627,0.799019607843137,204
"UMass-gbqr_2src_utseirs_otid10",2025-04-26,0.448133761280613,0.811176127572558,18.1814488990643,0.425714851822326,0.410539975994219,0.850186803535147,26.9292758109672,0.650321739734955,0.248366013071895,0.797385620915033,153
"UMass-gbqr_2src_utseirs_otid10",2025-05-03,0.541339420287063,1.01169046900928,14.0900482718886,0.489844161601384,0.567296178621561,1.1860158573671,21.9317444218728,0.784664138809346,0.261437908496732,0.803921568627451,153
"UMass-gbqr_2src_utseirs_otid10",2025-05-10,0.643688490220311,1.16645125193365,11.3964086873934,0.545157147771483,0.812446085288479,1.56003800056034,17.4118347298099,0.907626749109383,0.261437908496732,0.784313725490196,153
"UMass-gbqr_2src_utseirs_otid10",2025-05-17,0.634013183455011,0.902030036949742,8.69720511499015,0.407790456918082,0.956411480068,1.25069818328274,13.1584716702166,0.648540289419733,0.366013071895425,0.810457516339869,153
"UMass-gbqr_2src_utseirs_otid10",2025-05-24,0.603720186089395,1.12505888014094,10.4975342894455,0.62080956223351,1.08274574593323,1.80644634865383,16.0359598711418,1.01359785858,0.241830065359477,0.751633986928105,153
"UMass-gbqr_2src_utseirs_otid10",2025-05-31,0.69071590234037,1.1906738837426,12.5527457663563,0.719842339796033,1.54962916741875,2.19314985065247,18.5803575662071,1.14694836558304,0.186274509803922,0.676470588235294,102
"UMass-gbqr_2src_utseirs_otid10",2025-06-07,0.569725327272205,1.21631830262989,11.003183443202,0.80578746948818,1.47931644394315,2.30218360387036,16.2144684738083,1.21426476026459,0.254901960784314,0.725490196078431,51
"UMass-gbqr_2src_utseirs_otid10",2025-11-22,0.574487933506126,0.66776317105333,10.5323914256385,0.281156567055288,0.650465990989085,0.753183967266159,18.0599969262852,0.467461230029087,0.392156862745098,0.92156862745098,51
"UMass-gbqr_2src_utseirs_otid10",2025-11-29,0.554101654443437,0.636269332384121,17.2883566082758,0.335306063296348,0.578785188458812,0.68772962301011,28.37749732826,0.565193959362015,0.333333333333333,0.911764705882353,102
"UMass-gbqr_2src_utseirs_otid10",2025-12-06,0.558419883549228,0.56972246127363,28.5330455381471,0.353967879571124,0.578599551185047,0.624870153928865,45.7358364185095,0.609066158530858,0.274509803921569,0.895424836601307,153
"UMass-gbqr_2src_utseirs_otid10",2025-12-13,0.585192531198066,0.554998834641287,53.5752455389286,0.435620507033766,0.613045422765836,0.604357460967611,83.4222594900962,0.7362251365381,0.225490196078431,0.838235294117647,204
"UMass-gbqr_2src_utseirs_otid10",2025-12-20,0.643091803935118,0.59659401459462,144.953161247201,0.629366730736608,0.717616651794099,0.648166614279743,211.155182061729,0.982541117114232,0.0735294117647059,0.593137254901961,204
"UMass-gbqr_2src_utseirs_otid10",2025-12-27,0.696162455340563,0.635270300145666,321.448503238023,0.83327034640076,0.8133505117969,0.711988965390856,440.098380116065,1.21541728300549,0.0245098039215686,0.338235294117647,204
"UMass-gbqr_2src_utseirs_otid10",2026-01-03,0.64499553715222,0.60075999234717,272.057458343157,0.61368278592119,0.789788856561949,0.707689398212708,393.868477070244,0.923375101086331,0.161764705882353,0.627450980392157,204
"UMass-gbqr_2src_utseirs_otid10",2026-01-10,0.821234904869149,0.656623047201986,145.504921451761,0.305157918009027,1.04163490149532,0.803094157704991,247.801879433673,0.509478257647075,0.318627450980392,0.901960784313726,204
"UMass-gbqr_2src_utseirs_otid10",2026-01-17,1.12490365035493,0.979369334888418,212.528506980186,0.376517366254487,1.39884052446936,1.19429011224064,344.622191562654,0.59901342135446,0.235294117647059,0.75,204
"UMass-gbqr_2src_utseirs_otid10",2026-01-24,1.04869652034546,0.971019847827177,221.950313388568,0.435381777869119,1.27067989547444,1.14705052070547,348.278410174303,0.662515690122318,0.25,0.740196078431373,204
"UMass-gbqr_2src_utseirs_otid10",2026-01-31,0.862583352882595,0.881271311888313,151.459426220698,0.422774561169639,0.990264766391457,0.989036497451652,229.634632543697,0.616595029424114,0.245098039215686,0.740196078431373,204
"UMass-gbqr_2src_utseirs_otid10",2026-02-07,0.798888638752512,0.89887208760296,86.3389753041092,0.33581923196465,0.817777167853019,0.960826143220777,128.399032776138,0.498435817477885,0.259803921568627,0.78921568627451,204
"UMass-gbqr_2src_utseirs_otid10",2026-02-14,1.10880461748708,1.11942844987664,91.9625960211787,0.356796163811614,1.0235880758774,1.11712385434772,126.207406237962,0.510433845281506,0.21078431372549,0.691176470588235,204
"UMass-gbqr_2src_utseirs_otid10",2026-02-21,1.63889259350177,1.59065631185974,69.5210169446719,0.364542655817611,1.53860144977763,1.7272141518864,95.001097359799,0.523228542239744,0.200980392156863,0.715686274509804,204
"UMass-gbqr_2src_utseirs_otid10",2026-02-28,0.901921007779594,1.04731943826484,38.6302551898688,0.248090102891807,0.925420956749023,1.1845009059805,58.5737029095264,0.379591500566454,0.348039215686274,0.857843137254902,204
"UMass-gbqr_2src_utseirs_otid10",2026-03-07,0.770893870898826,1.10095974116634,38.098639761432,0.309944682680349,0.783871254511048,1.22031126256627,57.6721747988055,0.46409774164095,0.348039215686274,0.769607843137255,204
"UMass-gbqr_2src_utseirs_otid10",2026-03-14,0.617355425655189,0.958494926824486,33.7051391874419,0.295592040340495,0.627149771916122,1.08058344412391,51.7644502917826,0.452103693402276,0.357843137254902,0.838235294117647,204
"UMass-gbqr_2src_utseirs_otid10",2026-03-21,0.444698190261938,0.700812013780836,21.936699190671,0.243772890126023,0.44398756936862,0.772481202340563,34.3502735654164,0.379831320173993,0.436274509803922,0.897058823529412,204
"UMass-gbqr_2src_utseirs_otid10",2026-03-28,0.439087052231502,0.659781130224464,23.8736683729815,0.394282867831517,0.400316216773119,0.627708775173963,35.6929003278738,0.581557518665939,0.274509803921569,0.715686274509804,204
"UMass-gbqr_2src_utseirs_otid10",2026-04-04,0.401833894835562,0.633873884436446,16.0439838938972,0.332556713234101,0.368590346401676,0.632447838792701,24.1227927196509,0.504268305402873,0.382352941176471,0.843137254901961,204
"UMass-gbqr_2src_utseirs_otid10",2026-04-11,0.411296796147492,0.675074417630074,11.911264790386,0.339056583130252,0.412170052110165,0.746466731086789,18.8507185597443,0.545708356709802,0.397058823529412,0.906862745098039,204
"UMass-gbqr_2src_utseirs_otid10",2026-04-18,0.456548537262426,0.833783448894339,9.31890293724951,0.407016974128525,0.55460825346311,1.07205715619041,15.3903790336013,0.699052544297946,0.411764705882353,0.936274509803922,204
"UMass-gbqr_2src_utseirs_otid10",2026-04-25,0.76000062632173,1.20394623304939,11.5877321411749,0.580900420808743,1.32628149192979,2.06905762704354,19.1725692142204,1.02704761727412,0.269607843137255,0.833333333333333,204
"UMass-gbqr_2src_utseirs_otid10",2026-05-02,0.729237866139324,1.13961666817147,10.600022576587,0.589626009640477,1.31474820274744,1.76563382291917,16.659922078932,1.00717586200597,0.348039215686274,0.813725490196078,204
"UMass-gbqr_2src_utseirs_otid10",2026-05-09,0.685041822642673,1.05179661998209,9.05176771102419,0.531470304916256,1.53108552060381,1.85584393916674,14.3051421679944,0.891133615883943,0.377450980392157,0.88235294117647,204
"UMass-gbqr_2src_utseirs_otid10",2026-05-16,0.527528000722375,0.967164325457848,6.65655563656619,0.485951536111828,1.28110207152592,1.75384070742464,10.418374199321,0.80287010347816,0.450980392156863,0.906862745098039,204
"UMass-gbqr_2src_utseirs_otid10",2026-05-23,0.461466338637618,0.811107457014807,5.68491909390974,0.413699000298685,1.0924259406943,1.37510541312715,8.60553179752812,0.66747284765788,0.524509803921569,0.950980392156863,204
"UMass-gbqr_2src_utseirs_otid10",2026-05-30,0.379633756320395,0.727449865685238,4.57781106144196,0.388295458934273,0.862517624108149,1.06315659645513,6.76484411065215,0.598365111052449,0.61764705882353,0.931372549019608,204
"UMass-gbqr_2src_utseirs_otid10",2026-06-06,0.341237822832758,0.666227633518715,4.62332740657149,0.401676293165607,1.03645602452823,1.05517494952456,7.41099928649596,0.677907333624702,0.588235294117647,0.967320261437909,153
"UMass-gbqr_2src_utseirs_otid10",2026-06-13,0.251276714116193,0.562079222691743,3.75588638596448,0.36502101914279,0.89682637559041,0.92893414197019,5.72386245597409,0.550401482383529,0.686274509803922,0.980392156862745,102
"UMass-gbqr_2src_utseirs_otid10",2026-06-20,0.241056328112581,0.60654891231576,3.91688790127279,0.418061284897838,1.08923281947099,1.00543887170728,6.89847452331624,0.695849441769341,0.666666666666667,0.980392156862745,51
"UMass-gbqr_2src_utseirs_otid50",2023-10-21,0.790722467957419,0.776086342529018,5.61875109479478,0.279048639959288,0.875235658277613,0.845587120886806,8.58074174781974,0.421211335702941,0.254901960784314,0.92156862745098,51
"UMass-gbqr_2src_utseirs_otid50",2023-10-28,1.08323144675664,0.951419042607004,8.74032918076042,0.381737764361289,1.34660251148034,1.3175859454615,14.6145913101355,0.626626962624537,0.401960784313726,0.88235294117647,102
"UMass-gbqr_2src_utseirs_otid50",2023-11-04,1.11189974756645,0.930816486106979,11.8332416229307,0.393432404391406,1.17014860194405,1.14631715911659,18.2099569007965,0.635042570464957,0.457516339869281,0.875816993464052,153
"UMass-gbqr_2src_utseirs_otid50",2023-11-11,0.929999964215884,0.693408076898857,14.7465218159733,0.336411653552112,0.775001748347201,0.787607827141649,19.6523717589341,0.541030649237682,0.544117647058823,0.950980392156863,204
"UMass-gbqr_2src_utseirs_otid50",2023-11-18,0.753691662436294,0.65940498445764,16.0215213484414,0.332440688207849,0.681118680823534,0.680269693950891,22.6672288310815,0.514530503114893,0.519607843137255,0.936274509803922,204
"UMass-gbqr_2src_utseirs_otid50",2023-11-25,0.729345682013348,0.629569265629336,17.8641985955588,0.319258283192733,0.679404741293997,0.676988826323361,26.5034457412629,0.519519224648531,0.446078431372549,0.946078431372549,204
"UMass-gbqr_2src_utseirs_otid50",2023-12-02,0.66918217574735,0.556600865298995,24.517948602699,0.306518101398194,0.658649132948797,0.567357055267299,37.4784271336747,0.481221783389418,0.392156862745098,0.946078431372549,204
"UMass-gbqr_2src_utseirs_otid50",2023-12-09,0.678808219535867,0.553052464602259,30.8048647384191,0.29217358132859,0.71671285372197,0.587774482964341,48.919165564827,0.471708376232383,0.387254901960784,0.946078431372549,204
"UMass-gbqr_2src_utseirs_otid50",2023-12-16,0.664366994831066,0.626345339983778,48.0182325197068,0.369618197602844,0.746783757595307,0.664988582408265,75.3263204903855,0.578631946362568,0.284313725490196,0.848039215686274,204
"UMass-gbqr_2src_utseirs_otid50",2023-12-23,0.704005798402047,0.722201353885075,98.7348131108875,0.527063307470005,0.812777962628902,0.77364671830835,143.112668713873,0.774046958307194,0.186274509803922,0.598039215686274,204
"UMass-gbqr_2src_utseirs_otid50",2023-12-30,0.685759732049181,0.727513611339736,137.083806350126,0.564235989423216,0.807365004874654,0.789732601349265,192.948363150265,0.798007958642962,0.264705882352941,0.519607843137255,204
"UMass-gbqr_2src_utseirs_otid50",2024-01-06,0.79608148244222,0.791403976954046,88.940805325255,0.365104759781231,0.857289339784613,0.82778431341763,123.882511997601,0.516459232356184,0.53921568627451,0.745098039215686,204
"UMass-gbqr_2src_utseirs_otid50",2024-01-13,1.12761343028954,0.95776189662904,74.7968376504672,0.242559015940889,1.38543171690844,1.16688262144804,128.46483508353,0.413474053227391,0.573529411764706,0.931372549019608,204
"UMass-gbqr_2src_utseirs_otid50",2024-01-20,1.21688104705691,0.955676620182666,90.2555267992734,0.278226268372311,1.64680222591365,1.26007018429772,167.465255767542,0.499399984781135,0.426470588235294,0.906862745098039,204
"UMass-gbqr_2src_utseirs_otid50",2024-01-27,0.941466487920838,0.851898388170281,71.346643841669,0.227785092619387,1.19926766544112,1.05541429155186,125.17650196195,0.388463799635137,0.480392156862745,0.901960784313726,204
"UMass-gbqr_2src_utseirs_otid50",2024-02-03,0.667974698039491,0.822610328114444,44.0117642497465,0.230285932001613,0.72790244755693,0.918535605093824,67.4844068168834,0.352650541185437,0.416666666666667,0.86764705882353,204
"UMass-gbqr_2src_utseirs_otid50",2024-02-10,0.984373883277876,1.11495999817612,47.6111774521094,0.264162821349445,1.00634792185965,1.15547938069002,72.1216010666086,0.396418961264751,0.367647058823529,0.86764705882353,204
"UMass-gbqr_2src_utseirs_otid50",2024-02-17,1.15705971975851,1.45687415698176,43.8170303419264,0.308114067328574,1.15766537981016,1.49160812645871,66.4692872240999,0.464356194445673,0.348039215686274,0.838235294117647,204
"UMass-gbqr_2src_utseirs_otid50",2024-02-24,1.04526930674211,1.25348196367893,40.8937897709013,0.277706066508429,1.13248983614315,1.39924861618743,65.0737542121078,0.443565704033486,0.352941176470588,0.833333333333333,204
"UMass-gbqr_2src_utseirs_otid50",2024-03-02,1.08207722834763,1.32234165569438,36.3627708003535,0.257728747692522,1.18041192758655,1.52685562985491,57.8575434506761,0.411783073383175,0.397058823529412,0.808823529411765,204
"UMass-gbqr_2src_utseirs_otid50",2024-03-09,1.02671117817074,1.15246080828328,27.7583316499114,0.212030627951872,1.12285819141087,1.37236843670474,45.3216389611621,0.353190872039671,0.32843137254902,0.901960784313726,204
"UMass-gbqr_2src_utseirs_otid50",2024-03-16,0.921037205319478,0.977512810772481,35.255677626251,0.227829943761769,1.0343148555212,1.11770184567758,59.0573501819164,0.373782816217638,0.32843137254902,0.862745098039216,204
"UMass-gbqr_2src_utseirs_otid50",2024-03-23,0.769349197349164,0.830383725716025,32.8933248708428,0.241092938891845,0.822202034920579,0.941441416141437,52.2622244451723,0.3875406619786,0.348039215686274,0.803921568627451,204
"UMass-gbqr_2src_utseirs_otid50",2024-03-30,0.651141801549008,0.771566097347016,22.5913945276998,0.20407295642652,0.672194969298631,0.85214411114226,35.3495472089986,0.325661015949677,0.42156862745098,0.892156862745098,204
"UMass-gbqr_2src_utseirs_otid50",2024-04-06,0.590507473346995,0.780506393521328,15.1878498793564,0.202628811329711,0.59022815745049,0.84902302821107,23.4760356350651,0.322461939828075,0.5,0.906862745098039,204
"UMass-gbqr_2src_utseirs_otid50",2024-04-13,0.585894016899873,0.770335177819523,13.9972213778083,0.256352252604837,0.608320814130087,0.789154292101388,22.302114553328,0.391471230789908,0.480392156862745,0.852941176470588,204
"UMass-gbqr_2src_utseirs_otid50",2024-04-20,0.57081181476477,0.724343541593279,15.2447731080598,0.269920081393445,0.56076010581064,0.717138047616095,23.5986544528644,0.413445896179535,0.416666666666667,0.803921568627451,204
"UMass-gbqr_2src_utseirs_otid50",2024-04-27,0.641288489448225,0.807526488863061,16.1640265895069,0.342716486798532,0.63020211893338,0.817390620758628,25.0289096450894,0.528054982662006,0.362745098039216,0.745098039215686,204
"UMass-gbqr_2src_utseirs_otid50",2024-05-04,0.680067724647971,0.829694215770179,17.0766862141462,0.474484867623167,0.599805094260305,0.746874318576698,24.5684870962702,0.68005072455876,0.299019607843137,0.627450980392157,204
"UMass-gbqr_2src_utseirs_otid50",2024-05-11,0.68438583452566,0.947117745495166,18.230003933002,0.879017637162909,0.575349660348789,0.752964196506107,25.6350237555405,1.17706690430152,0.281045751633987,0.562091503267974,153
"UMass-gbqr_2src_utseirs_otid50",2024-05-18,0.649149160596034,0.93551895996451,14.364716237662,0.862076407490567,0.574591819006665,0.749865008921127,21.4651086671775,1.23141900606684,0.26530612244898,0.714285714285714,98
"UMass-gbqr_2src_utseirs_otid50",2024-05-25,0.64764523552142,0.903454180179821,12.9889214901215,0.768024464910474,0.564404149270196,0.688503709889343,18.993927390746,1.0963981097505,0.448979591836735,0.795918367346939,49
"UMass-gbqr_2src_utseirs_otid50",2024-11-30,0.833039870111048,0.997578233079384,22.8949254838939,0.39810534989167,0.802936739381222,0.959933300898776,30.0707680827085,0.561042275374818,0.176470588235294,0.705882352941177,51
"UMass-gbqr_2src_utseirs_otid50",2024-12-07,0.768177113476848,0.896234060609187,30.8772163406635,0.435253581141044,0.704818550318417,0.860954162172912,41.9021538150086,0.619118678177535,0.215686274509804,0.568627450980392,102
"UMass-gbqr_2src_utseirs_otid50",2024-12-14,0.792699335936333,0.87032109865325,54.8893606035147,0.59672626446369,0.685187578757175,0.790760253974536,70.171269095073,0.822173386572632,0.0718954248366013,0.392156862745098,153
"UMass-gbqr_2src_utseirs_otid50",2024-12-21,0.837457440055614,0.841840349395699,131.418688813303,0.772274681034481,0.753587459055634,0.736175196010009,154.773565487808,0.997413632118137,0.0735294117647059,0.235294117647059,204
"UMass-gbqr_2src_utseirs_otid50",2024-12-28,0.865330214956268,0.831700531705096,298.491485916543,1.01344000528129,0.822738486535923,0.737235498570392,329.309145299597,1.19592795334137,0.0147058823529412,0.0686274509803922,204
"UMass-gbqr_2src_utseirs_otid50",2025-01-04,0.793660746069445,0.776287412910287,354.902329636252,0.929392370127482,0.794163092368595,0.720992637981942,399.709291710517,1.08855458484968,0.0784313725490196,0.225490196078431,204
"UMass-gbqr_2src_utseirs_otid50",2025-01-11,0.864189182445207,0.747406186231184,194.725560379891,0.471461247792992,0.954586326399227,0.749652895923614,261.851452151835,0.625679637581578,0.137254901960784,0.436274509803922,204
"UMass-gbqr_2src_utseirs_otid50",2025-01-18,0.907044473606938,0.832704122104509,177.303977190054,0.353918188827811,1.04296740854208,0.886597914588919,254.744789536404,0.498533890964536,0.161764705882353,0.57843137254902,204
"UMass-gbqr_2src_utseirs_otid50",2025-01-25,0.758407981796845,0.771416302275255,197.708105218185,0.313311247919578,0.88177202044849,0.85158502351601,283.527165477019,0.445194987107688,0.281045751633987,0.647058823529412,153
"UMass-gbqr_2src_utseirs_otid50",2025-02-01,0.762684012628692,0.806333620734687,282.202512565355,0.37303351849763,0.833329234776565,0.844968093993941,362.08427580857,0.483233829894925,0.202614379084967,0.490196078431373,153
"UMass-gbqr_2src_utseirs_otid50",2025-02-08,0.91751323347553,0.980759781710879,303.148992689277,0.439511413637933,0.976229321078353,1.02054681314548,377.066980120564,0.556372712720328,0.150326797385621,0.450980392156863,153
"UMass-gbqr_2src_utseirs_otid50",2025-02-15,0.884950425015144,1.0617288303139,187.967084009394,0.304813000250916,0.972628790209826,1.11836897295241,255.140238529878,0.40393674622181,0.235294117647059,0.633986928104575,153
"UMass-gbqr_2src_utseirs_otid50",2025-02-22,0.833657367327044,1.10157516748546,167.505895319161,0.298898555373031,0.916463312520397,1.17472938265882,236.227403736569,0.413844380678529,0.21078431372549,0.676470588235294,204
"UMass-gbqr_2src_utseirs_otid50",2025-03-01,0.62632615211741,0.844011071751151,128.537934074964,0.231453688247682,0.693682727398376,0.933891533375312,184.720229414029,0.337190081637242,0.230392156862745,0.754901960784314,204
"UMass-gbqr_2src_utseirs_otid50",2025-03-08,0.413720912963595,0.666580698159072,90.7755115993648,0.220568654349557,0.462688385603415,0.755351094372262,130.376061125692,0.3234200644196,0.25,0.779411764705882,204
"UMass-gbqr_2src_utseirs_otid50",2025-03-15,0.320583226845237,0.573887537232961,64.2391543497375,0.215772551443773,0.358491525055449,0.660588447538098,93.7226887538345,0.323559325852179,0.25,0.794117647058823,204
"UMass-gbqr_2src_utseirs_otid50",2025-03-22,0.28045395642522,0.477083319969978,47.9130653319491,0.200917814556863,0.309003713616845,0.531293363806773,71.7479357984759,0.30357380245069,0.269607843137255,0.823529411764706,204
"UMass-gbqr_2src_utseirs_otid50",2025-03-29,0.239662093158631,0.433760916572726,33.4610233131528,0.204876063770875,0.255448794987437,0.464209474809293,50.6602544059153,0.307076129771432,0.323529411764706,0.86764705882353,204
"UMass-gbqr_2src_utseirs_otid50",2025-04-05,0.265680046081245,0.515322278606575,28.4872501947192,0.273038180090638,0.261929034177832,0.520451870371185,42.1615867416543,0.401187527542303,0.205882352941176,0.784313725490196,204
"UMass-gbqr_2src_utseirs_otid50",2025-04-12,0.264300089850076,0.529774921674917,20.5473914193269,0.292071908335704,0.243555636812786,0.501760453471121,30.0277834386195,0.418573649701273,0.245098039215686,0.779411764705882,204
"UMass-gbqr_2src_utseirs_otid50",2025-04-19,0.373570140140552,0.723111792387072,18.9103927892854,0.355851487935165,0.330631889918798,0.710997862265653,27.197714434938,0.519636357155251,0.220588235294118,0.764705882352941,204
"UMass-gbqr_2src_utseirs_otid50",2025-04-26,0.468428657855617,0.841963876141058,19.0048428427292,0.441872627395683,0.415805757232921,0.866738005927711,27.2746835267294,0.662982024145254,0.222222222222222,0.77124183006536,153
"UMass-gbqr_2src_utseirs_otid50",2025-05-03,0.566690185500031,1.0557343560446,14.7498810721503,0.51116949932015,0.57400405518025,1.2127109716572,22.1910718064783,0.802325537461606,0.241830065359477,0.77124183006536,153
"UMass-gbqr_2src_utseirs_otid50",2025-05-10,0.672192595108974,1.21095013920539,11.9010696119166,0.565954319041048,0.823610453967667,1.58418921412012,17.6511024742482,0.921677873147665,0.22875816993464,0.725490196078431,153
"UMass-gbqr_2src_utseirs_otid50",2025-05-17,0.663365675724009,0.951710312806791,9.09985391246228,0.430249955561908,0.98093508279932,1.29601836682991,13.4958715640037,0.672040735288366,0.326797385620915,0.758169934640523,153
"UMass-gbqr_2src_utseirs_otid50",2025-05-24,0.63145194249784,1.18309143027086,10.9797362606765,0.652832030281526,1.10239842338137,1.85467161727217,16.3270250155698,1.04065707848843,0.235294117647059,0.660130718954248,153
"UMass-gbqr_2src_utseirs_otid50",2025-05-31,0.722973994253266,1.26226412649121,13.1389891485027,0.763123450224644,1.57506799819679,2.22456757564277,18.8853741352419,1.16337884721075,0.156862745098039,0.558823529411765,102
"UMass-gbqr_2src_utseirs_otid50",2025-06-07,0.587507622060363,1.27511491795954,11.3466153431528,0.844739095701902,1.49412780330574,2.34603789130653,16.3768125891747,1.23739528544544,0.235294117647059,0.686274509803922,51
"UMass-gbqr_2src_utseirs_otid50",2025-11-22,0.593513513394015,0.686301367363721,10.881197454089,0.288961932580021,0.644700891084098,0.783353466230434,17.8999306230408,0.486185833456841,0.313725490196078,0.941176470588235,51
"UMass-gbqr_2src_utseirs_otid50",2025-11-29,0.567112125987615,0.6546262918943,17.6942923601253,0.344979953760917,0.575432886974714,0.711419072577513,28.2131359584367,0.584662560608976,0.254901960784314,0.941176470588235,102
"UMass-gbqr_2src_utseirs_otid50",2025-12-06,0.575492696288993,0.601720140972835,29.405398686233,0.373847999461435,0.581455108879409,0.6541314332954,45.9615561227946,0.637587371946825,0.215686274509804,0.915032679738562,153
"UMass-gbqr_2src_utseirs_otid50",2025-12-13,0.611374796663012,0.593928757080009,55.9722708361894,0.466176737953606,0.614906230436066,0.627466652495139,83.675475278947,0.764376634263302,0.137254901960784,0.823529411764706,204
"UMass-gbqr_2src_utseirs_otid50",2025-12-20,0.684230536951053,0.649918973616245,154.22584885397,0.685620991264024,0.720226845569239,0.662953971651599,211.923218784996,1.00495693784801,0.0588235294117647,0.563725490196078,204
"UMass-gbqr_2src_utseirs_otid50",2025-12-27,0.742759357836248,0.694745495739663,342.964321058791,0.911282677251894,0.816372310932442,0.720739870015369,441.733454890469,1.23035571778408,0.0196078431372549,0.299019607843137,204
"UMass-gbqr_2src_utseirs_otid50",2026-01-03,0.690259306551489,0.658269015653078,291.149599836361,0.672428871025973,0.792973069234086,0.715415824630163,395.456447051616,0.933456345474437,0.127450980392157,0.602941176470588,204
"UMass-gbqr_2src_utseirs_otid50",2026-01-10,0.932590398543211,0.737808041832916,165.234687276617,0.342887699259802,1.08610640272309,0.833948393808385,258.381518777227,0.529052005382846,0.181372549019608,0.872549019607843,204
"UMass-gbqr_2src_utseirs_otid50",2026-01-17,1.26831104005072,1.07676639664742,239.622523798743,0.413961549840859,1.45931842049441,1.22848078680649,359.521692045137,0.616162247037765,0.17156862745098,0.720588235294118,204
"UMass-gbqr_2src_utseirs_otid50",2026-01-24,1.17039924790565,1.05035164828558,247.707963955892,0.47095223546834,1.33453394813681,1.1792406433488,365.780054784909,0.68110812431175,0.181372549019608,0.700980392156863,204
"UMass-gbqr_2src_utseirs_otid50",2026-01-31,0.940968866586027,0.930276766498173,165.222994564396,0.446284074401391,1.04114350877532,1.00508131319148,241.433013853556,0.626597848995178,0.166666666666667,0.681372549019608,204
"UMass-gbqr_2src_utseirs_otid50",2026-02-07,0.820958335176604,0.929615444293302,88.724132486347,0.347304971230732,0.812138337440853,0.952193192257314,127.513681118777,0.493957408973827,0.200980392156863,0.720588235294118,204
"UMass-gbqr_2src_utseirs_otid50",2026-02-14,1.1399437519311,1.15123817199908,94.5452292427233,0.366934897400573,1.0052375939255,1.09912310486393,123.944809803961,0.502208981278109,0.186274509803922,0.61764705882353,204
"UMass-gbqr_2src_utseirs_otid50",2026-02-21,1.68770998219931,1.62495151203791,71.5918265390849,0.372402344464074,1.51520215358218,1.6996054298202,93.5563055221621,0.514864975171919,0.186274509803922,0.598039215686274,204
"UMass-gbqr_2src_utseirs_otid50",2026-02-28,0.964123892097313,1.08948145418304,41.2944722044552,0.258077484472926,0.954814412741463,1.20559394024921,60.4341357711655,0.386351087232138,0.284313725490196,0.799019607843137,204
"UMass-gbqr_2src_utseirs_otid50",2026-03-07,0.834224215783072,1.16240115191312,41.2285128695148,0.327241807947773,0.825265998236233,1.25754918466761,60.7177321937629,0.478259731356827,0.308823529411765,0.715686274509804,204
"UMass-gbqr_2src_utseirs_otid50",2026-03-14,0.654751275801789,1.00400459337197,35.746803165508,0.3096268513901,0.645013659115682,1.1026848319746,53.2389215303424,0.461350660058066,0.318627450980392,0.779411764705882,204
"UMass-gbqr_2src_utseirs_otid50",2026-03-21,0.456052082546373,0.722507939007239,22.4967799941037,0.251319676271805,0.450062610335585,0.780791828387671,34.8202851908164,0.383917679885247,0.372549019607843,0.86764705882353,204
"UMass-gbqr_2src_utseirs_otid50",2026-03-28,0.450237661512153,0.670749670709662,24.4799398327525,0.400837628797414,0.399345119290666,0.629569066946217,35.6063155626369,0.583281035541685,0.245098039215686,0.705882352941177,204
"UMass-gbqr_2src_utseirs_otid50",2026-04-04,0.411615986238307,0.646068875350671,16.4345525316635,0.338954714786035,0.375496142176763,0.643286892457614,24.5747499715782,0.512910585269321,0.32843137254902,0.833333333333333,204
"UMass-gbqr_2src_utseirs_otid50",2026-04-11,0.425117283530811,0.695046798614093,12.3115097869356,0.349087724996345,0.418755792649369,0.759837980438801,19.1519193402873,0.555483477565382,0.357843137254902,0.897058823529412,204
"UMass-gbqr_2src_utseirs_otid50",2026-04-18,0.475132896849788,0.879529486869668,9.69824013583969,0.429348208911102,0.563326331310228,1.10126941597002,15.6323056938588,0.718100879926055,0.367647058823529,0.92156862745098,204
"UMass-gbqr_2src_utseirs_otid50",2026-04-25,0.815437275213716,1.30246178507229,12.4329749158733,0.628433877083909,1.34322251443874,2.1184384797428,19.4174666425482,1.05155949477857,0.225490196078431,0.803921568627451,204
"UMass-gbqr_2src_utseirs_otid50",2026-05-02,0.783984353424189,1.22826551144668,11.395804074167,0.635492014569549,1.332043153341,1.80490926250681,16.8790762322868,1.02957987024871,0.308823529411765,0.799019607843137,204
"UMass-gbqr_2src_utseirs_otid50",2026-05-09,0.739317238961215,1.14413301743806,9.76893335653084,0.578127664693307,1.58292903141173,1.93465654075704,14.7895232052488,0.928977616206467,0.348039215686274,0.857843137254902,204
"UMass-gbqr_2src_utseirs_otid50",2026-05-16,0.572892577989825,1.06503811752087,7.22898370123116,0.53512820479799,1.34034302208987,1.87763264872465,10.9001425178779,0.859539359871028,0.446078431372549,0.892156862745098,204
"UMass-gbqr_2src_utseirs_otid50",2026-05-23,0.49201833022972,0.883018913217141,6.06129670981924,0.450376874831386,1.16194990809225,1.48515633492184,9.15320344266786,0.720891299404521,0.5,0.955882352941177,204
"UMass-gbqr_2src_utseirs_otid50",2026-05-30,0.398859955635693,0.768302673190968,4.8096500547605,0.410101717189951,0.915487684044558,1.12556854793452,7.18029556113379,0.633491765397144,0.622549019607843,0.941176470588235,204
"UMass-gbqr_2src_utseirs_otid50",2026-06-06,0.358558639578457,0.699433968624354,4.85800188110603,0.421696774039992,1.10452761787326,1.10970897860747,7.89773342453171,0.712943247113797,0.594771241830065,0.973856209150327,153
"UMass-gbqr_2src_utseirs_otid50",2026-06-13,0.264765295004271,0.590664980723827,3.95750306780348,0.383584954809849,0.984761821071895,1.0241290732115,6.2850975050765,0.606805299299427,0.696078431372549,0.980392156862745,102
"UMass-gbqr_2src_utseirs_otid50",2026-06-20,0.259812130474761,0.641820628632352,4.22164810369642,0.44237216691322,1.18157229641374,1.08911959452681,7.48329121062034,0.753763638146038,0.607843137254902,1,51
"UMass-gbqr_3src",2023-10-21,0.772474648952449,0.73807924667031,5.48908492598507,0.265382855848703,0.867412832785695,0.835413688725447,8.50404738025191,0.416143655692778,0.333333333333333,0.92156862745098,51
"UMass-gbqr_3src",2023-10-28,1.00038875987807,0.90928100964497,8.07189183460941,0.364830725740922,1.25077697839344,1.23530412571127,13.5746029013798,0.587494785352228,0.352941176470588,0.88235294117647,102
"UMass-gbqr_3src",2023-11-04,1.01411471611302,0.895038184111221,10.7925777439912,0.378309828041147,1.23373638320575,1.16447175166472,19.1995156237393,0.645099943353273,0.418300653594771,0.908496732026144,153
"UMass-gbqr_3src",2023-11-11,0.811509920068578,0.630798925395278,12.8676873125041,0.306036397066765,0.885867551049381,0.771175335876488,22.4636892491235,0.529742694609239,0.53921568627451,0.970588235294118,204
"UMass-gbqr_3src",2023-11-18,0.73333881991488,0.605178424679456,15.5888729363517,0.305102231149277,0.76304853047238,0.662794029981316,25.3938060082646,0.501312565796078,0.549019607843137,0.965686274509804,204
"UMass-gbqr_3src",2023-11-25,0.770469982589131,0.535434235350628,18.8714749676643,0.271521854818908,0.750330487018632,0.538087762977428,29.270245174972,0.412926959124391,0.637254901960784,0.96078431372549,204
"UMass-gbqr_3src",2023-12-02,0.640880154848081,0.438390563965988,23.4810000423375,0.241420112175994,0.620036550020183,0.417996907698561,35.2812954540896,0.35453726274576,0.681372549019608,0.990196078431373,204
"UMass-gbqr_3src",2023-12-09,0.585980899968154,0.406710396650902,26.592286073316,0.214862134713611,0.551538585908551,0.381356699259766,37.6452121087778,0.30605130809001,0.754901960784314,0.995098039215686,204
"UMass-gbqr_3src",2023-12-16,0.440584877398193,0.378958718434453,31.8440067796452,0.223630686670797,0.424316935916445,0.37047801166923,42.7998509331014,0.322367058093472,0.735294117647059,0.965686274509804,204
"UMass-gbqr_3src",2023-12-23,0.358122942050508,0.341698650740193,50.2257251777421,0.249372034611034,0.422539729245637,0.379447903658242,74.4001327181534,0.379644208024211,0.549019607843137,0.911764705882353,204
"UMass-gbqr_3src",2023-12-30,0.38627512226071,0.324188204480559,77.216642481511,0.251429869439246,0.467159781679464,0.372554907648686,111.644317824603,0.376458792288937,0.509803921568627,0.848039215686274,204
"UMass-gbqr_3src",2024-01-06,0.472388863894007,0.390037850247144,52.7768160773224,0.179939297459886,0.519283482582588,0.41935801062032,75.0390087404515,0.261639792802063,0.656862745098039,0.980392156862745,204
"UMass-gbqr_3src",2024-01-13,0.613667150963528,0.593846416823971,40.7057605284622,0.150395210951513,0.634548281650356,0.634720712731247,58.8388004691086,0.224907407940218,0.691176470588235,0.995098039215686,204
"UMass-gbqr_3src",2024-01-20,0.522895980591966,0.624599107122985,38.7829626434663,0.181839625594576,0.553752592313747,0.713567521039273,56.3117525860229,0.282806159202898,0.53921568627451,0.975490196078431,204
"UMass-gbqr_3src",2024-01-27,0.511756893489746,0.615883728795961,38.7821948861571,0.164678245850279,0.574899488880325,0.699743320912339,60.0065432192586,0.25755284099027,0.563725490196078,0.980392156862745,204
"UMass-gbqr_3src",2024-02-03,0.623666640156809,0.703972471043016,41.0923785250772,0.197073816188539,0.697295513697734,0.812872923649454,64.646813973359,0.312083793867399,0.495098039215686,0.955882352941177,204
"UMass-gbqr_3src",2024-02-10,1.02091891221246,1.00984210059543,49.3787495983789,0.239257676371452,1.12379382553693,1.15329997213287,80.5385574968133,0.395671255255595,0.333333333333333,0.931372549019608,204
"UMass-gbqr_3src",2024-02-17,1.2978202609537,1.44566812776867,49.1475321294945,0.305744106118883,1.39156406394133,1.63362707959208,79.8989700046315,0.50856846404006,0.235294117647059,0.906862745098039,204
"UMass-gbqr_3src",2024-02-24,1.28948067396932,1.35973012118631,50.4480053655219,0.301245103167994,1.36766734399522,1.53698151771654,78.5872382662354,0.487227416990402,0.279411764705882,0.843137254901961,204
"UMass-gbqr_3src",2024-03-02,1.39270258340047,1.43022229569356,46.8012111396007,0.278755040048606,1.45230367941843,1.63627168120817,71.1842376985535,0.441291873706345,0.284313725490196,0.848039215686274,204
"UMass-gbqr_3src",2024-03-09,1.02169861512595,1.06637183716447,27.6228111740739,0.196191912678559,1.08015256046805,1.19999571915406,43.5979224651662,0.308829264180373,0.465686274509804,0.941176470588235,204
"UMass-gbqr_3src",2024-03-16,0.508292607039386,0.69599285726593,19.456543329725,0.162215790710898,0.557867411085785,0.783776019301052,31.8531353153295,0.262111053060485,0.446078431372549,0.985294117647059,204
"UMass-gbqr_3src",2024-03-23,0.418298633305654,0.570839265435125,17.8842492924678,0.165737010344157,0.457835495295231,0.657852161323846,29.101729742614,0.270802258868538,0.509803921568627,0.970588235294118,204
"UMass-gbqr_3src",2024-03-30,0.430493433879244,0.546414968305066,14.935989339364,0.144522314291845,0.432070843834757,0.581575456805049,22.7218431993101,0.222258713799774,0.627450980392157,0.970588235294118,204
"UMass-gbqr_3src",2024-04-06,0.569356597379155,0.657789992983653,14.6438494331035,0.170770163433919,0.571643913655382,0.704507114054156,22.7368564480381,0.26757428605824,0.514705882352941,0.975490196078431,204
"UMass-gbqr_3src",2024-04-13,0.46721504693342,0.590577264255706,11.1619375763105,0.196532387963493,0.47839243837388,0.616230410647739,17.5387110127365,0.30568987550466,0.53921568627451,0.970588235294118,204
"UMass-gbqr_3src",2024-04-20,0.320281160520439,0.499746300841565,8.55380616978343,0.186225947293626,0.30987290696393,0.490419457162391,13.0404848347321,0.282737630006392,0.588235294117647,0.970588235294118,204
"UMass-gbqr_3src",2024-04-27,0.368279053980187,0.545286939889572,9.28267467581732,0.23142129318778,0.360413564960816,0.566776617642717,14.3140720750615,0.366152007867159,0.46078431372549,0.941176470588235,204
"UMass-gbqr_3src",2024-05-04,0.447778684128014,0.589375753024293,11.2438449952842,0.337051736457444,0.410632487750542,0.576660077518956,16.8198287629585,0.525065722286722,0.387254901960784,0.88235294117647,204
"UMass-gbqr_3src",2024-05-11,0.587247567788502,0.851758776349093,15.6425293019838,0.790515213742209,0.49458993762553,0.715906482132033,22.0367294430931,1.11913664766889,0.241830065359477,0.77124183006536,153
"UMass-gbqr_3src",2024-05-18,0.565756588136543,0.812823324795346,12.5193612523619,0.749012945489307,0.479479629600069,0.66783766086925,17.9119890200597,1.09671471368537,0.275510204081633,0.857142857142857,98
"UMass-gbqr_3src",2024-05-25,0.541024872293491,0.786964885192287,10.850584864977,0.668997164563276,0.457597584158512,0.633610662234633,15.399559515865,1.00898444324064,0.36734693877551,0.897959183673469,49
"UMass-gbqr_3src",2024-11-30,0.72443536640888,0.648378284646518,19.910083931058,0.258749494838689,0.779403209805223,0.653579662717858,29.1894143279995,0.381990937043864,0.470588235294118,0.941176470588235,51
"UMass-gbqr_3src",2024-12-07,0.699340965754811,0.600966641395251,28.1103171607971,0.291857779468672,0.739489562450286,0.622552837310115,43.9633794774366,0.447682474474992,0.294117647058824,0.911764705882353,102
"UMass-gbqr_3src",2024-12-14,0.72117080334954,0.605555180029979,49.936467065438,0.415192371028448,0.733242895404129,0.597992772036882,75.0926988763875,0.62174817216768,0.150326797385621,0.673202614379085,153
"UMass-gbqr_3src",2024-12-21,0.796349533574133,0.637362773514401,124.967797208236,0.584694156050393,0.795954502359217,0.60698391183057,163.475008528659,0.822377650615619,0.0980392156862745,0.450980392156863,204
"UMass-gbqr_3src",2024-12-28,0.835633399260263,0.703380839852541,288.247712509719,0.857080469328923,0.859157582015997,0.687425865139581,343.886245315452,1.11512781134996,0.00980392156862745,0.161764705882353,204
"UMass-gbqr_3src",2025-01-04,0.796875958509794,0.687210450229737,356.340080452336,0.822747011600973,0.86821580548402,0.711894878446419,436.980675627803,1.07481878876448,0.0882352941176471,0.245098039215686,204
"UMass-gbqr_3src",2025-01-11,0.730910079132243,0.602714712846297,164.69411748898,0.380190364779528,0.875999856202006,0.692051728729754,240.294489966706,0.577604218130651,0.215686274509804,0.754901960784314,204
"UMass-gbqr_3src",2025-01-18,0.779872738045689,0.667649003244387,152.44515807228,0.28376600971274,0.981202707120562,0.825684997660915,239.658761214197,0.464282565773683,0.308823529411765,0.877450980392157,204
"UMass-gbqr_3src",2025-01-25,0.775962392027835,0.709619520322851,202.284334989355,0.288212443533651,0.981499844460513,0.882962449134284,315.593897699866,0.461598601788375,0.359477124183007,0.928104575163399,153
"UMass-gbqr_3src",2025-02-01,0.940160636416924,0.968527079860528,347.87105723831,0.448068956905725,1.17259664611628,1.19837123066675,509.497074752706,0.685343652082489,0.0980392156862745,0.660130718954248,153
"UMass-gbqr_3src",2025-02-08,1.12427221746098,1.19952863856205,371.462751486217,0.537549089455839,1.32830822914411,1.43266913291991,513.056883068629,0.781049925046117,0.117647058823529,0.496732026143791,153
"UMass-gbqr_3src",2025-02-15,1.05922070271976,1.16569471086456,224.98280263463,0.334660689293142,1.24412068566979,1.33437751414757,326.358063525209,0.481955530180157,0.189542483660131,0.699346405228758,153
"UMass-gbqr_3src",2025-02-22,0.838000119337869,1.08421257733493,168.378479899148,0.294187435091178,0.987868327775017,1.23486625023981,254.632746467616,0.435029944849633,0.269607843137255,0.823529411764706,204
"UMass-gbqr_3src",2025-03-01,0.47917718710976,0.613310450594475,98.3392526061967,0.168188511480561,0.59758130033221,0.719244841515632,159.129455774248,0.259689929890773,0.406862745098039,0.955882352941177,204
"UMass-gbqr_3src",2025-03-08,0.334447328432858,0.498752690412869,73.3819016400675,0.165035096397789,0.403216098650405,0.608608287564174,113.617995091771,0.2605889275025,0.406862745098039,0.990196078431373,204
"UMass-gbqr_3src",2025-03-15,0.300443754458207,0.446669962225969,60.2035636922849,0.167940774367553,0.34361804809065,0.523335658449266,89.8342223471503,0.256332264775921,0.382352941176471,0.985294117647059,204
"UMass-gbqr_3src",2025-03-22,0.298943691514333,0.423564798483424,51.0718722055876,0.17837914274568,0.314583216133312,0.455862187067792,73.0434470518949,0.260473453931542,0.367647058823529,0.975490196078431,204
"UMass-gbqr_3src",2025-03-29,0.276069263696786,0.422431103649803,38.5441016009518,0.199524711479273,0.281975181602895,0.446911976139993,55.9209309907271,0.295633776191128,0.397058823529412,0.970588235294118,204
"UMass-gbqr_3src",2025-04-05,0.2876982765335,0.471058971185584,30.8481306936128,0.249585724404657,0.283228164908659,0.495876314574226,45.5900159367923,0.382243592416988,0.352941176470588,0.946078431372549,204
"UMass-gbqr_3src",2025-04-12,0.312620343922192,0.508745046509685,24.3039363923698,0.280477860523566,0.302800900797565,0.514159089237726,37.3320855684292,0.428916717171501,0.357843137254902,0.911764705882353,204
"UMass-gbqr_3src",2025-04-19,0.338312216962195,0.548411270407963,17.1256110184878,0.269879386050207,0.318351207671024,0.581437350713439,26.187507921213,0.424946406837216,0.352941176470588,0.916666666666667,204
"UMass-gbqr_3src",2025-04-26,0.346144740267636,0.517206109542131,14.0436036081537,0.271435900048273,0.332439041389094,0.567052826886518,21.8062628717709,0.433747947355924,0.457516339869281,0.934640522875817,153
"UMass-gbqr_3src",2025-05-03,0.350616749633775,0.551524401492453,9.12589540339197,0.267039194622774,0.373775433648542,0.643446692404868,14.4502071243865,0.425702187394375,0.444444444444444,0.954248366013072,153
"UMass-gbqr_3src",2025-05-10,0.414217456303391,0.599615573464693,7.33365826670333,0.280238642847259,0.54298964129742,0.758426537728876,11.6370132929035,0.441250926342753,0.411764705882353,0.947712418300654,153
"UMass-gbqr_3src",2025-05-17,0.429246316696323,0.539166196379755,5.88827386966608,0.243746683114872,0.647801909265538,0.726624428049618,8.91256875165985,0.37678572110008,0.38562091503268,0.908496732026144,153
"UMass-gbqr_3src",2025-05-24,0.344223473970615,0.486254400616016,5.98538495895768,0.268316073859825,0.632606539979256,0.761591349527736,9.36919228492153,0.427329248704023,0.26797385620915,0.954248366013072,153
"UMass-gbqr_3src",2025-05-31,0.352556880717571,0.465030399614449,6.4072028410408,0.281142112467057,0.846424844521386,0.828276738469625,10.1487998514672,0.433162672927051,0.382352941176471,0.92156862745098,102
"UMass-gbqr_3src",2025-06-07,0.271812467129727,0.416930109994734,5.24955148526995,0.276208174751369,0.768183392177363,0.818680682275909,8.41989247504208,0.431805308979601,0.392156862745098,0.941176470588235,51
"UMass-gbqr_3src",2025-11-22,0.574161324854225,0.604244216081819,10.5264035363127,0.254412397719685,0.61898595935108,0.637921103992655,17.1859631066888,0.395923701106268,0.392156862745098,0.92156862745098,51
"UMass-gbqr_3src",2025-11-29,0.538329481935777,0.53709793210526,16.7962538675367,0.283043962757112,0.532779891442988,0.557774829527711,26.1218846775136,0.458393755024575,0.313725490196078,0.901960784313726,102
"UMass-gbqr_3src",2025-12-06,0.504443721931302,0.39984655107774,25.7750773446974,0.248424180999314,0.471031906194445,0.389613051755186,37.2330710687296,0.379759095956165,0.457516339869281,0.908496732026144,153
"UMass-gbqr_3src",2025-12-13,0.504528270883039,0.360710004928344,46.1903126797446,0.283122531852877,0.494442139017054,0.352163205804603,67.2829106819285,0.429003397860068,0.455882352941176,0.887254901960784,204
"UMass-gbqr_3src",2025-12-20,0.444147861634573,0.338656183583374,100.111113547345,0.357259593444682,0.471092128865865,0.344469842623065,138.616549643639,0.522174046806051,0.333333333333333,0.666666666666667,204
"UMass-gbqr_3src",2025-12-27,0.48071591839907,0.362352664177963,221.96746070783,0.475290171647527,0.569833835905881,0.395609066282025,308.333177984308,0.675333635555547,0.127450980392157,0.416666666666667,204
"UMass-gbqr_3src",2026-01-03,0.448193054686605,0.33147768383395,189.046677506416,0.338608014976416,0.571256425655216,0.383268432189558,284.886139529575,0.500078888012198,0.254901960784314,0.700980392156863,204
"UMass-gbqr_3src",2026-01-10,0.500556918736701,0.367881413129515,88.6877733899094,0.170968604564208,0.583256477548102,0.408486234593136,138.755000548465,0.259141288822293,0.544117647058823,0.985294117647059,204
"UMass-gbqr_3src",2026-01-17,0.948107028395338,0.899120003364984,179.126248846917,0.345665606992156,1.19546384070668,1.10518823970721,294.517753461943,0.554323092791658,0.186274509803922,0.78921568627451,204
"UMass-gbqr_3src",2026-01-24,0.869809969665696,0.89492696727496,184.0900504678,0.401263573496532,1.08133047773852,1.08412859478434,296.379962413097,0.62617312070365,0.230392156862745,0.754901960784314,204
"UMass-gbqr_3src",2026-01-31,0.81851444474832,0.810385567637099,143.721447603461,0.388768360111334,1.00802291339998,0.970094322909327,233.752607555389,0.604785909437768,0.308823529411765,0.803921568627451,204
"UMass-gbqr_3src",2026-02-07,0.853911496092377,0.784094685821862,92.2855076373844,0.292938315486519,0.92026282555408,0.884776787107063,144.490285796555,0.458984639706906,0.431372549019608,0.887254901960784,204
"UMass-gbqr_3src",2026-02-14,0.893013808418135,0.815296216615753,74.0652291753717,0.259859897692148,0.885700038221001,0.879173378454024,109.205946379279,0.401710022113393,0.446078431372549,0.897058823529412,204
"UMass-gbqr_3src",2026-02-21,1.16757047723694,0.991210965120486,49.5277648174935,0.227163262740331,1.16247308920925,1.11671967565166,71.7770148611753,0.338290192529693,0.436274509803922,0.887254901960784,204
"UMass-gbqr_3src",2026-02-28,0.695618844412308,0.745068992607624,29.7941097310551,0.176492707271589,0.72717620941256,0.858294903436418,46.0259765487008,0.275053778919889,0.441176470588235,0.990196078431373,204
"UMass-gbqr_3src",2026-03-07,0.576126293899078,0.751402413688826,28.4729571176349,0.211536511252727,0.59071302827908,0.863682405180955,43.4608423600035,0.328467880314869,0.42156862745098,0.936274509803922,204
"UMass-gbqr_3src",2026-03-14,0.517288507897002,0.68430794906804,28.2418853616275,0.211035006263816,0.522854895706246,0.794764761306666,43.1560330093224,0.332520441550942,0.372549019607843,0.941176470588235,204
"UMass-gbqr_3src",2026-03-21,0.416214664994351,0.584348302546863,20.5316237049424,0.203261747445775,0.399506109953558,0.64094326204196,30.9088477127304,0.315153721074877,0.397058823529412,0.926470588235294,204
"UMass-gbqr_3src",2026-03-28,0.486156096950323,0.724193501490154,26.4328665058786,0.432775472883476,0.403930067849437,0.637408888349322,36.0151176672226,0.590544446955219,0.200980392156863,0.57843137254902,204
"UMass-gbqr_3src",2026-04-04,0.43571648567278,0.646532684437338,17.3968108919738,0.339198048403679,0.353105646888301,0.583998156632762,23.1093798608123,0.465638022205545,0.343137254901961,0.700980392156863,204
"UMass-gbqr_3src",2026-04-11,0.394037739368198,0.589019172540639,11.4114379080566,0.295835278043783,0.351784750824681,0.57393570873061,16.0889790450699,0.419578662283399,0.426470588235294,0.794117647058823,204
"UMass-gbqr_3src",2026-04-18,0.388364937644161,0.595065943905691,7.9271640641718,0.29048542546222,0.420324121845894,0.656994820253496,11.6639943812236,0.42840430478616,0.441176470588235,0.848039215686274,204
"UMass-gbqr_3src",2026-04-25,0.554279965388899,0.686150175198138,8.45110852241229,0.331065386949252,0.885322896542252,1.00309961002493,12.7981236367799,0.497922847048385,0.338235294117647,0.852941176470588,204
"UMass-gbqr_3src",2026-05-02,0.501387484745828,0.671016934793919,7.2880453754558,0.347177299800771,0.865886823100236,0.917604848523236,10.9721443025201,0.52343211955708,0.382352941176471,0.862745098039216,204
"UMass-gbqr_3src",2026-05-09,0.44304203321514,0.575375374542182,5.85411494354141,0.290735794296852,0.95632375229826,0.934282352173448,8.9350640778455,0.448620917512438,0.436274509803922,0.926470588235294,204
"UMass-gbqr_3src",2026-05-16,0.324114035325725,0.519471002136183,4.08979827759531,0.26100810876593,0.795699530713821,0.891170511465456,6.47090941889328,0.407958463803474,0.455882352941176,0.946078431372549,204
"UMass-gbqr_3src",2026-05-23,0.309930874862978,0.502344625787897,3.81811586410056,0.25621693857769,0.725922936536657,0.81838706083716,5.71842234810984,0.397243103524044,0.495098039215686,0.96078431372549,204
"UMass-gbqr_3src",2026-05-30,0.302093911068211,0.555071292896573,3.6427973662995,0.296283871347601,0.680458733115152,0.822658865974203,5.33693124011884,0.463008333239186,0.431372549019608,0.936274509803922,204
"UMass-gbqr_3src",2026-06-06,0.279095737682465,0.55661312133335,3.78138320767869,0.335588444633673,0.84153053107303,0.836115838458773,6.01721830714964,0.537170692790195,0.320261437908497,0.941176470588235,153
"UMass-gbqr_3src",2026-06-13,0.22777004586775,0.514905038181904,3.40452722574845,0.334385535367836,0.870804502773483,0.890575793287724,5.55778167946605,0.527673830311406,0.352941176470588,0.892156862745098,102
"UMass-gbqr_3src",2026-06-20,0.199574978752303,0.520758210135057,3.24286371485167,0.358930404505984,0.844828158586811,0.864477312841547,5.35057833771647,0.598292022011837,0.333333333333333,0.92156862745098,51
"UMass-gbqr_3src_ar6fp",2023-10-21,1.0268124116737,0.950322738197348,7.29636958102871,0.341696861656139,1.14734873857294,1.09466606808279,11.2485170448327,0.545284743933042,0.294117647058824,0.88235294117647,51
"UMass-gbqr_3src_ar6fp",2023-10-28,1.72044400658504,1.28165687816741,13.8818412257541,0.514239057071292,2.06431494538513,1.67253090640083,22.4038786538748,0.79543422983806,0.176470588235294,0.754901960784314,102
"UMass-gbqr_3src_ar6fp",2023-11-04,1.84568041268177,1.3294623020128,19.6424024106261,0.561929830246385,2.05645967286102,1.57652819614212,32.0028088302719,0.873373053981083,0.22875816993464,0.758169934640523,153
"UMass-gbqr_3src_ar6fp",2023-11-11,1.47342652604061,1.00148880421041,23.3633518779876,0.485879117741362,1.53432271927051,1.12384046006694,38.9071128440528,0.771998592187988,0.279411764705882,0.813725490196078,204
"UMass-gbqr_3src_ar6fp",2023-11-18,1.06929731059691,0.855864051152039,22.730475263825,0.431486022829146,1.12169690431409,0.926635600827747,37.3294128102039,0.700872442411775,0.303921568627451,0.852941176470588,204
"UMass-gbqr_3src_ar6fp",2023-11-25,0.864318105462081,0.642778284117915,21.1701401221556,0.325956654278413,0.897187097191208,0.711454341898125,34.9990927423904,0.545967959446351,0.392156862745098,0.936274509803922,204
"UMass-gbqr_3src_ar6fp",2023-12-02,0.543228561366571,0.395940273315704,19.9031749945059,0.218042889276893,0.536449057892111,0.413553791509279,30.5250032549589,0.350768693594179,0.593137254901961,0.990196078431373,204
"UMass-gbqr_3src_ar6fp",2023-12-09,0.485265039598248,0.353932080079328,22.0217190612815,0.186979735201477,0.462564902319058,0.353492325316077,31.5723220582871,0.283689230509811,0.705882352941177,1,204
"UMass-gbqr_3src_ar6fp",2023-12-16,0.366759394586267,0.315875988783093,26.5081468902717,0.186404378203,0.353440894213729,0.314027165025992,35.6507513737054,0.273247021853605,0.676470588235294,0.985294117647059,204
"UMass-gbqr_3src_ar6fp",2023-12-23,0.389873933136107,0.331493269963257,54.6787114713745,0.241924136988927,0.477913271925653,0.371432166449799,84.1502192527914,0.371624323937645,0.450980392156863,0.872549019607843,204
"UMass-gbqr_3src_ar6fp",2023-12-30,0.448097588063169,0.355884340482397,89.5749926938033,0.276012365737776,0.569262450473259,0.425744488408336,136.045354156484,0.430205729784699,0.294117647058824,0.794117647058823,204
"UMass-gbqr_3src_ar6fp",2024-01-06,0.466667058146355,0.388145286720306,52.1375573803991,0.179066185911349,0.539885475175042,0.435177469783862,78.0160976602209,0.271509641267977,0.563725490196078,0.96078431372549,204
"UMass-gbqr_3src_ar6fp",2024-01-13,0.670809329141767,0.623715717300048,44.4961146599258,0.157959792666258,0.727489122380286,0.683751111090985,67.4567854850268,0.242280875646848,0.53921568627451,0.975490196078431,204
"UMass-gbqr_3src_ar6fp",2024-01-20,0.68340149200331,0.756265669533566,50.687585138536,0.220171730362299,0.779622216723137,0.881066599934833,79.2807004211837,0.34919058643059,0.42156862745098,0.931372549019608,204
"UMass-gbqr_3src_ar6fp",2024-01-27,0.594003614484141,0.703982424648555,45.0150535011158,0.188234540677332,0.672945538410999,0.809763584711496,70.2403399479677,0.298047734847959,0.485294117647059,0.96078431372549,204
"UMass-gbqr_3src_ar6fp",2024-02-03,0.624645483430277,0.720174519603217,41.1568729131368,0.201609504260403,0.690023186667322,0.822986912221746,63.9725908305836,0.31596682629835,0.504901960784314,0.946078431372549,204
"UMass-gbqr_3src_ar6fp",2024-02-10,1.03914840415735,1.06526290188986,50.2604548026655,0.252388295636121,1.11616545162077,1.17734898578474,79.9918573661553,0.403921930404487,0.387254901960784,0.92156862745098,204
"UMass-gbqr_3src_ar6fp",2024-02-17,1.34797942513874,1.50227672746376,51.0470240757532,0.31771624922695,1.41222601264819,1.67752783377451,81.085310226217,0.522235315798135,0.245098039215686,0.897058823529412,204
"UMass-gbqr_3src_ar6fp",2024-02-24,1.3260526986041,1.39816687290906,51.8788028425592,0.309760677735146,1.39613919935289,1.58012616205829,80.2232534059541,0.500904389274903,0.308823529411765,0.872549019607843,204
"UMass-gbqr_3src_ar6fp",2024-03-02,1.4802644292889,1.55215237432283,49.7436918142555,0.302519614306588,1.55949928883781,1.78978260185711,76.4383989661239,0.482692774660357,0.299019607843137,0.852941176470588,204
"UMass-gbqr_3src_ar6fp",2024-03-09,1.12978799680371,1.2112958293619,30.5451334086393,0.222855140486442,1.20480025643113,1.3735300181289,48.6290456443819,0.353489815053203,0.485294117647059,0.950980392156863,204
"UMass-gbqr_3src_ar6fp",2024-03-16,0.51389528774984,0.76645381929035,19.6710040527336,0.17863820158727,0.550298756849557,0.83388549251702,31.4209799989394,0.278868706356201,0.524509803921569,0.990196078431373,204
"UMass-gbqr_3src_ar6fp",2024-03-23,0.385758407838224,0.575089256274995,16.4930004143788,0.166970949245072,0.396734920340644,0.631435185461728,25.2179495689075,0.259927814492553,0.647058823529412,0.995098039215686,204
"UMass-gbqr_3src_ar6fp",2024-03-30,0.414106423539489,0.575771068654055,14.3674412676011,0.152286764036295,0.39248591852849,0.565570131835728,20.6401418332041,0.216142013206576,0.705882352941177,1,204
"UMass-gbqr_3src_ar6fp",2024-04-06,0.573192117732471,0.693826454142007,14.7424990014235,0.18012566051845,0.562663986606559,0.717096318552854,22.3796842515962,0.272355710317246,0.607843137254902,0.990196078431373,204
"UMass-gbqr_3src_ar6fp",2024-04-13,0.481297584968669,0.617911140320809,11.4983745371857,0.205628559219159,0.474333209970902,0.631644098209105,17.3898925361391,0.313336054839998,0.622549019607843,0.990196078431373,204
"UMass-gbqr_3src_ar6fp",2024-04-20,0.37224997086872,0.553942116681509,9.94174647158293,0.206421528785972,0.345293018665878,0.534718861555101,14.531081202189,0.308277213368686,0.656862745098039,0.995098039215686,204
"UMass-gbqr_3src_ar6fp",2024-04-27,0.433325277653695,0.592099996204397,10.9222002657905,0.25128888442817,0.435175783395661,0.628552341029073,17.2833048876061,0.406060685203632,0.519607843137255,0.985294117647059,204
"UMass-gbqr_3src_ar6fp",2024-05-04,0.52962044064969,0.647452658543266,13.2989138431091,0.370264710952576,0.511833523210417,0.655822798926874,20.9651025487561,0.597145675650347,0.392156862745098,0.950980392156863,204
"UMass-gbqr_3src_ar6fp",2024-05-11,0.655566735536253,0.86791231865636,17.462348815934,0.80550727640631,0.587515220850878,0.770298339432695,26.1770670623558,1.20416440249333,0.287581699346405,0.810457516339869,153
"UMass-gbqr_3src_ar6fp",2024-05-18,0.661901569756297,0.868024942430352,14.6469082977512,0.799880981579413,0.593852055449627,0.762896037004514,22.1846160714396,1.25281839857024,0.285714285714286,0.908163265306122,98
"UMass-gbqr_3src_ar6fp",2024-05-25,0.677026488241428,0.872997015562112,13.5781804917018,0.742132894456342,0.614675580629231,0.759721477740946,20.6857149481143,1.20980784877093,0.387755102040816,0.938775510204082,49
"UMass-gbqr_3src_ar6fp",2024-11-30,0.722330677396718,0.644726671179281,19.8522395230901,0.257292238847291,0.758274171914042,0.651674975701316,28.3981111442318,0.38087772434811,0.529411764705882,0.96078431372549,51
"UMass-gbqr_3src_ar6fp",2024-12-07,0.624341771553876,0.54459037767994,25.0956916218556,0.264478803649831,0.651871739603223,0.559962706917759,38.7544140093524,0.402673436249688,0.431372549019608,0.901960784313726,102
"UMass-gbqr_3src_ar6fp",2024-12-14,0.63198853176825,0.505453408593685,43.7611649775614,0.346558672238645,0.659728945857847,0.5101205085983,67.5640055728536,0.530385162894041,0.235294117647059,0.77124183006536,153
"UMass-gbqr_3src_ar6fp",2024-12-21,0.733193059447574,0.529700676707198,115.056916221576,0.485928741051016,0.752652830269009,0.514211081502155,154.581609228485,0.696683541168218,0.156862745098039,0.5,204
"UMass-gbqr_3src_ar6fp",2024-12-28,0.817785098067794,0.638300735175858,282.091027059535,0.77777935178361,0.844389405918049,0.639078959732728,337.975138046208,1.03670047606059,0.00490196078431373,0.200980392156863,204
"UMass-gbqr_3src_ar6fp",2025-01-04,0.786769620555138,0.646482219485396,351.820815890038,0.773986067815122,0.849593374694746,0.676242663694947,427.607841895996,1.02099107987637,0.0686274509803922,0.245098039215686,204
"UMass-gbqr_3src_ar6fp",2025-01-11,0.71559573008909,0.569817761667918,161.243373994548,0.359439081291561,0.849362568171152,0.655657409716949,232.987646824949,0.547228581014082,0.205882352941176,0.700980392156863,204
"UMass-gbqr_3src_ar6fp",2025-01-18,0.744156826539348,0.632253906950254,145.463611584421,0.268722288850465,0.92209699226034,0.763103139692553,225.222190359588,0.429092795254966,0.308823529411765,0.848039215686274,204
"UMass-gbqr_3src_ar6fp",2025-01-25,0.713835669835778,0.664699256255366,186.088623943558,0.269968048191797,0.894227308656118,0.814567547936842,287.532069782003,0.425842844798768,0.326797385620915,0.895424836601307,153
"UMass-gbqr_3src_ar6fp",2025-02-01,0.913605554949156,0.922029599590458,338.04534883549,0.426557862464922,1.09317418198737,1.09914110104689,474.987754538158,0.628594342945243,0.137254901960784,0.588235294117647,153
"UMass-gbqr_3src_ar6fp",2025-02-08,1.12807106564202,1.18218064655726,372.717901774457,0.529774871311921,1.28417550643268,1.37341636629062,496.010691033632,0.748747024207971,0.0980392156862745,0.450980392156863,153
"UMass-gbqr_3src_ar6fp",2025-02-15,1.02491183321243,1.15935996453474,217.69545864941,0.332842039389803,1.18670335842584,1.32588477292542,311.296335231512,0.478888089703224,0.222222222222222,0.647058823529412,153
"UMass-gbqr_3src_ar6fp",2025-02-22,0.804981524615028,1.09092631544117,161.744088495683,0.296009123415624,0.92731342427434,1.24628952001276,239.024126414792,0.439054238507643,0.28921568627451,0.794117647058823,204
"UMass-gbqr_3src_ar6fp",2025-03-01,0.434111586224674,0.618547507851985,89.0906539072077,0.169624672993585,0.519963926310467,0.712950808528376,138.46078612237,0.257417411701075,0.504901960784314,0.941176470588235,204
"UMass-gbqr_3src_ar6fp",2025-03-08,0.284637449873411,0.482302330700607,62.4529950577362,0.159591743904504,0.342913028834052,0.593685300860257,96.6258315513127,0.25419932489641,0.470588235294118,0.990196078431373,204
"UMass-gbqr_3src_ar6fp",2025-03-15,0.245552039402169,0.424003650522152,49.2042441374008,0.159418603052013,0.292252748440904,0.509277197155172,76.4054697676409,0.249446364370323,0.46078431372549,0.975490196078431,204
"UMass-gbqr_3src_ar6fp",2025-03-22,0.233122028137554,0.367745054415623,39.8268261458787,0.154871339144557,0.254793494049179,0.405896870318096,59.1608011403308,0.231923951472717,0.544117647058823,0.990196078431373,204
"UMass-gbqr_3src_ar6fp",2025-03-29,0.202559808672048,0.36190516905161,28.2808949506959,0.17093680795281,0.202053143162933,0.37673541581376,40.0709020242293,0.249211745373028,0.588235294117647,0.975490196078431,204
"UMass-gbqr_3src_ar6fp",2025-04-05,0.222053186007927,0.414973024256714,23.8094081947273,0.219869165439796,0.212477100933609,0.434089513042558,34.2015223693967,0.334615568477795,0.509803921568627,0.975490196078431,204
"UMass-gbqr_3src_ar6fp",2025-04-12,0.242451064057502,0.455320353640958,18.8487900857229,0.251024122039522,0.22633873718219,0.459714457077359,27.905125386614,0.383498453870048,0.504901960784314,0.96078431372549,204
"UMass-gbqr_3src_ar6fp",2025-04-19,0.299221288716658,0.547546032557788,15.1467997373111,0.269453592722475,0.27891510634896,0.583301124798066,22.9435019590289,0.426308555483922,0.455882352941176,0.96078431372549,204
"UMass-gbqr_3src_ar6fp",2025-04-26,0.336056343010264,0.560988893832786,13.6343024238729,0.294413624482105,0.318047030801993,0.599410184165247,20.8622222296,0.4584986171984,0.607843137254902,0.967320261437909,153
"UMass-gbqr_3src_ar6fp",2025-05-03,0.363990679105252,0.614700131630499,9.47399366628592,0.297627861325675,0.383765507140838,0.704516181174628,14.8364246714906,0.466105557648993,0.555555555555556,0.986928104575163,153
"UMass-gbqr_3src_ar6fp",2025-05-10,0.436179720621915,0.660575225804036,7.72249687991014,0.308728980650375,0.563182677679607,0.829697110860011,12.0697777785061,0.482715992305851,0.542483660130719,0.973856209150327,153
"UMass-gbqr_3src_ar6fp",2025-05-17,0.437091570864127,0.583575645017589,5.99589274330652,0.263823341995037,0.686840206998067,0.794348045606548,9.44966428582307,0.411903301918532,0.555555555555556,0.986928104575163,153
"UMass-gbqr_3src_ar6fp",2025-05-24,0.360566107536934,0.525271258185945,6.26955196247223,0.289845647729487,0.663795177485465,0.832980520399369,9.83111027569977,0.467385744583468,0.61437908496732,0.993464052287582,153
"UMass-gbqr_3src_ar6fp",2025-05-31,0.355700517511585,0.502644717452593,6.46433381677671,0.303882494138429,0.810028953427414,0.862213724492199,9.71240598080125,0.450910648807416,0.647058823529412,1,102
"UMass-gbqr_3src_ar6fp",2025-06-07,0.303012324568606,0.46707908721776,5.85211861432039,0.309430907128733,0.735926133697287,0.861853551897869,8.06632762228987,0.454576426840623,0.764705882352941,0.980392156862745,51
"UMass-gbqr_3src_ar6fp",2025-11-22,0.545552817762891,0.562410982406535,10.0019086301271,0.236798835189107,0.578893656941611,0.577790031855419,16.0728121221435,0.358603542730795,0.509803921568627,0.92156862745098,51
"UMass-gbqr_3src_ar6fp",2025-11-29,0.513858929584799,0.476283157994761,16.0327556320548,0.250995329482835,0.510337540344618,0.493993847012682,25.0215494045434,0.405976896954847,0.431372549019608,0.941176470588235,102
"UMass-gbqr_3src_ar6fp",2025-12-06,0.506196038223335,0.370448265347827,25.864613770657,0.230159061453947,0.467882661420506,0.359456666427286,36.9841366484941,0.350365415282898,0.522875816993464,0.934640522875817,153
"UMass-gbqr_3src_ar6fp",2025-12-13,0.506730488516902,0.336973873214401,46.391928975535,0.264491959882521,0.475175625067659,0.323926830120115,64.6611536856775,0.394605990884452,0.490196078431373,0.877450980392157,204
"UMass-gbqr_3src_ar6fp",2025-12-20,0.547454071513948,0.392317773079229,123.396376408498,0.41386897657784,0.57738447433386,0.403544698071727,169.892551256688,0.611724284641718,0.166666666666667,0.593137254901961,204
"UMass-gbqr_3src_ar6fp",2025-12-27,0.617856893463618,0.457187998135752,285.291417391958,0.599683633076337,0.681155833662665,0.48341379240803,368.56874699601,0.82522273054247,0.0588235294117647,0.269607843137255,204
"UMass-gbqr_3src_ar6fp",2026-01-03,0.541512223503453,0.406945284608814,228.408462853182,0.415698979887979,0.64022738346584,0.458076562680545,319.28202380832,0.597686631223624,0.200980392156863,0.563725490196078,204
"UMass-gbqr_3src_ar6fp",2026-01-10,0.6225135461572,0.437618056143095,110.295828999977,0.203377897661129,0.722159467330906,0.495523849669862,171.799613279589,0.314357445052054,0.377450980392157,0.843137254901961,204
"UMass-gbqr_3src_ar6fp",2026-01-17,1.14685032784337,1.02441269012514,216.674901738814,0.393834230155407,1.31422421485493,1.16920515382935,323.775885245975,0.586431698866373,0.186274509803922,0.661764705882353,204
"UMass-gbqr_3src_ar6fp",2026-01-24,1.04025552091322,1.00564597102241,220.163826609074,0.450907292729799,1.17818618739775,1.13242165276378,322.926972951755,0.654066319876502,0.215686274509804,0.666666666666667,204
"UMass-gbqr_3src_ar6fp",2026-01-31,0.845891093531234,0.840778939413848,148.528463067705,0.403349050804474,0.967280803002853,0.961919767650569,224.30483170026,0.599689646404715,0.308823529411765,0.754901960784314,204
"UMass-gbqr_3src_ar6fp",2026-02-07,0.765687360528491,0.767793487143126,82.7507851589534,0.286848176415681,0.81244953581125,0.852870170660828,127.562542313894,0.442432841482492,0.446078431372549,0.872549019607843,204
"UMass-gbqr_3src_ar6fp",2026-02-14,0.913433877964105,0.845379936928271,75.758839191748,0.269448501592533,0.904429856145314,0.903490481369341,111.51531456678,0.412820940834593,0.406862745098039,0.872549019607843,204
"UMass-gbqr_3src_ar6fp",2026-02-21,1.20697164658566,1.08479304015158,51.1991430229923,0.248610169853077,1.25645864967627,1.2579756599434,77.580162506482,0.381081158932375,0.441176470588235,0.906862745098039,204
"UMass-gbqr_3src_ar6fp",2026-02-28,0.686016280596895,0.775361398680183,29.3828215057374,0.183668403496451,0.736779728678702,0.884107990667808,46.6338228269579,0.283325979022856,0.5,0.990196078431373,204
"UMass-gbqr_3src_ar6fp",2026-03-07,0.5617027858096,0.769511914269355,27.7601274279184,0.21663473891815,0.586214411662259,0.887149281491314,43.1298632580335,0.337392590454888,0.529411764705882,0.965686274509804,204
"UMass-gbqr_3src_ar6fp",2026-03-14,0.483949891755697,0.686789323635016,26.4217301468793,0.211800242000151,0.49941331240005,0.801508447932842,41.2211831087846,0.335341922527188,0.475490196078431,0.970588235294118,204
"UMass-gbqr_3src_ar6fp",2026-03-21,0.389059304065205,0.580191526932857,19.1920657819252,0.201815840148089,0.378717869657937,0.64316786882767,29.3005104745648,0.316247566892386,0.524509803921569,0.975490196078431,204
"UMass-gbqr_3src_ar6fp",2026-03-28,0.421444238554746,0.645573208432378,22.9144082883477,0.385792264063866,0.386936947533841,0.630467718827015,34.4999810720247,0.584113615519234,0.308823529411765,0.808823529411765,204
"UMass-gbqr_3src_ar6fp",2026-04-04,0.399850244494703,0.609765278823712,15.9647828744488,0.319908331844551,0.360702045496083,0.617346850074919,23.6065343598932,0.492227865822654,0.455882352941176,0.901960784313726,204
"UMass-gbqr_3src_ar6fp",2026-04-11,0.372560984967926,0.578068525406903,10.789465378983,0.290335308109706,0.362738676502566,0.629100365268284,16.5899600576909,0.45990706918213,0.519607843137255,0.96078431372549,204
"UMass-gbqr_3src_ar6fp",2026-04-18,0.392558207271169,0.612294091628585,8.01275556092287,0.298895461143919,0.431524942777162,0.716961387942369,11.9748171620662,0.467506493949921,0.602941176470588,0.970588235294118,204
"UMass-gbqr_3src_ar6fp",2026-04-25,0.552034250058825,0.734134826307365,8.41686809311664,0.354217836167112,0.944200014096932,1.13239267488563,13.6492443214306,0.562101888008686,0.504901960784314,0.96078431372549,204
"UMass-gbqr_3src_ar6fp",2026-05-02,0.499573347162991,0.678296183710827,7.26167551696653,0.350943508747981,0.902316616679836,0.968642408623962,11.4337669319479,0.552545629913459,0.573529411764706,0.96078431372549,204
"UMass-gbqr_3src_ar6fp",2026-05-09,0.456472518730804,0.610441346163958,6.03157802844488,0.308454545504028,0.987858881039643,0.978247862592976,9.22970111402725,0.469732145373509,0.642156862745098,0.970588235294118,204
"UMass-gbqr_3src_ar6fp",2026-05-16,0.383535185616492,0.567333095586331,4.8395977050335,0.285056408751165,0.831184913465958,0.927871392658783,6.75948907568639,0.424759328418308,0.740196078431373,0.985294117647059,204
"UMass-gbqr_3src_ar6fp",2026-05-23,0.397306717555427,0.563984248642859,4.89452069556722,0.287655745030952,0.815042038452687,0.868509591325372,6.42045370486994,0.421572458813763,0.71078431372549,0.990196078431373,204
"UMass-gbqr_3src_ar6fp",2026-05-30,0.400044478743854,0.617441627145795,4.82393361858168,0.329575674265693,0.846260814735952,0.93202313720083,6.63733972341924,0.524560661951518,0.67156862745098,0.970588235294118,204
"UMass-gbqr_3src_ar6fp",2026-06-06,0.380159600524256,0.62997771624575,5.15066672675516,0.379820801641094,1.03826124799979,0.976396121409065,7.42390722425995,0.627295114923036,0.542483660130719,0.993464052287582,153
"UMass-gbqr_3src_ar6fp",2026-06-13,0.3613954244302,0.607406543201123,5.40185412461095,0.39445712718484,1.22912222617439,1.10847275030465,7.84469185528949,0.656779654643166,0.607843137254902,0.970588235294118,102
"UMass-gbqr_3src_ar6fp",2026-06-20,0.363872712020703,0.658314650908185,5.91251279100034,0.453740602344819,1.37816440705822,1.15670216623777,8.72837457803541,0.800536541125761,0.568627450980392,1,51
"UMass-gbqr_3src_ar6p",2023-10-21,0.713988033331078,0.672246188276846,5.0734881156373,0.241712003261358,0.825941818277033,0.787809199716351,8.09746880663758,0.392430486575505,0.568627450980392,0.96078431372549,51
"UMass-gbqr_3src_ar6p",2023-10-28,0.76670549958142,0.762816260330747,6.18635885350778,0.306064689476034,0.897429190414727,1.01980166295424,9.73974185840403,0.485004580336987,0.529411764705882,0.950980392156863,102
"UMass-gbqr_3src_ar6p",2023-11-04,0.769877753476265,0.758492529590033,8.19331913415986,0.320595460097201,0.839007775248447,0.92653863622073,13.0567138236328,0.513288554132917,0.568627450980392,0.973856209150327,153
"UMass-gbqr_3src_ar6p",2023-11-11,0.640938310127219,0.575618093079138,10.1630227275902,0.279265040253507,0.574790610760821,0.626000520683532,14.5754493977681,0.430017905431032,0.656862745098039,0.970588235294118,204
"UMass-gbqr_3src_ar6p",2023-11-18,0.622026584426443,0.580395678313669,13.2226647824019,0.292607946981408,0.605706627175351,0.591467947469262,20.157560068806,0.447364189958552,0.607843137254902,0.975490196078431,204
"UMass-gbqr_3src_ar6p",2023-11-25,0.591426502940679,0.534270445462015,14.4860808307572,0.270931690110877,0.531880145753069,0.518963358232722,20.7485401956025,0.398250947440724,0.681372549019608,0.970588235294118,204
"UMass-gbqr_3src_ar6p",2023-12-02,0.522324261669712,0.466366878445739,19.137269140886,0.256826568279589,0.497187051664307,0.452975756312783,28.290918116271,0.384205676586343,0.647058823529412,0.985294117647059,204
"UMass-gbqr_3src_ar6p",2023-12-09,0.46489976235074,0.43316213486793,21.0975263468816,0.228836394990696,0.448097880453962,0.420365885205403,30.5848768992204,0.337357464267054,0.71078431372549,0.995098039215686,204
"UMass-gbqr_3src_ar6p",2023-12-16,0.425701105079992,0.420126743064881,30.7682573136027,0.247924714408214,0.476634012203394,0.435490384795606,48.076951319163,0.378936805296543,0.607843137254902,0.970588235294118,204
"UMass-gbqr_3src_ar6p",2023-12-23,0.486233762746809,0.446532228248996,68.1929038112737,0.32587968971091,0.607956523176785,0.511714235554196,107.048030943677,0.511978966858809,0.343137254901961,0.813725490196078,204
"UMass-gbqr_3src_ar6p",2023-12-30,0.526947260181489,0.447291486015833,105.337092272236,0.34690478671315,0.664984389552438,0.532271987992624,158.921489920833,0.537849497228712,0.235294117647059,0.725490196078431,204
"UMass-gbqr_3src_ar6p",2024-01-06,0.530339613617421,0.459333678988879,59.2512618008818,0.211908099289728,0.632414326384792,0.519086626345162,91.3869702328298,0.323861030250436,0.524509803921569,0.936274509803922,204
"UMass-gbqr_3src_ar6p",2024-01-13,0.690240352037043,0.659242465910149,45.7850129878815,0.166957157473498,0.743076361450195,0.712243687456829,68.9021198685877,0.252376956281125,0.519607843137255,0.975490196078431,204
"UMass-gbqr_3src_ar6p",2024-01-20,0.705591617946069,0.772823212316326,52.333416924272,0.224992130113192,0.802247219301171,0.914535216566993,81.5814635509942,0.36245510680813,0.411764705882353,0.931372549019608,204
"UMass-gbqr_3src_ar6p",2024-01-27,0.62992894250759,0.730647342174491,47.737563135043,0.195364347227828,0.708777580168073,0.841171752124189,73.980397129994,0.309608063479449,0.480392156862745,0.96078431372549,204
"UMass-gbqr_3src_ar6p",2024-02-03,0.615416889104397,0.724310432474601,40.5488158729236,0.202767333815555,0.672700066364086,0.827113881927178,62.3665507605096,0.317551281045673,0.534313725490196,0.965686274509804,204
"UMass-gbqr_3src_ar6p",2024-02-10,0.974409735555268,1.0203512392982,47.1292418649924,0.24174756276578,1.06836921957938,1.12763202434693,76.5664607365225,0.38686516025369,0.411764705882353,0.941176470588235,204
"UMass-gbqr_3src_ar6p",2024-02-17,1.25755767660938,1.43705482140313,47.6228166375164,0.303922479422633,1.34849129096548,1.61680884309477,77.4258749562678,0.503332737471768,0.269607843137255,0.931372549019608,204
"UMass-gbqr_3src_ar6p",2024-02-24,1.22438897503572,1.31935943842203,47.9014403464863,0.292301070595061,1.32608280491856,1.50769694795197,76.1977580355657,0.47794412690552,0.348039215686274,0.916666666666667,204
"UMass-gbqr_3src_ar6p",2024-03-02,1.32406987037292,1.42655771655465,44.4948363746145,0.278040801494428,1.43500084893547,1.65832574086438,70.336144551499,0.44723971074361,0.338235294117647,0.941176470588235,204
"UMass-gbqr_3src_ar6p",2024-03-09,0.996152616506496,1.11133558719244,26.9321453694312,0.204464378071723,1.06342478399511,1.26334096317427,42.9227434873322,0.325131709920662,0.5,0.965686274509804,204
"UMass-gbqr_3src_ar6p",2024-03-16,0.548131909376484,0.763377759192109,20.9815214651786,0.177921261009647,0.58218309523841,0.828060271956245,33.2415132026324,0.276920631066967,0.534313725490196,0.990196078431373,204
"UMass-gbqr_3src_ar6p",2024-03-23,0.454490156462978,0.610263163759112,19.4316084538035,0.17718331307764,0.484873631227205,0.678812632122377,30.8203743927606,0.279430554362418,0.588235294117647,1,204
"UMass-gbqr_3src_ar6p",2024-03-30,0.470396470498336,0.617292805766582,16.3204270163349,0.163268925743054,0.452859555974415,0.632988187044363,23.8150848847722,0.241906942008543,0.700980392156863,1,204
"UMass-gbqr_3src_ar6p",2024-04-06,0.587083481055159,0.704576778367048,15.0997848111504,0.182916573491375,0.556474126967407,0.718396302547243,22.1334856186938,0.272849448822147,0.612745098039216,0.990196078431373,204
"UMass-gbqr_3src_ar6p",2024-04-13,0.494119264954316,0.638701320554779,11.8046891401989,0.21254711842364,0.476826353090901,0.649484032612666,17.4812955625826,0.322185808491564,0.61764705882353,0.990196078431373,204
"UMass-gbqr_3src_ar6p",2024-04-20,0.401782950771796,0.581651954611534,10.7304890416939,0.216747349725881,0.370225141278453,0.558940368787069,15.5803080288016,0.322241446332798,0.651960784313726,0.995098039215686,204
"UMass-gbqr_3src_ar6p",2024-04-27,0.461228843043185,0.616720084357227,11.6255248698011,0.261737718284119,0.462129870713923,0.657202412505229,18.3538049633539,0.424569354880519,0.524509803921569,0.985294117647059,204
"UMass-gbqr_3src_ar6p",2024-05-04,0.55410720982631,0.659115325325795,13.9137833016528,0.376934347547914,0.535058763540138,0.66796195198273,21.9164266085363,0.608198726512903,0.397058823529412,0.950980392156863,204
"UMass-gbqr_3src_ar6p",2024-05-11,0.678274653321815,0.867311469848919,18.067220234449,0.804949630114155,0.610123261493864,0.776105492640452,27.1843808732266,1.21324240099681,0.30718954248366,0.810457516339869,153
"UMass-gbqr_3src_ar6p",2024-05-18,0.693229415076068,0.871341756329724,15.3401474416525,0.8029374102923,0.622690113892641,0.771621707857068,23.2619235404179,1.26714758689172,0.306122448979592,0.908163265306122,98
"UMass-gbqr_3src_ar6p",2024-05-25,0.730682284436247,0.884292418868905,14.6542803161734,0.751735092631928,0.662635183578316,0.774728479321064,22.2997024024621,1.23370553868767,0.387755102040816,0.938775510204082,49
"UMass-gbqr_3src_ar6p",2024-11-30,0.775896239465381,0.714047675509079,21.3244134202428,0.28495629743282,0.820688703256588,0.728614425657238,30.7355965337271,0.425845727884336,0.431372549019608,0.901960784313726,51
"UMass-gbqr_3src_ar6p",2024-12-07,0.73967329647562,0.664097887469208,29.7314929018356,0.322517293699708,0.777334305368757,0.684057011107054,46.2132865466289,0.491910593063162,0.284313725490196,0.88235294117647,102
"UMass-gbqr_3src_ar6p",2024-12-14,0.782249659680234,0.674412220174624,54.1657873365667,0.462403457156455,0.787334685283631,0.673622217604754,80.6323345340472,0.700382014820514,0.124183006535948,0.633986928104575,153
"UMass-gbqr_3src_ar6p",2024-12-21,0.850712813501866,0.704452820632195,133.498799054991,0.646240201895873,0.844541378325388,0.679529042866674,173.453895436653,0.920666078467271,0.102941176470588,0.416666666666667,204
"UMass-gbqr_3src_ar6p",2024-12-28,0.878402779743186,0.756888409872161,303.000804117323,0.922280273797126,0.893755745892471,0.748352456214977,357.734499604696,1.21396164871964,0.00490196078431373,0.17156862745098,204
"UMass-gbqr_3src_ar6p",2025-01-04,0.826013899790986,0.729519520858019,369.369732344172,0.873400579822174,0.883991020329172,0.758054899989861,444.92048045244,1.14451118289005,0.0686274509803922,0.230392156862745,204
"UMass-gbqr_3src_ar6p",2025-01-11,0.77515033502235,0.655455956550036,174.662662333727,0.413459359637738,0.904821585258165,0.743474472344461,248.200544556185,0.620522965944811,0.21078431372549,0.686274509803922,204
"UMass-gbqr_3src_ar6p",2025-01-18,0.787135841976412,0.698641651070168,153.864908978805,0.296938589857722,0.964454754226811,0.83413412010837,235.568073719899,0.469033506216531,0.28921568627451,0.848039215686274,204
"UMass-gbqr_3src_ar6p",2025-01-25,0.71321433176473,0.687914832868984,185.926648363559,0.279397070184892,0.900602592295615,0.843733898866698,289.581994317484,0.441090545107757,0.333333333333333,0.895424836601307,153
"UMass-gbqr_3src_ar6p",2025-02-01,0.867089856567393,0.889878527650238,320.833965431999,0.411683836155064,1.05498146259615,1.07097196546428,458.392893149864,0.612484528421865,0.163398692810458,0.627450980392157,153
"UMass-gbqr_3src_ar6p",2025-02-08,1.06142338403566,1.12374049453961,350.697317430938,0.503585875489022,1.23920992480554,1.33058007984028,478.642808603324,0.725393915278279,0.111111111111111,0.490196078431373,153
"UMass-gbqr_3src_ar6p",2025-02-15,0.947499919599734,1.101666866715,201.252852082928,0.316278858907077,1.12080810335843,1.27257544000303,294.010674694708,0.459633622702876,0.254901960784314,0.69281045751634,153
"UMass-gbqr_3src_ar6p",2025-02-22,0.755805491084634,1.04079093071917,151.863199958508,0.282405517861694,0.878650935159853,1.20296342994561,226.480892762307,0.423790928356601,0.357843137254902,0.823529411764706,204
"UMass-gbqr_3src_ar6p",2025-03-01,0.454071152273001,0.628131186353102,93.1868606139075,0.172252811190233,0.541645090231688,0.735263308993064,144.234246258118,0.265473544115112,0.504901960784314,0.950980392156863,204
"UMass-gbqr_3src_ar6p",2025-03-08,0.341489980468024,0.525665338497349,74.9271470494161,0.173940374617472,0.41882746977872,0.652738580709655,118.016958065148,0.279484276113636,0.441176470588235,0.985294117647059,204
"UMass-gbqr_3src_ar6p",2025-03-15,0.304172509422967,0.476432159558462,60.9507396068537,0.179130885388204,0.367949408671036,0.578161942688002,96.195322611041,0.283186436436624,0.392156862745098,0.975490196078431,204
"UMass-gbqr_3src_ar6p",2025-03-22,0.268633171257031,0.406750005637625,45.8935892680077,0.171297798063546,0.298520044621865,0.455849247546281,69.3137203608034,0.260466060464928,0.509803921568627,0.985294117647059,204
"UMass-gbqr_3src_ar6p",2025-03-29,0.224701883464743,0.387324413682926,31.3723161724473,0.182942949089825,0.224818465502125,0.406607524542928,44.5856895040171,0.268972245824753,0.573529411764706,0.970588235294118,204
"UMass-gbqr_3src_ar6p",2025-04-05,0.237660539904853,0.434407595284459,25.4828895189638,0.230166371915336,0.227722726373043,0.456269300181406,36.6555449309393,0.351712738207059,0.5,0.975490196078431,204
"UMass-gbqr_3src_ar6p",2025-04-12,0.255115965373071,0.47255881896903,19.8333931736968,0.260527915554758,0.240065287961444,0.481329603586206,29.597461066266,0.401530027901931,0.519607843137255,0.96078431372549,204
"UMass-gbqr_3src_ar6p",2025-04-19,0.312830335657518,0.570519853253724,15.8356996130952,0.280759269609885,0.292300582636411,0.610027139535846,24.0445886138315,0.445841397531243,0.46078431372549,0.96078431372549,204
"UMass-gbqr_3src_ar6p",2025-04-26,0.350869652152452,0.592970763373165,14.2353002652877,0.311198088903077,0.329655981912273,0.635832808565636,21.6237087220365,0.486358876105365,0.607843137254902,0.967320261437909,153
"UMass-gbqr_3src_ar6p",2025-05-03,0.376595816358229,0.642646976485553,9.80208171181205,0.311159271580863,0.399188570367853,0.748567217649151,15.4326823119337,0.49524957657946,0.581699346405229,0.986928104575163,153
"UMass-gbqr_3src_ar6p",2025-05-10,0.45056392397722,0.686364377390307,7.97716705433493,0.32078189782022,0.582250367603021,0.876690972324229,12.478424544904,0.510056919702199,0.549019607843137,0.973856209150327,153
"UMass-gbqr_3src_ar6p",2025-05-17,0.445473950501863,0.598571710552884,6.11087974509696,0.270602775235742,0.693586721376601,0.820421615060045,9.54248397710944,0.425423558448523,0.562091503267974,0.986928104575163,153
"UMass-gbqr_3src_ar6p",2025-05-24,0.373733434385826,0.542621567018636,6.49850648193584,0.299419580099756,0.675063290506005,0.86361946950125,9.99799618487977,0.484577272702723,0.620915032679739,0.993464052287582,153
"UMass-gbqr_3src_ar6p",2025-05-31,0.362820820719225,0.518881061578276,6.59373485654145,0.313698454750942,0.778504788291886,0.892983531609989,9.33442505961742,0.4670022897742,0.686274509803922,1,102
"UMass-gbqr_3src_ar6p",2025-06-07,0.327645014957662,0.493472581079231,6.32785314476174,0.32691608891347,0.739189588096235,0.924397418282661,8.10209764207442,0.487564591986996,0.745098039215686,0.980392156862745,51
"UMass-gbqr_3src_ar6p",2025-11-22,0.648791582238693,0.651437060166235,11.8946395550784,0.274282583149977,0.695118821770025,0.701148508768054,19.2997696397325,0.435165588470302,0.411764705882353,0.901960784313726,51
"UMass-gbqr_3src_ar6p",2025-11-29,0.64563469173211,0.603073047196273,20.1442509688055,0.31781203186049,0.631591592205858,0.626350293499097,30.9665642413872,0.51475084173466,0.294117647058824,0.92156862745098,102
"UMass-gbqr_3src_ar6p",2025-12-06,0.612509957776226,0.500085408712504,31.2968342149961,0.310702462617857,0.582352415981996,0.502362597320675,46.0324844371651,0.489657019807862,0.366013071895425,0.895424836601307,153
"UMass-gbqr_3src_ar6p",2025-12-13,0.60515535032981,0.460112580436355,55.4028712853522,0.361143957557761,0.577524501663059,0.459070400878964,78.5886282655222,0.559237190563663,0.343137254901961,0.833333333333333,204
"UMass-gbqr_3src_ar6p",2025-12-20,0.632757932695247,0.493102655460751,142.623902352942,0.520190277798458,0.654049179543271,0.495940966656754,192.450764957178,0.751785699334605,0.122549019607843,0.436274509803922,204
"UMass-gbqr_3src_ar6p",2025-12-27,0.673208360310956,0.525292736690961,310.849598580286,0.689015149242636,0.729013611760598,0.548549000823116,394.464262289069,0.936413299340682,0.0490196078431373,0.200980392156863,204
"UMass-gbqr_3src_ar6p",2026-01-03,0.590261637978692,0.464629090575684,248.970840472735,0.47462360735856,0.685494583313313,0.517682951576196,341.856820751862,0.67545952920813,0.181372549019608,0.519607843137255,204
"UMass-gbqr_3src_ar6p",2026-01-10,0.672004568523894,0.486927631647086,119.064559212657,0.226293948906705,0.77631526207222,0.547739258316346,184.683117566799,0.347482596274127,0.348039215686274,0.852941176470588,204
"UMass-gbqr_3src_ar6p",2026-01-17,1.15245818683546,1.02520589194021,217.734396832966,0.394139175641933,1.31644958601208,1.17101788213462,324.324133793114,0.587340898878156,0.191176470588235,0.691176470588235,204
"UMass-gbqr_3src_ar6p",2026-01-24,1.07415432564102,1.02103722105364,227.338304817845,0.457808356407562,1.21964495543796,1.15591908427342,334.290333521364,0.667638012466935,0.21078431372549,0.696078431372549,204
"UMass-gbqr_3src_ar6p",2026-01-31,0.856153771348816,0.845305038079976,150.330467811414,0.405520367800238,0.984145642707543,0.971998886298502,228.215655754525,0.605973271402684,0.323529411764706,0.754901960784314,204
"UMass-gbqr_3src_ar6p",2026-02-07,0.751769301365698,0.770999973036509,81.2466068441711,0.288046121757262,0.794539595660215,0.8578284675291,124.750506122533,0.445004995425505,0.42156862745098,0.862745098039216,204
"UMass-gbqr_3src_ar6p",2026-02-14,0.968773128502224,0.908110969231295,80.3485938348027,0.289442804649712,0.948318689488782,0.959960114324299,116.926764689761,0.438622924901673,0.431372549019608,0.857843137254902,204
"UMass-gbqr_3src_ar6p",2026-02-21,1.37076106605952,1.26652486272761,58.1470095590603,0.290259016781539,1.44001927386609,1.48416687713212,88.914131243222,0.449601730459552,0.357843137254902,0.897058823529412,204
"UMass-gbqr_3src_ar6p",2026-02-28,0.782199908747742,0.910114723299846,33.5024706418652,0.215588909264292,0.848168207040615,1.0642523670836,53.6840582809236,0.341056010141466,0.446078431372549,0.985294117647059,204
"UMass-gbqr_3src_ar6p",2026-03-07,0.633085158940257,0.886505618778591,31.2879428923872,0.249571071886419,0.669438684237787,1.05186135060102,49.2529667241419,0.400034394754939,0.475490196078431,0.96078431372549,204
"UMass-gbqr_3src_ar6p",2026-03-14,0.532496502097702,0.750877807488527,29.0721810713516,0.231564609212141,0.553336297540623,0.891364597162583,45.6719440097501,0.372936702608803,0.455882352941176,0.970588235294118,204
"UMass-gbqr_3src_ar6p",2026-03-21,0.43370284059424,0.615276493126461,21.3943050828505,0.214019916905916,0.417426978067014,0.68077627555211,32.29534311192,0.334739733086854,0.529411764705882,0.980392156862745,204
"UMass-gbqr_3src_ar6p",2026-03-28,0.482353562470872,0.685242630136199,26.2261183299125,0.409498570046395,0.443021517247873,0.668102427419636,39.5005802804978,0.618981293988082,0.32843137254902,0.794117647058823,204
"UMass-gbqr_3src_ar6p",2026-04-04,0.455220085641792,0.652669086453221,18.1755292823273,0.342417461185291,0.415999455569734,0.659693345908242,27.2255329966251,0.525991908299869,0.470588235294118,0.897058823529412,204
"UMass-gbqr_3src_ar6p",2026-04-11,0.432100205824872,0.614971876466651,12.5137370768983,0.308870041154842,0.426126642244354,0.669521323921658,19.4890273144109,0.489457019641748,0.534313725490196,0.96078431372549,204
"UMass-gbqr_3src_ar6p",2026-04-18,0.434648249498498,0.647596260635978,8.8718822169694,0.316128451350928,0.478202790235326,0.760592502079578,13.2701274290303,0.495956881293592,0.598039215686274,0.955882352941177,204
"UMass-gbqr_3src_ar6p",2026-04-25,0.568245699814447,0.75488782097276,8.66404412282262,0.364231093406711,0.960951089441254,1.17699117871798,13.8913958958934,0.584239882860214,0.519607843137255,0.965686274509804,204
"UMass-gbqr_3src_ar6p",2026-05-02,0.527075628897004,0.703770862429936,7.66144193177378,0.364123846996387,0.938870483531994,1.01658117734256,11.8969617643638,0.579891487293915,0.593137254901961,0.965686274509804,204
"UMass-gbqr_3src_ar6p",2026-05-09,0.482093860819459,0.631654322738,6.37012441987034,0.319173411598291,0.997439438889125,0.995253079012855,9.3192135809935,0.477897659551355,0.666666666666667,0.985294117647059,204
"UMass-gbqr_3src_ar6p",2026-05-16,0.435067854396405,0.597291300291748,5.48985717252054,0.30010890315418,0.898051922884249,0.97256868259674,7.3032751963969,0.445220774914425,0.725490196078431,0.985294117647059,204
"UMass-gbqr_3src_ar6p",2026-05-23,0.471036102999565,0.609371304247942,5.80281141148607,0.31080505695989,1.02932920124644,0.979376725503017,8.10849032550501,0.475387098080533,0.705882352941177,0.990196078431373,204
"UMass-gbqr_3src_ar6p",2026-05-30,0.479246407649187,0.670367012315904,5.77898953812003,0.3578259877145,1.06994767010409,1.03667847756679,8.39174643218895,0.583462713228919,0.627450980392157,0.970588235294118,204
"UMass-gbqr_3src_ar6p",2026-06-06,0.458344820257617,0.684495755761706,6.2099744734208,0.412690353910739,1.26820055501519,1.08105275944379,9.06804841298442,0.694532782447471,0.542483660130719,0.993464052287582,153
"UMass-gbqr_3src_ar6p",2026-06-13,0.448810581121403,0.666814490787477,6.70846702783294,0.433037364093979,1.54249859084422,1.2514755035905,9.84477041803518,0.741510018010501,0.588235294117647,0.970588235294118,102
"UMass-gbqr_3src_ar6p",2026-06-20,0.466771140897765,0.731408525815219,7.58449383495082,0.504120247978226,1.74537213107444,1.28383827049577,11.0540234968048,0.888525567277534,0.509803921568627,1,51
"UMass-gbqr_3src_spatial",2023-10-21,0.69635906378588,0.62019706236813,4.94821939501012,0.222997284292632,0.788687862292274,0.687564131193412,7.7322339440419,0.342495526395532,0.607843137254902,0.980392156862745,51
"UMass-gbqr_3src_spatial",2023-10-28,0.586939866124333,0.620538681122886,4.73587399497888,0.248978671041169,0.664621728990475,0.768089688544357,7.21309730393538,0.365293596378789,0.509803921568627,0.941176470588235,102
"UMass-gbqr_3src_spatial",2023-11-04,0.650995472507092,0.597349967173058,6.92813065069068,0.25248460610206,0.697256400805244,0.7093950009033,10.8507662927372,0.392994226131794,0.464052287581699,0.941176470588235,153
"UMass-gbqr_3src_spatial",2023-11-11,0.647253240042846,0.520772576595058,10.2631552602249,0.252656364201093,0.631772202516961,0.571733393169574,16.0203795892104,0.392740242336072,0.401960784313726,0.955882352941177,204
"UMass-gbqr_3src_spatial",2023-11-18,0.701881891010524,0.580634937592563,14.9201805743207,0.292728570151099,0.676276850698748,0.59966756512895,22.5060955741474,0.45356607347226,0.348039215686274,0.916666666666667,204
"UMass-gbqr_3src_spatial",2023-11-25,0.653313040175726,0.57278730563513,16.0018961962592,0.290463816795223,0.618852191507967,0.580585770278994,24.1413026471588,0.445539804335328,0.392156862745098,0.931372549019608,204
"UMass-gbqr_3src_spatial",2023-12-02,0.533759308411426,0.463101018331389,19.5562341080411,0.255028070821011,0.523407157745114,0.471534205192698,29.7828935642416,0.399946610419847,0.485294117647059,0.941176470588235,204
"UMass-gbqr_3src_spatial",2023-12-09,0.501189254571446,0.398953007775923,22.744372786144,0.210763962777986,0.483287642219334,0.404707056535566,32.9867506385392,0.324790738661176,0.63235294117647,0.985294117647059,204
"UMass-gbqr_3src_spatial",2023-12-16,0.43204655964192,0.36286730123448,31.2268856244137,0.214134837907105,0.45718090189786,0.384170588418507,46.1147618546679,0.334281491731505,0.642156862745098,0.965686274509804,204
"UMass-gbqr_3src_spatial",2023-12-23,0.360738485035312,0.297204042715177,50.5925476504749,0.216899822887683,0.436575701030676,0.325852048171885,76.8715646128523,0.326020625146746,0.563725490196078,0.941176470588235,204
"UMass-gbqr_3src_spatial",2023-12-30,0.382391114971288,0.28958597926616,76.4402269554277,0.224593504489128,0.470144665129298,0.329011257165615,112.357661073768,0.332458861711815,0.519607843137255,0.88235294117647,204
"UMass-gbqr_3src_spatial",2024-01-06,0.423517013515829,0.344098622237412,47.3166944362115,0.158745784038861,0.480528680146146,0.373657905314612,69.438749813864,0.233127243189547,0.627450980392157,0.975490196078431,204
"UMass-gbqr_3src_spatial",2024-01-13,0.5368397897968,0.511506028043953,35.6096491254382,0.129542007514451,0.535230945114318,0.532463673429203,49.6295517538355,0.188673572819099,0.700980392156863,1,204
"UMass-gbqr_3src_spatial",2024-01-20,0.488604005931475,0.587252901638521,36.2395421132054,0.170967019557795,0.507367824230334,0.667310360654736,51.5948309493053,0.264473192134931,0.544117647058823,0.985294117647059,204
"UMass-gbqr_3src_spatial",2024-01-27,0.532202151129405,0.630164630274119,40.3315867485159,0.168496748750463,0.581599986086469,0.708535984612546,60.7059240379372,0.260789135568841,0.534313725490196,0.985294117647059,204
"UMass-gbqr_3src_spatial",2024-02-03,0.633703292053469,0.731587989619567,41.7536771617307,0.204804652060349,0.69846673049378,0.827117831584733,64.7553984011219,0.317552797425514,0.495098039215686,0.950980392156863,204
"UMass-gbqr_3src_spatial",2024-02-10,1.04757547220509,1.05367175567106,50.6680465104885,0.24964205371458,1.12436214172485,1.16365926407134,80.5792868236145,0.399225295092492,0.343137254901961,0.941176470588235,204
"UMass-gbqr_3src_spatial",2024-02-17,1.33670424999267,1.48510949655726,50.6200411957433,0.314085554486417,1.40518977678703,1.64201746364486,80.6813130171886,0.511180495135611,0.205882352941176,0.92156862745098,204
"UMass-gbqr_3src_spatial",2024-02-24,1.27077609674617,1.33360122170127,49.7162312248451,0.295456305156982,1.33405490364015,1.48459233331161,76.6558410807342,0.470619899787612,0.299019607843137,0.892156862745098,204
"UMass-gbqr_3src_spatial",2024-03-02,1.37713135522552,1.43102361916148,46.2779462686907,0.278911220634005,1.45122918594584,1.63325210355018,71.1315717170217,0.440477513170867,0.284313725490196,0.86764705882353,204
"UMass-gbqr_3src_spatial",2024-03-09,1.0265253171131,1.07911422699108,27.7533066799019,0.198536267382099,1.10904097488049,1.23412663094006,44.763938172382,0.31761314915965,0.446078431372549,0.946078431372549,204
"UMass-gbqr_3src_spatial",2024-03-16,0.520413787606428,0.68096002863452,19.9205207152781,0.15871207345632,0.553808015444387,0.761393032849401,31.621351783805,0.254625715406606,0.490196078431373,0.985294117647059,204
"UMass-gbqr_3src_spatial",2024-03-23,0.414050636837711,0.565885559744516,17.7026273081313,0.164298755442997,0.445358076854615,0.640500418607563,28.3086185420284,0.263659482118486,0.529411764705882,0.965686274509804,204
"UMass-gbqr_3src_spatial",2024-03-30,0.426057577491061,0.536259616162817,14.7820870994905,0.141836306259161,0.428972111902507,0.563643064283727,22.5588863553436,0.215405552356137,0.593137254901961,0.975490196078431,204
"UMass-gbqr_3src_spatial",2024-04-06,0.554681914791518,0.655317487083207,14.2664166549797,0.170128271278043,0.554204058833447,0.694061858328121,22.0431947714441,0.263607141102803,0.509803921568627,0.975490196078431,204
"UMass-gbqr_3src_spatial",2024-04-13,0.45466832947075,0.577326674191523,10.8621919280803,0.192122854673177,0.477924351127305,0.610597760822614,17.5215501082407,0.302895719302609,0.504901960784314,0.975490196078431,204
"UMass-gbqr_3src_spatial",2024-04-20,0.305047218497642,0.48045516256678,8.14695055875412,0.179037278776132,0.294761779184151,0.468225290376806,12.404558207333,0.269942203509182,0.544117647058823,0.980392156862745,204
"UMass-gbqr_3src_spatial",2024-04-27,0.349825910699521,0.522275338398949,8.81755312201351,0.221655105542867,0.339702779609763,0.533842772511914,13.4915290215603,0.34487591223078,0.495098039215686,0.965686274509804,204
"UMass-gbqr_3src_spatial",2024-05-04,0.422594616924253,0.561552901535272,10.6114661929271,0.321140426296733,0.388218679224338,0.550138087146928,15.9017415862675,0.50091668098134,0.411764705882353,0.92156862745098,204
"UMass-gbqr_3src_spatial",2024-05-11,0.54180453355043,0.799224139031222,14.4320619733288,0.741757946777242,0.450883657972594,0.684534314532728,20.08937187189,1.0700942889901,0.26797385620915,0.830065359477124,153
"UMass-gbqr_3src_spatial",2024-05-18,0.534185192599791,0.765405580357472,11.8207327003416,0.705317712655266,0.446909865007772,0.648229324937301,16.6952756713618,1.06451414790796,0.275510204081633,0.887755102040816,98
"UMass-gbqr_3src_spatial",2024-05-25,0.517126789894907,0.73495042811364,10.3712941993246,0.624779785927111,0.438160967889168,0.61597842517337,14.7454578785559,0.980906233774278,0.36734693877551,0.959183673469388,49
"UMass-gbqr_3src_spatial",2024-11-30,0.683473410811441,0.594901536120336,18.7843023751849,0.237408432075755,0.743368673000502,0.622439891638207,27.8398855966855,0.363790997522211,0.450980392156863,0.96078431372549,51
"UMass-gbqr_3src_spatial",2024-12-07,0.648563733696318,0.581458213047305,26.0693040247068,0.282383565450177,0.66986142129156,0.600571374918004,39.8239182226669,0.431875437888671,0.284313725490196,0.88235294117647,102
"UMass-gbqr_3src_spatial",2024-12-14,0.666919272158219,0.562960813780813,46.1798954072369,0.385988003699661,0.650294175164838,0.534397565942771,66.5977740565873,0.555626631914011,0.143790849673203,0.620915032679739,153
"UMass-gbqr_3src_spatial",2024-12-21,0.7265496507105,0.566736692137445,114.014393910927,0.5199042769394,0.713915982945663,0.521139001226932,146.625744379693,0.706069895955997,0.122549019607843,0.431372549019608,204
"UMass-gbqr_3src_spatial",2024-12-28,0.752372594464288,0.58594069279826,259.527299293344,0.713977827556022,0.775184650002349,0.564759097518436,310.27525601295,0.916140355335387,0.0196078431372549,0.176470588235294,204
"UMass-gbqr_3src_spatial",2025-01-04,0.710505144749387,0.561083931658411,317.717528980621,0.671744918714433,0.78228042988199,0.581310756985695,393.728642833987,0.877662900290346,0.0882352941176471,0.269607843137255,204
"UMass-gbqr_3src_spatial",2025-01-11,0.622738651261503,0.464689211084614,140.320123533602,0.293124353704677,0.763360777694787,0.539145217160453,209.396596857954,0.4499845007084,0.245098039215686,0.82843137254902,204
"UMass-gbqr_3src_spatial",2025-01-18,0.745933675599114,0.601206317470535,145.810940094026,0.255526357253105,0.946571952766039,0.740818138384617,231.200199463105,0.416561941945496,0.294117647058824,0.906862745098039,204
"UMass-gbqr_3src_spatial",2025-01-25,0.785298926815176,0.726770181226852,204.718260589314,0.295178195948565,0.952361764528227,0.884780862319213,306.224767109351,0.462549239026074,0.254901960784314,0.895424836601307,153
"UMass-gbqr_3src_spatial",2025-02-01,0.948255120922652,0.984903529626389,350.866116565127,0.455645181584404,1.141684992446,1.19353959011484,496.065860214494,0.68258045642437,0.104575163398693,0.61437908496732,153
"UMass-gbqr_3src_spatial",2025-02-08,1.12614340269134,1.21290949429955,372.080996430291,0.543545500534825,1.31483447910533,1.43581755782225,507.852669132081,0.782766355572525,0.163398692810458,0.503267973856209,153
"UMass-gbqr_3src_spatial",2025-02-15,0.997141797237229,1.09300961401666,211.796989608046,0.313793437871527,1.2017710302539,1.28946611538696,315.248890844708,0.465734260883192,0.209150326797386,0.764705882352941,153
"UMass-gbqr_3src_spatial",2025-02-22,0.838838061037863,1.05062589367379,168.54684664091,0.285074111259629,1.0002914174404,1.21356897363216,257.834919623865,0.427527146011075,0.28921568627451,0.848039215686274,204
"UMass-gbqr_3src_spatial",2025-03-01,0.524647774905695,0.641310807764696,107.670964840637,0.175867067078005,0.664268889092501,0.769896305036832,176.887641481235,0.277978104169461,0.431372549019608,0.965686274509804,204
"UMass-gbqr_3src_spatial",2025-03-08,0.380442943726376,0.533683504357717,83.4739114437007,0.176593550833131,0.487020252017876,0.67514934925493,137.232280131096,0.289079936013525,0.357843137254902,0.985294117647059,204
"UMass-gbqr_3src_spatial",2025-03-15,0.313108582471668,0.46020274783144,62.7413690839634,0.173028885693882,0.379719539351379,0.56504320235798,99.2724617266032,0.276760815775181,0.313725490196078,0.985294117647059,204
"UMass-gbqr_3src_spatial",2025-03-22,0.323207870740617,0.443704029512303,55.2171915275671,0.186860533974015,0.353884583857208,0.497936772615961,82.1688778606097,0.284514299896333,0.348039215686274,0.970588235294118,204
"UMass-gbqr_3src_spatial",2025-03-29,0.309030968994586,0.451792896353303,43.1461326308691,0.213393016078682,0.334060437584766,0.498624336395244,66.2504074674848,0.329841676525459,0.367647058823529,0.985294117647059,204
"UMass-gbqr_3src_spatial",2025-04-05,0.335661940449079,0.50752550935637,35.990981706973,0.268907142534065,0.354121756630462,0.549725579874134,57.0014515807573,0.423753009205581,0.284313725490196,0.926470588235294,204
"UMass-gbqr_3src_spatial",2025-04-12,0.336838558754175,0.525891816856163,26.1867247785273,0.289931101384905,0.333620178108668,0.537817940572558,41.1317700961329,0.448653170458031,0.313725490196078,0.901960784313726,204
"UMass-gbqr_3src_spatial",2025-04-19,0.343924129317575,0.55565097884815,17.4096901124415,0.273442128419755,0.321246908731097,0.587544872227333,26.4257077226301,0.429410119598059,0.343137254901961,0.92156862745098,204
"UMass-gbqr_3src_spatial",2025-04-26,0.338479786132107,0.510386119078165,13.7326250924298,0.267856688171704,0.320979619206441,0.553629039923994,21.0545846951362,0.423479873968992,0.444444444444444,0.928104575163399,153
"UMass-gbqr_3src_spatial",2025-05-03,0.333479898198858,0.529840100874985,8.67985534996648,0.256540006994489,0.361874701567429,0.625853954769519,13.9901232664794,0.414062890803025,0.444444444444444,0.993464052287582,153
"UMass-gbqr_3src_spatial",2025-05-10,0.406135829664114,0.596881610628539,7.1905742727537,0.278960887450795,0.539472895810879,0.76454445440975,11.5616446102214,0.444810317092458,0.366013071895425,0.96078431372549,153
"UMass-gbqr_3src_spatial",2025-05-17,0.409715274263873,0.537662706047204,5.62035281285315,0.243066984008891,0.636253332063474,0.732810954821401,8.75368146401053,0.379993698785427,0.34640522875817,0.941176470588235,153
"UMass-gbqr_3src_spatial",2025-05-24,0.329002260564813,0.484716223819497,5.72071729778606,0.267467305070439,0.611124382124116,0.773132890871032,9.05103169864867,0.433805212741923,0.34640522875817,0.973856209150327,153
"UMass-gbqr_3src_spatial",2025-05-31,0.341798559332426,0.472692385999239,6.21168617092666,0.285774297889128,0.844341306780116,0.879656623278389,10.1238178254126,0.460032736040944,0.382352941176471,0.96078431372549,102
"UMass-gbqr_3src_spatial",2025-06-07,0.252157090043416,0.40458194189665,4.86994448980517,0.268027751006156,0.726942794833488,0.82369801123794,7.96786318258666,0.434451651234409,0.450980392156863,0.980392156862745,51
"UMass-gbqr_3src_spatial",2025-11-22,0.736779086239724,0.660450916788959,13.5077610475491,0.278077798420648,0.769839285797588,0.691562856607947,21.3743613468507,0.429216283992063,0.274509803921569,0.92156862745098,51
"UMass-gbqr_3src_spatial",2025-11-29,0.682692550479998,0.585360661310435,21.3004819095272,0.308477823718299,0.615659199903953,0.562918971846582,30.1854084188203,0.462621343988969,0.264705882352941,0.892156862745098,102
"UMass-gbqr_3src_spatial",2025-12-06,0.588436340258953,0.423030648786735,30.0667676555417,0.262828433005592,0.531060384039607,0.388433372899401,41.9780672194445,0.378609253121657,0.496732026143791,0.849673202614379,153
"UMass-gbqr_3src_spatial",2025-12-13,0.561614603151982,0.386098016878108,51.4166512011266,0.303049670340084,0.52563681608894,0.353221572266411,71.5278334050441,0.430292694415792,0.509803921568627,0.813725490196078,204
"UMass-gbqr_3src_spatial",2025-12-20,0.427119347142723,0.317757402652023,96.2728792675214,0.335212779180073,0.474335675432202,0.322056402433931,139.570947321046,0.488198019536773,0.367647058823529,0.705882352941177,204
"UMass-gbqr_3src_spatial",2025-12-27,0.46421091774232,0.346216132235666,214.346383592346,0.45412423085322,0.564874409239049,0.380344598753422,305.649666250167,0.649276072093231,0.117647058823529,0.401960784313726,204
"UMass-gbqr_3src_spatial",2026-01-03,0.432665602220317,0.320231381052312,182.497237999944,0.327119795870173,0.554201265548942,0.371276964369279,276.380714463831,0.484432726237432,0.254901960784314,0.71078431372549,204
"UMass-gbqr_3src_spatial",2026-01-10,0.455875352909826,0.335647011334182,80.7711740254232,0.155988041542477,0.524138706173871,0.37085745654336,124.691056614334,0.235269811120384,0.549019607843137,0.980392156862745,204
"UMass-gbqr_3src_spatial",2026-01-17,0.8991992964661,0.857947327040443,169.886091040132,0.329836820956977,1.11102271821001,1.0389050459931,273.714606724503,0.521077801519423,0.186274509803922,0.803921568627451,204
"UMass-gbqr_3src_spatial",2026-01-24,0.824531338842815,0.871741436016257,174.507100485632,0.390867742924332,1.00870563147553,1.03775624108496,276.474346462365,0.599389285677058,0.254901960784314,0.720588235294118,204
"UMass-gbqr_3src_spatial",2026-01-31,0.761653214387381,0.805510109297969,133.73728862811,0.386429443897881,0.91924388801996,0.948066217088064,213.165447875844,0.591052927296041,0.264705882352941,0.720588235294118,204
"UMass-gbqr_3src_spatial",2026-02-07,0.8473859290489,0.836788973151602,91.5802644476805,0.31262493758109,0.91159399745797,0.927841541439349,143.129194796955,0.481324806220429,0.357843137254902,0.823529411764706,204
"UMass-gbqr_3src_spatial",2026-02-14,1.06819491461244,0.960591155060347,88.5944880235183,0.306169848689007,1.01952088732376,1.00212940618155,125.705925876738,0.457890827660819,0.313725490196078,0.799019607843137,204
"UMass-gbqr_3src_spatial",2026-02-21,1.48195383374241,1.25373201496492,62.8637520209261,0.287327183761352,1.54795988177772,1.47790721853406,95.5789346611378,0.447705479181387,0.230392156862745,0.86764705882353,204
"UMass-gbqr_3src_spatial",2026-02-28,0.73612744893035,0.805023254369403,31.5291372073193,0.19069473429968,0.827146735249166,0.971749973327163,52.3535227722414,0.311412197904001,0.357843137254902,0.980392156862745,204
"UMass-gbqr_3src_spatial",2026-03-07,0.566584850718662,0.728440239369304,28.0014058182181,0.205072147873212,0.593142927081175,0.840596256359859,43.639618590987,0.319687965009879,0.426470588235294,0.936274509803922,204
"UMass-gbqr_3src_spatial",2026-03-14,0.492452688777646,0.646149447559799,26.885948885709,0.19926723472795,0.502643734648242,0.746255229168607,41.4878196274857,0.312224610845694,0.42156862745098,0.946078431372549,204
"UMass-gbqr_3src_spatial",2026-03-21,0.40698168919792,0.570431831405362,20.0761664597449,0.198420993686122,0.39602858922256,0.619484880848275,30.6398001161748,0.304602570790703,0.382352941176471,0.901960784313726,204
"UMass-gbqr_3src_spatial",2026-03-28,0.463542482383961,0.701166982196958,25.2033382560064,0.419014906466533,0.387377547498508,0.620848992571958,34.5392657424037,0.575202090310641,0.21078431372549,0.593137254901961,204
"UMass-gbqr_3src_spatial",2026-04-04,0.438811356810248,0.658456264551447,17.5203795190145,0.345453656514521,0.362868695895984,0.602371687500649,23.7483331318984,0.480287750936855,0.303921568627451,0.691176470588235,204
"UMass-gbqr_3src_spatial",2026-04-11,0.388112782466876,0.591934285098914,11.2398495777211,0.29729939529906,0.345068519071264,0.584353926387975,15.7818102104651,0.427194954076294,0.411764705882353,0.794117647058823,204
"UMass-gbqr_3src_spatial",2026-04-18,0.392658705449024,0.620683261424849,8.01480689323118,0.302990690559247,0.425337925311612,0.694775370827005,11.8031274273972,0.453039735696615,0.426470588235294,0.872549019607843,204
"UMass-gbqr_3src_spatial",2026-04-25,0.519538459758811,0.70224952137783,7.92140466759974,0.3388332728513,0.859158139829655,1.05889475200733,12.4198889919493,0.525618676724419,0.348039215686274,0.88235294117647,204
"UMass-gbqr_3src_spatial",2026-05-02,0.465249738550723,0.674018315035756,6.76275596945847,0.348730183243804,0.823283825565,0.942821111653826,10.4322974955173,0.537816309090293,0.406862745098039,0.901960784313726,204
"UMass-gbqr_3src_spatial",2026-05-09,0.417671317591805,0.588653190979044,5.51888019305718,0.297445043039676,0.923426930026426,0.97632011761966,8.62770455210964,0.468806486533173,0.416666666666667,0.950980392156863,204
"UMass-gbqr_3src_spatial",2026-05-16,0.300633935479683,0.5243304186367,3.79351714983852,0.26344972168617,0.713187843590315,0.872441041256601,5.799895257433,0.399384519989184,0.480392156862745,0.936274509803922,204
"UMass-gbqr_3src_spatial",2026-05-23,0.303026077599034,0.507537170006889,3.73305394187834,0.258865355052999,0.678961191788353,0.810638673776747,5.34848350590139,0.393482055151608,0.534313725490196,0.96078431372549,204
"UMass-gbqr_3src_spatial",2026-05-30,0.299351886912343,0.557797702889596,3.60973268671689,0.297739164240516,0.65451900853731,0.813936032089629,5.13348241990046,0.458098953488885,0.509803921568627,0.936274509803922,204
"UMass-gbqr_3src_spatial",2026-06-06,0.267022091300333,0.538290902144345,3.6178010474352,0.324541768218381,0.769003509739097,0.816655366040976,5.49862640297106,0.524668124402109,0.372549019607843,0.947712418300654,153
"UMass-gbqr_3src_spatial",2026-06-13,0.21726423951817,0.489027111281115,3.24749470810847,0.31758009786137,0.816263714871388,0.866935415905365,5.20968312138503,0.51366670303782,0.411764705882353,0.950980392156863,102
"UMass-gbqr_3src_spatial",2026-06-20,0.185231939670779,0.477915314783313,3.0098058371109,0.32940111920711,0.779570161076319,0.795975304586873,4.93727768681669,0.550882790535484,0.509803921568627,0.96078431372549,51
"UMass-gbqr_3src_spatial_wisar",2023-10-21,0.750114198722736,0.72914478365709,5.33019503819315,0.262170391441095,0.863558107543742,0.841813311971118,8.46625595631119,0.419331492627283,0.431372549019608,0.96078431372549,51
"UMass-gbqr_3src_spatial_wisar",2023-10-28,0.852792497971718,0.822530466230179,6.88097375447625,0.330023814151737,0.981840123823924,1.07350491106739,10.6558483436996,0.510545155784175,0.372549019607843,0.92156862745098,102
"UMass-gbqr_3src_spatial_wisar",2023-11-04,0.822871486236203,0.775926637245067,8.75729771732064,0.327964413049276,0.875034616211408,0.918554589624518,13.6173667356795,0.508865511667883,0.418300653594771,0.908496732026144,153
"UMass-gbqr_3src_spatial_wisar",2023-11-11,0.56985368093475,0.557122774794866,9.03587103350281,0.270291910556473,0.549657515486861,0.636440802345951,13.9381283429061,0.437189637569021,0.485294117647059,0.96078431372549,204
"UMass-gbqr_3src_spatial_wisar",2023-11-18,0.583195971104269,0.556869410207036,12.3972270983717,0.280747119501063,0.604067180595224,0.593366489578472,20.103000251502,0.448800176061303,0.446078431372549,0.950980392156863,204
"UMass-gbqr_3src_spatial_wisar",2023-11-25,0.475924651900657,0.481260556177049,11.6570409721298,0.24405006299009,0.455240883408174,0.495928591575293,17.7588575988345,0.380574135581333,0.568627450980392,0.980392156862745,204
"UMass-gbqr_3src_spatial_wisar",2023-12-02,0.38008460572113,0.350579858302663,13.925796540143,0.193063071322491,0.35325090398935,0.346747053415941,20.1006690858254,0.294104451298717,0.656862745098039,0.995098039215686,204
"UMass-gbqr_3src_spatial_wisar",2023-12-09,0.400265157585627,0.33981468172471,18.1643558284517,0.179521616667863,0.377578241672177,0.328577654911726,25.7715658678598,0.263694387144835,0.691176470588235,1,204
"UMass-gbqr_3src_spatial_wisar",2023-12-16,0.379398505432617,0.330541358434106,27.4216597050025,0.195058689413693,0.419896980693822,0.344731926156148,42.3540204496901,0.29996440643034,0.637254901960784,0.995098039215686,204
"UMass-gbqr_3src_spatial_wisar",2023-12-23,0.438292578729547,0.33960264769233,61.4692889561077,0.247842369382727,0.543015117096373,0.387232749776288,95.6132500299104,0.387433081570704,0.426470588235294,0.892156862745098,204
"UMass-gbqr_3src_spatial_wisar",2023-12-30,0.513406490811919,0.383285579175469,102.630283867865,0.297263878815224,0.64932549563335,0.457853791597444,155.179244552023,0.46265149617146,0.269607843137255,0.813725490196078,204
"UMass-gbqr_3src_spatial_wisar",2024-01-06,0.505343579247811,0.405385217950066,56.4586237659527,0.187019621999088,0.605644000951232,0.454934546261595,87.518526980595,0.283836191053833,0.524509803921569,0.955882352941177,204
"UMass-gbqr_3src_spatial_wisar",2024-01-13,0.563298190413546,0.540351180577169,37.3646873701615,0.136847217543945,0.611559243243549,0.562184141266134,56.7071306137008,0.199204745427618,0.642156862745098,0.985294117647059,204
"UMass-gbqr_3src_spatial_wisar",2024-01-20,0.50524366120164,0.613027820315435,37.4736979543201,0.178470875244572,0.563366998242012,0.71271556397146,57.289452835934,0.282468505513443,0.534313725490196,0.970588235294118,204
"UMass-gbqr_3src_spatial_wisar",2024-01-27,0.531702494891047,0.619460220798392,40.2937215710095,0.165634547180741,0.596210101067777,0.701176288433766,62.2308905982165,0.258080269899072,0.558823529411765,0.990196078431373,204
"UMass-gbqr_3src_spatial_wisar",2024-02-03,0.673716808150929,0.753193726404429,44.3901025270232,0.210853077495863,0.736627958846039,0.855812597549449,68.293355812035,0.328569490399123,0.509803921568627,0.946078431372549,204
"UMass-gbqr_3src_spatial_wisar",2024-02-10,1.21467582549303,1.23619881102442,58.7501834991401,0.29288742753393,1.26255151663809,1.35855391345071,90.4828586923961,0.466089261472309,0.28921568627451,0.901960784313726,204
"UMass-gbqr_3src_spatial_wisar",2024-02-17,1.6547367627302,1.81949418936955,62.663706723438,0.384804516217647,1.64306060622813,1.99315907321598,94.3390631409316,0.620495253241074,0.147058823529412,0.838235294117647,204
"UMass-gbqr_3src_spatial_wisar",2024-02-24,1.61692788351559,1.70761294770342,63.2586344176551,0.378317748931764,1.62164525296086,1.87770897966515,93.1810081137611,0.595238970330066,0.21078431372549,0.803921568627451,204
"UMass-gbqr_3src_spatial_wisar",2024-03-02,1.80228039840984,1.8871156322926,60.5649091658847,0.367805057465544,1.82402113437254,2.1419729379835,89.4038594244659,0.577676227051177,0.191176470588235,0.784313725490196,204
"UMass-gbqr_3src_spatial_wisar",2024-03-09,1.39552790587334,1.45775738858638,37.7297211343856,0.268199328152317,1.47061885703474,1.66223018898161,59.3582140628631,0.427789297884726,0.377450980392157,0.906862745098039,204
"UMass-gbqr_3src_spatial_wisar",2024-03-16,0.516133880625181,0.809764455161001,19.7566934345453,0.188732657256756,0.572781731090034,0.927232501520541,32.7047137438074,0.310085893699823,0.495098039215686,1,204
"UMass-gbqr_3src_spatial_wisar",2024-03-23,0.326355011089813,0.559262880813112,13.9532236336795,0.162375932201811,0.332654904369078,0.607883193926244,21.1447850242835,0.25023272966403,0.637254901960784,1,204
"UMass-gbqr_3src_spatial_wisar",2024-03-30,0.384393812229593,0.563716237302229,13.3365608618996,0.149098359204033,0.385734695117499,0.558715628898871,20.2851069079438,0.213522451138307,0.67156862745098,1,204
"UMass-gbqr_3src_spatial_wisar",2024-04-06,0.623607609966279,0.728466735290937,16.0391852623118,0.189118692544322,0.649659309066646,0.781830961213842,25.8398805576802,0.296942155858685,0.495098039215686,0.975490196078431,204
"UMass-gbqr_3src_spatial_wisar",2024-04-13,0.517753728990747,0.622088517230109,12.3693250909366,0.207018707315096,0.551067835795629,0.66708364676811,20.2031193329192,0.33091634785987,0.53921568627451,0.995098039215686,204
"UMass-gbqr_3src_spatial_wisar",2024-04-20,0.304240436233799,0.50098748055842,8.12540368070821,0.186688461709728,0.300898066475662,0.496102754806471,12.6627936308508,0.286014176405684,0.622549019607843,1,204
"UMass-gbqr_3src_spatial_wisar",2024-04-27,0.308417181581955,0.494645542978123,7.77382349095473,0.209928943555389,0.289400083686362,0.492122941210282,11.4937229315045,0.317923847654607,0.588235294117647,0.990196078431373,204
"UMass-gbqr_3src_spatial_wisar",2024-05-04,0.378016077771996,0.524932110572154,9.4920869055448,0.300197757513317,0.355787014540643,0.523734455014479,14.5733151642236,0.476875408285187,0.446078431372549,0.970588235294118,204
"UMass-gbqr_3src_spatial_wisar",2024-05-11,0.512506194587574,0.788929790549075,13.6516413281623,0.732203787411157,0.439020095946064,0.677100881772168,19.5607842749302,1.0584740184269,0.30718954248366,0.77124183006536,153
"UMass-gbqr_3src_spatial_wisar",2024-05-18,0.505887635119131,0.77080654702141,11.1945493697564,0.710294678529695,0.436477137748484,0.654163211988487,16.305538788747,1.07425870353831,0.275510204081633,0.846938775510204,98
"UMass-gbqr_3src_spatial_wisar",2024-05-25,0.482232483774716,0.756258435960201,9.67146753838647,0.642893677792006,0.411924106650913,0.616953176045595,13.8625071809665,0.982458462176876,0.36734693877551,0.877551020408163,49
"UMass-gbqr_3src_spatial_wisar",2024-11-30,0.491533662736165,0.550041275641946,13.5091092094665,0.219505966783532,0.542088973115817,0.593104575627761,20.3017635029649,0.346645689168047,0.509803921568627,0.980392156862745,51
"UMass-gbqr_3src_spatial_wisar",2024-12-07,0.507507041661675,0.465056139858415,20.3994683581131,0.225853222056099,0.535264822949468,0.483703908055287,31.8220184937801,0.347835154694743,0.480392156862745,0.950980392156863,102
"UMass-gbqr_3src_spatial_wisar",2024-12-14,0.555836954350011,0.455965587653814,38.4881551440173,0.312627882129577,0.579804448619665,0.46438843529281,59.378796767461,0.482836372479275,0.281045751633987,0.816993464052288,153
"UMass-gbqr_3src_spatial_wisar",2024-12-21,0.694146042985401,0.500016401315909,108.929431456274,0.458697432494705,0.712882935602685,0.486146970616691,146.413574685693,0.658660626348283,0.200980392156863,0.573529411764706,204
"UMass-gbqr_3src_spatial_wisar",2024-12-28,0.777017025181205,0.586418816058453,268.028276859038,0.714560428168699,0.811994343695652,0.598141447018218,325.008696793044,0.970292502095028,0.00490196078431373,0.28921568627451,204
"UMass-gbqr_3src_spatial_wisar",2025-01-04,0.768044114240328,0.598038425519549,343.447306367668,0.715987842231257,0.840160890650016,0.640916485580241,422.860389448482,0.967655621057246,0.0441176470588235,0.28921568627451,204
"UMass-gbqr_3src_spatial_wisar",2025-01-11,0.654953122580173,0.496162469649389,147.578928789785,0.31297757679597,0.791499686858925,0.583142221908643,217.11534792617,0.48670553538353,0.235294117647059,0.799019607843137,204
"UMass-gbqr_3src_spatial_wisar",2025-01-18,0.705013338275032,0.560218052534118,137.81206157524,0.238105412520864,0.874161371944626,0.67930196477351,213.513915097475,0.381971405600941,0.333333333333333,0.916666666666667,204
"UMass-gbqr_3src_spatial_wisar",2025-01-25,0.749660083639314,0.659244206347102,195.427630314335,0.267752476017368,0.909699918582537,0.796633868564452,292.507171206448,0.416467404958339,0.313725490196078,0.875816993464052,153
"UMass-gbqr_3src_spatial_wisar",2025-02-01,0.929652715429662,0.894668526822881,343.982996579711,0.413899829881511,1.09968096094243,1.07484441053893,477.814971258117,0.614699164072345,0.130718954248366,0.633986928104575,153
"UMass-gbqr_3src_spatial_wisar",2025-02-08,1.17299147533357,1.19908053192251,387.559733425864,0.5373482778134,1.33475643444886,1.4119107985669,515.547491831305,0.769733079364201,0.0849673202614379,0.483660130718954,153
"UMass-gbqr_3src_spatial_wisar",2025-02-15,1.0753066089899,1.18626561575883,228.399514813954,0.340566414992278,1.2357928197629,1.39265657150945,324.173495563293,0.503004981097489,0.202614379084967,0.712418300653595,153
"UMass-gbqr_3src_spatial_wisar",2025-02-22,0.85069389511407,1.1138026821015,170.929026874089,0.302216337547513,0.975105390812328,1.29756186532328,251.34297433865,0.457116927927176,0.284313725490196,0.818627450980392,204
"UMass-gbqr_3src_spatial_wisar",2025-03-01,0.430518121541732,0.58958586723187,88.3531842598759,0.161682504029709,0.522812566758612,0.679383275114437,139.219348353079,0.245297546676388,0.504901960784314,0.975490196078431,204
"UMass-gbqr_3src_spatial_wisar",2025-03-08,0.265803273384801,0.448660492423395,58.3205425934423,0.148459805912385,0.317181977609436,0.544657553317057,89.375351073153,0.233207024247204,0.553921568627451,1,204
"UMass-gbqr_3src_spatial_wisar",2025-03-15,0.212949482087471,0.385840945061704,42.6712738003527,0.145070035095822,0.248024993243684,0.456348491941489,64.8427302189481,0.223521635833226,0.553921568627451,1,204
"UMass-gbqr_3src_spatial_wisar",2025-03-22,0.204721569458626,0.33753376550782,34.9748602492819,0.142148223730076,0.220210347718659,0.362689125380106,51.1308997077927,0.207235633643633,0.61764705882353,0.995098039215686,204
"UMass-gbqr_3src_spatial_wisar",2025-03-29,0.174064873421842,0.309857953525128,24.3025032069385,0.146353614216608,0.171853528533403,0.318229778952313,34.0817559013523,0.210510069702564,0.627450980392157,0.990196078431373,204
"UMass-gbqr_3src_spatial_wisar",2025-04-05,0.194989272314004,0.356328860811876,20.9075098699608,0.188797161909863,0.19240053970248,0.384259490252346,30.9698849127958,0.296204363179746,0.524509803921569,0.990196078431373,204
"UMass-gbqr_3src_spatial_wisar",2025-04-12,0.20937065896924,0.38264668765591,16.2770314758641,0.210958170554129,0.199579512232214,0.39117717900608,24.606001530159,0.3263239626872,0.509803921568627,0.995098039215686,204
"UMass-gbqr_3src_spatial_wisar",2025-04-19,0.253254744976328,0.446518874905705,12.8199397881501,0.219736986312728,0.242189224986114,0.476758983310846,19.9224381592744,0.348441696490114,0.514705882352941,0.995098039215686,204
"UMass-gbqr_3src_spatial_wisar",2025-04-26,0.296330969074975,0.454191630477198,12.02258530143,0.2383651541203,0.283308244932836,0.486117924312848,18.5835395172938,0.371839521550992,0.601307189542484,0.993464052287582,153
"UMass-gbqr_3src_spatial_wisar",2025-05-03,0.313429791115387,0.503374228713813,8.15798872419436,0.243725659763825,0.341947429488238,0.584562977074784,13.2197323230257,0.386744917563308,0.490196078431373,0.993464052287582,153
"UMass-gbqr_3src_spatial_wisar",2025-05-10,0.381027296449709,0.562715194146092,6.74603143813751,0.262992739507821,0.509862716036339,0.719593953411343,10.9270578162298,0.418658212414644,0.535947712418301,0.986928104575163,153
"UMass-gbqr_3src_spatial_wisar",2025-05-17,0.389058139699774,0.511134212060509,5.33698435762185,0.231073961336647,0.620721712913727,0.702394908607389,8.53999480838821,0.364221683059887,0.490196078431373,0.986928104575163,153
"UMass-gbqr_3src_spatial_wisar",2025-05-24,0.322104867970134,0.471001502571308,5.60078489045773,0.259899496625448,0.619235137017597,0.755518300498724,9.17115568942402,0.423921658162823,0.464052287581699,1,153
"UMass-gbqr_3src_spatial_wisar",2025-05-31,0.366747086126056,0.490267997955933,6.66508895639088,0.296399935863555,0.934036972812089,0.914968116580896,11.1992864485214,0.478499535980564,0.470588235294118,0.990196078431373,102
"UMass-gbqr_3src_spatial_wisar",2025-06-07,0.277894522865231,0.430895137145243,5.36701506248171,0.285459736505074,0.828666773737485,0.883487528673821,9.08283777488733,0.46598706132662,0.529411764705882,1,51
"UMass-gbqr_3src_spatial_wisar",2025-11-22,0.65120844032633,0.610916321554929,11.9389490939122,0.25722163661031,0.683828214931398,0.639641676599092,18.9862892616247,0.396991569013598,0.411764705882353,0.941176470588235,51
"UMass-gbqr_3src_spatial_wisar",2025-11-29,0.604159483662157,0.514582556990722,18.8501956600625,0.271178638736217,0.574563563367757,0.522197015543654,28.1705135333544,0.429154988977124,0.303921568627451,0.950980392156863,102
"UMass-gbqr_3src_spatial_wisar",2025-12-06,0.539290549916005,0.377358568872253,27.5556123131658,0.234452424717642,0.497820308240534,0.364273361616823,39.3505804435361,0.355060288317655,0.562091503267974,0.947712418300654,153
"UMass-gbqr_3src_spatial_wisar",2025-12-13,0.537808564951103,0.349805980668262,49.2371730397939,0.274563925455162,0.512626196990517,0.335205350297874,69.7573687669449,0.408345425894526,0.514705882352941,0.892156862745098,204
"UMass-gbqr_3src_spatial_wisar",2025-12-20,0.536152973405948,0.374920126966131,120.849104174121,0.395515625071032,0.586654596191235,0.399462241542021,172.620239171446,0.605535781082761,0.215686274509804,0.681372549019608,204
"UMass-gbqr_3src_spatial_wisar",2025-12-27,0.614235270966833,0.442372371980233,283.61915666897,0.58025029590329,0.692150383274499,0.482131306530571,374.517822338182,0.823033433268995,0.0441176470588235,0.348039215686274,204
"UMass-gbqr_3src_spatial_wisar",2026-01-03,0.556657267895742,0.408463487856422,234.796603617771,0.417249840814897,0.664589640436528,0.470847804475367,331.431505244167,0.614350222218592,0.200980392156863,0.612745098039216,204
"UMass-gbqr_3src_spatial_wisar",2026-01-10,0.578791693437735,0.414405144100976,102.549269875478,0.192589966990884,0.680009775547312,0.47155596347619,161.772325573954,0.299152357603366,0.401960784313726,0.931372549019608,204
"UMass-gbqr_3src_spatial_wisar",2026-01-17,1.08292585650296,0.975053223564437,204.59762521012,0.374858042432232,1.24461483525306,1.12632702632853,306.626727402687,0.564925555934859,0.176470588235294,0.696078431372549,204
"UMass-gbqr_3src_spatial_wisar",2026-01-24,0.98308404023411,0.957954994898079,208.063826458948,0.429523814297522,1.12398741457698,1.099388761241,308.071726954204,0.634987117584269,0.21078431372549,0.700980392156863,204
"UMass-gbqr_3src_spatial_wisar",2026-01-31,0.828670044316093,0.827188331940393,145.504650674007,0.396829193601467,0.95178285153501,0.957547514076264,220.710978307427,0.596963852333167,0.254901960784314,0.774509803921569,204
"UMass-gbqr_3src_spatial_wisar",2026-02-07,0.81697613114854,0.811829708705996,88.2937603436517,0.303300139167472,0.867319905449446,0.906147444469172,136.177728291891,0.470070829594097,0.377450980392157,0.848039215686274,204
"UMass-gbqr_3src_spatial_wisar",2026-02-14,1.04588587695679,0.941920141577865,86.744209818331,0.300218824319598,1.01466682315449,1.00552201713466,125.107424523554,0.459440972210685,0.338235294117647,0.848039215686274,204
"UMass-gbqr_3src_spatial_wisar",2026-02-21,1.43876994346449,1.20721191143954,61.0319126559475,0.27666582218273,1.5436936301433,1.47083944820796,95.3155145357111,0.445564424952199,0.308823529411765,0.92156862745098,204
"UMass-gbqr_3src_spatial_wisar",2026-02-28,0.721642067543381,0.775223812034888,30.9087126084081,0.183635811830775,0.810747010953294,0.931929813513117,51.315516693279,0.298651216346037,0.450980392156863,1,204
"UMass-gbqr_3src_spatial_wisar",2026-03-07,0.550949859640346,0.687361546266295,27.2287029660454,0.193507581047865,0.577032071653139,0.799255915295625,42.4542860953038,0.30396578042049,0.519607843137255,0.985294117647059,204
"UMass-gbqr_3src_spatial_wisar",2026-03-14,0.485088033412445,0.614895263709213,26.4838681331374,0.18962869860739,0.504501178780736,0.720082897771439,41.6411316093629,0.301274408199196,0.524509803921569,0.980392156862745,204
"UMass-gbqr_3src_spatial_wisar",2026-03-21,0.377684902137364,0.544378389841251,18.6309732498916,0.189358473890622,0.372841726565899,0.601606100750973,28.8458871097529,0.295811521083756,0.558823529411765,0.985294117647059,204
"UMass-gbqr_3src_spatial_wisar",2026-03-28,0.41196895718371,0.625090691549834,22.3992263351492,0.373551984481894,0.378890073176862,0.610990869276083,33.7825075539899,0.56606876933538,0.279411764705882,0.794117647058823,204
"UMass-gbqr_3src_spatial_wisar",2026-04-04,0.386403186552801,0.581316662881295,15.4278834644862,0.304982999777462,0.346100241782177,0.576506265384747,22.6509035687934,0.459664528310601,0.446078431372549,0.887254901960784,204
"UMass-gbqr_3src_spatial_wisar",2026-04-11,0.347616397260185,0.532598621059539,10.0670634734564,0.267498017878209,0.330544360927024,0.560761392109363,15.1175435659271,0.409947510117128,0.514705882352941,0.931372549019608,204
"UMass-gbqr_3src_spatial_wisar",2026-04-18,0.363744146268435,0.558492780046624,7.42461341217664,0.272631990606965,0.395176438020046,0.641167699994044,10.9661461550563,0.418083970070429,0.573529411764706,0.950980392156863,204
"UMass-gbqr_3src_spatial_wisar",2026-04-25,0.516610818991406,0.667923643191106,7.87676691883569,0.322271140310885,0.872474742187049,1.02913078123458,12.6123922289687,0.51084431043166,0.42156862745098,0.970588235294118,204
"UMass-gbqr_3src_spatial_wisar",2026-05-02,0.452775714759888,0.640273015063612,6.58143662231081,0.331270710139904,0.838715147905106,0.920361224535372,10.6278365555622,0.525004447493937,0.465686274509804,0.96078431372549,204
"UMass-gbqr_3src_spatial_wisar",2026-05-09,0.410181558820636,0.566048374167836,5.41991461990911,0.286022883417759,0.942258089963959,0.952098311797781,8.80364666407503,0.457175731947752,0.514705882352941,0.985294117647059,204
"UMass-gbqr_3src_spatial_wisar",2026-05-16,0.311103258658481,0.505129062799106,3.92562318425078,0.253802004003561,0.746808563927519,0.866938485693892,6.07331082135173,0.396865569815816,0.602941176470588,0.985294117647059,204
"UMass-gbqr_3src_spatial_wisar",2026-05-23,0.315949417282984,0.497582723100949,3.89225979152551,0.253788167440066,0.676236405287823,0.779321658761063,5.32701913381143,0.378280851670686,0.627450980392157,0.990196078431373,204
"UMass-gbqr_3src_spatial_wisar",2026-05-30,0.323679860027247,0.564857820641793,3.90309138460328,0.301507687395218,0.676623586528706,0.831023872684844,5.30685165904868,0.467716320929857,0.563725490196078,0.970588235294118,204
"UMass-gbqr_3src_spatial_wisar",2026-06-06,0.28969509292305,0.534834497573632,3.92499064594265,0.322457862199185,0.835908342881379,0.828562328121072,5.97701782426293,0.532317867147542,0.522875816993464,0.980392156862745,153
"UMass-gbqr_3src_spatial_wisar",2026-06-13,0.234533022801907,0.478585475152897,3.50561487760244,0.310799173558942,0.825051317237697,0.830795557875783,5.26576870119354,0.49225352579102,0.53921568627451,0.980392156862745,102
"UMass-gbqr_3src_spatial_wisar",2026-06-20,0.217957837402009,0.5176573895872,3.5415640111667,0.356793176994479,0.817544243170282,0.841005041887935,5.17778020674512,0.582047208826531,0.529411764705882,0.980392156862745,51
"UMass-gbqr_3src_wisar",2023-10-21,0.829230450872544,0.811370346951436,5.89238284288663,0.291735312700247,0.939579984994037,0.934910548242818,9.2115684803337,0.46570591138514,0.313725490196078,0.901960784313726,51
"UMass-gbqr_3src_wisar",2023-10-28,1.16952600914314,0.988159816580346,9.43661886476655,0.396479261314152,1.42121145112784,1.32566584793647,15.4243173812924,0.630469660524919,0.303921568627451,0.872549019607843,102
"UMass-gbqr_3src_wisar",2023-11-04,1.14212750382465,0.959793848765258,12.1549364018936,0.405680397023391,1.30675205222912,1.1986294290586,20.3357919768361,0.664022786024524,0.359477124183007,0.875816993464052,153
"UMass-gbqr_3src_wisar",2023-11-11,0.846660280449927,0.678535618996489,13.4250481470714,0.329196179256375,0.909004480213711,0.811848222460477,23.0503918394947,0.557682079511959,0.450980392156863,0.941176470588235,204
"UMass-gbqr_3src_wisar",2023-11-18,0.726568159345675,0.638233892391524,15.4449463304742,0.321767228676207,0.755292959380504,0.711375517376071,25.1357051668037,0.538057782250035,0.441176470588235,0.96078431372549,204
"UMass-gbqr_3src_wisar",2023-11-25,0.647986001611874,0.52998016562265,15.8714185953386,0.268756063931662,0.637255501097826,0.559194719991752,24.8592121457671,0.429124375560825,0.593137254901961,0.995098039215686,204
"UMass-gbqr_3src_wisar",2023-12-02,0.468841539134929,0.372704135108042,17.1777330238701,0.205246831255293,0.435961291287008,0.359623522259237,24.8070523002921,0.305026034529245,0.705882352941177,1,204
"UMass-gbqr_3src_wisar",2023-12-09,0.438986605884334,0.351163399112255,19.921566396899,0.185517061250123,0.400830406675322,0.322519142725817,27.3586401105254,0.258832231626981,0.754901960784314,1,204
"UMass-gbqr_3src_wisar",2023-12-16,0.366104352159157,0.33544280672375,26.4608026064347,0.197951126487638,0.373250350687243,0.334706367860358,37.6488846377029,0.291240785508827,0.691176470588235,0.990196078431373,204
"UMass-gbqr_3src_wisar",2023-12-23,0.425045630106398,0.363309338645945,59.6114420469418,0.265143537368587,0.534602922656758,0.418945562400214,94.1320440285821,0.419162300566929,0.382352941176471,0.887254901960784,204
"UMass-gbqr_3src_wisar",2023-12-30,0.50276631294431,0.399268279751633,100.503305548541,0.309659543628477,0.641463319152804,0.482527753667156,153.300299993415,0.487584008858975,0.25,0.82843137254902,204
"UMass-gbqr_3src_wisar",2024-01-06,0.511860536353572,0.425328842980344,57.1867193516939,0.196220374886219,0.605407235477153,0.476022066592245,87.4843132089754,0.296992812151541,0.558823529411765,0.950980392156863,204
"UMass-gbqr_3src_wisar",2024-01-13,0.584454928691097,0.575392065559319,38.7680558257439,0.145721534437197,0.621690575217043,0.588528480751354,57.6465633372823,0.208539618212881,0.647058823529412,0.985294117647059,204
"UMass-gbqr_3src_wisar",2024-01-20,0.516743275340284,0.630523144864882,38.3266192275883,0.183564291532631,0.570611599336863,0.728072149022195,58.0261648443295,0.288554736610881,0.558823529411765,0.975490196078431,204
"UMass-gbqr_3src_wisar",2024-01-27,0.521341390689859,0.613654547732414,39.5085316351668,0.164082195638098,0.593433540543385,0.700594729347829,61.9410802881877,0.257866216845173,0.549019607843137,0.990196078431373,204
"UMass-gbqr_3src_wisar",2024-02-03,0.669799511213967,0.739187305672267,44.131998215899,0.206932045213535,0.737503011604518,0.851380991413462,68.3744826395895,0.326868077526818,0.495098039215686,0.946078431372549,204
"UMass-gbqr_3src_wisar",2024-02-10,1.20605836657676,1.21463493744675,58.3333831627854,0.287778388920153,1.26246261860357,1.35861438924894,90.4764876665888,0.466110009357139,0.28921568627451,0.897058823529412,204
"UMass-gbqr_3src_wisar",2024-02-17,1.64017781269567,1.79957778022242,62.1123696191241,0.380592398239237,1.63482392991182,1.98949948983522,93.8661406424372,0.619355979338094,0.147058823529412,0.82843137254902,204
"UMass-gbqr_3src_wisar",2024-02-24,1.64338896334995,1.7349729157718,64.2938641224573,0.384379287376056,1.63938136245058,1.91612374633346,94.200138875714,0.607416558233592,0.196078431372549,0.774509803921569,204
"UMass-gbqr_3src_wisar",2024-03-02,1.82379303751253,1.89345410315807,61.2878327655213,0.369040446331506,1.82384160829587,2.14653112361617,89.3950600066199,0.578905540191315,0.186274509803922,0.759803921568627,204
"UMass-gbqr_3src_wisar",2024-03-09,1.41582752181663,1.46284555117663,38.2785448773234,0.269135452228188,1.45716150424398,1.6419743265508,58.8150383624751,0.422576276713071,0.367647058823529,0.887254901960784,204
"UMass-gbqr_3src_wisar",2024-03-16,0.520804408985108,0.823556333937609,19.9354730117989,0.191947145017342,0.569085180244568,0.925651075966568,32.4936479386702,0.309557032000714,0.495098039215686,0.995098039215686,204
"UMass-gbqr_3src_wisar",2024-03-23,0.327719118074735,0.558272981811371,14.011545673097,0.162088525726775,0.330251509421396,0.600189488029733,20.9920162875846,0.247065645844388,0.642156862745098,1,204
"UMass-gbqr_3src_wisar",2024-03-30,0.388207569521533,0.566848393136093,13.4688793452317,0.149926788943498,0.387529635614833,0.557938652119968,20.3794996611565,0.213225516565999,0.681372549019608,1,204
"UMass-gbqr_3src_wisar",2024-04-06,0.624401613761443,0.723486161550225,16.0596070367836,0.187825675926909,0.645740950205632,0.772307233742026,25.6840297547476,0.293325010583572,0.529411764705882,0.980392156862745,204
"UMass-gbqr_3src_wisar",2024-04-13,0.522341274460793,0.627555895078644,12.4789232224635,0.208838142111363,0.545542475473024,0.664939683699682,20.0005498728566,0.329852804431714,0.558823529411765,0.995098039215686,204
"UMass-gbqr_3src_wisar",2024-04-20,0.311550925167535,0.50949265719349,8.32064621462407,0.189857838997961,0.309499149139178,0.506576749347406,13.0247558596071,0.292052665193096,0.622549019607843,1,204
"UMass-gbqr_3src_wisar",2024-04-27,0.317899164652219,0.50565413536251,8.01282205243037,0.214601020767229,0.299346891105873,0.50750592574824,11.8887672144107,0.327861644134266,0.573529411764706,0.985294117647059,204
"UMass-gbqr_3src_wisar",2024-05-04,0.390472746842819,0.539062659720991,9.80487726639603,0.308278724711702,0.367517454117676,0.537613647072893,15.0538031696436,0.489512815116368,0.436274509803922,0.955882352941177,204
"UMass-gbqr_3src_wisar",2024-05-11,0.534332439827809,0.815064704107152,14.2330276113076,0.756459536047,0.461464115892499,0.693415452674848,20.5607900525436,1.08397767657762,0.26797385620915,0.725490196078431,153
"UMass-gbqr_3src_wisar",2024-05-18,0.52136095495762,0.793507522886131,11.5369511815841,0.731213523104188,0.451072887611636,0.664113783311325,16.8507943014918,1.09059940820167,0.255102040816327,0.806122448979592,98
"UMass-gbqr_3src_wisar",2024-05-25,0.493723474514171,0.779705591145915,9.90192638896124,0.662826054231502,0.422320175516736,0.627420042334636,14.212366723002,0.999126277105803,0.387755102040816,0.836734693877551,49
"UMass-gbqr_3src_wisar",2024-11-30,0.51679509827301,0.577600383538631,14.2033841235293,0.230504029820698,0.570095323326297,0.619005624019923,21.3506287755535,0.361783806692386,0.509803921568627,0.980392156862745,51
"UMass-gbqr_3src_wisar",2024-12-07,0.540302438256391,0.47824900181414,21.7176937228987,0.232260298805475,0.576384216764121,0.500616453839474,34.2666067691925,0.359997094842748,0.519607843137255,0.950980392156863,102
"UMass-gbqr_3src_wisar",2024-12-14,0.588554215036562,0.478309398977248,40.7536162569147,0.327947675118103,0.622626091384909,0.494669827997428,63.7642367706545,0.514320700459793,0.26797385620915,0.843137254901961,153
"UMass-gbqr_3src_wisar",2024-12-21,0.731466226687686,0.53744359876481,114.785931588507,0.493031824986836,0.757246775249306,0.53341574505442,155.525124457821,0.72270315352556,0.166666666666667,0.568627450980392,204
"UMass-gbqr_3src_wisar",2024-12-28,0.818996115824447,0.644712589352243,282.508761796409,0.785592295604936,0.853980809702475,0.661678623951578,341.814191444295,1.07336117705486,0.00490196078431373,0.254901960784314,204
"UMass-gbqr_3src_wisar",2025-01-04,0.811474947731813,0.662172152349957,362.868329847167,0.792770481486688,0.884291985177172,0.711138116068488,445.071958716011,1.07367622903122,0.0490196078431373,0.259803921568627,204
"UMass-gbqr_3src_wisar",2025-01-11,0.713780888780432,0.570269404756271,160.83444039759,0.359723976195985,0.849363527827268,0.667785525251705,232.987910067089,0.557351018976501,0.25,0.774509803921569,204
"UMass-gbqr_3src_wisar",2025-01-18,0.725568920162485,0.596559488403816,141.830151677931,0.253551349223927,0.89240507988128,0.722202822171919,217.969940761003,0.406094552083256,0.338235294117647,0.906862745098039,204
"UMass-gbqr_3src_wisar",2025-01-25,0.745738015149098,0.657613774740053,194.405192855411,0.267090275127984,0.928285208818513,0.805141670516984,298.483131588468,0.420915147316389,0.392156862745098,0.901960784313726,153
"UMass-gbqr_3src_wisar",2025-02-01,0.924799249441308,0.891644372289481,342.187154168064,0.412500767536763,1.11534508243121,1.08430356645091,484.62108323493,0.62010881701831,0.117647058823529,0.640522875816993,153
"UMass-gbqr_3src_wisar",2025-02-08,1.17678033585849,1.20019786528475,388.811583764002,0.537848992437611,1.34653003027041,1.42024455590915,520.095023979476,0.774276403707517,0.0784313725490196,0.496732026143791,153
"UMass-gbqr_3src_wisar",2025-02-15,1.12584491297706,1.24095144946301,239.134056956339,0.356266236421884,1.27492466072974,1.43345632020153,334.438570316263,0.517741189032372,0.209150326797386,0.699346405228758,153
"UMass-gbqr_3src_wisar",2025-02-22,0.87245438038038,1.15527589783729,175.301338221615,0.313469572584029,1.00029828655648,1.3417264893202,257.83669020588,0.472675644458583,0.294117647058824,0.818627450980392,204
"UMass-gbqr_3src_wisar",2025-03-01,0.431964433237097,0.606878615138414,88.6500039227979,0.166424705188993,0.525409617736227,0.701831890716914,139.910915021005,0.253402824706144,0.495098039215686,0.970588235294118,204
"UMass-gbqr_3src_wisar",2025-03-08,0.253345312114198,0.43664528849612,55.5871110158038,0.144484027181777,0.297332110774696,0.521751917972096,83.7820672728521,0.223399476321433,0.53921568627451,1,204
"UMass-gbqr_3src_wisar",2025-03-15,0.207629466000841,0.376594580021754,41.6052375704003,0.141593549466129,0.237775362893786,0.442738015136276,62.1631050451681,0.216855160335457,0.544117647058823,1,204
"UMass-gbqr_3src_wisar",2025-03-22,0.201120579812299,0.331022431060364,34.3596631795621,0.139406054737217,0.219082609196047,0.359132919458207,50.8690487734764,0.205203665944519,0.622549019607843,0.995098039215686,204
"UMass-gbqr_3src_wisar",2025-03-29,0.168741008364447,0.300970207412542,23.5591984545943,0.142155710786929,0.165539097342046,0.304732865702993,32.8294865743488,0.20158181616753,0.63235294117647,0.990196078431373,204
"UMass-gbqr_3src_wisar",2025-04-05,0.185158732150623,0.34581734798563,19.8534410329738,0.18322774554417,0.179029084391347,0.366239637448901,28.8175394321503,0.282313856478839,0.534313725490196,0.990196078431373,204
"UMass-gbqr_3src_wisar",2025-04-12,0.204810436710926,0.379402350842086,15.9225076777304,0.209169524837376,0.191626119519768,0.386604038287767,23.6254339805964,0.322509002405218,0.514705882352941,0.995098039215686,204
"UMass-gbqr_3src_wisar",2025-04-19,0.253060602330826,0.4461011221111,12.8101121459242,0.219531405439737,0.241910378183596,0.478924786856584,19.8995002759751,0.350024584884792,0.514705882352941,0.990196078431373,204
"UMass-gbqr_3src_wisar",2025-04-26,0.302432559665796,0.460507184550794,12.2701358479745,0.241679631796884,0.290809374283747,0.495713534205821,19.0755743811221,0.379179359917653,0.594771241830065,0.993464052287582,153
"UMass-gbqr_3src_wisar",2025-05-03,0.323934427914493,0.515413937166602,8.43140468843281,0.249555091861526,0.354364897200809,0.599448126282546,13.6997932479921,0.396592882674066,0.509803921568627,0.993464052287582,153
"UMass-gbqr_3src_wisar",2025-05-10,0.389294926877315,0.566760609963768,6.89240860140957,0.264883420618633,0.518397977789765,0.720536650958134,11.1099801906709,0.419206671817222,0.509803921568627,0.980392156862745,153
"UMass-gbqr_3src_wisar",2025-05-17,0.398586658996245,0.511766200736747,5.46769376387103,0.231359671280322,0.634268090592794,0.700556923370709,8.72636817449562,0.36326860941408,0.470588235294118,0.986928104575163,153
"UMass-gbqr_3src_wisar",2025-05-24,0.328299014019768,0.46834529622655,5.70848919130454,0.258433797072119,0.628437123308323,0.748247216158072,9.30744131644876,0.419841849469512,0.464052287581699,1,153
"UMass-gbqr_3src_wisar",2025-05-31,0.36859877031355,0.481410382230098,6.6987405934336,0.291044912194893,0.920240691732028,0.869432532946169,11.0338663332183,0.454685858492826,0.509803921568627,0.990196078431373,102
"UMass-gbqr_3src_wisar",2025-06-07,0.283608857220135,0.430219663985017,5.47737678619836,0.285012248534771,0.844586781357976,0.871173366186857,9.25733354468841,0.459492073900354,0.529411764705882,0.980392156862745,51
"UMass-gbqr_3src_wisar",2025-11-22,0.574749105943204,0.589184552518776,10.5371796381952,0.248071641757187,0.611054613007135,0.623495018121867,16.9657516081981,0.386970196864613,0.450980392156863,0.941176470588235,51
"UMass-gbqr_3src_wisar",2025-11-29,0.535232439354137,0.497489906092732,16.6996239871654,0.262171023262392,0.53118409846959,0.521652866001451,26.0436438867296,0.428707792834988,0.382352941176471,0.96078431372549,102
"UMass-gbqr_3src_wisar",2025-12-06,0.497129252421063,0.371332409814831,25.4013369071317,0.230708379347295,0.468433513597682,0.366922664254101,37.0276791728782,0.357642585727649,0.483660130718954,0.947712418300654,153
"UMass-gbqr_3src_wisar",2025-12-13,0.510516720806681,0.34554661925134,46.7385641661398,0.271220737930671,0.488007392300295,0.340883174645226,66.4072804424323,0.415262122179993,0.504901960784314,0.901960784313726,204
"UMass-gbqr_3src_wisar",2025-12-20,0.549961189687787,0.391016326915161,123.961481892186,0.412496038034255,0.584389653541475,0.410686553657041,171.953790899415,0.622550462063492,0.181372549019608,0.696078431372549,204
"UMass-gbqr_3src_wisar",2025-12-27,0.62621399065049,0.454235751689483,289.150252871416,0.59581123510908,0.694484908466064,0.491980306653645,375.781017898086,0.839846397446516,0.053921568627451,0.357843137254902,204
"UMass-gbqr_3src_wisar",2026-01-03,0.565538793329129,0.416959340353232,238.542808198171,0.425928445408135,0.667478298156426,0.477544484117442,332.872081681098,0.623087879243074,0.205882352941176,0.612745098039216,204
"UMass-gbqr_3src_wisar",2026-01-10,0.596786808881228,0.430920482441769,105.737612021674,0.200265278244071,0.70386969749539,0.48973029639124,167.448530829161,0.310682048584954,0.426470588235294,0.941176470588235,204
"UMass-gbqr_3src_wisar",2026-01-17,1.1086124281614,0.997228957753642,209.450599704677,0.383383476846237,1.28629898417921,1.15932826319486,316.896148759209,0.581477801994356,0.176470588235294,0.686274509803922,204
"UMass-gbqr_3src_wisar",2026-01-24,1.01788431960733,0.985714040494027,215.429096356431,0.441970297910147,1.17883335711173,1.1479971778772,323.104354556594,0.663062462228791,0.17156862745098,0.700980392156863,204
"UMass-gbqr_3src_wisar",2026-01-31,0.857706542518317,0.832481452184457,150.603116048362,0.399368475838633,0.993773946756397,0.970552475241954,230.448383947344,0.605071535349193,0.299019607843137,0.784313725490196,204
"UMass-gbqr_3src_wisar",2026-02-07,0.785940292263313,0.76016436476076,84.939597576688,0.28399793103111,0.839799157872565,0.851192922939991,131.85670111107,0.441562756561566,0.436274509803922,0.892156862745098,204
"UMass-gbqr_3src_wisar",2026-02-14,0.900575082423196,0.819298572987107,74.6923499284478,0.261135571362639,0.89820813230698,0.874211542187322,110.748182117243,0.399442870485206,0.401960784313726,0.897058823529412,204
"UMass-gbqr_3src_wisar",2026-02-21,1.19926192603984,1.01457177607146,50.8721004731453,0.232517035269713,1.28795517617353,1.21384527334782,79.52491862295,0.367712649983055,0.436274509803922,0.941176470588235,204
"UMass-gbqr_3src_wisar",2026-02-28,0.680443378289668,0.724600576561005,29.1441280542939,0.171644127881664,0.736525534843236,0.838565210481229,46.6177338524308,0.268731095909042,0.524509803921569,0.995098039215686,204
"UMass-gbqr_3src_wisar",2026-03-07,0.55708817209532,0.697636012777705,27.532066845035,0.196400072156772,0.579663569333877,0.814372373566786,42.6478946673146,0.309714735101529,0.534313725490196,0.985294117647059,204
"UMass-gbqr_3src_wisar",2026-03-14,0.497301164535516,0.631365617254001,27.150656286786,0.194708021693181,0.517205011152354,0.748402799389711,42.6896959695261,0.313123129543238,0.495098039215686,0.980392156862745,204
"UMass-gbqr_3src_wisar",2026-03-21,0.382624155324235,0.552500938821205,18.87462369363,0.192183849599225,0.377993924797981,0.61797347466373,29.2445005641497,0.303859407844271,0.53921568627451,0.990196078431373,204
"UMass-gbqr_3src_wisar",2026-03-28,0.421724742836159,0.63547622317991,22.9296596289592,0.379758341419789,0.386062769993326,0.61897790424884,34.4220378598461,0.573468570682696,0.269607843137255,0.794117647058823,204
"UMass-gbqr_3src_wisar",2026-04-04,0.385164941285577,0.577447633850422,15.3784441628759,0.302953145559602,0.342549589289171,0.570140461898976,22.4185272872535,0.454588895603205,0.46078431372549,0.887254901960784,204
"UMass-gbqr_3src_wisar",2026-04-11,0.349328504720242,0.531377336749012,10.1166465616238,0.266884627006709,0.332853004496107,0.556868867188937,15.223130058572,0.407101859682466,0.504901960784314,0.931372549019608,204
"UMass-gbqr_3src_wisar",2026-04-18,0.361330304008185,0.549525166389709,7.37534294059879,0.268254389947428,0.393998600019852,0.627312600257666,10.9334611505509,0.409049523850571,0.568627450980392,0.950980392156863,204
"UMass-gbqr_3src_wisar",2026-04-25,0.53022672665118,0.659316826396923,8.08436870935532,0.318118377205425,0.887455309895233,1.00419918679338,12.8289495533385,0.498468659637308,0.406862745098039,0.96078431372549,204
"UMass-gbqr_3src_wisar",2026-05-02,0.467356910559606,0.637349190728328,6.79338530441768,0.329757953329784,0.859330274189784,0.907863225805025,10.8890625430421,0.517875176134729,0.46078431372549,0.955882352941177,204
"UMass-gbqr_3src_wisar",2026-05-09,0.420337284569862,0.559243982430219,5.55410682158263,0.282584640621711,0.958268641675979,0.93590146446976,8.95323544624714,0.449398378033058,0.519607843137255,0.975490196078431,204
"UMass-gbqr_3src_wisar",2026-05-16,0.32000267536137,0.501108144939331,4.03791952176207,0.251781694569988,0.787008160063576,0.875524689257169,6.4002281252229,0.400796146928178,0.607843137254902,0.985294117647059,204
"UMass-gbqr_3src_wisar",2026-05-23,0.318705165996118,0.494437740363639,3.92620854827245,0.252184093647957,0.711887555728518,0.78807723474001,5.60785932380259,0.382530787112554,0.607843137254902,0.995098039215686,204
"UMass-gbqr_3src_wisar",2026-05-30,0.324979223695193,0.564182309241875,3.9187597525314,0.301147115455597,0.706991602803675,0.839382276882117,5.54503217885236,0.472420592598207,0.534313725490196,0.970588235294118,204
"UMass-gbqr_3src_wisar",2026-06-06,0.294665071659291,0.543858937969115,3.99232737523775,0.327898800976831,0.873872317405189,0.840643108277687,6.24847264863579,0.54007928099438,0.477124183006536,0.980392156862745,153
"UMass-gbqr_3src_wisar",2026-06-13,0.239409994405686,0.490232747080353,3.57851200742919,0.318363052274888,0.857147199171478,0.848327182500874,5.47061594765326,0.502641164425741,0.519607843137255,0.970588235294118,102
"UMass-gbqr_3src_wisar",2026-06-20,0.223977677385099,0.535620853293504,3.63937948268734,0.369174418747269,0.853899114897483,0.871446253363506,5.40802772768406,0.603115123155414,0.450980392156863,0.980392156862745,51
"UMass-gbqr_4src",2025-11-22,0.576085669283752,0.597056830987208,10.5616835615098,0.251386204292279,0.62247557275906,0.635212435090273,17.2828511966045,0.394242574380423,0.372549019607843,0.92156862745098,51
"UMass-gbqr_4src",2025-11-29,0.522783604837377,0.524429778774998,16.3112117007965,0.276368002741111,0.527901320952904,0.537412460259895,25.8826912361321,0.44165943426332,0.303921568627451,0.931372549019608,102
"UMass-gbqr_4src",2025-12-06,0.487168939520156,0.379067315857388,24.892404345903,0.235514067163158,0.458719535276922,0.366421240643353,36.2598304551575,0.357153843945896,0.496732026143791,0.915032679738562,153
"UMass-gbqr_4src",2025-12-13,0.479973937287011,0.328610388138266,43.9423269633878,0.257927431487088,0.47125949593282,0.31170004441591,64.1282529759563,0.379711383709274,0.470588235294118,0.897058823529412,204
"UMass-gbqr_4src",2025-12-20,0.410653085195226,0.302318367623881,92.5613769460661,0.318925631197215,0.439469358423892,0.306157000784438,129.311704454669,0.464096476023149,0.372549019607843,0.740196078431373,204
"UMass-gbqr_4src",2025-12-27,0.465641092432546,0.342805668594161,215.006757489294,0.449650799277255,0.551769434605872,0.371526707332961,298.558654412255,0.634223285950387,0.112745098039216,0.436274509803922,204
"UMass-gbqr_4src",2026-01-03,0.459188995066587,0.331219437010011,193.684736872034,0.338344213071513,0.584280709084626,0.382690519194376,291.381362444728,0.499324841856225,0.21078431372549,0.696078431372549,204
"UMass-gbqr_4src",2026-01-10,0.432702211335412,0.330060001174742,76.6653985346543,0.153391543604406,0.475747825714915,0.352275698989749,113.179008479267,0.223481652320315,0.598039215686274,0.970588235294118,204
"UMass-gbqr_4src",2026-01-17,0.863287368283175,0.846999556302149,163.101235753114,0.325627963626142,1.04904987938312,1.00970985808526,258.446808029592,0.506434534178838,0.200980392156863,0.764705882352941,204
"UMass-gbqr_4src",2026-01-24,0.81825665939444,0.867147211368981,173.179102306024,0.388807803882574,0.984491102541626,1.0168584494855,269.837428958395,0.587319098206121,0.225490196078431,0.740196078431373,204
"UMass-gbqr_4src",2026-01-31,0.788898549237973,0.794327166319946,138.521246920224,0.381064621797876,0.958523192370043,0.935672372221704,222.274010481653,0.583326232518103,0.28921568627451,0.813725490196078,204
"UMass-gbqr_4src",2026-02-07,0.826274741880423,0.767603066723191,89.2986970562281,0.286777035215443,0.888014653534522,0.862113867620981,139.427006630935,0.447228079084383,0.382352941176471,0.88235294117647,204
"UMass-gbqr_4src",2026-02-14,0.872078501002944,0.806555419960288,72.3288861010024,0.257073937843021,0.850590551906345,0.860044749505172,104.876981137747,0.392969809834042,0.397058823529412,0.86764705882353,204
"UMass-gbqr_4src",2026-02-21,1.20323858777866,1.02903107404899,51.0407885062866,0.23583078120382,1.24425955333193,1.20794051278816,76.8269281067107,0.365923908698988,0.377450980392157,0.872549019607843,204
"UMass-gbqr_4src",2026-02-28,0.71732446848162,0.760262756584608,30.7237851567525,0.180091821668442,0.775481886067803,0.897143370641924,49.0834417299386,0.287503366663376,0.392156862745098,0.980392156862745,204
"UMass-gbqr_4src",2026-03-07,0.599296637352414,0.770699151688703,29.6180674910616,0.21696897268842,0.615981986699472,0.877214069590063,45.3199688155509,0.333614120528783,0.372549019607843,0.926470588235294,204
"UMass-gbqr_4src",2026-03-14,0.543414440557386,0.701080413315995,29.6682568813812,0.216207497833507,0.542866447599566,0.793160323110934,44.8077708072622,0.331849163050359,0.348039215686274,0.941176470588235,204
"UMass-gbqr_4src",2026-03-21,0.418824359243148,0.5930828037373,20.6603583815593,0.206299986741238,0.40711081221483,0.649342453176741,31.497205633268,0.319283628504923,0.392156862745098,0.911764705882353,204
"UMass-gbqr_4src",2026-03-28,0.469908914937635,0.704002948954269,25.549488521046,0.420709670161528,0.4088525105603,0.639972024986813,36.4540113459868,0.592919133182105,0.220588235294118,0.607843137254902,204
"UMass-gbqr_4src",2026-04-04,0.404986252699016,0.614866541338689,16.1698477880063,0.322584667211851,0.34694847546047,0.582616146694795,22.7064171366311,0.464536107127775,0.377450980392157,0.769607843137255,204
"UMass-gbqr_4src",2026-04-11,0.363109337678919,0.56091752824626,10.5157431554714,0.281721208178355,0.346467026306813,0.576646948868942,15.8457713502087,0.421560728380813,0.446078431372549,0.857843137254902,204
"UMass-gbqr_4src",2026-04-18,0.383504533257412,0.60826721663968,7.82795525498912,0.296929715151537,0.42770989054217,0.692302759779356,11.8689494625452,0.451427428895679,0.475490196078431,0.887254901960784,204
"UMass-gbqr_4src",2026-04-25,0.591593641925506,0.772826323702562,9.02003027580781,0.372886366788835,0.94621071221785,1.14300525648938,13.6783107369139,0.567369806362822,0.32843137254902,0.857843137254902,204
"UMass-gbqr_4src",2026-05-02,0.532143590483458,0.733619618444235,7.73510857708676,0.379567288105125,0.907961771075398,1.01798913669895,11.5052998932838,0.580694633824094,0.397058823529412,0.857843137254902,204
"UMass-gbqr_4src",2026-05-09,0.474407205968117,0.634746274030977,6.26855716968296,0.320735767157575,1.00403709899458,1.01737151324849,9.38085642491994,0.488518423432471,0.42156862745098,0.916666666666667,204
"UMass-gbqr_4src",2026-05-16,0.341662038948485,0.56909530830923,4.31122588383729,0.285941832207249,0.805327685766209,0.945359697657545,6.54920897395168,0.432765093813406,0.485294117647059,0.946078431372549,204
"UMass-gbqr_4src",2026-05-23,0.320806140752106,0.526242320494192,3.95209098108738,0.268405770432133,0.738371822587501,0.854664552604428,5.81648783773585,0.414852110444261,0.519607843137255,0.955882352941177,204
"UMass-gbqr_4src",2026-05-30,0.300349696970928,0.548962075040446,3.62176477250316,0.293022915970367,0.668889451359801,0.813939288048297,5.24619177537099,0.458100786005446,0.470588235294118,0.950980392156863,204
"UMass-gbqr_4src",2026-06-06,0.275521910362681,0.539756364331661,3.73296250900951,0.325425312204791,0.828235777815968,0.836663691452393,5.92215647667104,0.537522666235253,0.352941176470588,0.973856209150327,153
"UMass-gbqr_4src",2026-06-13,0.213901845024318,0.48610163468587,3.19723628385249,0.315680258114296,0.802715456720793,0.852343072158767,5.12321335612976,0.505020613647087,0.441176470588235,0.950980392156863,102
"UMass-gbqr_4src",2026-06-20,0.183026563881658,0.484919358880174,2.97397101869396,0.334228627121411,0.75032849849876,0.802504429914772,4.75208049049215,0.555401502057892,0.411764705882353,0.96078431372549,51
"UMass-gbqr_4src_ar6fp",2025-11-22,0.547035613804332,0.56006330989941,10.0290935149645,0.235810365666848,0.580774222358755,0.577838668068078,16.1250254678431,0.358633728641252,0.490196078431373,0.92156862745098,51
"UMass-gbqr_4src_ar6fp",2025-11-29,0.50842160033571,0.472898057281296,15.8631071816287,0.249211423302978,0.509438727185069,0.487146777565334,24.9774811240444,0.400349798511661,0.441176470588235,0.950980392156863,102
"UMass-gbqr_4src_ar6fp",2025-12-06,0.50030954528954,0.364097198319987,25.5638372834868,0.226213151152582,0.463791857794176,0.35217704601463,36.6607760010638,0.343269908460526,0.522875816993464,0.934640522875817,153
"UMass-gbqr_4src_ar6fp",2025-12-13,0.492619382456601,0.323172848057132,45.1000362535642,0.253659487449527,0.459399661298063,0.305743661575354,62.5143852825208,0.372455348906559,0.534313725490196,0.897058823529412,204
"UMass-gbqr_4src_ar6fp",2025-12-20,0.524428437438516,0.370972531921017,118.206388869344,0.391351176673903,0.558320271817444,0.382239952921078,164.283003118205,0.579428903116377,0.186274509803922,0.627450980392157,204
"UMass-gbqr_4src_ar6fp",2025-12-27,0.609389151885289,0.445638081247868,281.381492581621,0.584533856290204,0.672031914366762,0.468974681018121,363.631856880129,0.800574110426703,0.053921568627451,0.269607843137255,204
"UMass-gbqr_4src_ar6fp",2026-01-03,0.54781771392419,0.406507492121005,231.068102492003,0.415251770158642,0.647282692593505,0.455766727243648,322.800513387256,0.594672816779854,0.181372549019608,0.563725490196078,204
"UMass-gbqr_4src_ar6fp",2026-01-10,0.585781388674562,0.418315540088715,103.787691489533,0.194407278008666,0.667338413328107,0.465614674139147,158.757845770718,0.295383238240994,0.382352941176471,0.833333333333333,204
"UMass-gbqr_4src_ar6fp",2026-01-17,1.10695280160237,1.00192684668567,209.137045779749,0.385189574612044,1.24318148262717,1.12529022948948,306.273602715081,0.56440553553492,0.186274509803922,0.647058823529412,204
"UMass-gbqr_4src_ar6fp",2026-01-24,1.01638988036304,0.995622850300636,215.112807275486,0.446413168197322,1.13179396402275,1.10315752784885,310.211410315531,0.63716388919549,0.191176470588235,0.666666666666667,204
"UMass-gbqr_4src_ar6fp",2026-01-31,0.832516482704298,0.834004341426496,146.180039724032,0.400099055425563,0.94273103828145,0.945964668656763,218.611933808541,0.589742758945154,0.28921568627451,0.75,204
"UMass-gbqr_4src_ar6fp",2026-02-07,0.754877638583884,0.763906633523647,81.5825368315306,0.285396045222317,0.793766590197104,0.84688710666777,124.629136686339,0.439329081854964,0.392156862745098,0.857843137254902,204
"UMass-gbqr_4src_ar6fp",2026-02-14,0.910397959665988,0.848065614724817,75.5070446703328,0.27030450943756,0.898496175372524,0.906390566166647,110.783697544829,0.414146041385414,0.397058823529412,0.872549019607843,204
"UMass-gbqr_4src_ar6fp",2026-02-21,1.23528022539951,1.1158684954377,52.3999789991878,0.255731965376271,1.30828387589319,1.3221390074744,80.7801161801501,0.400518294019068,0.382352941176471,0.897058823529412,204
"UMass-gbqr_4src_ar6fp",2026-02-28,0.696963069213077,0.784173967247321,29.8516843375211,0.185755933778696,0.758864137339906,0.910011296937705,48.0316359869258,0.291627091201815,0.475490196078431,0.990196078431373,204
"UMass-gbqr_4src_ar6fp",2026-03-07,0.56890886840469,0.773499745901952,28.1162619819024,0.217757402321481,0.596416511121607,0.892978613247683,43.8804677226676,0.339609549182055,0.509803921568627,0.96078431372549,204
"UMass-gbqr_4src_ar6fp",2026-03-14,0.493284613438344,0.691123076531431,26.9313686476761,0.213136736148562,0.507474996383837,0.803026232568884,41.8865881819169,0.335976946174344,0.46078431372549,0.965686274509804,204
"UMass-gbqr_4src_ar6fp",2026-03-21,0.389697457012631,0.584265733840842,19.2235454900776,0.203233026459683,0.382144400111444,0.649468658073027,29.565613073328,0.319345683830313,0.534313725490196,0.975490196078431,204
"UMass-gbqr_4src_ar6fp",2026-03-28,0.415860223374986,0.637942050437075,22.6107989564083,0.381231911059771,0.389295035477388,0.632266922680024,34.710232354403,0.585780535864644,0.303921568627451,0.82843137254902,204
"UMass-gbqr_4src_ar6fp",2026-04-04,0.390651737695185,0.603162890558022,15.5975149639114,0.316444443214583,0.359175356173433,0.621356395917779,23.5066185307426,0.495424788578329,0.475490196078431,0.926470588235294,204
"UMass-gbqr_4src_ar6fp",2026-04-11,0.366056532629602,0.580711034139729,10.601094706408,0.29166250990916,0.362015489836207,0.63808905554855,16.556884902803,0.466478297607376,0.544117647058823,0.975490196078431,204
"UMass-gbqr_4src_ar6fp",2026-04-18,0.396807549262577,0.637027286176025,8.09949158641218,0.310969135691645,0.441503111291587,0.75129993279479,12.2517113383415,0.489897508279675,0.61764705882353,0.975490196078431,204
"UMass-gbqr_4src_ar6fp",2026-04-25,0.570164934877699,0.791737653202848,8.69330670637672,0.382011026149199,0.97750924402309,1.22218448845904,14.1307586305102,0.60667312999631,0.514705882352941,0.955882352941177,204
"UMass-gbqr_4src_ar6fp",2026-05-02,0.51189675837619,0.714919314128314,7.44080559666473,0.369891941893709,0.922001729303065,1.01748318632318,11.6832081874923,0.580406023015198,0.588235294117647,0.96078431372549,204
"UMass-gbqr_4src_ar6fp",2026-05-09,0.466712258995768,0.644724427233374,6.166880351947,0.325777703996152,1.00959421023909,1.02154191131943,9.43277727801818,0.490520952758455,0.642156862745098,0.970588235294118,204
"UMass-gbqr_4src_ar6fp",2026-05-16,0.388041852862158,0.594412039842775,4.89646460350182,0.298662219275116,0.833235903934974,0.954634852818323,6.77616845405942,0.437011057972057,0.735294117647059,0.990196078431373,204
"UMass-gbqr_4src_ar6fp",2026-05-23,0.399061690425184,0.576906230673895,4.91614064471894,0.294246500672371,0.808184016171917,0.877952813809438,6.36642997053074,0.426156176209051,0.715686274509804,0.990196078431373,204
"UMass-gbqr_4src_ar6fp",2026-05-30,0.396890098870806,0.618378733793625,4.78589655039577,0.330075879534886,0.820807486708599,0.922486118879746,6.43770577810666,0.519193043440913,0.686274509803922,0.980392156862745,204
"UMass-gbqr_4src_ar6fp",2026-06-06,0.375395109595,0.626256108781128,5.08611408921712,0.37757700175079,1.01927113064648,0.9715306354222,7.28812167926305,0.624169236476405,0.594771241830065,1,153
"UMass-gbqr_4src_ar6fp",2026-06-13,0.352632059289259,0.597222622210398,5.27086624559532,0.38784356619765,1.17716737073719,1.07279150199797,7.51309763088147,0.635638207608353,0.686274509803922,0.990196078431373,102
"UMass-gbqr_4src_ar6fp",2026-06-20,0.351848340941423,0.644673217131933,5.71713059975229,0.444338301530239,1.31102998115263,1.13010835289583,8.30318988063331,0.782131354406569,0.666666666666667,1,51
"UMass-gbqr_4src_ar6p",2025-11-22,0.649185988370331,0.647368036731167,11.901870411493,0.272569352007765,0.697473459126393,0.699576161085424,19.3651454533916,0.434189715889764,0.411764705882353,0.92156862745098,51
"UMass-gbqr_4src_ar6p",2025-11-29,0.636619963993099,0.594517495537291,19.8629851999186,0.313303362025103,0.628856025710435,0.614079630392096,30.8324410252734,0.504666494000607,0.294117647058824,0.941176470588235,102
"UMass-gbqr_4src_ar6p",2025-12-06,0.603519098982932,0.485195005608371,30.8374369210716,0.301451073088741,0.575973606349342,0.486018777619004,45.5282666352219,0.473726562225868,0.372549019607843,0.901960784313726,153
"UMass-gbqr_4src_ar6p",2025-12-13,0.579663816108597,0.430687551685806,53.0690834595413,0.338048150605153,0.552550677330763,0.422366478201526,75.1902294250097,0.514524661588814,0.367647058823529,0.852941176470588,204
"UMass-gbqr_4src_ar6p",2025-12-20,0.60475292325545,0.462006847540806,136.311561526614,0.487386282968762,0.633946570207783,0.465886011543967,186.535670702413,0.706226072348648,0.127450980392157,0.485294117647059,204
"UMass-gbqr_4src_ar6p",2025-12-27,0.664326295062978,0.510511883666294,306.74836249994,0.669627423235079,0.71954659606538,0.529798901817499,389.341725066102,0.904405507791581,0.0490196078431373,0.215686274509804,204
"UMass-gbqr_4src_ar6p",2026-01-03,0.596474739072619,0.462840364841484,251.591510531176,0.472796404805466,0.691571079459993,0.513202905630277,344.887175337561,0.669614079370064,0.156862745098039,0.519607843137255,204
"UMass-gbqr_4src_ar6p",2026-01-10,0.63836736704204,0.469090353042319,113.104780432609,0.218004281303394,0.728714619489344,0.521350568010905,173.359064698222,0.33074176479202,0.372549019607843,0.82843137254902,204
"UMass-gbqr_4src_ar6p",2026-01-17,1.11288577521872,1.00280425096987,210.257964912901,0.385526891636849,1.24587178324021,1.12829548679278,306.936392559247,0.565912865655843,0.186274509803922,0.676470588235294,204
"UMass-gbqr_4src_ar6p",2026-01-24,1.05055320587904,1.01155799015084,222.343269718686,0.453558098894774,1.17470621295046,1.12883893611849,321.973152896627,0.651997007367662,0.205882352941176,0.691176470588235,204
"UMass-gbqr_4src_ar6p",2026-01-31,0.843402179646685,0.838885422794757,148.091439251274,0.402440669189295,0.960226931997312,0.956737352554929,222.669094338553,0.596458773331156,0.299019607843137,0.764705882352941,204
"UMass-gbqr_4src_ar6p",2026-02-07,0.743954933863978,0.771378240674204,80.4020780199763,0.288187442807632,0.781847313683251,0.857684138470291,122.757693418012,0.444930123636347,0.401960784313726,0.857843137254902,204
"UMass-gbqr_4src_ar6p",2026-02-14,0.975352067414219,0.925543351658404,80.8942411849941,0.294999039330699,0.954788685703491,0.982998632996255,117.724508879901,0.449149635641533,0.411764705882353,0.857843137254902,204
"UMass-gbqr_4src_ar6p",2026-02-21,1.42047393447822,1.32837913795533,60.255804962376,0.304434625677734,1.51626497283493,1.60191444120354,93.6219294011214,0.485271242681928,0.313725490196078,0.892156862745098,204
"UMass-gbqr_4src_ar6p",2026-02-28,0.803241525804816,0.935873589838997,34.4037059268968,0.221690695993909,0.883941759983205,1.12231495367667,55.9483137495252,0.359663057430628,0.42156862745098,0.985294117647059,204
"UMass-gbqr_4src_ar6p",2026-03-07,0.643231893127112,0.894803418306222,31.7894085092941,0.251907087224103,0.680879621844081,1.06024571985662,50.0947168836167,0.403223062233452,0.436274509803922,0.946078431372549,204
"UMass-gbqr_4src_ar6p",2026-03-14,0.542986692885887,0.756067800725103,29.644903567867,0.233165160917965,0.56226536422127,0.892051438011467,46.4089421703811,0.373224068925813,0.455882352941176,0.965686274509804,204
"UMass-gbqr_4src_ar6p",2026-03-21,0.435248418374999,0.619455138845947,21.4705475223179,0.215473431577213,0.42393346935057,0.687484733400453,32.7987350331375,0.338038301897522,0.534313725490196,0.975490196078431,204
"UMass-gbqr_4src_ar6p",2026-03-28,0.476590922960377,0.677712153946203,25.912796987533,0.404998384132744,0.446562945507089,0.670623598038022,39.8163402736689,0.621317099678477,0.32843137254902,0.818627450980392,204
"UMass-gbqr_4src_ar6p",2026-04-04,0.445155486814332,0.646193099639291,17.7736809973478,0.339019888036017,0.413609164827492,0.663879564020925,27.0690978412345,0.529329696784938,0.485294117647059,0.926470588235294,204
"UMass-gbqr_4src_ar6p",2026-04-11,0.423728912260923,0.617917511994818,12.2713021850824,0.310349488592405,0.42591584885224,0.680594906638032,19.4793866166245,0.497552419443753,0.549019607843137,0.970588235294118,204
"UMass-gbqr_4src_ar6p",2026-04-18,0.437642977576196,0.672429513499758,8.93300951889193,0.328250970035831,0.48618809541306,0.797243738461402,13.4917196477124,0.519855924265726,0.598039215686274,0.975490196078431,204
"UMass-gbqr_4src_ar6p",2026-04-25,0.584945884343022,0.813305082008301,8.91867189327841,0.392417245401297,0.991154140773889,1.27201608644204,14.3280076526579,0.631408750360124,0.514705882352941,0.96078431372549,204
"UMass-gbqr_4src_ar6p",2026-05-02,0.53782605911767,0.740853041731981,7.81770754596954,0.383309787340449,0.955849607689728,1.07193169647781,12.1121139013625,0.611465251966339,0.593137254901961,0.965686274509804,204
"UMass-gbqr_4src_ar6p",2026-05-09,0.490524281176219,0.664790762158685,6.4815193803726,0.335917174820358,1.01918401146413,1.03870679688733,9.52237610711097,0.498763136392296,0.676470588235294,0.985294117647059,204
"UMass-gbqr_4src_ar6p",2026-05-16,0.437395758676598,0.622477031168179,5.51923158361623,0.312763468966154,0.895581398408625,0.998838145866841,7.28318401941132,0.457246363444042,0.735294117647059,0.985294117647059,204
"UMass-gbqr_4src_ar6p",2026-05-23,0.470948558060645,0.620522282535294,5.80173292351594,0.31649252602448,1.01566115463302,0.986981540615488,8.0008209583101,0.479078456976059,0.715686274509804,0.990196078431373,204
"UMass-gbqr_4src_ar6p",2026-05-30,0.474196634138832,0.670378799567407,5.71809687868546,0.357832279469366,1.04165467806856,1.02837310720028,8.16984061230241,0.578788290027056,0.67156862745098,0.980392156862745,204
"UMass-gbqr_4src_ar6p",2026-06-06,0.451905771052954,0.680778408894037,6.12273375545747,0.41044912278328,1.24024640871253,1.07661355229325,8.86816713157847,0.691680770954791,0.57516339869281,1,153
"UMass-gbqr_4src_ar6p",2026-06-13,0.438966970841904,0.656207237875407,6.56133249542094,0.426148886256767,1.48325855362514,1.21964970839509,9.46667959225459,0.722652960160916,0.676470588235294,0.990196078431373,102
"UMass-gbqr_4src_ar6p",2026-06-20,0.453447404682344,0.718295035194405,7.36799845567349,0.495081829761462,1.67054204254007,1.26050641437579,10.5800996027538,0.8723779331315,0.568627450980392,1,51
"UMass-gbqr_4src_wisar",2025-11-22,0.574887405665981,0.585054430763486,10.5397151602304,0.246332685635354,0.611912464716285,0.62024760493855,16.9895696085933,0.384954700216966,0.450980392156863,0.941176470588235,51
"UMass-gbqr_4src_wisar",2025-11-29,0.527592187493688,0.491667783138666,16.461242820675,0.25910283652386,0.52866413799565,0.512289331062829,25.920091707022,0.421012598083276,0.401960784313726,0.96078431372549,102
"UMass-gbqr_4src_wisar",2025-12-06,0.489506632478627,0.362112491865772,25.0118512022977,0.224980055421023,0.463997080398117,0.356777712259204,36.6769979760446,0.347754216278153,0.490196078431373,0.947712418300654,153
"UMass-gbqr_4src_wisar",2025-12-13,0.494299864600042,0.329181141377434,45.2538868901646,0.258375417680785,0.469379440047831,0.31854295380396,63.8724179202342,0.388047380571906,0.514705882352941,0.906862745098039,204
"UMass-gbqr_4src_wisar",2025-12-20,0.525862124032347,0.368905406036085,118.529542426491,0.389170497303352,0.565198011500863,0.388383176584022,166.306744305641,0.588741276983672,0.200980392156863,0.705882352941177,204
"UMass-gbqr_4src_wisar",2025-12-27,0.617731283232484,0.442641609296649,285.233417681574,0.580603448682292,0.685392008213658,0.477512206174923,370.860911973766,0.815148290834084,0.0588235294117647,0.348039215686274,204
"UMass-gbqr_4src_wisar",2026-01-03,0.573154053856984,0.417408197650561,241.754905498839,0.426386957959262,0.676882788220169,0.476652839598414,337.562110095974,0.621924484185906,0.186274509803922,0.607843137254902,204
"UMass-gbqr_4src_wisar",2026-01-10,0.564283633782371,0.413026929940226,99.9787579938535,0.191949458002269,0.649054468405856,0.46090286563398,154.408149050023,0.292394094359734,0.431372549019608,0.926470588235294,204
"UMass-gbqr_4src_wisar",2026-01-17,1.06706186123003,0.973007220739518,201.600434091545,0.374071459099933,1.21225786056474,1.11303938827533,298.655174295406,0.558260949529441,0.186274509803922,0.681372549019608,204
"UMass-gbqr_4src_wisar",2026-01-24,0.992245858372901,0.972131428863382,210.00287018386,0.435880183878916,1.12789019440171,1.11294601248692,309.141432989105,0.642817541356561,0.200980392156863,0.691176470588235,204
"UMass-gbqr_4src_wisar",2026-01-31,0.843731413691909,0.825013162344925,148.149248852416,0.395785693876934,0.968690040122191,0.954301509026283,224.631622735394,0.594940195385764,0.279411764705882,0.784313725490196,204
"UMass-gbqr_4src_wisar",2026-02-07,0.775565442985342,0.754950382608501,83.8183476149996,0.282049983702454,0.823516259720916,0.844698085527268,129.300126465005,0.438193510607928,0.436274509803922,0.892156862745098,204
"UMass-gbqr_4src_wisar",2026-02-14,0.902137322860391,0.824263392433272,74.8219198129415,0.262718011520029,0.898732843967728,0.884601761440317,110.81287855059,0.404190347272121,0.397058823529412,0.887254901960784,204
"UMass-gbqr_4src_wisar",2026-02-21,1.2417253112788,1.05536496953219,52.6733763690952,0.241865917848922,1.35097403044606,1.29594471133423,83.4160239583266,0.392583201911671,0.387254901960784,0.931372549019608,204
"UMass-gbqr_4src_wisar",2026-02-28,0.698496746882168,0.741300304159447,29.9173734158605,0.175599976486009,0.766889540839091,0.880022173114655,48.5395968201683,0.282016616059762,0.475490196078431,0.995098039215686,204
"UMass-gbqr_4src_wisar",2026-03-07,0.566730741152969,0.702473385093256,28.008615924967,0.197761900179441,0.591519631023068,0.819591227349561,43.5201869707119,0.311699522367564,0.490196078431373,0.980392156862745,204
"UMass-gbqr_4src_wisar",2026-03-14,0.508594071142784,0.635064716836221,27.7672038592396,0.1958487939209,0.527166302132228,0.747268939588769,43.5118931142277,0.312648735634472,0.490196078431373,0.980392156862745,204
"UMass-gbqr_4src_wisar",2026-03-21,0.383253483512459,0.555207098484251,18.9056680816207,0.193125169595503,0.380287092849116,0.620818733213768,29.4219175805765,0.305258429992671,0.534313725490196,0.980392156862745,204
"UMass-gbqr_4src_wisar",2026-03-28,0.415456873170435,0.626289423042649,22.588868341573,0.374268342178553,0.388129488784719,0.619403842089137,34.6063101544375,0.573863192143007,0.294117647058824,0.808823529411765,204
"UMass-gbqr_4src_wisar",2026-04-04,0.373783192872423,0.56554897615307,14.9240061710291,0.296710612789464,0.339618961005921,0.569450903272499,22.2267291587748,0.45403909127355,0.470588235294118,0.906862745098039,204
"UMass-gbqr_4src_wisar",2026-04-11,0.338956846297189,0.522332500711927,9.81628057056922,0.262341851985736,0.330292420445957,0.558721395921474,15.1060209939254,0.408456160374365,0.519607843137255,0.96078431372549,204
"UMass-gbqr_4src_wisar",2026-04-18,0.361928707262151,0.557826157738552,7.38755733049583,0.272306574463147,0.39719494823156,0.64169718062272,11.0221598134258,0.418429226644199,0.583333333333333,0.965686274509804,204
"UMass-gbqr_4src_wisar",2026-04-25,0.548587121963382,0.699483429018942,8.36430971929049,0.33749864164339,0.918679910495955,1.07005521035127,13.2803287061401,0.531158552463022,0.411764705882353,0.950980392156863,204
"UMass-gbqr_4src_wisar",2026-05-02,0.481866189097655,0.665890286838388,7.00428861486634,0.344524824577062,0.882234243646039,0.953552181747509,11.1792917638481,0.54393766598296,0.470588235294118,0.950980392156863,204
"UMass-gbqr_4src_wisar",2026-05-09,0.433436846964065,0.586206965720646,5.72719726947816,0.296208971294174,0.980081159862321,0.974839686466245,9.15703279753717,0.468095617510748,0.519607843137255,0.980392156862745,204
"UMass-gbqr_4src_wisar",2026-05-16,0.326793939293977,0.522503674249943,4.12361435909411,0.262531874307538,0.790034741514836,0.899152457827358,6.42484135378977,0.411612425120718,0.602941176470588,0.990196078431373,204
"UMass-gbqr_4src_wisar",2026-05-23,0.32237427243659,0.50311696541661,3.97140918700725,0.256610864351059,0.712271498076002,0.798324597608633,5.61088381082419,0.387504832309095,0.61764705882353,0.995098039215686,204
"UMass-gbqr_4src_wisar",2026-05-30,0.323507406324293,0.561740679665638,3.90101185280237,0.299843831584675,0.697962488774284,0.835651141694704,5.47421559822969,0.470320637494497,0.558823529411765,0.980392156862745,204
"UMass-gbqr_4src_wisar",2026-06-06,0.292546701471613,0.536551081363698,3.96362622228626,0.323492810284511,0.860461163000875,0.840176905373567,6.15257851191476,0.539779764437622,0.483660130718954,0.993464052287582,153
"UMass-gbqr_4src_wisar",2026-06-13,0.233318351801439,0.475895864514503,3.48745893231268,0.309052508005958,0.81725983684815,0.819442157391861,5.21604072341319,0.485526538188657,0.549019607843137,0.980392156862745,102
"UMass-gbqr_4src_wisar",2026-06-20,0.216312201005654,0.520443244638492,3.51482431368087,0.358713315863141,0.809258411162739,0.847915468290083,5.12530327069734,0.586829813209189,0.509803921568627,0.980392156862745,51
"UMass-gbqr_5src_all_otid10",2025-11-22,0.525951822068112,0.629676015352354,9.64255319905697,0.26512026195494,0.556392036973621,0.673641260713346,15.4480612618558,0.418093302589016,0.352941176470588,0.92156862745098,51
"UMass-gbqr_5src_all_otid10",2025-11-29,0.508465598527515,0.603196423350788,15.8644799557829,0.317877049566938,0.529868078088997,0.640963305685739,25.9791201815988,0.526760192414981,0.274509803921569,0.931372549019608,102
"UMass-gbqr_5src_all_otid10",2025-12-06,0.500415516666037,0.495617146315831,25.5692520013369,0.307926336568023,0.521866631995,0.524546025834572,41.2513401787421,0.511279392876974,0.320261437908497,0.928104575163399,153
"UMass-gbqr_5src_all_otid10",2025-12-13,0.512597398821418,0.465026697186077,46.9290533292512,0.365001064810104,0.552361280463554,0.490186176530581,75.1644565964131,0.597142267702816,0.299019607843137,0.906862745098039,204
"UMass-gbqr_5src_all_otid10",2025-12-20,0.556700908000325,0.510182025608959,125.48061721523,0.538207869477653,0.613954010094637,0.53797376342091,180.652957891866,0.815502265689973,0.17156862745098,0.598039215686274,204
"UMass-gbqr_5src_all_otid10",2025-12-27,0.593679682220452,0.528703685906281,274.127746747318,0.693489217735297,0.681659858688832,0.573593123523873,368.841471478673,0.979165450073103,0.0735294117647059,0.406862745098039,204
"UMass-gbqr_5src_all_otid10",2026-01-03,0.520853168744388,0.454649253747669,219.694526700478,0.464429096829111,0.642259586652724,0.529411747888242,320.295485529975,0.690762963889514,0.225490196078431,0.681372549019608,204
"UMass-gbqr_5src_all_otid10",2026-01-10,0.977138103563313,0.627672159917654,173.127569424434,0.291703330135746,1.16059801393354,0.734310200812186,276.102853991218,0.465842115887605,0.338235294117647,0.916666666666667,204
"UMass-gbqr_5src_all_otid10",2026-01-17,1.39118942275615,1.14236127981045,262.837986925993,0.439179424005899,1.6322785364353,1.32590474551257,402.13262100081,0.665026637882413,0.279411764705882,0.715686274509804,204
"UMass-gbqr_5src_all_otid10",2026-01-24,1.07092327810079,0.996771621323049,226.654473032181,0.446928249296046,1.26212257992633,1.17691544349127,345.932950656866,0.679765130816279,0.313725490196078,0.725490196078431,204
"UMass-gbqr_5src_all_otid10",2026-01-31,0.705176899378596,0.829207077666003,123.82071623229,0.397797651699153,0.842025288760995,0.986514959832508,195.259060343763,0.615023027211378,0.357843137254902,0.848039215686274,204
"UMass-gbqr_5src_all_otid10",2026-02-07,0.793561206695648,1.02640744910969,85.7632191818163,0.383466530996636,0.804306156974182,1.11397444372114,126.283951999427,0.577882654862393,0.377450980392157,0.852941176470588,204
"UMass-gbqr_5src_all_otid10",2026-02-14,1.22057534011238,1.43054190504607,101.232692528425,0.45595755936741,1.18914828344407,1.51356867451804,146.620817517003,0.691576565682577,0.245098039215686,0.725490196078431,204
"UMass-gbqr_5src_all_otid10",2026-02-21,1.76253158241614,1.94298082216823,74.7657219835615,0.445287510466528,1.76633048992239,2.25145442044604,109.062249269914,0.682037727077801,0.196078431372549,0.705882352941177,204
"UMass-gbqr_5src_all_otid10",2026-02-28,1.0468443563136,1.26693559085025,44.8374794240856,0.300113002401707,1.09123939528993,1.4553003681252,69.0690346665863,0.46637334570401,0.318627450980392,0.843137254901961,204
"UMass-gbqr_5src_all_otid10",2026-03-07,0.848533077358506,1.20609808422675,41.9356765701719,0.339543467412364,0.881373766197005,1.33818362338275,64.8457787100532,0.508925891748957,0.348039215686274,0.808823529411765,204
"UMass-gbqr_5src_all_otid10",2026-03-14,0.630159483918144,0.990167343604664,34.4041896014866,0.305359556095204,0.648231963688486,1.10831689837859,53.5045578656212,0.463707051909685,0.338235294117647,0.833333333333333,204
"UMass-gbqr_5src_all_otid10",2026-03-21,0.453424665329648,0.716816932228282,22.3671710539419,0.249340096665644,0.455095010080158,0.765157206888275,35.2096301181134,0.376230089680407,0.42156862745098,0.916666666666667,204
"UMass-gbqr_5src_all_otid10",2026-03-28,0.432938644364257,0.634916245571501,23.5393723610667,0.379423700783295,0.397128123127136,0.621887009583095,35.4086442723504,0.576163788826266,0.303921568627451,0.808823529411765,204
"UMass-gbqr_5src_all_otid10",2026-04-04,0.389900031001019,0.635087368842773,15.5675016418668,0.333193357834293,0.372328865946419,0.655994310285159,24.3674641629933,0.523042564004792,0.362745098039216,0.901960784313726,204
"UMass-gbqr_5src_all_otid10",2026-04-11,0.420910841640134,0.70732042339119,12.1896901091396,0.355252161347162,0.421595229555786,0.781549642129394,19.2817818223308,0.5713558999108,0.362745098039216,0.931372549019608,204
"UMass-gbqr_5src_all_otid10",2026-04-18,0.499768615764222,0.901411100503853,10.2010954833337,0.440029865140002,0.59298511015884,1.11269804234304,16.4553368069078,0.725553104182716,0.392156862745098,0.931372549019608,204
"UMass-gbqr_5src_all_otid10",2026-04-25,0.821586543956776,1.27047328337645,12.5267328373681,0.612999521640072,1.37466491437018,2.08487896505314,19.8719942768513,1.03490108026735,0.284313725490196,0.848039215686274,204
"UMass-gbqr_5src_all_otid10",2026-05-02,0.741012930578301,1.11184463495431,10.7711820222076,0.57525704366904,1.29529326209492,1.65369929354249,16.4133974633106,0.943324708584591,0.362745098039216,0.843137254901961,204
"UMass-gbqr_5src_all_otid10",2026-05-09,0.67369569882618,0.984550682315627,8.90184624081204,0.497491094185778,1.45964237967514,1.68460585159284,13.6376390963766,0.808909020950981,0.392156862745098,0.911764705882353,204
"UMass-gbqr_5src_all_otid10",2026-05-16,0.491595226461998,0.876014775399057,6.20314176903151,0.440153461574699,1.10919744945983,1.45780515289895,9.02038514046012,0.667351469836531,0.455882352941176,0.941176470588235,204
"UMass-gbqr_5src_all_otid10",2026-05-23,0.456686677629202,0.765153433365335,5.62603725605049,0.390260510763085,1.00707788374137,1.21862325650555,7.93320666260967,0.591516786623737,0.544117647058823,0.950980392156863,204
"UMass-gbqr_5src_all_otid10",2026-05-30,0.39752616007808,0.726655712932974,4.79356649012567,0.387871559058899,0.866159096612704,1.0331646704429,6.79340467931533,0.581485074565988,0.549019607843137,0.936274509803922,204
"UMass-gbqr_5src_all_otid10",2026-06-06,0.367279673696293,0.684165375191799,4.97616051814082,0.41249116367008,1.04245196372591,1.04162392335371,7.45387221121667,0.669201346031362,0.522875816993464,0.96078431372549,153
"UMass-gbqr_5src_all_otid10",2026-06-13,0.267751506382089,0.575884341578946,4.00213860316937,0.37398622967212,0.940126054025485,0.933318734058418,6.00021628598618,0.552999390971418,0.598039215686274,0.970588235294118,102
"UMass-gbqr_5src_all_otid10",2026-06-20,0.251727197966781,0.606325037390572,4.09027725535127,0.417906980047924,0.991355545499047,0.902711617929227,6.27858512149396,0.624753421705409,0.490196078431373,0.96078431372549,51
"UMass-gbqr_5src_mobsgleam_otid10",2025-11-22,0.537336655322874,0.565906300607045,9.85127737438118,0.238270512137794,0.583612205972482,0.583498818996438,16.2038212481772,0.362146683284624,0.529411764705882,0.96078431372549,51
"UMass-gbqr_5src_mobsgleam_otid10",2025-11-29,0.534502821782825,0.481679030589572,16.6768594120024,0.253838887557582,0.539921495797374,0.487400886509533,26.4720333380654,0.400558631802354,0.401960784313726,0.980392156862745,102
"UMass-gbqr_5src_mobsgleam_otid10",2025-12-06,0.527060708173633,0.398319435108025,26.930715812093,0.247475385685099,0.537523175125096,0.39284840260225,42.4889233984504,0.382912619451456,0.535947712418301,0.954248366013072,153
"UMass-gbqr_5src_mobsgleam_otid10",2025-12-13,0.535122163964023,0.396953185638673,48.9912290387585,0.311569929887062,0.568712534549681,0.400945263785571,77.3895096034273,0.488429448859995,0.455882352941176,0.926470588235294,204
"UMass-gbqr_5src_mobsgleam_otid10",2025-12-20,0.548253484024011,0.456398627364453,123.576564322207,0.481469986272355,0.662997126884096,0.513225957228723,195.083654599729,0.77798762577101,0.156862745098039,0.759803921568627,204
"UMass-gbqr_5src_mobsgleam_otid10",2025-12-27,0.579754838279811,0.501040154854986,267.69804027837,0.657203560910958,0.716758680749943,0.582405073131848,387.833203221671,0.994208093107082,0.0735294117647059,0.416666666666667,204
"UMass-gbqr_5src_mobsgleam_otid10",2026-01-03,0.526976182999092,0.4616085169334,222.277198361879,0.47153805893408,0.68212815139199,0.563209984908475,340.177977852275,0.734862042671696,0.21078431372549,0.647058823529412,204
"UMass-gbqr_5src_mobsgleam_otid10",2026-01-10,0.628087642059054,0.491118095017636,111.283437273268,0.228241417980626,0.798230855302859,0.604723767434438,189.896772738741,0.383633237067388,0.42156862745098,0.931372549019608,204
"UMass-gbqr_5src_mobsgleam_otid10",2026-01-17,1.06763686912636,0.988307635685209,201.709070568696,0.379953685276239,1.285254794652,1.16790604762745,316.638899360884,0.585780113424337,0.156862745098039,0.627450980392157,204
"UMass-gbqr_5src_mobsgleam_otid10",2026-01-24,1.02064766352406,1.0151168986354,216.013941482185,0.455153827248572,1.20507448465087,1.16386017509625,330.296738895924,0.672224643283838,0.225490196078431,0.583333333333333,204
"UMass-gbqr_5src_mobsgleam_otid10",2026-01-31,0.931012624505427,0.910130705398769,163.47479630877,0.43661935250962,1.08991433605397,1.02627874096578,252.742586183182,0.639812961517199,0.245098039215686,0.661764705882353,204
"UMass-gbqr_5src_mobsgleam_otid10",2026-02-07,0.860062016379733,0.835135106735367,92.9502180781621,0.312007051947159,0.904873532515623,0.904504311812755,142.074015914095,0.469218442120458,0.338235294117647,0.803921568627451,204
"UMass-gbqr_5src_mobsgleam_otid10",2026-02-14,0.906674963638688,0.863283019561016,75.19826495004,0.27515476285869,0.863141641577862,0.886826067055068,106.424518189255,0.405206672242356,0.308823529411765,0.799019607843137,204
"UMass-gbqr_5src_mobsgleam_otid10",2026-02-21,1.4013245908567,1.24154416663781,59.443499233697,0.284534003006501,1.37507067272649,1.39588933045497,84.9038734983474,0.422859631334243,0.230392156862745,0.725490196078431,204
"UMass-gbqr_5src_mobsgleam_otid10",2026-02-28,0.885170627673443,0.984448089591689,37.9128182386872,0.233197073323761,0.945030685945347,1.14355303917202,59.8148834163055,0.366469127988816,0.259803921568627,0.857843137254902,204
"UMass-gbqr_5src_mobsgleam_otid10",2026-03-07,0.715455873911753,1.00962938041586,35.3588173863452,0.284233152436837,0.708580626436316,1.13246748140163,52.132777559719,0.430689789337062,0.323529411764706,0.794117647058823,204
"UMass-gbqr_5src_mobsgleam_otid10",2026-03-14,0.570724926234625,0.861932882285735,31.1593002621874,0.265813091108888,0.541979612341457,0.964040896241488,44.734572120615,0.403343630842855,0.348039215686274,0.794117647058823,204
"UMass-gbqr_5src_mobsgleam_otid10",2026-03-21,0.405267709927429,0.63164253028235,19.9916168742076,0.219712736233994,0.399184503792579,0.681125396794069,30.8839658007759,0.334911397046873,0.397058823529412,0.872549019607843,204
"UMass-gbqr_5src_mobsgleam_otid10",2026-03-28,0.443404711316326,0.669095699253805,24.1084244665962,0.399849221310366,0.396175302578656,0.625938386403017,35.3236891107999,0.57991729482102,0.230392156862745,0.637254901960784,204
"UMass-gbqr_5src_mobsgleam_otid10",2026-04-04,0.378885799893225,0.593436814659634,15.1277374786933,0.311341737593087,0.341395442243652,0.574519071214517,22.3429928891911,0.458080082961492,0.397058823529412,0.818627450980392,204
"UMass-gbqr_5src_mobsgleam_otid10",2026-04-11,0.334479466451023,0.535684231642862,9.6866144574014,0.269047767881957,0.331055581549853,0.558491611099474,15.1409243914712,0.408288174994189,0.480392156862745,0.911764705882353,204
"UMass-gbqr_5src_mobsgleam_otid10",2026-04-18,0.362957098837496,0.586076726591469,7.4085484858494,0.286097278832696,0.40785843150406,0.669646541595034,11.3180714742377,0.436654068282892,0.504901960784314,0.965686274509804,204
"UMass-gbqr_5src_mobsgleam_otid10",2026-04-25,0.595537900272689,0.763648120838915,9.08016839627746,0.368457911630786,0.995497876733803,1.16528958902228,14.3908001886666,0.578431398041713,0.362745098039216,0.950980392156863,204
"UMass-gbqr_5src_mobsgleam_otid10",2026-05-02,0.542853977780977,0.72310794369599,7.89079213718319,0.374128655089701,0.967922645881805,1.02690987912864,12.2650982333552,0.585783320011303,0.406862745098039,0.936274509803922,204
"UMass-gbqr_5src_mobsgleam_otid10",2026-05-09,0.501493084730029,0.675738958282499,6.62645514714656,0.341449272016398,1.11773809189743,1.13783690151522,10.4431804076299,0.54636313481655,0.416666666666667,0.955882352941177,204
"UMass-gbqr_5src_mobsgleam_otid10",2026-05-16,0.369719175378444,0.613510723206675,4.66526185802824,0.308258349192344,0.890252435099186,1.05869610421189,7.23984700896838,0.484648033964648,0.426470588235294,0.965686274509804,204
"UMass-gbqr_5src_mobsgleam_otid10",2026-05-23,0.342941906748465,0.569201428186361,4.22478701162025,0.290316726560415,0.809447139261387,0.956993300729202,6.37638016075024,0.464522237734926,0.46078431372549,0.970588235294118,204
"UMass-gbqr_5src_mobsgleam_otid10",2026-05-30,0.298728505126857,0.538923698314361,3.60221564170815,0.287664668919021,0.69227387272811,0.809472109157373,5.4295990017891,0.455586571258464,0.529411764705882,0.990196078431373,204
"UMass-gbqr_5src_mobsgleam_otid10",2026-06-06,0.284638678099644,0.510434134574214,3.85648282040917,0.307746603061318,0.83301637456415,0.789606765461294,5.95633930570706,0.507290489816002,0.490196078431373,1,153
"UMass-gbqr_5src_mobsgleam_otid10",2026-06-13,0.22890051764434,0.479907502927127,3.4214246273654,0.311657714323309,0.845065297551396,0.848718835182358,5.39350498731332,0.502873222013819,0.519607843137255,1,102
"UMass-gbqr_5src_mobsgleam_otid10",2026-06-20,0.198546104864092,0.476292773102073,3.2261456982942,0.328282789182463,0.789207020212698,0.770601013980405,4.99831112801376,0.533321617548585,0.509803921568627,1,51
"UMass-gbqr_5src_mobsgleam_otid50",2025-11-22,0.566341128953952,0.574295373178141,10.3830317447693,0.241802666870357,0.668240801768202,0.602396164361053,18.5535093196818,0.373875260488002,0.666666666666667,0.980392156862745,51
"UMass-gbqr_5src_mobsgleam_otid50",2025-11-29,0.578285702185283,0.482458499286955,18.0429157008895,0.254249657913907,0.662644772069901,0.513158756387305,32.4890833835448,0.421727114260956,0.46078431372549,0.990196078431373,102
"UMass-gbqr_5src_mobsgleam_otid50",2025-12-06,0.582395627018818,0.420830357921413,29.7581111212003,0.261461394938852,0.646491930666918,0.44653415399044,51.1024405848739,0.435240569762826,0.516339869281046,0.954248366013072,153
"UMass-gbqr_5src_mobsgleam_otid50",2025-12-13,0.586492722853342,0.429272007975088,53.6942800164132,0.336937085445187,0.648102301168562,0.454830453390303,88.1927445119573,0.554072108438664,0.357843137254902,0.92156862745098,204
"UMass-gbqr_5src_mobsgleam_otid50",2025-12-20,0.62896077745395,0.530567271966165,141.768021975359,0.559712939158604,0.733945957003577,0.588879287879187,215.960000074004,0.89266879936604,0.0931372549019608,0.740196078431373,204
"UMass-gbqr_5src_mobsgleam_otid50",2025-12-27,0.639471933173615,0.574287651329463,295.272021931756,0.753280721682176,0.752643862355537,0.644788539635019,407.250428717604,1.10070123702838,0.0588235294117647,0.401960784313726,204
"UMass-gbqr_5src_mobsgleam_otid50",2026-01-03,0.572345258869602,0.527047474906219,241.413757853757,0.538384657489418,0.682995855822554,0.607386302485199,340.610702902487,0.792502176621774,0.245098039215686,0.588235294117647,204
"UMass-gbqr_5src_mobsgleam_otid50",2026-01-10,0.82977158991849,0.620334559407574,147.017435934764,0.288293265709315,1.06887063381426,0.764367089430633,254.281180047255,0.484910031021466,0.294117647058824,0.901960784313726,204
"UMass-gbqr_5src_mobsgleam_otid50",2026-01-17,1.25961513955794,1.10483676617874,237.979603760217,0.424753169742788,1.55264542955553,1.32259821192435,382.513990189223,0.663368198297924,0.156862745098039,0.63235294117647,204
"UMass-gbqr_5src_mobsgleam_otid50",2026-01-24,1.18831830565058,1.11446484850078,251.500424791755,0.499699041372495,1.43565727988914,1.29050996786518,393.496770331966,0.745375279062765,0.215686274509804,0.57843137254902,204
"UMass-gbqr_5src_mobsgleam_otid50",2026-01-31,1.04394628687072,0.967227737625065,183.304610605194,0.464010659157101,1.24565254280176,1.09228135264351,288.857054851862,0.680960970103694,0.230392156862745,0.637254901960784,204
"UMass-gbqr_5src_mobsgleam_otid50",2026-02-07,0.899563005029961,0.863442960898994,97.2192422176035,0.322582885789265,0.97618850172923,0.940957139415736,153.271165246996,0.488128621713165,0.264705882352941,0.799019607843137,204
"UMass-gbqr_5src_mobsgleam_otid50",2026-02-14,0.903644117231626,0.874250201953431,74.9468910836806,0.278650340093543,0.865648738998795,0.89693635495799,106.733640843317,0.409826243394746,0.28921568627451,0.799019607843137,204
"UMass-gbqr_5src_mobsgleam_otid50",2026-02-21,1.42371729550738,1.28160735742313,60.3933867404372,0.293715585388892,1.41258151285833,1.44661746845567,87.2199839998214,0.438226810712464,0.215686274509804,0.75,204
"UMass-gbqr_5src_mobsgleam_otid50",2026-02-28,0.938234331121716,1.05320242935331,40.1855942222213,0.249483671855703,1.00648844443253,1.23244207290184,63.7047980123175,0.394954983531048,0.245098039215686,0.852941176470588,204
"UMass-gbqr_5src_mobsgleam_otid50",2026-03-07,0.75313832289311,1.09472411392196,37.2211360572608,0.308189214759676,0.755910375525095,1.2435700715017,55.6149942463538,0.472943321478908,0.299019607843137,0.78921568627451,204
"UMass-gbqr_5src_mobsgleam_otid50",2026-03-14,0.586141933896326,0.917018610816937,32.0010072716302,0.282801081795627,0.570794116984944,1.04986261872849,47.1128987342769,0.439250453144743,0.333333333333333,0.813725490196078,204
"UMass-gbqr_5src_mobsgleam_otid50",2026-03-21,0.408944380484099,0.659735747596065,20.1729848621847,0.229484778725897,0.406499592361705,0.716282982456454,31.449916991396,0.352198487186817,0.367647058823529,0.86764705882353,204
"UMass-gbqr_5src_mobsgleam_otid50",2026-03-28,0.430112457008667,0.645743209962108,23.3857093018979,0.385893856376236,0.384546739808424,0.61033549035038,34.2868659332129,0.565461576068547,0.279411764705882,0.730392156862745,204
"UMass-gbqr_5src_mobsgleam_otid50",2026-04-04,0.37120728260174,0.587630251843739,14.8211580454078,0.308295372231374,0.341347753507496,0.570094177152225,22.3398718484244,0.454551991483405,0.455882352941176,0.848039215686274,204
"UMass-gbqr_5src_mobsgleam_otid50",2026-04-11,0.336570477611462,0.544957297364787,9.74717069767592,0.273705171416601,0.330270279416632,0.556215511820742,15.1050083674371,0.406624220868201,0.549019607843137,0.92156862745098,204
"UMass-gbqr_5src_mobsgleam_otid50",2026-04-18,0.380436824481243,0.619422823074872,7.76533829755392,0.302375399137998,0.437681422373304,0.699810781119428,12.1456594708592,0.456323157999407,0.524509803921569,0.965686274509804,204
"UMass-gbqr_5src_mobsgleam_otid50",2026-04-25,0.61464908607946,0.82451604084112,9.37155671144358,0.397826499174332,1.04624278055821,1.26326710892051,15.1243625483635,0.627065895719623,0.397058823529412,0.946078431372549,204
"UMass-gbqr_5src_mobsgleam_otid50",2026-05-02,0.562253050334888,0.768425260297182,8.1727722928832,0.397575371254398,1.02043952151614,1.09895665787051,12.9305694270551,0.626881182740348,0.46078431372549,0.96078431372549,204
"UMass-gbqr_5src_mobsgleam_otid50",2026-05-09,0.531415880889345,0.747035189614491,7.02183859841322,0.377475086404391,1.20602098493142,1.27820898636147,11.2680195945063,0.613766584480738,0.431372549019608,0.975490196078431,204
"UMass-gbqr_5src_mobsgleam_otid50",2026-05-16,0.407308804314601,0.684546288611995,5.13958256902134,0.343950155867436,0.993230695757419,1.21079818224839,8.0773025699096,0.554277054784748,0.485294117647059,0.975490196078431,204
"UMass-gbqr_5src_mobsgleam_otid50",2026-05-23,0.37410445441845,0.621701960656241,4.60868622036208,0.317094211602747,0.911249009191543,1.08436082258262,7.17831940083731,0.526346125343145,0.524509803921569,0.975490196078431,204
"UMass-gbqr_5src_mobsgleam_otid50",2026-05-30,0.31866060228055,0.56021128893768,3.84256669929667,0.299027479142238,0.757108660149253,0.854185928914161,5.93810713842552,0.480752374502839,0.627450980392157,0.990196078431373,204
"UMass-gbqr_5src_mobsgleam_otid50",2026-06-06,0.304867449907664,0.518660590494894,4.13055629305331,0.312706427832705,0.890819440217188,0.78855648681661,6.36965011501702,0.506615728160694,0.647058823529412,1,153
"UMass-gbqr_5src_mobsgleam_otid50",2026-06-13,0.238593288764166,0.492185463789373,3.56630453483821,0.319631170032044,0.836330499711049,0.853931186623678,5.3377564246264,0.505961585150006,0.61764705882353,1,102
"UMass-gbqr_5src_mobsgleam_otid50",2026-06-20,0.209934232456556,0.478499230077334,3.41118966513104,0.329803580365862,0.802037089557107,0.740411069961857,5.07956823386168,0.51242760172773,0.647058823529412,1,51
"UMass-gbqr_5src_nihflu_otid10",2025-11-22,0.535788893314948,0.565354344128868,9.82290143408647,0.238038115091513,0.576351294426096,0.601442902903332,16.002224174654,0.373283621800866,0.372549019607843,0.92156862745098,51
"UMass-gbqr_5src_nihflu_otid10",2025-11-29,0.515821234262507,0.506764312085537,16.0939809014079,0.267058520434709,0.536151664083619,0.53315515753817,26.287200706688,0.438160672975471,0.362745098039216,0.950980392156863,102
"UMass-gbqr_5src_nihflu_otid10",2025-12-06,0.496213169488415,0.376685444111156,25.3545286955977,0.234034213113627,0.489094553763388,0.37759485249494,38.6608466223164,0.368044856750031,0.444444444444444,0.954248366013072,153
"UMass-gbqr_5src_nihflu_otid10",2025-12-13,0.472276281155738,0.320532838291907,43.2375951096458,0.251587334643577,0.466611064555415,0.311212236844791,63.4957017257761,0.379117139046395,0.485294117647059,0.926470588235294,204
"UMass-gbqr_5src_nihflu_otid10",2025-12-20,0.445150733577046,0.330326382914517,100.337161302111,0.348472211596393,0.532075685971608,0.360678081358604,156.560662382999,0.546743749476355,0.259803921568627,0.78921568627451,204
"UMass-gbqr_5src_nihflu_otid10",2025-12-27,0.465329669208822,0.361203350675111,214.862959833486,0.473782641922896,0.614205540587973,0.427505105260953,332.342402876089,0.729782508949427,0.112745098039216,0.607843137254902,204
"UMass-gbqr_5src_nihflu_otid10",2026-01-03,0.396811306529457,0.313065762403343,167.373988311416,0.319800039442706,0.54683019264851,0.385776756699758,272.704753181844,0.503351685943061,0.318627450980392,0.852941176470588,204
"UMass-gbqr_5src_nihflu_otid10",2026-01-10,0.652995435368951,0.420598989206317,115.69655523453,0.195468484406425,0.758118494132613,0.485632699797438,180.354159993872,0.308082557164027,0.455882352941176,0.985294117647059,204
"UMass-gbqr_5src_nihflu_otid10",2026-01-17,1.13077143677475,1.01004382432357,213.637110269624,0.388310136930361,1.36350790293963,1.21139077332016,335.917549931077,0.607590504423036,0.176470588235294,0.754901960784314,204
"UMass-gbqr_5src_nihflu_otid10",2026-01-24,0.95755201689253,0.955904103987528,202.660127226456,0.428604244493826,1.11620037822625,1.11071505696626,305.937391902659,0.641528981690078,0.245098039215686,0.720588235294118,204
"UMass-gbqr_5src_nihflu_otid10",2026-01-31,0.808307478370095,0.807791388943547,141.929225129037,0.387523848070641,0.921432462614071,0.942827771433502,213.672961158928,0.587787123090804,0.323529411764706,0.818627450980392,204
"UMass-gbqr_5src_nihflu_otid10",2026-02-07,0.81446745069973,0.765905412764822,88.0226375753345,0.286142790525566,0.887907933985086,0.877859466757635,139.410250615404,0.455396227539471,0.455882352941176,0.936274509803922,204
"UMass-gbqr_5src_nihflu_otid10",2026-02-14,0.856647993619543,0.785290222347832,71.0491029051879,0.250296067464922,0.928234419360063,0.881485969766452,114.450393873351,0.402766686396026,0.490196078431373,0.946078431372549,204
"UMass-gbqr_5src_nihflu_otid10",2026-02-21,1.00573017121018,0.847470928155736,42.6625787142502,0.194221278710363,1.03214892223496,0.955821127440128,63.7301363944686,0.289548863762055,0.583333333333333,0.975490196078431,204
"UMass-gbqr_5src_nihflu_otid10",2026-02-28,0.742768593683235,0.703812529171394,31.8135846415668,0.166719833891329,0.766069831649701,0.801651262046687,48.4877140502988,0.256901454405728,0.593137254901961,1,204
"UMass-gbqr_5src_nihflu_otid10",2026-03-07,0.629014406492707,0.704973441516617,31.0867606844182,0.198465721732444,0.679996995988249,0.796571736180782,50.0297789842531,0.302944957697983,0.563725490196078,0.955882352941177,204
"UMass-gbqr_5src_nihflu_otid10",2026-03-14,0.53819259204076,0.661206262533128,29.3831648197348,0.203910634014101,0.563741832403063,0.748895763649729,46.530808696092,0.313329380123775,0.495098039215686,0.980392156862745,204
"UMass-gbqr_5src_nihflu_otid10",2026-03-21,0.433496366695404,0.58453561522946,21.3841198473162,0.203326902941251,0.421955485767029,0.642983223226413,32.645703097358,0.316156776097377,0.480392156862745,0.970588235294118,204
"UMass-gbqr_5src_nihflu_otid10",2026-03-28,0.431267719306,0.642836362659309,23.4485222425897,0.38415673471817,0.400774243339328,0.630010128570523,35.7337387847992,0.583689668834631,0.274509803921569,0.784313725490196,204
"UMass-gbqr_5src_nihflu_otid10",2026-04-04,0.365802026461061,0.575552349394117,14.6053428949738,0.301958800178119,0.333155176445915,0.57649782371304,21.8036998074971,0.459657797530249,0.42156862745098,0.911764705882353,204
"UMass-gbqr_5src_nihflu_otid10",2026-04-11,0.321339515275143,0.544649558534558,9.30607797072153,0.273550609380847,0.313135027631671,0.589199230677967,14.321322587272,0.430737138786925,0.470588235294118,0.965686274509804,204
"UMass-gbqr_5src_nihflu_otid10",2026-04-18,0.380795993396286,0.656554877043724,7.77266952300791,0.320501659943032,0.426748289652058,0.756187709629186,11.8422650378446,0.493084663752044,0.465686274509804,0.965686274509804,204
"UMass-gbqr_5src_nihflu_otid10",2026-04-25,0.668009000590031,0.956348912454625,10.1851355099468,0.46143546151374,1.06332285548557,1.44637023543084,15.3712701020929,0.717955403744868,0.274509803921569,0.916666666666667,204
"UMass-gbqr_5src_nihflu_otid10",2026-05-02,0.606185052684664,0.8907462615633,8.81135709266557,0.460863006374278,1.01755836125109,1.23705061049008,12.8940606070298,0.705654535381203,0.323529411764706,0.931372549019608,204
"UMass-gbqr_5src_nihflu_otid10",2026-05-09,0.566434866926964,0.81250325610113,7.48456031351275,0.410555943099408,1.19372130736009,1.35310242486667,11.1531020187663,0.649728692744584,0.299019607843137,0.950980392156863,204
"UMass-gbqr_5src_nihflu_otid10",2026-05-16,0.416837463123771,0.731374462933444,5.25981893072772,0.367478963378039,0.939125865544283,1.20355389836258,7.63730299479395,0.550960779293819,0.436274509803922,0.936274509803922,204
"UMass-gbqr_5src_nihflu_otid10",2026-05-23,0.386146623234832,0.629876546885418,4.75703670598677,0.321263595229563,0.878385285151753,0.997653325151231,6.91943702568072,0.484258515425153,0.406862745098039,0.946078431372549,204
"UMass-gbqr_5src_nihflu_otid10",2026-05-30,0.330540381088382,0.598398464003968,3.98581893102941,0.319410886119433,0.739347539467019,0.852842724943877,5.79880423111387,0.479996393309171,0.465686274509804,0.936274509803922,204
"UMass-gbqr_5src_nihflu_otid10",2026-06-06,0.307950457534243,0.575387131919694,4.17232702507916,0.346907511272122,0.896753937961156,0.876728296555876,6.41208371326473,0.563262558592124,0.359477124183007,0.954248366013072,153
"UMass-gbqr_5src_nihflu_otid10",2026-06-13,0.217781508504912,0.475224843288562,3.2552264374572,0.308616738737373,0.782780180857593,0.801065306752317,4.99597938959111,0.474638095858297,0.490196078431373,0.970588235294118,102
"UMass-gbqr_5src_nihflu_otid10",2026-06-20,0.206520886993393,0.516510972965857,3.35572672975735,0.356003014163394,0.832228631006437,0.827607349838116,5.27078132970744,0.572774863389922,0.470588235294118,0.941176470588235,51
"UMass-gbqr_5src_nihflu_otid50",2025-11-22,0.555390622765869,0.582052555989885,10.1822703174964,0.245068769261014,0.619145209464886,0.631396537543849,17.1903846392604,0.391874249723711,0.352941176470588,0.92156862745098,51
"UMass-gbqr_5src_nihflu_otid50",2025-11-29,0.536346921174194,0.525587765416526,16.7343965942928,0.276978247369223,0.553755733392027,0.553304822165124,27.1503178695444,0.454720187571453,0.392156862745098,0.96078431372549,102
"UMass-gbqr_5src_nihflu_otid50",2025-12-06,0.514240823896108,0.397746020230876,26.2756704731636,0.247119123711988,0.511080818978295,0.404241567731773,40.3987674818529,0.394017632669508,0.457516339869281,0.980392156862745,153
"UMass-gbqr_5src_nihflu_otid50",2025-12-13,0.486353235827531,0.343046480373781,44.5263612212666,0.269258370268762,0.497171161385781,0.345946863724595,67.6542717650454,0.421430682054932,0.455882352941176,0.96078431372549,204
"UMass-gbqr_5src_nihflu_otid50",2025-12-20,0.459486246424642,0.35140494038978,103.568391886366,0.370708678074966,0.556674871124717,0.386637844677065,163.79885203006,0.586095567803631,0.220588235294118,0.833333333333333,204
"UMass-gbqr_5src_nihflu_otid50",2025-12-27,0.459806330854545,0.368555211807933,212.312594134733,0.483425919550439,0.616607379850984,0.439015708133579,333.642021618094,0.749431950653234,0.132352941176471,0.642156862745098,204
"UMass-gbqr_5src_nihflu_otid50",2026-01-03,0.380838914182456,0.309218982953474,160.636874307852,0.31587051291016,0.523197490530123,0.381177302659242,260.919101466089,0.497350435464631,0.372549019607843,0.872549019607843,204
"UMass-gbqr_5src_nihflu_otid50",2026-01-10,0.770497955203806,0.463653134792562,136.515440084144,0.215477397411751,0.930313768558359,0.551473232031236,221.318909323067,0.349851407457859,0.411764705882353,0.980392156862745,204
"UMass-gbqr_5src_nihflu_otid50",2026-01-17,1.27060643955312,1.08743839016436,240.056194566025,0.41806438494968,1.54368556516748,1.30102114352859,380.306613402879,0.652545908612968,0.151960784313725,0.745098039215686,204
"UMass-gbqr_5src_nihflu_otid50",2026-01-24,1.05369042542573,1.01464924111599,223.007243373644,0.454944140945364,1.26038382085901,1.19234690186155,345.456377252504,0.688678062816426,0.254901960784314,0.691176470588235,204
"UMass-gbqr_5src_nihflu_otid50",2026-01-31,0.860415059112905,0.834644645361884,151.078699501201,0.400406230085225,1.02644908342273,0.999161810936419,238.025491864686,0.622907453669483,0.313725490196078,0.813725490196078,204
"UMass-gbqr_5src_nihflu_otid50",2026-02-07,0.854565876273248,0.787410132417525,92.3562290264931,0.294176968621632,0.938304820053081,0.90556998491428,147.323055815197,0.469771268089309,0.416666666666667,0.931372549019608,204
"UMass-gbqr_5src_nihflu_otid50",2026-02-14,0.843326437211415,0.779396633475228,69.9442329479266,0.248417600019272,0.880948467678115,0.859811429112719,108.620082389743,0.39286320157871,0.529411764705882,0.96078431372549,204
"UMass-gbqr_5src_nihflu_otid50",2026-02-21,0.988701802847456,0.821950205102333,41.940243711835,0.188372502899455,0.974195453773334,0.918438036582294,60.1517938025927,0.278224327014485,0.651960784313726,0.990196078431373,204
"UMass-gbqr_5src_nihflu_otid50",2026-02-28,0.828402499956525,0.740301492598913,35.4813777450742,0.175363376978954,0.86106882177005,0.845425757967186,54.5005913073278,0.270929663678601,0.602941176470588,0.995098039215686,204
"UMass-gbqr_5src_nihflu_otid50",2026-03-07,0.683136331449278,0.716840522917186,33.7615409621645,0.201806569396087,0.7429163384856,0.817206997674813,54.6589770800508,0.310792773703065,0.57843137254902,0.975490196078431,204
"UMass-gbqr_5src_nihflu_otid50",2026-03-14,0.552948143493002,0.663589824631557,30.1887589634284,0.204645705180609,0.590118654626899,0.749395824209804,48.7079309147438,0.313538599714696,0.519607843137255,0.980392156862745,204
"UMass-gbqr_5src_nihflu_otid50",2026-03-21,0.44079702285697,0.588372345304906,21.7442569057029,0.204661484484851,0.422597064313976,0.632926365308947,32.6953405199386,0.311211788946855,0.480392156862745,0.975490196078431,204
"UMass-gbqr_5src_nihflu_otid50",2026-03-28,0.414035575803326,0.62375513097678,22.5115907679591,0.37275385821125,0.383878747316884,0.619649086436076,34.2273065438569,0.574090405302219,0.274509803921569,0.936274509803922,204
"UMass-gbqr_5src_nihflu_otid50",2026-04-04,0.355434200431837,0.570079376837149,14.1913876862036,0.299087450198487,0.329538412854575,0.576365026884589,21.5669968138305,0.459551914914263,0.446078431372549,0.955882352941177,204
"UMass-gbqr_5src_nihflu_otid50",2026-04-11,0.321104768668616,0.56365792280794,9.29927964645744,0.283097573201597,0.319189123393111,0.609000182907311,14.5982084375379,0.445212727118414,0.480392156862745,0.970588235294118,204
"UMass-gbqr_5src_nihflu_otid50",2026-04-18,0.393981051036346,0.688067891583653,8.04179813112155,0.335884949022132,0.445532257257432,0.772985349865554,12.3635201388937,0.504037842020227,0.446078431372549,0.970588235294118,204
"UMass-gbqr_5src_nihflu_otid50",2026-04-25,0.697617207027308,1.04252962080498,10.6365719344617,0.503017392975509,1.12336795930048,1.60836013768997,16.2392750587113,0.798364639796663,0.279411764705882,0.92156862745098,204
"UMass-gbqr_5src_nihflu_otid50",2026-05-02,0.645116024109408,0.971838350408785,9.37724813479626,0.502819223841763,1.09912486540127,1.38274657016467,13.9276361620701,0.788764323985859,0.313725490196078,0.916666666666667,204
"UMass-gbqr_5src_nihflu_otid50",2026-05-09,0.628066815664837,0.934072962341408,8.29893115207098,0.471984823566053,1.34543460142578,1.58640237254176,12.5705801486154,0.761753966836643,0.299019607843137,0.936274509803922,204
"UMass-gbqr_5src_nihflu_otid50",2026-05-16,0.480049358011811,0.858037017692273,6.05745146329247,0.431120540546184,1.12988553825681,1.47276915148883,9.18862798023557,0.674201662699223,0.382352941176471,0.926470588235294,204
"UMass-gbqr_5src_nihflu_otid50",2026-05-23,0.454434197087346,0.743459137598534,5.59828838561531,0.379195505265612,1.08783380885878,1.20862022104248,8.56935750409837,0.586661337359979,0.406862745098039,0.936274509803922,204
"UMass-gbqr_5src_nihflu_otid50",2026-05-30,0.37973429266592,0.677023024693936,4.5790233782788,0.361378809019327,0.891980804419389,0.97427553703133,6.99592787779913,0.548341130417884,0.46078431372549,0.92156862745098,204
"UMass-gbqr_5src_nihflu_otid50",2026-06-06,0.354062209274247,0.641313414847319,4.79708111539308,0.386655224540475,1.0036234531186,0.933692420053659,7.17623567131861,0.599859709699672,0.444444444444444,0.947712418300654,153
"UMass-gbqr_5src_nihflu_otid50",2026-06-13,0.250074338131633,0.529060398809202,3.73791421688745,0.343578197102895,0.901167243329579,0.881980191745763,5.75156740595643,0.522580862342074,0.568627450980392,0.96078431372549,102
"UMass-gbqr_5src_nihflu_otid50",2026-06-20,0.243874439162567,0.572132707566646,3.96267896248474,0.394340060629561,0.97487205801996,0.87400904006262,6.17418970079308,0.604888790102391,0.568627450980392,0.941176470588235,51
"UMass-gbqr_5src_utseirs_otid10",2025-11-22,0.650283747614742,0.678935405246283,11.9219962128874,0.285860550665335,0.694328637864761,0.723219030104653,19.2778304160098,0.448863587232594,0.352941176470588,0.88235294117647,51
"UMass-gbqr_5src_utseirs_otid10",2025-11-29,0.625880419814403,0.649259575105468,19.5279039597116,0.342151760435071,0.638251720112869,0.678870609714363,31.2931063949457,0.557913393521694,0.362745098039216,0.911764705882353,102
"UMass-gbqr_5src_utseirs_otid10",2025-12-06,0.609681697816212,0.574633933207683,31.1523213267373,0.357019371173163,0.629194810682773,0.616045792872831,49.7351767346239,0.600464980100274,0.34640522875817,0.895424836601307,153
"UMass-gbqr_5src_utseirs_otid10",2025-12-13,0.622624686459227,0.564303753062034,57.0022149588257,0.442923969721166,0.654900093940874,0.609026939211066,89.1177774892091,0.741913470809419,0.264705882352941,0.877450980392157,204
"UMass-gbqr_5src_utseirs_otid10",2025-12-20,0.662718537176874,0.604518016656125,149.377035118613,0.637726022230988,0.763801622307949,0.667890307974611,224.744883238515,1.01243981848149,0.0882352941176471,0.627450980392157,204
"UMass-gbqr_5src_utseirs_otid10",2025-12-27,0.708337925523222,0.640345352146819,327.070447708614,0.839927182613681,0.839442374858832,0.726993416434327,454.216508157071,1.24103097929394,0.0245098039215686,0.323529411764706,204
"UMass-gbqr_5src_utseirs_otid10",2026-01-03,0.662456780308012,0.607834537083185,279.422565787854,0.620909509368201,0.829243409766018,0.726888278219896,413.544501434048,0.948425310701105,0.147058823529412,0.61764705882353,204
"UMass-gbqr_5src_utseirs_otid10",2026-01-10,0.710058495015999,0.603910139619368,125.806885375775,0.280660207795139,0.897419915679417,0.738850740558647,213.493558469793,0.46872260786555,0.401960784313726,0.936274509803922,204
"UMass-gbqr_5src_utseirs_otid10",2026-01-17,0.933517784751066,0.867952598797965,176.369897075181,0.33368333568498,1.15748846500724,1.0682576627116,285.162035658501,0.535800029549318,0.25,0.799019607843137,204
"UMass-gbqr_5src_utseirs_otid10",2026-01-24,0.891690160305107,0.879695455375306,188.720861265016,0.394434132527487,1.08927666392108,1.06380994842278,298.557918561192,0.614437437075432,0.264705882352941,0.78921568627451,204
"UMass-gbqr_5src_utseirs_otid10",2026-01-31,0.778486275759039,0.825288454095824,136.69297494917,0.39591776029917,0.920820444756119,0.956667189969494,213.531039017809,0.596415031870105,0.269607843137255,0.779411764705882,204
"UMass-gbqr_5src_utseirs_otid10",2026-02-07,0.774365996236496,0.863635496614891,83.6887187803863,0.322654817265534,0.802937690752868,0.946813094924375,126.069089386345,0.491166442854541,0.28921568627451,0.877450980392157,204
"UMass-gbqr_5src_utseirs_otid10",2026-02-14,1.05915125565778,1.06192655211916,87.8444204806131,0.338468546236757,1.0231606097109,1.10452814478606,126.154700078717,0.504678640573823,0.269607843137255,0.852941176470588,204
"UMass-gbqr_5src_utseirs_otid10",2026-02-21,1.51508494572026,1.4619469359207,64.2691574796733,0.335045361283516,1.50022587240307,1.65254657866362,92.6315935724957,0.500609340418554,0.25,0.813725490196078,204
"UMass-gbqr_5src_utseirs_otid10",2026-02-28,0.828559936229089,0.959999852348299,35.488120911419,0.227405749806186,0.875832713848542,1.11669040035561,55.4350588294724,0.357860582967014,0.362745098039216,0.941176470588235,204
"UMass-gbqr_5src_utseirs_otid10",2026-03-07,0.70660014166098,1.00447420065613,34.921154868089,0.282781854541878,0.744048587896838,1.15291978205381,54.74228066541,0.438468023329656,0.382352941176471,0.877450980392157,204
"UMass-gbqr_5src_utseirs_otid10",2026-03-14,0.592702421670867,0.885136172172269,32.3591836873372,0.27296879700594,0.612954915298676,1.0125648996374,50.5928179597995,0.423645516156064,0.382352941176471,0.892156862745098,204
"UMass-gbqr_5src_utseirs_otid10",2026-03-21,0.446288429552562,0.66769514269695,22.0151447560534,0.23225340242133,0.442260139196887,0.739641856168332,34.216626357571,0.36368411533269,0.431372549019608,0.92156862745098,204
"UMass-gbqr_5src_utseirs_otid10",2026-03-28,0.443014109148624,0.658223462343476,24.0871869771961,0.393352011019902,0.401972490251776,0.627258384149268,35.8405765940664,0.581140241901441,0.284313725490196,0.720588235294118,204
"UMass-gbqr_5src_utseirs_otid10",2026-04-04,0.396618998209314,0.617678594968712,15.8357692097822,0.324059987990321,0.358138636949595,0.614173429457154,23.438769323108,0.489697609034512,0.372549019607843,0.862745098039216,204
"UMass-gbqr_5src_utseirs_otid10",2026-04-11,0.396513989641073,0.642789729835669,11.4831507756592,0.322841576835944,0.386896870539594,0.693814001136512,17.6948421673255,0.507216306708299,0.426470588235294,0.92156862745098,204
"UMass-gbqr_5src_utseirs_otid10",2026-04-18,0.435335623299784,0.779771107005457,8.88591264136679,0.380650487734053,0.512337480146095,0.972425309520131,14.2173650740541,0.634085955990794,0.441176470588235,0.970588235294118,204
"UMass-gbqr_5src_utseirs_otid10",2026-04-25,0.709087654490446,1.12269626577493,10.811461886047,0.541697557022303,1.24054335583723,1.90416713191514,17.9331488057058,0.945198572607943,0.299019607843137,0.916666666666667,204
"UMass-gbqr_5src_utseirs_otid10",2026-05-02,0.686617293163264,1.07745022259387,9.98050039219322,0.55746172645369,1.24856648192424,1.62988629437051,15.8212958616381,0.929740987171545,0.357843137254902,0.872549019607843,204
"UMass-gbqr_5src_utseirs_otid10",2026-05-09,0.645292029662006,1.00103857731423,8.52653570221885,0.505822387912967,1.44288233163076,1.750430408668,13.4810476670991,0.840516460737474,0.372549019607843,0.92156862745098,204
"UMass-gbqr_5src_utseirs_otid10",2026-05-16,0.499251611292925,0.911931377123066,6.29975304185918,0.458199751455621,1.1914297685475,1.5818742690548,9.68912738245249,0.724147610845685,0.455882352941176,0.950980392156863,204
"UMass-gbqr_5src_utseirs_otid10",2026-05-23,0.436838977024096,0.768730492874781,5.38152847460116,0.392084961925835,1.01908490341254,1.27236481848525,8.02779137148992,0.617602811062107,0.553921568627451,0.970588235294118,204
"UMass-gbqr_5src_utseirs_otid10",2026-05-30,0.361398775691688,0.697388958003862,4.35792467189543,0.372249660461101,0.81061248049643,0.995586958196038,6.35774494507004,0.560335610755423,0.627450980392157,0.946078431372549,204
"UMass-gbqr_5src_utseirs_otid10",2026-06-06,0.326534191407709,0.644602029575997,4.42411237941175,0.388637968136517,0.954344802263039,0.998009953921768,6.82387721356709,0.641181130293946,0.61437908496732,0.980392156862745,153
"UMass-gbqr_5src_utseirs_otid10",2026-06-13,0.242083891225585,0.548729189408977,3.61847931080092,0.356351346687848,0.810028091668891,0.87551333293871,5.16988517329851,0.518749192783436,0.696078431372549,0.970588235294118,102
"UMass-gbqr_5src_utseirs_otid10",2026-06-20,0.226165250234379,0.571462038847512,3.67492502382118,0.393877805037689,0.966342774849659,0.928301061640329,6.12017090738117,0.642463498988698,0.666666666666667,1,51
"UMass-gbqr_5src_utseirs_otid50",2025-11-22,0.644708384564955,0.702597750760361,11.8197801304329,0.295823399953235,0.699224106844502,0.786633649299023,19.4137516723885,0.488221668629394,0.352941176470588,0.941176470588235,51
"UMass-gbqr_5src_utseirs_otid50",2025-11-29,0.615307888413009,0.668730153942212,19.1980336341969,0.352412514501885,0.620791089872859,0.713322771576792,30.437021965237,0.586227069594537,0.284313725490196,0.92156862745098,102
"UMass-gbqr_5src_utseirs_otid50",2025-12-06,0.599878912192817,0.601206267868723,30.651437785816,0.373528730720259,0.603129528269591,0.64637748468906,47.6748268947218,0.630029533472039,0.241830065359477,0.92156862745098,153
"UMass-gbqr_5src_utseirs_otid50",2025-12-13,0.625541955946405,0.590999002700504,57.2692953140019,0.463877163596645,0.634021246730603,0.625721869159951,86.2766167119683,0.762251148218799,0.151960784313725,0.86764705882353,204
"UMass-gbqr_5src_utseirs_otid50",2025-12-20,0.689931613988178,0.64618931279816,155.510873999663,0.681686448881078,0.743679804124694,0.671090971108377,218.824136874455,1.01729163136674,0.0637254901960784,0.583333333333333,204
"UMass-gbqr_5src_utseirs_otid50",2025-12-27,0.741509407825235,0.688135760440847,342.387164739773,0.902612830069051,0.833506254191756,0.732961013553789,451.004514002199,1.25121810441747,0.0147058823529412,0.299019607843137,204
"UMass-gbqr_5src_utseirs_otid50",2026-01-03,0.693814977785191,0.658997565393898,292.649372815901,0.673173092412757,0.814082080961882,0.730862038774256,405.983531895378,0.953610172255966,0.142156862745098,0.593137254901961,204
"UMass-gbqr_5src_utseirs_otid50",2026-01-10,0.825973221692442,0.691560063741992,146.344447893098,0.321394489774555,1.02848858378609,0.811596569595587,244.674409116287,0.514872138245332,0.32843137254902,0.901960784313726,204
"UMass-gbqr_5src_utseirs_otid50",2026-01-17,1.07073659245042,0.946781299197125,202.294702564739,0.363988935015326,1.35036469852886,1.17308627678873,332.679554013055,0.588378332032605,0.259803921568627,0.784313725490196,204
"UMass-gbqr_5src_utseirs_otid50",2026-01-24,1.01080617813983,0.944199573754937,213.931050271179,0.42335621666701,1.25813795379565,1.14326608692877,344.840811512402,0.660329869436976,0.245098039215686,0.75,204
"UMass-gbqr_5src_utseirs_otid50",2026-01-31,0.845257474202739,0.862413529275727,148.41720701388,0.413727868441624,1.00795251300273,0.991698560155638,233.736282255428,0.618254639191319,0.245098039215686,0.759803921568627,204
"UMass-gbqr_5src_utseirs_otid50",2026-02-07,0.782300549312882,0.885781288052328,84.5462365230106,0.330928500222585,0.815553550294212,0.958169578401666,128.049903019233,0.497057704416912,0.240196078431373,0.82843137254902,204
"UMass-gbqr_5src_utseirs_otid50",2026-02-14,1.086432622098,1.09682913138002,90.1070961957749,0.349593068209355,1.00989048097114,1.10245199886485,124.518506215034,0.503730012414284,0.205882352941176,0.745098039215686,204
"UMass-gbqr_5src_utseirs_otid50",2026-02-21,1.57102696094297,1.52320808072502,66.6421902236357,0.349085038025052,1.51188728256339,1.69873803238504,93.3516284861201,0.514602212679471,0.215686274509804,0.745098039215686,204
"UMass-gbqr_5src_utseirs_otid50",2026-02-28,0.895760921715443,1.02043389920983,38.3664120211243,0.241721428820877,0.945909272000364,1.18906969048334,59.8704927454348,0.381055637703403,0.343137254901961,0.897058823529412,204
"UMass-gbqr_5src_utseirs_otid50",2026-03-07,0.775132447831976,1.08078965874278,38.3081160872573,0.304266355342256,0.804943744221054,1.23298176461898,59.2225522402638,0.468916472376709,0.377450980392157,0.86764705882353,204
"UMass-gbqr_5src_utseirs_otid50",2026-03-14,0.628044810940056,0.944522604552335,34.2887369074624,0.291283089783602,0.638306522652107,1.08411378938421,52.6853197471381,0.453580749283378,0.362745098039216,0.88235294117647,204
"UMass-gbqr_5src_utseirs_otid50",2026-03-21,0.45402454093199,0.69487735460449,22.396762563259,0.241708557621896,0.448986096081587,0.770804825890935,34.7369978159593,0.379007040854261,0.416666666666667,0.906862745098039,204
"UMass-gbqr_5src_utseirs_otid50",2026-03-28,0.446298132782607,0.657095362428736,24.2657431217426,0.392677862504268,0.401516683152829,0.630514382837505,35.7999360287588,0.584156848635012,0.28921568627451,0.769607843137255,204
"UMass-gbqr_5src_utseirs_otid50",2026-04-04,0.40834232506333,0.63306600942738,16.303845371714,0.332132868263808,0.369135317612042,0.633574321866607,24.1584589482273,0.505166481783439,0.387254901960784,0.88235294117647,204
"UMass-gbqr_5src_utseirs_otid50",2026-04-11,0.419183136562095,0.678435115517259,12.1396553098001,0.340744495918537,0.412078149468627,0.746272529270341,18.8465153654034,0.545566384469498,0.392156862745098,0.92156862745098,204
"UMass-gbqr_5src_utseirs_otid50",2026-04-18,0.460445114708065,0.841843473869873,9.39843846094459,0.410951529295447,0.554983991671789,1.08010197027598,15.4008057688921,0.704298297961779,0.401960784313726,0.965686274509804,204
"UMass-gbqr_5src_utseirs_otid50",2026-04-25,0.753044892767919,1.21699945902289,11.4816780479605,0.587198562912404,1.33032273737091,2.08734621167428,19.2309889828766,1.0361257826296,0.279411764705882,0.92156862745098,204
"UMass-gbqr_5src_utseirs_otid50",2026-05-02,0.728737270616047,1.16417742145969,10.592746042969,0.602333492217347,1.32818211628534,1.78746165680478,16.8301508362628,1.01962717955783,0.308823529411765,0.911764705882353,204
"UMass-gbqr_5src_utseirs_otid50",2026-05-09,0.698292320359161,1.10111320122081,9.22685253565932,0.556389854922811,1.57219668744273,1.90661155344695,14.6892494424797,0.915511057719726,0.348039215686274,0.926470588235294,204
"UMass-gbqr_5src_utseirs_otid50",2026-05-16,0.551601804045807,1.03871416746589,6.96032834813172,0.521901740970661,1.33082223987804,1.85286457778718,10.8227161566552,0.848201076073452,0.426470588235294,0.970588235294118,204
"UMass-gbqr_5src_utseirs_otid50",2026-05-23,0.483944264863669,0.875545655281522,5.96183028177933,0.446565198203091,1.14186222086692,1.46704548057586,8.99496367124087,0.712100334429452,0.495098039215686,0.975490196078431,204
"UMass-gbqr_5src_utseirs_otid50",2026-05-30,0.391951596169663,0.760965808402412,4.72634564925521,0.406185473040909,0.901502677883101,1.11609956153212,7.07060923829883,0.628162436567211,0.622549019607843,0.955882352941177,204
"UMass-gbqr_5src_utseirs_otid50",2026-06-06,0.354910515264546,0.69530784879296,4.80857455507555,0.419209088997152,1.08101030550741,1.10125675785415,7.72957695571962,0.707513036287931,0.588235294117647,0.980392156862745,153
"UMass-gbqr_5src_utseirs_otid50",2026-06-13,0.264246344610975,0.590881434549623,3.94974620611406,0.383725522532156,0.964879669363823,1.01446567430101,6.15820259564557,0.601079652189596,0.676470588235294,0.990196078431373,102
"UMass-gbqr_5src_utseirs_otid50",2026-06-20,0.256482464291497,0.632600717000616,4.16754486031501,0.436017381626916,1.13442244937592,1.06759863680669,7.18467551271418,0.738869300123819,0.549019607843137,1,51
"UMass-gbqr_nih10_ar6fp",2025-11-22,0.528780394530488,0.548135572655099,9.69441091548926,0.230788283285368,0.563942390504207,0.57023646966713,15.6576946069403,0.353915448420377,0.509803921568627,0.92156862745098,51
"UMass-gbqr_nih10_ar6fp",2025-11-29,0.50842577486236,0.471732470217748,15.8632374297606,0.248597173346528,0.516569984974514,0.490370055400857,25.3271224986034,0.402998771452523,0.450980392156863,0.950980392156863,102
"UMass-gbqr_nih10_ar6fp",2025-12-06,0.507857727911818,0.369737163201388,25.9495195359217,0.229717254546122,0.489856486727786,0.366566082820331,38.721074186182,0.357295022825654,0.516339869281046,0.947712418300654,153
"UMass-gbqr_nih10_ar6fp",2025-12-13,0.502851618501252,0.331292731310936,46.0368126635127,0.260032811931125,0.483936437014033,0.321385995025459,65.8533112328899,0.391510758699365,0.480392156862745,0.916666666666667,204
"UMass-gbqr_nih10_ar6fp",2025-12-20,0.550275233550817,0.395912555057161,124.032267510099,0.417661230817432,0.618807490538259,0.422321260373245,182.081070720831,0.640187250942134,0.166666666666667,0.676470588235294,204
"UMass-gbqr_nih10_ar6fp",2025-12-27,0.597263744926908,0.455635597268741,275.782664480476,0.597647382352966,0.703806158711629,0.505229271853264,380.824682436597,0.862463350894264,0.0637254901960784,0.367647058823529,204
"UMass-gbqr_nih10_ar6fp",2026-01-03,0.500806247398152,0.394883109491092,211.238786846614,0.403377338425816,0.636224765577244,0.466868556374091,317.285914343141,0.609158200652291,0.220588235294118,0.647058823529412,204
"UMass-gbqr_nih10_ar6fp",2026-01-10,0.706102706785832,0.469518518001344,125.106005941282,0.218203265984204,0.814244575820739,0.54043065933387,193.706389750766,0.342846063633828,0.357843137254902,0.877450980392157,204
"UMass-gbqr_nih10_ar6fp",2026-01-17,1.24130671675335,1.07689536079981,234.520585947808,0.41401112995458,1.40091476136119,1.21776077726878,345.133206257306,0.61078547172637,0.191176470588235,0.647058823529412,204
"UMass-gbqr_nih10_ar6fp",2026-01-24,1.08791800554805,1.032464524112,230.25130491795,0.462932082284976,1.20415028473829,1.14132298698234,330.043426572828,0.659207569957789,0.225490196078431,0.681372549019608,204
"UMass-gbqr_nih10_ar6fp",2026-01-31,0.850784270338383,0.836254474846207,149.387646993676,0.401178517738994,0.944502032896581,0.946646426896986,219.022613569636,0.590167787488866,0.318627450980392,0.784313725490196,204
"UMass-gbqr_nih10_ar6fp",2026-02-07,0.766068233195959,0.763414960131303,82.7919475365807,0.285212355703784,0.814436308796025,0.857698841905719,127.87448515067,0.444937751154508,0.426470588235294,0.906862745098039,204
"UMass-gbqr_nih10_ar6fp",2026-02-14,0.898059779166932,0.82636272434558,74.4837344396788,0.263387132956921,0.933307586768715,0.908012445786823,115.075910441144,0.414887107157027,0.436274509803922,0.931372549019608,204
"UMass-gbqr_nih10_ar6fp",2026-02-21,1.10613434007451,0.971778741560006,46.9216741257548,0.22270983409433,1.16684501080422,1.11483252328029,72.046959588676,0.337718513573046,0.5,0.955882352941177,204
"UMass-gbqr_nih10_ar6fp",2026-02-28,0.685615246004291,0.718448028572953,29.3656447590838,0.170186706002881,0.711883119704082,0.798530151857586,45.0580139295054,0.255901246728272,0.593137254901961,0.995098039215686,204
"UMass-gbqr_nih10_ar6fp",2026-03-07,0.579653665843353,0.72829151094908,28.6472847106833,0.20503027751112,0.609572094256469,0.811541898164229,44.8483704053693,0.308638274298132,0.602941176470588,0.970588235294118,204
"UMass-gbqr_nih10_ar6fp",2026-03-14,0.496001228642006,0.672319557812402,27.079684981757,0.207337883897823,0.512774319548224,0.765268609685904,42.3239901595735,0.320179590725015,0.53921568627451,0.980392156862745,204
"UMass-gbqr_nih10_ar6fp",2026-03-21,0.404616831847523,0.592143456982913,19.9595094427825,0.205973241096694,0.390906196280109,0.647964988667119,30.2434926269067,0.318606325081102,0.622549019607843,0.975490196078431,204
"UMass-gbqr_nih10_ar6fp",2026-03-28,0.405460256980802,0.618297480606558,22.0453408142857,0.369492385669803,0.386993190658648,0.628707523157043,34.504995808285,0.582482835344285,0.318627450980392,0.892156862745098,204
"UMass-gbqr_nih10_ar6fp",2026-04-04,0.379718692708902,0.605072655833671,15.1609923113289,0.317446385838679,0.352653131813304,0.624852084979723,23.0797645237226,0.498211998987407,0.490196078431373,0.955882352941177,204
"UMass-gbqr_nih10_ar6fp",2026-04-11,0.351841015875571,0.59933767459026,10.1894095540425,0.30101775268154,0.345074391048456,0.657472391005479,15.7820787670691,0.480648585041828,0.607843137254902,0.990196078431373,204
"UMass-gbqr_nih10_ar6fp",2026-04-18,0.394873793139256,0.679295188590913,8.06002045870778,0.331602495308559,0.437803168894066,0.803126734127412,12.1490379368103,0.523692028585977,0.593137254901961,0.980392156862745,204
"UMass-gbqr_nih10_ar6fp",2026-04-25,0.602818312850345,0.885577897423409,9.19117287167562,0.427288660531965,1.04105624618821,1.3894951496257,15.0493866176914,0.689723506964935,0.465686274509804,0.96078431372549,204
"UMass-gbqr_nih10_ar6fp",2026-05-02,0.53986148336877,0.78335960554411,7.84729397313742,0.405302248756697,0.972943120584608,1.11286815311872,12.3287155230942,0.634816759209567,0.534313725490196,0.96078431372549,204
"UMass-gbqr_nih10_ar6fp",2026-05-09,0.498690236128533,0.715717204132229,6.5894198397663,0.361650183588194,1.10267169978852,1.16256738267668,10.3024130382201,0.558238143611667,0.598039215686274,0.975490196078431,204
"UMass-gbqr_nih10_ar6fp",2026-05-16,0.406705758110072,0.66002422331655,5.13197309500978,0.331629048703651,0.893063700358244,1.05666338551207,7.2627092102663,0.483717499586039,0.71078431372549,0.990196078431373,204
"UMass-gbqr_nih10_ar6fp",2026-05-23,0.408197693776068,0.613481503756837,5.02868935205216,0.312901432000154,0.825557588384295,0.92500819962073,6.50328943398805,0.448996746877504,0.730392156862745,0.995098039215686,204
"UMass-gbqr_nih10_ar6fp",2026-05-30,0.391735840958442,0.633619891996221,4.72374396651219,0.338211247754925,0.792780462652952,0.906581860723481,6.21788598159178,0.510241819106124,0.686274509803922,0.985294117647059,204
"UMass-gbqr_nih10_ar6fp",2026-06-06,0.368204073120526,0.631820869813013,4.9886849246008,0.380932060098993,0.994383140079311,0.961331157181489,7.11016441337756,0.617616483208675,0.660130718954248,1,153
"UMass-gbqr_nih10_ar6fp",2026-06-13,0.337135735187484,0.588876821456864,5.03923939974507,0.382423702638152,1.07291073998747,1.01012504676766,6.84769501697888,0.598507792979249,0.754901960784314,1,102
"UMass-gbqr_nih10_ar6fp",2026-06-20,0.340428869820932,0.640231185212256,5.53157733665812,0.441276649725759,1.26011546421476,1.10331914947141,7.98073127336015,0.763590941087684,0.686274509803922,1,51
"UMass-gbqr_nih10_ar6p",2025-11-22,0.622986911106181,0.627687858965056,11.4215488579096,0.264283163940475,0.677933161400742,0.69046595626947,18.8226148341853,0.428535496291144,0.431372549019608,0.92156862745098,51
"UMass-gbqr_nih10_ar6p",2025-11-29,0.622469875631217,0.582862602546256,19.4214926115513,0.307161377667126,0.635442832743567,0.614082070438762,31.1553882995155,0.504668499293952,0.362745098039216,0.931372549019608,102
"UMass-gbqr_nih10_ar6p",2025-12-06,0.612521215071043,0.485520346345219,31.2974094181991,0.301653206897022,0.607142448572841,0.495744844015486,47.9920311963395,0.483206640383666,0.359477124183007,0.928104575163399,153
"UMass-gbqr_nih10_ar6p",2025-12-13,0.599184497428501,0.438275445152303,54.8562308324921,0.344003914460639,0.595152500007523,0.443185507441317,80.9874186284747,0.539886295447218,0.338235294117647,0.88235294117647,204
"UMass-gbqr_nih10_ar6p",2025-12-20,0.628937138783917,0.486530475991599,141.762693809259,0.513257068605729,0.695788554181907,0.512627097300822,204.732371339819,0.777079827545073,0.122549019607843,0.593137254901961,204
"UMass-gbqr_nih10_ar6p",2025-12-27,0.649245991097995,0.521220925410441,299.785129851108,0.683674242237509,0.751772882130258,0.57212998055302,406.779147295021,0.976667757916727,0.0441176470588235,0.284313725490196,204
"UMass-gbqr_nih10_ar6p",2026-01-03,0.546941777804879,0.451610416219627,230.698634890191,0.461324891649127,0.682570996441497,0.529185455700385,340.398825112626,0.690467703606733,0.181372549019608,0.612745098039216,204
"UMass-gbqr_nih10_ar6p",2026-01-10,0.752833294732152,0.518666130807474,133.38564735473,0.241044046951216,0.878052824224204,0.600358973537506,208.886184374632,0.380864237233105,0.348039215686274,0.862745098039216,204
"UMass-gbqr_nih10_ar6p",2026-01-17,1.2478759955833,1.07686920261139,235.761722485347,0.414001073470413,1.40508507448228,1.21951903972353,346.160616045738,0.611667353605708,0.215686274509804,0.67156862745098,204
"UMass-gbqr_nih10_ar6p",2026-01-24,1.12538494232932,1.04792901988177,238.180956822938,0.469865987577601,1.25026764872258,1.16684008363634,342.683653483697,0.673945784704641,0.259803921568627,0.715686274509804,204
"UMass-gbqr_nih10_ar6p",2026-01-31,0.867912905775746,0.843441589790995,152.395232621913,0.404626410942675,0.965590439596893,0.958391334633207,223.91284968417,0.597489915387946,0.338235294117647,0.78921568627451,204
"UMass-gbqr_nih10_ar6p",2026-02-07,0.759548558380608,0.772797763991412,82.0873411426878,0.288717777698119,0.808811608227898,0.87530261062372,126.991352017351,0.454069839111894,0.411764705882353,0.911764705882353,204
"UMass-gbqr_nih10_ar6p",2026-02-14,0.947102706612596,0.885549750228857,78.5512814657752,0.282251852524213,0.967811204608603,0.957489239917382,119.330172693726,0.437493938245608,0.436274509803922,0.92156862745098,204
"UMass-gbqr_nih10_ar6p",2026-02-21,1.24458514994849,1.12037043619485,52.7946893174866,0.256763708957653,1.34778829575195,1.30885725496816,83.2193204573114,0.39649482536312,0.406862745098039,0.941176470588235,204
"UMass-gbqr_nih10_ar6p",2026-02-28,0.752341312386649,0.807612436665519,32.2235945683608,0.191308062458004,0.805286336518907,0.919640083767711,50.9698881231968,0.294712783769023,0.529411764705882,0.995098039215686,204
"UMass-gbqr_nih10_ar6p",2026-03-07,0.636591853540285,0.809506400793156,31.4612485825259,0.227894077448958,0.682544263986403,0.935881246664136,50.2171904812349,0.355925890667877,0.573529411764706,0.970588235294118,204
"UMass-gbqr_nih10_ar6p",2026-03-14,0.543526217600426,0.728272365265437,29.6743594612518,0.224593274672416,0.566509290089251,0.844016317951618,46.7592324829549,0.353126726781461,0.519607843137255,0.980392156862745,204
"UMass-gbqr_nih10_ar6p",2026-03-21,0.45104527947746,0.627283837131333,22.2497973545634,0.218196593237438,0.43300564813162,0.68786623108692,33.5006281591244,0.338225885452247,0.607843137254902,0.975490196078431,204
"UMass-gbqr_nih10_ar6p",2026-03-28,0.464298531933971,0.657696222088963,25.2444455401742,0.393036934110208,0.443422182610127,0.66650870287926,39.536304311253,0.6175047454264,0.338235294117647,0.88235294117647,204
"UMass-gbqr_nih10_ar6p",2026-04-04,0.431481605841302,0.648465976682468,17.2277252456855,0.340212334258558,0.403810153100145,0.668041114219995,26.4277909511767,0.532647816854318,0.475490196078431,0.955882352941177,204
"UMass-gbqr_nih10_ar6p",2026-04-11,0.404495062704968,0.63687908789754,11.7142847778345,0.319872952922326,0.399574136360614,0.695906698621602,18.2746406482575,0.508746184006402,0.598039215686274,0.985294117647059,204
"UMass-gbqr_nih10_ar6p",2026-04-18,0.429532694707314,0.716553911805224,8.76746537039473,0.349790590554022,0.475204461791423,0.848649688469494,13.186923814712,0.553376021527058,0.607843137254902,0.980392156862745,204
"UMass-gbqr_nih10_ar6p",2026-04-25,0.61199526461582,0.906337405025402,9.33109388653778,0.4373050602438,1.04169878783773,1.44810131866992,15.0586751241836,0.718814686199241,0.480392156862745,0.96078431372549,204
"UMass-gbqr_nih10_ar6p",2026-05-02,0.56034326482203,0.807420725976836,8.14501211956704,0.417751226403708,0.997472429253752,1.16448609731995,12.6395403412792,0.664261339830421,0.568627450980392,0.970588235294118,204
"UMass-gbqr_nih10_ar6p",2026-05-09,0.515619523666025,0.731647873946889,6.81311417964085,0.369699912768786,1.09996788817561,1.17891404876979,10.2771509552094,0.566087437054808,0.642156862745098,0.985294117647059,204
"UMass-gbqr_nih10_ar6p",2026-05-16,0.4485430503303,0.682583377152708,5.6598924906928,0.342963891368442,0.93313506795378,1.09029142810461,7.58858371438883,0.499111685569833,0.705882352941177,0.985294117647059,204
"UMass-gbqr_nih10_ar6p",2026-05-23,0.472879464388361,0.653424879095806,5.82552024088212,0.333274237481569,0.993409964465792,1.02301667937633,7.82553829851239,0.49656982633206,0.696078431372549,0.995098039215686,204
"UMass-gbqr_nih10_ar6p",2026-05-30,0.463729829733247,0.683262385065872,5.59188298914557,0.36470923138018,0.984018573792783,1.00888236427695,7.71779273562967,0.567818522644997,0.681372549019608,0.990196078431373,204
"UMass-gbqr_nih10_ar6p",2026-06-06,0.439642999534298,0.685961060776933,5.95658919629904,0.413573803136291,1.17920704436627,1.06569978330807,8.43171572899806,0.684669114702078,0.620915032679739,1,153
"UMass-gbqr_nih10_ar6p",2026-06-13,0.419531899777874,0.647255290148887,6.27083236262357,0.420335383550158,1.3587485863075,1.15380367609295,8.67201303613904,0.68363861872299,0.715686274509804,1,102
"UMass-gbqr_nih10_ar6p",2026-06-20,0.43799816936407,0.713490847651794,7.1169661622014,0.491770563718158,1.56818147404182,1.23374080560662,9.93181600226483,0.853853849326165,0.588235294117647,1,51
"UMass-gbqr_nih10_wisar",2025-11-22,0.553564724404005,0.567343772688248,10.1487951561762,0.238875748744286,0.588782292882451,0.599689744199535,16.3473671906186,0.372195529436011,0.431372549019608,0.96078431372549,51
"UMass-gbqr_nih10_wisar",2025-11-29,0.521730670719865,0.483997351410618,16.2783594247519,0.255060613937274,0.533003719495466,0.510043102219074,26.132858835263,0.419166589228402,0.42156862745098,0.96078431372549,102
"UMass-gbqr_nih10_wisar",2025-12-06,0.496730803103604,0.362058138526632,25.3809777242756,0.224946285756826,0.48888283310509,0.363553830490901,38.6441110037448,0.354358955319027,0.509803921568627,0.967320261437909,153
"UMass-gbqr_nih10_wisar",2025-12-13,0.502366712853572,0.330790005425634,45.9924188311369,0.259638220643026,0.494107229691034,0.327702643638939,67.2373367461917,0.399205667405344,0.504901960784314,0.926470588235294,204
"UMass-gbqr_nih10_wisar",2025-12-20,0.551746483406319,0.391651395770192,124.363887842118,0.413165993144943,0.625637223908716,0.42645990019768,184.090686286003,0.646460921487402,0.176470588235294,0.75,204
"UMass-gbqr_nih10_wisar",2025-12-27,0.605214271658125,0.452113499907504,279.453768686251,0.593027523235388,0.71719516112851,0.512860102188088,388.06937975906,0.875489736868571,0.053921568627451,0.441176470588235,204
"UMass-gbqr_nih10_wisar",2026-01-03,0.519564456413608,0.402229744670309,219.150951154521,0.410882005183525,0.656872858651682,0.48218459974664,327.583138602593,0.629142183926716,0.240196078431373,0.681372549019608,204
"UMass-gbqr_nih10_wisar",2026-01-10,0.664446818899555,0.455516876017712,117.725490745253,0.211696165853254,0.781879781983865,0.531346386756545,186.006900487544,0.337083054003782,0.436274509803922,0.950980392156863,204
"UMass-gbqr_nih10_wisar",2026-01-17,1.19716269524131,1.04897190949723,226.180437899489,0.403275992589492,1.36583211788742,1.20860966650166,336.490149905814,0.606195600208869,0.17156862745098,0.681372549019608,204
"UMass-gbqr_nih10_wisar",2026-01-24,1.0598340359466,1.01137134790542,224.307501602779,0.45347441303313,1.19557830384329,1.1576213827551,327.693947456341,0.668621229363688,0.220588235294118,0.691176470588235,204
"UMass-gbqr_nih10_wisar",2026-01-31,0.85539662817788,0.829216358987167,150.197522433029,0.397802104251312,0.958419350157019,0.957996465687766,222.249930286902,0.597243742238966,0.308823529411765,0.808823529411765,204
"UMass-gbqr_nih10_wisar",2026-02-07,0.782607961305093,0.759011528267466,84.5794597222355,0.283567230521996,0.839018842056244,0.856335164759765,131.734183877752,0.444230333337231,0.42156862745098,0.92156862745098,204
"UMass-gbqr_nih10_wisar",2026-02-14,0.887008598011193,0.808985310388995,73.5671660089976,0.257848418412584,0.927847207222991,0.886226473775067,114.40265099647,0.404932707361627,0.46078431372549,0.936274509803922,204
"UMass-gbqr_nih10_wisar",2026-02-21,1.09408097291226,0.933937617205232,46.4103762249346,0.214037499367738,1.1863679062381,1.09103890180984,73.2524026812505,0.33051066279033,0.465686274509804,0.985294117647059,204
"UMass-gbqr_nih10_wisar",2026-02-28,0.669309012032333,0.688227630163989,28.6672310686507,0.163028067027237,0.69844390521701,0.757455667785532,44.2073907066767,0.24273829770461,0.598039215686274,1,204
"UMass-gbqr_nih10_wisar",2026-03-07,0.568995760274431,0.672989632655898,28.1205562981091,0.189461567340983,0.596809251821169,0.746428629439692,43.909363042078,0.283874984887552,0.622549019607843,0.990196078431373,204
"UMass-gbqr_nih10_wisar",2026-03-14,0.509374276530894,0.633897007377721,27.8097999556019,0.195488681820457,0.534089511711817,0.727144029994252,44.0833294029587,0.304228704764533,0.563725490196078,0.995098039215686,204
"UMass-gbqr_nih10_wisar",2026-03-21,0.395377022874563,0.562016396733798,19.5037151210208,0.195493739599129,0.385840783697138,0.618235337448308,29.85159357398,0.303988166559524,0.593137254901961,0.990196078431373,204
"UMass-gbqr_nih10_wisar",2026-03-28,0.401051486884094,0.602308356344045,21.8056309100956,0.359937341611187,0.382847444894329,0.614441847797273,34.1353537999164,0.569266020329993,0.32843137254902,0.872549019607843,204
"UMass-gbqr_nih10_wisar",2026-04-04,0.355058802405023,0.546038357437946,14.1763992047105,0.286474527359263,0.330365611105722,0.563133777117791,21.6211336954534,0.449002270360174,0.524509803921569,0.950980392156863,204
"UMass-gbqr_nih10_wisar",2026-04-11,0.315336409392623,0.509251307334946,9.13222642507085,0.255771813759083,0.308535091242057,0.55435167784309,14.1109431435705,0.405261655418507,0.607843137254902,0.990196078431373,204
"UMass-gbqr_nih10_wisar",2026-04-18,0.353250373142744,0.564922460983701,7.21041832617285,0.275770682413682,0.379809364566254,0.647832773666224,10.5397098667136,0.422430041249159,0.602941176470588,0.980392156862745,204
"UMass-gbqr_nih10_wisar",2026-04-25,0.581432084905134,0.767819580052283,8.86509698126667,0.370470628100935,0.975669094583963,1.18771300746407,14.1041576467064,0.589562029775105,0.397058823529412,0.970588235294118,204
"UMass-gbqr_nih10_wisar",2026-05-02,0.517519355969264,0.72465198444708,7.52253429479334,0.374927525983936,0.939981663581419,1.04235842009098,11.9110421586175,0.59459567813364,0.431372549019608,0.96078431372549,204
"UMass-gbqr_nih10_wisar",2026-05-09,0.474628523347923,0.648611322499908,6.27148153640949,0.327741742835256,1.07549566717885,1.10083493514402,10.0485036355044,0.528595640798718,0.485294117647059,0.980392156862745,204
"UMass-gbqr_nih10_wisar",2026-05-16,0.354918430931695,0.57660881360395,4.4785002477678,0.289716991550337,0.853075564318461,0.986971515996423,6.93751157453101,0.45181407856682,0.583333333333333,0.990196078431373,204
"UMass-gbqr_nih10_wisar",2026-05-23,0.341778131117256,0.530042081215552,4.21045016892352,0.270343808602298,0.771284299979856,0.847966340879795,6.0757542650374,0.411600814644408,0.598039215686274,1,204
"UMass-gbqr_nih10_wisar",2026-05-30,0.327148452986967,0.570027598379896,3.94491738915185,0.304267191952297,0.721490364810541,0.831070296351504,5.65874795929837,0.467742449068035,0.544117647058823,0.980392156862745,204
"UMass-gbqr_nih10_wisar",2026-06-06,0.29748645910393,0.538195020997797,4.03055349504203,0.324483960373746,0.874088309835043,0.843159064763967,6.25001706509501,0.54169568152957,0.496732026143791,0.993464052287582,153
"UMass-gbqr_nih10_wisar",2026-06-13,0.228976000797795,0.459524024754228,3.42255289008337,0.298420438017818,0.783602566851072,0.769246573308865,5.00122814725537,0.455785222157585,0.637254901960784,1,102
"UMass-gbqr_nih10_wisar",2026-06-20,0.217591505946428,0.520020902806778,3.53561154662262,0.358422218533235,0.814261698978583,0.842134443675538,5.15699076019769,0.5828288511775,0.509803921568627,0.980392156862745,51
"UMass-trends_ensemble",2023-10-21,0.835858992202727,0.746134022080453,5.939484228474,0.268279020875978,0.815,0.764302512339474,7.99019607843137,0.380721127547446,0.607843137254902,0.745098039215686,51
"UMass-trends_ensemble",2023-10-28,0.686581674238475,0.78118566857328,5.53985933503836,0.313435045251056,0.736676029501609,0.957257608516565,7.99509803921569,0.455259430885825,0.46078431372549,0.705882352941177,102
"UMass-trends_ensemble",2023-11-04,0.878258878647064,0.882756612230044,9.34675049730037,0.373118720634867,0.854683033773839,1.00309289263264,13.3006535947712,0.555698467816247,0.313725490196078,0.679738562091503,153
"UMass-trends_ensemble",2023-11-11,1.06208177444568,0.941349238273899,16.840873827792,0.456701997522212,0.867001784217624,0.947709635434153,21.985294117647,0.651009222709937,0.284313725490196,0.563725490196078,204
"UMass-trends_ensemble",2023-11-18,1.11209897516471,1.03725278196346,23.6403271526002,0.522933609555677,0.903152166217053,0.943377759216324,30.0563725490196,0.71353558359755,0.225490196078431,0.465686274509804,204
"UMass-trends_ensemble",2023-11-25,1.10096011115751,1.06749648463105,26.9663213981245,0.541333755638319,0.885900980145765,0.956950682919222,34.5588235294118,0.734361126042594,0.200980392156863,0.455882352941176,204
"UMass-trends_ensemble",2023-12-02,1.04670631013446,1.03307362860411,38.3499328644501,0.568909944245551,0.865049965541006,0.901845590521271,49.2230392156863,0.764928785820887,0.132352941176471,0.372549019607843,204
"UMass-trends_ensemble",2023-12-09,0.958483322651833,0.969946208132824,43.4967465899403,0.51241550388906,0.832196207986211,0.855466248400345,56.8014705882353,0.686539832282948,0.191176470588235,0.411764705882353,204
"UMass-trends_ensemble",2023-12-16,0.918757291689152,0.926155924762387,66.4047154731458,0.546542077919402,0.83620061233416,0.83888271736938,84.3455882352941,0.729943870259344,0.112745098039216,0.333333333333333,204
"UMass-trends_ensemble",2023-12-23,0.92711811004856,0.924181100636397,130.025680946292,0.674468339033607,0.876099665924276,0.849504793316003,154.262254901961,0.849944277888805,0.0588235294117647,0.205882352941176,204
"UMass-trends_ensemble",2023-12-30,0.881885134534386,0.86610393318064,176.289398976982,0.671722153461276,0.87644862880233,0.83846726264755,209.458333333333,0.847253294990171,0.0637254901960784,0.191176470588235,204
"UMass-trends_ensemble",2024-01-06,0.817224702590131,0.790390751687739,91.302994458653,0.364637320422531,0.837172224295261,0.795174357905036,120.975490196078,0.49611369992918,0.235294117647059,0.5,204
"UMass-trends_ensemble",2024-01-13,1.13075076846824,0.935141203794699,75.0049435208866,0.236830188125635,1.16869316980334,0.97031425274564,108.367647058824,0.343821871722777,0.269607843137255,0.67156862745098,204
"UMass-trends_ensemble",2024-01-20,1.54922896772095,1.2658547255426,114.905624467178,0.368528463657356,1.57368040491685,1.27517196719341,160.029411764706,0.505385230874773,0.225490196078431,0.549019607843137,204
"UMass-trends_ensemble",2024-01-27,1.51177878033598,1.29875066637953,114.566310741688,0.347266816017992,1.5393086929977,1.31328959523523,160.669117647059,0.4833793423777,0.313725490196078,0.661764705882353,204
"UMass-trends_ensemble",2024-02-03,1.21885634230142,1.10225169880143,80.3084580136402,0.308570231959857,1.29326389256067,1.15123519241531,119.899509803922,0.441990175868587,0.392156862745098,0.75,204
"UMass-trends_ensemble",2024-02-10,0.92619853947471,0.926101516086301,44.7974126172208,0.219417369004759,0.942407660738714,0.92854260843801,67.5392156862745,0.318562063917786,0.529411764705882,0.872549019607843,204
"UMass-trends_ensemble",2024-02-17,0.903977940308514,1.08643275603073,34.2330029838022,0.229769478534178,0.865149833518313,0.968878753138337,49.6740196078432,0.301624027588751,0.485294117647059,0.818627450980392,204
"UMass-trends_ensemble",2024-02-24,1.00516995452388,1.10047799682146,39.3249936061381,0.243808387062394,0.941946766763351,1.02017331814486,54.125,0.323397779968567,0.42156862745098,0.75,204
"UMass-trends_ensemble",2024-03-02,1.04003562955429,1.16715700044534,34.9499797527707,0.227482746830188,1.0008500850085,1.13417516848734,49.0563725490196,0.305879696483797,0.446078431372549,0.754901960784314,204
"UMass-trends_ensemble",2024-03-09,1.0031979298216,1.10887896077617,27.1226236146633,0.204012406049819,0.977228564488705,1.07995127010174,39.4436274509804,0.277934788243492,0.42156862745098,0.803921568627451,204
"UMass-trends_ensemble",2024-03-16,1.12664490337258,1.08645036999891,43.1259771952259,0.253220135806913,1.00807005494505,1.01545660765785,57.5588235294118,0.339589875443983,0.382352941176471,0.637254901960784,204
"UMass-trends_ensemble",2024-03-23,1.10368914152275,1.02926241012673,47.1879422421142,0.298835215170413,0.953188864039485,0.953318964248702,60.5882352941177,0.392430008014637,0.392156862745098,0.637254901960784,204
"UMass-trends_ensemble",2024-03-30,1.0887572080289,1.05630841481274,37.774481031543,0.27938498315342,0.952740492170022,0.983553468179714,50.1029411764705,0.375881282872307,0.387254901960784,0.720588235294118,204
"UMass-trends_ensemble",2024-04-06,0.945009494122056,0.974091901618607,24.3056404518329,0.252885928660214,0.862768055213212,0.928009336956757,34.3161764705882,0.352461218400837,0.42156862745098,0.794117647058823,204
"UMass-trends_ensemble",2024-04-13,0.728140487374505,0.901751418471256,17.3955413469736,0.300084968297881,0.728305923251772,0.855493158519726,26.7009803921568,0.424379570700018,0.436274509803922,0.818627450980392,204
"UMass-trends_ensemble",2024-04-20,0.668186178932157,0.829732328337889,17.8453676470588,0.309192261322724,0.662783925451369,0.789863533645774,27.8921568627451,0.455373742354459,0.441176470588235,0.82843137254902,204
"UMass-trends_ensemble",2024-04-27,0.718901833008433,0.862303169090143,18.1203132992327,0.365963862166173,0.715378918785485,0.83500522142178,28.4117647058824,0.539434459513779,0.406862745098039,0.78921568627451,204
"UMass-trends_ensemble",2024-05-04,0.777505014902774,0.848850214175337,19.5233631713555,0.485439784741667,0.732288176160843,0.80585027077687,29.9950980392157,0.733750039192714,0.392156862745098,0.774509803921569,204
"UMass-trends_ensemble",2024-05-11,0.797132753737876,0.917426877338561,21.2332466609832,0.851461615858832,0.71952471761772,0.841008015347884,32.0588235294118,1.31470089243516,0.352941176470588,0.790849673202614,153
"UMass-trends_ensemble",2024-05-18,0.68274352097948,0.869037179758549,15.1081100266193,0.800813753609446,0.642993717563507,0.797287392080466,24.0204081632653,1.30929545481514,0.510204081632653,0.857142857142857,98
"UMass-trends_ensemble",2024-05-25,0.61797664403736,0.809033436246138,12.3938997338066,0.687757592580898,0.595815645845967,0.745733077270909,20.0510204081633,1.18753221595517,0.612244897959184,0.897959183673469,49
"UMass-trends_ensemble",2024-11-30,0.496827526308035,0.689006794096804,13.6546035805627,0.274963187593747,0.548429319371728,0.722620006286057,20.5392156862745,0.422342231672246,0.313725490196078,0.686274509803922,51
"UMass-trends_ensemble",2024-12-07,0.772362232697233,0.817177296243851,31.0454390451833,0.396859883204539,0.732354881266491,0.771450103195939,43.5392156862745,0.554755629457854,0.215686274509804,0.441176470588235,102
"UMass-trends_ensemble",2024-12-14,0.953339263527358,0.948302373628481,66.0126484796817,0.650193283689229,0.815910396323952,0.830911985072752,83.5588235294118,0.863920154405044,0.0718954248366013,0.222222222222222,153
"UMass-trends_ensemble",2024-12-21,1.0095843191632,1.00383800138347,158.429839087809,0.920885620278483,0.891104587331138,0.852132742894761,183.017156862745,1.15451976478422,0.053921568627451,0.127450980392157,204
"UMass-trends_ensemble",2024-12-28,0.937249647475397,0.958640573791363,323.299747442455,1.16811841658226,0.898901448813883,0.859799067718885,359.794117647059,1.39474800295944,0.00980392156862745,0.0588235294117647,204
"UMass-trends_ensemble",2025-01-04,0.859700090633656,0.87545241023272,384.433231031543,1.04811539765882,0.877803749695642,0.839105412135886,441.80637254902,1.26688123488936,0.0735294117647059,0.176470588235294,204
"UMass-trends_ensemble",2025-01-11,0.886895938361871,0.800032745697669,199.842016197783,0.504657900229378,0.938830214978824,0.799256749631806,257.529411764706,0.667080292977637,0.181372549019608,0.450980392156863,204
"UMass-trends_ensemble",2025-01-18,0.835519195600272,0.75169813256604,163.322616155158,0.31948880107697,0.924860015654164,0.796403649663375,225.897058823529,0.447817667639258,0.352941176470588,0.686274509803922,204
"UMass-trends_ensemble",2025-01-25,0.687338041753431,0.701247399187314,179.18100170503,0.2848121009262,0.831053337669729,0.808941816028543,267.218954248366,0.422901802418707,0.339869281045752,0.777777777777778,153
"UMass-trends_ensemble",2025-02-01,0.576221511304853,0.59541396824313,213.209082125604,0.275455917780034,0.723724785270537,0.707321855402499,314.460784313725,0.40451450366478,0.30718954248366,0.627450980392157,153
"UMass-trends_ensemble",2025-02-08,0.590360145306437,0.629198665635923,195.056678033532,0.281965064381349,0.730337078651685,0.731526124232249,282.091503267974,0.398806962034838,0.326797385620915,0.588235294117647,153
"UMass-trends_ensemble",2025-02-15,0.865011339822517,0.871890892451133,183.731940892299,0.250312199529239,1.01498691914788,0.959036072634762,266.251633986928,0.346388285135225,0.333333333333333,0.65359477124183,153
"UMass-trends_ensemble",2025-02-22,1.09621707936457,1.0379697453515,220.261741261722,0.281640024724477,1.20939276952627,1.09202650577032,311.732843137255,0.384709056942276,0.318627450980392,0.637254901960784,204
"UMass-trends_ensemble",2025-03-01,1.20970212151866,1.14985322112483,248.261406649616,0.315324973664904,1.29078843215581,1.18291077685869,343.723039215686,0.427100757597573,0.308823529411765,0.61764705882353,204
"UMass-trends_ensemble",2025-03-08,1.15042299916075,1.13202930696624,252.417107843137,0.374583574969074,1.22541447036515,1.15456264763052,345.296568627451,0.494351207875656,0.323529411764706,0.647058823529412,204
"UMass-trends_ensemble",2025-03-15,0.936228637391927,1.00090827736204,187.60350170503,0.376325532017835,1.01138132113326,1.0202645720926,264.411764705882,0.49973038185489,0.416666666666667,0.720588235294118,204
"UMass-trends_ensemble",2025-03-22,0.697865310828779,0.8352900075353,119.224084612106,0.351772186975095,0.738868832731649,0.799281606040064,171.558823529411,0.45669863940315,0.514705882352941,0.803921568627451,204
"UMass-trends_ensemble",2025-03-29,0.528623637473305,0.720429578494609,73.8051129582268,0.340276799100085,0.573188817757125,0.684374947764645,113.674019607843,0.452716331045223,0.602941176470588,0.892156862745098,204
"UMass-trends_ensemble",2025-04-05,0.463618904781176,0.712661828869547,49.7110262148338,0.377596500001435,0.486630934616439,0.658179623057902,78.3308823529413,0.507354225598233,0.61764705882353,0.897058823529412,204
"UMass-trends_ensemble",2025-04-12,0.45755860805434,0.740626186680646,35.5718222506394,0.40831699436303,0.457814798616357,0.651881262243429,56.4436274509804,0.54380594808038,0.656862745098039,0.931372549019608,204
"UMass-trends_ensemble",2025-04-19,0.478746630808338,0.831552955200801,24.2345034100597,0.409216610101543,0.441719802157202,0.687418598976689,36.3357843137255,0.502403334202357,0.700980392156863,0.970588235294118,204
"UMass-trends_ensemble",2025-04-26,0.477718168734932,0.857878092018132,19.3817320261438,0.450224596621222,0.405639697090474,0.63428696979861,26.6078431372549,0.485176438843176,0.810457516339869,0.973856209150327,153
"UMass-trends_ensemble",2025-05-03,0.481612178490574,0.879695477775915,12.5354603580563,0.425934321786833,0.402197802197802,0.654723216702876,15.5490196078431,0.433162698290664,0.784313725490196,0.947712418300654,153
"UMass-trends_ensemble",2025-05-10,0.499576347154255,0.820706554064968,8.84492469451549,0.383568574708742,0.560231777981092,0.78734116566245,12.0065359477124,0.458073394605468,0.718954248366013,0.928104575163399,153
"UMass-trends_ensemble",2025-05-17,0.523078516591193,0.757282536830528,7.17543620346689,0.342352891877603,0.762945368171021,0.875539888905999,10.4967320261438,0.454004731548612,0.640522875816993,0.869281045751634,153
"UMass-trends_ensemble",2025-05-24,0.41668814396134,0.714034077811939,7.24540636544473,0.394005319268898,0.710061782877317,0.914738474231091,10.516339869281,0.51326016924461,0.601307189542484,0.954248366013072,153
"UMass-trends_ensemble",2025-05-31,0.41778968502478,0.681920800970724,7.59271312872975,0.41226692852572,0.935813573180703,1.04158143133022,11.2205882352941,0.544714315773012,0.549019607843137,0.950980392156863,102
"UMass-trends_ensemble",2025-06-07,0.361789213619837,0.641220154179814,6.98728473998295,0.424796012938559,0.961538461538462,1.1012583386838,10.5392156862745,0.580848195757792,0.666666666666667,0.941176470588235,51
