"model_id","location","wis_scaled_relative_skill","wis_scaled_relative_skill__log","wis","wis__log","ae_median_scaled_relative_skill","ae_median_scaled_relative_skill__log","ae_median","ae_median__log","interval_coverage_50","interval_coverage_95","n"
"FluSight-baseline","01",1,1,9.30378260869565,0.479852918554699,1,1,4.2,0.208917294913006,1,1,20
"FluSight-baseline","02",1,1,1.71773913043478,0.468497159106342,1,1,2.25,0.888183630500415,0.95,1,20
"FluSight-baseline","04",1,1,19.2195217391304,0.438291637245698,1,1,12.3,0.263291128395463,0.95,1,20
"FluSight-baseline","05",1,1,6.60047826086956,0.608277923029555,1,1,4.05,0.71201269656156,1,1,20
"FluSight-baseline","06",1,1,48.9805,0.429518697637596,1,1,26.25,0.155158914262627,1,1,20
"FluSight-baseline","08",1,1,10.6802608695652,0.553798910158412,1,1,11.7,0.711615745534772,0.85,1,20
"FluSight-baseline","09",1,1,7.05252173913044,0.578423705967859,1,1,5,0.694279846643365,0.95,1,20
"FluSight-baseline","10",1,1,2.4314347826087,0.422477730450453,1,1,1.45,0.528411762928719,0.95,1,20
"FluSight-baseline","11",1,1,1.73823913043478,0.422320411738863,1,1,1.55,0.761897198285002,0.95,1,20
"FluSight-baseline","12",1,1,40.9416304347826,0.472705226810976,1,1,17.25,0.131516456359421,1,1,20
"FluSight-baseline","13",1,1,15.2791739130435,0.61223142172689,1,1,10.35,0.517938846152764,0.95,1,20
"FluSight-baseline","15",1,1,4.53439130434783,0.43028855036056,1,1,7.1,0.615311653754157,0.55,1,20
"FluSight-baseline","16",1,1,4.10997826086956,0.468970073179758,1,1,2.4,0.444059556378196,1,1,20
"FluSight-baseline","17",1,1,23.9839347826087,0.661177137149589,1,1,23,0.64334661757815,0.8,1,20
"FluSight-baseline","18",1,1,13.6165869565217,0.573664155388327,1,1,4.5,0.350284226887768,1,1,20
"FluSight-baseline","19",1,1,5.55173913043478,0.578791842474161,1,1,5.05,0.970655015923692,0.9,1,20
"FluSight-baseline","20",1,1,4.6855652173913,0.513189279913694,1,1,2.1,0.424439685844727,1,1,20
"FluSight-baseline","21",1,1,11.060152173913,0.646096214627798,1,1,8,0.661483111776826,0.9,1,20
"FluSight-baseline","22",1,1,10.1896956521739,0.459523663076919,1,1,6.9,0.264923316830025,1,1,20
"FluSight-baseline","23",1,1,3.11036956521739,0.445660647549818,1,1,2.5,0.606709330292484,0.9,1,20
"FluSight-baseline","24",1,1,9.13358695652174,0.521638888256878,1,1,3.25,0.208390265448791,1,1,20
"FluSight-baseline","25",1,1,15.0325217391304,0.625540839082935,1,1,10.4,0.852620186664429,1,1,20
"FluSight-baseline","26",1,1,17.8321739130435,0.617666954119119,1,1,7.2,0.44184980516658,1,1,20
"FluSight-baseline","27",1,1,10.5141739130435,0.530943555949645,1,1,10.75,0.747772211768612,0.9,1,20
"FluSight-baseline","28",1,1,6.8760652173913,0.480435637216934,1,1,5.65,0.392369873542245,0.95,1,20
"FluSight-baseline","29",1,1,11.5778260869565,0.616673587720205,1,1,4.4,0.348685118411292,1,1,20
"FluSight-baseline","30",1,1,2.79134782608696,0.521343774779021,1,1,2.7,0.868929909577393,0.95,1,20
"FluSight-baseline","31",1,1,3.49436956521739,0.545100295396785,1,1,3.45,0.999495865648623,0.95,1,20
"FluSight-baseline","32",1,1,8.7145652173913,0.339891277287798,1,1,11.2,0.383529674713401,0.7,1,20
"FluSight-baseline","33",1,1,2.41169565217391,0.451955655923867,1,1,1.3,0.512785407306274,1,1,20
"FluSight-baseline","34",1,1,19.9388913043478,0.531649317082417,1,1,12.8,0.404160611008367,1,1,20
"FluSight-baseline","35",1,1,5.24886956521739,0.523225815813035,1,1,3.55,0.582972468076801,1,1,20
"FluSight-baseline","36",1,1,34.0626304347826,0.636885139907677,1,1,20,0.469944046419549,1,1,20
"FluSight-baseline","37",1,1,17.604347826087,0.633734615653197,1,1,4.65,0.335433449600867,1,1,20
"FluSight-baseline","38",1,1,2.57710869565217,0.425826021416346,1,1,3.35,0.555347624729426,0.95,1,20
"FluSight-baseline","39",1,1,23.322847826087,0.661997185653997,1,1,8.05,0.391859171677606,1,1,20
"FluSight-baseline","40",1,1,8.44852173913043,0.588205557857834,1,1,2.6,0.282007193467171,1,1,20
"FluSight-baseline","41",1,1,7.52269565217391,0.574279479151134,1,1,4.95,0.679416487609977,0.95,1,20
"FluSight-baseline","42",1,1,46.5921086956522,0.451346362094763,1,1,38.95,0.286039813461593,0.8,1,20
"FluSight-baseline","44",1,1,2.88078260869565,0.468664459694607,1,1,3.05,0.666564613022819,0.85,1,20
"FluSight-baseline","45",1,1,9.2810652173913,0.573965171124621,1,1,4.15,0.443081679884331,1,1,20
"FluSight-baseline","46",1,1,2.54263043478261,0.460420554431408,1,1,2.5,0.642376020241816,0.85,1,20
"FluSight-baseline","47",1,1,13.808152173913,0.443736878451049,1,1,7.4,0.22425734882183,1,1,20
"FluSight-baseline","48",1,1,44.5220434782609,0.565739011953885,1,1,13.05,0.116554331556517,1,1,20
"FluSight-baseline","49",1,1,3.90689130434783,0.432526224673357,1,1,3.85,0.512568899458391,1,1,20
"FluSight-baseline","50",1,1,1.03767391304348,0.334057240199822,1,1,0.7,0.427666611901606,1,1,20
"FluSight-baseline","51",1,1,13.2522391304348,0.581600450404887,1,1,5.55,0.31359264200394,1,1,20
"FluSight-baseline","53",1,1,10.3141304347826,0.462189257934053,1,1,11,0.525551745319562,0.9,1,20
"FluSight-baseline","54",1,1,5.68278260869565,0.569368819981579,1,1,4.1,0.592805075999471,0.9,1,20
"FluSight-baseline","55",1,1,9.53556521739131,0.649982780584818,1,1,6.7,0.970833234487426,0.9,1,20
"FluSight-baseline","56",1,1,2.70197826086957,0.531231859159687,1,1,4.05,1.03456559639501,0.75,1,20
"FluSight-baseline","72",1,1,18.0265869565217,0.308570383316985,1,1,22.3,0.327409216311682,0.7,1,20
"UMass-gbqr_1src","01",0.281030083666457,0.288149948451611,2.61464280493627,0.138269593745892,0.962104430799352,0.978344027166725,4.04083860935728,0.204392987649969,0.55,1,20
"UMass-gbqr_1src","02",0.623706371305833,0.998073574034863,1.07136483989352,0.467594634014447,0.742972458949296,0.803388537625649,1.67168803263592,0.713556548050768,0.35,0.7,20
"UMass-gbqr_1src","04",0.297086474286426,0.314356877542373,5.70985995094959,0.137779990537492,0.755208401861798,0.826639051989671,9.28906334290012,0.217646728774116,0.5,0.9,20
"UMass-gbqr_1src","05",0.374355293385427,0.728582203061454,2.47092397583196,0.443180469234519,0.873515709909061,0.856824480987274,3.5377386251317,0.610069909187708,0.3,0.75,20
"UMass-gbqr_1src","06",0.292764739481044,0.245018231391214,14.3397633221513,0.105239911644621,0.918400774996629,1.1215366732747,24.1080203436615,0.174016412531021,0.5,1,20
"UMass-gbqr_1src","08",0.328567512514788,0.522125910455933,3.50918674692207,0.289152760175965,0.50017111785135,0.702628143087259,5.85200207886079,0.500001249876752,0.1,0.95,20
"UMass-gbqr_1src","09",0.409955789673961,0.766735974879573,2.89122211875799,0.443498264088722,1.00682839682915,1.08015093027546,5.03414198414573,0.749927022223335,0.25,0.95,20
"UMass-gbqr_1src","10",0.353069237103263,0.711996295851635,0.858464823761989,0.300802579160528,1.00651163789714,0.997881877724015,1.45944187495085,0.527292522202767,0.5,1,20
"UMass-gbqr_1src","11",0.412222371127729,0.678680818953526,0.716541055934829,0.286620762899722,0.691883938434198,0.570647881293667,1.07242010457301,0.434775021964918,0.6,0.85,20
"UMass-gbqr_1src","12",0.188330709743232,0.130191255482151,7.7105663178277,0.0615420869514958,0.641467251535065,0.666177985906279,11.0653100889799,0.0876133680110504,0.7,0.9,20
"UMass-gbqr_1src","13",0.355317659046639,0.45165130237079,5.42896030694909,0.27651511897527,0.766165185692075,0.78592323369283,7.92980967191298,0.407060172823514,0.25,0.85,20
"UMass-gbqr_1src","15",0.732655550702418,0.707562945166656,3.32214695818721,0.304456233964609,0.769560803850663,0.829258765165698,5.46388170733971,0.510252582184236,0.2,0.95,20
"UMass-gbqr_1src","16",0.314670992035551,0.557188880967689,1.29329093659237,0.261304910282364,0.845217923273375,0.903772060968394,2.0285230158561,0.401328620460633,0.3,0.9,20
"UMass-gbqr_1src","17",0.455071376645949,0.512033750899233,10.9144022189084,0.338545009543521,0.64075643909125,0.736653078972895,14.7373980990987,0.473923266685742,0.35,0.75,20
"UMass-gbqr_1src","18",0.20760608556156,0.39515714967935,2.82688631675207,0.226687492516463,1.02505396514299,1.01685820576287,4.61274284314345,0.356189390460132,0.2,0.85,20
"UMass-gbqr_1src","19",0.361465817761555,0.780243008917059,2.00676392478143,0.451598288708688,0.631164615820074,0.716630461846277,3.18738130989137,0.6956009523548,0.45,0.85,20
"UMass-gbqr_1src","20",0.165391070776456,0.330196730165392,0.774950648497267,0.169453422183434,0.565352913256729,0.605704072060824,1.18724111783913,0.257084846060368,0.6,1,20
"UMass-gbqr_1src","21",0.413051976829931,0.48824829584026,4.56841771947465,0.315455375740865,0.826758160343495,0.678849732244442,6.61406528274796,0.449047633313919,0.15,0.7,20
"UMass-gbqr_1src","22",0.358520076978698,0.329098009762577,3.65321046960689,0.151228322957423,0.847360544213264,0.911990070213265,5.84678775507152,0.241607434316946,0.35,1,20
"UMass-gbqr_1src","23",0.235938903720999,0.574847029034557,0.733857185384551,0.25618669920163,0.386354933279598,0.610611855195906,0.965887333198995,0.370463909734559,0.75,0.95,20
"UMass-gbqr_1src","24",0.350190705102738,0.52433333991624,3.19849725642152,0.273512660509923,1.5758995075801,2.11691717426069,5.12167339963534,0.44114493187729,0.45,0.9,20
"UMass-gbqr_1src","25",0.429025616044524,0.938852793505088,6.44933689983314,0.587290764224531,1.00766969281911,1.02583612404454,10.4797648053187,0.874648587569969,0.05,0.75,20
"UMass-gbqr_1src","26",0.189312808624241,0.387510034384137,3.37585892735418,0.239352142628645,0.693901150209676,0.781214099974707,4.99608828150967,0.345179297867209,0.45,0.85,20
"UMass-gbqr_1src","27",0.322152283263449,0.560013285053532,3.38716513271595,0.297335444945364,0.49139509100512,0.631913812440403,5.28249722830504,0.472527589175697,0.45,0.95,20
"UMass-gbqr_1src","28",0.504258213757588,0.560158079013306,3.46731236420242,0.269119903632971,0.874207836534134,1.01488897064902,4.93927427641786,0.398211857072976,0.35,0.85,20
"UMass-gbqr_1src","29",0.217631532933407,0.313836767068113,2.51970003934074,0.193534845106404,0.883755590208657,0.853467317022059,3.88852459691809,0.297591352496004,0.35,0.85,20
"UMass-gbqr_1src","30",0.49234359995088,0.775022646674979,1.37430223741071,0.404053232156761,0.701875681906608,0.677876372692633,1.89506434114784,0.589027055228461,0.45,0.65,20
"UMass-gbqr_1src","31",0.468354149162488,1.14602671141502,1.63660248457668,0.624699498924935,0.802592611570909,1.03523782614597,2.76894450991964,1.03471592719597,0.25,0.7,20
"UMass-gbqr_1src","32",0.879275703019647,0.866294845751759,7.6625054580323,0.294446061630401,0.922933510860645,1.09453328402266,10.3368553216392,0.419785994384201,0.25,0.8,20
"UMass-gbqr_1src","33",0.316501968126882,0.667913992686882,0.763306420436088,0.301867506665529,1.02011324938515,1.02902756850454,1.32614722420069,0.527670320844987,0.45,1,20
"UMass-gbqr_1src","34",0.214947148619984,0.278753224524107,4.28580783251336,0.148198961452763,0.584806614728903,0.652089220586494,7.48552466852996,0.263548777824207,0.3,1,20
"UMass-gbqr_1src","35",0.371259219709667,0.680879285109971,1.94869121914043,0.356253619421861,0.864090965934709,0.952727161218321,3.06752292906822,0.555413704579249,0.35,0.85,20
"UMass-gbqr_1src","36",0.259242128646024,0.359163457070578,8.8304688211959,0.22874586860612,0.710313549844863,0.766816635540433,14.2062709968973,0.360360912567695,0.35,0.9,20
"UMass-gbqr_1src","37",0.127107091886874,0.274383983030732,2.23763745673893,0.173886628027374,0.67401264799769,0.729833854772508,3.13415881318926,0.244810687541841,0.65,1,20
"UMass-gbqr_1src","38",0.817155009155207,0.815608587144693,2.10589727978962,0.347307359696832,0.927579205693999,0.951501829980369,3.1073903390749,0.5284142812053,0.3,0.85,20
"UMass-gbqr_1src","39",0.120545743756277,0.241788264565921,2.81147003771013,0.160063150666804,0.562104512560666,0.654240782047057,4.52494132611336,0.256370250930669,0.5,1,20
"UMass-gbqr_1src","40",0.266329265359194,0.462317312743182,2.25008858815379,0.271937612849439,1.44430733338043,1.59133186238122,3.75519906678911,0.448767032385014,0.35,1,20
"UMass-gbqr_1src","41",0.424376093598768,0.832330534900454,3.192452194202,0.477990346064218,1.01568609290856,1.12637518925365,5.02764615989739,0.765277874813739,0.3,0.8,20
"UMass-gbqr_1src","42",0.745401466182146,0.593071675600428,34.729826134257,0.267680743243699,1.11796089238826,1.15045289046355,43.5445767585229,0.329075330184543,0.35,0.65,20
"UMass-gbqr_1src","44",0.530084033064744,0.790000866191486,1.52705686360017,0.370245329111905,0.772791206724979,0.856482222907512,2.35701318051119,0.57090074147327,0.6,0.85,20
"UMass-gbqr_1src","45",0.190980734985284,0.377911392499343,1.77250465666375,0.216907977065829,0.680034252008726,0.772822000827665,2.82214214583621,0.342423270378292,0.4,1,20
"UMass-gbqr_1src","46",0.495982401449013,0.837726531065825,1.26109994904083,0.385706513895227,0.772716928007275,0.861959006077681,1.93179232001819,0.553701795935772,0.35,0.7,20
"UMass-gbqr_1src","47",0.244335035054913,0.243877826759466,3.37381534545662,0.108217585569671,0.682293837015272,0.724882616035713,5.04897439391301,0.162560253679202,0.6,0.95,20
"UMass-gbqr_1src","48",0.165265728563961,0.120309115586121,7.35796795259111,0.068063560180738,0.849671052339933,0.875334076689417,11.0882072330361,0.102023978197176,0.5,1,20
"UMass-gbqr_1src","49",0.417928702143498,0.598776030065924,1.6328020122418,0.258986335709314,0.638675918235595,0.714032276418939,2.45890228520704,0.365990738101826,0.55,1,20
"UMass-gbqr_1src","50",0.397882354732727,0.722719987249222,0.412872139966462,0.241429844377725,0.975932268518186,0.993760177009222,0.68315258796273,0.424998047944274,0.5,1,20
"UMass-gbqr_1src","51",0.168703701692128,0.23493824866695,2.23570179701362,0.136640191242033,0.61821078410664,0.678932393793733,3.43106985179185,0.212908203111836,0.5,1,20
"UMass-gbqr_1src","53",0.356340281862761,0.459863962284053,3.67534014629972,0.21254418347868,0.555467577585432,0.674817254819321,6.11014335343975,0.35465138604205,0.55,1,20
"UMass-gbqr_1src","54",0.352573706203185,0.57600743512927,2.00359972589483,0.327960673640169,0.742136849186659,0.840922315164827,3.0427610816653,0.498503016950936,0.45,0.85,20
"UMass-gbqr_1src","55",0.244994551573735,0.595411657758993,2.33616152443688,0.387007324902806,0.576256754981641,0.63752094034048,3.86092025837699,0.618926516564213,0.4,1,20
"UMass-gbqr_1src","56",0.698185431284527,0.92773963478916,1.88648185738663,0.492844851005174,0.702002447703605,0.723723874683775,2.8431099131996,0.748739822037525,0.15,0.65,20
"UMass-gbqr_1src","72",0.602548579937297,0.578923612598512,10.8618943717684,0.178638681050776,0.798387557016692,0.893282833394589,17.8040425214722,0.292469032426401,0.45,0.9,20
"UMass-gbqr_2src_mobsgleam_otid10","01",0.285957062136487,0.307199806199972,2.66048234153915,0.147410723584494,0.916342668690049,0.933906873145357,3.8486392084982,0.195109297638192,0.5,1,20
"UMass-gbqr_2src_mobsgleam_otid10","02",0.49099961754149,0.793236355723868,0.84340925607953,0.3716289791565,0.672434336836872,0.781083751734751,1.51297725788296,0.693745802340656,0.5,1,20
"UMass-gbqr_2src_mobsgleam_otid10","04",0.322715871773453,0.341712040796627,6.2024447131123,0.149769529827323,0.79826055700931,0.858391184007896,9.81860485121451,0.226006783442156,0.5,1,20
"UMass-gbqr_2src_mobsgleam_otid10","05",0.339669824240103,0.671820458442274,2.24198329077019,0.40865355311003,0.951280521935782,0.921458732465795,3.85268611383992,0.656090316873167,0.3,1,20
"UMass-gbqr_2src_mobsgleam_otid10","06",0.463461096932415,0.457270669941837,22.7005562582982,0.196406302621289,1.36191646414288,1.72076452560542,35.7503071837506,0.26699195549458,0.1,1,20
"UMass-gbqr_2src_mobsgleam_otid10","08",0.311297443770145,0.507256918108741,3.32473790749396,0.280918328418936,0.50829572480066,0.7107665559742,5.94705998016773,0.505792672630762,0.25,1,20
"UMass-gbqr_2src_mobsgleam_otid10","09",0.383502769987718,0.706922988195398,2.70466162235512,0.408901014665855,0.973823919008856,1.02098634702816,4.86911959504428,0.708850244439681,0.25,1,20
"UMass-gbqr_2src_mobsgleam_otid10","10",0.369757737435281,0.765955444027952,0.899041823938837,0.323599117619098,1.00920076229314,1.00933095110535,1.46334110532505,0.533342347252101,0.65,1,20
"UMass-gbqr_2src_mobsgleam_otid10","11",0.479195733347067,0.840474015516033,0.832956774841265,0.354949332288547,0.953757288070775,0.89768552127838,1.4783237965097,0.683944083603009,0.75,1,20
"UMass-gbqr_2src_mobsgleam_otid10","12",0.206696332113459,0.154987082347323,8.46248484161431,0.0732632039137627,0.591642515631689,0.597246412566228,10.2058333946466,0.0785477317540874,0.8,1,20
"UMass-gbqr_2src_mobsgleam_otid10","13",0.344743382695808,0.456253149034995,5.26739409958016,0.279332514101066,0.767311882764484,0.793094605780693,7.94167798661241,0.410774505008034,0.35,1,20
"UMass-gbqr_2src_mobsgleam_otid10","15",0.701778172525032,0.725019689417995,3.18213684307861,0.311967671142532,0.702429119910445,0.780887317059353,4.98724675136416,0.480489066455438,0.45,0.95,20
"UMass-gbqr_2src_mobsgleam_otid10","16",0.338365056161303,0.601724634229894,1.39067302506086,0.282190845748856,1.01373294965595,1.05792660921416,2.43295907917429,0.469782420768332,0.45,1,20
"UMass-gbqr_2src_mobsgleam_otid10","17",0.394524842756298,0.477664541476523,9.462258098786,0.315820874051318,0.580239588325175,0.671511753495634,13.345510531479,0.432014815275389,0.65,0.85,20
"UMass-gbqr_2src_mobsgleam_otid10","18",0.239826194839371,0.435533593022618,3.26561423648202,0.249850010784564,1.0840816547214,1.05256233750406,4.8783674462463,0.368695984643792,0.5,1,20
"UMass-gbqr_2src_mobsgleam_otid10","19",0.314477012379349,0.694477268817344,1.74589433524865,0.401957777975214,0.616135408488032,0.730424438072146,3.11148381286456,0.708990144567972,0.45,1,20
"UMass-gbqr_2src_mobsgleam_otid10","20",0.167515270916175,0.38381979217507,0.78490372678671,0.196972202762948,0.516644913924996,0.590986565544178,1.08495431924249,0.250838152218025,0.7,1,20
"UMass-gbqr_2src_mobsgleam_otid10","21",0.404916869456171,0.493167584388865,4.47844219396973,0.318633709450781,0.882264889898368,0.722514255392243,7.05811911918694,0.477930977959977,0.15,1,20
"UMass-gbqr_2src_mobsgleam_otid10","22",0.332486357165941,0.319502487814262,3.38793478802094,0.146818953562598,0.790229727677696,0.837411507766828,5.4525851209761,0.22184983418922,0.5,1,20
"UMass-gbqr_2src_mobsgleam_otid10","23",0.240567481740419,0.585013644933333,0.748253773586389,0.260717559826468,0.399487152280966,0.61020653210934,0.998717880702415,0.370217996436157,1,1,20
"UMass-gbqr_2src_mobsgleam_otid10","24",0.391244158977024,0.667806203861398,3.57346254724786,0.348353685753306,1.75801883809439,2.57033611571173,5.71356122380678,0.535633025445781,0.35,1,20
"UMass-gbqr_2src_mobsgleam_otid10","25",0.428449982949218,0.890879574279347,6.44068368281419,0.557281556416551,1.07001413326349,1.05770535701545,11.1281469859403,0.901820938934481,0.05,1,20
"UMass-gbqr_2src_mobsgleam_otid10","26",0.212528802100471,0.410357175310682,3.78985056058641,0.253464066575074,0.740259852012904,0.809995879509733,5.32987093449291,0.357896521547108,0.4,1,20
"UMass-gbqr_2src_mobsgleam_otid10","27",0.305086010234844,0.534327092777049,3.20772737004572,0.283697526679282,0.483429894517703,0.635938364292885,5.1968713660653,0.475537037215804,0.5,1,20
"UMass-gbqr_2src_mobsgleam_otid10","28",0.472428947466738,0.540037471740801,3.24845225336482,0.259453246856814,0.909487633935477,1.07300559277943,5.13860513173545,0.421015068748986,0.45,0.95,20
"UMass-gbqr_2src_mobsgleam_otid10","29",0.222576960242378,0.331784502490112,2.57695733664969,0.204602739500541,0.959947052525684,0.918616389895942,4.22376703111301,0.32030786468542,0.5,1,20
"UMass-gbqr_2src_mobsgleam_otid10","30",0.478913130845182,0.798048672684955,1.3368131266692,0.416057707474962,0.779415829259152,0.84619528450075,2.10442273899971,0.735284392046053,0.75,0.85,20
"UMass-gbqr_2src_mobsgleam_otid10","31",0.383550456079275,0.899841987303329,1.34026704044867,0.490504133089474,0.663315680049063,0.921876640248669,2.28843909616927,0.921411890566588,0.35,1,20
"UMass-gbqr_2src_mobsgleam_otid10","32",0.865431988339138,0.885220876074553,7.54186350359805,0.300878854250803,0.912208481609628,1.08362903712092,10.2167349940278,0.415603892116982,0.55,0.8,20
"UMass-gbqr_2src_mobsgleam_otid10","33",0.356068791513866,0.767717203354571,0.85872955636881,0.346974132206152,1.25035674427765,1.32505487132106,1.62546376756094,0.679468801893531,0.55,1,20
"UMass-gbqr_2src_mobsgleam_otid10","34",0.226996527033157,0.317969700687186,4.52605907897857,0.169048374223243,0.601256340134737,0.676423185248146,7.69608115372464,0.273383607850117,0.35,1,20
"UMass-gbqr_2src_mobsgleam_otid10","35",0.353037311288758,0.633941879977212,1.85304679860974,0.331694757329126,0.841459066853106,0.932579721073101,2.98717968732853,0.54366830167236,0.5,1,20
"UMass-gbqr_2src_mobsgleam_otid10","36",0.257108122797299,0.374264742158876,8.7577789686251,0.238363652672366,0.68142091252658,0.760959222745738,13.6284182505316,0.357608256297407,0.35,1,20
"UMass-gbqr_2src_mobsgleam_otid10","37",0.137435693114096,0.330698860365462,2.41946574529989,0.209575315170657,0.757776953906277,0.832541485029264,3.52366283566419,0.279262262259195,0.7,1,20
"UMass-gbqr_2src_mobsgleam_otid10","38",0.870700467895662,0.988822509147742,2.24388974712233,0.421066354957312,0.993846044639562,1.06152450964592,3.32938424954253,0.589515115023931,0.45,0.85,20
"UMass-gbqr_2src_mobsgleam_otid10","39",0.130216599594895,0.284994180519409,3.03702193678223,0.188665345431616,0.54692959371057,0.625357165852398,4.40278322937009,0.245051941013576,0.65,1,20
"UMass-gbqr_2src_mobsgleam_otid10","40",0.287320422591756,0.547574659630269,2.42743283636259,0.322086458136636,1.65797936178011,1.94992045601223,4.31074634062827,0.549891595284235,0.35,1,20
"UMass-gbqr_2src_mobsgleam_otid10","41",0.390373823360667,0.792857558480276,2.9366634637178,0.455321825725093,1.02695949270518,1.1518086539531,5.08344948889065,0.782557790067593,0.35,1,20
"UMass-gbqr_2src_mobsgleam_otid10","42",0.774703070419298,0.609363053365333,36.0950496638314,0.2750337973314,1.3104049248987,1.34836370575041,51.0402718248045,0.38568570287123,0.25,0.75,20
"UMass-gbqr_2src_mobsgleam_otid10","44",0.578979499835743,0.856744329135172,1.66791407391812,0.401525618110554,0.871428040040006,0.992753904217128,2.65785552212202,0.661734621991383,0.45,0.9,20
"UMass-gbqr_2src_mobsgleam_otid10","45",0.204782018817312,0.41201074118322,1.90059527199253,0.236479815568409,0.579061197762683,0.682607442322487,2.40310397071513,0.302450852245794,0.65,1,20
"UMass-gbqr_2src_mobsgleam_otid10","46",0.486069274754573,0.77139514307949,1.23589453140369,0.355166179462354,0.786329853068256,0.876450512324663,1.96582463267064,0.563010792046018,0.45,1,20
"UMass-gbqr_2src_mobsgleam_otid10","47",0.274468243916213,0.287891766611393,3.78989927890175,0.127748193847897,0.743910721508367,0.786171004205114,5.50493933916192,0.176304625123635,0.55,1,20
"UMass-gbqr_2src_mobsgleam_otid10","48",0.19441465775846,0.156701212266877,8.65573784553336,0.0886519889998391,0.866215671498793,0.893466611476439,11.3041145130592,0.104137403668702,0.75,1,20
"UMass-gbqr_2src_mobsgleam_otid10","49",0.477017875513359,0.769654261058143,1.86365698986161,0.332895651839241,0.81546851262006,0.982347219841724,3.13955377358723,0.503520633360283,0.4,1,20
"UMass-gbqr_2src_mobsgleam_otid10","50",0.374715801191235,0.644490469059468,0.388832811701331,0.215296707429094,0.845415663556886,0.846313266800705,0.59179096448982,0.361939927420037,0.8,1,20
"UMass-gbqr_2src_mobsgleam_otid10","51",0.190251540889565,0.287259543381347,2.5212589148022,0.167070279813694,0.645346176241762,0.723110334762093,3.58167127814178,0.226762080338398,0.5,1,20
"UMass-gbqr_2src_mobsgleam_otid10","53",0.283666708843689,0.394650881216008,2.92577543501931,0.182403397932247,0.393956148121451,0.50068291589667,4.33351762933597,0.263134780301182,0.5,1,20
"UMass-gbqr_2src_mobsgleam_otid10","54",0.332496483494336,0.579141813465916,1.88950523385407,0.329745290935081,0.719937654235072,0.842586801717367,2.95174438236379,0.499489733028214,0.65,1,20
"UMass-gbqr_2src_mobsgleam_otid10","55",0.215210146371175,0.546647621660947,2.05215038616667,0.35531154112726,0.476815386566466,0.559261980057143,3.19466308999532,0.542950117024718,0.4,1,20
"UMass-gbqr_2src_mobsgleam_otid10","56",0.599216180024671,0.811893600763918,1.61906909198796,0.431303746973668,0.680801639717008,0.703824558376233,2.75724664085388,0.72815267399396,0.3,0.9,20
"UMass-gbqr_2src_mobsgleam_otid10","72",0.649080170105677,0.631182439709394,11.7007001281639,0.194764207364077,0.850230941038659,0.971864568337068,18.9601499851621,0.31819741668033,0.3,0.95,20
"UMass-gbqr_2src_mobsgleam_otid50","01",0.345984240971936,0.403113529414759,3.21896216403747,0.193435203598557,1.28784390212562,1.40578760016508,5.40894438892762,0.293693342648735,0.55,1,20
"UMass-gbqr_2src_mobsgleam_otid50","02",0.46511032768372,0.745135644152074,0.79893820983167,0.349093932434121,0.659890439252478,0.781466564381089,1.48475348831808,0.694085810266681,0.55,1,20
"UMass-gbqr_2src_mobsgleam_otid50","04",0.385304659984237,0.413679662387596,7.4053712887553,0.181312336523107,1.06930113910009,1.14103710876044,13.1524040109311,0.300424947906632,0.35,1,20
"UMass-gbqr_2src_mobsgleam_otid50","05",0.353413429307348,0.718804783046169,2.33269765724251,0.437233080495034,0.976223139220535,0.959963897425786,3.95370371384317,0.683506483207878,0.4,1,20
"UMass-gbqr_2src_mobsgleam_otid50","06",0.611382952400856,0.64356936375847,29.9458427000701,0.276425074960994,1.91084236609782,2.56932778516848,50.1596121100678,0.398654109531541,0,1,20
"UMass-gbqr_2src_mobsgleam_otid50","08",0.273940331849675,0.468433153136253,2.9257542068498,0.259417769688925,0.397530789979402,0.591482218936939,4.651110242759,0.420908060199371,0.65,1,20
"UMass-gbqr_2src_mobsgleam_otid50","09",0.344995527870089,0.652076668491734,2.43308846020658,0.377176603164163,0.832199524095682,0.906454255523233,4.16099762047841,0.629332921513896,0.45,1,20
"UMass-gbqr_2src_mobsgleam_otid50","10",0.412555419645178,0.899177619879201,1.00310159707901,0.379882520118405,1.24720160266646,1.42063581833334,1.80844232386636,0.750680677245202,0.65,1,20
"UMass-gbqr_2src_mobsgleam_otid50","11",0.482780369329294,0.856567531088613,0.839187729373935,0.361745952411485,1.00325786193081,0.97791609892845,1.55504968599276,0.745071535931385,0.75,1,20
"UMass-gbqr_2src_mobsgleam_otid50","12",0.266818450885533,0.205867187290337,10.9239824093367,0.0973144954610165,0.82213496609656,0.844931955011528,14.1818281651657,0.111122456587954,0.85,1,20
"UMass-gbqr_2src_mobsgleam_otid50","13",0.35136418553528,0.495766120325382,5.36855449760843,0.303523596690833,0.825410570947902,0.899634711955208,8.54299940931079,0.465955764669055,0.5,1,20
"UMass-gbqr_2src_mobsgleam_otid50","15",0.700851252800174,0.747855287201877,3.17793382633839,0.321793567409576,0.689025507903915,0.770136505600208,4.8920811061178,0.473873966877312,0.5,0.9,20
"UMass-gbqr_2src_mobsgleam_otid50","16",0.371907608854701,0.693988922095188,1.5285321874448,0.325460035580922,1.10080226186597,1.15482880041678,2.64192542847832,0.512812764805838,0.55,1,20
"UMass-gbqr_2src_mobsgleam_otid50","17",0.377325737426372,0.480026289852599,9.04975587823384,0.31738240808128,0.549487081477605,0.641077603895611,12.6382028739849,0.412435108071346,0.65,0.95,20
"UMass-gbqr_2src_mobsgleam_otid50","18",0.233342403415992,0.430024665823431,3.17732712675763,0.246689736715746,0.955310261508414,0.962538285853791,4.29889617678786,0.337161979310173,0.5,1,20
"UMass-gbqr_2src_mobsgleam_otid50","19",0.286927680199474,0.652733702530555,1.5929476297683,0.377796942332641,0.521899603245106,0.674941572743243,2.63559299638779,0.655135423038654,0.75,1,20
"UMass-gbqr_2src_mobsgleam_otid50","20",0.212672503559615,0.527524069089632,0.996490885374463,0.27071969715325,0.590230815254089,0.750311645189755,1.23948471203359,0.31846203896998,0.9,1,20
"UMass-gbqr_2src_mobsgleam_otid50","21",0.425580129285018,0.558640160296444,4.70698099208589,0.360935292906598,1.1027211242055,0.959401088648021,8.82176899364399,0.634627617560967,0.15,1,20
"UMass-gbqr_2src_mobsgleam_otid50","22",0.365603606858078,0.37885482809014,3.72538948322086,0.174092758378357,0.92475643318545,1.01210117629735,6.3808193889796,0.268129200592264,0.55,1,20
"UMass-gbqr_2src_mobsgleam_otid50","23",0.276746220653907,0.677804707340866,0.860783022010848,0.302070884785845,0.544026913675342,0.770894029193472,1.36006728418836,0.467708600178446,1,1,20
"UMass-gbqr_2src_mobsgleam_otid50","24",0.446326797578768,0.852946998617466,4.07656461671155,0.444930324100855,2.26098411532127,3.73332748619511,7.34819837479414,0.777989105855466,0.4,1,20
"UMass-gbqr_2src_mobsgleam_otid50","25",0.366554201891883,0.790379277416197,5.51023400850934,0.494414516388692,0.854721709146961,0.91836449052423,8.88910577512839,0.783016103336752,0.05,1,20
"UMass-gbqr_2src_mobsgleam_otid50","26",0.192283859041092,0.383036484081121,3.4288392150919,0.236588978438883,0.510244346295597,0.63499803545174,3.6737592933283,0.280573758245512,0.7,1,20
"UMass-gbqr_2src_mobsgleam_otid50","27",0.311568923106977,0.578826515250616,3.27588984344642,0.307324208285104,0.439798827968448,0.588253122557827,4.72783740066082,0.439879338534859,0.5,1,20
"UMass-gbqr_2src_mobsgleam_otid50","28",0.47957794392356,0.583470219992144,3.29760921924083,0.28031988693903,0.909601999459649,1.10443077351897,5.13925129694702,0.433345362941801,0.55,1,20
"UMass-gbqr_2src_mobsgleam_otid50","29",0.237290795673833,0.370662301558315,2.74731156434717,0.228577651334595,0.953128522211429,0.932493415767152,4.19376549773029,0.325146577094519,0.6,1,20
"UMass-gbqr_2src_mobsgleam_otid50","30",0.483100951600748,0.855064319068443,1.34850279103129,0.445782459781996,0.890557092803892,1.08276614446662,2.40450415057051,0.940847888004846,0.65,0.95,20
"UMass-gbqr_2src_mobsgleam_otid50","31",0.363041737713359,0.819768538429238,1.2686019991692,0.446856072454768,0.595794491199927,0.860913926767948,2.05549099463975,0.860479910483886,0.6,1,20
"UMass-gbqr_2src_mobsgleam_otid50","32",0.915022284593854,0.986973397665832,7.97402137445952,0.335463648781717,0.981961003262771,1.2149892700219,10.997963236543,0.465984439511772,0.55,0.8,20
"UMass-gbqr_2src_mobsgleam_otid50","33",0.383359643435634,0.848518209467909,0.924546785292661,0.383492603923414,1.40269658237869,1.59600276324879,1.8235055570923,0.818406927014467,0.6,1,20
"UMass-gbqr_2src_mobsgleam_otid50","34",0.247024662625796,0.366043560418358,4.92539789758893,0.194606808918837,0.608991914843192,0.6860194680896,7.79509650999286,0.277262047386728,0.5,1,20
"UMass-gbqr_2src_mobsgleam_otid50","35",0.343766391705195,0.640015445242077,1.804384950966,0.334872603469729,0.772499281957789,0.882642175694668,2.74237245095015,0.514556087593398,0.7,1,20
"UMass-gbqr_2src_mobsgleam_otid50","36",0.232365671669993,0.350081736676869,7.91498599982502,0.222961855842571,0.564421093408631,0.632709019305701,11.2884218681726,0.297337836738665,0.6,1,20
"UMass-gbqr_2src_mobsgleam_otid50","37",0.177137288402845,0.455003245285893,3.11838643801356,0.288351306772213,1.12622024985141,1.35652159991421,5.23692416180907,0.455022719717311,0.75,1,20
"UMass-gbqr_2src_mobsgleam_otid50","38",0.919067865143849,1.140015126757,2.36853778715669,0.485448105781384,1.09354167179608,1.24735009393401,3.66336460051688,0.692712911872281,0.45,0.9,20
"UMass-gbqr_2src_mobsgleam_otid50","39",0.130159831307066,0.287763162411247,3.03569793864385,0.190498403651139,0.407894141051836,0.485304055787691,3.28354783546728,0.190170845312747,0.85,1,20
"UMass-gbqr_2src_mobsgleam_otid50","40",0.319728005989926,0.649967984013621,2.70122900921472,0.382314780626464,1.9634306224119,2.46467377255706,5.10491961827093,0.695055733410962,0.4,1,20
"UMass-gbqr_2src_mobsgleam_otid50","41",0.392892024350016,0.813864693382378,2.95560712335167,0.46738579221513,1.03203073735137,1.18833007238979,5.10855214988927,0.80737104390438,0.4,1,20
"UMass-gbqr_2src_mobsgleam_otid50","42",0.82359446489472,0.669016503504321,38.3730028295123,0.301958165038034,1.48766156032388,1.58498401484611,57.9444177746152,0.453368531946188,0.2,0.85,20
"UMass-gbqr_2src_mobsgleam_otid50","44",0.62080667772688,0.974913324725562,1.78840908055772,0.456907226581579,1.01018637591403,1.24843993380519,3.08106844653778,0.832165881359093,0.55,0.9,20
"UMass-gbqr_2src_mobsgleam_otid50","45",0.245253383366709,0.500223500873476,2.2762126458123,0.287110867279402,0.661272102983527,0.798004227579446,2.74427922738164,0.353581053710699,0.8,1,20
"UMass-gbqr_2src_mobsgleam_otid50","46",0.526614066895398,0.850986129798623,1.33898495387288,0.39181150569532,0.951193343264624,1.07021550772814,2.37798335816156,0.687480778655474,0.55,1,20
"UMass-gbqr_2src_mobsgleam_otid50","47",0.332653848069901,0.375874099243611,4.59333495538694,0.16678919948896,1.01109465166256,1.10545820954826,7.48210042230298,0.247907127306621,0.45,1,20
"UMass-gbqr_2src_mobsgleam_otid50","48",0.255145668293298,0.222717341400487,11.3596065370441,0.125999888668907,1.2296392998816,1.31070663040202,16.0467928634549,0.152768535173202,0.75,1,20
"UMass-gbqr_2src_mobsgleam_otid50","49",0.518778560587953,0.91938733380741,2.02681144724316,0.397659132504222,0.884319787662097,1.17572694434469,3.40463118249907,0.602641065926333,0.5,1,20
"UMass-gbqr_2src_mobsgleam_otid50","50",0.368183804342331,0.624691610098016,0.382054728971141,0.208682755245326,0.77160500614881,0.749561936879524,0.540123504304167,0.320562613955671,0.8,1,20
"UMass-gbqr_2src_mobsgleam_otid50","51",0.20368734940482,0.328159753667651,2.69931346215709,0.190857860537862,0.637212792087102,0.759998071924846,3.53653099608342,0.238329803292813,0.75,1,20
"UMass-gbqr_2src_mobsgleam_otid50","53",0.288479903608965,0.414285123155058,2.97541935363638,0.191478133644154,0.415372059063002,0.496314068798659,4.56909264969302,0.260838725083788,0.55,1,20
"UMass-gbqr_2src_mobsgleam_otid50","54",0.323417139565653,0.578524113522143,1.83790929607779,0.329393591846992,0.671311970498142,0.806820694189188,2.75237907904238,0.478287402936767,0.75,1,20
"UMass-gbqr_2src_mobsgleam_otid50","55",0.173935381775217,0.496779058274002,1.65857217652944,0.322897833633243,0.358258484405152,0.525301527845153,2.40033184551452,0.509980181359097,0.8,1,20
"UMass-gbqr_2src_mobsgleam_otid50","56",0.592096550161751,0.817741893747384,1.59983200687292,0.434410546528186,0.691254586729378,0.732631360474515,2.79958107625398,0.757955200387002,0.45,1,20
"UMass-gbqr_2src_mobsgleam_otid50","72",0.684274014044721,0.685727918641799,12.3351250162653,0.211595326706458,0.879796398001631,1.02550490746867,19.6194596754364,0.3357597580781,0.3,0.95,20
"UMass-gbqr_2src_nihflu_otid10","01",0.3274364476786,0.35654905278782,3.04639752736524,0.171091103588149,1.06524154991389,1.10439115973508,4.47401450963832,0.23072641361769,0.45,1,20
"UMass-gbqr_2src_nihflu_otid10","02",0.668590231521744,1.06214268046007,1.14846360291135,0.497610828361139,0.796617436640206,0.885146667086814,1.79238923244046,0.786172780298508,0.3,0.75,20
"UMass-gbqr_2src_nihflu_otid10","04",0.349863952818896,0.372588827744494,6.72421784694087,0.16330256733159,0.830363805823533,0.901084484317478,10.2134748116295,0.237247550655593,0.35,1,20
"UMass-gbqr_2src_nihflu_otid10","05",0.395667085533806,0.792336371411822,2.6115919966075,0.481960722343158,1.03355572482253,1.04574709921783,4.18590068553125,0.744585212035514,0.25,0.9,20
"UMass-gbqr_2src_nihflu_otid10","06",0.455858735330482,0.468451817816275,22.3281887858547,0.201208814694411,1.42277131578311,1.88929768990939,37.3477470393067,0.29314137828523,0.2,1,20
"UMass-gbqr_2src_nihflu_otid10","08",0.25038732972434,0.415976926391776,2.6742019998898,0.230367568486811,0.333370363269462,0.473627083551498,3.9004332502527,0.337040490166959,0.6,1,20
"UMass-gbqr_2src_nihflu_otid10","09",0.245524677648981,0.53933833874082,1.73156812661243,0.311966080665013,0.587830991351792,0.69876976559628,2.93915495675896,0.485141765697205,0.45,1,20
"UMass-gbqr_2src_nihflu_otid10","10",0.305820256457815,0.648550793693305,0.743582008777844,0.273998267401387,0.842945748996554,0.844042054255076,1.222271336045,0.446001749874902,0.6,1,20
"UMass-gbqr_2src_nihflu_otid10","11",0.593097684096322,1.07821827142587,1.03094560266647,0.455353584332941,1.01030873403227,1.0032568407737,1.56597853775001,0.764378576145744,0.3,0.75,20
"UMass-gbqr_2src_nihflu_otid10","12",0.239127334671063,0.181550446761821,9.79026296295723,0.0858198451141807,0.699088342674837,0.736730676451019,12.0592739111409,0.0968922078581174,0.65,1,20
"UMass-gbqr_2src_nihflu_otid10","13",0.405272959604852,0.573078143409564,6.19223603205637,0.350856446500244,0.882301608186981,0.925865841273534,9.13182164473526,0.479541885521472,0.35,0.95,20
"UMass-gbqr_2src_nihflu_otid10","15",0.747444751325123,0.793869015326119,3.38920698088906,0.341592747780841,0.709663242862087,0.804527611474103,5.03860902432082,0.495035215107012,0.3,0.9,20
"UMass-gbqr_2src_nihflu_otid10","16",0.356622464744971,0.624399445070845,1.46571057743955,0.292824653448274,0.967403234454654,1.02393748249719,2.32176776269117,0.454689224236708,0.3,1,20
"UMass-gbqr_2src_nihflu_otid10","17",0.503562592775414,0.650631904374871,12.0774123840869,0.430182939872762,0.724759792872657,0.865490086285056,16.6694752360711,0.556810119558912,0.4,0.8,20
"UMass-gbqr_2src_nihflu_otid10","18",0.199667830700716,0.396893413751339,2.71879437915636,0.227683524978852,0.934246741610771,0.955451801387482,4.20411033724847,0.334679695577539,0.45,1,20
"UMass-gbqr_2src_nihflu_otid10","19",0.339188281189072,0.81940471532565,1.88308485326229,0.474264764915348,0.651634508595919,0.880846161070931,3.29075426840939,0.854997744500627,0.25,0.95,20
"UMass-gbqr_2src_nihflu_otid10","20",0.216561415238174,0.478911760988821,1.01471263466902,0.245772381764052,0.715444250674758,0.79880526119134,1.50243292641699,0.339044654111167,0.7,1,20
"UMass-gbqr_2src_nihflu_otid10","21",0.59488805582696,0.866307198147423,6.57955242388946,0.559717801427863,1.1227687925188,1.10710203897911,8.98215034015041,0.732329301798368,0.1,0.65,20
"UMass-gbqr_2src_nihflu_otid10","22",0.412807897918212,0.402327476157065,4.20638684260025,0.184878995600187,0.904135390356785,0.984920307433896,6.23853419346182,0.260928354658636,0.4,0.95,20
"UMass-gbqr_2src_nihflu_otid10","23",0.274728949270917,0.603842154964155,0.854508562496414,0.269108685799203,0.463472671068363,0.642400421543471,1.15868167767091,0.389750329534248,0.7,1,20
"UMass-gbqr_2src_nihflu_otid10","24",0.35266473324197,0.585853957636632,3.22109400756407,0.305604207142465,1.55514288685159,2.09787541879368,5.05421438226768,0.437176815400909,0.4,1,20
"UMass-gbqr_2src_nihflu_otid10","25",0.309263847743429,0.711111626526995,4.64901551433022,0.444829363539327,0.782185143129086,0.876747629068919,8.13472548854249,0.747532727154338,0.2,1,20
"UMass-gbqr_2src_nihflu_otid10","26",0.183017087366399,0.386332819339439,3.26359253097629,0.238625015797643,0.657881336967803,0.759643785819347,4.73674562616818,0.335648458760282,0.7,1,20
"UMass-gbqr_2src_nihflu_otid10","27",0.313513077517871,0.557764737101608,3.29633102103638,0.296141592900046,0.475939544781665,0.584481560178435,5.11635010640289,0.437059068992598,0.4,1,20
"UMass-gbqr_2src_nihflu_otid10","28",0.409727880548202,0.458456910490756,2.81731562803295,0.220259037928133,0.741444409189134,0.827620310037226,4.18916091191861,0.3247332763903,0.5,0.95,20
"UMass-gbqr_2src_nihflu_otid10","29",0.283215070825796,0.486960573552883,3.27901483522614,0.300295723971145,1.09834505587687,1.13376406917344,4.83271824585822,0.39532665871021,0.4,1,20
"UMass-gbqr_2src_nihflu_otid10","30",0.554102943676488,0.916378117973339,1.54669404725975,0.477748027149116,0.852594663172648,0.912440576858702,2.30200559056615,0.792846907944576,0.3,0.8,20
"UMass-gbqr_2src_nihflu_otid10","31",0.420354904552278,0.934025447720291,1.46887538505734,0.509137547460445,0.657454832749879,0.847839570988525,2.26821917298708,0.847412145936333,0.35,0.95,20
"UMass-gbqr_2src_nihflu_otid10","32",0.7939477607818,0.819312160499969,6.91890954053479,0.27847705672976,0.897983004751638,1.04902958417484,10.0574096532183,0.402333975183312,0.45,0.85,20
"UMass-gbqr_2src_nihflu_otid10","33",0.348083937035906,0.750960561258619,0.839472517541073,0.339400873036594,1.14123324843934,1.16723993641627,1.48360322297114,0.598543606219366,0.25,1,20
"UMass-gbqr_2src_nihflu_otid10","34",0.236237544613091,0.324210412979236,4.71031472404644,0.172366244651419,0.591049918303939,0.652838531067478,7.56543895429042,0.263851619606037,0.4,1,20
"UMass-gbqr_2src_nihflu_otid10","35",0.357211716598938,0.643002203754708,1.87495770759522,0.336435352629137,0.809166256380863,0.884025080642737,2.87254021015206,0.515362283104089,0.3,0.95,20
"UMass-gbqr_2src_nihflu_otid10","36",0.250141060186466,0.371996790378159,8.52046248969631,0.236919227885201,0.659377274938951,0.725068650469219,13.187545498779,0.340741695533466,0.45,1,20
"UMass-gbqr_2src_nihflu_otid10","37",0.146692432231231,0.361247645301738,2.58242460045328,0.228935137650919,0.764067367100839,0.820272924590071,3.5529132570189,0.275146976709439,0.7,1,20
"UMass-gbqr_2src_nihflu_otid10","38",0.933427901949614,0.986004797493136,2.40554516287871,0.419866500013932,0.983229430772938,1.06579760095361,3.29381859308934,0.591888166131905,0.35,0.65,20
"UMass-gbqr_2src_nihflu_otid10","39",0.128040047867576,0.323238250802817,2.98625855206037,0.213982812327185,0.463020921110359,0.547338713777913,3.72731841493839,0.214479695008099,0.9,1,20
"UMass-gbqr_2src_nihflu_otid10","40",0.300615859858381,0.597471541058401,2.53975962714092,0.351436081112437,1.57763720654879,1.81129925819857,4.10185673702685,0.510799420333748,0.2,1,20
"UMass-gbqr_2src_nihflu_otid10","41",0.371935370227692,0.758273752596315,2.79795659250156,0.435461055694988,0.916407877464688,1.01609663536347,4.53621899345021,0.690352807070962,0.35,1,20
"UMass-gbqr_2src_nihflu_otid10","42",0.942883865032142,0.841715714108231,43.9309475269542,0.379905325480746,1.51230510627092,1.75117014496291,58.9042838892525,0.5009043816047,0.2,0.7,20
"UMass-gbqr_2src_nihflu_otid10","44",0.641464544004874,0.930928326324709,1.84791990246413,0.436293021071375,0.962667153359836,1.07689411852854,2.9361348177475,0.717819511383525,0.25,0.9,20
"UMass-gbqr_2src_nihflu_otid10","45",0.202305477233764,0.419499956819876,1.87761032804204,0.240778364502891,0.663709611558745,0.748466698466021,2.75439488796879,0.331631882093804,0.55,1,20
"UMass-gbqr_2src_nihflu_otid10","46",0.545681707266131,0.863233333793712,1.387466916599,0.397450370148974,0.863319013113388,0.937989763539759,2.15829753278347,0.602542131330232,0.3,0.8,20
"UMass-gbqr_2src_nihflu_otid10","47",0.307126880135946,0.324486201916128,4.24085469761629,0.1439864943387,0.828208242538144,0.905487357662947,6.12874099478227,0.203062194221177,0.45,1,20
"UMass-gbqr_2src_nihflu_otid10","48",0.195109815564952,0.161183614173995,8.68668769161827,0.0911878586259521,0.872653226776755,0.90087089170747,11.3881246094367,0.105000404601687,0.7,1,20
"UMass-gbqr_2src_nihflu_otid10","49",0.446154695753949,0.74876597422781,1.74307790123505,0.323860919996623,0.703493392084925,0.937249567596964,2.70844955952696,0.480404979381029,0.55,0.95,20
"UMass-gbqr_2src_nihflu_otid10","50",0.395082107941795,0.705857576591576,0.409966396921428,0.235796834010316,0.886578415872062,0.891067914111872,0.620604891110444,0.381079995802455,0.55,0.85,20
"UMass-gbqr_2src_nihflu_otid10","51",0.202610544761993,0.31003158022172,2.6850433895336,0.180314506696691,0.695519265649071,0.750338414033232,3.86013192435234,0.235300605653728,0.55,1,20
"UMass-gbqr_2src_nihflu_otid10","53",0.309774105069866,0.432474980367544,3.19505052500865,0.199885290251119,0.455123596970832,0.566430036936365,5.00635956667915,0.297688294513331,0.55,1,20
"UMass-gbqr_2src_nihflu_otid10","54",0.278615796630127,0.520052351699022,1.58331300359757,0.296101593815517,0.627588054412607,0.798036071437939,2.57311102309169,0.473079833979086,0.45,1,20
"UMass-gbqr_2src_nihflu_otid10","55",0.183537935257009,0.633135679502064,1.75013795150855,0.411527289450209,0.467163786170995,0.792766850620285,3.12999736734567,0.769644405782101,0.7,1,20
"UMass-gbqr_2src_nihflu_otid10","56",0.86196953400753,1.22283384559585,2.32902294242021,0.649608297239274,0.856987276028153,0.953941600710315,3.47079846791402,0.986915161064874,0.2,0.75,20
"UMass-gbqr_2src_nihflu_otid10","72",0.6427012229221,0.625689157484241,11.5857094820681,0.193069143162194,0.813683056571259,0.919264052634503,18.1451321615391,0.300975523056563,0.4,0.95,20
"UMass-gbqr_2src_nihflu_otid50","01",0.439664635417018,0.579031634520739,4.09054418865137,0.277850019760275,1.5214198307281,1.79804038386577,6.38996328905801,0.375641733141579,0.4,0.9,20
"UMass-gbqr_2src_nihflu_otid50","02",0.673268148256638,1.0925701745135,1.15649904353579,0.511866022883895,0.775941409167173,0.8825309473407,1.74586817062614,0.783849540838033,0.35,0.8,20
"UMass-gbqr_2src_nihflu_otid50","04",0.472011065098252,0.564350342345438,9.07182692676597,0.247350035526752,1.19055076616663,1.33367361962164,14.6437744238495,0.351144432221444,0.3,0.95,20
"UMass-gbqr_2src_nihflu_otid50","05",0.42403821277271,0.874081739967757,2.79885500518425,0.531684625345647,1.16911500575562,1.25809197143576,4.73491577331024,0.895777457104425,0.2,0.9,20
"UMass-gbqr_2src_nihflu_otid50","06",0.69775706150869,1.05431633634412,34.1764897512264,0.45284857968457,2.2449122300891,3.67508844129896,58.9289460398388,0.570222732371076,0.1,1,20
"UMass-gbqr_2src_nihflu_otid50","08",0.215477634568187,0.494331005042569,2.30135734874509,0.273759971850088,0.185163367249886,0.328185771152495,2.16641139682366,0.233542162212587,1,1,20
"UMass-gbqr_2src_nihflu_otid50","09",0.181758732908645,0.500078304065643,1.28185741511502,0.289257145911771,0.381416263110039,0.593536011871428,1.90708131555019,0.412080091299409,0.9,1,20
"UMass-gbqr_2src_nihflu_otid50","10",0.29156023686999,0.601278414532279,0.708909701151323,0.254026739940444,0.730193420262292,0.712451657908078,1.05878045938032,0.376467836556696,0.8,1,20
"UMass-gbqr_2src_nihflu_otid50","11",0.658816169715774,1.22372725093719,1.14518004596312,0.51680499647186,1.0689638046989,1.0811629543193,1.65689389728329,0.823735025785408,0.25,0.7,20
"UMass-gbqr_2src_nihflu_otid50","12",0.386293311943045,0.382735791268895,15.8154780170004,0.180921209020441,1.40235253297451,1.62203725415295,24.1905811938103,0.213324591749163,0.5,1,20
"UMass-gbqr_2src_nihflu_otid50","13",0.49873768414277,0.841138265708089,7.62029981300594,0.514971276283354,1.13314069334044,1.47310420611881,11.7280061760736,0.762977892779963,0.35,0.85,20
"UMass-gbqr_2src_nihflu_otid50","15",0.795461291964607,0.918397894056317,3.6069327652296,0.395176098487684,0.773859079861683,0.977303585970776,5.49439946701795,0.601346285703546,0.35,0.9,20
"UMass-gbqr_2src_nihflu_otid50","16",0.364752523828266,0.656154616723292,1.49912494353148,0.307716878621958,1.00700140527864,1.0891909250623,2.41680337266873,0.483665638994322,0.45,1,20
"UMass-gbqr_2src_nihflu_otid50","17",0.565654403711667,0.959100259028663,13.566618328116,0.634135163504001,0.841645969256847,1.4326923732048,19.3578572929075,0.921717792331323,0.45,0.8,20
"UMass-gbqr_2src_nihflu_otid50","18",0.220884751081947,0.469328666642227,3.00769642047699,0.269237033148843,1.12075345679704,1.11435726594179,5.04339055558668,0.390341773377188,0.4,1,20
"UMass-gbqr_2src_nihflu_otid50","19",0.290803731645729,0.789518591590978,1.61446645625405,0.456966920294546,0.501377209965036,0.792243459053561,2.53195491032343,0.768995087363074,0.5,0.95,20
"UMass-gbqr_2src_nihflu_otid50","20",0.265262315100366,0.646520238221145,1.24290387711897,0.331787255502339,1.09791833807736,1.4446638180312,2.30562850996245,0.613172657076407,0.55,1,20
"UMass-gbqr_2src_nihflu_otid50","21",0.694906368910178,1.16157185387797,7.68577018676793,0.750487177808752,1.40172990582981,1.80942836589884,11.2138392466385,1.19690630601202,0.05,0.6,20
"UMass-gbqr_2src_nihflu_otid50","22",0.486386745904053,0.548628406781415,4.95613291001355,0.25210773515225,1.06436166036206,1.22352474238249,7.34409545649825,0.324140232975571,0.5,0.95,20
"UMass-gbqr_2src_nihflu_otid50","23",0.275451473986013,0.611958117414348,0.856755881380366,0.272725650880246,0.505830986896365,0.711809064540117,1.26457746724091,0.431861200843254,0.7,1,20
"UMass-gbqr_2src_nihflu_otid50","24",0.404155437576959,0.773000749961749,3.69138883306025,0.403227251831779,1.92200549275533,2.8655207193875,6.24651785145483,0.597146623362172,0.45,1,20
"UMass-gbqr_2src_nihflu_otid50","25",0.224901080978208,0.598346243477215,3.38083038895884,0.374290011206859,0.552000958384341,0.709023285682592,5.74080996719714,0.604527566188118,0.5,1,20
"UMass-gbqr_2src_nihflu_otid50","26",0.200532668019632,0.467862653526964,3.57593341137269,0.288983300150089,0.823057670741991,0.918307308940539,5.92601522934234,0.405753905538423,0.8,1,20
"UMass-gbqr_2src_nihflu_otid50","27",0.324348654644171,0.722425566103078,3.41025816339049,0.383567198975704,0.506845671366245,0.791964708666383,5.44859096718714,0.592209201842146,0.7,1,20
"UMass-gbqr_2src_nihflu_otid50","28",0.388250235682635,0.473908123015314,2.66963394122134,0.227682351063143,0.695003093736001,0.801609276264477,3.92676747960841,0.314527330358183,0.7,0.95,20
"UMass-gbqr_2src_nihflu_otid50","29",0.342493196485127,0.673725750978214,3.96532666487063,0.415468875995225,1.35387095056483,1.63124498082804,5.95703218248523,0.56879084929785,0.35,0.95,20
"UMass-gbqr_2src_nihflu_otid50","30",0.583348980141164,0.990972356560282,1.62832990756708,0.5166372690708,0.881176785754545,0.944136258499004,2.37917732153727,0.820388233726278,0.3,0.85,20
"UMass-gbqr_2src_nihflu_otid50","31",0.375570724206657,0.812935826385133,1.3123829082544,0.443131559101165,0.593680266061773,0.764867417849283,2.04819691791312,0.764481821909697,0.55,0.95,20
"UMass-gbqr_2src_nihflu_otid50","32",0.870776342624671,1.00733617256763,7.58843722756417,0.342384778352214,0.98960903045269,1.26428485427553,11.0836211410701,0.484890758905375,0.3,0.8,20
"UMass-gbqr_2src_nihflu_otid50","33",0.374940084276992,0.813996469628822,0.904241371076543,0.367890308350806,1.27412719137812,1.38054944670289,1.65636534879156,0.70792561033399,0.35,1,20
"UMass-gbqr_2src_nihflu_otid50","34",0.247821517158135,0.416462877592908,4.94128629349462,0.221412204462448,0.552317747441084,0.622648149437468,7.06966716724588,0.251649856519876,0.7,1,20
"UMass-gbqr_2src_nihflu_otid50","35",0.343958425772419,0.632807931857299,1.80539291273693,0.331101446398995,0.852742347463395,0.933859579060613,3.02723533349505,0.544414423642128,0.35,1,20
"UMass-gbqr_2src_nihflu_otid50","36",0.295124267336178,0.546730810718629,10.0527088506082,0.348204728876372,0.78878493866335,0.887160047942466,15.775698773267,0.416915582751843,0.55,1,20
"UMass-gbqr_2src_nihflu_otid50","37",0.166897668126225,0.471390414333735,2.93812460105689,0.298736423050391,0.81249394281167,0.912152387681854,3.77809683407427,0.305966421961792,0.7,1,20
"UMass-gbqr_2src_nihflu_otid50","38",0.991389825903166,1.10273423047845,2.55491934111615,0.469572930044253,1.05236092696706,1.22288341714994,3.52540910533967,0.679125401035223,0.35,0.65,20
"UMass-gbqr_2src_nihflu_otid50","39",0.133452463688638,0.402937106713685,3.11249150262651,0.266743230640024,0.374414031937395,0.491978977871453,3.01403295709603,0.192786474751503,0.95,1,20
"UMass-gbqr_2src_nihflu_otid50","40",0.315253567364433,0.673431079499255,2.66342661721683,0.396115903795663,1.73049346377886,2.12267521858941,4.49928300582503,0.598609681036714,0.25,1,20
"UMass-gbqr_2src_nihflu_otid50","41",0.358501339371838,0.765213498786349,2.69689646699105,0.439446409522442,0.899285473353659,1.01025479608703,4.45146309310061,0.686383765148585,0.5,1,20
"UMass-gbqr_2src_nihflu_otid50","42",1.0933462380889,1.1256553967422,50.9413067670206,0.508060468291928,1.81589534536794,2.30362474602662,70.7291237020811,0.658928392638964,0.15,0.7,20
"UMass-gbqr_2src_nihflu_otid50","44",0.635656585651066,0.917404154541196,1.83118843704645,0.429954722409638,0.97602423911772,1.1079892830566,2.97687392930905,0.738546447694057,0.35,0.85,20
"UMass-gbqr_2src_nihflu_otid50","45",0.238768887217879,0.531138721395208,2.21602961415309,0.304855127116513,0.829089100216337,0.931995670944453,3.4407197658978,0.412950207526993,0.7,1,20
"UMass-gbqr_2src_nihflu_otid50","46",0.534053034686123,0.840468352362126,1.35789949978095,0.386968904776622,0.863896115284612,0.964497548011468,2.15974028821153,0.619570096424597,0.35,0.8,20
"UMass-gbqr_2src_nihflu_otid50","47",0.411256107756633,0.530543683296601,5.67868691835477,0.235421797907956,1.1039728333534,1.33304799318725,8.16939896681516,0.298945808804434,0.65,0.95,20
"UMass-gbqr_2src_nihflu_otid50","48",0.257932407675772,0.293263032075903,11.4836778689932,0.165910338009222,1.13482144005388,1.20983678057847,14.8094197927031,0.141011717252812,0.65,1,20
"UMass-gbqr_2src_nihflu_otid50","49",0.520728812854246,1.02531406281811,2.03443087086362,0.443475220695216,0.869630840526949,1.42428943734388,3.34807873602875,0.730046469409565,0.5,0.95,20
"UMass-gbqr_2src_nihflu_otid50","50",0.39733985687968,0.702785654598201,0.412309204096474,0.2347706362271,0.852784603883432,0.841471954448151,0.596949222718402,0.359869459769063,0.6,0.85,20
"UMass-gbqr_2src_nihflu_otid50","51",0.221220833207264,0.392148474132105,2.93167138229668,0.228073729180821,0.716857040579665,0.768615504938591,3.97855657521714,0.241032166878885,0.65,1,20
"UMass-gbqr_2src_nihflu_otid50","53",0.374746584009877,0.679685373280651,3.86518514746709,0.314143278305214,0.575948507731787,0.786126864787571,6.33543358504966,0.413150345831703,0.7,1,20
"UMass-gbqr_2src_nihflu_otid50","54",0.246695452235379,0.532305063950497,1.40191662560752,0.303077906131713,0.533202123077803,0.781157375310567,2.18612870461899,0.463074057238528,0.5,1,20
"UMass-gbqr_2src_nihflu_otid50","55",0.189885071693591,0.793228883373127,1.81066148494326,0.515585115255055,0.382276219379185,0.763645714363313,2.56125066984054,0.741372638877796,0.75,0.9,20
"UMass-gbqr_2src_nihflu_otid50","56",0.848230896314632,1.21063749109055,2.29190144204004,0.643129205160451,0.817322949944063,0.920421784740507,3.31015794727346,0.952236712665019,0.2,0.8,20
"UMass-gbqr_2src_nihflu_otid50","72",0.7116348713728,0.731941581033036,12.828347890095,0.225855494225004,0.876600003447447,1.02622715793757,19.5481800768781,0.335996229538106,0.35,1,20
"UMass-gbqr_2src_utseirs_otid10","01",0.383044712000079,0.48824085926623,3.56376472985917,0.234283801276555,1.4070130990896,1.62380800535047,5.90945501617632,0.339241575935904,0.6,1,20
"UMass-gbqr_2src_utseirs_otid10","02",0.657670631326754,1.05525634402345,1.12970657836771,0.49438459930393,0.782978178164348,0.883098146812409,1.76170090086978,0.784353318124034,0.35,0.95,20
"UMass-gbqr_2src_utseirs_otid10","04",0.332306038168458,0.359727596837328,6.38676312462298,0.157665597380293,0.775165130968332,0.843549204754954,9.53453111091049,0.222099021977027,0.7,1,20
"UMass-gbqr_2src_utseirs_otid10","05",0.505138486133685,1.16729950774129,3.33415559645395,0.710042520122294,1.3390352180115,1.58379480748583,5.42309263294659,1.12768201167818,0.2,0.8,20
"UMass-gbqr_2src_utseirs_otid10","06",0.335068830503981,0.343451863053998,16.4118388525003,0.147518996920159,1.00478102858123,1.25182227344858,26.3755020002574,0.194231384798055,0.8,1,20
"UMass-gbqr_2src_utseirs_otid10","08",0.385049674361739,0.558639394182111,4.11243096992451,0.309373887669609,0.521353575347983,0.629992086206721,6.0998368315714,0.448312288107002,1,1,20
"UMass-gbqr_2src_utseirs_otid10","09",0.28391120216397,0.668974414237789,2.00228992524406,0.386950659881099,0.609273898872569,0.941651642760103,3.04636949436284,0.653769758126957,0.65,1,20
"UMass-gbqr_2src_utseirs_otid10","10",0.347882350140884,0.708735236960638,0.845853246388202,0.299424854401394,0.923846736982518,0.907261447000226,1.33957776862465,0.47940762064665,0.7,1,20
"UMass-gbqr_2src_utseirs_otid10","11",0.614048061541337,1.125265174425,1.06736236853878,0.475222451778571,0.999390522191727,0.998885141317496,1.54905530939718,0.761047790578318,0.4,0.9,20
"UMass-gbqr_2src_utseirs_otid10","12",0.378794880854021,0.340142678352441,15.5084800225129,0.160787221918683,1.48644933814706,1.70371576312582,25.6412510830368,0.224066659809996,0.8,1,20
"UMass-gbqr_2src_utseirs_otid10","13",0.468835735159047,0.84870720538287,7.16342273414467,0.51960521898141,1.13361679273091,1.68227879109884,11.732933804765,0.871317535968999,0.6,0.85,20
"UMass-gbqr_2src_utseirs_otid10","15",1.17287147690807,0.985474868167566,5.31825822600954,0.424038552440586,1.1877193763487,1.09155719350313,8.43280757207578,0.671647861901659,0.4,1,20
"UMass-gbqr_2src_utseirs_otid10","16",0.412931329467828,0.789777880142525,1.69713878734474,0.370382190246194,1.18891721435317,1.36106394901821,2.8534013144476,0.604393453403382,0.5,1,20
"UMass-gbqr_2src_utseirs_otid10","17",0.544356554902503,0.87346960423883,13.0558121112672,0.577518132317814,0.805573082430584,1.34977215204194,18.5281808959034,0.868371348517365,0.6,0.85,20
"UMass-gbqr_2src_utseirs_otid10","18",0.222660493501979,0.544384344884975,3.03187597155174,0.312293785415067,1.1652089291377,1.2507571821605,5.24344018111965,0.438120512577412,0.75,1,20
"UMass-gbqr_2src_utseirs_otid10","19",0.32083822323932,0.784116064378474,1.7812101184969,0.453839981615205,0.613315046184043,0.891642535906994,3.09724098322942,0.865477299889044,0.5,1,20
"UMass-gbqr_2src_utseirs_otid10","20",0.268085857750812,0.787164433879975,1.25613377035172,0.403964348996535,1.04674171993655,1.79724475170634,2.19815761186676,0.762821997800325,0.55,1,20
"UMass-gbqr_2src_utseirs_otid10","21",0.749282879263488,1.35199469057847,8.28718266596189,0.873518651779631,1.69787718680094,2.39084584021021,13.5830174944075,1.58150414616093,0,0.6,20
"UMass-gbqr_2src_utseirs_otid10","22",0.438203824945757,0.479487495369985,4.46516360981575,0.220335850271993,0.84099737579708,0.921094245574994,5.80288189299986,0.244019342650777,0.55,1,20
"UMass-gbqr_2src_utseirs_otid10","23",0.306867566316108,0.597829979481516,0.954471538821951,0.266429295780427,0.379544732231151,0.544464996375077,0.948861830577878,0.330331993318422,0.9,1,20
"UMass-gbqr_2src_utseirs_otid10","24",0.483070228399268,0.698644111579159,4.41216393719153,0.364439937651367,2.25045830858962,2.51266285435663,7.31398950291627,0.523614479202694,0.55,1,20
"UMass-gbqr_2src_utseirs_otid10","25",0.254016377788195,0.490415632321403,3.81850672119621,0.306775006141719,0.601980532468052,0.55812903841213,6.26059753766774,0.475872084913789,0.7,1,20
"UMass-gbqr_2src_utseirs_otid10","26",0.220559739274327,0.626266325646839,3.93305962895533,0.386824013829656,0.983675360410319,1.506732836118,7.0824625949543,0.665749610076826,0.6,1,20
"UMass-gbqr_2src_utseirs_otid10","27",0.37313781260014,0.622387568505005,3.92323585521049,0.3304526688009,0.544565529791935,0.663016946410082,5.8540794452633,0.495785648457139,0.75,1,20
"UMass-gbqr_2src_utseirs_otid10","28",0.561831097612053,0.637514413394057,3.86318726833902,0.306284643433953,0.979270936275573,1.12659301821113,5.53288078995699,0.442041160089078,0.6,0.95,20
"UMass-gbqr_2src_utseirs_otid10","29",0.494709092989649,1.29608071193479,5.72765584227016,0.799258742603786,1.94443720029428,3.71962335675518,8.55552368129483,1.29697731059559,0.2,0.75,20
"UMass-gbqr_2src_utseirs_otid10","30",0.555315024019542,0.996694962150589,1.55007738509038,0.519620713870822,0.887274748652743,1.0317748343819,2.3956418213624,0.896540013543698,0.45,0.9,20
"UMass-gbqr_2src_utseirs_otid10","31",0.381544319296177,0.756512792882985,1.33325685713015,0.412375346871962,0.552701078616979,0.70287791254439,1.90681872122858,0.702523567643852,0.7,0.95,20
"UMass-gbqr_2src_utseirs_otid10","32",0.979452982784151,0.904607979851997,8.53550689584092,0.30746836171663,1.06453759405994,1.15832820853996,11.9228210534713,0.444253241032687,0.6,0.85,20
"UMass-gbqr_2src_utseirs_otid10","33",0.398758586440884,0.873659038041373,0.961684349186495,0.394855143591803,1.35938519616236,1.51591774324833,1.76720075501107,0.777340497414405,0.4,1,20
"UMass-gbqr_2src_utseirs_otid10","34",0.303609705772558,0.4408361622408,6.05364092234406,0.234370244600555,0.847806694528577,0.925190341285555,10.8519256899658,0.37392549363301,0.65,1,20
"UMass-gbqr_2src_utseirs_otid10","35",0.356598868452468,0.635439922572693,1.87174094761112,0.332478571888269,0.854139114669851,0.890292220304442,3.03219385707797,0.519015852980455,0.65,1,20
"UMass-gbqr_2src_utseirs_otid10","36",0.262122856081923,0.513763678726452,8.92859397522826,0.32720845240518,0.723041306571125,0.947089372875332,14.4608261314225,0.445079012209986,0.65,1,20
"UMass-gbqr_2src_utseirs_otid10","37",0.198485062684765,0.61185395236103,3.49420008178528,0.387753029335407,1.23479397057037,1.57903803898641,5.74179196315224,0.529662176468201,0.7,1,20
"UMass-gbqr_2src_utseirs_otid10","38",0.989864308490041,1.12976887614009,2.55098791692541,0.481084985646753,1.13988145242243,1.36158410442677,3.81860286561514,0.756152498262748,0.5,0.8,20
"UMass-gbqr_2src_utseirs_otid10","39",0.16323376322181,0.552658624656212,3.80707621970179,0.365858454149821,0.545589660587637,0.988227733391674,4.39199676773048,0.3872461010357,0.85,1,20
"UMass-gbqr_2src_utseirs_otid10","40",0.338997744048306,0.810833916352618,2.86402981010829,0.476937016098244,1.95408597704452,2.92089695771715,5.08062354031576,0.823713953452613,0.3,1,20
"UMass-gbqr_2src_utseirs_otid10","41",0.465229944273472,0.948320767034037,3.49978327904716,0.544601156160511,1.19936248222584,1.39369778792748,5.93684428701791,0.946901255863482,0.55,1,20
"UMass-gbqr_2src_utseirs_otid10","42",1.01462632606612,1.19537109570807,47.2735800695428,0.53952639540107,1.69192925969488,3.00119086896727,65.9006446651155,0.858460076322033,0.2,0.65,20
"UMass-gbqr_2src_utseirs_otid10","44",0.591787538516162,0.836130003009669,1.70481124900017,0.391864416094977,0.861472636954022,0.95554659006242,2.62749154270977,0.636933543030232,0.6,1,20
"UMass-gbqr_2src_utseirs_otid10","45",0.293865932644047,0.658723236313873,2.72738888603892,0.378084195054656,0.8949863112351,1.03449172734468,3.71419319162566,0.458364332378323,0.85,1,20
"UMass-gbqr_2src_utseirs_otid10","46",0.521436199148486,0.824793782988598,1.32581954975231,0.379752010855189,0.854050298598916,0.943554671685497,2.13512574649729,0.606116894877903,0.5,0.95,20
"UMass-gbqr_2src_utseirs_otid10","47",0.377762790548994,0.428096994615366,5.21620609754255,0.189962424064898,0.956229693063326,1.10003832776643,7.07609972866861,0.246691678987298,0.65,0.9,20
"UMass-gbqr_2src_utseirs_otid10","48",0.331822910294787,0.313895263984678,14.7734340392276,0.177582796503696,1.682301051315,1.95926654646013,21.9540287196607,0.228361002663706,0.65,1,20
"UMass-gbqr_2src_utseirs_otid10","49",0.594851776645478,0.786735304028914,2.32402123355207,0.340283650868872,0.860283377924786,1.04729363170401,3.31209100501043,0.536810144212305,0.55,1,20
"UMass-gbqr_2src_utseirs_otid10","50",0.365084680561962,0.637903645249781,0.37883884907096,0.213096331245548,0.785238227434683,0.770320244679612,0.549666759204278,0.329440249121345,0.7,0.9,20
"UMass-gbqr_2src_utseirs_otid10","51",0.271277260279442,0.551921612544242,3.59503112387236,0.320997858443922,0.862843237420445,1.13149826943642,4.78877996768347,0.354829531735452,0.75,1,20
"UMass-gbqr_2src_utseirs_otid10","53",0.33604427389653,0.463702258049604,3.46600447283063,0.214318202550291,0.461201966678851,0.591141652756719,5.07322163346736,0.310675527337384,0.7,1,20
"UMass-gbqr_2src_utseirs_otid10","54",0.348615382520199,0.70527408074318,1.98110543290957,0.401561071116337,0.813113920370923,1.18979781597878,3.33376707352079,0.705318184725305,0.55,1,20
"UMass-gbqr_2src_utseirs_otid10","55",0.19691950931856,0.931147958127193,1.87773882368382,0.605230138959389,0.45195849985277,1.11601695078008,3.02812194901356,1.08346634606862,0.4,0.9,20
"UMass-gbqr_2src_utseirs_otid10","56",0.916698273596737,1.2105101830782,2.47689880703504,0.643061575088365,0.97223555414168,1.03001290038509,3.9375539942738,1.06561591058146,0.25,0.95,20
"UMass-gbqr_2src_utseirs_otid10","72",0.69832320356927,0.643437202276051,12.5883839528983,0.198545664146729,0.931492124621605,1.00139121030636,20.7722743790618,0.327864711387812,0.45,1,20
"UMass-gbqr_2src_utseirs_otid50","01",0.424034971783326,0.554658518088886,3.94512919595646,0.266154508706176,1.62309496318422,1.98127840888452,6.81699884537373,0.4139233256537,0.5,1,20
"UMass-gbqr_2src_utseirs_otid50","02",0.656274503498106,1.06072740584519,1.12730839496535,0.496947776224712,0.778191265730598,0.880923704040798,1.75093034789385,0.782422013648829,0.4,1,20
"UMass-gbqr_2src_utseirs_otid50","04",0.351350347011247,0.378068224696006,6.75278563243368,0.165704141192587,0.824959673603442,0.897852836032755,10.1470039853223,0.236396686332131,0.7,1,20
"UMass-gbqr_2src_utseirs_otid50","05",0.516632877474535,1.21962501055137,3.41002407662116,0.741870968293087,1.35804478002935,1.67076686643835,5.50008135911887,1.18960722189847,0.2,0.8,20
"UMass-gbqr_2src_utseirs_otid50","06",0.377178701992702,0.386958810822107,18.4744014129535,0.166206044463704,1.13460895896578,1.44842594008734,29.7834851728517,0.224736196253776,0.85,1,20
"UMass-gbqr_2src_utseirs_otid50","08",0.38997233308094,0.560422949149911,4.16500624921742,0.310361618466984,0.510372348149717,0.595091402781244,5.97135647335169,0.423476412251508,1,1,20
"UMass-gbqr_2src_utseirs_otid50","09",0.270713507591663,0.677474081305842,1.90921289736646,0.391867068806095,0.558757069733306,0.952315806779231,2.79378534866653,0.661173672286736,0.65,1,20
"UMass-gbqr_2src_utseirs_otid50","10",0.348459056029512,0.708155986853338,0.847255469145148,0.299180134130699,0.904666015964819,0.878777257737181,1.31176572314899,0.464356239982569,0.8,1,20
"UMass-gbqr_2src_utseirs_otid50","11",0.61887903676983,1.14155860348168,1.07575975871911,0.482103499446423,1.00510769334392,1.00539520187976,1.55791692468307,0.766007787481376,0.35,0.9,20
"UMass-gbqr_2src_utseirs_otid50","12",0.435913557965233,0.403385789347044,17.8470117917238,0.190682571045619,1.80655263420315,2.1604303740398,31.1630329400043,0.284132147004974,0.65,1,20
"UMass-gbqr_2src_utseirs_otid50","13",0.489549911015232,0.94189291310101,7.47991822951669,0.576656437302313,1.19494313781165,1.93541404470197,12.3676614763505,1.00242611714079,0.55,0.95,20
"UMass-gbqr_2src_utseirs_otid50","15",1.22635572662811,1.01833330246646,5.56077674285965,0.438177160502174,1.23069189453333,1.11005283062072,8.73791245118661,0.683028442963717,0.35,0.95,20
"UMass-gbqr_2src_utseirs_otid50","16",0.43159787668042,0.837362486830623,1.77385789059399,0.392697946726941,1.22314303197633,1.41982051121075,2.93554327674319,0.630484866344909,0.5,1,20
"UMass-gbqr_2src_utseirs_otid50","17",0.55991702755673,0.944392201197139,13.4290134725927,0.624410531933923,0.849938264381358,1.61364458355768,19.5485800807712,1.03813278480514,0.55,0.85,20
"UMass-gbqr_2src_utseirs_otid50","18",0.248624495410774,0.619520641061238,3.38541706128214,0.35539678530003,1.26264073585192,1.41918724888787,5.68188331133365,0.497118908285666,0.7,1,20
"UMass-gbqr_2src_utseirs_otid50","19",0.312109069467318,0.791979318999405,1.7327481339253,0.458391169245096,0.59298428665726,0.914375609308581,2.99457064761916,0.887543271613656,0.6,1,20
"UMass-gbqr_2src_utseirs_otid50","20",0.296727027281418,0.90361959111312,1.39033383808973,0.463727887279249,1.09463124583511,1.95710809505431,2.29872561625373,0.830674345029021,0.55,1,20
"UMass-gbqr_2src_utseirs_otid50","21",0.797138654959588,1.51487890828709,8.81647482756141,0.978757528263779,1.78562227817903,2.67593776806112,14.2849782254323,1.7700876417382,0,0.65,20
"UMass-gbqr_2src_utseirs_otid50","22",0.481729528961932,0.537145585515505,4.90867728678718,0.246831107061681,0.94110833357298,1.06045271749069,6.49364750165356,0.280938651259048,0.5,1,20
"UMass-gbqr_2src_utseirs_otid50","23",0.321907704646886,0.606666425263462,1.00125192734266,0.270367351929647,0.404288876205031,0.545119439826583,1.01072219051258,0.3307290502666,0.95,1,20
"UMass-gbqr_2src_utseirs_otid50","24",0.549570733417643,0.808693761630127,5.01955208242947,0.421846114757012,2.64206964711954,3.16445021093525,8.58672635313851,0.65944061945628,0.6,1,20
"UMass-gbqr_2src_utseirs_otid50","25",0.233304288957781,0.450921994555971,3.50715179559021,0.282070122835493,0.503475920069525,0.512763063265403,5.23614956872306,0.437192138715972,0.75,1,20
"UMass-gbqr_2src_utseirs_otid50","26",0.249682710776363,0.717542046766894,4.45238552164424,0.443202010478906,1.07676786916193,1.76403377068292,7.75272865796591,0.779437977883513,0.55,1,20
"UMass-gbqr_2src_utseirs_otid50","27",0.378032821168701,0.6310221351315,3.97470282660618,0.335037136309656,0.546713024613728,0.638111274069405,5.87716501459757,0.477161878765366,0.8,1,20
"UMass-gbqr_2src_utseirs_otid50","28",0.589572666158783,0.673842696224954,4.05394010289906,0.323738045144812,1.05576889852238,1.20336656271885,5.96509427665147,0.472164786038962,0.75,0.95,20
"UMass-gbqr_2src_utseirs_otid50","29",0.530129694708198,1.49121942737366,6.13774940886287,0.919595634356586,2.05982187932129,4.07558631102825,9.06321626901369,1.42109629545633,0.2,0.75,20
"UMass-gbqr_2src_utseirs_otid50","30",0.576037672691362,1.04047041608004,1.60792150541122,0.542442774265068,0.883289163108177,1.03173815317576,2.38488074039208,0.896508140146558,0.45,0.9,20
"UMass-gbqr_2src_utseirs_otid50","31",0.379725486999027,0.735463453692942,1.32690118490675,0.400901345861562,0.531462931740858,0.664579156544315,1.83354711450596,0.664244119362292,0.7,1,20
"UMass-gbqr_2src_utseirs_otid50","32",1.0101932172764,0.922015683022875,8.8033946741215,0.313385088182027,1.1299500754591,1.21152329159697,12.6554408451419,0.464655133933894,0.6,0.85,20
"UMass-gbqr_2src_utseirs_otid50","33",0.418044789900891,0.927155782037487,1.00819680221794,0.419033299614358,1.37998091251052,1.55807905469191,1.79397518626368,0.798960202675566,0.4,1,20
"UMass-gbqr_2src_utseirs_otid50","34",0.310396222357904,0.455019553888455,6.18895653887442,0.241910835083943,0.848436486966783,0.934819515671623,10.8599870331748,0.377817226636389,0.7,1,20
"UMass-gbqr_2src_utseirs_otid50","35",0.340746491686314,0.621324361206816,1.7885338896669,0.325092945776949,0.762706490986303,0.811463077403516,2.70760804300138,0.473060632987124,0.7,1,20
"UMass-gbqr_2src_utseirs_otid50","36",0.276046222082299,0.563117936028684,9.40286044570728,0.358641445472151,0.812606555895774,1.25536229659407,16.2521311179155,0.589950037383954,0.7,1,20
"UMass-gbqr_2src_utseirs_otid50","37",0.216739358199832,0.683049837595763,3.81555504935269,0.43287232630073,1.32621840547586,1.93118588673787,6.16691558546273,0.647784343808993,0.75,1,20
"UMass-gbqr_2src_utseirs_otid50","38",1.02533016120092,1.18651727654779,2.64238727434532,0.505249931214104,1.17005147596995,1.42953801868424,3.91967244449935,0.793890543136703,0.45,0.85,20
"UMass-gbqr_2src_utseirs_otid50","39",0.179919877821949,0.658501355384163,4.19624393132947,0.435926044013658,0.726451701574299,1.60389633813671,5.84793619767311,0.628501490518999,0.8,1,20
"UMass-gbqr_2src_utseirs_otid50","40",0.380230574902362,0.941380960394186,3.21238627794466,0.553725512965406,2.23202293254563,3.65953940801216,5.80325962461863,1.03201643783602,0.25,1,20
"UMass-gbqr_2src_utseirs_otid50","41",0.454521111817497,0.950578768947121,3.41922399169073,0.54589788032308,1.14730318171954,1.44492627626855,5.67915074951174,0.981706735477745,0.55,1,20
"UMass-gbqr_2src_utseirs_otid50","42",1.05125546000855,1.32488520708135,48.9802086596164,0.597982118409336,1.75203421826047,3.11878843851132,68.2417328012454,0.89209766317795,0.2,0.7,20
"UMass-gbqr_2src_utseirs_otid50","44",0.60180639633442,0.842875196603816,1.733673400362,0.395025648606313,0.867685466160743,0.962334676783722,2.64644067179027,0.641458241428782,0.6,1,20
"UMass-gbqr_2src_utseirs_otid50","45",0.31296854530439,0.713226935534868,2.90468147996213,0.40936742010496,0.993788081393476,1.21659803934327,4.12422053778293,0.539052303016199,0.8,1,20
"UMass-gbqr_2src_utseirs_otid50","46",0.531100439748049,0.842661444357943,1.35039214202982,0.387978649409255,0.843244335350189,0.940058835771809,2.10811083837547,0.60387125371625,0.5,0.85,20
"UMass-gbqr_2src_utseirs_otid50","47",0.400039909242092,0.459476344996662,5.52381194245318,0.203886599050916,1.01344687572118,1.18432874942241,7.49950688033673,0.265594425478942,0.65,0.95,20
"UMass-gbqr_2src_utseirs_otid50","48",0.367943540198209,0.350496188973762,16.3815982942499,0.198289367643618,1.90509809082067,2.31936382444794,24.8615300852098,0.270331900194896,0.6,1,20
"UMass-gbqr_2src_utseirs_otid50","49",0.633953646312993,0.842850046864616,2.47678798813983,0.364554748736114,0.945340309654007,1.17109791405966,3.63956019216793,0.600268368967576,0.6,1,20
"UMass-gbqr_2src_utseirs_otid50","50",0.365115328832353,0.637436963108321,0.378870651981624,0.212940432697321,0.7690051579605,0.751469193759434,0.53830361057235,0.321378284043528,0.7,0.9,20
"UMass-gbqr_2src_utseirs_otid50","51",0.299385869586464,0.637148390229358,3.96753313603299,0.370565790732143,0.924681910218933,1.39915597259503,5.13198460171508,0.438765018021667,0.8,1,20
"UMass-gbqr_2src_utseirs_otid50","53",0.338598320995238,0.468763200832317,3.49234724774328,0.21665731593948,0.429680020012232,0.57002010895071,4.72648022013455,0.299575063126292,0.65,1,20
"UMass-gbqr_2src_utseirs_otid50","54",0.359563054594955,0.753624954998773,2.0433186733817,0.429090551336322,0.863575001179307,1.30439390213699,3.54065750483516,0.773251326289565,0.6,1,20
"UMass-gbqr_2src_utseirs_otid50","55",0.216189506322578,1.06160973278144,2.06148913685457,0.690028046009183,0.460350686185831,1.15089729168793,3.08434959744506,1.11732934025221,0.35,0.85,20
"UMass-gbqr_2src_utseirs_otid50","56",0.932926191072975,1.22860368096076,2.52074628727502,0.652673417607217,0.9951258223238,1.04463577650336,4.03025958041139,1.08074423513376,0.3,0.95,20
"UMass-gbqr_2src_utseirs_otid50","72",0.724764491327473,0.661358812878063,13.0650301259139,0.20407574239985,0.976205867615499,1.03164717112053,21.7693908478256,0.337770791806736,0.35,1,20
"UMass-gbqr_4src","01",0.312891215218116,0.330636578046544,2.91107184655996,0.158656926956572,1.05740301110212,1.09766434472789,4.44109264662888,0.229321065623008,0.45,0.95,20
"UMass-gbqr_4src","02",0.607095045081575,0.965285727764459,1.04283091482969,0.452233621183547,0.757686026853277,0.839460940704497,1.70479356041987,0.745595465978213,0.35,0.9,20
"UMass-gbqr_4src","04",0.304042102087493,0.318657895240951,5.8435437906815,0.139665090626424,0.780476292832228,0.848218868996612,9.59985840183641,0.223328503144441,0.45,1,20
"UMass-gbqr_4src","05",0.393256897435321,0.786224961975626,2.59568360245885,0.478243286904525,0.996074004533661,1.00507173407467,4.03409971836133,0.715623835616307,0.25,0.85,20
"UMass-gbqr_4src","06",0.250281542249085,0.210980626520555,12.2589150801313,0.0906201239298731,0.716006034134654,0.873217347330861,18.7951583960347,0.135487455527147,0.6,1,20
"UMass-gbqr_4src","08",0.292615552872726,0.450238402697197,3.12521043917276,0.249341536725172,0.445659647587135,0.616777150235836,5.21421787676948,0.438908331593886,0.45,1,20
"UMass-gbqr_4src","09",0.326160706267704,0.62413400631036,2.30025547140312,0.361013904950605,0.786331909206778,0.877505122880745,3.93165954603389,0.609234122142411,0.35,1,20
"UMass-gbqr_4src","10",0.341287046695512,0.700189160842813,0.829817196189266,0.295814327558879,0.915453556728193,0.903944037195204,1.32740765725588,0.477654662283221,0.5,1,20
"UMass-gbqr_4src","11",0.51834365398157,0.901633290012619,0.901005222363311,0.380778142275595,0.926351138703319,0.855743991286839,1.43584426499014,0.651988949410667,0.45,0.85,20
"UMass-gbqr_4src","12",0.202236070507537,0.144029470261863,8.27987445930223,0.0680834834075987,0.650392368863978,0.671605137786449,11.2192683629036,0.0883271277944548,0.7,1,20
"UMass-gbqr_4src","13",0.3575149372997,0.474563542984605,5.46253290351295,0.290542712621215,0.785536620642262,0.805834978094575,8.13030402364741,0.417373238743842,0.3,0.9,20
"UMass-gbqr_4src","15",0.694874926587471,0.69755778960653,3.15083482472756,0.30015113008251,0.710625443222964,0.75880364403316,5.04544064688305,0.466900725084725,0.5,0.95,20
"UMass-gbqr_4src","16",0.313567250919203,0.555964184767147,1.28875458459856,0.260730564415573,0.898461112094142,0.953194280761194,2.15630666902594,0.42327502945705,0.3,1,20
"UMass-gbqr_4src","17",0.435805260504032,0.507478160780017,10.4523249458465,0.335532957510471,0.612422479506257,0.716272640388498,14.0857170286439,0.460811580457711,0.45,0.85,20
"UMass-gbqr_4src","18",0.19818418376521,0.379399918926777,2.69859217164627,0.217648134045529,0.945271447948034,0.95608085342683,4.25372151576615,0.334900042584815,0.5,1,20
"UMass-gbqr_4src","19",0.317530219389632,0.728197776566775,1.76284494408096,0.421474932784671,0.618622289769088,0.782171194948069,3.1240425633339,0.759218393687371,0.4,1,20
"UMass-gbqr_4src","20",0.180688852709088,0.416127957746737,0.846629403424045,0.213552406988004,0.628306422743489,0.73792349885013,1.31944348776133,0.313204018029391,0.6,1,20
"UMass-gbqr_4src","21",0.52036614697651,0.689376047893358,5.75532877171301,0.44540325499897,1.04086308152294,0.954168268240692,8.32690465218353,0.631166195234558,0.15,0.65,20
"UMass-gbqr_4src","22",0.402954637071687,0.385554982382758,4.10598511339269,0.177171637822082,0.89546077373053,0.979064470609649,6.17867933874066,0.259377006944341,0.4,1,20
"UMass-gbqr_4src","23",0.249374884835443,0.564919221670661,0.775648052121754,0.251762266143086,0.345087934438435,0.555744777523539,0.862719836096088,0.337175541784852,0.8,1,20
"UMass-gbqr_4src","24",0.365287281704528,0.62051928267515,3.33638315155976,0.32368698875662,1.79109142320317,2.60184877920218,5.82104712541029,0.542199957755555,0.45,1,20
"UMass-gbqr_4src","25",0.352617324552656,0.782391182528751,5.30072759693181,0.489417636810125,0.856378707244708,0.930439250874543,8.90633855534496,0.793311287760564,0.15,1,20
"UMass-gbqr_4src","26",0.188171209336154,0.374613505751566,3.35550173031,0.231386383069455,0.706831054519994,0.794845956024317,5.08918359254396,0.351202530806788,0.65,1,20
"UMass-gbqr_4src","27",0.295654485904869,0.504036151107123,3.10856268297526,0.267614746395988,0.431523217373599,0.55273541382425,4.63887458676619,0.413320182918199,0.5,0.95,20
"UMass-gbqr_4src","28",0.420206057571064,0.466897439361565,2.88936425660152,0.224314168794628,0.71583530524399,0.838328594461979,4.04446947462854,0.328934884595894,0.5,0.95,20
"UMass-gbqr_4src","29",0.254737776412907,0.417465816750892,2.94930967308666,0.257440142966318,1.00212964178881,0.998939057561841,4.40937042387077,0.348315183571615,0.4,0.95,20
"UMass-gbqr_4src","30",0.472416976088325,0.761251929007887,1.31868009921072,0.396873954226783,0.729269586730694,0.733578071334796,1.96902788417287,0.637427927192902,0.5,0.9,20
"UMass-gbqr_4src","31",0.41935902408631,0.990553538773772,1.46539541066647,0.539951026591914,0.72210719147296,0.960111272506794,2.49126981058171,0.959627247433179,0.4,0.95,20
"UMass-gbqr_4src","32",0.796936562410292,0.77464969471932,6.94495564724813,0.263296674188752,0.861303333202629,0.984457900177177,9.64659733186944,0.377568818223991,0.55,0.85,20
"UMass-gbqr_4src","33",0.332376266655244,0.698181962114444,0.801590397178249,0.315547286641646,1.08230555348431,1.09381642982206,1.4069972195296,0.560893103484597,0.6,1,20
"UMass-gbqr_4src","34",0.216126917843884,0.285809321570637,4.30933112283292,0.151950330628818,0.555458475182917,0.618386432690269,7.10986848234134,0.249927438475384,0.25,1,20
"UMass-gbqr_4src","35",0.364233773923505,0.657488085893628,1.91181557057136,0.344014740129045,0.838911428241388,0.91664747927405,2.97813557025693,0.534380243348771,0.25,0.9,20
"UMass-gbqr_4src","36",0.233009926499451,0.323228751916987,7.93693101398666,0.205859588886834,0.625790378991891,0.692611213105233,12.5158075798378,0.325488516082226,0.35,1,20
"UMass-gbqr_4src","37",0.1223774337804,0.285462619861108,2.15437491033408,0.180907543681034,0.677730146575692,0.723845031264878,3.15144518157697,0.242801835813625,0.8,1,20
"UMass-gbqr_4src","38",0.816740448865994,0.853038174158885,2.10482891286341,0.363245851818342,0.945383345457406,0.978777899392772,3.16703420728231,0.543561981565433,0.4,0.9,20
"UMass-gbqr_4src","39",0.115010758530369,0.254406837174899,2.68237841956664,0.168416610220917,0.461477467718346,0.546186937718358,3.71489361513269,0.214028360995444,0.75,1,20
"UMass-gbqr_4src","40",0.302866074844476,0.591721769401976,2.55877061736866,0.348054033467714,1.62723377359357,1.90421006057748,4.23080781134327,0.537000934955406,0.4,1,20
"UMass-gbqr_4src","41",0.375230132291477,0.770942962587773,2.82274208475374,0.442736723010139,0.942516373995001,1.06692374872366,4.66545605127526,0.724885585905496,0.3,1,20
"UMass-gbqr_4src","42",0.761476634967085,0.615610536373331,35.4788021455859,0.277853576059309,1.22682666152099,1.30706680867778,47.7848984662427,0.37387314613603,0.25,0.7,20
"UMass-gbqr_4src","44",0.544859480205953,0.800857091634258,1.56962171476026,0.375333256143364,0.821294566643621,0.919040956777543,2.50494842826304,0.612600179706545,0.55,1,20
"UMass-gbqr_4src","45",0.195531253219207,0.412816263617076,1.81473831316571,0.236942157390002,0.616859482391599,0.726573554215869,2.55996685192514,0.321931430961497,0.65,1,20
"UMass-gbqr_4src","46",0.477355434934279,0.778245459377358,1.21373845707279,0.358320205890249,0.758260902848059,0.847098885782234,1.89565225712015,0.544156011000068,0.4,0.9,20
"UMass-gbqr_4src","47",0.246210415631601,0.247372409732845,3.39971088584352,0.109768260909767,0.683547929004267,0.724511175843314,5.05825467463157,0.162476955486409,0.5,0.95,20
"UMass-gbqr_4src","48",0.167052876778144,0.125776024305325,7.43753544308507,0.0711564037179822,0.775494764361707,0.799173161622951,10.1202066749203,0.0931470936508711,0.6,1,20
"UMass-gbqr_4src","49",0.443880420827803,0.700625874917118,1.7341925563024,0.303039064586368,0.738560762389931,0.91289314688919,2.84345893520123,0.4679206356241,0.55,1,20
"UMass-gbqr_4src","50",0.387523194802149,0.689405199448583,0.402122709945456,0.230300798307201,0.92325632926529,0.93600345190361,0.646279430485703,0.400297425003824,0.65,0.95,20
"UMass-gbqr_4src","51",0.172754776119087,0.257231329913993,2.28938760405487,0.149605857336226,0.61972278492731,0.69658605954076,3.43946145634657,0.218444262794501,0.6,1,20
"UMass-gbqr_4src","53",0.354386073041912,0.463963360430296,3.65518418162467,0.214438881265868,0.540358685926706,0.662786289053217,5.94394554519376,0.348328490985794,0.5,1,20
"UMass-gbqr_4src","54",0.320192854961979,0.53718090024073,1.81958638760654,0.305854055286707,0.721117086997398,0.841051289628981,2.95658005668933,0.498579473667961,0.5,1,20
"UMass-gbqr_4src","55",0.204540683778348,0.550495616111972,1.95041102977825,0.357812671260212,0.516251768427787,0.646279911897763,3.45888684846618,0.627430017251954,0.8,1,20
"UMass-gbqr_4src","56",0.712878215733581,0.965450952812764,1.92618144155962,0.512878304590216,0.780360496127172,0.816609252003762,3.16046000931505,0.844835837820952,0.2,0.9,20
"UMass-gbqr_4src","72",0.611481758340662,0.573760773539264,11.0229290890548,0.17704558182326,0.819095449065765,0.898098478204091,18.2658285141666,0.294045718919515,0.45,0.9,20
"UMass-gbqr_5src_mobsgleam_otid10","01",0.323866978940541,0.354492690855401,3.0131879661978,0.170104352313273,1.07573546453926,1.12486553960965,4.51808895106487,0.235003865676107,0.4,1,20
"UMass-gbqr_5src_mobsgleam_otid10","02",0.510462418822278,0.824629817659598,0.876841271427416,0.386336726887903,0.686828865688901,0.798258966101284,1.54536494780003,0.709000546591346,0.5,1,20
"UMass-gbqr_5src_mobsgleam_otid10","04",0.327352140042375,0.345127657170808,6.29155157189529,0.151266565920165,0.872849485139542,0.933999471865136,10.7360486672164,0.245913774868138,0.4,1,20
"UMass-gbqr_5src_mobsgleam_otid10","05",0.382128132731328,0.775971099459747,2.52222843295981,0.472006088710335,1.07751894259868,1.08482440206174,4.36395171752464,0.77240874780776,0.3,1,20
"UMass-gbqr_5src_mobsgleam_otid10","06",0.420118313909648,0.405417076113451,20.5776050744515,0.174134214532292,1.26679125146422,1.59112307188024,33.2532703509357,0.246876928291154,0.05,1,20
"UMass-gbqr_5src_mobsgleam_otid10","08",0.305736683798182,0.487102499110184,3.26534754036036,0.269756833142659,0.474554895783521,0.661907049171576,5.55229228066719,0.471023478270952,0.35,1,20
"UMass-gbqr_5src_mobsgleam_otid10","09",0.344832225051287,0.649321248907673,2.43193676352692,0.375582803156855,0.863908932161331,0.929606632808667,4.31954466080666,0.645407150465056,0.35,1,20
"UMass-gbqr_5src_mobsgleam_otid10","10",0.367839946084142,0.7649631114672,0.894378839341889,0.32317987921098,1.02325117184733,1.05775489044424,1.48371419917863,0.558930126406112,0.7,1,20
"UMass-gbqr_5src_mobsgleam_otid10","11",0.509415511910838,0.899254059773694,0.885485976453885,0.379773344781471,0.992040958917674,0.961620886168008,1.5376634863224,0.732656258983746,0.6,1,20
"UMass-gbqr_5src_mobsgleam_otid10","12",0.231745954508555,0.176909776239198,9.48805722424518,0.083626175902229,0.73714987000395,0.751580631168367,12.7158352575681,0.098845221279641,0.85,1,20
"UMass-gbqr_5src_mobsgleam_otid10","13",0.363625107348178,0.491434958825892,5.55589125432192,0.300871923528272,0.783283017858424,0.8139085990991,8.10697923483469,0.421554880691201,0.4,1,20
"UMass-gbqr_5src_mobsgleam_otid10","15",0.697955521336545,0.736559333945048,3.16480344676998,0.316933048057755,0.705751184620414,0.782983970617438,5.01083341080494,0.481779161823613,0.5,0.95,20
"UMass-gbqr_5src_mobsgleam_otid10","16",0.356183320105413,0.645016512989277,1.46390570251759,0.302493441298734,1.06874579148708,1.1233202226956,2.56498989956899,0.498821079760865,0.45,1,20
"UMass-gbqr_5src_mobsgleam_otid10","17",0.398509528239367,0.490242448835405,9.55782653554115,0.324137098830197,0.580386457420966,0.682405830572732,13.3488885206822,0.439023482914575,0.6,0.9,20
"UMass-gbqr_5src_mobsgleam_otid10","18",0.212776232377084,0.402523920609497,2.89728607044364,0.230913544940045,1.00958765097825,1.00595293612868,4.54314442940212,0.352369446517315,0.5,1,20
"UMass-gbqr_5src_mobsgleam_otid10","19",0.310327387187891,0.717534603019412,1.7228566986966,0.415303174920571,0.589612075893505,0.762687827907497,2.9775409832622,0.740306765742357,0.35,1,20
"UMass-gbqr_5src_mobsgleam_otid10","20",0.189483529996105,0.464897423284589,0.887837437418272,0.23858037388915,0.568586400494691,0.709293371436965,1.19403144103885,0.301052255744452,0.6,1,20
"UMass-gbqr_5src_mobsgleam_otid10","21",0.495831719519897,0.638864195129,5.48397427054303,0.412767738134082,1.07435489351932,0.942129481412181,8.59483914815459,0.623202741061217,0.05,1,20
"UMass-gbqr_5src_mobsgleam_otid10","22",0.375832516576482,0.371394308904938,3.82961896010496,0.170664473273918,0.885717012841048,0.961022608339808,6.11144738860323,0.254597296950024,0.35,1,20
"UMass-gbqr_5src_mobsgleam_otid10","23",0.239504175092029,0.57065398192486,0.744946496948745,0.254318023111515,0.393980708337147,0.59538526898025,0.984951770842868,0.361225797809018,1,1,20
"UMass-gbqr_5src_mobsgleam_otid10","24",0.410589713567579,0.736266156817016,3.75015685232284,0.384065059503192,1.89674918420198,2.97906330039249,6.16443484865644,0.620807791957542,0.4,1,20
"UMass-gbqr_5src_mobsgleam_otid10","25",0.35791080209765,0.782591209685809,5.38030191320253,0.489542761965791,0.892024456464483,0.940773593116181,9.27705434723062,0.802122556571684,0.05,1,20
"UMass-gbqr_5src_mobsgleam_otid10","26",0.168166513240297,0.347951510391509,2.99877451045111,0.214918149604671,0.524394732417284,0.644571518483303,3.77564207340444,0.284803799857774,0.65,1,20
"UMass-gbqr_5src_mobsgleam_otid10","27",0.298308910434855,0.52048821256621,3.13647176412257,0.276349862409778,0.466633580627008,0.614086326052226,5.01631099174034,0.459196690248934,0.5,1,20
"UMass-gbqr_5src_mobsgleam_otid10","28",0.463564654733513,0.541047523079512,3.18750079842512,0.259938511515349,0.895276895613194,1.06000189253995,5.05831446021455,0.415912808530438,0.45,0.95,20
"UMass-gbqr_5src_mobsgleam_otid10","29",0.244465028569721,0.389555416708552,2.83037358512308,0.240228536437502,0.984098738876131,0.971388967777784,4.33003445105498,0.338708877253019,0.5,1,20
"UMass-gbqr_5src_mobsgleam_otid10","30",0.482977734458977,0.812949729659835,1.34815884913047,0.423826280766444,0.807139375339828,0.893945352594309,2.17927631341754,0.776775854396904,0.7,0.9,20
"UMass-gbqr_5src_mobsgleam_otid10","31",0.367900836169949,0.851190749965099,1.2855814849303,0.463984329244986,0.622166685748665,0.880195248679969,2.14647506583289,0.879751512019191,0.45,1,20
"UMass-gbqr_5src_mobsgleam_otid10","32",0.850635784424394,0.865448688796837,7.4129210196132,0.294158460262207,0.913317952494446,1.08628487201093,10.2291610679378,0.416622483608439,0.5,0.8,20
"UMass-gbqr_5src_mobsgleam_otid10","33",0.362263586570683,0.782075232687009,0.873669516673443,0.353463324770868,1.28484700821079,1.3784141175257,1.67030111067403,0.706830644692136,0.45,1,20
"UMass-gbqr_5src_mobsgleam_otid10","34",0.224303314926876,0.317483839889899,4.47235941553188,0.168790066662168,0.592139276220397,0.671017238990486,7.57938273562108,0.271198737307543,0.4,1,20
"UMass-gbqr_5src_mobsgleam_otid10","35",0.349611569944507,0.636699513904972,1.83506552912959,0.333137622590692,0.867272775343178,0.956966333938922,3.07881835246828,0.557885025562781,0.5,1,20
"UMass-gbqr_5src_mobsgleam_otid10","36",0.228842817946814,0.335535700794918,7.79498833537657,0.213697701744792,0.607189900739945,0.679595866687354,12.1437980147989,0.319372031521055,0.5,1,20
"UMass-gbqr_5src_mobsgleam_otid10","37",0.146997951763635,0.369775208395635,2.58780307256939,0.234339349570688,0.872733308523624,0.987151826969241,4.05820988463485,0.331123742600091,0.55,1,20
"UMass-gbqr_5src_mobsgleam_otid10","38",0.885056540651044,1.00756859580494,2.28088690705564,0.429048926455674,1.00889540842465,1.08889685986502,3.37979961822258,0.604716284701367,0.45,0.85,20
"UMass-gbqr_5src_mobsgleam_otid10","39",0.120341997716219,0.285137838621897,2.80671809982268,0.18876044669116,0.485486755492837,0.564199740261124,3.90816838171733,0.221086842879445,0.75,1,20
"UMass-gbqr_5src_mobsgleam_otid10","40",0.331611153400039,0.686436004059658,2.80162403843835,0.403765472701614,1.85106634040563,2.37608247957561,4.81277248505464,0.670072351511635,0.25,1,20
"UMass-gbqr_5src_mobsgleam_otid10","41",0.392424302614201,0.827958066378,2.95208859508323,0.475479327118538,1.034648229268,1.22589142388252,5.12150873487662,0.832890845405458,0.3,1,20
"UMass-gbqr_5src_mobsgleam_otid10","42",0.768391551973147,0.611184484545053,35.8009827103538,0.275855893668173,1.33201440973278,1.40090873867607,51.8819612590918,0.400715674287618,0.3,0.8,20
"UMass-gbqr_5src_mobsgleam_otid10","44",0.58026073031667,0.865824092188101,1.6716050204053,0.40578098035591,0.892719847250291,1.01849919954887,2.72279553411339,0.678895524811342,0.45,0.9,20
"UMass-gbqr_5src_mobsgleam_otid10","45",0.209136609080223,0.448777021892216,1.94101050821762,0.257582380167164,0.652794380401467,0.78725754411315,2.70909667866609,0.348819395147268,0.7,1,20
"UMass-gbqr_5src_mobsgleam_otid10","46",0.485201553276463,0.771587432613222,1.23368823636453,0.355254713516086,0.807920424863519,0.896937220415413,2.0198010621588,0.576170962057209,0.5,1,20
"UMass-gbqr_5src_mobsgleam_otid10","47",0.290513623048055,0.307773762573373,4.01145631564235,0.136570568673443,0.807045316222983,0.862337158948414,5.97213534005008,0.193385445056321,0.55,1,20
"UMass-gbqr_5src_mobsgleam_otid10","48",0.213170234319993,0.176983531494832,9.49077444066578,0.100126488239995,0.994478920059315,1.04964797436368,12.9779499067741,0.122341018021611,0.75,1,20
"UMass-gbqr_5src_mobsgleam_otid10","49",0.475842309396381,0.767227924666772,1.85906418082151,0.331846197720093,0.83951421393278,1.02433634215732,3.2321297236412,0.525042951574812,0.45,1,20
"UMass-gbqr_5src_mobsgleam_otid10","50",0.369655032944025,0.633289148466002,0.383581384511242,0.211554825185048,0.810251981122319,0.800182765777781,0.567176386785624,0.34221145234224,0.8,1,20
"UMass-gbqr_5src_mobsgleam_otid10","51",0.191710217915796,0.304795378137815,2.54058965156789,0.177269129206281,0.674691248440476,0.788664491876319,3.74453642884464,0.24731938166219,0.55,1,20
"UMass-gbqr_5src_mobsgleam_otid10","53",0.283584783330308,0.393805679389764,2.92493044458836,0.182012754727371,0.400857715360507,0.513882319457346,4.40943486896558,0.270071749879673,0.45,1,20
"UMass-gbqr_5src_mobsgleam_otid10","54",0.325194700097776,0.584825969548698,1.84801078615564,0.332981672176525,0.719202643896958,0.89087412773071,2.94873083997753,0.528114704995366,0.65,1,20
"UMass-gbqr_5src_mobsgleam_otid10","55",0.183908639433958,0.499941453666202,1.75367282536421,0.324953336183574,0.391609423657286,0.531196651060307,2.62378313850382,0.515703362897767,0.75,1,20
"UMass-gbqr_5src_mobsgleam_otid10","56",0.622379401071979,0.84581899605271,1.68165561170951,0.449325997785661,0.703223825082583,0.728612803809516,2.84805649158446,0.75379773991423,0.3,0.95,20
"UMass-gbqr_5src_mobsgleam_otid10","72",0.635041839850741,0.615940899275682,11.4476369470989,0.190061119390106,0.834696753658924,0.950374264859814,18.613737606594,0.311161293260542,0.3,0.95,20
"UMass-gbqr_5src_mobsgleam_otid50","01",0.364762992061627,0.432272713655335,3.39367558183876,0.207427323259072,1.32797838484711,1.46937192900667,5.57750921635786,0.30697720862918,0.55,1,20
"UMass-gbqr_5src_mobsgleam_otid50","02",0.479016909176627,0.76666199208198,0.822826089032616,0.359178965285217,0.670846072584605,0.79596342108605,1.50940366331536,0.706961681085738,0.6,1,20
"UMass-gbqr_5src_mobsgleam_otid50","04",0.377366172569887,0.403231076904965,7.25279735731938,0.176732808885023,1.02256131798782,1.08903100107993,12.5775042112502,0.286732201131976,0.35,1,20
"UMass-gbqr_5src_mobsgleam_otid50","05",0.376979177607502,0.785240187761919,2.48824286659881,0.477644270491158,1.07174012346277,1.12096862372112,4.34054750002424,0.798143892536572,0.35,1,20
"UMass-gbqr_5src_mobsgleam_otid50","06",0.560668175577333,0.581826252038122,27.4618075738655,0.249905254026778,1.74130899103123,2.29659415477255,45.7093610145697,0.356337055556404,0,1,20
"UMass-gbqr_5src_mobsgleam_otid50","08",0.271238782483523,0.460494670165169,2.89690095486728,0.255021446471228,0.390676488881053,0.574772258355896,4.57091491990832,0.409016989142635,0.75,1,20
"UMass-gbqr_5src_mobsgleam_otid50","09",0.330363359502399,0.643361925882303,2.32989477470283,0.37213578944746,0.822081352079412,0.932505499121462,4.11040676039706,0.647419774924143,0.5,1,20
"UMass-gbqr_5src_mobsgleam_otid50","10",0.405707799594697,0.881266578668594,0.986452055510185,0.372315504077743,1.23452078673245,1.40215748865085,1.79005514076205,0.740916510481703,0.65,1,20
"UMass-gbqr_5src_mobsgleam_otid50","11",0.50013109620733,0.894897349580932,0.869347441774823,0.377933417139037,1.02522077223674,1.01558003442089,1.58909219696694,0.773767582859461,0.65,1,20
"UMass-gbqr_5src_mobsgleam_otid50","12",0.280234226370466,0.21725418670665,11.4732461312368,0.102697189602801,0.90809845570232,0.939444138416977,15.664698360865,0.123552364032231,0.9,1,20
"UMass-gbqr_5src_mobsgleam_otid50","13",0.365636653885858,0.529415347409743,5.58662602370531,0.324124710828702,0.830552702629084,0.910703499442401,8.59622047221102,0.471688719688482,0.55,1,20
"UMass-gbqr_5src_mobsgleam_otid50","15",0.703008703188389,0.753214252199094,3.18771655061827,0.324099468689661,0.703478602514544,0.795154753779675,4.99469807785326,0.489267986538652,0.5,0.95,20
"UMass-gbqr_5src_mobsgleam_otid50","16",0.37695221427223,0.709528653353846,1.54926540604551,0.332747704486488,1.09841825310607,1.15550128680373,2.63620380745457,0.513111388812499,0.55,1,20
"UMass-gbqr_5src_mobsgleam_otid50","17",0.384047038616566,0.497997057528237,9.21095912763373,0.329264268805439,0.569810155257428,0.674493128103063,13.1056335709209,0.433932872544812,0.7,0.9,20
"UMass-gbqr_5src_mobsgleam_otid50","18",0.209211614454121,0.39196205858779,2.84874814052885,0.224854583284035,0.919094071644352,0.928802546615616,4.13592332239958,0.325344881972641,0.55,1,20
"UMass-gbqr_5src_mobsgleam_otid50","19",0.283051395507316,0.665100933266485,1.57142750836214,0.384954994596593,0.514407609446364,0.718272366680095,2.59775842770414,0.697194675517415,0.7,1,20
"UMass-gbqr_5src_mobsgleam_otid50","20",0.225253357880227,0.582024125905865,1.05543929878419,0.298688542066028,0.650056511640407,0.870820670959083,1.36511867444485,0.369610852008968,0.7,1,20
"UMass-gbqr_5src_mobsgleam_otid50","21",0.485579420303334,0.665363923541673,5.37058228107536,0.429889112350174,1.21078350178482,1.10874121975421,9.6862680142786,0.733413592198249,0.1,1,20
"UMass-gbqr_5src_mobsgleam_otid50","22",0.394088657233281,0.412294332463507,4.01564347718102,0.189459001919484,0.958097341076581,1.05725498487719,6.61087165342841,0.280091497328743,0.5,1,20
"UMass-gbqr_5src_mobsgleam_otid50","23",0.272976206868487,0.662139856774798,0.849056885872228,0.2950896773388,0.519285352505526,0.736812621455547,1.29821338126381,0.447031092114345,1,1,20
"UMass-gbqr_5src_mobsgleam_otid50","24",0.453343243719904,0.878832237102165,4.14064993766737,0.458433071126278,2.28831494962514,3.75949306491092,7.43702358628171,0.783441757749676,0.35,1,20
"UMass-gbqr_5src_mobsgleam_otid50","25",0.317674094966024,0.692823671251319,4.77544273853534,0.43338950065107,0.775801148027999,0.854974631354912,8.06833193949119,0.728968629779177,0.15,1,20
"UMass-gbqr_5src_mobsgleam_otid50","26",0.170831220325174,0.347122453583571,3.04629203061595,0.21440606861132,0.477685761845718,0.598393293849074,3.43933748528917,0.264399960300201,0.7,1,20
"UMass-gbqr_5src_mobsgleam_otid50","27",0.299505318805811,0.550567270775461,3.14905100980583,0.292320144535014,0.423181212148277,0.561044508248824,4.54919803059398,0.419533492833857,0.55,1,20
"UMass-gbqr_5src_mobsgleam_otid50","28",0.467741486064759,0.570852937232862,3.21622096306081,0.274258094656628,0.861103262557631,1.0489138984617,4.86523343345062,0.411562213696118,0.55,1,20
"UMass-gbqr_5src_mobsgleam_otid50","29",0.264668979477441,0.438698322164537,3.06429141500208,0.27053366825604,1.09540395311402,1.1308577761646,4.81977739370168,0.394313277588285,0.55,1,20
"UMass-gbqr_5src_mobsgleam_otid50","30",0.488511190581927,0.867917405824596,1.36360464985001,0.452483336549011,0.892106697457487,1.08975061699793,2.40868808313522,0.946916905089918,0.6,0.95,20
"UMass-gbqr_5src_mobsgleam_otid50","31",0.35552908209271,0.797435863683185,1.24235000401444,0.434682524853694,0.576352011312701,0.834582720365968,1.98841443902882,0.834161978547566,0.7,1,20
"UMass-gbqr_5src_mobsgleam_otid50","32",0.881847369470679,0.939049501521984,7.6849164130372,0.319174734508777,0.95174283708929,1.15825589667414,10.6595197754,0.444225507286313,0.55,0.8,20
"UMass-gbqr_5src_mobsgleam_otid50","33",0.384463247139335,0.849437752124495,0.927208341546598,0.383908196427921,1.40823685078417,1.60253123022831,1.83070790601942,0.821754629613649,0.5,1,20
"UMass-gbqr_5src_mobsgleam_otid50","34",0.240537164431461,0.357813362457027,4.79604437625494,0.190231229793242,0.585747799704518,0.660058656499665,7.49757183621783,0.266769709912267,0.65,1,20
"UMass-gbqr_5src_mobsgleam_otid50","35",0.336315468726034,0.63238636095022,1.7652760281079,0.330880869617216,0.759468455259626,0.870518975882044,2.69611301617167,0.507488595877644,0.75,1,20
"UMass-gbqr_5src_mobsgleam_otid50","36",0.220076954194424,0.327983609769234,7.49639995793725,0.208887887195303,0.550590031586966,0.605662992666247,11.0118006317393,0.28462771754015,0.65,1,20
"UMass-gbqr_5src_mobsgleam_otid50","37",0.185990374143473,0.517480786809008,3.27423923872574,0.327945487536321,1.14593551210122,1.40062820060104,5.32860013127067,0.469817548935861,0.65,1,20
"UMass-gbqr_5src_mobsgleam_otid50","38",0.909950569173271,1.11765919882186,2.34504152443008,0.475928369933693,1.08012485859849,1.22126549986663,3.61841827630495,0.678226894514928,0.45,0.9,20
"UMass-gbqr_5src_mobsgleam_otid50","39",0.127978497927904,0.30570426022282,2.98482303218369,0.202375359909944,0.409938583433758,0.495698373714229,3.30000559664175,0.194243954125594,0.9,1,20
"UMass-gbqr_5src_mobsgleam_otid50","40",0.350769652521368,0.752743364310479,2.96348503475401,0.442767830528028,2.08900953433235,2.71779769638501,5.43142478926411,0.766438500769079,0.35,1,20
"UMass-gbqr_5src_mobsgleam_otid50","41",0.390229964530849,0.816258549865302,2.9355812575242,0.468760534869306,1.00828996233633,1.17798131217932,4.99103531356484,0.800339925591066,0.4,1,20
"UMass-gbqr_5src_mobsgleam_otid50","42",0.799385752021224,0.649964608405289,37.2450678479285,0.293359161494075,1.45146107586808,1.55194981780872,56.5344089050616,0.443919436387759,0.2,0.85,20
"UMass-gbqr_5src_mobsgleam_otid50","44",0.612234334132155,0.95884251277892,1.76371402221427,0.449375408183752,0.996145180929483,1.21438297771015,3.03824280183492,0.809464719598864,0.55,0.9,20
"UMass-gbqr_5src_mobsgleam_otid50","45",0.238938441711712,0.511047191985994,2.21760326046825,0.293323289000998,0.655723269465065,0.795497757255955,2.72125156828002,0.352470482629187,0.8,1,20
"UMass-gbqr_5src_mobsgleam_otid50","46",0.518121721681534,0.838234200505097,1.31739205846943,0.385940255339925,0.927033387214211,1.04171083691153,2.31758346803553,0.669170061658,0.55,1,20
"UMass-gbqr_5src_mobsgleam_otid50","47",0.333707747187301,0.376757699401491,4.60788735477595,0.167181285464816,1.00674892911213,1.10471868626592,7.44994207542978,0.247741283775932,0.45,1,20
"UMass-gbqr_5src_mobsgleam_otid50","48",0.266454332561371,0.235628886159607,11.8630913792683,0.13330445324373,1.26792690765001,1.35689617235819,16.5464461448327,0.158152126360805,0.75,1,20
"UMass-gbqr_5src_mobsgleam_otid50","49",0.509805133073444,0.892226545500957,1.99175324131653,0.38591137927888,0.867555216153507,1.14530706698741,3.340087582191,0.587048782867655,0.5,1,20
"UMass-gbqr_5src_mobsgleam_otid50","50",0.367765173232986,0.623860515720222,0.381620326389785,0.208405122151135,0.776682730389094,0.756943919427515,0.543677911272366,0.323719641421087,0.8,1,20
"UMass-gbqr_5src_mobsgleam_otid50","51",0.209389887639397,0.3469435116678,2.77488486249215,0.201782502651046,0.655943876360037,0.794443375750104,3.64048851379821,0.249131597124004,0.75,1,20
"UMass-gbqr_5src_mobsgleam_otid50","53",0.278232612999683,0.401315377660636,2.86972746168912,0.185483656598494,0.386754766985608,0.472392929287924,4.25430243684168,0.248266928463889,0.5,1,20
"UMass-gbqr_5src_mobsgleam_otid50","54",0.317601619809567,0.580183064636576,1.80486096154737,0.330338146885423,0.6772826677424,0.855729879430285,2.77685893774384,0.507281016210688,0.7,1,20
"UMass-gbqr_5src_mobsgleam_otid50","55",0.177891981036196,0.527471217853102,1.69630058682159,0.342847208858619,0.381550111434634,0.580530590958165,2.55638574661205,0.563598391338812,0.85,1,20
"UMass-gbqr_5src_mobsgleam_otid50","56",0.603216442471848,0.832968937335409,1.62987771415801,0.442499637202958,0.703032256536666,0.750452142017024,2.8472806389735,0.776391967871753,0.45,1,20
"UMass-gbqr_5src_mobsgleam_otid50","72",0.660394877316372,0.655131637396501,11.9046656815851,0.202154220474522,0.867047325400617,0.998315624509947,19.3351553564338,0.326857736252509,0.3,0.95,20
"UMass-gbqr_5src_nihflu_otid10","01",0.386680678743884,0.442194581795387,3.59759297401598,0.212188360643591,1.31674641305262,1.46535170774168,5.53033493482099,0.306137314877546,0.4,1,20
"UMass-gbqr_5src_nihflu_otid10","02",0.654294756610149,1.0457911431209,1.12390770626756,0.489950179570718,0.782101550314246,0.881577180270103,1.75972848820705,0.783002420538619,0.3,0.8,20
"UMass-gbqr_5src_nihflu_otid10","04",0.359360437276838,0.379910689358151,6.90673573642561,0.166511678045926,0.889169815229115,0.962719526391755,10.9367887273181,0.253475510432031,0.3,1,20
"UMass-gbqr_5src_nihflu_otid10","05",0.399892020441975,0.827905877594524,2.63947858762246,0.503596867687158,1.07499536976185,1.16412321124189,4.35373124753547,0.828870506766238,0.25,0.95,20
"UMass-gbqr_5src_nihflu_otid10","06",0.36000713127289,0.349955101581887,17.6333292933118,0.150312259463085,1.01637676782449,1.3339806686528,26.6798901553929,0.206978992195501,0.2,1,20
"UMass-gbqr_5src_nihflu_otid10","08",0.228054671887011,0.388350937135107,2.43568338827638,0.21506832574442,0.253990545831392,0.361124001568866,2.97168938622728,0.256981525606928,0.8,1,20
"UMass-gbqr_5src_nihflu_otid10","09",0.236760177710509,0.542503674721818,1.66975630026375,0.313796986033776,0.577734468670643,0.791932168140138,2.88867234335321,0.549822544248282,0.6,1,20
"UMass-gbqr_5src_nihflu_otid10","10",0.304836911656425,0.636267109381085,0.741191070024445,0.268808684331591,0.80118832202529,0.778238455310295,1.16172306693667,0.411230354149436,0.6,1,20
"UMass-gbqr_5src_nihflu_otid10","11",0.622027411291425,1.14443315232717,1.08123238650981,0.483317480098417,1.04441403342331,1.04925917602406,1.61884175180613,0.799427626487561,0.25,0.75,20
"UMass-gbqr_5src_nihflu_otid10","12",0.301421574759903,0.233396034878663,12.3406907188902,0.110327525604101,1.07484558184852,1.18409601532654,18.541086286887,0.155728111925058,0.4,1,20
"UMass-gbqr_5src_nihflu_otid10","13",0.42191218029486,0.625789796809673,6.44646957875652,0.383128177002968,0.910811853471067,1.00897761101473,9.42690268342554,0.522588699642941,0.35,1,20
"UMass-gbqr_5src_nihflu_otid10","15",0.717922229254104,0.767604278613823,3.25534031352782,0.330291332295305,0.713572380298665,0.833430014687973,5.06636390012052,0.512819200626008,0.5,0.95,20
"UMass-gbqr_5src_nihflu_otid10","16",0.329346395472156,0.585392477392442,1.35360652568631,0.274531552961613,0.900985402296574,0.965002926045642,2.16236496551178,0.428518771243489,0.4,1,20
"UMass-gbqr_5src_nihflu_otid10","17",0.501245618607309,0.667412915104181,12.0218422267461,0.441278160505244,0.676879321109084,0.839150897888961,15.5682243855089,0.53986489179453,0.4,0.8,20
"UMass-gbqr_5src_nihflu_otid10","18",0.193478407321825,0.397630588563176,2.63451555750696,0.228106415744658,0.937424685635537,0.945113877474655,4.21841108535992,0.33105848389211,0.45,1,20
"UMass-gbqr_5src_nihflu_otid10","19",0.319338993950016,0.808570472953718,1.77288678858598,0.467993993811086,0.61283325152481,0.867596768351436,3.09480792020029,0.842137154999506,0.35,0.95,20
"UMass-gbqr_5src_nihflu_otid10","20",0.23676495221408,0.595866434198457,1.10937762479161,0.305792266291047,0.896946308472995,1.20099093088228,1.88358724779329,0.50974821340604,0.55,1,20
"UMass-gbqr_5src_nihflu_otid10","21",0.671819858066806,1.05080898339675,7.43042986367553,0.678923706469525,1.30239194483351,1.45655145461663,10.4191355586681,0.963484188662868,0.05,0.65,20
"UMass-gbqr_5src_nihflu_otid10","22",0.487653406288734,0.503916001297243,4.96903979382812,0.231561326799183,1.04531573723562,1.20495900463253,7.21267858692575,0.319221736151455,0.4,1,20
"UMass-gbqr_5src_nihflu_otid10","23",0.24878465473793,0.559621253123649,0.773812218389974,0.249401170049726,0.375707143472504,0.56667027507768,0.939267858681261,0.343804143089037,0.8,1,20
"UMass-gbqr_5src_nihflu_otid10","24",0.416306792720462,0.759785852093647,3.80237429190301,0.396333847199434,1.96186459257801,2.98533547363785,6.37605992587853,0.622114851805084,0.35,1,20
"UMass-gbqr_5src_nihflu_otid10","25",0.234056547393928,0.563310302168433,3.51846013688503,0.352373599082503,0.578312090309423,0.709730614323858,6.014445739218,0.605130648866268,0.25,1,20
"UMass-gbqr_5src_nihflu_otid10","26",0.159947471615924,0.351840074285004,2.85221113080674,0.217319987020663,0.551156995016692,0.651867040615002,3.96833036412019,0.288027324890253,0.75,1,20
"UMass-gbqr_5src_nihflu_otid10","27",0.281680187474711,0.499613400973942,2.9616344789678,0.265266515713201,0.402480191259098,0.491815362423936,4.3266620560353,0.367765861341529,0.5,1,20
"UMass-gbqr_5src_nihflu_otid10","28",0.359061605253129,0.416669347587703,2.46893101478172,0.200182803517062,0.626199309341776,0.745217859716244,3.53802609778104,0.292401037378285,0.65,0.95,20
"UMass-gbqr_5src_nihflu_otid10","29",0.329309431609308,0.624133974369719,3.81268732796708,0.384886937192645,1.2974716185735,1.48839399773662,5.70887512172338,0.51898083734345,0.2,1,20
"UMass-gbqr_5src_nihflu_otid10","30",0.541724173641405,0.904641186441336,1.51214059443269,0.471629050959899,0.836039573219491,0.913728516013799,2.25730684769263,0.793966036798156,0.45,0.85,20
"UMass-gbqr_5src_nihflu_otid10","31",0.362307233872206,0.799676517260148,1.26603537130114,0.435903905780379,0.561589657100089,0.752322216481608,1.93748431699531,0.751942945008976,0.55,0.95,20
"UMass-gbqr_5src_nihflu_otid10","32",0.787328878843,0.798481526802482,6.8612288622129,0.271396906035607,0.877752351164216,1.01822582369068,9.83082633303922,0.39051981894487,0.45,0.85,20
"UMass-gbqr_5src_nihflu_otid10","33",0.362219830347619,0.778315313698029,0.873563989980526,0.351764008117983,1.22624393484869,1.28402072796677,1.5941171153033,0.658427091980139,0.35,1,20
"UMass-gbqr_5src_nihflu_otid10","34",0.203831682325716,0.28699223065855,4.06417775827481,0.152579223437578,0.505046256519448,0.55789814479107,6.46459208344894,0.225480455079194,0.3,1,20
"UMass-gbqr_5src_nihflu_otid10","35",0.327287249419669,0.596531339353259,1.71788808256261,0.312120596691152,0.734914289057666,0.801344359717015,2.60894572615471,0.467161699163652,0.3,1,20
"UMass-gbqr_5src_nihflu_otid10","36",0.230241612557023,0.336207668837284,7.84263495923826,0.214125668205468,0.599416351382721,0.636689167400777,11.9883270276544,0.299208283639815,0.55,1,20
"UMass-gbqr_5src_nihflu_otid10","37",0.139110113049674,0.366568600136172,2.44894281625274,0.232307210917828,0.784511124812143,0.867999624541592,3.64797673037647,0.291156108312243,0.65,1,20
"UMass-gbqr_5src_nihflu_otid10","38",0.90984799339986,0.97944111821965,2.34477717551246,0.417071514583051,1.00487004430884,1.10496435235643,3.36631464843461,0.61363932849183,0.4,0.7,20
"UMass-gbqr_5src_nihflu_otid10","39",0.126742999905364,0.358672081307905,2.95600769981457,0.237439908398494,0.402843662736318,0.554410491290348,3.24289148502736,0.21725083588641,0.75,1,20
"UMass-gbqr_5src_nihflu_otid10","40",0.342619026489964,0.721574222078058,2.89462429354017,0.424433967833257,1.83122466705149,2.28135825623979,4.76118413433387,0.643359439135343,0.3,1,20
"UMass-gbqr_5src_nihflu_otid10","41",0.356434318553176,0.767545202291798,2.68134689846554,0.440785458997086,0.883391498895986,1.06832030522912,4.37278791953513,0.725834429421185,0.35,1,20
"UMass-gbqr_5src_nihflu_otid10","42",0.914804483660143,0.815715240444854,42.6226699379633,0.36817010628004,1.45376708512624,1.69340409594641,56.6242279656671,0.484380991719607,0.2,0.7,20
"UMass-gbqr_5src_nihflu_otid10","44",0.609321374295613,0.880430787781283,1.75532241817734,0.412626619454013,0.939877119598906,1.05913706148499,2.86662521477666,0.705983285526869,0.4,0.9,20
"UMass-gbqr_5src_nihflu_otid10","45",0.211647235671191,0.473433698946045,1.96431179734491,0.271734454031729,0.696342692954043,0.819024239668049,2.88982217575928,0.362894635978107,0.6,1,20
"UMass-gbqr_5src_nihflu_otid10","46",0.525320680270684,0.831478683227963,1.33569634967695,0.382829876329716,0.822378781085035,0.909852794062834,2.05594695271259,0.58446761685598,0.3,0.8,20
"UMass-gbqr_5src_nihflu_otid10","47",0.289032313563246,0.310511727697393,3.99100216885946,0.137785504770883,0.743716743339404,0.811086243931214,5.50350390071159,0.18189205072987,0.55,1,20
"UMass-gbqr_5src_nihflu_otid10","48",0.212375349902564,0.177527958007187,9.45538456207281,0.100434491557177,0.983027958510733,1.04783639490938,12.8285148585651,0.122129870589253,0.4,1,20
"UMass-gbqr_5src_nihflu_otid10","49",0.471306394655307,0.828772293123643,1.84134285496234,0.35846575105865,0.761014421789442,1.06818803876261,2.92990552388935,0.547519967443168,0.5,0.95,20
"UMass-gbqr_5src_nihflu_otid10","50",0.389112932158061,0.687511060890327,0.403772338928277,0.229668047607874,0.861638006328925,0.861821012431412,0.603146604430247,0.368572072452154,0.6,0.85,20
"UMass-gbqr_5src_nihflu_otid10","51",0.190211485062909,0.30348416031014,2.52072808540879,0.176506524327126,0.611759132393851,0.679491737808331,3.39526318478587,0.213083609279163,0.45,1,20
"UMass-gbqr_5src_nihflu_otid10","53",0.31591213374532,0.43929546969662,3.25835895337972,0.203037647152872,0.478646046990518,0.605910020722528,5.2651065168957,0.318437068897337,0.5,1,20
"UMass-gbqr_5src_nihflu_otid10","54",0.27327233074334,0.546174582938541,1.55294724858598,0.310974777791648,0.607937341267943,0.85082789091727,2.49254309919856,0.504375092537681,0.45,1,20
"UMass-gbqr_5src_nihflu_otid10","55",0.186259364228141,0.638744959451561,1.77608831494728,0.415173224828863,0.42284056590085,0.704736207629539,2.8330317915357,0.684181331913388,0.6,0.95,20
"UMass-gbqr_5src_nihflu_otid10","56",0.815763129299176,1.15646096774903,2.2041742413853,0.614348909942929,0.822956595135771,0.934828445078506,3.33297421029987,0.967141347809662,0.2,0.75,20
"UMass-gbqr_5src_nihflu_otid10","72",0.623480140456884,0.596744723252605,11.2392189676104,0.184137747996444,0.788758079064385,0.881617485777819,17.5893051631358,0.288649690105191,0.35,0.95,20
"UMass-gbqr_5src_nihflu_otid50","01",0.484647635130609,0.605263985213331,4.50905623907364,0.290437689800665,1.62304812400836,1.96616884786622,6.81680212083512,0.410766677038431,0.3,1,20
"UMass-gbqr_5src_nihflu_otid50","02",0.678728865438002,1.1083438326023,1.16587913111846,0.519255936887212,0.770815710703182,0.876753605122827,1.73433534908216,0.77871820005232,0.35,0.75,20
"UMass-gbqr_5src_nihflu_otid50","04",0.42353156966712,0.462191238188901,8.14007421042526,0.20257455450643,1.02516428882511,1.12640550490424,12.6095207525488,0.296572576417098,0.3,1,20
"UMass-gbqr_5src_nihflu_otid50","05",0.408240053515869,0.875803459692903,2.69457959844772,0.532731909444098,1.1127125852812,1.29782963313579,4.50648597038885,0.924071176766517,0.3,0.95,20
"UMass-gbqr_5src_nihflu_otid50","06",0.498582719153479,0.541637209079151,24.420830875497,0.232643308635739,1.56238866199219,2.24082440710458,41.0127023772951,0.347683882059541,0.15,1,20
"UMass-gbqr_5src_nihflu_otid50","08",0.195985491876181,0.377458239809432,2.09317617988767,0.209035961836776,0.179127757091417,0.242377402778384,2.09579475796958,0.172479576178921,0.85,1,20
"UMass-gbqr_5src_nihflu_otid50","09",0.193259911974013,0.525815756624256,1.36296973049916,0.304144298602896,0.443235008965978,0.74991795862428,2.21617504482989,0.52065292530877,0.75,1,20
"UMass-gbqr_5src_nihflu_otid50","10",0.287263573394809,0.588775321625545,0.698462644128603,0.248744461625596,0.716247274461198,0.684015778350063,1.03855854796874,0.361441983309016,0.75,1,20
"UMass-gbqr_5src_nihflu_otid50","11",0.67398451115536,1.27298708157626,1.1715462505972,0.537608428429541,1.08596470553168,1.10787612157232,1.6832452935741,0.844087713072804,0.25,0.75,20
"UMass-gbqr_5src_nihflu_otid50","12",0.420126967975105,0.364951295751123,17.2006830585225,0.172514385032994,1.46508518048524,1.72890027581741,25.2727193633704,0.227378837674333,0.3,1,20
"UMass-gbqr_5src_nihflu_otid50","13",0.496633540171835,0.85003799248593,7.58815023133593,0.520419968661533,1.08211691236938,1.4535531580912,11.1999100430231,0.752851645523461,0.4,0.95,20
"UMass-gbqr_5src_nihflu_otid50","15",0.750295745212536,0.834111062079852,3.40213450278089,0.358908439742047,0.736709179277421,0.899721135498561,5.23063517286969,0.553608899801188,0.3,0.95,20
"UMass-gbqr_5src_nihflu_otid50","16",0.347137922897686,0.633481823389159,1.4267293166329,0.29708401707286,0.942333387398218,1.05052290293417,2.26160012975572,0.466494734242083,0.5,1,20
"UMass-gbqr_5src_nihflu_otid50","17",0.568364690214783,0.925482787138022,13.631621662849,0.61190805968114,0.821342066798077,1.38486971817526,18.8908675363558,0.890951248974462,0.35,0.8,20
"UMass-gbqr_5src_nihflu_otid50","18",0.213793113195027,0.457278160642011,2.91113251652557,0.262324089802227,1.03261597672663,1.04973810653264,4.64677189526983,0.367706701081414,0.5,1,20
"UMass-gbqr_5src_nihflu_otid50","19",0.329039519024483,0.891770397788831,1.82674157322766,0.516149431600113,0.580699054088431,0.895966737437105,2.93253022314658,0.869674607794111,0.25,0.95,20
"UMass-gbqr_5src_nihflu_otid50","20",0.283587551610353,0.770754112443417,1.32876796791063,0.395542747955356,1.13203823830792,1.79701008694115,2.37728030044664,0.762722396761107,0.5,1,20
"UMass-gbqr_5src_nihflu_otid50","21",0.758882247782082,1.3149468372977,8.39335314255101,0.849582174014841,1.48904456699956,1.95909837910711,11.9123565359965,1.29591049208871,0.05,0.6,20
"UMass-gbqr_5src_nihflu_otid50","22",0.544551247390809,0.596701172358374,5.548811477924,0.274198308484412,1.18523789218264,1.41507968362079,8.1781414560602,0.374887603363603,0.4,0.95,20
"UMass-gbqr_5src_nihflu_otid50","23",0.262926141646262,0.573335058870719,0.817797468876569,0.255512873599337,0.419151418293633,0.595931549206768,1.04787854573408,0.3615572311194,0.75,1,20
"UMass-gbqr_5src_nihflu_otid50","24",0.435029637612218,0.826513057707041,3.97338102379533,0.431141352552093,2.10977342814772,3.35620526786551,6.85676364148011,0.699400506671124,0.25,1,20
"UMass-gbqr_5src_nihflu_otid50","25",0.163983306576158,0.43316978846155,2.46508262096059,0.270965392939616,0.363465722119249,0.512592678093762,3.78004351004019,0.437046864879123,0.6,1,20
"UMass-gbqr_5src_nihflu_otid50","26",0.179516043988301,0.430529145716945,3.20116131658094,0.265923626094492,0.674963820688732,0.763427548128364,4.85973950895887,0.337320313399317,0.7,1,20
"UMass-gbqr_5src_nihflu_otid50","27",0.277157093273335,0.495690774630796,2.91407787990945,0.263183822533909,0.430126993346438,0.524949314873816,4.62386517847421,0.392542510249611,0.5,1,20
"UMass-gbqr_5src_nihflu_otid50","28",0.366493837899525,0.445321860744151,2.52003553116917,0.213948491933247,0.666282871392774,0.78288296969083,3.76449822336917,0.307179691815968,0.65,0.95,20
"UMass-gbqr_5src_nihflu_otid50","29",0.405335648505842,0.87913342511572,4.69290564524437,0.542138363350863,1.63526282223671,2.27035813062994,7.19515641784154,0.791640093614739,0.2,0.95,20
"UMass-gbqr_5src_nihflu_otid50","30",0.575112871649758,0.987959597846951,1.60534006403418,0.515066586070693,0.869486095207827,0.954273036468792,2.34761245706113,0.829196383290972,0.4,0.85,20
"UMass-gbqr_5src_nihflu_otid50","31",0.344421991604509,0.733664872602162,1.20353772505436,0.399920938777683,0.52749948413349,0.676993811319668,1.81987322026054,0.676652515483712,0.65,0.95,20
"UMass-gbqr_5src_nihflu_otid50","32",0.805135313196514,0.845778477291749,7.01640419567579,0.287472726949222,0.905332352500383,1.07263229222338,10.1397223480043,0.411386314123523,0.35,0.8,20
"UMass-gbqr_5src_nihflu_otid50","33",0.387763674002667,0.848671929693779,0.935167966663214,0.383562078648926,1.33402741148654,1.46808897446453,1.73423563493251,0.752814602732644,0.3,1,20
"UMass-gbqr_5src_nihflu_otid50","34",0.201449589359885,0.315700330896237,4.01668146555224,0.167841865323678,0.46668322913129,0.52230734220769,5.97354533288052,0.211096054560816,0.75,1,20
"UMass-gbqr_5src_nihflu_otid50","35",0.313102057019325,0.57890891780493,1.64343185789569,0.302900090799926,0.743236199320969,0.821394213309452,2.63848850758944,0.478850211797013,0.5,1,20
"UMass-gbqr_5src_nihflu_otid50","36",0.273052898288693,0.462095492291808,9.30089996355403,0.294301752258975,0.702008069360996,0.774721381126695,14.0401613872199,0.36407570069442,0.5,1,20
"UMass-gbqr_5src_nihflu_otid50","37",0.169061609371067,0.537108960976061,2.97621937540631,0.340384540948052,1.00522385479615,1.32028228046855,4.67429092480212,0.442866839784464,0.7,1,20
"UMass-gbqr_5src_nihflu_otid50","38",0.975445477498845,1.08200021822928,2.51382902219686,0.460743848100192,1.05737111798156,1.22915535170517,3.54219324523821,0.682608504992929,0.35,0.65,20
"UMass-gbqr_5src_nihflu_otid50","39",0.148508719759839,0.507991303188543,3.46364627180572,0.336288813047521,0.552577225317624,0.920467399890729,4.44824666380687,0.360693592877421,0.75,1,20
"UMass-gbqr_5src_nihflu_otid50","40",0.377096790982706,0.856189772978698,3.18591043637372,0.503615583047108,2.09898457163454,3.01412902321664,5.45735988624981,0.850006066585272,0.25,1,20
"UMass-gbqr_5src_nihflu_otid50","41",0.355267542306136,0.783615320169413,2.67256959586488,0.45001419792174,0.906438153076236,1.13547919809548,4.48686885772737,0.771463288524226,0.45,1,20
"UMass-gbqr_5src_nihflu_otid50","42",1.02254406331888,0.978929966003258,47.6424841442472,0.441836478901121,1.64186805859842,2.03382614958989,63.9507608824086,0.581755252442002,0.15,0.7,20
"UMass-gbqr_5src_nihflu_otid50","44",0.641089994031146,0.926327899852504,1.84684090541372,0.434136964684414,0.975318925720372,1.10588044765522,2.97472272344713,0.737140772640801,0.35,0.85,20
"UMass-gbqr_5src_nihflu_otid50","45",0.236546367804948,0.556249529996859,2.19540226653475,0.319267856672637,0.813033933465625,0.995728230586798,3.37409082388235,0.441188937116651,0.55,1,20
"UMass-gbqr_5src_nihflu_otid50","46",0.534186303139108,0.846464810393564,1.3582383522055,0.389729797308081,0.836672321516847,0.938381652860606,2.09168080379212,0.602793871632534,0.2,0.85,20
"UMass-gbqr_5src_nihflu_otid50","47",0.369652058733413,0.430627694328745,5.10421187839121,0.19108538885601,0.99375181893992,1.1518213885908,7.35376346015541,0.258304410921651,0.6,1,20
"UMass-gbqr_5src_nihflu_otid50","48",0.293782166614718,0.294052486239322,13.0797823951581,0.166356963027617,1.57064573903551,1.81044379902672,20.4969268944134,0.2110150668162,0.3,1,20
"UMass-gbqr_5src_nihflu_otid50","49",0.491073670203014,0.908108924218128,1.91857145191033,0.39278092458425,0.801912277314542,1.24425099418805,3.08736226766099,0.637764362740978,0.45,0.95,20
"UMass-gbqr_5src_nihflu_otid50","50",0.394832161552413,0.695939809792483,0.409707034073507,0.232483732204466,0.838716264442262,0.826343149721099,0.587101385109584,0.353399375109324,0.55,0.85,20
"UMass-gbqr_5src_nihflu_otid50","51",0.221848706163155,0.412514623791365,2.9399921048517,0.23991869099566,0.741154809077171,0.881627824930524,4.1134091903783,0.27647199888415,0.65,1,20
"UMass-gbqr_5src_nihflu_otid50","53",0.307034195115335,0.46241313193786,3.16679073635806,0.213722382309321,0.460742119365055,0.593706337562209,5.0681633130156,0.312023401913104,0.55,1,20
"UMass-gbqr_5src_nihflu_otid50","54",0.271773282810033,0.6077612579054,1.54442848506098,0.346040310244117,0.578217708034911,0.909651430568098,2.37069260294314,0.539245985430949,0.4,1,20
"UMass-gbqr_5src_nihflu_otid50","55",0.182048485234863,0.731428379623455,1.73593520368433,0.475415851986301,0.386172583076206,0.694327745423731,2.58735630661058,0.674076450884083,0.55,0.9,20
"UMass-gbqr_5src_nihflu_otid50","56",0.85194620427284,1.22378172985658,2.30194012337556,0.65011184355737,0.812759243016577,0.923779733903373,3.29167493421714,0.955710731343363,0.25,0.8,20
"UMass-gbqr_5src_nihflu_otid50","72",0.660457250569531,0.648918306790112,11.9057900584569,0.200236970667633,0.829586079321608,0.936233464906484,18.4997695688719,0.306531465029802,0.3,1,20
"UMass-gbqr_5src_utseirs_otid10","01",0.375454676625758,0.476137861982187,3.49314869074418,0.228476142706547,1.24891510310828,1.37296155588238,5.24544343305477,0.286835414274498,0.5,1,20
"UMass-gbqr_5src_utseirs_otid10","02",0.644745245561016,1.03075387699907,1.10750413746194,0.48290526311191,0.793666942583244,0.889378184523014,1.7857506208123,0.789931144817518,0.35,0.95,20
"UMass-gbqr_5src_utseirs_otid10","04",0.338766538801465,0.370606032469035,6.51093085698473,0.162433524743986,0.801198479438276,0.867013637664792,9.8547412970908,0.228276998995018,0.7,1,20
"UMass-gbqr_5src_utseirs_otid10","05",0.497985263079907,1.12430721846667,3.28694090319234,0.683891259696043,1.35031170068808,1.64938858394273,5.46876238778671,1.17438561333091,0.25,0.85,20
"UMass-gbqr_5src_utseirs_otid10","06",0.334562820455645,0.346985967836557,16.3870542273277,0.149036961003679,0.907372426504411,1.11163143096482,23.8185261957408,0.172479525888711,0.8,1,20
"UMass-gbqr_5src_utseirs_otid10","08",0.344670374919834,0.527283827050543,3.68116951815468,0.292009208764748,0.478982170480888,0.587731904745502,5.6040913946264,0.418239277570042,0.9,1,20
"UMass-gbqr_5src_utseirs_otid10","09",0.291359204305862,0.666782314477519,2.05481712226284,0.385682697413913,0.648033555500596,0.949135750738305,3.24016777750298,0.658965823466325,0.65,1,20
"UMass-gbqr_5src_utseirs_otid10","10",0.352709685258075,0.724567010607845,0.85759059689945,0.306113426200871,0.963120955196134,0.953374889248926,1.3965253850344,0.503774505959997,0.65,1,20
"UMass-gbqr_5src_utseirs_otid10","11",0.608087266749788,1.12073491027842,1.05700108178362,0.473309228758902,1.00428639939776,1.00401009994505,1.55664391906653,0.76495248219798,0.4,0.85,20
"UMass-gbqr_5src_utseirs_otid10","12",0.367312464173399,0.330643073843099,15.0383711622766,0.15629670921448,1.32656960720534,1.47086086560735,22.883325724292,0.193442408842431,0.65,1,20
"UMass-gbqr_5src_utseirs_otid10","13",0.443270809793167,0.777524280779177,6.77281179340541,0.476024795848613,1.00531764816032,1.26246431536023,10.4050376584593,0.653879310806719,0.55,0.95,20
"UMass-gbqr_5src_utseirs_otid10","15",1.00217806327218,0.899484869049443,4.54426749550951,0.387038040374543,0.982050892382382,0.985649519108967,6.97256133591491,0.606481635624929,0.45,0.95,20
"UMass-gbqr_5src_utseirs_otid10","16",0.405784719628059,0.769543789041748,1.66776637626437,0.360893007061937,1.17009115355635,1.30077261447207,2.80821876853523,0.577620510131375,0.45,1,20
"UMass-gbqr_5src_utseirs_otid10","17",0.502773260568763,0.813074346295842,12.0584810919208,0.537586168573658,0.734606620436602,1.13971003605899,16.8959522700419,0.733228596718426,0.65,0.85,20
"UMass-gbqr_5src_utseirs_otid10","18",0.21515397323423,0.520928162685615,2.92966278558504,0.298837814465036,0.968421336946531,0.978399461024668,4.35789601625939,0.342717898792435,0.75,1,20
"UMass-gbqr_5src_utseirs_otid10","19",0.325809473679273,0.775564754855344,1.80880920409158,0.448890553420745,0.648464791343114,0.87604798546128,3.27474719628272,0.850340371277837,0.6,1,20
"UMass-gbqr_5src_utseirs_otid10","20",0.253820380111996,0.734923516627964,1.18929194451781,0.377154870289944,0.924059181445552,1.47893116337173,1.94052428103566,0.627717078367473,0.6,1,20
"UMass-gbqr_5src_utseirs_otid10","21",0.704852984240071,1.24442122943932,7.79578126593192,0.804015845743212,1.58753204140522,2.0827845540688,12.7002563312418,1.37772680798614,0.05,0.7,20
"UMass-gbqr_5src_utseirs_otid10","22",0.431217900598756,0.478745526644041,4.39397916687071,0.219994898085159,0.854690805090714,0.932246078710163,5.89736655512592,0.246973723273681,0.55,1,20
"UMass-gbqr_5src_utseirs_otid10","23",0.279470083563899,0.574937151431405,0.869255242305911,0.256226863207368,0.33121513096608,0.513283771252451,0.828037827415199,0.311414053106575,0.9,1,20
"UMass-gbqr_5src_utseirs_otid10","24",0.396686601090372,0.643377652558752,3.62317156554597,0.335610803410067,1.88150369233087,2.32635600129807,6.11488700007534,0.484789944638894,0.75,1,20
"UMass-gbqr_5src_utseirs_otid10","25",0.255590885760638,0.502965688737262,3.84217554652039,0.314625578962633,0.618822975314402,0.613238928362651,6.43575894326979,0.522859889570458,0.7,1,20
"UMass-gbqr_5src_utseirs_otid10","26",0.205928870699539,0.5559776528206,3.67215943603083,0.343409023375997,0.862117048714338,1.14945906239886,6.20724275074323,0.507888262767895,0.7,1,20
"UMass-gbqr_5src_utseirs_otid10","27",0.349498457339463,0.599552556502375,3.67468756280753,0.318328566328072,0.511984843417173,0.635827015991689,5.50383706673461,0.475453774050342,0.75,1,20
"UMass-gbqr_5src_utseirs_otid10","28",0.531894412090874,0.61960432927906,3.65734066630285,0.297680000759556,0.905040957080272,1.07070523226872,5.11348140750354,0.420112476586299,0.65,0.95,20
"UMass-gbqr_5src_utseirs_otid10","29",0.463310705147226,1.14379817505104,5.36413076841978,0.70535012423655,1.81156367075552,3.21829661027354,7.97088015132428,1.12217213463589,0.2,0.85,20
"UMass-gbqr_5src_utseirs_otid10","30",0.527216502365919,0.944699030915033,1.47164463775628,0.492512958807327,0.858908357497425,0.990820926490047,2.31905256524305,0.860953938062386,0.45,0.9,20
"UMass-gbqr_5src_utseirs_otid10","31",0.366415903584941,0.747441377252197,1.28039258169885,0.407430515531952,0.538853950461125,0.706542713182051,1.85904612909088,0.706186520729621,0.7,1,20
"UMass-gbqr_5src_utseirs_otid10","32",0.922537426028045,0.870264411851997,8.0395125646057,0.29579528252249,0.996005136877956,1.10718229182256,11.1552575330331,0.424637264231144,0.65,0.85,20
"UMass-gbqr_5src_utseirs_otid10","33",0.392965959619843,0.856413452876084,0.947714296267524,0.387060903836634,1.32513215033878,1.44697323554222,1.72267179544042,0.741986759948792,0.4,1,20
"UMass-gbqr_5src_utseirs_otid10","34",0.294147725800633,0.432343157132736,5.86497953215992,0.229854944234875,0.80494310806613,0.881684722985343,10.3032717832465,0.356342236358499,0.75,1,20
"UMass-gbqr_5src_utseirs_otid10","35",0.351077397914872,0.626809331273554,1.84275946895109,0.327962823714828,0.858716607453778,0.893534272809703,3.04844395646091,0.520905880331082,0.7,1,20
"UMass-gbqr_5src_utseirs_otid10","36",0.251992969317739,0.468457102087317,8.58354338603366,0.298353367003626,0.651107255341688,0.749329083462214,13.0221451068338,0.352142741582084,0.7,1,20
"UMass-gbqr_5src_utseirs_otid10","37",0.202356899603813,0.619487897439846,3.56236124563408,0.392590924585848,1.16905432168055,1.46122934450959,5.43610259581456,0.490145199686865,0.7,1,20
"UMass-gbqr_5src_utseirs_otid10","38",0.947385230630635,1.06199039860936,2.44151471599065,0.452223146222183,1.08572200897388,1.23163433150588,3.63716873006251,0.683985200537004,0.45,0.9,20
"UMass-gbqr_5src_utseirs_otid10","39",0.159014575323892,0.530989067945484,3.70867274240898,0.351513268592949,0.511385666441844,0.823245590567773,4.11665461485684,0.322596335207129,0.9,1,20
"UMass-gbqr_5src_utseirs_otid10","40",0.356377950981951,0.841242128496319,3.01086686621778,0.494823295485689,1.99505047216052,2.93293229404986,5.18713122761736,0.827108004874235,0.2,1,20
"UMass-gbqr_5src_utseirs_otid10","41",0.454418165936452,0.947345557542007,3.41844956115899,0.544041113361365,1.20825522799083,1.43360881782752,5.9808633785546,0.974017467615063,0.55,1,20
"UMass-gbqr_5src_utseirs_otid10","42",0.941749556894352,1.02786697925876,43.8780977189039,0.463924021805774,1.56721521774714,2.44037529767876,61.0430327312511,0.698044494924312,0.25,0.75,20
"UMass-gbqr_5src_utseirs_otid10","44",0.597781560055761,0.850298308556821,1.72207872200759,0.398504597359021,0.885135034861224,0.990010618682754,2.69966185632673,0.659906044930752,0.6,1,20
"UMass-gbqr_5src_utseirs_otid10","45",0.282633887314948,0.659106260787831,2.62314354081486,0.378304037762396,0.83081612953483,1.03054149884477,3.44788693756954,0.456614058498656,0.9,1,20
"UMass-gbqr_5src_utseirs_otid10","46",0.50884808750571,0.805930746843469,1.29381263397294,0.371067081294989,0.826282417931642,0.915852303692384,2.06570604482911,0.588321557975213,0.45,0.95,20
"UMass-gbqr_5src_utseirs_otid10","47",0.371856262743131,0.42378999911881,5.13464786277975,0.188051251327754,0.940147526435503,1.05801181952475,6.95709169562272,0.237266925668781,0.65,1,20
"UMass-gbqr_5src_utseirs_otid10","48",0.330267740139425,0.315694067772619,14.7041946859544,0.178600449981384,1.55798737398555,1.78658762130664,20.3317352305114,0.208234525968543,0.65,1,20
"UMass-gbqr_5src_utseirs_otid10","49",0.536446902862037,0.74298984076353,2.09583974003602,0.321362590796108,0.799916958792719,0.942431683212937,3.07968029135197,0.483061170679174,0.6,1,20
"UMass-gbqr_5src_utseirs_otid10","50",0.371426458834267,0.649138933257088,0.385419546946436,0.216849560550119,0.7922985192929,0.777698711596398,0.55460896350503,0.332595773068675,0.7,0.9,20
"UMass-gbqr_5src_utseirs_otid10","51",0.257852539460684,0.519233359445003,3.41712351332285,0.301986355718456,0.760780026542048,0.951938493769748,4.22232914730837,0.298520907286506,0.8,1,20
"UMass-gbqr_5src_utseirs_otid10","53",0.342764644064178,0.471719801052245,3.53531924730977,0.218023824801136,0.493719503026395,0.624746503381311,5.43091453329035,0.328336615234341,0.7,1,20
"UMass-gbqr_5src_utseirs_otid10","54",0.338719244196698,0.709731785157439,1.92486783015153,0.404099149018511,0.773149343586837,1.15704600543999,3.16991230870603,0.685902745189739,0.55,1,20
"UMass-gbqr_5src_utseirs_otid10","55",0.184294061252496,0.82150499947676,1.75734804025108,0.533964103824234,0.444515513902571,0.979037180845245,2.97825394314722,0.95048183296344,0.45,1,20
"UMass-gbqr_5src_utseirs_otid10","56",0.88317084384985,1.17473769226341,2.38630842071613,0.624058088286049,0.940264656518734,1.01240812864989,3.80807185890087,1.04740261941183,0.25,0.95,20
"UMass-gbqr_5src_utseirs_otid10","72",0.668056453898083,0.627109710442531,12.0427777580593,0.193507483733055,0.901218538856662,0.979036500314274,20.0971734165036,0.320545573308428,0.4,1,20
"UMass-gbqr_5src_utseirs_otid50","01",0.434463043306325,0.567983106245857,4.04214970643437,0.272548351221838,1.6211910315073,1.96237460444313,6.80900233233066,0.409973993966238,0.45,1,20
"UMass-gbqr_5src_utseirs_otid50","02",0.653494548839002,1.05461990195925,1.12253315806658,0.494086428004916,0.779747544953002,0.882365790893902,1.75443197614426,0.783702851585516,0.35,0.95,20
"UMass-gbqr_5src_utseirs_otid50","04",0.354208839339291,0.388162426943578,6.80772448787367,0.170128345622364,0.816042437839856,0.884965678355824,10.0373219854302,0.233003612045561,0.65,1,20
"UMass-gbqr_5src_utseirs_otid50","05",0.51739631954058,1.21869934316819,3.41506315938152,0.74130790525983,1.37845868559479,1.69676563607981,5.58275767665889,1.20811867597818,0.15,0.85,20
"UMass-gbqr_5src_utseirs_otid50","06",0.383359933298829,0.402753029401423,18.7771612129433,0.172989956658096,1.1308504261942,1.42315959515544,29.6848236875977,0.220815897606757,0.7,1,20
"UMass-gbqr_5src_utseirs_otid50","08",0.372213105655234,0.554585530675736,3.97533306746894,0.307128862477847,0.485430608221117,0.57198843809569,5.67953811618707,0.407035978812734,1,1,20
"UMass-gbqr_5src_utseirs_otid50","09",0.279090402808656,0.685142234563651,1.96829113299072,0.396302510431407,0.583567341651417,0.957077169935495,2.91783670825708,0.664479390768681,0.65,1,20
"UMass-gbqr_5src_utseirs_otid50","10",0.352019754589679,0.71761810685681,0.855913075474724,0.303177669115016,0.922718056199892,0.905052782672707,1.33794118148984,0.478240536435627,0.75,1,20
"UMass-gbqr_5src_utseirs_otid50","11",0.617907472418798,1.14584985053376,1.07407094754641,0.483915780668334,1.00071043969126,1.00085231617669,1.55110118152146,0.762546575592075,0.35,0.9,20
"UMass-gbqr_5src_utseirs_otid50","12",0.446489256308061,0.419586705477697,18.2799981248656,0.198340828779705,1.76587974105121,2.07988638483078,30.4614255331333,0.273539286963152,0.6,1,20
"UMass-gbqr_5src_utseirs_otid50","13",0.486498482957063,0.94729992260374,7.43329492953278,0.579966778417461,1.17786943524601,1.89549923516578,12.1909486547962,0.981752686745209,0.5,1,20
"UMass-gbqr_5src_utseirs_otid50","15",1.12195624143742,0.972682800601808,5.08738862503263,0.418534272231602,1.16426573677547,1.07223340769334,8.26628673110583,0.659757711298242,0.4,1,20
"UMass-gbqr_5src_utseirs_otid50","16",0.422776316492227,0.818934616231499,1.73760146999357,0.384055826903523,1.22202249523559,1.40253876124906,2.93285398856541,0.622810740123482,0.45,1,20
"UMass-gbqr_5src_utseirs_otid50","17",0.537966410508953,0.939059852949451,12.9025513048808,0.620884905185232,0.826018692116266,1.56307073890615,18.9984299186741,1.00559627291065,0.5,0.9,20
"UMass-gbqr_5src_utseirs_otid50","18",0.249265035966914,0.624748860889687,3.39413903746401,0.358396027612102,1.30710214947613,1.48339554367842,5.88195967264257,0.519610061186155,0.65,1,20
"UMass-gbqr_5src_utseirs_otid50","19",0.313828539615281,0.793735611899983,1.74229418362936,0.459407697248946,0.593631482340622,0.913617705453588,2.99783898582014,0.886807608435219,0.6,1,20
"UMass-gbqr_5src_utseirs_otid50","20",0.297105760140338,0.908654283260246,1.39210841560017,0.466311637316819,1.08791367190456,1.95074783730444,2.28461871099957,0.827974799227778,0.5,1,20
"UMass-gbqr_5src_utseirs_otid50","21",0.784871265567597,1.49179700294306,8.68079563410934,0.963844396594603,1.78109731563799,2.66248629290755,14.2487785251039,1.76118971809563,0,0.85,20
"UMass-gbqr_5src_utseirs_otid50","22",0.48561274902843,0.553145865077325,4.94824611741521,0.254183614136183,0.936460692480353,1.05027282442336,6.46157877811444,0.278241760222675,0.45,1,20
"UMass-gbqr_5src_utseirs_otid50","23",0.30522389446634,0.597432340101153,0.949359111925228,0.266252083556683,0.388728045067294,0.538715156701851,0.971820112668236,0.326843511940991,0.9,1,20
"UMass-gbqr_5src_utseirs_otid50","24",0.489060377828387,0.775167520661138,4.46687548788495,0.404357523690516,2.40498388862109,2.92907472977853,7.81619763801854,0.610390660457893,0.45,1,20
"UMass-gbqr_5src_utseirs_otid50","25",0.23142653948945,0.450691208275186,3.47892448588688,0.281925756591762,0.511655555257964,0.50625725140882,5.32121777468283,0.431645152196409,0.75,1,20
"UMass-gbqr_5src_utseirs_otid50","26",0.25136065746133,0.727671901773019,4.48230695874739,0.449458887166208,1.09109696855391,1.77743688080356,7.85589817358816,0.785360139478946,0.45,1,20
"UMass-gbqr_5src_utseirs_otid50","27",0.368148713495679,0.63681306274414,3.87077959955679,0.338111792008558,0.522321391043508,0.632231997686688,5.61495495371771,0.472765519261063,0.8,1,20
"UMass-gbqr_5src_utseirs_otid50","28",0.56698954557942,0.666435238185556,3.89865709298315,0.320179238321497,0.95907006460276,1.12872061828502,5.41874586500559,0.442875966261019,0.8,0.95,20
"UMass-gbqr_5src_utseirs_otid50","29",0.530818901355474,1.47733905192302,6.14572892356301,0.911035973428534,2.0420499626854,4.02803219331885,8.98501983581576,1.40451488229188,0.2,0.8,20
"UMass-gbqr_5src_utseirs_otid50","30",0.552338677282338,1.00324522640372,1.5417693660958,0.52303565336235,0.871216463372697,1.01959427697636,2.35228445110628,0.885955962898693,0.45,0.9,20
"UMass-gbqr_5src_utseirs_otid50","31",0.368682823289694,0.720932170241824,1.28831403692193,0.392980338959864,0.529264716863879,0.66817858353297,1.82596327318038,0.667841731756156,0.7,1,20
"UMass-gbqr_5src_utseirs_otid50","32",0.974288844695979,0.912455963237819,8.49050367767993,0.31013582281377,1.07292966648407,1.16283134740281,12.0168122646215,0.445980328415946,0.6,0.9,20
"UMass-gbqr_5src_utseirs_otid50","33",0.416321249484879,0.919200179131759,1.00404014729029,0.41543771988483,1.38767930791696,1.56564807321786,1.80398310029204,0.802841484923304,0.4,1,20
"UMass-gbqr_5src_utseirs_otid50","34",0.307440398088061,0.467259848150666,6.13002068004327,0.248418379169336,0.858165848927626,0.947187185330016,10.9845228662736,0.382815751562275,0.65,1,20
"UMass-gbqr_5src_utseirs_otid50","35",0.338522720134936,0.618631179894132,1.77686160285087,0.323683803787488,0.785810039697951,0.840974907056248,2.78962564092773,0.490265217157239,0.7,1,20
"UMass-gbqr_5src_utseirs_otid50","36",0.279930045174323,0.564184553392013,9.53515367636497,0.359320758220823,0.802955971448987,1.24725705085188,16.0591194289797,0.586141025402645,0.65,1,20
"UMass-gbqr_5src_utseirs_otid50","37",0.216612237850651,0.69407384304663,3.81331717850995,0.439858620158093,1.27006801152489,1.8382237340703,5.90581625359075,0.616601728257388,0.65,1,20
"UMass-gbqr_5src_utseirs_otid50","38",0.979900266611776,1.13315067475694,2.52530949795709,0.482525043496997,1.15812017767336,1.39166443227707,3.87970259520575,0.772857536885497,0.45,0.9,20
"UMass-gbqr_5src_utseirs_otid50","39",0.179830430268709,0.672810945309805,4.19415775965685,0.445398952272296,0.729501830095007,1.62451303376552,5.8724897322648,0.636580331790833,0.75,1,20
"UMass-gbqr_5src_utseirs_otid50","40",0.39053121122,0.963448163284146,3.29941142780111,0.566705564351657,2.17111126236321,3.45391563672916,5.64488928214434,0.97402905518637,0.2,1,20
"UMass-gbqr_5src_utseirs_otid50","41",0.459847113547644,0.966138077803506,3.45928988174958,0.554833272109076,1.14280307109971,1.44294156922331,5.65687520194355,0.980358292788132,0.5,1,20
"UMass-gbqr_5src_utseirs_otid50","42",1.01074088404462,1.2450909698821,47.0925491325466,0.561967279733328,1.73895993870392,3.09754874924519,67.7324896125178,0.886022266422284,0.2,0.75,20
"UMass-gbqr_5src_utseirs_otid50","44",0.596645825668417,0.838255474114695,1.71880691813643,0.39286054886201,0.871394952035358,0.964816140737412,2.65775460370784,0.643112297488803,0.65,1,20
"UMass-gbqr_5src_utseirs_otid50","45",0.302738420999692,0.712531525814822,2.80973502910821,0.408968279145992,0.957934722605042,1.16930272976105,3.97542909881092,0.51809661779586,0.85,1,20
"UMass-gbqr_5src_utseirs_otid50","46",0.521146853526328,0.826873356409214,1.32508385076724,0.380709489202489,0.84012533573765,0.934593906063477,2.10031333934412,0.60036071391931,0.5,0.95,20
"UMass-gbqr_5src_utseirs_otid50","47",0.408958553100823,0.478630970715971,5.64696193403946,0.212386212875501,1.02542928545248,1.20169742999041,7.58817671234836,0.269489479735657,0.65,1,20
"UMass-gbqr_5src_utseirs_otid50","48",0.378630116457551,0.369193967154536,16.8573865071021,0.208867430197342,1.85674491774322,2.25543388789793,24.230521176549,0.262880589173859,0.6,1,20
"UMass-gbqr_5src_utseirs_otid50","49",0.598541498987295,0.820392520824706,2.33843657768477,0.354841279782568,0.886740017962955,1.08883352983794,3.41394906915738,0.558102204082428,0.6,1,20
"UMass-gbqr_5src_utseirs_otid50","50",0.365593793130084,0.63634304996895,0.379367141901703,0.212575003092965,0.765783001962607,0.745112459679316,0.536048101373825,0.318659721116725,0.65,0.9,20
"UMass-gbqr_5src_utseirs_otid50","51",0.297018258521334,0.657522592324207,3.93615698803002,0.382415435847147,0.911094440114965,1.39422906681009,5.05657414263805,0.437219976619663,0.8,1,20
"UMass-gbqr_5src_utseirs_otid50","53",0.334101950594119,0.469587889364438,3.44597109694304,0.217038478120168,0.43404442605621,0.577402769683248,4.77448868661831,0.30345503335938,0.65,1,20
"UMass-gbqr_5src_utseirs_otid50","54",0.356469226882629,0.752373580757211,2.02573712306379,0.428378057861048,0.858216895218662,1.30606068082839,3.51868927039651,0.774239401158394,0.65,1,20
"UMass-gbqr_5src_utseirs_otid50","55",0.208024070252172,1.00799847307552,1.98362708867677,0.655181650354876,0.460403612544078,1.14889623605307,3.08470420404532,1.11538664893783,0.35,1,20
"UMass-gbqr_5src_utseirs_otid50","56",0.904136672849039,1.20100977613912,2.44295763489304,0.638014656247344,0.984215109555871,1.03842467702534,3.98607119370128,1.07431844529801,0.25,1,20
"UMass-gbqr_5src_utseirs_otid50","72",0.707575794603728,0.649694737132186,12.7551765897541,0.200476554075906,0.947875016382933,1.0113052494414,21.1376128653394,0.3311106591715,0.45,1,20
