"model_id","location","wis_scaled_relative_skill","wis","ae_median_scaled_relative_skill","ae_median","interval_coverage_50","interval_coverage_95","n"
"UMass-AR2","01",1,57.4312274788429,1,82.5330710040743,0.408653846153846,0.879807692307692,208
"UMass-AR2","02",1,6.03453565243134,1,8.9576713553484,0.519230769230769,0.918269230769231,208
"UMass-AR2","04",1,180.879903900224,1,250.987718942212,0.471153846153846,0.855769230769231,208
"UMass-AR2","05",1,45.1137035537933,1,64.2769604349199,0.413461538461538,0.826923076923077,208
"UMass-AR2","06",1,258.943943830692,1,370.048452693961,0.509615384615385,0.870192307692308,208
"UMass-AR2","08",1,54.6993923276667,1,77.6031006637164,0.389423076923077,0.855769230769231,208
"UMass-AR2","09",1,35.0957282826171,1,54.0420212217584,0.432692307692308,0.932692307692308,208
"UMass-AR2","10",1,13.9674030802303,1,19.1824868889783,0.466346153846154,0.865384615384615,208
"UMass-AR2","11",1,16.9887853269559,1,23.4162947363092,0.394230769230769,0.793269230769231,208
"UMass-AR2","12",1,226.540074775034,1,328.320388917846,0.389423076923077,0.841346153846154,208
"UMass-AR2","13",1,126.58978888671,1,168.395532291654,0.408653846153846,0.740384615384615,208
"UMass-AR2","15",1,9.803467165546,1,13.836058304092,0.370192307692308,0.850961538461538,208
"UMass-AR2","16",1,26.0565808315514,1,36.9354362223721,0.475961538461538,0.870192307692308,208
"UMass-AR2","17",1,115.78537984048,1,157.651492241965,0.581730769230769,0.889423076923077,208
"UMass-AR2","18",1,104.476544835053,1,152.633063513361,0.413461538461538,0.875,208
"UMass-AR2","19",1,32.2923446559494,1,49.0954711262564,0.408653846153846,0.884615384615385,208
"UMass-AR2","20",1,35.5852708067787,1,50.3874767322798,0.399038461538462,0.846153846153846,208
"UMass-AR2","21",1,75.1202080868823,1,103.741882857959,0.471153846153846,0.899038461538462,208
"UMass-AR2","22",1,54.1113702211872,1,79.6380235331878,0.350961538461538,0.846153846153846,208
"UMass-AR2","23",1,17.8482414560796,1,26.5709260099131,0.461538461538462,0.903846153846154,208
"UMass-AR2","24",1,65.8884042222827,1,92.0935063503678,0.399038461538462,0.8125,208
"UMass-AR2","25",1,102.093471717949,1,148.477114555574,0.351219512195122,0.84390243902439,208
"UMass-AR2","26",1,120.784403248047,1,185.836760264574,0.360576923076923,0.850961538461538,208
"UMass-AR2","27",1,67.0973108436001,1,95.1826841875725,0.51219512195122,0.897560975609756,208
"UMass-AR2","28",1,38.6706638024538,1,54.8665435194353,0.408653846153846,0.836538461538462,208
"UMass-AR2","29",1,105.103623648116,1,147.744664994215,0.365384615384615,0.855769230769231,208
"UMass-AR2","30",1,18.6088227773258,1,27.0552493656478,0.370192307692308,0.802884615384615,208
"UMass-AR2","31",1,21.7779027483772,1,31.5813877514345,0.427884615384615,0.870192307692308,208
"UMass-AR2","32",1,24.9840441646308,1,36.2519919241668,0.581730769230769,0.918269230769231,208
"UMass-AR2","33",1,24.8717884117889,1,35.3348243514916,0.447115384615385,0.850961538461538,208
"UMass-AR2","34",1,123.904858190667,1,174.075568279571,0.427884615384615,0.822115384615385,208
"UMass-AR2","35",1,29.7485081427978,1,44.3687858833202,0.485576923076923,0.884615384615385,208
"UMass-AR2","36",1,187.275132545983,1,267.272552024083,0.451923076923077,0.860576923076923,208
"UMass-AR2","37",1,144.844156301526,1,201.005477208069,0.427884615384615,0.807692307692308,208
"UMass-AR2","38",1,9.2271699110857,1,13.2276287341147,0.456730769230769,0.846153846153846,208
"UMass-AR2","39",1,219.894497228115,1,327.50109076754,0.293269230769231,0.817307692307692,208
"UMass-AR2","40",1,65.2670273851329,1,93.5876984730155,0.4375,0.899038461538462,208
"UMass-AR2","41",1,48.9493737687398,1,66.2826599487624,0.576923076923077,0.865384615384615,208
"UMass-AR2","42",1,224.069001754645,1,321.842048899138,0.466346153846154,0.884615384615385,208
"UMass-AR2","44",1,13.4811445250784,1,19.1726424236063,0.399038461538462,0.822115384615385,208
"UMass-AR2","45",1,91.5299564529377,1,125.315744822803,0.4375,0.75,208
"UMass-AR2","46",1,12.9930753295948,1,19.1683489218991,0.408653846153846,0.846153846153846,208
"UMass-AR2","47",1,85.6536434261264,1,119.973098736074,0.451923076923077,0.850961538461538,208
"UMass-AR2","48",1,288.300799380955,1,402.193429066067,0.447115384615385,0.798076923076923,208
"UMass-AR2","49",1,24.3889621477001,1,32.0118525098092,0.504807692307692,0.855769230769231,208
"UMass-AR2","50",1,7.6773109844205,1,11.4102120497064,0.418269230769231,0.889423076923077,208
"UMass-AR2","51",1,88.8461745516047,1,123.982482117032,0.447115384615385,0.8125,208
"UMass-AR2","53",1,45.4217604804042,1,64.0384947151128,0.615384615384615,0.923076923076923,208
"UMass-AR2","54",1,39.5476906157303,1,58.2200572196441,0.432692307692308,0.855769230769231,208
"UMass-AR2","55",1,56.9235067423491,1,82.5156168047377,0.471153846153846,0.908653846153846,208
"UMass-AR2","56",1,11.5915175967102,1,16.8062099616036,0.408653846153846,0.841346153846154,208
"UMass-AR4_pooled","01",1.008332805468,57.8570063591831,1.0076268380293,83.0622356871823,0.471153846153846,0.846153846153846,208
"UMass-AR4_pooled","02",1.09877226947349,6.64167384372301,1.14485047452399,10.256445930535,0.557692307692308,0.966346153846154,208
"UMass-AR4_pooled","04",0.999232095906819,180.612317531041,0.992722094135211,248.988534237847,0.475961538461538,0.807692307692308,208
"UMass-AR4_pooled","05",0.893790156473433,40.3486013158199,0.92102932211103,59.279096427847,0.423076923076923,0.855769230769231,208
"UMass-AR4_pooled","06",0.97118291470374,251.420148385957,0.953695375357806,352.746779957807,0.548076923076923,0.860576923076923,208
"UMass-AR4_pooled","08",0.984429849257962,53.8082159670289,0.970860825100764,75.3035799950851,0.475961538461538,0.826923076923077,208
"UMass-AR4_pooled","09",0.926762165870424,32.5555920850023,0.929864118094579,50.3146366809597,0.451923076923077,0.927884615384615,208
"UMass-AR4_pooled","10",1.0272579659376,14.3521302345955,1.06991317097273,20.5459556231043,0.629807692307692,0.923076923076923,208
"UMass-AR4_pooled","11",1.0218789953067,17.3562897195192,1.05755499003579,24.7671004127915,0.399038461538462,0.841346153846154,208
"UMass-AR4_pooled","12",0.898406606741245,203.804755176592,0.891256095257402,293.117793080223,0.432692307692308,0.826923076923077,208
"UMass-AR4_pooled","13",0.896523228756207,113.477230511439,0.898922450138371,151.427373725205,0.427884615384615,0.740384615384615,208
"UMass-AR4_pooled","15",0.918071901697334,9.03692385425347,1.00837148964406,13.9757348524153,0.490384615384615,0.961538461538462,208
"UMass-AR4_pooled","16",1.02790367726522,26.735558427563,1.07037068524889,39.5142723313623,0.4375,0.860576923076923,208
"UMass-AR4_pooled","17",1.02343265074489,118.514388035282,1.02373639088781,161.492973138488,0.5,0.860576923076923,208
"UMass-AR4_pooled","18",1.03505776486565,108.13567793331,1.00383638204353,153.246822562364,0.379807692307692,0.841346153846154,208
"UMass-AR4_pooled","19",0.891675739018876,28.8318412117234,0.88299725558952,43.4139783835717,0.4375,0.884615384615385,208
"UMass-AR4_pooled","20",0.971950280533294,34.6425665253951,0.94936098284321,47.9317382754402,0.480769230769231,0.836538461538462,208
"UMass-AR4_pooled","21",1.052887067676,79.043620833475,1.0537000931134,109.277705041059,0.427884615384615,0.879807692307692,208
"UMass-AR4_pooled","22",0.950190307564548,51.372721029175,0.964037725631856,76.7117887636572,0.427884615384615,0.875,208
"UMass-AR4_pooled","23",0.882470709637299,15.8043681016163,0.890960791858431,23.7499912998257,0.528846153846154,0.913461538461538,208
"UMass-AR4_pooled","24",0.94859491482037,62.5685304641292,0.946276069049309,87.2724290526151,0.394230769230769,0.783653846153846,208
"UMass-AR4_pooled","25",0.946537783470352,96.5164162293588,0.927738772852037,137.585253987794,0.360975609756098,0.8,208
"UMass-AR4_pooled","26",0.919928981202102,111.39115608588,0.901272153538383,167.720626056731,0.360576923076923,0.817307692307692,208
"UMass-AR4_pooled","27",1.00742746105492,67.5851676877281,1.0071028588022,95.8321521804176,0.48780487804878,0.873170731707317,208
"UMass-AR4_pooled","28",0.991951225688937,38.3264467453259,1.01558346743403,55.6590941120823,0.490384615384615,0.865384615384615,208
"UMass-AR4_pooled","29",0.979024717786904,102.906762431975,0.957775877860686,141.520775199844,0.346153846153846,0.831730769230769,208
"UMass-AR4_pooled","30",0.862416839785384,16.0570972631281,0.868851965595108,23.564853569391,0.442307692307692,0.850961538461538,208
"UMass-AR4_pooled","31",0.916477869999786,19.9915001176492,0.913229703580572,28.9250170739654,0.480769230769231,0.903846153846154,208
"UMass-AR4_pooled","32",0.983838989378068,24.5623416579817,0.980010320556736,35.5222698150594,0.533653846153846,0.894230769230769,208
"UMass-AR4_pooled","33",1.011118979279,25.1448321961803,0.98558805079464,34.8195281906913,0.495192307692308,0.850961538461538,208
"UMass-AR4_pooled","34",0.913179665828717,113.332786315061,0.927172196142559,161.78612329122,0.394230769230769,0.822115384615385,208
"UMass-AR4_pooled","35",0.977811532503955,29.0588540700941,1.0010079096362,44.4024815602058,0.423076923076923,0.875,208
"UMass-AR4_pooled","36",0.982391114752389,184.189265911279,0.953438085434484,255.203991100511,0.394230769230769,0.817307692307692,208
"UMass-AR4_pooled","37",0.905161550245558,131.307884162735,0.9093837187846,183.033023631243,0.413461538461538,0.793269230769231,208
"UMass-AR4_pooled","38",0.868815105578144,8.03710125714771,0.880251339739435,11.661722990418,0.615384615384615,0.947115384615385,208
"UMass-AR4_pooled","39",0.734125017042479,162.084733634313,0.737662966076472,242.549425894242,0.394230769230769,0.850961538461538,208
"UMass-AR4_pooled","40",0.932759196906734,60.851645570078,0.925167722224454,86.5350461853881,0.471153846153846,0.894230769230769,208
"UMass-AR4_pooled","41",1.03646212984884,50.7133578431004,1.02342251878921,67.8371474997352,0.514423076923077,0.836538461538462,208
"UMass-AR4_pooled","42",0.847596100139197,190.359477821165,0.830586280033425,268.064300586952,0.447115384615385,0.855769230769231,208
"UMass-AR4_pooled","44",0.806870724604432,10.9096433760263,0.837680377612578,16.1131318754377,0.5,0.908653846153846,208
"UMass-AR4_pooled","45",0.903066093392679,82.7308621798014,0.898471146987337,112.685435310807,0.480769230769231,0.764423076923077,208
"UMass-AR4_pooled","46",0.92552559880838,12.066207560465,0.984719279854765,18.9245869684038,0.471153846153846,0.947115384615385,208
"UMass-AR4_pooled","47",1.02342879363013,87.5981150525189,1.03485326221923,124.090584579381,0.466346153846154,0.855769230769231,208
"UMass-AR4_pooled","48",0.989484813598943,285.521141924929,0.940832885328673,378.642577661464,0.480769230769231,0.730769230769231,208
"UMass-AR4_pooled","49",0.907874487603069,22.1762337858508,0.949452799587037,30.4617029571892,0.543269230769231,0.850961538461538,208
"UMass-AR4_pooled","50",0.857538091483095,6.59817240846223,0.89453006425925,10.2141351062953,0.504807692307692,0.9375,208
"UMass-AR4_pooled","51",0.959354786931376,85.4706726650676,0.982995705267488,122.212467065658,0.461538461538462,0.826923076923077,208
"UMass-AR4_pooled","53",1.03623645271579,47.0314639471939,1.06241159622014,68.0046974445392,0.524038461538462,0.908653846153846,208
"UMass-AR4_pooled","54",0.916948449949562,36.3104175820864,0.927892481651946,54.134892961466,0.504807692307692,0.889423076923077,208
"UMass-AR4_pooled","55",0.940640023997065,53.5625073162112,0.956013510442763,78.882363794796,0.423076923076923,0.875,208
"UMass-AR4_pooled","56",1.06873075218912,12.381876480241,1.08206425051653,18.1577003458831,0.485576923076923,0.903846153846154,208
"UMass-AR6_fourierP_thetaP","01",0.870739859476396,50.07158387884,0.878909692215234,72.6640223678032,0.394230769230769,0.870192307692308,208
"UMass-AR6_fourierP_thetaP","02",1.0132014546376,6.12960125972016,1.05469321074543,9.45895526359547,0.524038461538462,0.966346153846154,208
"UMass-AR6_fourierP_thetaP","04",0.85972949868923,155.24306421283,0.84279692670997,211.166540990066,0.475961538461538,0.831730769230769,208
"UMass-AR6_fourierP_thetaP","05",0.847388010625082,38.4132788749151,0.875469972893802,56.6390639059088,0.360576923076923,0.841346153846154,208
"UMass-AR6_fourierP_thetaP","06",0.824849048942355,213.26712022813,0.818371592913079,302.246259230311,0.514423076923077,0.860576923076923,208
"UMass-AR6_fourierP_thetaP","08",0.81834660115989,44.6771528228513,0.800364802066217,62.0261067924002,0.485576923076923,0.884615384615385,208
"UMass-AR6_fourierP_thetaP","09",0.804589643979657,28.3569134706818,0.784917617385996,42.5829320874883,0.514423076923077,0.889423076923077,208
"UMass-AR6_fourierP_thetaP","10",0.907127608046764,12.6889771373948,0.947900862202093,18.2349020347637,0.543269230769231,0.913461538461538,208
"UMass-AR6_fourierP_thetaP","11",0.858882113664764,14.600607478655,0.886772723269205,20.7913232534731,0.389423076923077,0.822115384615385,208
"UMass-AR6_fourierP_thetaP","12",0.753238110654597,170.667855848526,0.750839965208803,246.539479383488,0.447115384615385,0.850961538461538,208
"UMass-AR6_fourierP_thetaP","13",0.755929879167136,95.6794127665426,0.770650989798933,129.841730470661,0.456730769230769,0.8125,208
"UMass-AR6_fourierP_thetaP","15",0.833785541604657,8.19546082566704,0.940170017171752,12.9970649853318,0.5,0.956730769230769,208
"UMass-AR6_fourierP_thetaP","16",0.926141011998704,24.1175850968854,0.984717661410975,36.3944642987107,0.341346153846154,0.870192307692308,208
"UMass-AR6_fourierP_thetaP","17",0.983717498868677,113.991264345437,0.982206657444022,155.066375032713,0.4375,0.846153846153846,208
"UMass-AR6_fourierP_thetaP","18",0.967805168610477,101.269222074222,0.926229268252877,141.666328392953,0.365384615384615,0.793269230769231,208
"UMass-AR6_fourierP_thetaP","19",0.849088241710849,27.5630173759869,0.829261836455272,40.9227651412543,0.408653846153846,0.855769230769231,208
"UMass-AR6_fourierP_thetaP","20",0.896630648794671,31.9540791001344,0.875478221064631,44.2151796985524,0.4375,0.822115384615385,208
"UMass-AR6_fourierP_thetaP","21",0.995676230475526,74.8848816304966,0.956822622285548,99.5184346023239,0.427884615384615,0.831730769230769,208
"UMass-AR6_fourierP_thetaP","22",0.830590219579221,44.9143073063241,0.841582464633849,66.976449456073,0.423076923076923,0.870192307692308,208
"UMass-AR6_fourierP_thetaP","23",0.840586573530697,15.0829264351204,0.837970215727494,22.3751238046345,0.538461538461538,0.875,208
"UMass-AR6_fourierP_thetaP","24",0.89288779638264,58.9624319417476,0.887286466352518,81.971269087582,0.283653846153846,0.764423076923077,208
"UMass-AR6_fourierP_thetaP","25",0.889038882295351,90.7663702674135,0.865028621720809,128.401624606998,0.35609756097561,0.717073170731707,208
"UMass-AR6_fourierP_thetaP","26",0.919692893776856,111.890839779663,0.852412782236759,159.307018888161,0.384615384615385,0.774038461538462,208
"UMass-AR6_fourierP_thetaP","27",0.84829092891157,57.1111469956016,0.827515207664906,79.084705658375,0.44390243902439,0.8,208
"UMass-AR6_fourierP_thetaP","28",0.807419100726394,31.2951450525752,0.853846736498229,46.9846208394212,0.456730769230769,0.894230769230769,208
"UMass-AR6_fourierP_thetaP","29",0.994278657624301,104.657449469179,0.956178239952255,141.353086469865,0.3125,0.759615384615385,208
"UMass-AR6_fourierP_thetaP","30",0.792623763075981,14.7371336629834,0.791763941888119,21.4511213311269,0.403846153846154,0.831730769230769,208
"UMass-AR6_fourierP_thetaP","31",0.919041139424124,20.1225294426185,0.920974752170843,29.2815841564075,0.375,0.836538461538462,208
"UMass-AR6_fourierP_thetaP","32",0.869035296394003,21.742854033814,0.885873301128164,32.1874882661281,0.466346153846154,0.879807692307692,208
"UMass-AR6_fourierP_thetaP","33",0.842810610296084,20.9942411457821,0.831507837694327,29.4394961127282,0.394230769230769,0.807692307692308,208
"UMass-AR6_fourierP_thetaP","34",0.805053133159904,100.06472246487,0.815612156812118,142.610387921656,0.432692307692308,0.793269230769231,208
"UMass-AR6_fourierP_thetaP","35",0.882679853282538,26.2730950252194,0.927565301776375,41.23685044702,0.375,0.899038461538462,208
"UMass-AR6_fourierP_thetaP","36",0.908148207680389,170.241521895008,0.911209153369421,243.696305746084,0.307692307692308,0.798076923076923,208
"UMass-AR6_fourierP_thetaP","37",0.784200462126437,113.656110856641,0.77497201789143,155.824841859532,0.456730769230769,0.788461538461538,208
"UMass-AR6_fourierP_thetaP","38",0.75635887938445,7.01361699392682,0.79768794533209,10.6080876569867,0.581730769230769,0.947115384615385,208
"UMass-AR6_fourierP_thetaP","39",0.751489415835298,165.974728108091,0.735152339855185,241.73461872956,0.360576923076923,0.769230769230769,208
"UMass-AR6_fourierP_thetaP","40",0.876560958983848,57.4382205443683,0.876683342056108,82.2998184120356,0.432692307692308,0.846153846153846,208
"UMass-AR6_fourierP_thetaP","41",0.974857282998194,47.8128336357382,0.983855508086135,65.4076945816483,0.423076923076923,0.817307692307692,208
"UMass-AR6_fourierP_thetaP","42",0.882158726267823,198.29277545574,0.849223080693584,274.321687419177,0.418269230769231,0.793269230769231,208
"UMass-AR6_fourierP_thetaP","44",0.767253080599923,10.3725683900702,0.798741687715921,15.3671412363225,0.461538461538462,0.899038461538462,208
"UMass-AR6_fourierP_thetaP","45",0.747805045187375,68.5396126409792,0.743065275626055,93.2830463302547,0.466346153846154,0.778846153846154,208
"UMass-AR6_fourierP_thetaP","46",0.863098624818121,11.3028175989505,0.918496139898697,17.7315577106384,0.413461538461538,0.927884615384615,208
"UMass-AR6_fourierP_thetaP","47",0.885334665539659,75.8735849393706,0.879788691305872,105.729737200475,0.456730769230769,0.846153846153846,208
"UMass-AR6_fourierP_thetaP","48",0.823809849556024,238.342350084844,0.806183680057961,325.629754544616,0.4375,0.721153846153846,208
"UMass-AR6_fourierP_thetaP","49",0.851623240756229,20.7995873017867,0.886116882679036,28.4286224126343,0.509615384615385,0.836538461538462,208
"UMass-AR6_fourierP_thetaP","50",0.804856481913842,6.19991731325887,0.818912416175972,9.36021844540161,0.509615384615385,0.923076923076923,208
"UMass-AR6_fourierP_thetaP","51",0.840946075463833,75.024648926666,0.845871135162959,105.388494983488,0.466346153846154,0.8125,208
"UMass-AR6_fourierP_thetaP","53",1.03213481221763,47.0406839658913,1.0711163834542,68.8405461569841,0.509615384615385,0.870192307692308,208
"UMass-AR6_fourierP_thetaP","54",0.891912027996483,35.3620354471641,0.867579627038582,50.7397198209795,0.451923076923077,0.865384615384615,208
"UMass-AR6_fourierP_thetaP","55",0.912060958500415,52.0091687256086,0.927041318549014,76.5792369469751,0.360576923076923,0.822115384615385,208
"UMass-AR6_fourierP_thetaP","56",0.917518429130308,10.628774498323,0.955789069270419,16.0442829117553,0.514423076923077,0.908653846153846,208
"UMass-AR6_fourier_d1_pooled","01",1.1362711004853,65.2901774136684,1.14416915535083,94.4719902818237,0.4375,0.836538461538462,208
"UMass-AR6_fourier_d1_pooled","02",1.16444120318218,7.04568059714226,1.22729491193052,11.0051972681942,0.533653846153846,0.971153846153846,208
"UMass-AR6_fourier_d1_pooled","04",1.08103680713231,195.622335719779,1.09304675528346,274.52133505858,0.451923076923077,0.8125,208
"UMass-AR6_fourier_d1_pooled","05",0.974048010236309,44.045300432708,1.01387211368135,65.3239863173271,0.394230769230769,0.855769230769231,208
"UMass-AR6_fourier_d1_pooled","06",1.03169743986669,267.480192008283,1.02352922116016,379.010242096828,0.461538461538462,0.817307692307692,208
"UMass-AR6_fourier_d1_pooled","08",1.05609435503263,57.7580797566839,1.08913530985039,84.5184912913551,0.384615384615385,0.860576923076923,208
"UMass-AR6_fourier_d1_pooled","09",1.07161398448777,37.6227068085748,1.07342153835651,58.0283186089723,0.394230769230769,0.908653846153846,208
"UMass-AR6_fourier_d1_pooled","10",1.18457696373222,16.5574075026317,1.27805752175044,24.546774542222,0.572115384615385,0.918269230769231,208
"UMass-AR6_fourier_d1_pooled","11",1.11026544576652,18.8617409283955,1.17761190612876,27.5765673403103,0.379807692307692,0.831730769230769,208
"UMass-AR6_fourier_d1_pooled","12",0.891180615552764,202.439366451742,0.897098464527135,295.244356339834,0.442307692307692,0.841346153846154,208
"UMass-AR6_fourier_d1_pooled","13",0.953057649663724,120.793458165523,0.971272354994834,163.879351995893,0.413461538461538,0.75,208
"UMass-AR6_fourier_d1_pooled","15",0.93670875605678,9.23808501430727,1.00482890140957,13.9535944698117,0.572115384615385,0.956730769230769,208
"UMass-AR6_fourier_d1_pooled","16",1.08329309884308,28.2344260028171,1.1317999926212,41.8542969779585,0.413461538461538,0.879807692307692,208
"UMass-AR6_fourier_d1_pooled","17",1.17197134256236,135.751654478005,1.22823451615399,193.686262470863,0.408653846153846,0.860576923076923,208
"UMass-AR6_fourier_d1_pooled","18",1.2032825778489,125.597051206218,1.16520025835476,177.655714946928,0.326923076923077,0.798076923076923,208
"UMass-AR6_fourier_d1_pooled","19",0.97415537899899,31.4845139746106,0.9782155030266,48.039127500409,0.423076923076923,0.875,208
"UMass-AR6_fourier_d1_pooled","20",1.11768748751463,39.864431255916,1.14527943576316,57.8382789185777,0.370192307692308,0.802884615384615,208
"UMass-AR6_fourier_d1_pooled","21",1.21916262608278,91.58734031552,1.24799188165462,129.516125191994,0.346153846153846,0.850961538461538,208
"UMass-AR6_fourier_d1_pooled","22",1.00808094966462,54.61612510533,1.03486008006331,82.5080061637481,0.394230769230769,0.865384615384615,208
"UMass-AR6_fourier_d1_pooled","23",1.029439282396,18.4371009260336,1.07224767920208,28.5994703136097,0.442307692307692,0.913461538461538,208
"UMass-AR6_fourier_d1_pooled","24",1.076311396734,71.0435198283827,1.07686794761443,99.3770778388398,0.346153846153846,0.745192307692308,208
"UMass-AR6_fourier_d1_pooled","25",1.0239761221389,104.453283795612,1.02747223193745,152.489692732599,0.370731707317073,0.765853658536585,208
"UMass-AR6_fourier_d1_pooled","26",1.00538844958159,121.801559301259,1.00319631998903,186.779807355621,0.346153846153846,0.798076923076923,208
"UMass-AR6_fourier_d1_pooled","27",1.19911276049068,80.4686569459851,1.21748419613064,115.823062842949,0.404878048780488,0.804878048780488,208
"UMass-AR6_fourier_d1_pooled","28",1.09378769518206,42.348486241954,1.11217495666459,61.1016591681781,0.485576923076923,0.836538461538462,208
"UMass-AR6_fourier_d1_pooled","29",1.03967782010044,109.363426957183,1.01831951887004,150.576128405323,0.3125,0.826923076923077,208
"UMass-AR6_fourier_d1_pooled","30",0.947964509756989,17.6445046347596,0.978540407830616,26.5289138767284,0.365384615384615,0.855769230769231,208
"UMass-AR6_fourier_d1_pooled","31",1.06161972908929,23.141664600099,1.0779420483281,34.1018306716138,0.413461538461538,0.879807692307692,208
"UMass-AR6_fourier_d1_pooled","32",1.07465369632345,26.8700057345399,1.07252957417746,38.9550986617077,0.461538461538462,0.870192307692308,208
"UMass-AR6_fourier_d1_pooled","33",1.07243296591826,26.6840372429043,1.0486992096554,37.0681993545008,0.490384615384615,0.870192307692308,208
"UMass-AR6_fourier_d1_pooled","34",1.0754197449576,133.516686817827,1.103040866789,192.44767885066,0.322115384615385,0.778846153846154,208
"UMass-AR6_fourier_d1_pooled","35",1.04597295921283,31.2048154334091,1.0680214907619,47.5392540221732,0.399038461538462,0.855769230769231,208
"UMass-AR6_fourier_d1_pooled","36",1.01455572639399,190.6012542736,1.00043109677162,268.28850227949,0.3125,0.774038461538462,208
"UMass-AR6_fourier_d1_pooled","37",1.04958203531274,152.308653748213,1.04936830894557,211.173596989022,0.389423076923077,0.774038461538462,208
"UMass-AR6_fourier_d1_pooled","38",0.947180903800964,8.75421047202754,0.947328242613173,12.5313741628328,0.639423076923077,0.947115384615385,208
"UMass-AR6_fourier_d1_pooled","39",0.877310596863702,193.479803587898,0.902286180122384,296.057680743476,0.360576923076923,0.822115384615385,208
"UMass-AR6_fourier_d1_pooled","40",0.994537518374886,64.9887480874334,1.01049446055016,94.6573970953272,0.403846153846154,0.894230769230769,208
"UMass-AR6_fourier_d1_pooled","41",1.12698297416007,55.173256137232,1.12502709526087,74.6115650908498,0.548076923076923,0.836538461538462,208
"UMass-AR6_fourier_d1_pooled","42",1.00625566249638,225.984951359278,1.01676043339887,327.899684499879,0.394230769230769,0.826923076923077,208
"UMass-AR6_fourier_d1_pooled","44",0.883412179923855,11.9576516602862,0.949653734304169,18.283533453653,0.480769230769231,0.918269230769231,208
"UMass-AR6_fourier_d1_pooled","45",1.03259588728443,94.6718419743859,1.03022350224202,129.341780022559,0.375,0.740384615384615,208
"UMass-AR6_fourier_d1_pooled","46",1.05048968641909,13.6823101148744,1.09553652179449,21.0264829766421,0.461538461538462,0.932692307692308,208
"UMass-AR6_fourier_d1_pooled","47",1.1206539511697,96.0327285660994,1.14868942040462,137.931214912985,0.408653846153846,0.846153846153846,208
"UMass-AR6_fourier_d1_pooled","48",1.03553247841108,299.030577197017,0.997752086950475,402.194850006403,0.456730769230769,0.745192307692308,208
"UMass-AR6_fourier_d1_pooled","49",0.97767402575945,23.8864380047537,1.06173862891002,34.0632074627323,0.504807692307692,0.870192307692308,208
"UMass-AR6_fourier_d1_pooled","50",0.951695353567289,7.32837588355441,1.00796614440904,11.519345775365,0.461538461538462,0.932692307692308,208
"UMass-AR6_fourier_d1_pooled","51",1.12276710319285,100.132096441801,1.14218700653347,142.129086838168,0.399038461538462,0.798076923076923,208
"UMass-AR6_fourier_d1_pooled","53",1.16069632868489,52.6697559874015,1.20910104469944,77.3857109727703,0.485576923076923,0.908653846153846,208
"UMass-AR6_fourier_d1_pooled","54",1.14765253074267,45.4361685998097,1.19759238437557,69.8521764772357,0.375,0.860576923076923,208
"UMass-AR6_fourier_d1_pooled","55",1.08981371972372,62.0054610870591,1.12103493345084,92.3763754484705,0.375,0.841346153846154,208
"UMass-AR6_fourier_d1_pooled","56",1.19988042080122,13.9132381762281,1.21430904478462,20.3981974512092,0.475961538461538,0.903846153846154,208
"UMass-AR6_fourier_pooled_both","01",0.892495724352471,51.3246635694658,0.901716638012963,74.5067792635229,0.475961538461538,0.879807692307692,208
"UMass-AR6_fourier_pooled_both","02",1.12001783593731,6.75201896105269,1.09420554475703,9.80351950403824,0.317307692307692,0.798076923076923,208
"UMass-AR6_fourier_pooled_both","04",0.927007121895492,167.643743079898,0.914571691678188,229.509832688306,0.466346153846154,0.822115384615385,208
"UMass-AR6_fourier_pooled_both","05",0.810607624798311,36.6530857583689,0.843977506158925,54.3993369118208,0.432692307692308,0.870192307692308,208
"UMass-AR6_fourier_pooled_both","06",0.904333088449569,234.197257081006,0.937504072216881,346.709738301751,0.620192307692308,0.932692307692308,208
"UMass-AR6_fourier_pooled_both","08",0.889747603357382,48.672917241489,0.888339680293775,68.9652673693493,0.528846153846154,0.894230769230769,208
"UMass-AR6_fourier_pooled_both","09",0.844473892031774,29.6936277734502,0.842964554032649,45.6705225182298,0.490384615384615,0.932692307692308,208
"UMass-AR6_fourier_pooled_both","10",0.999675333175261,13.9728291498128,0.980240525484477,18.8389034182352,0.423076923076923,0.793269230769231,208
"UMass-AR6_fourier_pooled_both","11",0.960358647704452,16.3279668410062,0.94127530583856,22.0714291901433,0.240384615384615,0.663461538461538,208
"UMass-AR6_fourier_pooled_both","12",0.816973503099141,185.434172734051,0.850780886794224,279.741369653271,0.591346153846154,0.956730769230769,208
"UMass-AR6_fourier_pooled_both","13",0.811786990256699,103.012125941783,0.844194426215657,142.523672473773,0.485576923076923,0.841346153846154,208
"UMass-AR6_fourier_pooled_both","15",0.989994092816368,9.71919239603633,1.03387004782092,14.2992866579237,0.322115384615385,0.783653846153846,208
"UMass-AR6_fourier_pooled_both","16",0.9949915347423,25.9156712577528,1.02444547101967,37.8566178984964,0.336538461538462,0.793269230769231,208
"UMass-AR6_fourier_pooled_both","17",0.99505344632172,115.262417852815,1.01245965461901,159.734349534373,0.572115384615385,0.903846153846154,208
"UMass-AR6_fourier_pooled_both","18",0.985363453571691,102.967686258207,0.988932473862939,150.965364548897,0.466346153846154,0.889423076923077,208
"UMass-AR6_fourier_pooled_both","19",0.836433694278085,27.0656559091656,0.843843059301362,41.4995256340111,0.475961538461538,0.889423076923077,208
"UMass-AR6_fourier_pooled_both","20",0.932550857647719,33.1993423408909,0.921261586742126,46.4691370755732,0.471153846153846,0.841346153846154,208
"UMass-AR6_fourier_pooled_both","21",0.991167811700293,74.430515960992,0.963560400099425,100.006734781645,0.456730769230769,0.875,208
"UMass-AR6_fourier_pooled_both","22",0.898277075287976,48.602423821017,0.910609157231541,72.5141539266526,0.432692307692308,0.894230769230769,208
"UMass-AR6_fourier_pooled_both","23",0.853552565400247,15.2677949002406,0.843375163801891,22.4700969849027,0.475961538461538,0.875,208
"UMass-AR6_fourier_pooled_both","24",0.889760173588075,58.7268322621263,0.936932954110159,86.4346556025026,0.418269230769231,0.850961538461538,208
"UMass-AR6_fourier_pooled_both","25",0.86955536332815,88.7031536962167,0.904210858814659,134.069196082924,0.482926829268293,0.878048780487805,208
"UMass-AR6_fourier_pooled_both","26",0.863970284918762,104.778901702791,0.865761271951452,161.301653433973,0.471153846153846,0.894230769230769,208
"UMass-AR6_fourier_pooled_both","27",0.926401813826298,62.1876687062908,0.874402417662323,83.3181556300004,0.570731707317073,0.897560975609756,208
"UMass-AR6_fourier_pooled_both","28",0.859410849670245,33.2991553150966,0.881485665759718,48.4495946790744,0.504807692307692,0.865384615384615,208
"UMass-AR6_fourier_pooled_both","29",0.944627356530242,99.3216517811209,0.955594846126016,141.170163821827,0.379807692307692,0.884615384615385,208
"UMass-AR6_fourier_pooled_both","30",0.870729455875217,16.2091648497849,0.837411166513618,22.6912428561673,0.355769230769231,0.769230769230769,208
"UMass-AR6_fourier_pooled_both","31",0.911821012351891,19.8895824603651,0.91111249933826,28.851294392343,0.403846153846154,0.879807692307692,208
"UMass-AR6_fourier_pooled_both","32",0.904397072920365,22.6149842295421,0.915012377195534,33.2120508566583,0.548076923076923,0.918269230769231,208
"UMass-AR6_fourier_pooled_both","33",0.834911602765138,20.790323298605,0.798492743185876,28.2570054644266,0.432692307692308,0.778846153846154,208
"UMass-AR6_fourier_pooled_both","34",0.852032668066195,105.906411029691,0.870106063100392,152.019151569977,0.5,0.846153846153846,208
"UMass-AR6_fourier_pooled_both","35",0.964940350358386,28.7351322156606,0.972502937617619,43.2359589748862,0.451923076923077,0.846153846153846,208
"UMass-AR6_fourier_pooled_both","36",0.898510558946039,168.578572264077,0.931082080425412,249.38243495359,0.548076923076923,0.932692307692308,208
"UMass-AR6_fourier_pooled_both","37",0.853290762660786,123.849062110807,0.868210342862896,174.828022405651,0.504807692307692,0.817307692307692,208
"UMass-AR6_fourier_pooled_both","38",0.773377387925367,7.15505484834195,0.787208477868341,10.4407505436989,0.442307692307692,0.855769230769231,208
"UMass-AR6_fourier_pooled_both","39",0.785896919197657,173.157432138725,0.772213576174825,253.621225982472,0.423076923076923,0.870192307692308,208
"UMass-AR6_fourier_pooled_both","40",0.83479955123718,54.5215024282139,0.861532841807245,80.6045127394278,0.519230769230769,0.913461538461538,208
"UMass-AR6_fourier_pooled_both","41",0.964114973927553,47.1979244348214,0.976734569630329,64.7632778654391,0.557692307692308,0.884615384615385,208
"UMass-AR6_fourier_pooled_both","42",0.866646075928423,194.569522801485,0.875213080729379,282.361650223522,0.538461538461538,0.894230769230769,208
"UMass-AR6_fourier_pooled_both","44",0.824049475821523,11.1366752268389,0.822847222738616,15.8237442410853,0.389423076923077,0.798076923076923,208
"UMass-AR6_fourier_pooled_both","45",0.812736545254482,74.5662178590075,0.826840224327347,103.883002956814,0.519230769230769,0.807692307692308,208
"UMass-AR6_fourier_pooled_both","46",0.94194076969809,12.2755841706189,0.940049962012849,18.0729301611382,0.317307692307692,0.759615384615385,208
"UMass-AR6_fourier_pooled_both","47",0.920250684484309,78.8952528321309,0.916687431865878,110.1797761134,0.524038461538462,0.875,208
"UMass-AR6_fourier_pooled_both","48",0.813768049615011,235.466587183955,0.848892930678601,342.232751966668,0.605769230769231,0.923076923076923,208
"UMass-AR6_fourier_pooled_both","49",0.900867958206913,21.9953883972039,0.918652851057407,29.4592525964355,0.514423076923077,0.841346153846154,208
"UMass-AR6_fourier_pooled_both","50",0.842234077752048,6.47085075755726,0.846440829536411,9.66226096904936,0.394230769230769,0.865384615384615,208
"UMass-AR6_fourier_pooled_both","51",0.896877157796498,80.0001089681625,0.919820355004597,114.54226006174,0.504807692307692,0.855769230769231,208
"UMass-AR6_fourier_pooled_both","53",1.0066408374244,45.7077560277477,1.05322050415931,67.4071083610227,0.610576923076923,0.932692307692308,208
"UMass-AR6_fourier_pooled_both","54",0.943032966033942,37.3184124878502,0.920504515529191,53.6537159232979,0.418269230769231,0.831730769230769,208
"UMass-AR6_fourier_pooled_both","55",0.924680336777486,52.6675461663912,0.98735859417446,81.4441443281415,0.466346153846154,0.932692307692308,208
"UMass-AR6_fourier_pooled_both","56",1.00782128255792,11.6836424194494,0.964419971760416,16.2028688114554,0.288461538461538,0.730769230769231,208
"UMass-AR6_pooled","01",0.959802866482942,55.1362298132597,0.960859515429989,79.3089366174327,0.427884615384615,0.855769230769231,208
"UMass-AR6_pooled","02",1.09630716950779,6.62378193466936,1.15317566935946,10.331499975135,0.504807692307692,0.971153846153846,208
"UMass-AR6_pooled","04",0.992474457196164,179.365652589456,0.981361393340662,246.137528120658,0.461538461538462,0.8125,208
"UMass-AR6_pooled","05",0.855396331901711,38.6340849926659,0.881088266346151,56.7233985100294,0.408653846153846,0.855769230769231,208
"UMass-AR6_pooled","06",0.922613203669683,239.018164483757,0.918091847859712,339.801971286007,0.456730769230769,0.850961538461538,208
"UMass-AR6_pooled","08",0.947472716972312,51.7818153480513,0.935592330829125,72.569725354549,0.466346153846154,0.831730769230769,208
"UMass-AR6_pooled","09",0.892597584865747,31.3614874208223,0.887616640386269,48.0493263613904,0.451923076923077,0.913461538461538,208
"UMass-AR6_pooled","10",1.00944751850996,14.1098949888491,1.06113064705869,20.3852791370447,0.605769230769231,0.913461538461538,208
"UMass-AR6_pooled","11",0.954893413013134,16.2294632983205,0.998652240451561,23.405864661336,0.389423076923077,0.855769230769231,208
"UMass-AR6_pooled","12",0.848888548852271,192.631662517359,0.853488060998285,280.662384257662,0.418269230769231,0.831730769230769,208
"UMass-AR6_pooled","13",0.865274184962179,109.626411482722,0.873264741704932,147.254459306046,0.413461538461538,0.75,208
"UMass-AR6_pooled","15",0.894978861882703,8.80935482086545,0.997549091337189,13.8203079011761,0.5,0.961538461538462,208
"UMass-AR6_pooled","16",1.03502116291902,26.9369928005498,1.08494897317869,40.0681508633102,0.389423076923077,0.860576923076923,208
"UMass-AR6_pooled","17",0.995481539337484,115.338553180938,1.00118452251307,157.995244960539,0.451923076923077,0.860576923076923,208
"UMass-AR6_pooled","18",1.05098078734569,109.733807247597,1.01778015049691,155.269746209216,0.379807692307692,0.836538461538462,208
"UMass-AR6_pooled","19",0.846558150098919,27.386110903056,0.841967000136906,41.4105458367081,0.466346153846154,0.894230769230769,208
"UMass-AR6_pooled","20",0.960408546944943,34.1944008830147,0.952083797390243,48.0127041454598,0.456730769230769,0.836538461538462,208
"UMass-AR6_pooled","21",1.03136633179894,77.4261294067904,1.01877414732288,105.673220031961,0.442307692307692,0.870192307692308,208
"UMass-AR6_pooled","22",0.927483913828838,50.1720970427463,0.934141592076161,74.3828350846702,0.408653846153846,0.860576923076923,208
"UMass-AR6_pooled","23",0.854048314313357,15.2905252038025,0.884483676249599,23.5691146939225,0.552884615384615,0.918269230769231,208
"UMass-AR6_pooled","24",0.957773559979835,63.214862596218,0.956402277675574,88.2340737675671,0.336538461538462,0.735576923076923,208
"UMass-AR6_pooled","25",0.933291793541308,95.1658283098998,0.926146728109132,137.302058551346,0.346341463414634,0.795121951219512,208
"UMass-AR6_pooled","26",0.917570724660732,111.128528260535,0.893660557141356,166.330328979245,0.375,0.802884615384615,208
"UMass-AR6_pooled","27",1.04169650346078,69.8660987958933,1.03323217238532,98.2882633266741,0.478048780487805,0.863414634146341,208
"UMass-AR6_pooled","28",0.919667268399268,35.5995594851853,0.941098326863121,51.6817825153199,0.509615384615385,0.870192307692308,208
"UMass-AR6_pooled","29",0.997722644190024,104.848209441185,0.981794773965466,144.983125364846,0.3125,0.836538461538462,208
"UMass-AR6_pooled","30",0.852597651404979,15.863921562119,0.85895523761927,23.2728711399074,0.451923076923077,0.855769230769231,208
"UMass-AR6_pooled","31",0.91197047153108,19.8942071068622,0.920819311034337,29.1561583702605,0.442307692307692,0.908653846153846,208
"UMass-AR6_pooled","32",0.972284658824015,24.2936270139331,0.968312272056864,35.1309665727723,0.514423076923077,0.903846153846154,208
"UMass-AR6_pooled","33",0.951638374376141,23.6767961288586,0.936103800239361,33.0830492606853,0.485576923076923,0.855769230769231,208
"UMass-AR6_pooled","34",0.8963739818554,111.380418108271,0.905448835070155,158.148856985273,0.413461538461538,0.8125,208
"UMass-AR6_pooled","35",0.997545986114618,29.6912179357253,1.01405363333385,45.0568121189013,0.418269230769231,0.850961538461538,208
"UMass-AR6_pooled","36",0.945572598023708,177.440074512755,0.925453542077289,247.908851678722,0.379807692307692,0.817307692307692,208
"UMass-AR6_pooled","37",0.88776290619371,128.927753960972,0.877471463590438,176.756732190256,0.442307692307692,0.759615384615385,208
"UMass-AR6_pooled","38",0.832924320178387,7.70207374974055,0.857514404497297,11.3538085450337,0.620192307692308,0.947115384615385,208
"UMass-AR6_pooled","39",0.74283377215428,163.914090160409,0.758373113229025,249.100800248596,0.384615384615385,0.846153846153846,208
"UMass-AR6_pooled","40",0.900452732494868,58.7501526027992,0.907564567385811,84.8567469495296,0.399038461538462,0.899038461538462,208
"UMass-AR6_pooled","41",1.02836585582034,50.3238257491217,1.02008418530887,67.6202355365789,0.524038461538462,0.831730769230769,208
"UMass-AR6_pooled","42",0.859909939234894,193.19118441166,0.855687663506895,276.169387716037,0.394230769230769,0.855769230769231,208
"UMass-AR6_pooled","44",0.796266850597436,10.7712277628194,0.834156593889298,16.0506079895576,0.5,0.899038461538462,208
"UMass-AR6_pooled","45",0.868951075213318,79.7209075284745,0.850350647311189,106.820063896709,0.495192307692308,0.75,208
"UMass-AR6_pooled","46",0.924364996109723,12.0530108053628,0.981256189532308,18.8563352877695,0.418269230769231,0.947115384615385,208
"UMass-AR6_pooled","47",0.991542171294278,84.9443438600924,0.984300375555401,118.18469331456,0.480769230769231,0.850961538461538,208
"UMass-AR6_pooled","48",0.939634934214444,271.340076595606,0.886073661864195,356.907183056898,0.461538461538462,0.721153846153846,208
"UMass-AR6_pooled","49",0.922569803771687,22.5280628878971,0.959020531014269,30.7560528795339,0.552884615384615,0.846153846153846,208
"UMass-AR6_pooled","50",0.831181245509496,6.39503792113533,0.874687513706524,9.98459616509396,0.490384615384615,0.942307692307692,208
"UMass-AR6_pooled","51",0.943795230580135,84.1904410277604,0.949016846422849,118.152636399929,0.427884615384615,0.807692307692308,208
"UMass-AR6_pooled","53",1.0559613558302,47.9205899583977,1.09228582003476,69.9040649510723,0.538461538461538,0.903846153846154,208
"UMass-AR6_pooled","54",0.941471851540615,37.2562067142006,0.948709890262582,55.2853158940258,0.471153846153846,0.870192307692308,208
"UMass-AR6_pooled","55",0.94692843408211,53.9351697613794,0.973777817198602,80.3566744536316,0.394230769230769,0.879807692307692,208
"UMass-AR6_pooled","56",1.04159233893175,12.0633487066072,1.06393285678818,17.8499468927592,0.5,0.913461538461538,208
"UMass-AR6_pooled_both","01",0.922484243121678,53.0246315309083,0.932573874406182,77.0147036232759,0.475961538461538,0.875,208
"UMass-AR6_pooled_both","02",1.12225728260221,6.76557894211267,1.111850907871,9.95896603935254,0.322115384615385,0.807692307692308,208
"UMass-AR6_pooled_both","04",0.982108040484018,177.521812000948,0.968344588895944,242.885483031398,0.466346153846154,0.817307692307692,208
"UMass-AR6_pooled_both","05",0.846781823425905,38.2545689231187,0.8795242562335,56.6305073383941,0.427884615384615,0.860576923076923,208
"UMass-AR6_pooled_both","06",0.898103818277112,232.690281452071,0.931805820336026,344.748120279229,0.600961538461538,0.932692307692308,208
"UMass-AR6_pooled_both","08",0.922554890252002,50.4473939857291,0.926257835186828,71.8714958649901,0.528846153846154,0.879807692307692,208
"UMass-AR6_pooled_both","09",0.879547987190084,30.9011051484792,0.876472416863675,47.4475588913829,0.475961538461538,0.932692307692308,208
"UMass-AR6_pooled_both","10",1.04475358241907,14.5968305987987,1.02246834572074,19.6414952744531,0.418269230769231,0.783653846153846,208
"UMass-AR6_pooled_both","11",0.981808023188391,16.6897375945378,0.962261769788494,22.5590541017665,0.245192307692308,0.649038461538462,208
"UMass-AR6_pooled_both","12",0.825669897026199,187.42062619549,0.861788489936217,283.354879343295,0.581730769230769,0.947115384615385,208
"UMass-AR6_pooled_both","13",0.833858258908371,105.754082655977,0.862200130570111,145.521829759182,0.480769230769231,0.846153846153846,208
"UMass-AR6_pooled_both","15",0.949951705764907,9.33295945356379,0.992628706914104,13.7399021512749,0.365384615384615,0.783653846153846,208
"UMass-AR6_pooled_both","16",1.03211147423071,26.8701152061606,1.054443968123,38.9485945628359,0.331730769230769,0.798076923076923,208
"UMass-AR6_pooled_both","17",0.992464057987961,114.985465265189,1.01531994686452,160.201707109296,0.576923076923077,0.918269230769231,208
"UMass-AR6_pooled_both","18",1.02882934247077,107.451919623537,1.02984435814675,157.119779203931,0.4375,0.879807692307692,208
"UMass-AR6_pooled_both","19",0.860760212802632,27.8369230980704,0.8717865369379,42.8483467965004,0.466346153846154,0.894230769230769,208
"UMass-AR6_pooled_both","20",0.959662672737359,34.15438936966,0.952599707547209,48.0286260762457,0.461538461538462,0.846153846153846,208
"UMass-AR6_pooled_both","21",1.02277527693434,76.7822908767688,1.00585136642032,104.339199211646,0.461538461538462,0.879807692307692,208
"UMass-AR6_pooled_both","22",0.913461602315769,49.4208053312716,0.924188470336253,73.596200079432,0.427884615384615,0.884615384615385,208
"UMass-AR6_pooled_both","23",0.866956368347732,15.5048552857894,0.869298585888327,23.1528262861453,0.466346153846154,0.889423076923077,208
"UMass-AR6_pooled_both","24",0.911857447088781,60.1716380046392,0.960742485084831,88.6047211338691,0.423076923076923,0.841346153846154,208
"UMass-AR6_pooled_both","25",0.90428953752842,92.1586810154477,0.93841711850234,139.009610976161,0.473170731707317,0.873170731707317,208
"UMass-AR6_pooled_both","26",0.894894034832252,108.385747143222,0.900880844312782,167.599538913185,0.456730769230769,0.884615384615385,208
"UMass-AR6_pooled_both","27",1.02842073284857,68.9809269565364,0.98127245605448,93.3997070675662,0.560975609756098,0.882926829268293,208
"UMass-AR6_pooled_both","28",0.883350743779769,34.2090809661567,0.903643964541799,49.6447842154992,0.504807692307692,0.870192307692308,208
"UMass-AR6_pooled_both","29",0.963520164616297,101.292057745716,0.971845423135768,143.553604419229,0.379807692307692,0.870192307692308,208
"UMass-AR6_pooled_both","30",0.886269967769147,16.4963972839419,0.853768419944678,23.1287121177829,0.346153846153846,0.764423076923077,208
"UMass-AR6_pooled_both","31",0.935981313325312,20.4079668143663,0.935739753799328,29.6147052754793,0.389423076923077,0.875,208
"UMass-AR6_pooled_both","32",0.94399068352514,23.5965581035747,0.948881876974728,34.4319918742822,0.543269230769231,0.918269230769231,208
"UMass-AR6_pooled_both","33",0.873730748236771,21.7505718969401,0.836251526956674,29.5828289864723,0.408653846153846,0.778846153846154,208
"UMass-AR6_pooled_both","34",0.875863614281099,108.842443879349,0.894689980467232,156.263062552493,0.504807692307692,0.841346153846154,208
"UMass-AR6_pooled_both","35",0.987546916506737,29.3982627981415,0.992851162859334,44.123036156834,0.461538461538462,0.836538461538462,208
"UMass-AR6_pooled_both","36",0.919580825087509,172.489683979129,0.928109585181462,248.681734117988,0.543269230769231,0.918269230769231,208
"UMass-AR6_pooled_both","37",0.864342862499228,125.464722897677,0.879309195433839,177.066900109127,0.480769230769231,0.8125,208
"UMass-AR6_pooled_both","38",0.815676528335334,7.53853891493878,0.825505516185856,10.9366778166088,0.447115384615385,0.846153846153846,208
"UMass-AR6_pooled_both","39",0.791599274773153,174.406637153142,0.786165862808346,258.143339435601,0.423076923076923,0.855769230769231,208
"UMass-AR6_pooled_both","40",0.875620599751675,57.1465149102925,0.899847762278456,84.1355588870458,0.480769230769231,0.918269230769231,208
"UMass-AR6_pooled_both","41",0.996430008273739,48.7719351770666,1.00677624680104,66.7421006491367,0.557692307692308,0.875,208
"UMass-AR6_pooled_both","42",0.86538481065996,194.30689338713,0.884891786025131,285.465547291768,0.514423076923077,0.889423076923077,208
"UMass-AR6_pooled_both","44",0.828928228492876,11.2038153427238,0.831173979793119,15.984554610814,0.379807692307692,0.793269230769231,208
"UMass-AR6_pooled_both","45",0.829310691867203,76.0753699503838,0.845497742468217,106.20189423093,0.528846153846154,0.798076923076923,208
"UMass-AR6_pooled_both","46",0.981803296200929,12.7834338867579,0.975307549718228,18.7345735329156,0.3125,0.759615384615385,208
"UMass-AR6_pooled_both","47",0.955029524774362,81.8462966750971,0.950955087132824,114.247837896402,0.519230769230769,0.875,208
"UMass-AR6_pooled_both","48",0.857948920244745,248.036878145767,0.890164776885955,358.614424702599,0.605769230769231,0.894230769230769,208
"UMass-AR6_pooled_both","49",0.931401183335519,22.7372318938009,0.952945299242637,30.551605631826,0.519230769230769,0.836538461538462,208
"UMass-AR6_pooled_both","50",0.863500497945286,6.63241544031616,0.869850596378519,9.9268335839125,0.394230769230769,0.846153846153846,208
"UMass-AR6_pooled_both","51",0.912641058054642,81.3954338648879,0.93831473526851,116.81929099072,0.490384615384615,0.846153846153846,208
"UMass-AR6_pooled_both","53",1.04320798762801,47.3559909173702,1.09528071112706,70.0816140597736,0.596153846153846,0.9375,208
"UMass-AR6_pooled_both","54",0.980972610253735,38.7997113769584,0.959037584913565,55.8660078596974,0.403846153846154,0.822115384615385,208
"UMass-AR6_pooled_both","55",0.945484611922405,53.8412235215861,1.00871172193883,83.1894142167383,0.466346153846154,0.927884615384615,208
"UMass-AR6_pooled_both","56",1.04137196505302,12.066148508319,0.995760413129657,16.7199080049105,0.3125,0.725961538461538,208
"UMass-AR6_pooled_fourier","01",0.921763480987918,52.9691637825175,0.919863580835774,75.9606724768778,0.442307692307692,0.850961538461538,208
"UMass-AR6_pooled_fourier","02",1.0790255029351,6.52000479219995,1.13169537489523,10.141057105899,0.514423076923077,0.961538461538462,208
"UMass-AR6_pooled_fourier","04",0.937356381750653,169.453382671274,0.925961241915476,232.280983780864,0.475961538461538,0.8125,208
"UMass-AR6_pooled_fourier","05",0.826088537396758,37.3302668881088,0.852573316554831,54.9260754705253,0.418269230769231,0.860576923076923,208
"UMass-AR6_pooled_fourier","06",0.922648390618461,238.858677072903,0.911760428965548,337.312716167189,0.466346153846154,0.850961538461538,208
"UMass-AR6_pooled_fourier","08",0.908336028587905,49.6633533439945,0.891674242985339,69.2037745430359,0.475961538461538,0.826923076923077,208
"UMass-AR6_pooled_fourier","09",0.853484685296079,30.0124096261631,0.852032756649736,46.1586366268785,0.485576923076923,0.918269230769231,208
"UMass-AR6_pooled_fourier","10",0.957499173252692,13.3873205247217,0.990956737370633,19.0478081735693,0.586538461538462,0.899038461538462,208
"UMass-AR6_pooled_fourier","11",0.92670812731306,15.7526934420368,0.96385094949465,22.5929204905579,0.379807692307692,0.850961538461538,208
"UMass-AR6_pooled_fourier","12",0.831221626035037,188.574090532465,0.835758118012596,274.779843030711,0.432692307692308,0.841346153846154,208
"UMass-AR6_pooled_fourier","13",0.838022051310156,106.228233955977,0.845910202399966,142.710710890285,0.432692307692308,0.75,208
"UMass-AR6_pooled_fourier","15",0.934996744672253,9.19415544569624,1.04601105623808,14.4782211485186,0.471153846153846,0.947115384615385,208
"UMass-AR6_pooled_fourier","16",0.990166246118274,25.7775094343846,1.04416341914522,38.5708463064019,0.403846153846154,0.860576923076923,208
"UMass-AR6_pooled_fourier","17",0.985581231351187,114.173186495938,0.987343407607966,155.804099546077,0.485576923076923,0.865384615384615,208
"UMass-AR6_pooled_fourier","18",0.996099941522217,104.061351891839,0.968526772242883,147.847152394462,0.399038461538462,0.846153846153846,208
"UMass-AR6_pooled_fourier","19",0.826750027401399,26.7606647452955,0.824027949879812,40.5459099479008,0.480769230769231,0.889423076923077,208
"UMass-AR6_pooled_fourier","20",0.933555656244778,33.2473162213413,0.914743280390907,46.1535599088806,0.466346153846154,0.836538461538462,208
"UMass-AR6_pooled_fourier","21",0.997077788321921,74.8707710508365,0.971794211209495,100.851575780033,0.451923076923077,0.879807692307692,208
"UMass-AR6_pooled_fourier","22",0.912110221393524,49.3305547116203,0.917285614161176,73.0254515837889,0.394230769230769,0.846153846153846,208
"UMass-AR6_pooled_fourier","23",0.840017708692012,15.0406062239803,0.856901600763976,22.8388835336309,0.572115384615385,0.918269230769231,208
"UMass-AR6_pooled_fourier","24",0.925671538612947,61.1102603517985,0.924259823293846,85.300049296265,0.346153846153846,0.764423076923077,208
"UMass-AR6_pooled_fourier","25",0.889407707577677,90.7942621322806,0.882850602283511,131.029654908968,0.360975609756098,0.795121951219512,208
"UMass-AR6_pooled_fourier","26",0.875660185098082,106.215113730942,0.852812753458517,158.959597956681,0.399038461538462,0.836538461538462,208
"UMass-AR6_pooled_fourier","27",0.913214024551755,61.3083284011313,0.893444739470453,85.1021035909551,0.48780487804878,0.868292682926829,208
"UMass-AR6_pooled_fourier","28",0.889685614283693,34.4501145308235,0.909648355387604,49.972848249735,0.509615384615385,0.865384615384615,208
"UMass-AR6_pooled_fourier","29",0.976648000591544,102.646283405257,0.960607628615108,141.873467977851,0.3125,0.841346153846154,208
"UMass-AR6_pooled_fourier","30",0.842278504857012,15.6728275232701,0.843019742442322,22.8428455385434,0.447115384615385,0.836538461538462,208
"UMass-AR6_pooled_fourier","31",0.888929041105661,19.3971974674687,0.89553192844265,28.3668506817707,0.447115384615385,0.889423076923077,208
"UMass-AR6_pooled_fourier","32",0.92707864306681,23.1678887199198,0.932922867176362,33.8489061325193,0.5,0.908653846153846,208
"UMass-AR6_pooled_fourier","33",0.885970422953005,22.0510016481079,0.873117488950251,30.8713704648862,0.5,0.836538461538462,208
"UMass-AR6_pooled_fourier","34",0.860360498122679,106.93838991947,0.86713483079496,151.527639753877,0.423076923076923,0.817307692307692,208
"UMass-AR6_pooled_fourier","35",0.973130897819852,28.9592972624378,0.989238547618516,43.9510045509158,0.432692307692308,0.860576923076923,208
"UMass-AR6_pooled_fourier","36",0.910591735390813,170.906985244214,0.904535234679827,242.291370637151,0.350961538461538,0.8125,208
"UMass-AR6_pooled_fourier","37",0.872186719666035,126.63348112757,0.860587294443893,173.336952978754,0.456730769230769,0.769230769230769,208
"UMass-AR6_pooled_fourier","38",0.801742697029563,7.41998353299102,0.812111138897648,10.7689822294709,0.615384615384615,0.951923076923077,208
"UMass-AR6_pooled_fourier","39",0.747058529170338,164.803801822029,0.755257719976997,248.05636588361,0.360576923076923,0.850961538461538,208
"UMass-AR6_pooled_fourier","40",0.860512304499683,56.1773526442035,0.868163350132384,81.2203462753076,0.456730769230769,0.908653846153846,208
"UMass-AR6_pooled_fourier","41",0.989731209128098,48.4397799456431,0.98193776039555,65.1082562400236,0.5,0.860576923076923,208
"UMass-AR6_pooled_fourier","42",0.854490136475448,191.950287921532,0.846580148234175,273.206120248695,0.399038461538462,0.846153846153846,208
"UMass-AR6_pooled_fourier","44",0.802872520763031,10.8543495163019,0.835696797478234,16.0719496366232,0.514423076923077,0.894230769230769,208
"UMass-AR6_pooled_fourier","45",0.844712473086828,77.5006870967472,0.828875033725285,104.136516199291,0.475961538461538,0.759615384615385,208
"UMass-AR6_pooled_fourier","46",0.891837218695985,11.6324787768811,0.944967180870169,18.1670574452717,0.432692307692308,0.947115384615385,208
"UMass-AR6_pooled_fourier","47",0.949625086399029,81.3761723669564,0.937024069478107,112.560982651456,0.509615384615385,0.855769230769231,208
"UMass-AR6_pooled_fourier","48",0.862230740666707,249.182677464289,0.827771630518106,333.68769641958,0.461538461538462,0.735576923076923,208
"UMass-AR6_pooled_fourier","49",0.887582347930938,21.6743819394104,0.917356208870301,29.423652599483,0.552884615384615,0.850961538461538,208
"UMass-AR6_pooled_fourier","50",0.829339106721631,6.38045008926418,0.863564280211917,9.859777523381,0.471153846153846,0.942307692307692,208
"UMass-AR6_pooled_fourier","51",0.919126694813359,81.9913301863083,0.923239747699087,114.958833393518,0.4375,0.826923076923077,208
"UMass-AR6_pooled_fourier","53",1.01223771649553,45.9462993205548,1.03897173581349,66.5070750518141,0.533653846153846,0.908653846153846,208
"UMass-AR6_pooled_fourier","54",0.906275857934804,35.8768541063518,0.909214054674581,53.0148819744262,0.5,0.870192307692308,208
"UMass-AR6_pooled_fourier","55",0.915019699672287,52.1338572908294,0.936460756190289,77.309549499707,0.408653846153846,0.870192307692308,208
"UMass-AR6_pooled_fourier","56",0.989226161540737,11.4653560895974,1.00977306956344,16.9561490852843,0.5,0.913461538461538,208
"UMass-AR6_pooled_sigma","01",0.988164647525854,56.9143866159653,0.975230805681745,80.6860501790514,0.413461538461538,0.884615384615385,208
"UMass-AR6_pooled_sigma","02",1.13639502648234,6.84859489152144,1.04925302107214,9.39898317079935,0.360576923076923,0.721153846153846,208
"UMass-AR6_pooled_sigma","04",1.01765795959268,183.852772604839,1.01862159614608,255.365104196416,0.466346153846154,0.855769230769231,208
"UMass-AR6_pooled_sigma","05",0.868773570179778,39.2423823046373,0.896749909262358,57.6586243415688,0.447115384615385,0.860576923076923,208
"UMass-AR6_pooled_sigma","06",0.869116139494287,225.355093365582,0.91498800573365,338.752159050504,0.639423076923077,0.971153846153846,208
"UMass-AR6_pooled_sigma","08",0.941518870501291,51.4651726532007,0.971722709003044,75.3276557260553,0.543269230769231,0.923076923076923,208
"UMass-AR6_pooled_sigma","09",0.909182562591095,31.9441199770299,0.907395250784423,49.1214166875411,0.5,0.927884615384615,208
"UMass-AR6_pooled_sigma","10",1.11358171497182,15.5705403292276,1.08909888583942,20.9261155070513,0.355769230769231,0.735576923076923,208
"UMass-AR6_pooled_sigma","11",1.02439373549781,17.421638683657,0.991937102091296,23.2565539794666,0.216346153846154,0.610576923076923,208
"UMass-AR6_pooled_sigma","12",0.763602605448815,173.453417912661,0.798205206704094,262.483734784606,0.620192307692308,0.961538461538462,208
"UMass-AR6_pooled_sigma","13",0.929694417021405,118.26559642793,0.989242150663395,167.429024902779,0.480769230769231,0.8125,208
"UMass-AR6_pooled_sigma","15",1.08021599565544,10.591998609308,1.01842784651485,14.0894332300485,0.307692307692308,0.75,208
"UMass-AR6_pooled_sigma","16",1.06030406306101,27.5765356647635,1.07711489650985,39.741180297454,0.365384615384615,0.783653846153846,208
"UMass-AR6_pooled_sigma","17",0.967904646195858,112.157763040386,1.01686584937818,160.394769841428,0.610576923076923,0.9375,208
"UMass-AR6_pooled_sigma","18",1.0248077619094,106.963311771854,1.06919893752833,162.926067590867,0.548076923076923,0.913461538461538,208
"UMass-AR6_pooled_sigma","19",0.866458486470791,28.0423599404051,0.888580807805043,43.7144988978966,0.485576923076923,0.908653846153846,208
"UMass-AR6_pooled_sigma","20",0.962993364065617,34.247086434881,0.980575233781231,49.3677703752312,0.461538461538462,0.855769230769231,208
"UMass-AR6_pooled_sigma","21",1.02425762160346,76.9034657005914,1.02364244748923,106.176551377516,0.490384615384615,0.875,208
"UMass-AR6_pooled_sigma","22",0.965569421999321,52.3998375215573,0.964199876281879,76.973086837514,0.379807692307692,0.850961538461538,208
"UMass-AR6_pooled_sigma","23",0.903985826223671,16.1788639376603,0.87934930755015,23.4349354325612,0.466346153846154,0.870192307692308,208
"UMass-AR6_pooled_sigma","24",0.973505722568207,64.384469860519,1.05588168822697,97.5346260072242,0.394230769230769,0.826923076923077,208
"UMass-AR6_pooled_sigma","25",0.89693943558367,91.6756326560379,0.961854826669579,142.84277574555,0.48780487804878,0.946341463414634,208
"UMass-AR6_pooled_sigma","26",0.913787071149252,110.682391868665,0.940264793990841,175.115074388358,0.475961538461538,0.942307692307692,208
"UMass-AR6_pooled_sigma","27",1.3456917894797,90.1085930482332,1.29144068086017,122.652183577558,0.609756097560976,0.897560975609756,208
"UMass-AR6_pooled_sigma","28",0.913882136573929,35.45012432976,0.916408283238409,50.4393391467188,0.461538461538462,0.855769230769231,208
"UMass-AR6_pooled_sigma","29",0.970895643726282,102.057986327153,1.02416004118565,151.134576669597,0.432692307692308,0.899038461538462,208
"UMass-AR6_pooled_sigma","30",0.916847175526297,17.0752441433318,0.882542225530222,23.9300686083421,0.360576923076923,0.745192307692308,208
"UMass-AR6_pooled_sigma","31",0.954510457858817,20.8181190428767,0.952314912799532,30.1514636849457,0.413461538461538,0.884615384615385,208
"UMass-AR6_pooled_sigma","32",0.973629367226417,24.3125412243256,0.997060520628816,36.1200338530636,0.576923076923077,0.923076923076923,208
"UMass-AR6_pooled_sigma","33",1.06950387785212,26.5880359111222,1.0250712869222,36.2086463167182,0.408653846153846,0.778846153846154,208
"UMass-AR6_pooled_sigma","34",0.93770444331632,116.557305875806,0.975677066458451,170.460136388287,0.519230769230769,0.850961538461538,208
"UMass-AR6_pooled_sigma","35",1.01676847018913,30.2976935753198,1.03759681395063,46.1469024004315,0.432692307692308,0.870192307692308,208
"UMass-AR6_pooled_sigma","36",0.952363891701924,178.682789037445,1.03666619474452,277.151496849766,0.581730769230769,0.966346153846154,208
"UMass-AR6_pooled_sigma","37",0.927357397402869,135.011190150201,0.957870663352452,193.415718567144,0.480769230769231,0.793269230769231,208
"UMass-AR6_pooled_sigma","38",0.857697615763291,7.91911948083603,0.85009450841355,11.2547432673555,0.389423076923077,0.826923076923077,208
"UMass-AR6_pooled_sigma","39",0.866350752767398,190.669357119087,0.85705657220127,281.089156026986,0.413461538461538,0.860576923076923,208
"UMass-AR6_pooled_sigma","40",0.89550160595165,58.4595372060435,0.936598565117902,87.543442547399,0.4375,0.923076923076923,208
"UMass-AR6_pooled_sigma","41",1.05785521360056,51.7919236511218,1.06949640586452,70.9035517237601,0.552884615384615,0.889423076923077,208
"UMass-AR6_pooled_sigma","42",0.882637348830073,198.320409354914,0.917810094007049,296.224538694324,0.567307692307692,0.923076923076923,208
"UMass-AR6_pooled_sigma","44",0.894816730504785,12.0919602055364,0.884526067703882,17.00521449929,0.302884615384615,0.754807692307692,208
"UMass-AR6_pooled_sigma","45",0.940636211875191,86.4215552297451,0.943490438423927,118.590392040514,0.514423076923077,0.764423076923077,208
"UMass-AR6_pooled_sigma","46",1.01548937885732,13.2046066168985,0.976886295864477,18.7433398884369,0.288461538461538,0.730769230769231,208
"UMass-AR6_pooled_sigma","47",1.00226976553097,85.9768625796661,1.01358330436524,121.874947259245,0.447115384615385,0.875,208
"UMass-AR6_pooled_sigma","48",0.851217137603509,245.944494038396,0.942110655111796,379.081387513784,0.572115384615385,0.927884615384615,208
"UMass-AR6_pooled_sigma","49",1.01704749288285,24.8056424322808,1.05575715843871,33.7997934059113,0.519230769230769,0.850961538461538,208
"UMass-AR6_pooled_sigma","50",0.965364969165229,7.41471181206274,0.939585890366178,10.725659501083,0.322115384615385,0.802884615384615,208
"UMass-AR6_pooled_sigma","51",1.01720703955823,90.8074706862934,1.0566115697648,131.629507906127,0.413461538461538,0.817307692307692,208
"UMass-AR6_pooled_sigma","53",1.02620939781305,46.596048006548,1.06407094070488,68.0857731205831,0.644230769230769,0.947115384615385,208
"UMass-AR6_pooled_sigma","54",1.1134035293932,44.0018445283201,1.08826514298292,63.3390150597934,0.384615384615385,0.8125,208
"UMass-AR6_pooled_sigma","55",0.853971186639506,48.7376238636411,0.910863820607914,75.270242209698,0.548076923076923,0.951923076923077,208
"UMass-AR6_pooled_sigma","56",1.00907798931437,11.7122725985216,0.937502429482989,15.7737240694345,0.293269230769231,0.701923076923077,208
"UMass-AR6_unpooled","01",1.00641225530168,57.9668802499775,0.976260893448604,80.7693899284585,0.350961538461538,0.841346153846154,208
"UMass-AR6_unpooled","02",1.05263035552141,6.34854251110337,1.04799907949549,9.38688036870522,0.475961538461538,0.879807692307692,208
"UMass-AR6_unpooled","04",1.0192541019033,184.149726866982,1.01993617031026,255.685327931988,0.466346153846154,0.831730769230769,208
"UMass-AR6_unpooled","05",0.867232458217344,39.1767562319288,0.895119842187471,57.5521612766249,0.427884615384615,0.850961538461538,208
"UMass-AR6_unpooled","06",0.920274340722784,238.469888472688,0.931905832852433,345.075097536207,0.490384615384615,0.889423076923077,208
"UMass-AR6_unpooled","08",0.961177850307683,52.5162552576481,0.973080812030251,75.4204290547582,0.485576923076923,0.860576923076923,208
"UMass-AR6_unpooled","09",0.911931982999119,32.0377789355719,0.908258933775016,49.1638580128232,0.5,0.918269230769231,208
"UMass-AR6_unpooled","10",1.03937760220365,14.5304745979106,1.08286943907075,20.8035310843949,0.504807692307692,0.879807692307692,208
"UMass-AR6_unpooled","11",0.94821966243353,16.129546989745,0.989994304564518,23.2116322199444,0.331730769230769,0.8125,208
"UMass-AR6_unpooled","12",0.77844951578597,176.676203704663,0.788930795876673,259.383344887311,0.413461538461538,0.860576923076923,208
"UMass-AR6_unpooled","13",0.96057934970252,122.20143253348,0.991744005740702,167.841886354161,0.389423076923077,0.769230769230769,208
"UMass-AR6_unpooled","15",1.02565547745361,10.0549831064129,1.01979455546399,14.1073024711489,0.403846153846154,0.846153846153846,208
"UMass-AR6_unpooled","16",1.04494652483984,27.1754451546661,1.0737501178392,39.6155538870316,0.413461538461538,0.836538461538462,208
"UMass-AR6_unpooled","17",0.97362263753878,112.79004230732,1.02634651084545,161.868034634013,0.471153846153846,0.894230769230769,208
"UMass-AR6_unpooled","18",1.06759686759439,111.36374767393,1.06863544249734,162.843193244768,0.4375,0.850961538461538,208
"UMass-AR6_unpooled","19",0.882096958824769,28.5398758744608,0.884786305544692,43.5325809231703,0.461538461538462,0.899038461538462,208
"UMass-AR6_unpooled","20",0.970419802156697,34.5102271200704,0.976975246355894,49.1862689599181,0.456730769230769,0.846153846153846,208
"UMass-AR6_unpooled","21",1.03280319323256,77.5370597169016,1.02736765589548,106.555379627542,0.466346153846154,0.870192307692308,208
"UMass-AR6_unpooled","22",0.9850276426282,53.4746168791392,0.963226856999452,76.9028306462903,0.355769230769231,0.817307692307692,208
"UMass-AR6_unpooled","23",0.885726308994014,15.8564981270731,0.879425767159966,23.4384268748209,0.557692307692308,0.889423076923077,208
"UMass-AR6_unpooled","24",1.03589452502844,68.5082412894985,1.0519116085367,97.1826913199718,0.326923076923077,0.725961538461538,208
"UMass-AR6_unpooled","25",0.944142426709146,96.5311829580086,0.973807838128247,144.701667125895,0.360975609756098,0.84390243902439,208
"UMass-AR6_unpooled","26",0.945252702821226,114.475500969323,0.945383975329338,176.07560297737,0.384615384615385,0.855769230769231,208
"UMass-AR6_unpooled","27",1.3244160840897,88.6869460309076,1.30525226400403,123.955685200841,0.502439024390244,0.878048780487805,208
"UMass-AR6_unpooled","28",0.925398419292744,35.8953233859105,0.916956948458148,50.4682779796627,0.4375,0.855769230769231,208
"UMass-AR6_unpooled","29",1.0207815426712,107.238663738856,1.03188786426068,152.262277616826,0.355769230769231,0.846153846153846,208
"UMass-AR6_unpooled","30",0.883653233121613,16.4533675924692,0.882935316346416,23.9432283912646,0.413461538461538,0.822115384615385,208
"UMass-AR6_unpooled","31",0.955634810708898,20.841130940752,0.951411439881405,30.1212154809457,0.427884615384615,0.889423076923077,208
"UMass-AR6_unpooled","32",0.997593653087951,24.8980455688316,1.00211738315296,36.3034840303011,0.528846153846154,0.903846153846154,208
"UMass-AR6_unpooled","33",0.978771219384914,24.3459333551782,0.983317831302791,34.7440142224056,0.485576923076923,0.836538461538462,208
"UMass-AR6_unpooled","34",0.958453778874319,119.121027395652,0.984763986335294,172.03177824222,0.442307692307692,0.822115384615385,208
"UMass-AR6_unpooled","35",1.01208155862584,30.1554001925245,1.0393731334571,46.2272952359251,0.423076923076923,0.879807692307692,208
"UMass-AR6_unpooled","36",1.02612940508781,192.36312745177,1.07426476808912,287.010942014029,0.389423076923077,0.8125,208
"UMass-AR6_unpooled","37",0.959596657734495,139.73020114053,0.956235376775083,193.092463295736,0.442307692307692,0.75,208
"UMass-AR6_unpooled","38",0.827056417738717,7.63760396271716,0.8511134030139,11.2678468674836,0.495192307692308,0.913461538461538,208
"UMass-AR6_unpooled","39",0.842218776474265,185.488419178676,0.860014543509603,282.060528764049,0.346153846153846,0.831730769230769,208
"UMass-AR6_unpooled","40",0.907624210658811,59.237937244809,0.933274526457783,87.2363842604741,0.423076923076923,0.908653846153846,208
"UMass-AR6_unpooled","41",1.09835168023386,53.7559938115396,1.08254261750243,71.7693539406884,0.485576923076923,0.826923076923077,208
"UMass-AR6_unpooled","42",0.892694715205812,200.588908219148,0.917562784457538,296.127650756885,0.423076923076923,0.870192307692308,208
"UMass-AR6_unpooled","44",0.852333276324402,11.5182221551668,0.884827065253527,17.0111334816183,0.403846153846154,0.822115384615385,208
"UMass-AR6_unpooled","45",0.974045490400833,89.5005109184811,0.941913270210281,118.401411921975,0.461538461538462,0.721153846153846,208
"UMass-AR6_unpooled","46",0.945640442380768,12.3016845021398,0.977034224995442,18.7449225804376,0.432692307692308,0.884615384615385,208
"UMass-AR6_unpooled","47",1.01926436321217,87.4320648617077,1.01261266313054,121.758902035534,0.4375,0.860576923076923,208
"UMass-AR6_unpooled","48",0.928489108869273,267.993228244578,0.946688574185115,380.977068915719,0.331730769230769,0.759615384615385,208
"UMass-AR6_unpooled","49",1.02576995701622,25.0165743178896,1.05653749625653,33.8239305457782,0.524038461538462,0.841346153846154,208
"UMass-AR6_unpooled","50",0.919700957652152,7.06754162175667,0.943949018956444,10.7746121576937,0.4375,0.918269230769231,208
"UMass-AR6_unpooled","51",1.04876228911259,93.6423770488205,1.05464648792031,131.408116047706,0.326923076923077,0.783653846153846,208
"UMass-AR6_unpooled","53",1.04090134955058,47.2338175722061,1.06254376340798,67.992809453068,0.581730769230769,0.918269230769231,208
"UMass-AR6_unpooled","54",1.09073967054889,43.1089966239098,1.08469938022103,63.1332283628412,0.423076923076923,0.865384615384615,208
"UMass-AR6_unpooled","55",0.868656486892034,49.5627778535161,0.903444829018118,74.6815660671296,0.456730769230769,0.899038461538462,208
"UMass-AR6_unpooled","56",0.941083826946254,10.9192141877448,0.930346579909793,15.6534617486018,0.456730769230769,0.870192307692308,208
"UMass-chronos_small","01",1.28680402406568,73.9689261852465,1.11541746395378,92.0454567785446,0.235576923076923,0.610576923076923,208
"UMass-chronos_small","02",1.11571776110923,6.71247674248031,1.07079753003604,9.57601224845992,0.432692307692308,0.783653846153846,208
"UMass-chronos_small","04",1.49313891527643,271.109493690258,1.19783492528979,301.656483879456,0.25,0.552884615384615,208
"UMass-chronos_small","05",1.23356897092602,55.6457268622569,1.03791085625202,66.6919561613065,0.153846153846154,0.456730769230769,208
"UMass-chronos_small","06",1.45675024888319,377.929994974533,1.24975984757597,462.607035315954,0.110576923076923,0.447115384615385,208
"UMass-chronos_small","08",1.31879446519588,72.5583827799044,1.18038807612192,91.970457565326,0.201923076923077,0.572115384615385,208
"UMass-chronos_small","09",1.43933292804649,50.6330678744639,1.24985108144112,67.6123772962735,0.158653846153846,0.548076923076923,208
"UMass-chronos_small","10",1.13120517381143,15.8695633388535,1.22261901632392,23.5483390485292,0.451923076923077,0.778846153846154,208
"UMass-chronos_small","11",1.31187232138058,22.2806580573335,1.23636895652102,28.9491273795814,0.283653846153846,0.677884615384615,208
"UMass-chronos_small","12",1.42134929418473,323.222355527179,1.16458975209471,383.718635760821,0.139423076923077,0.360576923076923,208
"UMass-chronos_small","13",1.17099630242201,148.494375743108,1.06140475518596,179.269742523248,0.235576923076923,0.528846153846154,208
"UMass-chronos_small","15",1.04203733172663,10.2298474019513,1.01443388497227,14.0382829102186,0.3125,0.706730769230769,208
"UMass-chronos_small","16",1.40606605025878,36.7549566112998,1.22354403166046,45.3596194184925,0.1875,0.591346153846154,208
"UMass-chronos_small","17",1.39527355018996,161.980658456926,1.2259938458174,193.619827939914,0.163461538461538,0.447115384615385,208
"UMass-chronos_small","18",1.38346103847225,144.786931857366,1.18122771985404,180.230322131744,0.201923076923077,0.509615384615385,208
"UMass-chronos_small","19",1.35246319252008,43.7674609105744,1.11490743032908,54.7663422209712,0.1875,0.524038461538462,208
"UMass-chronos_small","20",1.23016740657906,43.9924831009338,1.17793496730875,59.4525953886601,0.245192307692308,0.576923076923077,208
"UMass-chronos_small","21",1.34363817453117,101.298278991702,1.28211922795063,133.129595460227,0.197115384615385,0.514423076923077,208
"UMass-chronos_small","22",1.38030865208303,74.6334925352726,1.14059123283999,90.5987271425816,0.1875,0.4375,208
"UMass-chronos_small","23",1.39824711123796,25.044193385875,1.16798060472916,31.215451212621,0.298076923076923,0.629807692307692,208
"UMass-chronos_small","24",1.50227454080326,99.0901268576468,1.27686954853534,117.626876236154,0.134615384615385,0.399038461538462,208
"UMass-chronos_small","25",1.38289490235447,140.96571402118,1.10450160882093,163.693747534403,0.278048780487805,0.526829268292683,208
"UMass-chronos_small","26",1.50939600160995,183.922886654071,1.17431749037549,219.58421090933,0.120192307692308,0.389423076923077,208
"UMass-chronos_small","27",1.24581485824104,83.9174928306507,1.00034279347492,95.5987520043443,0.209756097560976,0.468292682926829,208
"UMass-chronos_small","28",1.25590549827252,48.5221310030101,1.11675741561029,61.143183699021,0.293269230769231,0.610576923076923,208
"UMass-chronos_small","29",1.31166720701488,138.734073438008,1.13368913525459,168.101505612525,0.120192307692308,0.365384615384615,208
"UMass-chronos_small","30",1.18214698403912,22.0722381902332,1.052607774138,28.6349016311937,0.322115384615385,0.653846153846154,208
"UMass-chronos_small","31",1.34461675327636,29.3087164779739,1.23285620425038,38.9719303463193,0.206730769230769,0.658653846153846,208
"UMass-chronos_small","32",1.46765333393362,36.7607317908056,1.23035650825708,44.7353862730356,0.225961538461538,0.576923076923077,208
"UMass-chronos_small","33",0.753434780492758,18.8460216272563,0.740693782230555,26.3274252921916,0.394230769230769,0.697115384615385,208
"UMass-chronos_small","34",1.34849193385442,167.622364174012,1.20561358345734,210.041764231829,0.235576923076923,0.519230769230769,208
"UMass-chronos_small","35",1.40989425131876,42.1295702695407,1.15572896288451,51.5362409708592,0.206730769230769,0.5,208
"UMass-chronos_small","36",1.32354318404954,249.285051610862,1.18853409564431,318.614169221658,0.173076923076923,0.557692307692308,208
"UMass-chronos_small","37",1.30679675457988,189.095450783415,1.13734394607168,228.186195865273,0.192307692307692,0.447115384615385,208
"UMass-chronos_small","38",1.19702961038789,11.093271724345,1.14214143312752,15.1916886840302,0.317307692307692,0.730769230769231,208
"UMass-chronos_small","39",1.21114857983697,267.473324570118,0.953013392318643,313.253799628753,0.225961538461538,0.370192307692308,208
"UMass-chronos_small","40",1.48630512810845,97.6314329528098,1.23564687435542,115.938771090828,0.197115384615385,0.475961538461538,208
"UMass-chronos_small","41",1.2006160725884,58.9079330890516,1.10935907976051,73.6851491469603,0.298076923076923,0.644230769230769,208
"UMass-chronos_small","42",1.43798957906095,322.702553932117,1.20066136259975,386.710631040426,0.168269230769231,0.413461538461538,208
"UMass-chronos_small","44",1.21513625955844,16.4277748305707,1.10150527247003,21.197325147537,0.365384615384615,0.701923076923077,208
"UMass-chronos_small","45",1.32725174059557,121.577886519865,1.16709161327093,146.446696652816,0.245192307692308,0.567307692307692,208
"UMass-chronos_small","46",1.34234016858496,17.4044760006376,1.17016333045245,22.4237126680134,0.302884615384615,0.6875,208
"UMass-chronos_small","47",1.35842842828994,116.857278098841,1.1548228458566,138.984473872643,0.221153846153846,0.504807692307692,208
"UMass-chronos_small","48",1.26043908239337,364.252317897861,1.10152586610131,444.16201874843,0.163461538461538,0.533653846153846,208
"UMass-chronos_small","49",1.19474529336158,29.1791211822145,1.06687751757606,34.2361698293915,0.25,0.677884615384615,208
"UMass-chronos_small","50",1.19141539823162,9.14507567206475,1.07145342648107,12.2314663958185,0.418269230769231,0.778846153846154,208
"UMass-chronos_small","51",1.27744986542406,113.755401384183,1.10634159726269,137.487353751293,0.221153846153846,0.509615384615385,208
"UMass-chronos_small","53",1.34468148027699,61.0375765484998,1.19780292742785,76.6692710197889,0.264423076923077,0.610576923076923,208
"UMass-chronos_small","54",1.28707952031889,51.0200624811336,1.06561278980507,62.1960576819972,0.211538461538462,0.543269230769231,208
"UMass-chronos_small","55",1.61125334805419,91.9754965122866,1.30445114569555,107.840537738342,0.134615384615385,0.403846153846154,208
"UMass-chronos_small","56",1.30126882802621,15.1439796558609,1.26933864496762,21.3951741846708,0.288461538461538,0.75,208
"UMass-flusion","01",0.824055528601778,47.259235633942,0.828088890997721,68.2489838312968,0.4375,0.932692307692308,208
"UMass-flusion","02",1.01123856139893,6.11131599792882,1.05934909102853,9.49522349425367,0.456730769230769,0.956730769230769,208
"UMass-flusion","04",0.872291635341195,157.29207908734,0.8615938617006,215.576911698221,0.461538461538462,0.860576923076923,208
"UMass-flusion","05",0.777154505100438,35.09551940359,0.828732907142531,53.361659535559,0.379807692307692,0.884615384615385,208
"UMass-flusion","06",0.865524983503657,223.022572310302,0.885374284357221,325.742202418871,0.504807692307692,0.923076923076923,208
"UMass-flusion","08",0.835224904856841,45.5955147264694,0.833881045724139,64.5959887021385,0.485576923076923,0.903846153846154,208
"UMass-flusion","09",0.841247264618223,29.5263035557712,0.832869145153805,44.9781801282701,0.495192307692308,0.9375,208
"UMass-flusion","10",0.89616839108768,12.5172235183566,0.932918034004826,17.9160681398295,0.538461538461538,0.923076923076923,208
"UMass-flusion","11",0.855658653914278,14.5335019826638,0.90405003197051,21.1782885352587,0.341346153846154,0.836538461538462,208
"UMass-flusion","12",0.777531427399322,175.928482975133,0.786594955197226,257.633651028019,0.456730769230769,0.870192307692308,208
"UMass-flusion","13",0.76566869872547,96.8408906219302,0.791049933978417,133.120207846313,0.427884615384615,0.846153846153846,208
"UMass-flusion","15",0.833570381283754,8.19007438839479,0.913109081822257,12.6354184706856,0.461538461538462,0.951923076923077,208
"UMass-flusion","16",0.876854798058818,22.7890348433671,0.928550486913212,34.2522673083663,0.403846153846154,0.884615384615385,208
"UMass-flusion","17",0.940211004817573,108.636253970535,0.958147192647856,150.693358229684,0.504807692307692,0.884615384615385,208
"UMass-flusion","18",0.918564633559644,95.812591753634,0.894855065446921,136.281626320082,0.471153846153846,0.879807692307692,208
"UMass-flusion","19",0.815085154463697,26.3616856848039,0.798683737284861,39.2386906309536,0.5,0.903846153846154,208
"UMass-flusion","20",0.871416320980558,30.9982395001521,0.862361424094297,43.4440427892141,0.4375,0.870192307692308,208
"UMass-flusion","21",0.937180680065565,70.3129127766793,0.924804996068934,95.8974352846273,0.403846153846154,0.899038461538462,208
"UMass-flusion","22",0.810116004445425,43.7065963672417,0.819058595934195,65.0304799922384,0.399038461538462,0.889423076923077,208
"UMass-flusion","23",0.809410458345221,14.4784496239884,0.813363146725521,21.6611398148345,0.524038461538462,0.913461538461538,208
"UMass-flusion","24",0.815088387200475,53.657685113245,0.840881321967013,77.4242510966167,0.389423076923077,0.846153846153846,208
"UMass-flusion","25",0.805550302925514,81.9343710511743,0.827972485766481,122.531905860907,0.409756097560976,0.873170731707317,208
"UMass-flusion","26",0.823265726894521,99.7077281687529,0.811586195670923,150.929689962416,0.408653846153846,0.889423076923077,208
"UMass-flusion","27",0.83492676717841,56.0082078877289,0.809516425189988,77.030675086957,0.478048780487805,0.907317073170732,208
"UMass-flusion","28",0.766639093041749,29.5700881755717,0.806928691906751,44.1657743390487,0.490384615384615,0.918269230769231,208
"UMass-flusion","29",0.912634892153735,95.8820758952081,0.90203971547131,133.032990357912,0.394230769230769,0.855769230769231,208
"UMass-flusion","30",0.771350610930216,14.3176256006385,0.794578379727522,21.4914745749502,0.418269230769231,0.850961538461538,208
"UMass-flusion","31",0.904424510462394,19.7313242405307,0.908723501573704,28.7806184372767,0.379807692307692,0.894230769230769,208
"UMass-flusion","32",0.817299013648492,20.381711459257,0.814638197492832,29.4736721110061,0.567307692307692,0.918269230769231,208
"UMass-flusion","33",0.813350045353575,20.243987225754,0.815720976251627,28.8408167663461,0.485576923076923,0.879807692307692,208
"UMass-flusion","34",0.792695622733192,98.1391515648833,0.826442553432181,143.915813303959,0.4375,0.894230769230769,208
"UMass-flusion","35",0.829575063471312,24.6161293117454,0.874350451917261,38.7648867632572,0.4375,0.908653846153846,208
"UMass-flusion","36",0.843543996377021,157.639094036149,0.845196953393079,225.421177728516,0.447115384615385,0.908653846153846,208
"UMass-flusion","37",0.766162960399463,110.756114524214,0.794529549111302,159.395437527878,0.413461538461538,0.831730769230769,208
"UMass-flusion","38",0.750304539672398,6.92512626093149,0.7901349286332,10.447278638407,0.552884615384615,0.951923076923077,208
"UMass-flusion","39",0.729392375272337,160.594370673514,0.727412573135891,238.582563047034,0.389423076923077,0.875,208
"UMass-flusion","40",0.827016854981171,53.9677838354055,0.852751734891847,79.6698577934527,0.466346153846154,0.908653846153846,208
"UMass-flusion","41",0.912363599646877,44.6286858442983,0.926136113320383,61.3591863506435,0.519230769230769,0.908653846153846,208
"UMass-flusion","42",0.837084695894562,187.555353911922,0.832947858645957,268.2040810056,0.418269230769231,0.884615384615385,208
"UMass-flusion","44",0.760925186940218,10.2720688182066,0.792469028281929,15.2205875554252,0.480769230769231,0.903846153846154,208
"UMass-flusion","45",0.725440682362517,66.2515818346905,0.759414197522095,95.008255796569,0.442307692307692,0.826923076923077,208
"UMass-flusion","46",0.821802467343105,10.7129306585291,0.873990768155628,16.7893984577406,0.389423076923077,0.9375,208
"UMass-flusion","47",0.824575802741324,70.4579410868641,0.836003870498452,100.147602114379,0.495192307692308,0.899038461538462,208
"UMass-flusion","48",0.792791433133592,228.32844488094,0.811013731218693,325.646753480131,0.485576923076923,0.8125,208
"UMass-flusion","49",0.824318301204495,20.1044245849535,0.850318852104159,27.2428045143523,0.519230769230769,0.894230769230769,208
"UMass-flusion","50",0.774872473575993,5.95596600992374,0.783085684140098,8.93126456523417,0.509615384615385,0.923076923076923,208
"UMass-flusion","51",0.805353896207383,71.5648223820241,0.839580758035312,104.167153696046,0.403846153846154,0.855769230769231,208
"UMass-flusion","53",0.984202648143508,44.684210623539,0.984463481517222,62.980159534451,0.567307692307692,0.923076923076923,208
"UMass-flusion","54",0.869209185285164,34.366830827242,0.85395549657687,49.7542041623574,0.447115384615385,0.875,208
"UMass-flusion","55",0.887834091935941,50.4364113257344,0.917098970377427,75.4381938929235,0.432692307692308,0.903846153846154,208
"UMass-flusion","56",0.941323985185834,10.9026827009631,0.964052391227595,16.1834566868705,0.432692307692308,0.903846153846154,208
"UMass-flusion3","01",0.859504933635792,49.31683902532,0.859318868881228,70.8484683218379,0.451923076923077,0.918269230769231,208
"UMass-flusion3","02",1.02913649581163,6.21870630909808,1.08481437229621,9.72227051812686,0.471153846153846,0.966346153846154,208
"UMass-flusion3","04",0.898477609524947,162.134779802798,0.893894236999783,223.825511244754,0.461538461538462,0.855769230769231,208
"UMass-flusion3","05",0.804812611988089,36.3349159472462,0.845977840749459,54.4491197628599,0.375,0.865384615384615,208
"UMass-flusion3","06",0.871986386527685,225.00960397591,0.886666764693067,326.83108554739,0.490384615384615,0.903846153846154,208
"UMass-flusion3","08",0.859002686723284,46.9050193514287,0.857654546894208,66.4607907822666,0.485576923076923,0.889423076923077,208
"UMass-flusion3","09",0.83758702322466,29.4058815284132,0.831132129808834,44.9257311998132,0.504807692307692,0.927884615384615,208
"UMass-flusion3","10",0.927074142699939,12.9534667940826,0.968031367231081,18.5932392411196,0.552884615384615,0.913461538461538,208
"UMass-flusion3","11",0.887843725253491,15.0831075141019,0.933147855731017,21.8630430785647,0.355769230769231,0.836538461538462,208
"UMass-flusion3","12",0.798022885066152,180.633015307807,0.798491005896987,261.716778139111,0.471153846153846,0.850961538461538,208
"UMass-flusion3","13",0.796832355691563,100.827723645065,0.815375937569469,137.304956203479,0.432692307692308,0.826923076923077,208
"UMass-flusion3","15",0.859281856696564,8.44533867721273,0.948985426840588,13.1307504875797,0.456730769230769,0.947115384615385,208
"UMass-flusion3","16",0.925824758298639,24.0731017531664,0.980141146388378,36.1680060741771,0.389423076923077,0.879807692307692,208
"UMass-flusion3","17",0.94880899632296,109.705225115633,0.957812493223897,150.809306261918,0.490384615384615,0.875,208
"UMass-flusion3","18",0.952557422736093,99.3696730358074,0.929005048914983,141.556273298423,0.442307692307692,0.884615384615385,208
"UMass-flusion3","19",0.831925406260549,26.8960393465654,0.820161898444407,40.2902348576025,0.471153846153846,0.899038461538462,208
"UMass-flusion3","20",0.895269990864215,31.8544065996163,0.884162636036395,44.5567112402965,0.451923076923077,0.855769230769231,208
"UMass-flusion3","21",0.962660821268605,72.2403017001834,0.946229286911544,98.1357950841807,0.4375,0.884615384615385,208
"UMass-flusion3","22",0.844758630773078,45.6058924724435,0.848009246542308,67.3747847292666,0.447115384615385,0.884615384615385,208
"UMass-flusion3","23",0.812160300543734,14.5321435288098,0.824503291807505,21.9649047069458,0.528846153846154,0.913461538461538,208
"UMass-flusion3","24",0.864277652798411,56.9334013446872,0.881784095543499,81.2412309180256,0.399038461538462,0.817307692307692,208
"UMass-flusion3","25",0.852247510474599,86.7228682283809,0.867911036578837,128.481064546636,0.385365853658537,0.84390243902439,208
"UMass-flusion3","26",0.85549716990827,103.539938552038,0.833567852516274,155.029370634642,0.418269230769231,0.865384615384615,208
"UMass-flusion3","27",0.874152331025748,58.6372462919944,0.853585550862786,81.2341669759733,0.482926829268293,0.892682926829268,208
"UMass-flusion3","28",0.815641328212989,31.4935154020529,0.846120874449289,46.3647762281872,0.5,0.903846153846154,208
"UMass-flusion3","29",0.935594775427078,98.2815219703607,0.923746118699342,136.293902674541,0.384615384615385,0.855769230769231,208
"UMass-flusion3","30",0.797620244127879,14.8161936736992,0.811751864278414,21.9638931228304,0.432692307692308,0.836538461538462,208
"UMass-flusion3","31",0.898273742907518,19.5982405772497,0.904773596477401,28.6575368581825,0.403846153846154,0.899038461538462,208
"UMass-flusion3","32",0.852521636025232,21.2690898181352,0.854567124818504,30.9530557478428,0.567307692307692,0.913461538461538,208
"UMass-flusion3","33",0.854119027112819,21.2560022246174,0.851331904219857,30.0951626434903,0.466346153846154,0.860576923076923,208
"UMass-flusion3","34",0.816820668238317,101.266972894885,0.839681035511159,146.414755983803,0.418269230769231,0.850961538461538,208
"UMass-flusion3","35",0.883677878515442,26.2448735417468,0.918778356930159,40.7602739887164,0.408653846153846,0.884615384615385,208
"UMass-flusion3","36",0.870061084015422,162.758671367071,0.865117041435841,231.089000252457,0.418269230769231,0.889423076923077,208
"UMass-flusion3","37",0.810390558026945,117.312086171913,0.820573814251339,164.854410034121,0.399038461538462,0.807692307692308,208
"UMass-flusion3","38",0.770020600461185,7.11270815585596,0.7897567870612,10.4517381341341,0.591346153846154,0.956730769230769,208
"UMass-flusion3","39",0.728123542949447,160.414582780358,0.733803121281298,240.80563982682,0.360576923076923,0.870192307692308,208
"UMass-flusion3","40",0.8461581529725,55.2097453444808,0.861037490897975,80.4746058261561,0.466346153846154,0.903846153846154,208
"UMass-flusion3","41",0.943299727483963,46.1457703335173,0.9544342295232,63.244996035336,0.490384615384615,0.899038461538462,208
"UMass-flusion3","42",0.844694783032844,189.392870785251,0.839918040177235,270.647825292336,0.413461538461538,0.889423076923077,208
"UMass-flusion3","44",0.774968162665987,10.4679897057649,0.812671459199281,15.6162958034786,0.485576923076923,0.899038461538462,208
"UMass-flusion3","45",0.773066205252613,70.7057609350661,0.790286946359936,99.0101825297483,0.461538461538462,0.802884615384615,208
"UMass-flusion3","46",0.860761626668624,11.219224667578,0.910796854276455,17.4963515136786,0.403846153846154,0.9375,208
"UMass-flusion3","47",0.871627212724998,74.5385928346467,0.881843320486137,105.719590542022,0.490384615384615,0.884615384615385,208
"UMass-flusion3","48",0.832119471786552,239.790056875769,0.81892641289736,329.052460767893,0.528846153846154,0.778846153846154,208
"UMass-flusion3","49",0.850493924793034,20.7511626018048,0.877728527397568,28.1318179646995,0.548076923076923,0.870192307692308,208
"UMass-flusion3","50",0.794730165571085,6.10953685459593,0.81093977184726,9.25110263596633,0.495192307692308,0.927884615384615,208
"UMass-flusion3","51",0.847684418762996,75.4152672249055,0.868126105431465,107.834194798531,0.447115384615385,0.836538461538462,208
"UMass-flusion3","53",0.990730326024017,44.9596613335192,1.00442338822278,64.2547067608396,0.600961538461538,0.913461538461538,208
"UMass-flusion3","54",0.885550937333965,35.0283904588352,0.877998099882729,51.1654342946227,0.471153846153846,0.879807692307692,208
"UMass-flusion3","55",0.903932074480159,51.3797298806388,0.92878369766201,76.483434350622,0.423076923076923,0.908653846153846,208
"UMass-flusion3","56",0.963549494627505,11.1601706218227,0.989370290236332,16.6055841065061,0.456730769230769,0.903846153846154,208
"UMass-flusion3_weighted","01",0.84080436672742,48.2130596116534,0.853577154038131,70.3411494947467,0.466346153846154,0.942307692307692,208
"UMass-flusion3_weighted","02",1.0079379877763,6.0892428164199,1.04212130241427,9.33778898974964,0.490384615384615,0.961538461538462,208
"UMass-flusion3_weighted","04",0.87170477121281,157.299803187657,0.898978076032661,225.004336971591,0.490384615384615,0.875,208
"UMass-flusion3_weighted","05",0.796349588007115,35.9490927776957,0.844687895848644,54.3907983298877,0.394230769230769,0.908653846153846,208
"UMass-flusion3_weighted","06",0.870367121905132,224.611607664356,0.898783042121436,331.442805525767,0.519230769230769,0.908653846153846,208
"UMass-flusion3_weighted","08",0.856904664796597,46.8009044158033,0.861506902631936,66.7753861652679,0.504807692307692,0.889423076923077,208
"UMass-flusion3_weighted","09",0.838495853626529,29.4499305304864,0.824786826361469,44.5964181704302,0.514423076923077,0.932692307692308,208
"UMass-flusion3_weighted","10",0.894108732470705,12.487997571644,0.930509323502566,17.8629743149028,0.576923076923077,0.913461538461538,208
"UMass-flusion3_weighted","11",0.866042002582425,14.7074392370353,0.909049016561141,21.2932787957705,0.365384615384615,0.865384615384615,208
"UMass-flusion3_weighted","12",0.792861310284535,179.483633101366,0.81315445392035,266.671248030966,0.485576923076923,0.875,208
"UMass-flusion3_weighted","13",0.792534767939853,100.261434772261,0.819377086463961,137.973072608807,0.447115384615385,0.826923076923077,208
"UMass-flusion3_weighted","15",0.854184714244021,8.39060609034345,0.936545968549835,12.9516783775172,0.451923076923077,0.947115384615385,208
"UMass-flusion3_weighted","16",0.892847848789827,23.2120541597773,0.952259449837698,35.1151076156575,0.399038461538462,0.884615384615385,208
"UMass-flusion3_weighted","17",0.952096587874902,110.092929086358,0.969512254952618,152.711111177132,0.509615384615385,0.894230769230769,208
"UMass-flusion3_weighted","18",0.949802512501235,99.1226532804413,0.940229660847491,143.338296267189,0.475961538461538,0.894230769230769,208
"UMass-flusion3_weighted","19",0.833731373734469,26.9592533630487,0.834361289117664,40.9964121167818,0.495192307692308,0.899038461538462,208
"UMass-flusion3_weighted","20",0.885721310481316,31.5089270935686,0.880182473736629,44.3538867345238,0.461538461538462,0.870192307692308,208
"UMass-flusion3_weighted","21",0.94974981110818,71.255752396289,0.936955051293505,97.1511626082767,0.4375,0.908653846153846,208
"UMass-flusion3_weighted","22",0.828229164289874,44.6798371899939,0.832794933004013,66.1434778831703,0.447115384615385,0.899038461538462,208
"UMass-flusion3_weighted","23",0.803242588278174,14.368314084764,0.810526201533275,21.5897201418387,0.548076923076923,0.918269230769231,208
"UMass-flusion3_weighted","24",0.83943500612427,55.2771939935954,0.879429024240025,80.998472159497,0.403846153846154,0.846153846153846,208
"UMass-flusion3_weighted","25",0.831844236093802,84.6325893900514,0.866589670894389,128.266844172244,0.419512195121951,0.878048780487805,208
"UMass-flusion3_weighted","26",0.849962335995643,102.894678727157,0.832383252274183,154.872629797877,0.427884615384615,0.875,208
"UMass-flusion3_weighted","27",0.847272977982827,56.8543540961522,0.855474687778661,81.4327471112206,0.531707317073171,0.91219512195122,208
"UMass-flusion3_weighted","28",0.781539781813243,30.1460327534398,0.828189291882409,45.3490884461547,0.504807692307692,0.927884615384615,208
"UMass-flusion3_weighted","29",0.933435097779449,98.0757252850751,0.924957099708391,136.494162445375,0.394230769230769,0.855769230769231,208
"UMass-flusion3_weighted","30",0.790761581472257,14.6849767709041,0.809606686365643,21.9086690575723,0.451923076923077,0.870192307692308,208
"UMass-flusion3_weighted","31",0.89166885010323,19.4505948034316,0.895564508754483,28.3615555269948,0.418269230769231,0.913461538461538,208
"UMass-flusion3_weighted","32",0.838227334145145,20.9172116041623,0.848366694768875,30.7218686482309,0.557692307692308,0.918269230769231,208
"UMass-flusion3_weighted","33",0.798044848355385,19.8686277427643,0.83713967105452,29.5944354543234,0.495192307692308,0.875,208
"UMass-flusion3_weighted","34",0.798897388507097,98.9758078254364,0.825913469198769,143.94986003732,0.451923076923077,0.889423076923077,208
"UMass-flusion3_weighted","35",0.869806611833919,25.8250831384263,0.904266588703827,40.1002567606778,0.413461538461538,0.884615384615385,208
"UMass-flusion3_weighted","36",0.877185498729764,164.164825208258,0.876132515226138,234.224242605893,0.471153846153846,0.913461538461538,208
"UMass-flusion3_weighted","37",0.780188718668134,112.789307294561,0.818379486405428,164.376407157691,0.403846153846154,0.855769230769231,208
"UMass-flusion3_weighted","38",0.753144136216808,6.95285525533443,0.773184644567348,10.2340499287073,0.572115384615385,0.961538461538462,208
"UMass-flusion3_weighted","39",0.730096965287905,160.84994785804,0.741147789345163,243.257644191527,0.413461538461538,0.889423076923077,208
"UMass-flusion3_weighted","40",0.833252257931871,54.3645909942908,0.85486320220527,79.8622073766826,0.461538461538462,0.913461538461538,208
"UMass-flusion3_weighted","41",0.926116798425019,45.3020554371745,0.941713996744874,62.3949186665855,0.504807692307692,0.903846153846154,208
"UMass-flusion3_weighted","42",0.835963613294109,187.392542350389,0.844192604715752,272.015292713416,0.399038461538462,0.913461538461538,208
"UMass-flusion3_weighted","44",0.765237457594667,10.3303524689035,0.800730962783422,15.3772168300599,0.504807692307692,0.908653846153846,208
"UMass-flusion3_weighted","45",0.740823837480781,67.6707491769766,0.786521652892375,98.5229234917733,0.456730769230769,0.855769230769231,208
"UMass-flusion3_weighted","46",0.841581727450306,10.9661745966719,0.884628457486462,16.9861461337049,0.418269230769231,0.947115384615385,208
"UMass-flusion3_weighted","47",0.844852621905254,72.2151939715354,0.871054722606559,104.375345261382,0.509615384615385,0.913461538461538,208
"UMass-flusion3_weighted","48",0.819741326337861,236.284792586451,0.8421822345843,338.709313188662,0.519230769230769,0.817307692307692,208
"UMass-flusion3_weighted","49",0.831406753964741,20.2767945585773,0.882319666263834,28.2613611023183,0.576923076923077,0.894230769230769,208
"UMass-flusion3_weighted","50",0.788637728330734,6.06152709260181,0.805407280200774,9.18558040708777,0.533653846153846,0.9375,208
"UMass-flusion3_weighted","51",0.812350691622292,72.17131051436,0.861087249610622,106.923171257022,0.403846153846154,0.865384615384615,208
"UMass-flusion3_weighted","53",0.985196409087061,44.720088263081,1.00373929223008,64.2093333565122,0.576923076923077,0.927884615384615,208
"UMass-flusion3_weighted","54",0.876070581250324,34.6397458975073,0.862617743494877,50.2569408681501,0.495192307692308,0.894230769230769,208
"UMass-flusion3_weighted","55",0.900988773961515,51.218836004602,0.930674855415444,76.6447613928553,0.423076923076923,0.908653846153846,208
"UMass-flusion3_weighted","56",0.938293412811002,10.8663731976648,0.94405862861385,15.8442353811712,0.475961538461538,0.903846153846154,208
"UMass-flusion_fourier","01",0.83215655359084,47.7186559322218,0.835884373813079,68.880278504915,0.442307692307692,0.932692307692308,208
"UMass-flusion_fourier","02",1.00739283579857,6.08892042538756,1.0578380659218,9.48247189203797,0.461538461538462,0.951923076923077,208
"UMass-flusion_fourier","04",0.869491512168757,156.797007655945,0.86083607021731,215.407006824596,0.456730769230769,0.865384615384615,208
"UMass-flusion_fourier","05",0.784215776119019,35.4054717198679,0.835164037687108,53.7631116113108,0.355769230769231,0.889423076923077,208
"UMass-flusion_fourier","06",0.871440128708229,224.538095098599,0.892954593657408,328.499554630899,0.504807692307692,0.923076923076923,208
"UMass-flusion_fourier","08",0.838044279057077,45.7447031282341,0.836951222932446,64.8220127310165,0.490384615384615,0.899038461538462,208
"UMass-flusion_fourier","09",0.845781774139971,29.6818479693745,0.840055252953644,45.3605602115087,0.495192307692308,0.9375,208
"UMass-flusion_fourier","10",0.897179182398732,12.5318596071511,0.933624858809449,17.9302342399392,0.538461538461538,0.923076923076923,208
"UMass-flusion_fourier","11",0.860431250772614,14.6140060619761,0.908632636363241,21.2844904678907,0.341346153846154,0.836538461538462,208
"UMass-flusion_fourier","12",0.788534571430595,178.376469389043,0.797444450852332,261.140977045087,0.442307692307692,0.865384615384615,208
"UMass-flusion_fourier","13",0.771998781338291,97.6232917431915,0.796632417779332,134.034290628653,0.418269230769231,0.836538461538462,208
"UMass-flusion_fourier","15",0.832551754766646,8.17965958936971,0.906238286938908,12.5398251514204,0.456730769230769,0.947115384615385,208
"UMass-flusion_fourier","16",0.875020648773918,22.7449570933288,0.923746954055504,34.0803776091948,0.413461538461538,0.884615384615385,208
"UMass-flusion_fourier","17",0.944775882725871,109.161241645421,0.957946821381678,150.658899233459,0.509615384615385,0.875,208
"UMass-flusion_fourier","18",0.927684541715245,96.7549391967798,0.903549949014168,137.586645347933,0.471153846153846,0.884615384615385,208
"UMass-flusion_fourier","19",0.824473738941977,26.6594019447432,0.809753003020105,39.7725082691142,0.5,0.903846153846154,208
"UMass-flusion_fourier","20",0.874709479758737,31.1140520414396,0.868539859958812,43.7484414813962,0.447115384615385,0.870192307692308,208
"UMass-flusion_fourier","21",0.942330075464514,70.6995339653061,0.930274163478855,96.4623205289431,0.389423076923077,0.899038461538462,208
"UMass-flusion_fourier","22",0.810267862711119,43.7141808709252,0.818592551157966,64.992455169964,0.418269230769231,0.889423076923077,208
"UMass-flusion_fourier","23",0.807166146972547,14.4386168014939,0.812202623764881,21.6310645985899,0.519230769230769,0.913461538461538,208
"UMass-flusion_fourier","24",0.823212498942059,54.1896010813432,0.84747839723037,78.0234330414248,0.389423076923077,0.850961538461538,208
"UMass-flusion_fourier","25",0.812844839276961,82.6539895129388,0.835394957965403,123.592232754864,0.4,0.868292682926829,208
"UMass-flusion_fourier","26",0.83059950493485,100.571277368285,0.816805386597759,151.875151281201,0.403846153846154,0.879807692307692,208
"UMass-flusion_fourier","27",0.837501853633418,56.181521644314,0.811546010419954,77.2229771702223,0.48780487804878,0.91219512195122,208
"UMass-flusion_fourier","28",0.775505280905366,29.906391363359,0.810734671016493,44.3637751171523,0.490384615384615,0.908653846153846,208
"UMass-flusion_fourier","29",0.91432889539784,96.0617795084646,0.900709047599217,132.847084569812,0.403846153846154,0.865384615384615,208
"UMass-flusion_fourier","30",0.77158916454649,14.3225754065547,0.792624812802596,21.4380832638779,0.418269230769231,0.855769230769231,208
"UMass-flusion_fourier","31",0.907131735427755,19.7893418544722,0.912880111580626,28.909079726283,0.384615384615385,0.889423076923077,208
"UMass-flusion_fourier","32",0.822283190369624,20.5054856869285,0.824255291774997,29.8170626316818,0.557692307692308,0.913461538461538,208
"UMass-flusion_fourier","33",0.811911977498637,20.209141126841,0.811254161310081,28.6842808706053,0.480769230769231,0.870192307692308,208
"UMass-flusion_fourier","34",0.798649680980526,98.8780427894813,0.828695468419461,144.293459878414,0.427884615384615,0.889423076923077,208
"UMass-flusion_fourier","35",0.82913365344522,24.6085805614726,0.868799872996635,38.5267335397439,0.432692307692308,0.903846153846154,208
"UMass-flusion_fourier","36",0.846748371147681,158.241938360826,0.850248546921479,226.747952571633,0.451923076923077,0.899038461538462,208
"UMass-flusion_fourier","37",0.776215145147928,112.191669962824,0.80222903441471,160.928206275782,0.413461538461538,0.822115384615385,208
"UMass-flusion_fourier","38",0.755594715905081,6.97283406291955,0.792194542767587,10.4731424946143,0.557692307692308,0.951923076923077,208
"UMass-flusion_fourier","39",0.733393378166355,161.466910814152,0.72984040969357,239.385242875913,0.389423076923077,0.870192307692308,208
"UMass-flusion_fourier","40",0.832056685059486,54.2872961625778,0.854659836294475,79.8456629101055,0.471153846153846,0.908653846153846,208
"UMass-flusion_fourier","41",0.919554113162997,44.9795143570623,0.935047642112269,61.9477563581995,0.504807692307692,0.908653846153846,208
"UMass-flusion_fourier","42",0.842853251305798,188.841399592395,0.833804956303671,268.470911354039,0.413461538461538,0.884615384615385,208
"UMass-flusion_fourier","44",0.7667809226046,10.3506139303668,0.797226795248588,15.3115014631663,0.471153846153846,0.899038461538462,208
"UMass-flusion_fourier","45",0.732417401919184,66.8881354134252,0.76346444793343,95.514572042664,0.451923076923077,0.822115384615385,208
"UMass-flusion_fourier","46",0.82919660971438,10.8071510653181,0.879899936468205,16.9003242988489,0.394230769230769,0.9375,208
"UMass-flusion_fourier","47",0.83127998121742,71.0275950088864,0.845339577466948,101.244347478665,0.5,0.899038461538462,208
"UMass-flusion_fourier","48",0.804534481827895,231.680885393795,0.818718199264751,328.737511480047,0.490384615384615,0.8125,208
"UMass-flusion_fourier","49",0.824675808301435,20.1136811926664,0.850199484699148,27.2385217735283,0.519230769230769,0.894230769230769,208
"UMass-flusion_fourier","50",0.781793970924687,6.00834753068089,0.788997158127503,8.99831220675946,0.509615384615385,0.923076923076923,208
"UMass-flusion_fourier","51",0.81493043535382,72.4034271370882,0.848547134632587,105.261245349385,0.408653846153846,0.855769230769231,208
"UMass-flusion_fourier","53",0.988254114102016,44.8650376076669,0.992657877768644,63.503448544894,0.567307692307692,0.913461538461538,208
"UMass-flusion_fourier","54",0.871482714279664,34.4573128541722,0.854597864719995,49.7928127743712,0.456730769230769,0.889423076923077,208
"UMass-flusion_fourier","55",0.894637338275715,50.8212855979147,0.91929255617912,75.618317606487,0.427884615384615,0.894230769230769,208
"UMass-flusion_fourier","56",0.940016219180001,10.8876770489215,0.960073901297062,16.118104281662,0.442307692307692,0.903846153846154,208
"UMass-flusion_spatial","01",0.831530403780207,47.6830819054352,0.8336992393472,68.7024934504205,0.432692307692308,0.932692307692308,208
"UMass-flusion_spatial","02",1.00745775982582,6.08938822562735,1.05690833483545,9.47467560273904,0.461538461538462,0.951923076923077,208
"UMass-flusion_spatial","04",0.869490444946241,156.797210350107,0.862665122255678,215.857325649411,0.456730769230769,0.855769230769231,208
"UMass-flusion_spatial","05",0.783842815021579,35.3882657927391,0.834333919661393,53.7087764254573,0.360576923076923,0.889423076923077,208
"UMass-flusion_spatial","06",0.872754941687872,224.873755380405,0.896266817758645,329.724826020116,0.504807692307692,0.927884615384615,208
"UMass-flusion_spatial","08",0.837656491205269,45.7234310536071,0.835780941240441,64.7337591194439,0.485576923076923,0.903846153846154,208
"UMass-flusion_spatial","09",0.846129282376664,29.6936835936089,0.838891370911964,45.3010533854652,0.485576923076923,0.9375,208
"UMass-flusion_spatial","10",0.896932491909016,12.528264612318,0.934265883803877,17.9422266588883,0.538461538461538,0.923076923076923,208
"UMass-flusion_spatial","11",0.860564957667806,14.6163267423638,0.907872566567161,21.2676450039051,0.341346153846154,0.841346153846154,208
"UMass-flusion_spatial","12",0.789035039953719,178.489092715617,0.80153139573602,262.473500565155,0.427884615384615,0.865384615384615,208
"UMass-flusion_spatial","13",0.771572991746298,97.5713479575338,0.796124998147766,133.94476527623,0.413461538461538,0.846153846153846,208
"UMass-flusion_spatial","15",0.833104903980402,8.18494480886243,0.906245052578217,12.5400420213481,0.461538461538462,0.947115384615385,208
"UMass-flusion_spatial","16",0.874825679885378,22.7400680133458,0.924144200757289,34.0948132802458,0.408653846153846,0.889423076923077,208
"UMass-flusion_spatial","17",0.944371080988539,109.115574787945,0.957744040516235,150.639238449908,0.514423076923077,0.879807692307692,208
"UMass-flusion_spatial","18",0.928145271908606,96.8012953303564,0.903482850171696,137.578736036454,0.471153846153846,0.884615384615385,208
"UMass-flusion_spatial","19",0.824767638859394,26.6690192592749,0.808800325542754,39.728433689249,0.5,0.899038461538462,208
"UMass-flusion_spatial","20",0.874411795136336,31.1031855738755,0.864116117761402,43.5298969949062,0.456730769230769,0.870192307692308,208
"UMass-flusion_spatial","21",0.941974481249047,70.6727926921923,0.930083935159645,96.4429731198642,0.389423076923077,0.894230769230769,208
"UMass-flusion_spatial","22",0.811085605654009,43.7577078852057,0.820296074785071,65.124153514851,0.427884615384615,0.889423076923077,208
"UMass-flusion_spatial","23",0.808029497808547,14.4540302707737,0.80994358237601,21.5700767254736,0.509615384615385,0.913461538461538,208
"UMass-flusion_spatial","24",0.822885611441767,54.1680696787607,0.846003636831878,77.8908021087364,0.384615384615385,0.846153846153846,208
"UMass-flusion_spatial","25",0.813587425092653,82.7297943932115,0.83461369945446,123.479323094947,0.395121951219512,0.868292682926829,208
"UMass-flusion_spatial","26",0.829060565898841,100.388383708161,0.815345880818297,151.618004408753,0.394230769230769,0.894230769230769,208
"UMass-flusion_spatial","27",0.838180200545686,56.2264258483197,0.811037989052728,77.1783227035592,0.478048780487805,0.907317073170732,208
"UMass-flusion_spatial","28",0.77599857058166,29.9248305328426,0.813597198364084,44.5230585168678,0.485576923076923,0.913461538461538,208
"UMass-flusion_spatial","29",0.914340132338378,96.0622401313047,0.902250345098346,133.072294917589,0.403846153846154,0.865384615384615,208
"UMass-flusion_spatial","30",0.772069637677744,14.3315394995693,0.793333127531901,21.4573471568011,0.423076923076923,0.860576923076923,208
"UMass-flusion_spatial","31",0.906864963266092,19.7835627584366,0.912057173980727,28.8822850275627,0.375,0.889423076923077,208
"UMass-flusion_spatial","32",0.822094233545355,20.500695801509,0.82473597156668,29.834696147248,0.567307692307692,0.913461538461538,208
"UMass-flusion_spatial","33",0.812129736431682,20.2147469737812,0.810082334994644,28.6438474438192,0.485576923076923,0.875,208
"UMass-flusion_spatial","34",0.799175244480946,98.9407350778348,0.830290014188644,144.577868974303,0.432692307692308,0.889423076923077,208
"UMass-flusion_spatial","35",0.829159624737802,24.6085050519605,0.870654590758605,38.6100684382668,0.4375,0.903846153846154,208
"UMass-flusion_spatial","36",0.846967821389097,158.279637284281,0.849512675020228,226.561364290787,0.451923076923077,0.903846153846154,208
"UMass-flusion_spatial","37",0.775381171975227,112.072684061784,0.800572207792863,160.598993377164,0.413461538461538,0.831730769230769,208
"UMass-flusion_spatial","38",0.755166497210846,6.96896007240061,0.793038383515796,10.4844337936052,0.557692307692308,0.951923076923077,208
"UMass-flusion_spatial","39",0.733181886861057,161.42121964881,0.728777103628557,239.03905423743,0.394230769230769,0.865384615384615,208
"UMass-flusion_spatial","40",0.831846632800702,54.2735193832033,0.85643725211321,80.0125682135523,0.466346153846154,0.908653846153846,208
"UMass-flusion_spatial","41",0.91908048453426,44.956112010854,0.930887293112064,61.6719160418826,0.5,0.908653846153846,208
"UMass-flusion_spatial","42",0.842968748697525,188.867558603418,0.835413315882384,268.996023083515,0.418269230769231,0.879807692307692,208
"UMass-flusion_spatial","44",0.765929266466404,10.3393247246564,0.796673407230176,15.3014869704393,0.471153846153846,0.899038461538462,208
"UMass-flusion_spatial","45",0.732990606345295,66.9395263190479,0.765241993305123,95.7371187492465,0.447115384615385,0.822115384615385,208
"UMass-flusion_spatial","46",0.828282574761243,10.7955401051853,0.879331352740343,16.8897733779278,0.394230769230769,0.9375,208
"UMass-flusion_spatial","47",0.830680216004278,70.9761417575035,0.84444297901309,101.142975609583,0.495192307692308,0.899038461538462,208
"UMass-flusion_spatial","48",0.804569655476765,231.697179556369,0.818363124167564,328.579124226645,0.485576923076923,0.807692307692308,208
"UMass-flusion_spatial","49",0.824992616234712,20.1214818268749,0.852568176006355,27.3147566949667,0.528846153846154,0.894230769230769,208
"UMass-flusion_spatial","50",0.781021210995157,6.00251525056675,0.787353165537787,8.9798109621349,0.514423076923077,0.923076923076923,208
"UMass-flusion_spatial","51",0.815060248661441,72.4146035737761,0.849603461080466,105.385931054497,0.408653846153846,0.855769230769231,208
"UMass-flusion_spatial","53",0.989555819130206,44.9237059087455,0.993123003335101,63.5328954459346,0.576923076923077,0.923076923076923,208
"UMass-flusion_spatial","54",0.872005666322622,34.4780281965263,0.855293255539779,49.832645070774,0.447115384615385,0.889423076923077,208
"UMass-flusion_spatial","55",0.894151598177421,50.7942333198651,0.91917659457655,75.6125620923346,0.427884615384615,0.894230769230769,208
"UMass-flusion_spatial","56",0.939961516319625,10.8870080524994,0.960213630079827,16.1197822628243,0.4375,0.903846153846154,208
"UMass-flusion_spatial2","01",0.831860440423165,47.6708188609037,0.838150578126021,69.0306990975202,0.427884615384615,0.927884615384615,208
"UMass-flusion_spatial2","02",0.998027389493724,6.0286033263185,1.07053206142853,9.59228662596349,0.451923076923077,0.961538461538462,208
"UMass-flusion_spatial2","04",0.857284414408629,154.677394987946,0.856083465677153,214.370731599911,0.447115384615385,0.855769230769231,208
"UMass-flusion_spatial2","05",0.767666293617135,34.6512988999837,0.822170794830095,52.9099251460428,0.365384615384615,0.884615384615385,208
"UMass-flusion_spatial2","06",0.877533971849852,226.189685249381,0.900559353736783,331.414778823488,0.533653846153846,0.918269230769231,208
"UMass-flusion_spatial2","08",0.817780029471392,44.6547658750934,0.825341231133948,63.9342006451648,0.475961538461538,0.884615384615385,208
"UMass-flusion_spatial2","09",0.820466329900169,28.8062661965121,0.827922481153022,44.7374980933496,0.466346153846154,0.942307692307692,208
"UMass-flusion_spatial2","10",0.882546680112353,12.3238180448866,0.924465667343339,17.7491200741017,0.528846153846154,0.913461538461538,208
"UMass-flusion_spatial2","11",0.863049173847522,14.6538671258639,0.903109243454762,21.1509870251693,0.331730769230769,0.836538461538462,208
"UMass-flusion_spatial2","12",0.78365041812013,177.316074464043,0.802257877373751,262.927706878861,0.394230769230769,0.894230769230769,208
"UMass-flusion_spatial2","13",0.774575318945344,97.9870550130866,0.804612415985256,135.411843738484,0.423076923076923,0.822115384615385,208
"UMass-flusion_spatial2","15",0.838402308910259,8.23664667748954,0.896535160627288,12.4089387866358,0.475961538461538,0.942307692307692,208
"UMass-flusion_spatial2","16",0.85687951758978,22.2619166887012,0.908316848022412,33.4974710471906,0.403846153846154,0.875,208
"UMass-flusion_spatial2","17",0.94298128101446,108.983685104633,0.970948906885249,152.776839275891,0.466346153846154,0.875,208
"UMass-flusion_spatial2","18",0.921503352551982,96.1432858982861,0.904015930974499,137.801449390157,0.408653846153846,0.889423076923077,208
"UMass-flusion_spatial2","19",0.80526513459742,26.0463605705578,0.806219622550975,39.6220111257813,0.471153846153846,0.903846153846154,208
"UMass-flusion_spatial2","20",0.854173298658574,30.3761133572072,0.852867848002358,42.9519717798472,0.427884615384615,0.870192307692308,208
"UMass-flusion_spatial2","21",0.917194937270752,68.7884766581101,0.912210279248876,94.5379084769583,0.427884615384615,0.889423076923077,208
"UMass-flusion_spatial2","22",0.802866444415787,43.3343206765648,0.819277145360104,65.0855256244099,0.365384615384615,0.903846153846154,208
"UMass-flusion_spatial2","23",0.775531139577428,13.8783417244175,0.784389720082926,20.9017292165284,0.538461538461538,0.913461538461538,208
"UMass-flusion_spatial2","24",0.82678052190748,54.4146844097948,0.849561767375536,78.2053398378181,0.370192307692308,0.831730769230769,208
"UMass-flusion_spatial2","25",0.813183578701637,82.7086596364301,0.841276750474781,124.485522291287,0.370731707317073,0.868292682926829,208
"UMass-flusion_spatial2","26",0.824633986935749,99.8921912675011,0.813687433217131,151.383365706753,0.389423076923077,0.879807692307692,208
"UMass-flusion_spatial2","27",0.852948093860403,57.1852782269853,0.842613312515418,80.1268996137917,0.48780487804878,0.897560975609756,208
"UMass-flusion_spatial2","28",0.763757825383792,29.4544602518818,0.801481831684667,43.8617886378026,0.490384615384615,0.908653846153846,208
"UMass-flusion_spatial2","29",0.895816457986399,94.1165660308446,0.884183326153405,130.42302266369,0.379807692307692,0.865384615384615,208
"UMass-flusion_spatial2","30",0.759861834945448,14.1132527063185,0.781793989942953,21.1570089848989,0.389423076923077,0.860576923076923,208
"UMass-flusion_spatial2","31",0.865560904036776,18.8626942565993,0.873121531710283,27.6163874924827,0.423076923076923,0.899038461538462,208
"UMass-flusion_spatial2","32",0.788365447915684,19.6627807488651,0.802519527468705,29.0415405470342,0.548076923076923,0.908653846153846,208
"UMass-flusion_spatial2","33",0.797999849759036,19.8555864822375,0.795150093996428,28.1074475629054,0.466346153846154,0.865384615384615,208
"UMass-flusion_spatial2","34",0.800866991253279,99.1858309799765,0.830561694784208,144.645456453498,0.389423076923077,0.865384615384615,208
"UMass-flusion_spatial2","35",0.792912303397267,23.5441039367135,0.837174184911621,37.1376616337184,0.408653846153846,0.913461538461538,208
"UMass-flusion_spatial2","36",0.853552598244382,159.684769286319,0.860611452184499,229.75313574129,0.408653846153846,0.889423076923077,208
"UMass-flusion_spatial2","37",0.789837144389265,114.24603987469,0.818111491739523,164.198928592871,0.365384615384615,0.8125,208
"UMass-flusion_spatial2","38",0.734412522366638,6.77723346202445,0.779151973234959,10.2980725744283,0.557692307692308,0.966346153846154,208
"UMass-flusion_spatial2","39",0.721077573865958,158.7858863118,0.71882985765154,235.814575396382,0.355769230769231,0.870192307692308,208
"UMass-flusion_spatial2","40",0.83132918834071,54.2611993170383,0.854652295273823,79.8617134049391,0.447115384615385,0.908653846153846,208
"UMass-flusion_spatial2","41",0.887199709261895,43.3719810938266,0.899712142410464,59.5575774046119,0.538461538461538,0.903846153846154,208
"UMass-flusion_spatial2","42",0.829484100109356,185.847566572617,0.828260488554933,266.657198930286,0.399038461538462,0.889423076923077,208
"UMass-flusion_spatial2","44",0.748492440248967,10.1017108090931,0.78092396586702,14.9961520032889,0.480769230769231,0.884615384615385,208
"UMass-flusion_spatial2","45",0.74520443863511,68.0962324889061,0.776808092260754,97.2400008041052,0.442307692307692,0.8125,208
"UMass-flusion_spatial2","46",0.807515365285314,10.5188997155628,0.863835480325033,16.5805729760314,0.413461538461538,0.932692307692308,208
"UMass-flusion_spatial2","47",0.825148361052835,70.5036769868835,0.843740459703486,101.018416656405,0.490384615384615,0.889423076923077,208
"UMass-flusion_spatial2","48",0.788367849009197,227.028063497354,0.80293737358014,322.364485960558,0.456730769230769,0.817307692307692,208
"UMass-flusion_spatial2","49",0.79214353477341,19.3136950469624,0.821197029128398,26.2950873959241,0.528846153846154,0.889423076923077,208
"UMass-flusion_spatial2","50",0.753391475441913,5.78812192379271,0.764766267130647,8.72057104451964,0.504807692307692,0.923076923076923,208
"UMass-flusion_spatial2","51",0.804700521666345,71.511879225838,0.840866182740909,104.300340303949,0.403846153846154,0.841346153846154,208
"UMass-flusion_spatial2","53",0.958191358651339,43.4810527302326,0.966261626552881,61.7592974345516,0.596153846153846,0.913461538461538,208
"UMass-flusion_spatial2","54",0.845038627283067,33.4044235735127,0.837828297441799,48.8114758827413,0.447115384615385,0.903846153846154,208
"UMass-flusion_spatial2","55",0.882312369746199,50.1228678163685,0.917000904968244,75.4464746154817,0.408653846153846,0.908653846153846,208
"UMass-flusion_spatial2","56",0.918757640247724,10.6399252365414,0.936878039381561,15.7218682554578,0.442307692307692,0.889423076923077,208
"UMass-flusion_spatial2_prod","01",0.775855393989343,44.3632743614288,0.79527333487967,65.3605074849385,0.346153846153846,0.913461538461538,208
"UMass-flusion_spatial2_prod","02",0.954884990904177,5.77042425374285,1.01371772408489,9.09120589202363,0.394230769230769,0.903846153846154,208
"UMass-flusion_spatial2_prod","04",0.795378899018813,143.324374001161,0.793338653505675,198.340952389121,0.384615384615385,0.855769230769231,208
"UMass-flusion_spatial2_prod","05",0.760564250261878,34.3733091274688,0.825066135881878,53.1838929469497,0.322115384615385,0.927884615384615,208
"UMass-flusion_spatial2_prod","06",0.935997494908657,240.653709803664,0.966064033690072,354.228788879384,0.403846153846154,0.932692307692308,208
"UMass-flusion_spatial2_prod","08",0.761158883605162,41.5435001579351,0.771029129691755,59.6577279709265,0.475961538461538,0.908653846153846,208
"UMass-flusion_spatial2_prod","09",0.823121566153344,28.9235335015096,0.829482756994203,44.8359608769122,0.336538461538462,0.9375,208
"UMass-flusion_spatial2_prod","10",0.793891893435506,11.0744865126797,0.812375180948894,15.5837146046182,0.451923076923077,0.889423076923077,208
"UMass-flusion_spatial2_prod","11",0.809889098839111,13.7375203628278,0.82947646120807,19.4102624812794,0.269230769230769,0.822115384615385,208
"UMass-flusion_spatial2_prod","12",0.797852367601583,180.306892392426,0.828435210252912,271.016543746724,0.307692307692308,0.889423076923077,208
"UMass-flusion_spatial2_prod","13",0.741135396009126,93.6056996652419,0.804102397029826,135.158270184991,0.355769230769231,0.807692307692308,208
"UMass-flusion_spatial2_prod","15",0.831113992854528,8.14737304875948,0.855906568488431,11.8279144794702,0.418269230769231,0.894230769230769,208
"UMass-flusion_spatial2_prod","16",0.742993991490216,19.2717293616552,0.787610325801787,28.9709218419584,0.403846153846154,0.913461538461538,208
"UMass-flusion_spatial2_prod","17",0.989685984437729,114.264609035431,1.01745657496585,159.725534857259,0.379807692307692,0.860576923076923,208
"UMass-flusion_spatial2_prod","18",0.880811542183568,91.9508898831303,0.84380384081811,128.589569730086,0.403846153846154,0.899038461538462,208
"UMass-flusion_spatial2_prod","19",0.837554859137493,27.1218900561041,0.828866600688698,40.7546113655923,0.365384615384615,0.879807692307692,208
"UMass-flusion_spatial2_prod","20",0.81292508352182,28.9034125432256,0.809430351893262,40.7390920660579,0.365384615384615,0.879807692307692,208
"UMass-flusion_spatial2_prod","21",0.870949607147897,65.3160265879144,0.871604782704946,90.2805610969979,0.408653846153846,0.884615384615385,208
"UMass-flusion_spatial2_prod","22",0.734823744534186,39.573815856099,0.759099003326161,60.1417164644436,0.298076923076923,0.923076923076923,208
"UMass-flusion_spatial2_prod","23",0.757928658962765,13.5674200559731,0.75711905245878,20.1704973250025,0.475961538461538,0.908653846153846,208
"UMass-flusion_spatial2_prod","24",0.7617802923916,50.0298673698238,0.78364911981328,71.9467708193551,0.384615384615385,0.865384615384615,208
"UMass-flusion_spatial2_prod","25",0.765677626978657,77.6995666184502,0.805016489464992,118.861875400917,0.360975609756098,0.926829268292683,208
"UMass-flusion_spatial2_prod","26",0.814571537744693,98.7405793608032,0.785010792336193,145.997814310643,0.432692307692308,0.908653846153846,208
"UMass-flusion_spatial2_prod","27",0.817288977643655,54.7962341096508,0.803098147165576,76.3317369028235,0.453658536585366,0.897560975609756,208
"UMass-flusion_spatial2_prod","28",0.670962907148588,25.7936912181262,0.711863607744217,38.8159111732853,0.4375,0.918269230769231,208
"UMass-flusion_spatial2_prod","29",0.851589257932245,89.5607625883547,0.834079252424306,123.034893335385,0.360576923076923,0.860576923076923,208
"UMass-flusion_spatial2_prod","30",0.71507237508326,13.2707226129828,0.752748847449373,20.3724542682256,0.322115384615385,0.870192307692308,208
"UMass-flusion_spatial2_prod","31",0.876234550626091,19.0931795644475,0.855389830605474,27.0398452234241,0.350961538461538,0.831730769230769,208
"UMass-flusion_spatial2_prod","32",0.715895372596863,17.8458633768793,0.732075817134809,26.41804450223,0.423076923076923,0.932692307692308,208
"UMass-flusion_spatial2_prod","33",0.668619565195045,16.6491453693025,0.669902993210928,23.7022236532004,0.456730769230769,0.879807692307692,208
"UMass-flusion_spatial2_prod","34",0.780619835903609,96.4056432425104,0.824479730630629,143.064382855383,0.341346153846154,0.894230769230769,208
"UMass-flusion_spatial2_prod","35",0.67057544625183,19.8849926858669,0.692675528764494,30.6635373525829,0.403846153846154,0.927884615384615,208
"UMass-flusion_spatial2_prod","36",0.886354526417654,165.60009156418,0.921947384221154,245.382436893902,0.346153846153846,0.889423076923077,208
"UMass-flusion_spatial2_prod","37",0.737591360857415,106.260431826169,0.784735513891717,156.879737628167,0.322115384615385,0.826923076923077,208
"UMass-flusion_spatial2_prod","38",0.698081876431235,6.43113356539746,0.766333124062389,10.1104371214083,0.442307692307692,0.942307692307692,208
"UMass-flusion_spatial2_prod","39",0.76891272020362,169.145150221708,0.729340313660768,238.994869233645,0.331730769230769,0.855769230769231,208
"UMass-flusion_spatial2_prod","40",0.830910846800323,54.2971435692592,0.886748704228204,82.9605582365874,0.389423076923077,0.913461538461538,208
"UMass-flusion_spatial2_prod","41",0.825921659651626,40.4018120317664,0.842039802645268,55.752737070843,0.5,0.899038461538462,208
"UMass-flusion_spatial2_prod","42",0.868294841607366,194.243229774873,0.862339849217607,277.072011299954,0.370192307692308,0.889423076923077,208
"UMass-flusion_spatial2_prod","44",0.739574860590389,9.96064380631378,0.758097360813194,14.5272752597184,0.442307692307692,0.870192307692308,208
"UMass-flusion_spatial2_prod","45",0.667025630167474,60.6967653596904,0.723527754083566,90.1986350110703,0.355769230769231,0.879807692307692,208
"UMass-flusion_spatial2_prod","46",0.762269423854887,9.9241592866382,0.784141573156004,15.0408440359012,0.375,0.870192307692308,208
"UMass-flusion_spatial2_prod","47",0.735996538122453,62.7534464598585,0.762462480585942,90.9846843818887,0.4375,0.913461538461538,208
"UMass-flusion_spatial2_prod","48",0.741322590674646,213.361958821251,0.776419784060432,311.173940693957,0.399038461538462,0.875,208
"UMass-flusion_spatial2_prod","49",0.755153465916514,18.3889713739328,0.784516413456087,25.0883354725428,0.408653846153846,0.913461538461538,208
"UMass-flusion_spatial2_prod","50",0.723890574000211,5.55732470337473,0.712302234776203,8.12047523454139,0.4375,0.913461538461538,208
"UMass-flusion_spatial2_prod","51",0.715835383824784,63.364950102458,0.752529633926732,93.0091400788896,0.355769230769231,0.870192307692308,208
"UMass-flusion_spatial2_prod","53",0.965851881692047,43.9111291653239,1.00296866567542,64.2800661526195,0.490384615384615,0.918269230769231,208
"UMass-flusion_spatial2_prod","54",0.827751130267753,32.6867330257744,0.812816408236842,47.3047434000147,0.403846153846154,0.870192307692308,208
"UMass-flusion_spatial2_prod","55",0.908303128982973,51.530257953275,0.942215808082727,77.3348628591263,0.423076923076923,0.923076923076923,208
"UMass-flusion_spatial2_prod","56",0.858493330408891,9.93911879619579,0.861890287940001,14.4632772655657,0.341346153846154,0.807692307692308,208
"UMass-flusion_spatial_mem","01",0.851175649693295,80.1316664073052,0.870911728699982,114.847701690134,0.217391304347826,0.847826086956522,92
"UMass-flusion_spatial_mem","02",0.949720254931815,8.87381109383738,1.00864967240427,13.8999040480905,0.25,0.869565217391304,92
"UMass-flusion_spatial_mem","04",0.845433633305596,259.955540459996,0.844429327467895,349.832254056503,0.217391304347826,0.75,92
"UMass-flusion_spatial_mem","05",0.763131692114255,45.2108368045646,0.825470567560549,66.7899497674577,0.315217391304348,0.880434782608696,92
"UMass-flusion_spatial_mem","06",1.04984261191701,459.137544770298,1.11647573871626,686.284981239244,0.206521739130435,0.858695652173913,92
"UMass-flusion_spatial_mem","08",0.788761441197776,68.4513299412242,0.812995084133907,96.8561866430439,0.33695652173913,0.869565217391304,92
"UMass-flusion_spatial_mem","09",0.815414340909869,40.5306072499943,0.840055682843454,62.8153237151776,0.33695652173913,0.891304347826087,92
"UMass-flusion_spatial_mem","10",0.824185113593883,19.6915153549096,0.833103150587251,26.7706845464948,0.358695652173913,0.782608695652174,92
"UMass-flusion_spatial_mem","11",0.840492734860982,25.4002007982452,0.85310735036743,34.7621334559951,0.217391304347826,0.717391304347826,92
"UMass-flusion_spatial_mem","12",0.849913697490151,314.627378589733,0.897943858139161,473.517919699712,0.141304347826087,0.858695652173913,92
"UMass-flusion_spatial_mem","13",0.792262401986713,136.620353523378,0.864969333469795,202.857470595606,0.217391304347826,0.815217391304348,92
"UMass-flusion_spatial_mem","15",0.871468895206744,13.5011620296484,0.888461326408151,19.0422358029129,0.358695652173913,0.83695652173913,92
"UMass-flusion_spatial_mem","16",0.798592365157488,31.5912779162237,0.85897473306252,46.7364190621994,0.25,0.83695652173913,92
"UMass-flusion_spatial_mem","17",1.04526842109149,213.727972624912,1.10733139750409,297.198359357966,0.358695652173913,0.782608695652174,92
"UMass-flusion_spatial_mem","18",0.89074190211201,153.914989474303,0.864086904078732,210.243372861987,0.369565217391304,0.782608695652174,92
"UMass-flusion_spatial_mem","19",0.82294361411062,38.8246704188004,0.818233856971095,57.2630554779941,0.358695652173913,0.826086956521739,92
"UMass-flusion_spatial_mem","20",0.837154228747562,48.9952236191722,0.834017588072313,66.8941143090717,0.304347826086957,0.815217391304348,92
"UMass-flusion_spatial_mem","21",0.899733071819674,116.78258256888,0.90537144059677,155.354963589188,0.315217391304348,0.771739130434783,92
"UMass-flusion_spatial_mem","22",0.79775601475883,67.2365124766199,0.82883954646205,100.474817905028,0.217391304347826,0.858695652173913,92
"UMass-flusion_spatial_mem","23",0.754480897293042,20.569726901212,0.767881667017555,30.7669166162849,0.445652173913043,0.880434782608696,92
"UMass-flusion_spatial_mem","24",0.824912816376373,87.7314055016933,0.844687323985774,121.54329707767,0.326086956521739,0.771739130434783,92
"UMass-flusion_spatial_mem","25",0.835326468748983,106.828861868414,0.868527949784137,161.036040456128,0.347826086956522,0.902173913043478,92
"UMass-flusion_spatial_mem","26",0.820739779883288,109.655022566591,0.823406267337741,172.091774703386,0.391304347826087,0.91304347826087,92
"UMass-flusion_spatial_mem","27",0.835623894665485,103.33131078965,0.835667350626973,142.890104403083,0.326086956521739,0.793478260869565,92
"UMass-flusion_spatial_mem","28",0.756035844532004,42.0686130729871,0.809107545279908,62.8044190287054,0.293478260869565,0.826086956521739,92
"UMass-flusion_spatial_mem","29",0.856967935700009,151.986175315481,0.862249640051342,206.063537937324,0.206521739130435,0.739130434782609,92
"UMass-flusion_spatial_mem","30",0.754899886565715,18.0817248974444,0.776671637449144,26.2750612549828,0.304347826086957,0.793478260869565,92
"UMass-flusion_spatial_mem","31",0.897724085710241,31.0558666002082,0.884961565270444,43.0565261778124,0.293478260869565,0.793478260869565,92
"UMass-flusion_spatial_mem","32",0.750129353196274,28.7642717755702,0.808908775706053,43.7593434265777,0.358695652173913,0.880434782608696,92
"UMass-flusion_spatial_mem","33",0.669463213927553,31.4910487881075,0.675330793533764,44.3978827211997,0.293478260869565,0.717391304347826,92
"UMass-flusion_spatial_mem","34",0.851724798425433,168.963632870784,0.907740816479151,245.520219280019,0.217391304347826,0.771739130434783,92
"UMass-flusion_spatial_mem","35",0.71767719079619,29.309630216856,0.750149863310688,44.9133740682479,0.206521739130435,0.83695652173913,92
"UMass-flusion_spatial_mem","36",0.940803061582065,267.662007991774,1.01135049412028,392.09420066184,0.271739130434783,0.804347826086957,92
"UMass-flusion_spatial_mem","37",0.8228718879263,180.061104242126,0.86615977126586,260.249221142785,0.282608695652174,0.771739130434783,92
"UMass-flusion_spatial_mem","38",0.740603607777462,9.49837404215759,0.83162901705641,15.2243496610462,0.358695652173913,0.902173913043478,92
"UMass-flusion_spatial_mem","39",0.797681902940926,304.132970633707,0.753904957171865,419.002883628578,0.304347826086957,0.75,92
"UMass-flusion_spatial_mem","40",0.824006160438591,80.684726710563,0.877599035930842,117.48616717536,0.293478260869565,0.847826086956522,92
"UMass-flusion_spatial_mem","41",0.838527389201522,76.4318264765903,0.874398737446761,105.343217524875,0.347826086956522,0.782608695652174,92
"UMass-flusion_spatial_mem","42",0.918467835782315,366.992218000352,0.916314504486992,512.602236585161,0.271739130434783,0.771739130434783,92
"UMass-flusion_spatial_mem","44",0.787885861654651,17.7727458386175,0.80290144646171,25.351945263671,0.326086956521739,0.771739130434783,92
"UMass-flusion_spatial_mem","45",0.750300877715764,104.180546324888,0.805511090993658,151.279437948942,0.217391304347826,0.771739130434783,92
"UMass-flusion_spatial_mem","46",0.771669184502161,14.3274528819402,0.806738698107832,21.8013862885931,0.260869565217391,0.858695652173913,92
"UMass-flusion_spatial_mem","47",0.804708190119484,113.53294159454,0.854382321116652,163.547410546974,0.228260869565217,0.815217391304348,92
"UMass-flusion_spatial_mem","48",0.786839639761896,349.878407306068,0.856920054561919,521.181798758226,0.195652173913043,0.826086956521739,92
"UMass-flusion_spatial_mem","49",0.789015246928101,36.146891594146,0.823632908448465,48.2454352595473,0.282608695652174,0.804347826086957,92
"UMass-flusion_spatial_mem","50",0.750638170945072,9.32309713580409,0.739086322373078,13.5277376705679,0.315217391304348,0.847826086956522,92
"UMass-flusion_spatial_mem","51",0.805569539917883,99.7665590577033,0.851000095871571,144.712525967115,0.239130434782609,0.804347826086957,92
"UMass-flusion_spatial_mem","53",0.940150679429019,75.456891636756,0.977998764775489,109.156690155409,0.347826086956522,0.858695652173913,92
"UMass-flusion_spatial_mem","54",0.865633040519963,53.8873121096174,0.845582584441028,75.6182823668235,0.326086956521739,0.793478260869565,92
"UMass-flusion_spatial_mem","55",0.967774824243048,89.0248138678871,1.01880748826857,133.009011535936,0.304347826086957,0.815217391304348,92
"UMass-flusion_spatial_mem","56",0.881201721513866,14.3722150832015,0.891019681449329,20.5276371662591,0.315217391304348,0.826086956521739,92
"UMass-gbqr","01",0.910186542343823,52.3788280013736,0.889614281148052,73.5505327090615,0.298076923076923,0.725961538461538,208
"UMass-gbqr","02",1.05062944969367,6.37215404884307,1.03460154066837,9.30353268467358,0.3125,0.725961538461538,208
"UMass-gbqr","04",0.936723175194975,169.508467934721,0.91336620483514,229.41046557937,0.225961538461538,0.725961538461538,208
"UMass-gbqr","05",1.06634176142364,48.6895897166813,1.06410029332186,69.1001546820079,0.192307692307692,0.634615384615385,208
"UMass-gbqr","06",1.07574433563039,277.607918596475,1.07186749030374,395.076442485491,0.3125,0.793269230769231,208
"UMass-gbqr","08",0.975190062482748,53.5725974389915,0.949778091148139,74.1004408636694,0.240384615384615,0.740384615384615,208
"UMass-gbqr","09",1.01095808024112,35.5579939344844,0.949200297354159,51.4034901705722,0.3125,0.764423076923077,208
"UMass-gbqr","10",0.943424025086098,13.1863577167095,0.934505368711451,17.9492603702558,0.293269230769231,0.759615384615385,208
"UMass-gbqr","11",0.82691806131953,14.0676424622802,0.817032872471149,19.1480313270819,0.254807692307692,0.682692307692308,208
"UMass-gbqr","12",0.95356774533753,216.323287256592,0.966944805786443,317.932119151691,0.230769230769231,0.769230769230769,208
"UMass-gbqr","13",0.901963864409649,114.391515095711,0.922388563959023,155.661869089919,0.307692307692308,0.730769230769231,208
"UMass-gbqr","15",0.904868814788736,8.88141255647478,0.891426272393683,12.3308436695071,0.346153846153846,0.778846153846154,208
"UMass-gbqr","16",0.904500173545421,23.6106739716238,0.893952130505484,33.0809717552924,0.293269230769231,0.711538461538462,208
"UMass-gbqr","17",1.16603561640953,135.022352548068,1.19752705922902,188.811169001039,0.254807692307692,0.721153846153846,208
"UMass-gbqr","18",1.13552647575506,119.322764647086,1.12172488393503,172.126971500797,0.225961538461538,0.639423076923077,208
"UMass-gbqr","19",1.09842055088694,35.695500521488,1.0356569503362,51.1438294774361,0.201923076923077,0.653846153846154,208
"UMass-gbqr","20",0.970395282962217,34.6325506367078,0.964721804335057,48.7104733796559,0.264423076923077,0.6875,208
"UMass-gbqr","21",1.03980665306219,78.3452858415166,1.02927506204722,107.102512573034,0.25,0.673076923076923,208
"UMass-gbqr","22",0.851988168800182,46.0903941729201,0.84339550240874,67.1246344169156,0.259615384615385,0.798076923076923,208
"UMass-gbqr","23",0.930364268035608,16.6993667099488,0.906010702695545,24.219912326645,0.293269230769231,0.783653846153846,208
"UMass-gbqr","24",0.911677925669777,60.0614003504012,0.895629945610384,82.3971188300146,0.240384615384615,0.668269230769231,208
"UMass-gbqr","25",1.06623973834246,108.950992770167,1.03474345801418,153.666151500329,0.224390243902439,0.712195121951219,208
"UMass-gbqr","26",1.04706893444633,128.175290349488,0.984069765575763,184.593294532425,0.230769230769231,0.682692307692308,208
"UMass-gbqr","27",1.01314429908258,68.3013510822671,0.970907158081906,92.9449859461875,0.219512195121951,0.721951219512195,208
"UMass-gbqr","28",0.783932695015798,30.3612273433858,0.821496971820291,45.1063942283836,0.322115384615385,0.793269230769231,208
"UMass-gbqr","29",0.999643235418193,105.606789609641,1.0066465010009,149.298008117323,0.201923076923077,0.620192307692308,208
"UMass-gbqr","30",0.895111537783346,16.7507960985151,0.860201289515071,23.3971283015209,0.225961538461538,0.639423076923077,208
"UMass-gbqr","31",1.06866470571605,23.3617101134736,1.05248184540789,33.3549087386948,0.25,0.677884615384615,208
"UMass-gbqr","32",0.867256342056962,21.687924723575,0.876665568231697,31.8145285174447,0.326923076923077,0.826923076923077,208
"UMass-gbqr","33",0.77026673918544,19.2105904160594,0.755308933249709,26.7709085443816,0.3125,0.725961538461538,208
"UMass-gbqr","34",0.943688470804599,116.903270253392,0.927428088323653,161.443093514815,0.288461538461538,0.735576923076923,208
"UMass-gbqr","35",0.79461029800717,23.5846202715848,0.807304547447216,35.7230840102282,0.307692307692308,0.802884615384615,208
"UMass-gbqr","36",1.0525233541529,197.127972475309,1.03682237843503,276.983633796558,0.326923076923077,0.759615384615385,208
"UMass-gbqr","37",0.835788417873014,120.619042328772,0.82926469733795,165.850530736487,0.293269230769231,0.706730769230769,208
"UMass-gbqr","38",0.944307248572844,8.75019147596847,0.979635048885814,13.0078627675903,0.274038461538462,0.754807692307692,208
"UMass-gbqr","39",0.952332326195022,210.30723035852,0.902017109807795,296.704037820641,0.259615384615385,0.629807692307692,208
"UMass-gbqr","40",1.02237011396701,67.0002996490879,1.05888076928549,99.272196972721,0.216346153846154,0.706730769230769,208
"UMass-gbqr","41",0.925093796067682,45.3563736564198,0.924102355004809,61.4008217443821,0.331730769230769,0.783653846153846,208
"UMass-gbqr","42",0.965136023742551,216.155188846391,0.961452253808353,309.284128700004,0.254807692307692,0.740384615384615,208
"UMass-gbqr","44",0.878243651930442,11.8564470495067,0.870798763310711,16.7188956762047,0.274038461538462,0.730769230769231,208
"UMass-gbqr","45",0.775721447425638,70.8196961581874,0.799750168908898,99.8835416207785,0.240384615384615,0.697115384615385,208
"UMass-gbqr","46",0.926903889408684,12.0937755048848,0.916360922448001,17.6192732153593,0.269230769230769,0.644230769230769,208
"UMass-gbqr","47",0.890291227743544,76.3045188135087,0.892796324506248,107.208369149288,0.259615384615385,0.788461538461538,208
"UMass-gbqr","48",1.00002410614837,290.377929599113,1.07124312829456,433.722168781236,0.192307692307692,0.697115384615385,208
"UMass-gbqr","49",0.888350585734584,21.662559904398,0.883007745700539,28.267343214109,0.326923076923077,0.788461538461538,208
"UMass-gbqr","50",0.982589073194609,7.59654056370853,0.978470195802625,11.2406670645971,0.221153846153846,0.692307692307692,208
"UMass-gbqr","51",0.8744674275549,77.8018247184403,0.889270377861325,110.382118690599,0.216346153846154,0.725961538461538,208
"UMass-gbqr","53",1.03582820382085,47.0733510090744,1.01478802001249,65.1122467440881,0.403846153846154,0.822115384615385,208
"UMass-gbqr","54",1.0585126720411,42.096122952622,0.996954918617726,58.3760549986079,0.245192307692308,0.629807692307692,208
"UMass-gbqr","55",1.14905892668508,65.4198344312815,1.17667982387671,96.9801697024188,0.1875,0.697115384615385,208
"UMass-gbqr","56",0.994040810723462,11.5331312719791,0.960784919188501,16.148535815481,0.283653846153846,0.745192307692308,208
"UMass-gbqr_3src","01",0.805228375035739,46.1187414059791,0.838099708831487,68.9857458442811,0.336538461538462,0.923076923076923,208
"UMass-gbqr_3src","02",0.984518233589187,5.9613540102383,1.01328844796709,9.1068060784604,0.413461538461538,0.846153846153846,208
"UMass-gbqr_3src","04",0.833515084582831,150.119109996221,0.807210876042907,201.720254680852,0.432692307692308,0.860576923076923,208
"UMass-gbqr_3src","05",0.767969092148471,34.6953977030271,0.836683664097963,53.9023329262893,0.375,0.927884615384615,208
"UMass-gbqr_3src","06",0.934999676919277,240.429375972103,0.956810780658077,350.952686630221,0.427884615384615,0.908653846153846,208
"UMass-gbqr_3src","08",0.816670113714051,44.5849012517032,0.82265683947405,63.7760931121377,0.384615384615385,0.908653846153846,208
"UMass-gbqr_3src","09",0.879448212657281,30.8877845371486,0.858760362476233,46.3889070772628,0.423076923076923,0.918269230769231,208
"UMass-gbqr_3src","10",0.829578503345921,11.5773832953047,0.85265949488936,16.3617229295449,0.456730769230769,0.908653846153846,208
"UMass-gbqr_3src","11",0.806745029273675,13.6913683980759,0.835981563447457,19.5720683519543,0.326923076923077,0.826923076923077,208
"UMass-gbqr_3src","12",0.819406559908822,185.318653598374,0.854370288187232,279.84958106563,0.389423076923077,0.884615384615385,208
"UMass-gbqr_3src","13",0.744231206519167,93.9857147783793,0.807348694399597,135.774370571423,0.355769230769231,0.836538461538462,208
"UMass-gbqr_3src","15",0.824997845581842,8.09201515440885,0.877823830126014,12.138262266166,0.370192307692308,0.879807692307692,208
"UMass-gbqr_3src","16",0.779005135308006,20.231579028552,0.791250259063779,29.1486221818113,0.355769230769231,0.899038461538462,208
"UMass-gbqr_3src","17",1.01036077501608,116.655544197832,1.02357422210479,160.647366228222,0.461538461538462,0.841346153846154,208
"UMass-gbqr_3src","18",0.906836734003459,94.6737873140422,0.874038335646487,133.116788504873,0.471153846153846,0.894230769230769,208
"UMass-gbqr_3src","19",0.868162750423705,28.093470653582,0.848115828397488,41.6760753879027,0.432692307692308,0.903846153846154,208
"UMass-gbqr_3src","20",0.848393235378701,30.1732926820739,0.833993013291623,41.9819916944474,0.423076923076923,0.879807692307692,208
"UMass-gbqr_3src","21",0.909460847993105,68.23451262003,0.906319639115737,93.9379651882933,0.389423076923077,0.875,208
"UMass-gbqr_3src","22",0.773557567475601,41.6595128359979,0.792554610067491,62.8032609155514,0.336538461538462,0.884615384615385,208
"UMass-gbqr_3src","23",0.815947047576822,14.5930116252743,0.803010870865714,21.3797969301407,0.480769230769231,0.899038461538462,208
"UMass-gbqr_3src","24",0.760663150081317,49.9989082932419,0.778559447355765,71.5106918582951,0.423076923076923,0.865384615384615,208
"UMass-gbqr_3src","25",0.784018393264458,79.5911406389583,0.812066514103154,119.875488627304,0.424390243902439,0.91219512195122,208
"UMass-gbqr_3src","26",0.828669835393829,100.438531287884,0.813407631645498,151.175839867101,0.447115384615385,0.899038461538462,208
"UMass-gbqr_3src","27",0.807329245017189,54.1918135283369,0.769957982682059,73.2922484057035,0.44390243902439,0.897560975609756,208
"UMass-gbqr_3src","28",0.695193852651813,26.7316874393561,0.731586981612241,39.8999105764717,0.442307692307692,0.918269230769231,208
"UMass-gbqr_3src","29",0.888739825170381,93.4816365707302,0.878466646548492,129.629592837884,0.418269230769231,0.831730769230769,208
"UMass-gbqr_3src","30",0.734127361326451,13.6127523086541,0.771456118477274,20.8606865235281,0.408653846153846,0.865384615384615,208
"UMass-gbqr_3src","31",0.945523878863087,20.6302340851032,0.933046421741888,29.5506766635248,0.346153846153846,0.822115384615385,208
"UMass-gbqr_3src","32",0.785890267875318,19.6017231977673,0.800467099438066,28.9202175537719,0.475961538461538,0.9375,208
"UMass-gbqr_3src","33",0.692026824480295,17.2435669121583,0.699676457203641,24.7719930795403,0.461538461538462,0.879807692307692,208
"UMass-gbqr_3src","34",0.788352576433137,97.3466768805872,0.822576293921104,142.717605983723,0.394230769230769,0.908653846153846,208
"UMass-gbqr_3src","35",0.734382260670657,21.7614502611415,0.760139932468634,33.6456847916755,0.389423076923077,0.899038461538462,208
"UMass-gbqr_3src","36",0.883647616335024,164.979921024589,0.904857224089176,240.812962331719,0.4375,0.894230769230769,208
"UMass-gbqr_3src","37",0.722659837824057,104.015290786405,0.754312984963394,150.671182621782,0.379807692307692,0.846153846153846,208
"UMass-gbqr_3src","38",0.726311404863011,6.68909168821266,0.780502604319566,10.3028024263038,0.471153846153846,0.923076923076923,208
"UMass-gbqr_3src","39",0.796032116063764,175.093541369925,0.757132182285259,248.087306984775,0.403846153846154,0.841346153846154,208
"UMass-gbqr_3src","40",0.820236845616779,53.5436049618655,0.871771218147525,81.484699550526,0.389423076923077,0.908653846153846,208
"UMass-gbqr_3src","41",0.870258161064992,42.5833634453211,0.88070845570817,58.3505619788629,0.451923076923077,0.899038461538462,208
"UMass-gbqr_3src","42",0.901065960708204,201.589248429626,0.892381226402822,286.77371478252,0.418269230769231,0.860576923076923,208
"UMass-gbqr_3src","44",0.774237910767569,10.4324648818504,0.787346241819369,15.0994102087779,0.413461538461538,0.870192307692308,208
"UMass-gbqr_3src","45",0.658087028809153,59.8451245743313,0.704793811172982,87.7827072616757,0.413461538461538,0.879807692307692,208
"UMass-gbqr_3src","46",0.794449824621637,10.3507651151765,0.81092064630993,15.5752652769637,0.360576923076923,0.855769230769231,208
"UMass-gbqr_3src","47",0.765858407157205,65.3491363407195,0.774943566455755,92.5775552305733,0.399038461538462,0.894230769230769,208
"UMass-gbqr_3src","48",0.797878590333463,229.961632138052,0.846371143513746,339.925529747494,0.370192307692308,0.850961538461538,208
"UMass-gbqr_3src","49",0.816854506063558,19.9027036886128,0.840112410808198,26.8897043908095,0.384615384615385,0.913461538461538,208
"UMass-gbqr_3src","50",0.779594481013271,5.98828331102952,0.755134027996426,8.60817335120324,0.475961538461538,0.899038461538462,208
"UMass-gbqr_3src","51",0.743663864325415,65.8650082982528,0.789282156527598,97.6358085539847,0.346153846153846,0.855769230769231,208
"UMass-gbqr_3src","53",1.01453596983832,46.1610499876296,1.01981656835234,65.4476524317716,0.475961538461538,0.903846153846154,208
"UMass-gbqr_3src","54",0.870521961891857,34.3801608861691,0.839033332950876,48.8310467013477,0.432692307692308,0.879807692307692,208
"UMass-gbqr_3src","55",0.946608725179313,53.7175908925427,0.983790610544325,80.7543767915573,0.461538461538462,0.899038461538462,208
"UMass-gbqr_3src","56",0.912334491856988,10.5702898104025,0.913383174762386,15.3566219900851,0.350961538461538,0.836538461538462,208
"UMass-gbqr_3src_spatial","01",0.76705510602638,43.8608253459544,0.783080365501522,64.3606777365761,0.370192307692308,0.923076923076923,208
"UMass-gbqr_3src_spatial","02",0.95361758768277,5.7623831812628,1.01935793086473,9.1403906252904,0.403846153846154,0.908653846153846,208
"UMass-gbqr_3src_spatial","04",0.798832051816825,143.957829360092,0.793461405381639,198.389650905497,0.379807692307692,0.855769230769231,208
"UMass-gbqr_3src_spatial","05",0.757583000759382,34.2283791210075,0.821059728625985,52.8934841973496,0.326923076923077,0.9375,208
"UMass-gbqr_3src_spatial","06",0.928981197056582,238.909001210228,0.956453205980683,350.815554293601,0.423076923076923,0.942307692307692,208
"UMass-gbqr_3src_spatial","08",0.769154060218374,41.9669491580332,0.777288721315843,60.1002412670013,0.480769230769231,0.903846153846154,208
"UMass-gbqr_3src_spatial","09",0.821801079298659,28.8794624977372,0.819800239346303,44.3290108504707,0.360576923076923,0.932692307692308,208
"UMass-gbqr_3src_spatial","10",0.799215468638166,11.1469952067639,0.821758439831147,15.7603493732396,0.447115384615385,0.889423076923077,208
"UMass-gbqr_3src_spatial","11",0.811899755665748,13.7710619247556,0.829212215352559,19.4032620231409,0.264423076923077,0.826923076923077,208
"UMass-gbqr_3src_spatial","12",0.781728292895233,176.708128651626,0.807232855153548,264.210711639064,0.331730769230769,0.889423076923077,208
"UMass-gbqr_3src_spatial","13",0.745502151908446,94.2428231784371,0.805843270787095,135.582375096574,0.346153846153846,0.8125,208
"UMass-gbqr_3src_spatial","15",0.829345896734582,8.12955020526173,0.856520165322246,11.8343813004493,0.408653846153846,0.899038461538462,208
"UMass-gbqr_3src_spatial","16",0.746288060116224,19.3598843547191,0.795195182120197,29.2554251025613,0.403846153846154,0.903846153846154,208
"UMass-gbqr_3src_spatial","17",0.982388285226858,113.427440247601,1.01208066977886,158.927689724013,0.384615384615385,0.870192307692308,208
"UMass-gbqr_3src_spatial","18",0.8784942167128,91.6921921640028,0.846180769061985,128.926349303283,0.399038461538462,0.899038461538462,208
"UMass-gbqr_3src_spatial","19",0.838460436334679,27.1551414841675,0.828481926510537,40.7467973363946,0.360576923076923,0.875,208
"UMass-gbqr_3src_spatial","20",0.811213837397908,28.8423383973506,0.810780031430912,40.80170612514,0.370192307692308,0.889423076923077,208
"UMass-gbqr_3src_spatial","21",0.868409301902053,65.1246991153703,0.861957990678214,89.27948244934,0.413461538461538,0.879807692307692,208
"UMass-gbqr_3src_spatial","22",0.727662979994921,39.1847310511958,0.744684911637403,58.9893026420094,0.3125,0.923076923076923,208
"UMass-gbqr_3src_spatial","23",0.748438519468068,13.400864531089,0.745152028395506,19.8611592535499,0.471153846153846,0.918269230769231,208
"UMass-gbqr_3src_spatial","24",0.756543708794112,49.6913110318703,0.782689113299825,71.8551989445749,0.379807692307692,0.865384615384615,208
"UMass-gbqr_3src_spatial","25",0.754382539945452,76.5686437284888,0.790504666346537,116.734430963397,0.360975609756098,0.931707317073171,208
"UMass-gbqr_3src_spatial","26",0.800745560148495,97.0681956676438,0.785458484016773,146.090968714464,0.447115384615385,0.927884615384615,208
"UMass-gbqr_3src_spatial","27",0.833064254466058,55.8426280925244,0.829693736792616,78.8463025607887,0.468292682926829,0.902439024390244,208
"UMass-gbqr_3src_spatial","28",0.670419124068702,25.7691308536023,0.719306021308891,39.2222096807205,0.4375,0.923076923076923,208
"UMass-gbqr_3src_spatial","29",0.842810793832932,88.6262167164598,0.826654683673742,121.941691865064,0.394230769230769,0.860576923076923,208
"UMass-gbqr_3src_spatial","30",0.714674311257468,13.2663182445357,0.750039884079839,20.3076846294801,0.326923076923077,0.879807692307692,208
"UMass-gbqr_3src_spatial","31",0.881650104614764,19.2141596035271,0.867837729374387,27.438724376863,0.355769230769231,0.826923076923077,208
"UMass-gbqr_3src_spatial","32",0.714747406142029,17.8220805492277,0.731670612084998,26.4226506209704,0.447115384615385,0.932692307692308,208
"UMass-gbqr_3src_spatial","33",0.674219696905797,16.7886937217995,0.687071845442417,24.3077407206417,0.4375,0.860576923076923,208
"UMass-gbqr_3src_spatial","34",0.779973585177027,96.3129814340876,0.819542795017943,142.185796145824,0.336538461538462,0.894230769230769,208
"UMass-gbqr_3src_spatial","35",0.683746697897099,20.2803830336082,0.713596641156912,31.6072188514852,0.403846153846154,0.913461538461538,208
"UMass-gbqr_3src_spatial","36",0.885620974950728,165.48310895289,0.921770464180157,245.341353716059,0.350961538461538,0.884615384615385,208
"UMass-gbqr_3src_spatial","37",0.740470716793529,106.668900154844,0.776041302886379,155.105523075029,0.331730769230769,0.822115384615385,208
"UMass-gbqr_3src_spatial","38",0.700710000951631,6.45394251006579,0.774229235766782,10.2086764699424,0.442307692307692,0.9375,208
"UMass-gbqr_3src_spatial","39",0.764639209028959,168.194661247802,0.733371970159117,240.330363613599,0.346153846153846,0.860576923076923,208
"UMass-gbqr_3src_spatial","40",0.831457971013427,54.3292451909853,0.878945460089077,82.2336119677652,0.394230769230769,0.903846153846154,208
"UMass-gbqr_3src_spatial","41",0.820626674120224,40.143817609743,0.843196370410245,55.8345610646724,0.471153846153846,0.903846153846154,208
"UMass-gbqr_3src_spatial","42",0.862570637686981,192.968594357432,0.864351013018187,277.733782824479,0.379807692307692,0.889423076923077,208
"UMass-gbqr_3src_spatial","44",0.729358182617791,9.8242473103846,0.742484781606131,14.2318791388281,0.447115384615385,0.875,208
"UMass-gbqr_3src_spatial","45",0.673602088755704,61.3007506116834,0.722916093697117,90.1109128348736,0.350961538461538,0.870192307692308,208
"UMass-gbqr_3src_spatial","46",0.770976898539092,10.0366668431926,0.792465794054255,15.198539747222,0.365384615384615,0.875,208
"UMass-gbqr_3src_spatial","47",0.738773460847618,62.9866974407915,0.772500729352245,92.1905343923576,0.451923076923077,0.908653846153846,208
"UMass-gbqr_3src_spatial","48",0.739883108091956,213.060451125176,0.780500750673096,313.067882281274,0.379807692307692,0.865384615384615,208
"UMass-gbqr_3src_spatial","49",0.755778077743893,18.4039297680568,0.782174891648334,25.0144306390933,0.408653846153846,0.918269230769231,208
"UMass-gbqr_3src_spatial","50",0.727611979392749,5.58629630124517,0.717625234009219,8.18108659436243,0.4375,0.913461538461538,208
"UMass-gbqr_3src_spatial","51",0.717144916472892,63.4725494211664,0.753770506995409,93.1144811349717,0.346153846153846,0.870192307692308,208
"UMass-gbqr_3src_spatial","53",0.96165480338699,43.7125133255451,0.997086311473788,63.8899633477399,0.490384615384615,0.913461538461538,208
"UMass-gbqr_3src_spatial","54",0.822423293593592,32.4792845095731,0.805753290573617,46.8997188963687,0.394230769230769,0.870192307692308,208
"UMass-gbqr_3src_spatial","55",0.888708350549593,50.4160321866464,0.928991578255829,76.26071647358,0.4375,0.9375,208
"UMass-gbqr_3src_spatial","56",0.866823582523906,10.0325231034736,0.867968708772988,14.5575155875782,0.336538461538462,0.817307692307692,208
"UMass-gbqr_3src_spatial2","01",0.776075359123533,44.3759167611723,0.794595699825669,65.3043118800206,0.346153846153846,0.913461538461538,208
"UMass-gbqr_3src_spatial2","02",0.95472473097557,5.76935876640273,1.01552155148369,9.10738960299385,0.394230769230769,0.899038461538462,208
"UMass-gbqr_3src_spatial2","04",0.795284964539383,143.306592988373,0.79306573156269,198.278366814116,0.389423076923077,0.860576923076923,208
"UMass-gbqr_3src_spatial2","05",0.760843941948325,34.386144030317,0.824497962277007,53.1457821013236,0.317307692307692,0.927884615384615,208
"UMass-gbqr_3src_spatial2","06",0.935226544414537,240.45517528704,0.965362542148167,353.97191932584,0.403846153846154,0.927884615384615,208
"UMass-gbqr_3src_spatial2","08",0.760594329358669,41.5127702743005,0.774007315104468,59.8855259393654,0.475961538461538,0.908653846153846,208
"UMass-gbqr_3src_spatial2","09",0.823334706689483,28.930487192917,0.828202778363004,44.7670442577088,0.331730769230769,0.9375,208
"UMass-gbqr_3src_spatial2","10",0.79441628363756,11.0817159168974,0.812713434473305,15.5898780382358,0.447115384615385,0.889423076923077,208
"UMass-gbqr_3src_spatial2","11",0.809670178094154,13.7338017867831,0.828996495600445,19.3991567204286,0.269230769230769,0.822115384615385,208
"UMass-gbqr_3src_spatial2","12",0.797501486488284,180.230048310648,0.827817967807429,270.819258541172,0.307692307692308,0.889423076923077,208
"UMass-gbqr_3src_spatial2","13",0.740889423065253,93.5748684452872,0.803344475851263,135.0313707322,0.355769230769231,0.807692307692308,208
"UMass-gbqr_3src_spatial2","15",0.831343482472392,8.14964009567188,0.855943337596176,11.8285804730636,0.418269230769231,0.894230769230769,208
"UMass-gbqr_3src_spatial2","16",0.742481677124714,19.2585849137956,0.787953911888133,28.9826540288293,0.394230769230769,0.913461538461538,208
"UMass-gbqr_3src_spatial2","17",0.989699342002996,114.265269674731,1.01725821373774,159.693320246704,0.379807692307692,0.860576923076923,208
"UMass-gbqr_3src_spatial2","18",0.880215675485279,91.8906887571335,0.844302852235792,128.663603601925,0.403846153846154,0.899038461538462,208
"UMass-gbqr_3src_spatial2","19",0.837926203976946,27.1335326523609,0.829414232358719,40.7805966336987,0.365384615384615,0.879807692307692,208
"UMass-gbqr_3src_spatial2","20",0.812837813136319,28.9002808664214,0.810445119296521,40.7899835525632,0.365384615384615,0.879807692307692,208
"UMass-gbqr_3src_spatial2","21",0.869913891127835,65.2393894751782,0.871894354334984,90.3103196365348,0.408653846153846,0.884615384615385,208
"UMass-gbqr_3src_spatial2","22",0.735733259464992,39.6229877993296,0.757472739444023,60.0162227231032,0.298076923076923,0.923076923076923,208
"UMass-gbqr_3src_spatial2","23",0.757789826769034,13.5650571619279,0.756680237204766,20.1582768995315,0.475961538461538,0.908653846153846,208
"UMass-gbqr_3src_spatial2","24",0.760952838010838,49.976193164426,0.783684587609019,71.9482057971027,0.384615384615385,0.865384615384615,208
"UMass-gbqr_3src_spatial2","25",0.765321349936609,77.664979013313,0.805837813781044,118.978696151715,0.360975609756098,0.931707317073171,208
"UMass-gbqr_3src_spatial2","26",0.814635083050897,98.7488436778428,0.786002216507906,146.172972843798,0.432692307692308,0.908653846153846,208
"UMass-gbqr_3src_spatial2","27",0.817452261226357,54.8070017256966,0.804931646107616,76.5038167937654,0.453658536585366,0.897560975609756,208
"UMass-gbqr_3src_spatial2","28",0.670974677835523,25.7943019792663,0.712076887158743,38.8287385280708,0.432692307692308,0.918269230769231,208
"UMass-gbqr_3src_spatial2","29",0.850395569605156,89.4369020500582,0.834514803490467,123.097549180443,0.360576923076923,0.860576923076923,208
"UMass-gbqr_3src_spatial2","30",0.715069801869719,13.2707617779948,0.753806746779052,20.4004903437379,0.326923076923077,0.870192307692308,208
"UMass-gbqr_3src_spatial2","31",0.875240143702233,19.0718681292016,0.856282526874147,27.0670417229948,0.350961538461538,0.831730769230769,208
"UMass-gbqr_3src_spatial2","32",0.715739639001716,17.8423875337015,0.731875143376697,26.4111661363012,0.427884615384615,0.932692307692308,208
"UMass-gbqr_3src_spatial2","33",0.668507527929303,16.6463187501708,0.669907841154923,23.7024876298096,0.461538461538462,0.884615384615385,208
"UMass-gbqr_3src_spatial2","34",0.780579828666152,96.4003638274723,0.824976220247338,143.148166892835,0.341346153846154,0.894230769230769,208
"UMass-gbqr_3src_spatial2","35",0.670194405249362,19.8738565297788,0.695058635687388,30.7689123160241,0.408653846153846,0.927884615384615,208
"UMass-gbqr_3src_spatial2","36",0.886660016301997,165.656335950056,0.923299828429795,245.739699715831,0.346153846153846,0.889423076923077,208
"UMass-gbqr_3src_spatial2","37",0.737440317536815,106.239813322663,0.783358146221974,156.609247944147,0.322115384615385,0.826923076923077,208
"UMass-gbqr_3src_spatial2","38",0.698475302314965,6.43466536006172,0.766457000002284,10.1116639257727,0.447115384615385,0.942307692307692,208
"UMass-gbqr_3src_spatial2","39",0.768741784901631,169.106915519762,0.729448385810446,239.026668306853,0.336538461538462,0.855769230769231,208
"UMass-gbqr_3src_spatial2","40",0.830819194358903,54.2915786235601,0.886076912126387,82.8953328729152,0.389423076923077,0.913461538461538,208
"UMass-gbqr_3src_spatial2","41",0.824983852482403,40.3560113187631,0.842081922430504,55.7539354054741,0.5,0.899038461538462,208
"UMass-gbqr_3src_spatial2","42",0.868390014996618,194.262697083705,0.862749279738102,277.202397710368,0.375,0.889423076923077,208
"UMass-gbqr_3src_spatial2","44",0.739223790540167,9.9559528117414,0.757820246026077,14.521858963133,0.447115384615385,0.870192307692308,208
"UMass-gbqr_3src_spatial2","45",0.667387485335364,60.7293571591182,0.72368839324287,90.2176409950418,0.355769230769231,0.879807692307692,208
"UMass-gbqr_3src_spatial2","46",0.7622147211027,9.92336159394954,0.78385136127435,15.0350796683741,0.375,0.870192307692308,208
"UMass-gbqr_3src_spatial2","47",0.735426159296982,62.7051929357176,0.762419608920386,90.9771819517234,0.432692307692308,0.913461538461538,208
"UMass-gbqr_3src_spatial2","48",0.741499291963607,213.410344545004,0.778296759700704,311.904904762922,0.399038461538462,0.875,208
"UMass-gbqr_3src_spatial2","49",0.754615206008563,18.3758041529258,0.786752164031484,25.1588680472815,0.408653846153846,0.913461538461538,208
"UMass-gbqr_3src_spatial2","50",0.724008525354789,5.55821573109302,0.712498318382874,8.12249166796691,0.4375,0.913461538461538,208
"UMass-gbqr_3src_spatial2","51",0.716017054281966,63.3813918988006,0.754774068927081,93.276691183565,0.355769230769231,0.870192307692308,208
"UMass-gbqr_3src_spatial2","53",0.964899082308698,43.868521823493,0.998977438009343,64.0240278146799,0.490384615384615,0.913461538461538,208
"UMass-gbqr_3src_spatial2","54",0.827419786927619,32.673950549875,0.813770069918276,47.3595043004641,0.403846153846154,0.870192307692308,208
"UMass-gbqr_3src_spatial2","55",0.908275105660579,51.5282492140599,0.943145785199348,77.4101963632294,0.423076923076923,0.923076923076923,208
"UMass-gbqr_3src_spatial2","56",0.858734556215577,9.94189896348265,0.861483851249094,14.4558162777667,0.341346153846154,0.807692307692308,208
"UMass-gbqr_spatial","01",0.879366892491363,50.4663001541127,0.857451283304107,70.743849981608,0.274038461538462,0.759615384615385,208
"UMass-gbqr_spatial","02",1.04347221413862,6.31919368099076,1.04307948587469,9.36582783632619,0.350961538461538,0.75,208
"UMass-gbqr_spatial","04",0.873377635070378,157.97045607401,0.88991493524835,223.277512881957,0.278846153846154,0.778846153846154,208
"UMass-gbqr_spatial","05",0.991365550193768,45.0285064695748,1.02537860584695,66.3895863788783,0.240384615384615,0.725961538461538,208
"UMass-gbqr_spatial","06",1.09623734343112,282.681857413083,1.09659486030968,403.865990739944,0.283653846153846,0.841346153846154,208
"UMass-gbqr_spatial","08",0.957593971293569,52.3786186511778,0.966804614383399,74.9826328949737,0.240384615384615,0.764423076923077,208
"UMass-gbqr_spatial","09",0.979994420085686,34.3692475368496,0.902297996224078,48.7064295294217,0.346153846153846,0.774038461538462,208
"UMass-gbqr_spatial","10",0.905381487657409,12.6399029239784,0.932452810381558,17.9073395186447,0.302884615384615,0.793269230769231,208
"UMass-gbqr_spatial","11",0.849048290333014,14.4121156912209,0.841733659613535,19.7089959285094,0.259615384615385,0.725961538461538,208
"UMass-gbqr_spatial","12",0.988721795126041,223.774572170323,1.00794371314932,330.480458564414,0.225961538461538,0.802884615384615,208
"UMass-gbqr_spatial","13",0.872988351728337,110.611829496355,0.902539233048088,152.300813374078,0.245192307692308,0.769230769230769,208
"UMass-gbqr_spatial","15",0.908569054980168,8.91559111179617,0.915921121309791,12.6666674729474,0.341346153846154,0.793269230769231,208
"UMass-gbqr_spatial","16",0.881854289536479,22.9617445472489,0.918502694767367,33.9036999855623,0.25,0.711538461538462,208
"UMass-gbqr_spatial","17",1.16325799300755,134.427963787117,1.2050793683455,189.515326898441,0.240384615384615,0.802884615384615,208
"UMass-gbqr_spatial","18",1.07718130524613,112.75201379927,1.0381197063702,158.714343604653,0.283653846153846,0.658653846153846,208
"UMass-gbqr_spatial","19",1.05763332714141,34.2385362118453,0.964346098247058,47.3981767779144,0.278846153846154,0.677884615384615,208
"UMass-gbqr_spatial","20",0.928718372982725,33.0823795113711,0.918771898330858,46.2901244308103,0.283653846153846,0.706730769230769,208
"UMass-gbqr_spatial","21",0.975256250413414,73.3559291209464,0.976347973640678,101.438016046792,0.302884615384615,0.721153846153846,208
"UMass-gbqr_spatial","22",0.811388547291402,43.7885218858705,0.799333599909284,63.4403708583461,0.283653846153846,0.774038461538462,208
"UMass-gbqr_spatial","23",0.855508462806239,15.3226131821242,0.824254277188193,21.9755256914751,0.298076923076923,0.826923076923077,208
"UMass-gbqr_spatial","24",0.94319412985881,61.9947392393206,0.934328150571617,85.8591657894998,0.235576923076923,0.701923076923077,208
"UMass-gbqr_spatial","25",1.00541412069874,102.310244680552,0.986526481229032,146.151158051248,0.258536585365854,0.760975609756098,208
"UMass-gbqr_spatial","26",0.993581740636148,121.101997777567,0.941672434509597,175.997335707338,0.274038461538462,0.745192307692308,208
"UMass-gbqr_spatial","27",0.997067688183581,67.0782312123171,0.97271744303064,92.8608929720865,0.234146341463415,0.726829268292683,208
"UMass-gbqr_spatial","28",0.792629817285922,30.6120659812779,0.831123551638173,45.6054262912702,0.302884615384615,0.807692307692308,208
"UMass-gbqr_spatial","29",0.944438298086925,99.5632195022947,0.918176812290054,135.855404222183,0.221153846153846,0.673076923076923,208
"UMass-gbqr_spatial","30",0.814275526607668,15.2128416553191,0.786119982749627,21.3923860067976,0.269230769230769,0.668269230769231,208
"UMass-gbqr_spatial","31",1.04348546789814,22.7545254542684,1.02030302380356,32.286215910204,0.254807692307692,0.735576923076923,208
"UMass-gbqr_spatial","32",0.896133263831052,22.3836217854219,0.928792751125265,33.6290208295192,0.350961538461538,0.826923076923077,208
"UMass-gbqr_spatial","33",0.749827387962013,18.6947590853644,0.738340255770681,26.1660769211906,0.25,0.730769230769231,208
"UMass-gbqr_spatial","34",0.928826057385063,114.78606036799,0.940429717991643,163.436485963718,0.274038461538462,0.798076923076923,208
"UMass-gbqr_spatial","35",0.789658645516229,23.4340972804506,0.79852195899761,35.4210145598696,0.293269230769231,0.826923076923077,208
"UMass-gbqr_spatial","36",1.04324178840169,194.713278368176,1.03677343559037,275.723456915569,0.341346153846154,0.8125,208
"UMass-gbqr_spatial","37",0.862228035534616,124.250056268116,0.864354905253182,172.833082552699,0.274038461538462,0.697115384615385,208
"UMass-gbqr_spatial","38",0.873439864404149,8.06457473394838,0.912521992511117,12.0848721962662,0.274038461538462,0.788461538461538,208
"UMass-gbqr_spatial","39",0.914098029045658,201.422730342873,0.852804702728129,279.901819584498,0.269230769230769,0.673076923076923,208
"UMass-gbqr_spatial","40",1.0372313160066,67.8245911723194,1.01316532730602,94.7574641751656,0.177884615384615,0.706730769230769,208
"UMass-gbqr_spatial","41",0.915895187318185,44.8963951969865,0.911692400500536,60.5455499250559,0.317307692307692,0.8125,208
"UMass-gbqr_spatial","42",1.01679133018173,227.497313606584,1.00184470415862,322.05710134616,0.225961538461538,0.788461538461538,208
"UMass-gbqr_spatial","44",0.863745702211371,11.6513361974665,0.849604457635918,16.3073073194321,0.245192307692308,0.75,208
"UMass-gbqr_spatial","45",0.806761745653627,73.4961836238408,0.830579229389251,103.666580791318,0.25,0.673076923076923,208
"UMass-gbqr_spatial","46",0.96882050957415,12.6100017053387,0.961139450826146,18.4423121533969,0.259615384615385,0.6875,208
"UMass-gbqr_spatial","47",0.8594499796212,73.4858338883571,0.884615228563591,105.985314936544,0.293269230769231,0.807692307692308,208
"UMass-gbqr_spatial","48",0.971724891362153,281.00752036576,1.01675856382257,410.380961588086,0.221153846153846,0.75,208
"UMass-gbqr_spatial","49",0.846524938222555,20.6403981964089,0.891122722011087,28.5366938777346,0.269230769230769,0.802884615384615,208
"UMass-gbqr_spatial","50",0.900243800850618,6.93352580807471,0.87376480633604,9.99933681205784,0.269230769230769,0.754807692307692,208
"UMass-gbqr_spatial","51",0.836583598719917,74.2128073439501,0.868425737311057,107.705195512675,0.235576923076923,0.778846153846154,208
"UMass-gbqr_spatial","53",1.07714422575638,48.9303549962743,1.03230954869937,66.1216114875301,0.389423076923077,0.788461538461538,208
"UMass-gbqr_spatial","54",0.951810868852906,37.7870901401823,0.909945078198582,53.2384340631165,0.288461538461538,0.725961538461538,208
"UMass-gbqr_spatial","55",1.16126438891221,65.9552116393773,1.17267122235296,96.4397748001587,0.211538461538462,0.716346153846154,208
"UMass-gbqr_spatial","56",0.9567950236683,11.0758164417753,0.944399143905316,15.8438317187554,0.235576923076923,0.769230769230769,208
"UMass-trends_ensemble","01",1.22762412580386,70.5778522157191,1.14257063230683,94.2644230769231,0.346153846153846,0.649038461538462,208
"UMass-trends_ensemble","02",1.23041443327726,7.44604306020067,1.14909477938532,10.3125,0.350961538461538,0.682692307692308,208
"UMass-trends_ensemble","04",1.09952979908867,199.6447909699,1.02219529018615,257.552884615385,0.346153846153846,0.639423076923077,208
"UMass-trends_ensemble","05",1.00378994177014,45.3474905936455,0.93879848049741,60.2932692307692,0.427884615384615,0.658653846153846,208
"UMass-trends_ensemble","06",1.14076580259731,296.149116847826,1.07860229965648,399.427884615385,0.408653846153846,0.649038461538462,208
"UMass-trends_ensemble","08",1.16009386916501,63.4040165133779,1.10190475356952,85.40625,0.355769230769231,0.658653846153846,208
"UMass-trends_ensemble","09",1.25957062061181,44.1294795150502,1.12411361492718,60.65625,0.346153846153846,0.653846153846154,208
"UMass-trends_ensemble","10",1.18417674455709,16.5526431856187,1.14596410524709,21.9975961538462,0.475961538461538,0.701923076923077,208
"UMass-trends_ensemble","11",1.13129949224764,19.2527727842809,1.14766864167019,26.8894230769231,0.370192307692308,0.644230769230769,208
"UMass-trends_ensemble","12",0.939349052960453,213.322188545151,0.86132078489917,283.199519230769,0.389423076923077,0.701923076923077,208
"UMass-trends_ensemble","13",1.02163699360365,129.511224916388,0.965866500811581,163.149038461538,0.456730769230769,0.6875,208
"UMass-trends_ensemble","15",0.86016417887437,8.47561454849498,0.871053732133271,12.0985576923077,0.403846153846154,0.759615384615385,208
"UMass-trends_ensemble","16",1.21318912612123,31.6679410535117,1.1639316005437,43.0504807692308,0.322115384615385,0.644230769230769,208
"UMass-trends_ensemble","17",1.25257323535116,145.283471989967,1.23123831951374,194.108173076923,0.360576923076923,0.610576923076923,208
"UMass-trends_ensemble","18",1.24642509805077,130.045702341137,1.17331797704184,178.509615384615,0.341346153846154,0.610576923076923,208
"UMass-trends_ensemble","19",1.16326043720796,37.5521195652174,1.08783641019174,53.2860576923077,0.3125,0.620192307692308,208
"UMass-trends_ensemble","20",1.12393136228301,40.0618321488294,1.10259128235043,55.5408653846154,0.360576923076923,0.605769230769231,208
"UMass-trends_ensemble","21",1.17272463980188,88.1287364130435,1.1694836505265,121.1875,0.336538461538462,0.673076923076923,208
"UMass-trends_ensemble","22",1.07226070702025,58.1126097408027,1.00577760837657,80.0913461538462,0.3125,0.663461538461538,208
"UMass-trends_ensemble","23",1.17255513085513,20.9475689799331,1.06373805599129,28.3004807692308,0.375,0.663461538461538,208
"UMass-trends_ensemble","24",1.18517241120369,78.2605089882943,1.12534738727555,103.798076923077,0.326923076923077,0.591346153846154,208
"UMass-trends_ensemble","25",1.18085857063422,119.917525980912,1.10606697525637,163.312195121951,0.307317073170732,0.575609756097561,208
"UMass-trends_ensemble","26",1.20390778016813,145.515101379599,1.08348460507847,201.033653846154,0.302884615384615,0.557692307692308,208
"UMass-trends_ensemble","27",1.17384305010954,78.7829374337222,1.06700256556989,101.551219512195,0.307317073170732,0.565853658536585,208
"UMass-trends_ensemble","28",1.10077651450035,42.6941116220736,1.07991633207795,59.3870192307692,0.365384615384615,0.711538461538462,208
"UMass-trends_ensemble","29",1.02736414724006,108.367898202341,0.9760726859153,144.355769230769,0.298076923076923,0.600961538461538,208
"UMass-trends_ensemble","30",1.05612087339711,19.7017704849498,0.998985206267747,27.1033653846154,0.384615384615385,0.644230769230769,208
"UMass-trends_ensemble","31",1.15645906727794,25.2078961120401,1.07287536113591,33.8966346153846,0.3125,0.644230769230769,208
"UMass-trends_ensemble","32",1.24197666386282,31.1598045568562,1.11468734780333,40.5336538461538,0.365384615384615,0.610576923076923,208
"UMass-trends_ensemble","33",0.841917370297309,21.0124498327759,0.818496800550025,29.0048076923077,0.355769230769231,0.668269230769231,208
"UMass-trends_ensemble","34",1.21492581740366,150.742797867893,1.15576301011709,201.454326923077,0.346153846153846,0.653846153846154,208
"UMass-trends_ensemble","35",1.1160844590029,33.5220484949833,1.01936708043942,45.5721153846154,0.346153846153846,0.673076923076923,208
"UMass-trends_ensemble","36",1.1927736273368,224.05245923913,1.09703454736986,293.536057692308,0.413461538461538,0.629807692307692,208
"UMass-trends_ensemble","37",1.17290031584209,170.134857859532,1.1382531343492,228.790865384615,0.413461538461538,0.610576923076923,208
"UMass-trends_ensemble","38",1.04858214096651,9.66398933946488,1.02967266998862,13.6105769230769,0.427884615384615,0.740384615384615,208
"UMass-trends_ensemble","39",1.01771018178712,224.036973244147,0.944330020375708,309.182692307692,0.322115384615385,0.615384615384615,208
"UMass-trends_ensemble","40",1.07116370671527,70.1385064799331,1.02270721137229,95.7307692307692,0.427884615384615,0.711538461538462,208
"UMass-trends_ensemble","41",1.11069243281263,54.3924132525084,1.05798003031843,70.1442307692308,0.447115384615385,0.653846153846154,208
"UMass-trends_ensemble","42",1.28427166584284,288.110836120401,1.20003160283492,386.447115384615,0.336538461538462,0.610576923076923,208
"UMass-trends_ensemble","44",0.938270123317065,12.6967203177258,0.952627289355805,18.3365384615385,0.360576923076923,0.692307692307692,208
"UMass-trends_ensemble","45",1.11170305697246,101.901381688963,1.07674638050554,134.944711538462,0.375,0.620192307692308,208
"UMass-trends_ensemble","46",1.1984425535001,15.6069763795987,1.11920404691137,21.4903846153846,0.379807692307692,0.653846153846154,208
"UMass-trends_ensemble","47",1.12696218429578,96.7450658444816,1.09167510961367,131.185096153846,0.355769230769231,0.682692307692308,208
"UMass-trends_ensemble","48",1.06067922461785,306.066135033445,1.02828034870538,413.425480769231,0.384615384615385,0.615384615384615,208
"UMass-trends_ensemble","49",1.12705347872288,27.5158047658863,1.14628269898258,36.7235576923077,0.423076923076923,0.725961538461538,208
"UMass-trends_ensemble","50",1.05182434655682,8.08115175585284,1.02653370089653,11.7139423076923,0.346153846153846,0.725961538461538,208
"UMass-trends_ensemble","51",1.12697298163542,100.566971153846,1.10398060122244,137.295673076923,0.350961538461538,0.658653846153846,208
"UMass-trends_ensemble","53",1.34608732770611,61.1084280936455,1.26600452816333,81.0576923076923,0.375,0.663461538461538,208
"UMass-trends_ensemble","54",1.30351696360892,51.4946415133779,1.21882826325778,70.8461538461538,0.341346153846154,0.596153846153846,208
"UMass-trends_ensemble","55",1.41951708177302,80.6547178093646,1.34933586912495,110.975961538462,0.293269230769231,0.557692307692308,208
"UMass-trends_ensemble","56",1.07443109726961,12.4679546404682,1.05637934454945,17.7596153846154,0.495192307692308,0.778846153846154,208
