"model_id","location","wis_scaled_relative_skill","wis","ae_median_scaled_relative_skill","ae_median","interval_coverage_50","interval_coverage_95","n"
"UMass-AR2","US",1,358.028106742107,1,426.667922270085,0.789473684210526,1,19
"UMass-AR4_pooled","US",0.801453210510524,286.942775601466,0.624147994230327,266.303927887295,0.947368421052632,1,19
"UMass-AR6_pooled","US",16.5086330193512,5910.55462481854,9.20116551682558,3925.84217352713,0.947368421052632,1,19
"UMass-AR6_unpooled","US",1.33129533233747,476.64114735139,1.92810049815911,822.658633477462,0.473684210526316,1,19
